Dosage;p-value;Cliff's Delta;Cohen's D
Low;0.625147497050059;0.1527777777777778;0.2914915440650685
Unknown;0.5872282554348913;-0.1395061728395061;-0.2900039894809302
Unknown;0.2929941401171976;0.3066666666666666;0.5579886659703324
High;1.0;0.0200956937799043;0.0085393343345175
Unknown;0.2899142017159656;0.2171717171717171;0.3873298349352185
High;0.2628347433051339;-0.1338582677165354;-0.4127530351225333
Unknown;0.116357672846543;-0.3970588235294117;-0.7620007620011431
High;0.1419971600567988;-0.2575250836120401;-0.5189353064237132
Low;0.0018399632007359;-0.4471788715486194;-0.8360493859588962
Unknown;0.2183556328873422;0.2246732026143791;0.3556897205908115
Low;1.0;0.0;
Unknown;0.7105857882842344;0.0241379310344827;0.181810273757294
High;1.0;-0.0746268656716417;-0.2476866207426851
Unknown;0.874022519549609;-0.0952380952380952;-0.3419927840283846
High;0.0097998040039199;0.5138888888888888;1.083711667863507
Unknown;0.3206735865282694;-0.2456140350877192;-0.5612447183547323
High;1.0;0.0537467700258397;0.002312514318396
Low;0.3861122777544449;-0.1313131313131313;-0.2940767133250769
High;1.0;-0.0466666666666666;-0.1582148175115224
Unknown;1.0;0.0457317073170731;0.0658333547935925
Unknown;1.0;0.046875;0.1674660317642709
Low;0.0208395832083358;-0.3368945868945869;-0.6747269842662788
Unknown;0.1747565048699026;-0.5333333333333333;-0.7576923284180224
Unknown;0.6429471410571789;-0.0876068376068376;-0.2000598761513669
Unknown;0.0096398072038559;-0.3957033957033957;-0.7722747970873096
Unknown;1.0;-0.1051587301587301;-0.0595032805321577
Medium;1.0;-0.0571428571428571;-0.1423496558434325
Unknown;0.2734345313093738;0.2390998593530239;0.4806206335933464
Unknown;0.8831823363532729;-0.0641975308641975;-0.1598932775291409
High;0.2547549049019019;-0.2166666666666666;-0.3973216877243996
Medium;0.8989020219595608;-0.0515463917525773;-0.1239343987839323
High;0.0718785624287514;0.256140350877193;0.6088635395868962
Unknown;0.5655886882262354;-0.1733021077283372;-0.3301527309652784
Unknown;0.7374252514949701;-0.0685871056241426;-0.1765383358988163
High;1.0;0.03003003003003;0.1068136590077371
Medium;0.0006799864002719;0.7241379310344828;1.414174351178596
High;1.0;0.0;
High;0.2173156536869262;-0.1782178217821782;-0.4604494772036831
High;0.127277454450911;-0.4489795918367347;-0.8109086716203432
Unknown;0.0077598448031039;0.6045751633986928;1.5431286552992975
High;0.253754924901502;-0.2428571428571428;-0.5901253921300605
Unknown;0.1131977360452791;-0.375;-0.8329165624478841
Unknown;0.3208335833283334;-0.2266666666666666;-0.428247856287798
Unknown;1.0;0.0508474576271186;0.0093627739516561
Unknown;0.4851902961940761;0.1558139534883721;0.3534077956273071
High;0.629027419451611;-0.2222222222222222;-0.5274096316339224
Unknown;0.0258794824103517;0.3830769230769231;0.6922350415083557
Unknown;0.4412711745765085;-0.2013888888888889;-0.4142670174128898
High;1.0;-0.0058823529411764;-0.0189649807650074
High;3.999920001599968e-05;-0.8117913832199547;-1.7427802874448592
Unknown;0.7359852802943941;-0.07833450952717;-0.1963922245590907
Low;0.0073998520029599;-0.4270833333333333;-0.9029622966054056
Low;1.0;-0.0192307692307692;-0.1453139317587876
High;1.0;-0.018348623853211;-0.1367171854049327
Unknown;0.0680386392272154;0.3188811188811188;0.6535614180339345
High;1.0;0.0242130750605326;0.0730745680882827
Unknown;0.0163996720065598;0.5797101449275363;1.100496986609521
Unknown;1.0;0.0492753623188405;0.058119286239835
High;0.1390772184556309;0.2689393939393939;0.8002148587283091
Medium;0.0007199856002879;-0.7962962962962963;-1.6573980231511074
High;1.0;0.0;
Unknown;1.0;0.0396825396825396;0.1029186311354645
High;1.0;-0.0178571428571428;-0.1430193883868388
Unknown;0.0069998600027999;-0.3161764705882353;-0.679872578766541
Control;0.1759164816703665;0.2793103448275862;0.5192889178110587
High;0.0423191536169276;0.3173076923076923;0.7870618074655301
Medium;0.0061198776024479;0.5180375180375181;1.1432943461338525
Unknown;0.0094398112037759;0.6388888888888888;1.3882337636205728
Unknown;1.0;0.0735294117647058;0.1785954091568548
High;0.5184296314073719;-0.1121495327102803;-0.3716463418939939
Low;0.24107517849643;-0.2623456790123457;-0.5430950287700956
Unknown;1.0;-0.0357142857142857;-0.1941607908369058
High;0.5448291034179317;0.2040816326530612;0.3881259440079624
Unknown;1.0;-0.1453201970443349;0.0071680955609718
Unknown;0.8325033499330013;0.1180555555555555;0.0938320403967579
Unknown;0.3249535009299814;0.2456140350877192;0.4775355428218828
High;1.0;-0.0172248803827751;-0.0122419830989175
Medium;0.0005599888002239;0.6201201201201201;1.630360047946831
High;1.0;0.0163432073544433;-0.0158163726810201
Unknown;0.0732785344293114;0.5384615384615384;0.979510367194018
Medium;1.0;-0.0153110047846889;-0.0312889854956378
Unknown;0.6529869402611947;-0.113107822410148;-0.2620207193638809
Low;0.3424331513369733;0.2162162162162162;0.3375546697970381
Medium;0.6671866562668747;-0.0714285714285714;-0.2813721498428925
Unknown;0.4086318273634527;-0.216796875;-0.399553052468671
Low;0.0025999480010399;0.312280701754386;1.4880054471828317
Unknown;0.9152616947661046;-0.0466666666666666;-0.181093629660553
High;0.5422291554168917;0.3022388059701492;0.2792396086414007
Unknown;0.9158216835663286;0.0545454545454545;0.1372648223593083
Unknown;0.0120397592048159;-0.515625;-0.9715560883843568
Unknown;0.8392232155356892;-0.0541666666666666;-0.1333250883756324
High;0.1810763784724305;0.2657657657657657;0.5616544910311766
Unknown;0.0479190416191676;-0.4041666666666667;-0.7877757389554031
High;0.0294794104117917;0.336734693877551;0.7445247554379698
Low;0.8949021019579608;0.0646672914714151;0.1392046415463117
Low;0.2128757424851503;-0.1897321428571428;-0.3736437568590049
Unknown;1.0;0.0661268556005398;0.0216767696977559
Unknown;0.5521089578208436;-0.2006172839506173;-0.344397164554189
Unknown;0.0038399232015359;-0.4828934506353861;-0.9483048984601636
Medium;1.0;-0.0147727272727272;-0.0040007868988093
High;0.9331413371732564;-0.0945054945054945;-0.1867325065039131
Unknown;0.0278794424111517;-0.369047619047619;-0.7685994176045755
Unknown;0.3840723185536289;0.2261904761904762;0.3524165396870666
High;0.3286334273314534;-0.1566951566951566;-0.3781727933831812
Unknown;0.739938080495356;-0.2051282051282051;-0.3958878224486363
Unknown;0.6585068298634027;-0.125;-0.3042903097250923
High;1.0;-0.0045801526717557;-0.0327166265945499
Control;0.3456730865382692;-0.1192546583850931;-0.3117468741289927
Medium;0.0001599968000639;0.6738816738816739;2.0910086763703357
High;0.0536389272214555;-0.2272727272727272;-0.549299320762214
Unknown;1.0;-0.0789473684210526;-0.2965972434329592
Medium;0.1265974680506389;-0.2053571428571428;-0.4952443905865969
High;0.2262754744905102;-0.2266666666666666;-0.5660916622906069
Unknown;0.5197896042079159;0.115530303030303;0.3306945507054135
Unknown;0.117517649647007;-0.4296296296296296;-0.8238858408710998
Medium;0.0803983920321593;-0.2785714285714286;-0.5870052760949707
High;0.0173996520069598;-0.4356617647058823;-1.0378580448534225
Unknown;1.0;0.0204081632653061;0.0341034582338315
Unknown;0.3809923801523969;-0.2767295597484276;-0.5457335350121264
Medium;0.0195996080078398;0.4626506024096385;0.8647943645001069
Medium;0.6809463810723786;0.0865384615384615;0.2276667374437314
Unknown;0.1733965320693586;-0.3620689655172414;-0.616453996595743
Unknown;0.3874322513549729;0.1475953565505804;0.510633447561761
High;1.0;-0.0283018867924528;-0.1785328249692483
High;0.0029599408011839;0.4982357092448836;0.9710679771670748
Unknown;0.1997560048799024;-0.235621521335807;-0.463853450645302
High;1.0;-0.0112359550561797;-0.1129961536763922
Unknown;0.240315193696126;-0.2054794520547945;-0.535688979765349
Medium;0.0150796984060318;0.4164648910411622;0.8078371022043257
High;1.0;0.0642857142857142;0.112219733762486
High;0.752864942701146;-0.1452784503631961;-0.3228554776574409
Unknown;0.5656686866262675;-0.1633986928104575;-0.3455739981352427
Unknown;0.2517149657006859;-0.2111436950146627;-0.4665917230833843
High;0.380792384152317;-0.2426470588235294;-0.4227652057027826
Low;0.0513589728205435;-0.3525046382189239;-0.7084756800927093
High;0.0010799784004319;0.7047619047619048;1.416290042966336
Unknown;0.7075858482830344;0.1632653061224489;0.272835061879325
Unknown;0.0246395072098558;-0.5666666666666667;-1.1343423968393878
Unknown;0.1548369032619347;-0.3777777777777777;-0.6187184335382291
Unknown;1.0;0.0074626865671641;-0.0489168750631983
High;0.114757704845903;-0.3208333333333333;-0.631805161647084
High;0.0222395552088958;-0.4878472222222222;-0.99365072945774
Low;0.0046799064018719;-0.4158415841584158;-0.7882897481441863
Unknown;0.0042799144017119;-0.4526315789473684;-0.886981058109799
Unknown;0.2355152896942061;0.330188679245283;0.6778279847353716
High;0.6389872202555948;0.1422222222222222;0.2850786580399193
High;1.0;0.0048426150121065;-0.0239293556427607
Unknown;0.6837063258734826;-0.0816326530612244;-0.1896391357328734
Unknown;0.2343953120937581;0.2021889400921659;0.3985306487695558
High;0.0253194936101277;0.4458525345622119;0.7540829629308557
Unknown;1.0;0.0354609929078014;0.0757954563394707
High;0.2803543929121417;-0.1758241758241758;-0.4552625620094944
High;0.2055958880822383;0.252361673414305;0.4668804318258383
Unknown;0.2228755424891502;-0.3279220779220779;-0.666529260242546
Medium;0.1569568608627827;-0.3272727272727272;-0.6788335930269979
High;0.3634727305453891;0.2027649769585253;0.5019465557850059
High;1.0;0.0;
Unknown;1.0;-0.0277777777777777;0.0294192248872848
Medium;0.0674786504269914;0.3415119363395225;0.6023066505427721
Unknown;0.753264934701306;-0.1116883116883116;-0.2540653796966444
High;1.0;-0.0217391304347826;-0.0373061617930949
High;0.8009439811203776;-0.0462962962962962;-0.1953227618614633
Unknown;1.0;-0.0285714285714285;-0.1833396994056422
High;0.3281534369312613;0.2619047619047619;0.4990530294530273
Unknown;0.1128377432451351;0.3619854721549637;0.5123604977470764
High;3.999920001599968e-05;0.7104959630911188;1.7507799593163706
Unknown;0.0146397072058558;-0.481962481962482;-0.8272391789752964
High;0.867022659546809;0.0;-0.1194407937032077
Medium;1.0;0.0190058479532163;-0.0572387134976418
Unknown;0.0137997240055198;-0.3872053872053872;-0.7170555675570401
High;0.6687466250674986;0.2311111111111111;0.3876012664892075
Low;0.0936381272374552;0.375;0.7629992347098601
Unknown;0.3240735185296294;-0.2452830188679245;-0.5611305895099734
Medium;1.0;-0.0062893081761006;0.0083506079242273
Unknown;0.5959880802383952;-0.0758620689655172;-0.2534201037467047
Medium;0.0003999920001599;0.6245239908606245;1.2541607939320962
Unknown;0.1803963920721585;0.3909774436090225;0.6509867298505524
High;3.999920001599968e-05;0.7458256029684601;2.0403705995491253
High;0.4051518969620608;-0.1569767441860465;-0.4096169308213271
High;0.1496770064598708;0.2767295597484276;1.023911798629744
High;0.1455570888582228;-0.4311688311688311;-0.809095638843309
Medium;3.999920001599968e-05;0.5169785169785169;2.055472085458781
Low;0.0033999320013599;0.5402298850574713;1.0153575749185382
High;0.7814643707125858;0.1405228758169934;0.2003673958509383
Unknown;0.7756644867102658;-0.0662020905923344;-0.1380122905417334
High;0.3933521329573408;-0.096551724137931;-0.3259773530217953
High;0.4617107657846843;-0.160919540229885;-0.3442863741266593
Medium;0.2048759024819503;-0.1922480620155038;-0.4178491225409252
Unknown;0.0190796184076318;0.6285714285714286;1.118335620055882
Unknown;1.0;-0.0365853658536585;-0.2052867180707012
Unknown;0.1514369712605748;0.3185840707964602;0.4847509732456631
High;0.5979880402391952;-0.1492537313432835;-0.4372064907798085
Unknown;0.1084778304433911;0.337827121332276;0.5774626995581624
High;0.2967540649187016;0.3769230769230769;0.7593037518868049
Low;0.0968780624387512;0.3591549295774648;0.7302229220491603
High;0.0453990920181596;-0.3533950617283951;-0.6649360069710583
High;0.7115457690846183;-0.0868217054263565;-0.1928278585212376
Low;3.999920001599968e-05;0.628;1.448968268608377
Medium;0.6537869242615147;-0.1006006006006006;-0.294621142839292
Unknown;0.2345553088938221;0.3049853372434017;0.4468676861320511
High;1.0;-0.131578947368421;-0.3918019549846893
Low;0.2024759504809903;-0.1724137931034483;-0.4775867255899918
High;0.0980780384392312;0.3348314606741573;0.694772770887041
Unknown;0.5485090298194036;-0.15007215007215;-0.2910372867731537
High;0.0106397872042559;0.4774774774774775;1.1760689601072178
High;0.7855842883142338;0.123076923076923;0.2641443948721336
Unknown;0.9055018899622008;-0.1560283687943262;-0.1881356752621773
Unknown;0.3123937521249575;0.2444444444444444;0.6263384857111031
High;0.8072238555228896;-0.1290322580645161;-0.4001194564757107
Low;7.999840003199936e-05;0.7154471544715447;1.4461726737644434
Unknown;0.4274314513709726;0.1991869918699187;0.2783382472494696
Unknown;0.4123517529649407;0.2459016393442623;0.3975798204673403
High;0.7319853602927942;0.1766666666666666;0.339773336657845
Unknown;0.3618727625447491;0.1634920634920635;0.2960050125800908
Low;0.7300653986920261;-0.0809523809523809;-0.2093664173750655
High;0.0459190816183676;-0.4013888888888889;-0.8194024977295542
Unknown;0.9529409411811764;-0.0551395507147719;-0.1142291146212723
Medium;0.7364252714945702;-0.1904761904761904;-0.49648625302195
Unknown;1.0;0.0;
Unknown;0.751184976300474;-0.1573747353563867;-0.1397412823840034
High;1.0;0.0749414519906323;0.0747149788956534
High;0.374472510549789;0.2388888888888889;0.3544024570713677
High;0.758384832303354;0.1121605667060212;0.1347239117444079
Medium;0.7041859162816744;-0.0838033843674456;-0.1531198723612635
High;1.0;-0.0510204081632653;-0.2422826855446435
Medium;0.1365172696546069;-0.3877551020408163;-0.8276678159777884
Medium;0.0530789384212315;-0.2419354838709677;-0.5916369808336112
Medium;0.4705105897882042;-0.0932203389830508;-0.3391176669188351
Medium;1.0;0.03125;0.198278884728133
Low;0.1407971840563188;-0.3041666666666666;-0.5909437416518208
High;0.2668346633067339;0.3581560283687943;0.5847066640569384
Unknown;0.4210715785684286;0.1346153846153846;0.2968053708002231
High;0.0001199976000479;0.7857142857142857;2.025141352460479
Unknown;0.3539529209415811;0.176;0.5361507503665774
High;1.0;0.0317164179104477;0.0657632699342027
High;0.0093598128037439;-0.5105105105105106;-1.0742104347215358
High;0.0504789904201916;-0.3815789473684211;-0.7662526788219939
High;0.9097018059638808;0.0614035087719298;0.1270614718322392
High;0.1682366352672946;0.234866828087167;0.9086389423198168
High;0.8031039379212416;-0.1142857142857142;-0.374288880276475
Medium;0.2825543489130217;0.4084507042253521;0.4989301002145805
High;0.2601947961040779;-0.2151898734177215;-0.5463416323664521
High;0.6283074338513229;0.2229885057471264;0.2254271390764069
High;0.7929441411171777;-0.0677966101694915;-0.2830605351580196
Medium;1.0;-0.050632911392405;-0.2409545013689468
High;0.623947521049579;0.1377777777777777;0.2926994574393693
Medium;0.6377472450550989;0.0862573099415204;0.2521118705325635
High;0.2873542529149417;-0.1359788359788359;-0.2466664943016387
Low;1.0;-0.0474285714285714;-0.0613329370361861
High;0.8213435731285375;0.0683453237410072;0.1389929389502571
Medium;1.0;0.042490118577075;0.0750021695973323
High;0.4495910081798364;-0.1568627450980392;-0.3254687593462971
Medium;0.5085898282034359;-0.2251461988304093;-0.4273409181534573
Unknown;0.0349593008139837;-0.4523809523809524;-0.8462178494023871
High;0.1100777984440311;-0.3235294117647059;-0.6772216548566876
Unknown;0.0516389672206555;-0.2987012987012987;-0.6001826488211846
Unknown;0.0029199416011679;0.5;1.047834705517295
High;3.999920001599968e-05;0.9407407407407408;4.0392295043518285
High;0.0410391792164156;-0.3698630136986301;-0.7371932252375749
High;0.7738245235095298;0.2037037037037037;0.2220627516439357
High;0.4221515569688606;0.2701298701298701;0.5133607449938442
Unknown;0.8479830403391933;-0.0920096852300242;-0.1993627947777227
Medium;0.3343533129337413;-0.2160493827160493;-0.4348419646182325
Medium;0.8501829963400732;0.0876865671641791;0.1352212459433101
High;0.5898282034359312;0.1380952380952381;0.2022534294851984
High;1.0;0.0799031476997578;0.1290290651095792
Unknown;0.3205535889282214;0.284313725490196;0.5796528219121795
Unknown;0.0311193776124477;0.450354609929078;1.1197529612042707
High;0.3206335873282534;-0.2118847539015606;-0.3575966898354554
High;0.0960380792384152;-0.4181818181818181;-0.8259180071175226
High;0.0101997960040799;-0.4142857142857143;-0.7830443029805418
Medium;0.9439811203775924;-0.0390625;0.1436551163475571
Medium;0.7610247795044099;-0.0138888888888888;-0.1431287944354015
Unknown;0.9753004939901202;-0.0535714285714285;-0.1238630385299961
Medium;0.4869502609947801;-0.1741176470588235;-0.3104019234783035
Medium;0.4391112177756445;0.1766233766233766;0.5256544914778185
High;0.0099198016039679;0.4360056258790436;1.1407809072647637
High;0.5769484610307793;0.1146153846153846;0.2529656556398983
Medium;3.999920001599968e-05;0.9033333333333332;3.017318433032183
Low;0.5417091658166837;-0.2083333333333333;-0.4963979720071697
Unknown;0.7667446651066979;0.0366666666666666;0.2369626648777658
Medium;1.0;-0.0188679245283018;-0.1438128924701767
Unknown;0.2519949601007979;-0.1551724137931034;-0.4285976011668631
High;0.8149437011259775;0.0709459459459459;0.2939925326845035
Low;0.8568228635427292;0.3662337662337662;0.0974753561917564
Unknown;3.999920001599968e-05;0.8587301587301587;2.0460917984793223
Unknown;0.249715005699886;-0.2083333333333333;-0.4201322157748076
Low;1.0;0.0;
Unknown;1.0;-0.0194704049844236;-0.0658309986641621
Medium;0.115557688846223;-0.2563840653728294;-0.5854117998441577
High;0.0099198016039679;0.3811533052039381;1.3450640647590384
High;0.375072498550029;-0.1782407407407407;-0.3624916433967582
Unknown;0.8111437771244575;-0.1285714285714285;-0.3975922852530467
High;0.5898682026359473;-0.088;-0.325198994409442
Medium;0.3928721425571488;-0.1772151898734177;-0.4842203301599534
High;0.5866282674346514;-0.1166666666666666;-0.2972382548043902
Unknown;0.9066618667626648;0.0901639344262295;0.1803058117465294
Medium;0.620027599448011;0.1083333333333333;0.258451680311159
Unknown;0.0043999120017599;0.5123456790123457;1.0813936910076238
Unknown;0.6861462770744585;0.1679197994987468;0.2756405389700858
Unknown;0.0376392472150556;0.3881278538812785;0.8389932562767605
High;0.7607447851042979;0.1234567901234567;0.1951364622038938
High;0.5682686346273075;-0.15625;-0.4230570561133246
Medium;0.1127177456450871;-0.2264150943396226;-0.5659456897087863
Unknown;0.7266654666906662;0.0857605177993527;0.1560652338188113
Unknown;0.9195816083678326;0.108695652173913;0.1914131235805089
Low;0.5471090578188437;-0.1818181818181818;-0.4714045207910317
High;0.2635547289054218;0.2434017595307918;0.4445827071535632
High;0.0221195576088478;-0.3669724770642202;-0.6575224430274814
Unknown;0.2007159856802864;-0.3271889400921659;-0.6182600989690176
Unknown;0.3232653061224489;-0.5625;-1.0020725410834097
High;0.8985020299594008;-0.0909090909090909;-0.3302891295379082
Unknown;0.7187456250874983;-0.1884057971014492;-0.2967894824609579
High;0.9188216235675286;-0.0711206896551724;-0.158754717635781
High;0.0095198096038079;-0.3064516129032258;-0.7012474149572647
Low;0.1339173216535669;-0.3513513513513513;-0.5785231051940106
Unknown;0.2236755264894702;-0.2098765432098765;-0.5241100628920335
High;1.0;0.0;
Low;0.624307513849723;-0.1515151515151515;-0.3638569498644977
High;0.2127157456850863;0.2685185185185185;0.4614940691718623
High;0.1063178736425271;-0.2626984126984127;-0.5499621639046403
High;0.121397572048559;0.3844155844155844;0.741500999234516
Unknown;0.2128357432851343;0.2868852459016393;0.5747009739877551
High;1.0;-0.0597014925373134;-0.2630169574840917
High;0.2830743385132297;-0.16;-0.4577377082170634
Medium;1.0;-0.0609756097560975;-0.2669647789904368
High;0.3401931961360773;-0.2925170068027211;-0.5725888982593565
High;0.4136317273654527;0.106060606060606;0.409747018460699
Unknown;0.9420611587768244;0.0651162790697674;0.0803027536960319
Unknown;0.4781104377912442;-0.1537530266343825;-0.262171408815554
Unknown;0.0136397272054558;0.5204819277108433;0.9357499848577552
Unknown;0.4007519849603008;-0.1930555555555555;-0.3975817440212904
Unknown;0.1690366192676146;0.2474074074074074;0.5609629607234987
Unknown;0.0987580248395032;0.4186795491143317;0.7049715010398945
High;1.0;-0.0252100840336134;-0.1693733656858923
High;0.0284794304113917;0.2480620155038759;0.8076578644170047
Low;0.8133037339253215;0.0544217687074829;0.1858147855589181
Medium;0.1049979000419991;0.2674698795180723;0.7383358866804045
Unknown;0.50094998100038;0.1475409836065573;0.3888101090601414
Medium;0.2802743945121098;0.2081043956043956;0.4001169873668438
Unknown;0.743985120297594;-0.1159090909090909;-0.199474302196563
Control;1.0;0.0;-0.0687523872771159
High;0.0024399512009759;-0.6551724137931034;-1.2660242863753357
Unknown;0.125477490450191;-0.2757575757575757;-0.5875248879458767
Low;0.0607987840243195;0.2668621700879765;0.8249233502116062
Control;0.0040799184016319;-0.6956521739130435;-1.234576270117545
Unknown;1.0;-0.0612244897959183;-0.2655960466239167
High;0.7623447531049379;0.0899621212121212;0.1748835836640924
High;0.0008799824003519;0.4230769230769231;1.0837516619344478
Unknown;1.0;0.0241545893719806;0.0834514568233702
Medium;1.0;-0.037037037037037;-0.2067245576486807
High;1.0;0.0;
High;0.125117497650047;-0.2851089588377724;-0.484555468813496
Unknown;0.2164356712865742;0.3265306122448979;0.6639400022069856
High;0.6481070378592428;0.2040816326530612;0.3335338660710011
Low;0.748865022699546;-0.1379310344827586;-0.4168850002677907
High;0.1393572128557428;0.2518518518518518;0.6687630055352914
Unknown;0.0521589568208635;0.5155555555555555;1.0327955589886448
Unknown;0.242115157696846;-0.2191919191919192;-0.4542034112430215
Low;0.4455910881782364;-0.0902255639097744;-0.332202560165557
High;0.0855582888342233;-0.2663817663817663;-0.5713622514172563
Unknown;0.6055878882422352;-0.1181434599156118;-0.2848933879793472
Unknown;1.0;0.0244444444444444;-0.0534600419596032
High;0.0016399672006559;0.6323529411764706;1.329462073121655
Medium;0.4422711545769084;-0.1015625;-0.3306986257482734
Unknown;0.0301593968120637;0.5703703703703704;1.0440378045731464
High;1.0;-0.0023419203747072;-0.1118714133202296
Medium;0.0723585528289434;0.2922794117647059;0.9747246068381398
High;0.4749505009899802;-0.1652777777777777;-0.3318794059155981
High;0.1713565728685426;-0.28125;-0.60380736442456
Unknown;0.5451090978180436;0.1994609164420485;0.4007093176368566
Unknown;1.0;-0.0649350649350649;-0.2602145244717933
Low;0.0376392472150556;-0.5166666666666667;-0.91474539968819
Unknown;0.1456370872582548;0.3223992502343017;0.5281194512713755
Medium;1.0;0.0193384223918575;-0.0455444726280016
Low;0.5617487650246995;-0.2063492063492063;-0.354170600678236
Unknown;0.5771084578308434;-0.2074074074074074;-0.3407177036902658
High;0.2953540929181416;0.3121693121693121;0.5479508374390171
High;0.9478210435791284;0.0535885167464114;0.1239860046774322
Unknown;0.4773504529909402;-0.1613636363636363;-0.3738115110523843
Medium;0.6802663946721066;-0.117096018735363;-0.2473080333249522
Low;0.9429811403771924;-0.0727272727272727;-0.1438242309165172
Medium;1.0;0.024966261808367;0.0252367585900961
High;0.3304733905321894;-0.1470588235294117;-0.4351058562612159
Unknown;0.0072398552028959;-0.5806451612903226;-1.0757365336000368
High;0.8121437571248575;-0.1067251461988304;-0.227092297582368
Low;0.9343013139737204;-0.076103500761035;-0.150554696152073
Unknown;0.8127837443251135;-0.09765625;-0.1779098908449166
High;1.0;-0.0109890109890109;-0.0665953147134636
High;0.5376292474150517;-0.2019704433497537;-0.4290483039613547
Unknown;0.0029999400011999;-0.725;-1.70293863659264
Medium;0.4866302673946521;0.1952380952380952;0.4461471222691855
High;0.630747385052299;-0.0970873786407767;-0.343462348446061
Unknown;0.99690006199876;0.0426179604261796;0.1182325120261042
High;0.251034979300414;0.2837301587301587;0.630235439152602
High;0.0330393392132157;-0.4744897959183674;-0.9534365383507772
Unknown;0.6953460930781384;-0.125;-0.2629244028720955
Unknown;0.0206795864082718;0.4193548387096774;1.08712714237842
Unknown;0.0152396952060958;-0.4102564102564102;-0.7823179768152331
High;0.5310693786124278;-0.1208791208791208;-0.3887144210071208
Medium;0.0175196496070078;-0.4242424242424242;-0.7883096563127228
Medium;0.3633527329453411;-0.1805555555555555;-0.4396296631158097
High;0.8480230395392092;-0.0789835164835164;-0.1084097485766308
Low;0.2023559528809423;0.1764705882352941;0.4289326719694404
High;0.5634687306253875;-0.1392405063291139;-0.4196406646361053
High;0.7852242955140897;0.0359550561797752;0.1535517607030964
High;0.2110357792844143;0.2517361111111111;0.5587149110106057
Unknown;0.5802283954320914;0.1816816816816817;0.2636248650982482
Unknown;1.0;0.1111111111111111;0.0950765377083057
Medium;0.0507189856202875;0.5006858710562414;0.8423174070743874
Medium;0.0055198896022079;-0.4725274725274725;-0.9872121920275864
Medium;0.1665566688666226;0.4089285714285714;0.6696937987894646
Unknown;0.0452790944181116;0.5578231292517006;1.0207706839029258
Low;0.1852362952740945;-0.1911764705882352;-0.4194887239761048
Medium;0.0964780704385912;-0.3494318181818182;-0.6066636876744527
Unknown;0.2558348833023339;-0.3269230769230769;-0.6161373797215537
Low;0.9445811083778324;-0.034816247582205;-0.1159586285993076
Unknown;0.254154916901662;0.3419203747072599;0.5698967826155122
Unknown;1.0;-0.0363636363636363;-0.2028949994184733
Unknown;0.993380132397352;0.0871670702179176;0.1487775686894986
High;0.0306793864122717;0.4015984015984016;0.907878679318496
Unknown;0.2617947641047179;0.1704980842911877;0.6552860699974177
Low;0.3682726345473091;-0.1757575757575757;-0.4064799296427285
High;0.9175416491670166;0.0197044334975369;0.1391511826568655
Unknown;0.3365932681346373;-0.2592592592592592;-0.5874072761266702
Medium;1.0;0.0816326530612244;0.1651369615340339
Unknown;1.0;0.0488888888888888;0.0872871560943972
Medium;0.115237695246095;0.282051282051282;0.5340740344843946
High;0.0990780184396312;-0.2724358974358974;-0.5846568427216707
High;0.9753804923901522;0.0535714285714285;0.1988175865770336
Low;0.4198716025679486;-0.158357771260997;-0.3353610403879051
Unknown;0.3945921081578368;0.1213235294117647;0.2657473128818912
Unknown;0.746265074698506;-0.1111111111111111;-0.2250466503461923
Unknown;0.1303173936521269;-0.3409090909090909;-0.6470514458894674
Medium;0.7222255554888902;-0.1170731707317073;-0.2524467210539465
Medium;0.1787564248715025;0.249090909090909;0.4816598702347732
High;0.1741165176696466;0.3898305084745763;0.6967597889137892
Unknown;0.6669466610667787;-0.1384615384615384;-0.4189862176127641
High;0.2170756584868302;-0.1938775510204081;-0.4987082938400432
Medium;0.0904381912361752;-0.423963133640553;-0.7376825673184239
Unknown;1.0;0.0535353535353535;0.0306858205966108
Unknown;0.1635967280654386;-0.2032967032967033;-0.4618655525853704
Unknown;0.0127597448051038;-0.3482142857142857;-0.65937120313709
Unknown;0.0017999640007199;-0.5902777777777778;-1.073293822436593
High;1.0;0.0380952380952381;0.0201499301023134
Unknown;0.367432651346973;-0.0865036231884057;-0.2800542394973026
Low;0.2392752144957101;0.3379746835443038;0.4882083896221932
Unknown;0.6490270194596108;0.0784313725490196;0.2641704142209605
Medium;1.0;-0.0543478260869565;-0.2511841023499762
High;0.3454330913381732;-0.2645502645502645;-0.5451521725631269
Unknown;0.1312373752524949;-0.2707082833133253;-0.4762841943014045
Unknown;0.7414251714965701;0.1208425720620842;0.1836187099617801
Unknown;3.999920001599968e-05;0.8645833333333334;2.191933521941833
Unknown;0.3483130337393252;0.2764976958525346;0.5030690728970149
Unknown;1.0;0.0105633802816901;0.0072730357108679
Unknown;0.7175056498870023;0.1226851851851851;0.1691314432749962
Medium;0.9122617547649048;-0.0549450549450549;-0.148148565156175
Medium;0.0331593368132637;0.4397031539888683;0.834337292384315
Unknown;0.0001599968000639;0.5469301340860974;1.402511014060451
High;0.9181016379672406;-0.0619469026548672;-0.2597523118264108
High;0.4500309993800124;0.19;0.3102991507085004
High;0.0336393272134557;0.5425685425685426;0.9283752520730636
Unknown;1.0;0.0862068965517241;0.1396808991439289
High;0.0483590328193436;-0.3292682926829268;-0.6755707652959959
High;0.2196356072878542;-0.2111111111111111;-0.5152189099324845
Unknown;0.0048399032019359;0.3949579831932773;0.95035124462439
Unknown;1.0;0.0081699346405228;0.040396162957637
Unknown;0.0315593688126237;-0.4692307692307692;-0.8577163763850923
Low;0.870902581948361;0.0338164251207729;0.1072526851433932
Low;1.0;0.0;0.0
High;0.994140117197656;0.0888888888888888;0.2659855246432179
Unknown;0.3841123177536449;0.2832929782082324;0.4364357804719845
Medium;0.2213155736885262;-0.2307692307692307;-0.5717718748968655
High;0.0755584888302234;0.270440251572327;0.6615488714713544
Unknown;0.1447171056578868;-0.2658227848101265;-0.5230831249154959
High;0.755544889102218;-0.1061320754716981;-0.1603104591931076
High;1.0;-0.0161290322580645;-0.1330995659173324
Medium;0.875702485950281;-0.0851851851851851;-0.2218479301537069
Unknown;0.5284694306113877;0.1590136054421768;0.2748898669895983
Low;1.0;-0.0289855072463768;-0.180129018582505
Medium;0.3632727345453091;-0.2295081967213114;-0.5032821301140964
High;0.3345029239766082;-0.4117647058823529;-0.8845071741803288
Low;1.0;0.0296296296296296;-0.0664635173878532
Unknown;0.3791124177516449;-0.2533692722371967;-0.5244650366980407
Unknown;0.9312613747725046;0.0380952380952381;-0.0978582639451253
Unknown;1.0;-0.0144927536231884;-0.1289342503786954
Unknown;0.1961560768784624;0.2470588235294117;0.5619526383226129
High;0.5616287674246515;0.2066666666666666;0.4002111889679069
High;1.0;0.0413793103448275;0.0924545226404743
Unknown;0.365832683346333;0.2817460317460317;0.5284542523187579
Medium;0.5585888282234356;-0.0924369747899159;-0.3227275841376319
High;0.3502729945401092;0.1187002652519893;0.3347893496141939
Unknown;0.0253194936101277;0.4437927663734115;0.8135259664209725
Medium;0.2024759504809903;-0.1844660194174757;-0.4981472840408933
High;0.49495010099798;0.0964187327823691;0.3032653520711522
Unknown;0.8003839923201536;-0.1777777777777777;-0.3651483716701106
Unknown;0.1855962880742385;-0.3645833333333333;-0.6956843033934911
Unknown;1.0;-0.0612244897959183;-0.2668459172762289
High;0.7353452930941381;0.0118881118881118;0.1695652049538346
High;0.5321893562128758;-0.2115384615384615;-0.537522633582539
High;0.9106617867642648;-0.0736842105263157;-0.2607605743769468
Unknown;0.0439591208175836;0.556390977443609;0.9515900927952784
Medium;0.9353812923741524;-0.0747252747252747;-0.1673790179701017
High;1.0;-0.0434782608695652;-0.2222771122371935
Low;0.0550788984220315;-0.3966244725738396;-0.761602886092687
Medium;0.631307373852523;0.0886948529411764;-0.1621371236130802
High;0.1465170696586068;0.3076923076923077;0.9754060713613504
Medium;0.4109917801643967;-0.1320754716981132;-0.4080808039786751
Medium;1.0;-0.004046762589928;-0.0347911416832282
High;0.0335193296134077;-0.4319852941176471;-0.8124615110861266
Unknown;0.2709545809083818;0.2558441558441558;0.4418489941806829
Medium;0.9030219395612088;0.0707070707070707;0.2267125964709535
Medium;0.0047999040019199;-0.6031746031746031;-1.243330336447777
High;0.4352312953740925;-0.2;-0.4046773944979579
Unknown;1.0;-0.0344827586206896;-0.1938080915614201
High;0.0568388632227355;-0.243659420289855;-0.5305831688204924
Low;1.0;-0.0769230769230769;-0.3013502377831578
Unknown;0.1553568928621427;0.3115942028985507;0.6531181392967691
Unknown;0.0072398552028959;0.6077481840193705;1.1919072178454364
Low;0.0001199976000479;0.6884469696969697;1.4986742487504154
Unknown;0.1382372352552948;0.3152985074626865;0.6763766681246808
Unknown;0.1275174496510069;0.3425;0.627121216438972
High;0.2219955600887982;0.1425925925925926;0.3919015250380558
Medium;0.3569528609427811;-0.1229508196721311;-0.3736987863101241
Unknown;0.0312393752124957;-0.2575757575757575;-0.6064344648446284
Medium;0.0259994800103997;0.4950738916256157;1.104112107147866
Unknown;0.0055198896022079;0.4436619718309859;1.6200738560972747
Unknown;0.0005599888002239;-0.6265060240963856;-1.2756814771479943
Unknown;1.0;-0.0185185185185185;0.0220191395917614
Low;0.8949421011579768;-0.021025641025641;-0.1456207113263566
High;1.0;0.0;
High;0.1481970360592788;0.3755555555555555;0.5999306561559274
High;0.489910201795964;0.1722222222222222;0.3333333333333333
Low;0.1265174696506069;-0.3544776119402985;-0.6997948484581812
Low;1.0;0.0069444444444444;-0.0116815531713076
Unknown;1.0;0.0897435897435897;-0.0529282287908808
Unknown;0.2055958880822383;-0.4615384615384615;-0.8857419738503628
Unknown;0.0015199696006079;0.6724137931034483;1.810726846298653
Medium;0.3188736225275494;-0.2459016393442623;-0.5939826559596655
High;1.0;-0.0520833333333333;-0.2451451689227299
Unknown;0.4497510049799004;0.1935286935286935;0.240248011955966
Low;0.6777064458710825;-0.1506849315068493;-0.4186198901306749
High;1.0;-0.1111111111111111;-0.3442651863295481
Unknown;0.0001999960000799;-0.5012919896640827;-0.9387897951099065
Low;0.7649047019059618;0.0964052287581699;0.123699523396178
Unknown;1.0;-0.0930232558139534;-0.3179815003744466
Unknown;0.6149077018459631;-0.1895604395604395;-0.3006763589875998
Unknown;0.6039879202415952;-0.1666666666666666;-0.3138229572304239
Low;0.4726305473890522;-0.1274928774928775;-0.3236476616045729
Medium;0.4221915561688766;-0.109375;-0.6710943652414492
Low;1.0;0.0093457943925233;-0.0060960733800886
Low;0.0027599448011039;-0.44251968503937;-0.7752599798908896
High;0.5478290434191316;0.2111111111111111;0.4508345065202224
Unknown;0.371072578548429;0.1774891774891775;0.4670715819823309
High;0.3223535529289414;-0.1300813008130081;-0.4051188311852439
Unknown;0.1651566968660626;-0.3962962962962963;-0.7219948723811553
Unknown;0.3156736865262695;0.3846153846153846;0.5946113732691098
Unknown;0.5952680946381073;-0.1860465116279069;-0.3808674778796001
Low;3.999920001599968e-05;0.8115330520393812;1.893855325587356
Unknown;0.0166796664066718;0.4379391100702576;1.2522358551968982
High;0.4463510729785404;0.0967741935483871;0.4369455759739785
High;0.0158796824063518;0.3213468453743053;0.639295616599148
High;0.0422791544169116;-0.4156378600823045;-0.7460735310194704
Unknown;0.0015999680006399;-0.6607142857142857;-1.1618133467910787
High;0.0181996360072798;0.398046398046398;0.7617653328673059
Unknown;0.0104797904041919;-0.648936170212766;-1.23767472480448
Unknown;0.2734745305093898;-0.2282608695652173;-0.502805104389925
Low;0.98710025799484;-0.073170731707317;-0.2793847891071351
Unknown;0.9548609027819444;-0.0759493670886076;-0.3008571074995538
High;1.0;-0.0526315789473684;-0.2463179137210345
High;0.0048799024019519;0.4537037037037037;0.9525793444156804
Medium;0.8228635427291454;-0.0782493368700265;-0.1360976662457173
High;0.0143197136057278;0.5086805555555556;1.0689894533215605
High;0.8418631627367452;-0.081237911025145;-0.1774886800757096
Unknown;0.370592588148237;-0.2191919191919192;-0.3501797189359112
Medium;0.2329153416931661;-0.2506172839506173;-0.4840175688067485
Low;0.5139497210055799;-0.1488511488511488;-0.3025252738183692
High;0.124637507249855;0.2156862745098039;0.6269649469218795
Medium;0.3210735785284294;-0.2075949367088607;-0.4005169744073135
Unknown;0.3105537889242215;-0.2481012658227848;-0.4207897181970449
Medium;1.0;-0.0112359550561797;-0.1112883049708686
Unknown;0.7302653946921062;-0.1561461794019933;-0.311860955975015
High;1.0;-0.0786163522012578;-0.0847542327597847
High;0.1004379912401752;-0.4672897196261682;-0.8554712373160547
Medium;0.3562728745425091;0.2228571428571428;0.4461261833030782
Unknown;0.8163836723265535;-0.1041666666666666;-0.3650156628263055
Unknown;0.6482670346593068;-0.1269841269841269;-0.4020151261036848
Low;0.0236795264094718;-0.498134328358209;-0.9870987955399112
High;1.0;-0.0032362459546925;-0.0121902623167669
Unknown;1.0;0.0853658536585365;0.1471680692007521
High;0.9083418331633368;0.073170731707317;0.1461435708786494
Unknown;0.5897082058358832;-0.1272727272727272;-0.2594031616480278
High;0.8213435731285375;-0.1126760563380281;-0.3476113599442872
Unknown;0.6417071658566829;0.1259259259259259;0.228891038847023
High;0.0771984560308793;-0.3947368421052631;-0.6899502561427794
Low;1.0;0.0;
Unknown;0.0247995040099198;0.4744897959183674;1.1098689466651883
Unknown;0.0806383872322553;0.3462469733656174;0.844413388295048
Low;0.0113997720045599;0.4712404712404712;0.989575352437366
Medium;0.6331073378532429;-0.1162790697674418;-0.3792345572982563
Unknown;0.9435811283774324;-0.0555555555555555;-0.2556549962824568
High;0.1819163616727665;-0.3103448275862069;-0.6991373995490985
High;0.5193096138077239;0.2023809523809523;0.3683353796466821
High;0.4381512369752605;-0.1513888888888888;-0.381444330970498
Unknown;0.5893882122357553;-0.102803738317757;-0.3410145865591536
Unknown;0.0014799704005919;0.4805194805194805;1.3062543215877909
High;0.1428371432571348;-0.2702702702702703;-0.6187118030031665
Medium;1.0;-0.0108695652173913;-0.1103787511489772
High;0.0040399192016159;-0.5714285714285714;-1.0975867497331702
High;0.6729865402691946;-0.1126893939393939;-0.2335517580493823
Unknown;1.0;-0.0123456790123456;-0.0770331805554373
Unknown;0.4671906561868763;-0.2577777777777778;-0.446120373110257
Unknown;0.9007419851602968;0.0538461538461538;0.1280154672929045
Unknown;0.3163136737265254;0.2252663622526636;0.4595794323346051
Low;0.741905161896762;-0.0988235294117647;-0.2217771521928137
Medium;0.0219195616087678;-0.4571428571428571;-0.8685593551337343
Unknown;1.0;-0.0111111111111111;-0.0570976914937795
Medium;0.9066618667626648;-0.1;-0.3262553862096568
Unknown;1.0;-0.0980392156862745;-0.3423752347411007
Medium;0.2002759944801104;0.2888888888888888;0.472565902598377
Unknown;0.8953020939581209;0.0992907801418439;0.1305458876055298
High;0.1983960320793584;-0.2;-0.4715837872505293
Unknown;0.7235055298894022;-0.1444444444444444;-0.3098642440699251
High;0.8807823843523129;0.0493975903614457;0.0817098804786062
Low;0.0069998600027999;-0.5862068965517241;-1.1536462872281923
High;0.242995140097198;-0.173469387755102;-0.4100489211246785
Medium;0.4723905521889562;-0.1307011572498298;-0.274898948386414
High;0.5490690186196276;0.0770114942528735;0.4443125897090458
Low;0.3870322593548129;0.2022471910112359;0.3517846827004066
High;0.7137857242855143;0.1388888888888889;0.2701867844151459
High;0.5750684986300274;0.1095238095238095;0.528598661344225
Unknown;0.1046779064418711;0.4134615384615384;0.6811450535305473
High;1.0;-0.0144927536231884;-0.1264304343560434
High;0.4662706745865083;0.1444444444444444;0.3985097314407603
High;1.0;0.1642857142857142;0.0449689378405898
High;0.0565988680226395;0.5423076923076923;0.8674353678592391
High;0.0106397872042559;-0.3513513513513513;-0.7154134426040981
Medium;0.0234395312093758;-0.3511326860841424;-0.6735737553730363
High;0.7583048339033219;-0.1265822784810126;-0.1879417546089247
Unknown;1.0;-0.0476190476190476;-0.2305961907200619
Unknown;1.0;-0.0845070422535211;-0.3163990239584557
High;0.4857502849943001;-0.1305882352941176;-0.3217619138446545
High;0.0007199856002879;-0.7116883116883117;-1.9874824214253133
Unknown;1.0;-0.0555555555555555;-0.1295469312929002
Unknown;0.4111517769644607;-0.1188475390156062;-0.2896998156314161
Unknown;0.2094358112837743;-0.3518518518518518;-0.7437238500330932
Unknown;0.873462530749385;-0.0646310432569974;-0.0948673218451114
Medium;0.7445851082978341;0.0006738544474393;0.1685451858514382
Unknown;0.0035199296014079;-0.5425170068027211;-0.990740274044006
Unknown;0.239035219295614;-0.260543580131209;-0.4279386856892187
Medium;0.5483890322193556;-0.178030303030303;-0.3924806361082088
Unknown;0.0051598968020639;-0.6194968553459119;-1.4882807618253948
High;0.0151196976060478;-0.3551401869158878;-0.7224449262465491
High;0.6980260394792104;-0.0775862068965517;-0.304652927740604
Low;0.0615987680246395;-0.25;-0.5833588356934069
Unknown;0.0064798704025919;-0.6108374384236454;-1.170181899715776
Medium;0.0103597928041439;0.6018518518518519;1.357593812519959
High;0.9409411811763764;0.0841836734693877;0.1298537945578762
Unknown;1.0;-0.0114942528735632;-0.1138615299763439
Low;0.1085978280434391;-0.4666666666666667;-0.9660917830792958
Unknown;0.0673986520269594;-0.3684210526315789;-0.7116639829268276
High;0.8;0.5;1.224744871391589
Unknown;0.1961960760784784;-0.3223787167449139;-0.5166341526941058
Unknown;0.0922381552368952;-0.3156626506024096;-0.5779153074022921
High;0.0005999880002399;0.7074542897327707;1.7158912320971496
High;0.0506789864202716;0.57;1.0606601717798214
Unknown;1.0;0.0;
Medium;0.1464770704585908;0.5;0.9023778112773576
High;0.0461190776184476;-0.284313725490196;-0.5718294931241504
Unknown;0.5344693106137878;0.167487684729064;0.3449067052159529
Unknown;0.0081998360032799;0.5992063492063492;1.1120129136233603
Low;0.5685086298274035;0.0655555555555555;0.2540179031439959
High;0.2349153016939661;0.2987012987012987;0.5417425697982517
High;1.0;0.0256410256410256;-0.0359991154611729
Low;1.0;0.0;
High;0.3519129617407652;-0.3111111111111111;-0.6940608259421698
High;0.0017999640007199;0.6851851851851852;1.5420751092931644
Unknown;1.0;-0.0192307692307692;0.0373373161928242
Unknown;1.0;0.0274914089347079;0.0623681746220958
Medium;0.4740305193896122;0.1623376623376623;0.3218150606097591
High;1.0;-0.046875;-0.2180695939971617
Unknown;0.9157416851662968;-0.1050724637681159;-0.201185263415377
Medium;0.742585148297034;-0.0925925925925925;-0.2887211716152148
High;0.6547069058618827;0.0784543325526932;0.1753053899300295
High;7.999840003199936e-05;-0.4444444444444444;-0.8595044946099596
Low;0.3853922921541569;-0.1876876876876876;-0.3903021237327478
Unknown;1.0;0.0;
Low;0.0213195736085278;-0.2777777777777778;-0.6043157693179505
Unknown;0.0077998440031199;-0.3669724770642202;-0.7988823465254117
High;0.756984860302794;0.1171993911719939;0.2332653878163485
High;0.491390172196556;0.2027027027027027;0.3334726644103144
Low;0.494470110597788;-0.1904761904761904;-0.3673772815018618
Unknown;0.0430791384172316;-0.4146341463414634;-0.6842329696901785
Unknown;0.7863442731145377;0.0628205128205128;0.1559772744520376
Low;3.999920001599968e-05;0.7790811339198436;2.009151871063185
Unknown;0.0032399352012959;-0.5032802249297095;-1.0023495538194809
Unknown;0.9511809763804724;-0.053030303030303;-0.0641569190281888
Unknown;0.0103197936041279;-0.3628318584070796;-0.6905070084780109
Unknown;1.0;0.0207570207570207;0.0021910373911484
Medium;0.1622767544649107;-0.3173076923076923;-0.6218965089135627
High;1.0;0.0;
Unknown;0.2805543889122217;0.136437908496732;0.3847645171042689
High;0.250994980100398;-0.1374045801526717;-0.4184490912458368
Unknown;0.0147597048059038;0.4013605442176871;0.8939850019287063
Medium;1.0;0.0;
High;0.7148657026859463;-0.1322674418604651;-0.3076350724487568
Unknown;1.0;-0.0363636363636363;-0.1921209461851818
Unknown;0.2617547649047019;-0.2295081967213114;-0.3595868654579685
High;1.0;-0.048780487804878;-0.2372449751552132
Medium;0.506109877802444;-0.1692307692307692;-0.4717066063848614
Unknown;0.0087998240035199;-0.5217391304347826;-0.940087335826619
Medium;1.0;-0.0256410256410256;-0.0632962104427289
Unknown;0.9731005379892402;0.0454545454545454;0.0119012273292592
High;1.0;-0.0851063829787234;-0.3177107625642914
High;1.0;-0.1111111111111111;-0.3430841702027858
Unknown;1.0;0.0392156862745098;0.0333778668646594
Medium;0.0882382352352953;-0.2101419878296146;-0.4898002032621636
High;0.4573508529829403;0.0691244239631336;0.40075726138759
High;0.0125997480050399;0.4318910256410256;0.8255616128272549
Unknown;0.2651946961060779;-0.1327433628318584;-0.4131223038358921
Unknown;0.617507649847003;0.1888619854721549;0.2508927359507535
Unknown;0.2344753104937901;0.2717391304347826;0.6718849617188355
High;0.3389532209355813;0.2441558441558441;0.511766315719159
Unknown;0.876862462750745;0.0976190476190476;0.1914526973911463
Unknown;0.8867022659546809;0.0398126463700234;0.180716223138572
Unknown;0.0019599608007839;-0.4545454545454545;-0.9578665969269508
Unknown;0.1322773544529109;-0.4113475177304964;-0.7612741497380593
High;0.2285954280914381;-0.2702205882352941;-0.5217933740137536
Unknown;1.0;-0.0980392156862745;-0.2492420968510046
Medium;0.0922781544369112;0.2892857142857143;0.9295522436497912
High;0.4426311473770524;-0.1679841897233201;-0.3429532598973808
High;0.750304993900122;-0.0987654320987654;-0.3470052594601635
Unknown;0.9613007739845204;0.0698529411764705;0.13516832887567
High;3.999920001599968e-05;0.6851792056829189;2.6559662304893843
Unknown;0.6355872882542349;-0.1383838383838384;-0.2336346567579986
Unknown;1.0;0.0;0.0
Medium;0.496470070598588;0.22911051212938;0.4172536808220655
High;1.0;-0.0211027910142954;-0.0690142813625305
Medium;0.9242615147697046;0.0664711632453567;0.0975694702945
Unknown;0.3037539249215015;-0.198019801980198;-0.5005652259158614
Unknown;0.9320613587728246;0.1007667031763417;0.0948152150381908
Unknown;0.7018259634807303;0.1455525606469002;0.3139192785320585
Unknown;0.6518669626607468;-0.1933333333333333;-0.4042141743664731
Unknown;0.7861042779144417;0.1555555555555555;0.2034795508811762
Unknown;0.0040799184016319;0.5170454545454546;1.0864316069532574
Medium;0.1509969800603988;0.2866043613707165;0.5075494311453942
High;0.0342393152136957;0.3559870550161812;0.7610373787570037
High;0.3326333473330533;0.2736077481840194;0.5477130404893408
Unknown;0.0424791504169916;0.319047619047619;0.8434201845814209
Unknown;0.1608367832643347;-0.328125;-0.6366791344819598
High;1.0;0.0111111111111111;0.0364395228816024
Low;0.0583588328233435;-0.4238095238095238;-0.9187411933705258
Medium;0.0770384592308153;-0.2954545454545454;-0.6763712041956714
High;1.0;0.0372093023255813;0.0977863338001909
Unknown;1.0;0.0;
Medium;0.6633467330653386;-0.0796950796950796;-0.2052472626692906
Low;1.0;-0.027027027027027;-0.1743714581157289
Unknown;0.1444771104577908;0.2566371681415929;0.5003400646541423
Low;0.2681546369072619;0.2363636363636363;0.4853951802149389
Low;0.8478230435391292;-0.0638297872340425;-0.2772830324368395
Low;0.7197056058878822;-0.160337552742616;-0.2484049059461675
Low;1.0;0.0066287878787878;0.0132031511039461
Low;0.5143097138057239;-0.1866359447004608;-0.4223199729063905
Unknown;0.4417094017094017;-0.3478260869565217;-0.7154583758425049
Medium;0.2798744025119498;0.1958762886597938;0.390860318138065
High;0.0840383192336153;-0.2659574468085106;-0.630086456240207
Unknown;0.7081458370832583;-0.1022321428571428;-0.1707017072195885
Unknown;0.8248635027299454;0.1370967741935483;0.4157408196349667
Unknown;0.1557568848623027;-0.2998477929984779;-0.6225230542425516
High;0.8881022379552409;-0.0648148148148148;-0.2763439341297839
Medium;0.6934661306773865;0.1010033444816053;0.2050881416884245
Unknown;0.3831123377532449;-0.1202797202797202;-0.3374406955778028
Medium;1.0;-0.0178571428571428;-0.1463850109422799
Unknown;1.0;0.0416666666666666;0.0895806416477615
Unknown;0.7173456530869382;-0.1764705882352941;-0.3333707507812071
High;0.2315153696926061;-0.2482993197278911;-0.7228852210876475
High;7.999840003199936e-05;0.5874183006535948;1.3888641925343803
Medium;0.8992220155596888;0.0;0.0940213351237112
High;0.2736345273094538;-0.1612903225806451;-0.4615039965074954
Low;0.4093918121637567;-0.25;-0.6009252125773316
Unknown;0.5063898722025559;-0.0988395358143257;-0.2027780803630459
High;0.0003999920001599;0.636144578313253;1.2928027893157918
Unknown;1.0;0.0;
Unknown;0.8144637107257855;-0.1059907834101382;-0.2017835313935656
High;0.6450270994580108;-0.1244444444444444;-0.2376960137964693
High;1.0;-0.0449760765550239;-0.0969275240270211
High;0.5507089858202836;-0.2909090909090909;-0.6520543115223034
Medium;0.9737805243895122;-0.0476190476190476;-0.1216075486612166
Unknown;0.2347953040939181;-0.15;-0.440587842613506
High;0.0011599768004639;0.5662650602409639;1.196408055643685
High;1.0;0.0186567164179104;0.0416262954318966
High;0.0760784784304313;-0.4312169312169312;-0.883315956775656
Medium;0.5091498170036599;-0.2553571428571428;-0.3718935362475145
Medium;0.0235195296094078;-0.3837209302325581;-0.8070357124026565
High;0.6302273954520909;-0.1566901408450704;-0.3521903828209418
Medium;1.0;-0.0680272108843537;-0.1501133358680774
Low;1.0;-0.0520833333333333;-0.2330306389480245
Unknown;1.0;-0.1111111111111111;-0.3613247231446466
Unknown;0.0121997560048799;-0.4946727549467275;-0.9687405220006728
Unknown;0.7096658066838664;-0.1659056316590563;-0.2237496496692675
Unknown;1.0;-0.1206896551724138;-0.3768127248575935
High;0.9809003819923602;-0.0654205607476635;-0.2754774953917101
High;0.0092798144037119;-0.4038461538461538;-0.9006596854968925
Unknown;0.745585088298234;-0.071939586645469;-0.1287153737354286
High;1.0;-0.1489361702127659;-0.4000881834225882
High;0.3507529849403012;-0.1558441558441558;-0.4540856815555916
Unknown;1.0;-0.0615079365079365;-0.0071194588644299
Unknown;0.7267854642907142;-0.125;-0.2136250772364715
High;1.0;-0.1052631578947368;-0.3605980584422527
Low;0.24387512249755;0.2608695652173913;0.4653573623435154
Unknown;1.0;-0.2393162393162393;0.0202453730779337
Unknown;0.6427871442571148;-0.1891891891891892;-0.4814158004652978
Low;0.1490370192596148;0.3333333333333333;0.6095569153307366
Medium;0.0021599568008639;-0.493103448275862;-1.1800140569134956
Unknown;0.4781104377912442;-0.2082324455205811;-0.3555578795789965
High;0.124397512049759;-0.1678832116788321;-0.4715629570766496
Medium;0.0548789024219515;-0.4029629629629629;-0.7445943887664652
High;0.0142797144057118;0.4737484737484737;0.8237061240939563
Unknown;0.7991040179196416;-0.1007407407407407;-0.1459895825133367
Medium;1.0;0.0224719101123595;-0.0825123086496681
High;0.0511189776204475;0.3400297619047619;0.7063008406367792
Unknown;0.9503809923801524;0.0978723404255319;0.146633842315059
Medium;0.1065578688426231;-0.3264367816091954;-0.597379387826825
Unknown;1.0;-0.1627906976744186;-0.4510968544481587
High;0.3801523969520609;0.1215772179627601;0.4633053994128734
High;0.4029119417611648;-0.3442622950819672;-0.7363512169841904
Control;1.0;0.0;
High;0.5323893522129557;0.1584415584415584;0.4470194206886465
Medium;0.6031879362412752;-0.1098901098901098;-0.3450327796711772
Unknown;0.5317893642127157;0.1892156862745098;0.2607954847084221
Unknown;1.0;0.0186567164179104;0.0151833275014011
Unknown;0.0464390712185756;0.4666666666666667;0.7120516440958823
Medium;0.0413191736165276;0.2833333333333333;1.097345281425435
Medium;0.1331573368532629;-0.3414179104477612;-0.6753396990223821
Unknown;0.0040399192016159;-0.6166666666666667;-1.247376851035237
Unknown;0.2328753424931501;-0.2543859649122807;-0.4997596991819429
Unknown;0.5662686746265074;0.1777777777777777;0.4623522443101985
Unknown;0.9189816203675928;-0.1268115942028985;-0.2049132466862602
Unknown;1.0;-0.0686813186813186;-0.1679672433721239
Medium;1.0;0.0178571428571428;0.0244092398575045
High;0.0832783344333113;-0.2765714285714286;-0.5374670846890461
High;0.74782504349913;0.0891566265060241;0.2154567515700325
Low;0.8639027219455611;0.1059190031152648;0.1096055703798235
Unknown;1.0;-0.0657894736842105;-0.0905607544804423
Medium;3.999920001599968e-05;0.630360789652825;1.5434808411294827
Unknown;0.0028799424011519;-0.3611111111111111;-0.759165472286443
Medium;0.3847923041539169;-0.1772151898734177;-0.4842203301599534
Medium;0.9387412251754964;-0.0648148148148148;-0.2590609332040767
High;1.0;-0.016025641025641;-0.0709726397180433
Unknown;1.0;0.0476190476190476;0.1004429254612884
High;1.0;0.0209876543209876;0.0072873939637518
Unknown;0.4837903241935161;-0.1321462043111527;-0.2973616268031939
Low;0.0436391272174556;-0.2912621359223301;-0.671459475202097
Low;0.8337033259334813;-0.0769230769230769;-0.4311582492512878
Unknown;0.3977520449591008;0.1698412698412698;0.3827273787962477
Medium;1.0;-0.0158730158730158;-0.1329102350022614
Medium;0.9419811603767924;-0.0606796116504854;-0.1308293385198282
Medium;0.0047999040019199;0.4159090909090909;1.1874170565388285
Medium;0.2292754144917101;-0.4048507462686567;-0.5177102595044933
Medium;0.0739185216295674;0.1832098765432099;0.5425013645598886
Unknown;1.0;0.0127551020408163;0.0408635523981003
Unknown;1.0;-0.0328467153284671;-0.0768894854236196
Medium;0.0043999120017599;0.5989974937343359;1.2948404967197578
High;0.0014399712005759;0.7028985507246377;1.5726367838156334
Unknown;1.0;0.0424836601307189;0.1142355040863619
Medium;0.0987980240395192;-0.3360881542699724;-0.6089444942925313
High;0.4549909001819963;-0.1463414634146341;-0.4337664234406918
Unknown;0.750064998700026;-0.0682926829268292;-0.1461103370923213
High;0.2179156416871662;-0.1935483870967742;-0.4797904960170273
Unknown;0.8059838803223935;0.3620689655172414;0.1347015816933137
Unknown;0.126077478450431;0.1799437675726335;0.5781471218145933
Unknown;0.0208795824083518;0.3219373219373219;0.8613914760734808
High;0.1540769184616307;0.4044444444444444;0.608135967368963
High;0.3810323793524129;0.1636363636363636;0.3955221463336071
Low;0.2735945281094378;-0.140495867768595;-0.4168335257349611
Medium;0.5803483930321394;0.1058574453069866;0.2571908292811218
High;0.3125937481250375;0.101534828807556;0.4590161458904288
Unknown;0.4635907281854363;-0.213089802130898;-0.354661555952886
Unknown;0.0978780424391512;0.2043650793650793;1.0182559558165634
Unknown;0.2305953880922381;0.1957321559970566;0.3433892301510613
High;0.0987580248395032;-0.2419354838709677;-0.6087894307856997
Control;0.8931021379572408;-0.0808823529411764;-0.094687168898637
High;0.8154636907261855;-0.1313364055299539;-0.2959400894303147
Unknown;1.0;-0.0692167577413479;-0.1813561464576549
Medium;0.1740365192696146;-0.3198529411764705;-0.6233959057866577
Unknown;0.1067578648427031;-0.2377622377622377;-0.4694879067981403
Medium;1.0;0.044753086419753;0.1142898478088466
Medium;0.0122797544049119;-0.3857142857142857;-0.7687567161905879
Unknown;1.0;-0.0019723865877712;-0.0567351808614714
Unknown;1.0;0.0192307692307692;0.0124794731063749
Unknown;1.0;0.1132075471698113;0.1195608387683931
Unknown;1.0;0.0;
Unknown;0.9548609027819444;-0.0188235294117647;-0.1340586030494035
Unknown;0.991820163596728;-0.0687830687830687;-0.1576922630926655
Unknown;0.6361872762544749;-0.1461538461538461;-0.3148286699033573
Unknown;0.1581168376632467;-0.2909356725146199;-0.5834290043304982
High;0.0217195656086878;0.4055555555555555;1.0732733217296295
Medium;0.3005939881202376;0.3120567375886525;0.5768832757892951
High;0.0013999720005599;0.5765765765765766;1.3440801825823352
High;0.6158276834463311;-0.091743119266055;-0.3334723090881034
Low;0.506229875402492;0.1833333333333333;0.4133522432766305
Medium;0.0727185456290874;-0.348780487804878;-0.6835443544283931
Unknown;0.0022799544009119;0.6282352941176471;1.2121904425474377
Unknown;1.0;0.0;0.0
High;1.0;0.0716180371352785;0.0156417163350081
High;0.6685066298674026;-0.1097560975609756;-0.3229927780630641
Unknown;1.0;-0.048582995951417;-0.0026633099716782
Unknown;0.0003999920001599;0.7050653594771242;1.292046097663195
Low;1.0;-0.0354430379746835;0.0097551170758046
Unknown;0.0237195256094878;-0.3548387096774194;-0.7161081234290623
High;0.3421131577368452;0.2261904761904762;1.141974207375975
High;0.0003199936001279;0.5454545454545454;1.3448764420249486
High;0.0540389192216155;-0.3561643835616438;-0.7786123866312197
Low;0.1861162776744465;-0.2222222222222222;-0.557773351022717
Unknown;1.0;-0.0416666666666666;-0.2211629342323456
High;0.4574708505829883;-0.1166666666666666;-0.2998951598779797
High;0.0041999160016799;0.4979757085020243;1.0898797765578694
Unknown;1.0;0.0853658536585365;0.0777608681809781
Medium;0.1507169856602868;0.2592592592592592;0.5463188793886893
Low;0.0900381992360152;-0.3341463414634146;-0.6173863498541924
Low;0.0172796544069118;0.3473684210526316;0.8243940820864217
High;0.2938741225175496;0.2537313432835821;0.6107286405693743
High;0.6941861162776745;-0.0833333333333333;-0.298231471718191
Unknown;0.8557028859422812;-0.0061728395061728;-0.1867987607714698
Unknown;0.5345093098138037;-0.2127659574468085;-0.5037814655112245
Medium;0.2159556808863822;-0.1666666666666666;-0.4480262658617374
High;0.0503989920201596;0.4510869565217391;0.9218511200662054
Unknown;0.1397572048559028;-0.2788778877887788;-0.5065969616844224
High;0.0147997040059198;0.6808510638297872;1.3570394763335654
High;0.0347593048139037;0.4859154929577465;1.0143310119194948
Unknown;0.0720385592288154;0.35;0.828627904322354
Low;0.0315193696126077;-0.556390977443609;-0.9180638911948984
High;0.0023199536009279;0.4692307692307692;1.8424461118783373
High;0.1642367152656947;-0.2375;-0.5853400300847978
High;0.6069878602427952;-0.1265060240963855;-0.269875174528802
Unknown;0.4113117737645247;0.3246753246753247;0.3705897313476058
Medium;0.1413571728565428;-0.2746823069403714;-0.5282668491923342
Unknown;0.4534709305813884;-0.1686746987951807;-0.3254141047105601
High;0.9624607507849844;0.1428571428571428;0.3568930195067246
Unknown;0.9256614867702646;-0.0525969756738987;-0.175394476330841
High;0.3653526929461411;-0.203125;-0.5280142229219239
Medium;0.0473990520189596;-0.4637002341920375;-0.9377798753369871
Low;0.0886782264354713;-0.1884057971014492;-0.4953053423277856
High;1.0;-0.0163934426229508;-0.1352997077933346
Unknown;0.756304873902522;-0.0470588235294117;-0.1634640732093564
High;1.0;-0.0562962962962962;0.048027184051079
High;0.0165996680066398;0.5132275132275133;1.1389880512544188
Medium;0.2315953680926381;0.375;0.7009205105279925
High;0.6807863842723145;-0.1253012048192771;-0.268508748653929
High;0.3201135977280454;0.1633333333333333;0.4182330316931676
Unknown;0.4464710705785884;0.2065972222222222;0.3840210028536882
Medium;0.5506689866202676;-0.1;-0.3496029493900505
High;1.0;-0.0408163265306122;-0.2165533511313906
High;0.0006399872002559;0.6426056338028169;1.6832243610247568
Unknown;0.4012319753604927;0.2435897435897435;0.4820624539215588
Unknown;0.3254334913301734;0.3125;0.5062698374039127
High;0.5802283954320914;-0.136986301369863;-0.4170741647265696
High;0.1928361432771344;-0.2210526315789473;-0.5195890112545506
Unknown;0.6166676666466671;0.1212686567164179;0.2878028137081672
Unknown;1.0;0.1666666666666666;0.3600411499115477
High;1.0;-0.0110294117647058;-0.0231128789484956
Low;0.0014399712005759;0.7345679012345679;1.4613810809607477
Low;0.6455870882582349;0.1775;0.2351749616133325
High;1.0;-0.0178571428571428;-0.1413065195507003
Unknown;0.0225595488090238;-0.4125;-0.7832821508467122
Unknown;1.0;-0.0648148148148148;-0.1384578601226162
Low;0.7853842923141537;-0.0792079207920792;-0.2892032171957722
Unknown;0.3156336873262534;0.1486486486486486;0.3631491601331503
High;0.2652746945061098;-0.2425373134328358;-0.5325529013085878
Unknown;0.2627547449051019;0.287037037037037;0.4656354445974546
High;0.7337853242935142;-0.1481481481481481;-0.36641405439647
High;1.0;0.0166666666666666;-0.0789874897280834
High;0.0334793304133917;-0.4136363636363636;-0.8030788204102854
Medium;0.7707045859082818;0.133149678604224;0.1597632996250754
High;0.1888762224755505;-0.2043010752688172;-0.5162661989958384
High;0.0895982080358392;-0.2584892584892584;-0.5490821699464411
Medium;0.2904341913161736;0.3228915662650602;0.4206896226625763
Medium;0.5928281434371313;0.1386001386001386;0.2178873714809504
Unknown;0.5629887402251955;-0.1538461538461538;-0.4424976788687099
High;1.0;0.0;
Unknown;0.6598668026639467;-0.1085043988269794;-0.2070672280280671
Low;1.0;-0.0732824427480916;-0.037911958080025
Low;0.0506789864202716;0.3513071895424836;0.6814337550278257
Medium;0.0241995160096798;-0.4976190476190476;-1.17734011402205
Unknown;0.0019999600007999;0.5593792172739541;1.0179214164192618
Unknown;0.4031119377612447;-0.1483709273182957;-0.2831818722958373
High;0.6671066578668426;0.1193415637860082;0.2500714736192867
Unknown;0.6653866922661547;-0.0559523809523809;-0.2043503530611842
Unknown;0.0351992960140797;0.5166666666666667;1.6234697436166827
High;0.6667466650666987;-0.1111111111111111;-0.3706017795590647
Unknown;0.0111597768044639;0.3365508365508365;0.798635336800868
High;0.2118357632847343;-0.32;-0.789115139065715
High;0.0273194536109277;0.3743131868131868;0.735640046854753
Unknown;0.1395972080558389;-0.2291666666666666;-0.5392283623030576
High;0.0262394752104957;-0.3478260869565217;-0.7032184976135231
Unknown;0.1416371672566548;-0.2488038277511961;-0.5194182365710748
High;0.5324293514129718;0.1731601731601731;0.3443034443933801
Medium;0.5830683386332274;-0.125;-0.3947710169758613
Unknown;1.0;0.0306122448979591;0.0367395757208199
Unknown;0.6904661906761865;-0.1818181818181818;-0.2353974921808276
Medium;0.2842743145137097;-0.2307692307692307;-0.5404566790210256
Medium;1.0;0.0;
High;0.0932781344373112;-0.3508771929824561;-0.7447953636184251
Medium;0.7850242995140098;-0.1538461538461538;-0.4424976788687097
Medium;0.0033199336013279;0.4473684210526316;1.2540235812335474
Unknown;0.1472370552588948;0.3939393939393939;0.6709542563157189
Unknown;1.0;-0.04;-0.2140872096444188
Medium;0.491110177796444;0.1872146118721461;0.3723942672432858
High;0.0151996960060798;0.3989547038327526;0.7984591708331933
High;0.8266234675306494;-0.1111111111111111;-0.3679900360969935
Low;1.0;-0.0454545454545454;-0.0649069727577023
Unknown;3.999920001599968e-05;0.8514492753623188;2.4186391368211253
High;0.8095838083238335;-0.0666666666666666;-0.2649769158954169
Unknown;0.8224635507289855;-0.0723270440251572;-0.1867411633464757
High;3.999920001599968e-05;-0.559322033898305;-1.03771313279877
High;0.1646767064658706;-0.2413549752999294;-0.4832444928750778
Low;0.4633907321853563;0.2753623188405797;0.4719403111368928
Low;0.5525889482210355;-0.2121212121212121;-0.5118256039720335
Unknown;0.5609487810243795;-0.15625;-0.4500514373894347
High;0.865982680346393;-0.1129032258064516;-0.1965929041721379
High;0.0427991440171196;0.5108695652173914;1.0119254200110854
Unknown;0.0297994040119197;-0.4748427672955975;-1.126138664867285
Low;0.5374292514149717;-0.1617647058823529;-0.4582688293103084
High;0.373672526549469;0.2207207207207207;0.4410736654537098
Unknown;0.1963560728785424;-0.3083333333333333;-0.6340363835075388
Unknown;0.0004799904001919;0.6317663817663818;1.185611887745932
Medium;0.6827063458730825;-0.0883838383838383;-0.2008959886955495
Unknown;0.5643087138257235;0.1804878048780487;0.25460339048737
High;0.0221595568088638;0.4006410256410256;0.8465230391944273
Unknown;7.999840003199936e-05;0.690359477124183;1.422025116344881
Medium;0.1062778744425111;0.2066115702479339;0.5118389314251106
Unknown;0.3375132497350053;0.2307692307692307;0.4018309728048542
High;0.2149957000859982;-0.1938775510204081;-0.4797957054340876
High;1.0;0.0;
Low;0.0110397792044159;0.3766788766788767;0.8350930815298409
Unknown;0.994740105197896;-0.0454545454545454;-0.1062248091731661
Control;0.5475490490190196;0.1875;0.4380858271151805
Medium;0.3030339393212136;0.25;0.4949088920258566
Unknown;0.1060778784424311;0.3481481481481481;0.6444568839919981
High;1.0;-0.0683760683760683;0.1003447983815266
High;0.0005199896002079;-0.7147887323943662;-1.3856900768192628
High;0.9117417651646968;-0.0790697674418604;-0.1763261676960994
High;0.621227575448491;-0.0911214953271028;-0.2276561630987831
High;0.0846383072338553;0.3932806324110672;0.6584350461419812
Low;0.0108797824043519;0.5380952380952381;0.9652934518064756
High;1.0;-0.043103448275862;-0.2220733165809156
Low;0.8814623707525849;-0.0860465116279069;-0.2235768299068525
High;1.0;0.0;
High;1.0;0.1407766990291262;-0.0157404376460805
Low;0.4424311513769725;-0.1568627450980392;-0.3254687593462971
Unknown;0.6726665466690667;0.1311953352769679;0.3068578096106387
Medium;0.4139117217655647;-0.1904761904761904;-0.5076446407010449
Unknown;0.9486610267794644;0.0392156862745098;0.115721953473346
Unknown;0.6984660306793864;-0.15359477124183;-0.3070763751548678
Low;0.9001819963600728;0.14;0.0971471027903196
Medium;0.374312513749725;0.3103448275862069;0.476102158838642
Unknown;0.5377492450150997;-0.18;-0.2482594255902423
High;0.3833923321533569;0.2139577594123048;0.364755648409566
Unknown;0.9335813283734326;0.006953223767383;-0.098594272568732
Medium;0.999020019599608;-0.0652173913043478;-0.2767535323977655
Medium;0.2391952160956781;0.2943722943722944;0.6026354641726046
Unknown;1.0;-0.0209790209790209;-0.049552864669288
Unknown;0.4127117457650847;0.1739926739926739;0.2654768913019609
High;1.0;0.0;
Unknown;0.1499170016599668;0.3028169014084507;0.7302822103013664
High;0.4414311713765724;-0.1983122362869198;-0.395057583609717
Medium;0.1639967200655986;-0.2357954545454545;-0.4935300925387499
High;1.0;-0.0263157894736842;-0.1808782116612433
Unknown;1.0;0.048780487804878;-0.0768463092751023
Low;0.4609907801843963;0.2127659574468085;0.414414262659668
Medium;1.0;-0.0058823529411764;-0.0189649807650074
High;0.8541829163416732;0.1296296296296296;0.2209253799916832
High;1.0;-0.0384615384615384;-0.2087815690853567
High;0.6871862562748745;0.1686046511627907;0.2050024327736545
Unknown;0.986580268394632;-0.0301974448315911;-0.0524869363125273
Unknown;1.0;-0.1162790697674418;-0.3792345572982563
High;0.0327193456130877;-0.3055555555555556;-0.6693905222045277
Medium;1.0;0.0358024691358024;-0.0523383645269343
Low;0.0014399712005759;0.6576576576576577;1.3171435671251157
Unknown;0.0931981360372792;0.3544973544973545;1.061913009817134
High;0.3169936601267974;-0.25;-0.4521343086269836
Unknown;0.4774304513909722;-0.1100795755968169;-0.26620547456353
Medium;0.7953440931181376;-0.0759137769447047;-0.1800452112243843
Unknown;1.0;0.0344827586206896;-0.0225031144858344
High;1.0;-0.0851063829787234;-0.3177107625642914
High;0.0441191176176476;0.3941176470588235;0.9419470848804028
Unknown;0.2150756984860302;-0.2769230769230769;-0.5640559279545152
Medium;0.2132757344853103;-0.168141592920354;-0.4254472737256106
Low;0.0583588328233435;0.3679245283018867;0.6077599815268283
Low;0.0076398472030559;-0.6458333333333334;-1.405521325373056
High;0.9679406411871764;-0.1013824884792626;-0.2052497402272807
High;0.987860242795144;-0.1016949152542373;-0.3504303170381472
Medium;1.0;-0.0196905766526019;-0.0988638855633936
Medium;0.0299594008119837;0.2989195678271308;0.6940722981570124
Low;3.999920001599968e-05;0.4993006993006993;2.18110110901603
Medium;0.8029839403211936;0.111328125;0.1497435164837843
High;1.0;0.0203442879499217;0.0402935747874282
Low;1.0;0.0220588235294117;0.0709432761519443
High;0.2213155736885262;0.3622448979591837;0.6423458765402211
High;0.5545889082218356;0.1296296296296296;0.5943222953944126
Unknown;0.9623007539849204;0.0706521739130434;0.1507054185054511
High;0.0491190176196476;-0.3490909090909091;-0.7266068014452047
Medium;0.0698786024279514;0.302536231884058;1.0266634867270448
High;0.0045599088018239;0.4615740740740741;0.8493862485216075
Medium;0.7326653466930662;-0.0789473684210526;-0.288589765634024
Medium;0.0291194176116477;-0.3790064102564102;-0.6848423372974644
High;0.0340393192136157;-0.4242424242424242;-0.8413533824069012
Medium;0.8098238035239296;-0.1175373134328358;-0.2327193830326894
Medium;0.9203015939681206;-0.0795454545454545;-0.3070441243145588
Unknown;0.75482490350193;-0.1466666666666666;-0.3081661120637623
High;0.869622607547849;0.0921658986175115;0.2263752843306768
High;0.0917581648367032;-0.421875;-0.7592590855395535
High;0.0014799704005919;0.6725274725274726;1.724854061288186
High;1.0;-0.0384615384615384;-0.2112235418114766
Medium;7.999840003199936e-05;0.6096096096096096;1.6318993808725044
Low;0.0537589248215035;0.3934294871794871;0.6828789800874266
Medium;0.0755984880302394;-0.3049853372434017;-0.6114057729918204
Unknown;1.0;0.05;0.0348576277177736
Unknown;0.0015999680006399;0.509090909090909;1.0834034918049908
Unknown;0.1292774144517109;0.253384912959381;0.6628352411802975
High;0.2053958920821583;0.2052083333333333;0.4310771067491594
Unknown;0.9445011099778003;-0.0887096774193548;-0.1864863778806673
Medium;1.0;-0.0462962962962962;-0.0683857035580192
High;0.0028799424011519;0.5274261603375527;1.214501122708033
High;0.0013199736005279;0.5964705882352941;1.1670619198911356
Unknown;0.6562268754624907;-0.1339031339031339;-0.3178649789301309
High;0.2160356792864142;-0.2214285714285714;-0.4836006786053523
Medium;1.0;-0.0198019801980198;-0.1490040946485103
Unknown;0.0009999800003999;-0.6451612903225806;-1.1798961234075962
Low;0.3635927281454371;0.1934156378600823;0.4606423319938055
Unknown;1.0;-0.0235294117647058;-0.163241439410314
Unknown;0.0671586568268634;-0.3560975609756097;-0.680569056128832
High;0.0138797224055518;0.4705882352941176;0.9260316014338926
Medium;0.0051998960020799;0.3946428571428571;0.859980772537304
Medium;1.0;-0.0396039603960396;-0.2128849358623514
Unknown;0.6755464890702186;0.0744444444444444;0.2102936505008912
Low;0.1857162856742865;-0.2432432432432432;-0.4730850732102238
Medium;0.3752724945501089;0.2083333333333333;0.4186017738067012
Low;0.0901181976360472;-0.3428571428571428;-0.7526351223064152
Medium;0.0664786704265914;-0.2574257425742574;-0.5415271618862579
High;0.2813143737125257;-0.2622950819672131;-0.5755234411643807
Unknown;0.2303553928921421;-0.3038194444444444;-0.5691990328003113
Low;0.244595108097838;-0.1857142857142857;-0.5201809639866856
High;1.0;-0.0103092783505154;-0.1071939822386438
Medium;3.999920001599968e-05;0.8151023288637967;1.9366366342671175
High;0.5317493650126998;-0.1276595744680851;-0.4175695113803901
Unknown;0.8515829683406332;-0.0428802588996763;-0.1402708010688886
Medium;0.0037599248015039;-0.5598290598290598;-1.033875518053997
High;1.0;-0.0888888888888888;-0.3225911354182048
Medium;1.0;-0.0333333333333333;-0.0823244601307713
Unknown;0.1132377352452951;0.4961038961038961;0.8297274721114603
High;0.3360332793344133;-0.2112676056338028;-0.4837211060429454
High;0.3217135657286854;0.3687943262411347;0.5924773662096731
Unknown;0.9234615307693846;-0.0627062706270627;-0.1275563045126528
High;0.1933561328773424;0.3333333333333333;0.6037561436242482
Unknown;0.1300773984520309;-0.3432835820895522;-0.6723553916832262
Unknown;0.6993060138797224;-0.3111111111111111;-0.2550306852253354
Medium;0.2902741945161097;-0.1941580756013745;-0.3572994624808793
Medium;3.999920001599968e-05;-0.6629213483146067;-1.2084235057380603
Unknown;0.3278734425311493;-0.1944444444444444;-0.4870700537266043
Unknown;0.4137917241655167;-0.1149425287356321;-0.3844258722192446
Unknown;0.1334773304533909;0.337719298245614;0.6312846850493417
High;0.0800783984320313;-0.2659574468085106;-0.630086456240207
Unknown;1.0;0.0317164179104477;-0.0907144608647476
High;0.6038679226415472;-0.1333333333333333;-0.3861229196653691
High;0.6461870762584748;-0.0983606557377049;-0.356335045539423
Medium;0.1840296139608672;-0.5666666666666667;-1.153033902141294
Low;0.3179136417271654;-0.1515151515151515;-0.4434060741678519
Low;0.2760744785104297;-0.1875;-0.3990960869698836
High;0.242515149697006;0.2371273712737127;0.5646207727042911
Unknown;0.124997500049999;0.2537112010796221;0.4992766972035951
High;0.0623587528249435;0.3679653679653679;1.1966459846940964
Unknown;0.2751144977100458;0.1532258064516129;0.4826942187349672
Unknown;1.0;0.0333333333333333;0.0414335395232521
Unknown;0.3427931441371172;0.2023809523809523;0.4334143031492704
Medium;0.8308233835323293;-0.1020408163265306;-0.2531247528079793
Medium;0.0820383592328153;-0.3962264150943396;-0.8474434360820139
Unknown;1.0;-0.0128205128205128;-0.0692527079526407
Unknown;0.6430271394572109;-0.2058111380145278;-0.2978713978554344
Unknown;0.2779144417111657;-0.2653061224489796;-0.6060915267313264
Low;0.1527169456610868;0.2373271889400921;0.9386205674255058
High;1.0;-0.0091911764705882;0.0598347896738051
Unknown;0.0289194216115677;0.5238095238095238;0.9959428815776104
Medium;1.0;0.0267857142857142;0.1248741821523138
Unknown;0.0086398272034559;-0.4283333333333333;-0.7900009164305224
Unknown;1.0;0.0171428571428571;0.1159542071304896
Medium;1.0;0.0;
Unknown;0.0006399872002559;0.6145404663923183;1.4579685261059452
Unknown;0.9148617027659448;0.1156716417910447;0.1402589388597135
Unknown;0.2023959520809583;0.3085106382978723;0.683163145200339
Unknown;1.0;-0.03003003003003;-0.0779254650639294
Unknown;0.9555008899822004;0.0150101419878296;-0.0442216364157867
High;0.3411931761364772;-0.1985294117647058;-0.4487279123150695
High;0.0013599728005439;-0.4907407407407407;-0.9530806604680464
Low;0.0871582568348633;-0.380281690140845;-0.7312470322826768
High;0.1093978120437591;-0.1982758620689655;-0.5103784383841458
High;0.9508209835803284;-0.125;-0.3933978962347215
Unknown;0.0155196896062078;-0.4848484848484848;-0.9499151091690818
High;0.0005599888002239;-0.6121951219512195;-1.2337056738735723
High;1.0;0.015625;0.049029033784546
High;0.1985160296794064;-0.3018867924528302;-0.6879156524793268
Unknown;0.0817583648327033;0.3785714285714285;0.7665912293703947
Unknown;0.2296754064918701;-0.2900943396226415;-0.6010708684393865
Unknown;0.625627487450251;-0.1433823529411764;-0.3169258220892796
Low;0.0503189936201275;0.25;0.7127086974282563
Unknown;0.0973980520389592;0.2677070828331332;0.5431260276800931
High;0.8068638627227456;-0.085343228200371;-0.1647502960593133
Unknown;1.0;-0.069047619047619;-0.1566345703605365
High;0.5507889842203156;0.2398921832884097;0.3579704079329466
High;0.0126397472050558;0.3833943833943834;0.7607261605866877
Medium;0.0654786904261914;0.3380952380952381;0.609273335745232
Unknown;0.4633907321853563;0.1948051948051948;0.2948905693574695
Medium;0.5729485410291795;0.1595744680851064;0.284696599218611
Unknown;1.0;-0.0365853658536585;-0.2041556531653184
High;0.0543989120217595;-0.35;-0.7652299805136511
High;0.3193136137277254;-0.1237113402061855;-0.3752516735863968
Unknown;0.376392472150557;-0.3555555555555555;-0.5707011000051373
Medium;0.9094218115637688;-0.0804597701149425;-0.3091051229137011
High;1.0;-0.0123456790123456;-0.1171945728318276
Unknown;1.0;0.033033033033033;0.0155737781133202
High;0.4507109857802844;-0.0909090909090909;-0.3370999312316211
Unknown;0.0042799144017119;-0.4938271604938271;-0.8456853479673186
Unknown;0.7089458210835783;0.119047619047619;0.2766820031798951
Medium;3.999920001599968e-05;0.8290398126463701;2.216335211714363
Control;0.996140077198456;-0.0601173020527859;-0.1404541429814427
Unknown;0.872382552348953;0.1702127659574468;0.1881478382334729
High;0.7346253074938501;0.0980258679373723;0.1665197958497775
High;0.6859862802743946;-0.0978260869565217;-0.3450237425496921
High;0.9697806043879122;0.0804878048780487;0.0867953410632543
Unknown;0.3485530289394212;-0.1658576051779935;-0.3639362204412544
High;0.0171996560068798;0.3691358024691358;1.0680848315496565
Unknown;0.6074678506429871;-0.1202346041055718;-0.2296463625469102
High;0.0003599928001439;0.5737373737373738;1.3684651520357545
Unknown;0.49915001699966;-0.1854838709677419;-0.3946094648310603
Unknown;0.2781544369112618;0.2801418439716312;0.5655894707612285
Unknown;0.0017599648007039;0.557632398753894;1.1031028222737391
Low;0.2670746585068299;-0.2125;-0.4851783509188737
High;0.8655826883462331;0.0819277108433735;0.1498366541547102
Control;0.1038779224415511;-0.3666666666666666;-0.5922397008373073
Unknown;0.0088398232035359;-0.392156862745098;-0.709276763161048
High;0.5618687626247475;0.1714285714285714;0.3742888802764749
High;0.0222795544089118;0.4251207729468599;1.1346843731360106
Low;0.5116697666046679;0.2386363636363636;0.4503012397147921
Medium;0.5788684226315474;0.2037037037037037;0.4729570851687243
Low;0.5212295754084918;0.1332533013205282;0.2412499292134137
High;0.871782564348713;0.1080246913580246;0.2460964045049739
Unknown;0.3076338473230535;0.2788461538461538;0.4842900689981985
High;1.0;0.0;
Unknown;0.0001199976000479;0.7426160337552743;1.5108836848703375
High;0.2087158256834863;0.0931216931216931;0.4229775035298262
Unknown;1.0;0.040880503144654;0.0503670912893532
Low;0.6579468410631787;-0.1496598639455782;-0.302804548419298
High;0.122597548049039;-0.2211538461538461;-0.5208362470780965
High;0.0567588648227035;0.3157894736842105;0.8020905698838822
Unknown;0.883382332353353;0.1333333333333333;0.2130032168075646
High;0.7412651746965061;0.0030864197530864;-0.1641377955321212
Medium;0.0003999920001599;-0.6144578313253012;-1.32187913888953
High;1.0;-0.0700757575757575;-0.0548342331505493
Unknown;0.3380732385352293;0.2454545454545454;0.3524308705040176
Medium;0.2890742185156297;0.2;0.4838294214812789
High;0.6545069098618027;-0.1045751633986928;-0.2097800291186068
Unknown;0.0168796624067518;-0.5107142857142857;-0.9883492178479388
Unknown;0.6750264994700106;0.1604938271604938;0.3329747174862765
High;0.6084278314433711;0.1456456456456456;0.338331382258652
High;0.3104337913241735;0.255859375;0.4974482396503396
Unknown;0.2133957320853582;0.3399014778325123;0.570570235796516
High;0.6517869642607148;-0.0884955752212389;-0.3061976332592453
High;0.0425191496170076;-0.3152173913043478;-0.7108786930398756
High;0.0072398552028959;-0.5833333333333334;-0.9927597283729426
Low;1.0;-0.0434782608695652;-0.2252213082307254
High;0.243755124897502;-0.2738095238095238;-0.5389169831887498
Unknown;0.0014799704005919;-0.7414965986394558;-1.6935971398992842
High;0.3069138617227655;0.2982954545454545;0.4047848041109466
High;0.5806683866322674;-0.1555555555555555;-0.3246890934629567
Unknown;0.5092298154036919;0.2324455205811138;0.3967602524038235
Unknown;0.1284774304513909;-0.4074074074074074;-0.6992795593529727
Medium;0.251954960900782;-0.2453102453102453;-0.4859093375346466
High;0.1820363592728145;-0.2071428571428571;-0.418420482561622
Low;1.0;0.0;
Unknown;0.0789184216315673;0.3051948051948052;0.567037070219362
Unknown;0.0001999960000799;-0.5333333333333333;-0.9654820189256302
High;0.981860362792744;0.0477611940298507;0.0652544411957741
Medium;1.0;-0.0476190476190476;-0.0998712169459247
High;0.500389992200156;-0.1511701454775458;-0.2446711891263773
Medium;0.0031199376012479;0.4666666666666667;1.196077750911014
High;0.0014399712005759;0.5226824457593688;1.054687640824161
Unknown;0.7875042499150017;0.1527777777777778;0.2476302782718242
Unknown;1.0;-0.0151515151515151;-0.0295272776489697
High;0.0512389752204955;0.2293333333333333;0.6960356644148454
Unknown;0.0730785384292314;-0.4057692307692307;-0.726883005907401
Unknown;0.0319993600127997;0.3659147869674185;1.0829089291639256
Unknown;0.8965420691586168;0.0464646464646464;0.2125442637377503
High;0.0085998280034399;0.5808720112517581;1.2465189573998672
High;0.6629467410651787;0.1625615763546798;0.3098726340924857
Unknown;0.0089598208035839;0.449438202247191;0.945380042682193
Unknown;0.1621167576648467;0.3450704225352112;0.612018483741585
Unknown;1.0;-0.0256410256410256;-0.0544340638265118
Medium;0.0003199936001279;0.7042606516290727;2.027151389646084
High;0.1363572728545429;0.248829431438127;0.5503592215141124
High;0.0615987680246395;0.3791666666666666;0.8247616030042655
High;0.2011959760804784;-0.273972602739726;-0.5817474154284351
Unknown;0.878582428351433;0.0857142857142857;0.1604088343952626
Unknown;0.4558708825823483;0.1228239845261121;0.3007156175221254
High;0.0004399912001759;-0.8461538461538461;-1.9110867179929083
Low;0.1265174696506069;-0.3117283950617284;-0.5993531529325721
High;0.1453570928581428;-0.3409090909090909;-0.662292526374371
High;0.0018399632007359;0.4583333333333333;0.9339244835757764
High;0.3577128457430851;-0.3099273607748184;-0.4887722732784479
Low;0.2538349233015339;0.1381514257620452;0.3324130814775415
High;0.9695006099878004;-0.0617283950617283;-0.1622754859285078
Medium;0.3943521129577408;0.1313131313131313;0.3449044908473815
Medium;0.3793924121517569;-0.1372549019607843;-0.4179570038185723
High;0.1725565488690226;0.2773584905660377;0.5928157310783353
High;1.0;0.0;
Unknown;0.869622607547849;0.0989583333333333;0.1327772640089642
Medium;1.0;-0.0384615384615384;-0.2093947321356338
Unknown;0.5668686626267475;0.1909722222222222;0.4177858913882251
Medium;0.1979560408791824;0.1980698529411764;0.3974112368008301
Medium;0.2339553208935821;-0.2324561403508772;-0.5047780894365552
High;0.633867322653547;-0.0892857142857142;-0.3154972634976067
High;1.0;0.0;
Medium;0.2305153896922061;-0.2454545454545454;-0.4471456849980079
High;0.0142797144057118;-0.3761904761904762;-0.9072441321477992
Medium;0.7627047459050819;-0.1531531531531531;-0.2206332735341876
Unknown;0.6750264994700106;-0.1522248243559719;-0.2725645894117504
Unknown;0.3475530489390212;0.2948717948717949;0.594942079612805
Medium;0.0456790864182716;0.3419203747072599;0.6550795860023461
Medium;1.0;-0.0555555555555555;-0.1629816129348427
High;0.8175436491270175;-0.1215277777777777;-0.2320134214722743
High;0.118077638447231;-0.2421052631578947;-0.5913608055486779
High;0.3130337393252135;-0.1663201663201663;-0.3975299543080001
Unknown;0.1287974240515189;-0.4097222222222222;-0.7307363814873384
High;0.4321113577728445;-0.2121212121212121;-0.3004709296583018
High;0.0446391072178556;0.3848396501457726;1.0736650432225476
High;0.6283074338513229;0.1226551226551226;0.2463913874767589
Unknown;0.369992600147997;0.2438423645320197;0.4756387358629898
Unknown;0.1038379232415351;-0.4397163120567376;-0.7886119119663866
Unknown;0.0273994520109597;0.3662551440329218;0.999067147453316
Unknown;0.0597188056238875;-0.3168316831683168;-0.6202621844863192
Medium;1.0;-0.0508474576271186;-0.2410630211070923
Low;3.999920001599968e-05;0.6470588235294118;2.4469807972813937
Low;0.6959460810783784;0.1762237762237762;0.1577029230129221
High;0.998060038799224;-0.0594059405940594;-0.2634599621222926
Low;0.5849083018339634;0.0712074303405572;0.2245975703295768
High;0.8151836963260735;-0.0905797101449275;-0.2392932928731444
Unknown;0.0139997200055998;0.3367117117117117;0.9456631189120852
High;0.5777884442311154;-0.1079365079365079;-0.2353895293770728
Unknown;0.2899142017159656;-0.2971014492753623;-0.5956934464066306
Control;0.245035099298014;-0.3795918367346939;-0.7093333127282622
Medium;0.0397592048159036;-0.3717948717948718;-0.7016976156590219
Medium;1.0;-0.0119047619047619;-0.1008323914622381
Unknown;0.4325113497730045;0.3103448275862069;0.4246252482341777
Control;0.9835003299934;0.0676691729323308;0.1298778564672325
Low;0.1831563368732625;-0.2261904761904762;-0.5658149168646229
Unknown;0.0035599288014239;0.5441176470588235;1.1604121783624732
High;0.0010399792004159;0.6714285714285714;1.2835840095301847
High;1.0;-0.0217391304347826;-0.1569639485978239
Unknown;0.6532669346613068;-0.126865671641791;-0.2799652514887791
High;0.5239495210095798;0.1848591549295774;0.4047988461769656
Unknown;0.247355052898942;-0.2551440329218107;-0.5090638429009215
High;1.0;-0.12;-0.3977207791677701
Medium;1.0;0.0513468013468013;-0.01152486507515
Unknown;0.0023999520009599;0.6354166666666666;1.3617780995561863
High;0.1400371992560148;0.1914529914529914;0.8690922798747145
High;0.0015199696006079;-0.5609284332688588;-1.044718926059094
Unknown;0.1931561368772624;0.1476190476190476;0.4781294662437952
High;1.0;-0.010204081632653;-0.1060945277159811
High;1.0;-0.0398322851153039;-0.1113248975488386
High;0.3995120097598048;-0.2178571428571428;-0.46549826220353
Medium;0.0146397072058558;-0.3333333333333333;-0.7090113782854757
High;3.999920001599968e-05;0.8095238095238095;2.2763095774399376
Low;0.7603847923041539;-0.0742932281393819;-0.1874810485965941
High;0.1698366032679346;-0.2239709443099273;-0.4465614698301525
Unknown;0.6736265274694506;0.1004901960784313;0.1811400672570236
Unknown;0.0069198616027679;-0.4597701149425287;-0.8865624743354406
High;0.0001599968000639;0.7761194029850746;1.71469605732626
Unknown;1.0;0.0281030444964871;0.0431051334378327
Medium;1.0;0.0;
Unknown;0.7793044139117218;-0.0753968253968253;-0.1860436997012041
Medium;0.754744905101898;0.1162790697674418;0.195055867528283
Unknown;0.7352252954940901;0.1737588652482269;0.2239523902039737
Unknown;0.6049879002419951;-0.0896358543417367;-0.1805393698229471
Unknown;1.0;0.0539083557951482;0.118070454117703
Unknown;0.1484370312593748;-0.2739273927392739;-0.4784858702267661
High;0.3935521289574208;0.2146118721461187;0.4283444868083728
High;0.6741465170696586;-0.1602564102564102;-0.3376997340904296
Unknown;0.0738785224295514;-0.3243243243243243;-0.7058808331686234
Medium;0.0146397072058558;-0.5357142857142857;-0.9776689339178238
High;0.2917541649167016;-0.2763466042154566;-0.5286385054259228
High;0.0013999720005599;0.7454545454545455;1.6632872543657424
High;0.0242395152096958;-0.4205479452054794;-0.8656122933279308
High;0.0608387832243355;-0.3421052631578947;-0.6942857249552147
Unknown;1.0;-0.0563165905631659;-0.0591385722405449
High;0.5208295834083319;-0.1930147058823529;-0.3446751415711725
Unknown;0.0217595648087038;-0.3300970873786408;-0.6791694793907829
Medium;0.3067138657226855;-0.2222222222222222;-0.5178337717661123
Unknown;0.0083998320033599;0.625;1.4660540142771206
High;0.1623167536649267;0.3251028806584362;0.577777777777778
Medium;0.0091998160036799;0.5914179104477612;1.0938793888593723
Medium;0.1526369472610547;-0.2564593301435406;-0.5520346546784235
Low;0.5373492530149397;0.1696696696696696;0.3281698976769249
High;0.0076398472030559;-0.4123711340206185;-0.8757086374202201
High;0.742945141097178;-0.1346153846153846;-0.2932852198824954
High;1.0;-0.0505050505050505;-0.2420007584182442
Unknown;0.0697586048279034;-0.3358024691358025;-0.6600009141211308
High;0.1307173856522869;-0.3442622950819672;-0.7536794987826363
High;1.0;-0.0413223140495867;-0.2176652715040292
High;0.2972340553188936;-0.3222222222222222;-0.5616499299179373
High;1.0;-0.0194444444444444;-0.018856687058223
Unknown;0.8850222995540089;0.1;0.19172984130278
Unknown;0.0038399232015359;0.4049844236760124;1.0291054278794174
Unknown;1.0;-0.0572916666666666;0.0421075960533258
High;0.4053118937621247;0.0972222222222222;0.4624952924864598
High;0.2673146537069258;-0.1985157699443413;-0.4134234392338942
Unknown;0.0023199536009279;0.5720930232558139;1.217505322345439
Unknown;0.7763444731105378;-0.0671604938271605;-0.205341769168482
Unknown;1.0;-0.109090909090909;-0.3593438671277145
Unknown;0.494190116197676;0.1930473372781065;0.2617872338356797
Unknown;0.0340393192136157;0.3922924901185771;0.7868837300884585
Unknown;1.0;0.0398505603985056;0.0924895063055402
Unknown;0.370992580148397;-0.2745098039215686;-0.5308330068999302
High;0.2165956680866382;0.296875;0.5961500771546114
Unknown;0.0517589648207035;0.5160256410256411;0.9571184650897608
Unknown;0.9349013019739604;-0.0715909090909091;-0.2010784605037048
High;0.4150316993660127;-0.1317460317460317;-0.3451391489540499
Unknown;0.3482730345393092;-0.2545454545454545;-0.4917099963754447
High;0.4674306513869722;0.1195402298850574;0.4109933603221415
Unknown;0.6743865122697547;-0.1363636363636363;-0.4150286783196447
High;0.4434311313773724;-0.1477272727272727;-0.4118615730965979
Unknown;1.0;-0.0625;-0.2700308624336608
Low;0.2111157776844463;0.2623456790123457;0.529961253869524
Low;0.3191536169276614;-0.1515151515151515;-0.4434060741678519
Low;0.8691426171476571;0.1088911088911089;0.1155832842780081
Medium;0.4237915241695166;-0.1466666666666666;-0.3895971926535145
Unknown;0.1110377792444151;-0.310215557638238;-0.5572676304612911
High;3.999920001599968e-05;0.9006410256410257;2.5679848040797366
Unknown;0.9027819443611128;0.1045751633986928;0.1952871278157756
High;0.1735565288694226;0.3821138211382114;0.7921104874891154
High;0.4662706745865083;-0.1212121212121212;-0.3896966284281785
Unknown;0.9566208675826484;0.0805998125585754;0.090000063977133
Medium;1.0;-0.0026755852842809;-0.0073111089600257
High;0.5620687586248275;0.1448275862068965;0.2752225005573314
Medium;0.2632747345053099;-0.2448979591836734;-0.6033552078955229
High;0.5300693986120277;0.2326388888888889;0.2466100126039052
Medium;0.3616327673446531;0.2467532467532467;0.4995878998043456
Unknown;0.1941161176776464;0.3472222222222222;0.5945777801524258
Unknown;0.0388392232155356;-0.4152046783625731;-0.8493201307111494
High;0.0001599968000639;0.6516746411483254;1.34395049589514
Unknown;0.6362272754544909;-0.144927536231884;-0.299427987713983
Unknown;1.0;0.0507246376811594;0.0808122563395455
Medium;0.116917661646767;-0.2536319612590799;-0.5130911010262876
Medium;0.3139137217255655;-0.2;-0.5214163403653552
High;0.3007939841203176;-0.2052469135802469;-0.4160982740026322
High;0.8175436491270175;-0.1126760563380281;-0.3482951514970059
Medium;0.8039039219215616;-0.1509433962264151;-0.4372584688184541
Medium;1.0;0.037037037037037;0.0582507055536025
Unknown;0.240755184896302;-0.2461538461538461;-0.5776647263094029
High;1.0;0.0476190476190476;0.040062867904013
Low;1.0;-0.0096153846153846;-0.0051510099585802
Unknown;0.0061198776024479;-0.4231692677070828;-0.7989618855474775
High;0.2736345273094538;0.2742718446601941;0.4084293520680804
Medium;1.0;-0.0307692307692307;-0.1862160967167841
High;1.0;0.0296296296296296;0.060582156494362
High;0.6637067258654827;-0.0764462809917355;-0.2104944833276468
Unknown;1.0;0.0555555555555555;0.0955727887257373
Medium;0.3264734705305894;-0.2475633528265107;-0.4005295497327915
Medium;0.4888702225955481;0.0386416861826697;0.2623203145392079
Unknown;0.1919961600767984;-0.2550561797752809;-0.5222529375033385
High;0.2904341913161736;0.2345238095238095;0.356175609024308
Medium;0.99730005399892;0.0246913580246913;0.0445692932954645
Unknown;0.1127977440451191;0.2833333333333333;0.4999968357534545
Unknown;0.0689986200275994;-0.4217687074829932;-0.9604385027448842
Medium;0.0007199856002879;-0.5932584269662922;-1.0980352191212823
Medium;1.0;0.0;
High;0.2130757384852303;-0.1692677070828331;-0.3647595188031851
High;1.0;-0.0032362459546925;-0.0367357947246437
High;0.9761004779904402;-0.0576036866359447;-0.1169583630573053
Unknown;0.6435071298574029;0.0959302325581395;0.1752328655786139
Low;1.0;0.0;
Unknown;1.0;-0.0178571428571428;-0.140730930520603
Unknown;0.3335933281334373;0.2836879432624113;0.5335299741958297
High;1.0;-0.0250809061488673;-0.1129858996442711
High;0.994260114797704;0.1047619047619047;0.1144358010615667
Medium;0.5761084778304434;-0.1234567901234567;-0.3706017795590647
Unknown;0.1768364632707345;0.3633633633633634;0.5709949793369232
High;0.7937041259174816;-0.0456140350877193;-0.1696327659519142
Low;1.0;-0.043010752688172;-0.2252621202829279
Medium;0.2847143057138857;0.1765350877192982;0.3589800474912288
Low;0.0222795544089118;0.4923076923076923;0.7826230438385459
Medium;0.0026799464010719;0.5017543859649123;1.2043168890791138
High;1.0;-0.0647058823529411;-0.1758333964320245
Unknown;0.0568388632227355;-0.3953823953823954;-0.7412529771225783
Unknown;0.4891902161956761;-0.1598662207357859;-0.2402229446437361
Unknown;0.5180296394072118;0.111156186612576;0.2140557316372152
High;0.0169996600067998;-0.4520547945205479;-0.9609347185186996
Unknown;0.244515109697806;-0.2222222222222222;-0.5599036198240404
Unknown;0.0976780464390712;0.3339712918660287;0.6145090817673262
Unknown;0.8429031419371612;-0.0439314966492926;-0.1776478774182549
Medium;0.2213155736885262;-0.2307692307692307;-0.55503492796288
Low;0.1669166616667666;-0.2953586497890295;-0.5784118375025313
Medium;0.0633187336253275;0.4038461538461538;0.8550962375381326
Medium;1.0;-0.0192307692307692;-0.145313931758787
Unknown;1.0;-0.0044943820224719;-0.0020552875639346
Unknown;0.5612687746245075;0.0378787878787878;0.3301909261806927
Low;0.9625407491850164;-0.034090909090909;-0.1028758786321747
Unknown;0.2092358152836943;-0.1884057971014492;-0.5155450993680394
High;0.1416371672566548;0.3024691358024691;0.5561454368445424
High;1.0;0.0;-0.0260697324031575
Medium;0.0820383592328153;0.4053571428571428;0.8172316534878663
High;0.3134737305253895;-0.2430555555555555;-0.4961976634488731
High;1.0;-0.0384615384615384;-0.0647066633988965
Unknown;0.6878662426751465;-0.0892857142857142;-0.2381022064762754
High;0.3951920961580768;0.2342342342342342;0.3700583719208221
Medium;0.0380392392152156;-0.3265306122448979;-0.6686406770341105
High;0.3478730425391492;-0.2137330754352031;-0.3648226687264322
Unknown;0.1047979040419191;-0.2705570291777188;-0.5310612999422308
High;0.0032399352012959;0.473076923076923;1.4063273748934533
High;1.0;-0.0454545454545454;-0.2279211529192758
Unknown;0.1329573408531829;0.4077922077922078;0.7136245306871338
High;0.4373912521749565;-0.1683673469387755;-0.4373662065206589
High;1.0;-0.0238095238095238;-0.0774067225361431
Unknown;1.0;0.0;
Medium;1.0;0.0326086956521739;-0.072137793597106
High;0.879702405951881;0.0946579194001874;0.1329924545711523
High;1.0;-0.0337301587301587;-0.0919366930027925
Medium;0.7041859162816744;-0.0714285714285714;-0.2746950896959533
Medium;0.1866762664746705;0.2375;0.5606895972237812
Unknown;0.4491510169796604;-0.1791044776119403;-0.3659391320217993
Unknown;0.0203995920081598;-0.4158415841584158;-0.7375748188115474
Medium;0.5838683226335474;-0.0957977207977208;-0.2025169610620117
Medium;0.8595028099438011;0.144047619047619;0.102553275364982
High;0.1644767104657906;-0.2;-0.5232681184722836
Unknown;0.1109977800443991;0.2578616352201258;0.8367521191343575
High;0.4852941176470588;-0.2727272727272727;-0.7150969419341943
Unknown;0.5636687266254675;0.2954545454545454;0.5848638261331696
Unknown;0.0142797144057118;-0.36;-0.7144502856699168
Medium;0.0024399512009759;-0.6029411764705882;-1.166592166403711
High;0.501589968200636;-0.1352941176470588;-0.3512961790187907
High;1.0;0.0;
High;0.239435211295774;-0.1786069651741293;-0.3765889745584802
Low;0.2286754264914701;-0.2694117647058823;-0.4863906018853883
Unknown;0.0580788384232315;-0.4539170506912442;-0.935424194913849
Medium;0.0662786744265114;-0.3634085213032581;-0.8281969942356339
High;0.9405011899762004;-0.031615925058548;-0.0961570162391817
Medium;0.9198216035679286;0.1076923076923077;0.0911193459042573
Low;0.0505189896202075;0.488235294117647;0.7204457463561625
High;0.0032399352012959;0.4583333333333333;1.1179285367865055
Low;1.0;0.0;
High;0.5669086618267635;0.1527777777777778;0.3173757831487545
Low;0.2787944241115178;-0.2373333333333333;-0.4718067676668703
Medium;1.0;0.0;
Unknown;0.4435911281774364;0.3041666666666666;0.5568977779944315
Unknown;0.3917521649567008;0.2639225181598063;0.4431325500344307
Low;0.4816703665926681;0.1491228070175438;0.2839948651991368
Unknown;0.0427991440171196;-0.4489795918367347;-0.8520043349920726
High;0.0263194736105277;-0.5510204081632653;-1.1521537466977592
Unknown;0.8517829643407132;-0.0930555555555555;-0.2086702110926604
High;0.6721065578688427;0.1478696741854636;0.1486960246052014
High;0.0779984400311993;-0.3529411764705882;-0.7160490516325618
Medium;0.980940381192376;-0.081081081081081;-0.3107762474733884
Low;0.6641067178656427;0.173828125;0.2678961976277604
Unknown;0.0524789504209915;0.4047058823529412;0.7387657094634767
High;0.0246795064098718;0.4105263157894737;0.8058616034316172
High;0.7377052458950821;-0.1633986928104575;-0.3263862390550133
Low;0.0687186256274874;-0.3951612903225806;-0.7120086717083943
Unknown;0.3030339393212136;-0.2031539888682745;-0.4075751378767112
Medium;0.980860382792344;-0.046875;-0.1603174885280372
Unknown;0.3205535889282214;0.2325358851674641;0.3763356792509016
Unknown;1.0;-0.0169491525423728;-0.0937808243931737
Low;0.0179996400071998;-0.3398058252427184;-0.7162515258638047
High;1.0;0.0;
Unknown;1.0;0.0272108843537414;0.0082416432257691
Unknown;0.5369092618147637;0.1613333333333333;0.2824163806322105
Unknown;0.125357492850143;-0.392156862745098;-0.8341235974590798
Unknown;0.8558628827423451;0.0920096852300242;0.1473885154917566
High;0.0594788104237915;-0.2357723577235772;-0.5704068070912326
Unknown;1.0;-0.0507246376811594;-0.088923780203725
Unknown;1.0;-0.0498575498575498;-0.1253938857733939
Unknown;0.0166396672066558;0.4614492753623188;0.7470763966877138
Unknown;0.0595988080238395;-0.392318244170096;-0.7050395592771301
Low;0.8376232475350494;-0.0972222222222222;-0.3437475718639961
Low;0.8389832203355932;0.1746031746031746;0.2176926959962365
Medium;0.0025999480010399;0.5426829268292683;1.2066052247397234
Unknown;0.2212355752884942;-0.3537414965986394;-0.6790065586489862
Unknown;1.0;-0.0374149659863945;-0.0074073543937885
High;0.8328233435331294;0.0408163265306122;-0.1956248114133159
Unknown;0.3080338393232135;-0.2834467120181406;-0.5070400619947829
Medium;0.3203935921281574;-0.2619047619047619;-0.4883345596328259
Unknown;0.0056398872022559;0.3607142857142857;1.8592290487212864
Low;0.0010799784004319;-0.5303030303030303;-0.9299267494551708
High;1.0;-0.087719298245614;-0.3234012895182675
High;0.8163836723265535;-0.1296296296296296;-0.4033937980975632
High;0.9057018859622809;0.0820895522388059;0.1611877141378372
High;0.1298374032519349;-0.1503267973856209;-0.4149269805948531
High;0.5327093458130837;0.1829573934837092;0.4111713696798941
Medium;0.2860342793144137;0.2121212121212121;0.4145041353027796
Unknown;0.1833163336733265;-0.3114754098360656;-0.667613985513394
Unknown;0.6792264154716906;-0.1089108910891089;-0.3631847881162314
High;0.5647887042259154;-0.1985815602836879;-0.4162031488807561
Low;0.5800283994320113;0.1928571428571428;0.3086631128119458
Unknown;0.5457890842183156;-0.1633333333333333;-0.3568151806898519
Unknown;0.1387572248555029;-0.3333333333333333;-0.6215659567057479
Unknown;0.9061018779624408;0.083955223880597;0.1054926302931628
High;0.7688246235075299;-0.1568627450980392;-0.4479267740299086
Low;1.0;0.023876404494382;0.077724565872872
High;0.502709945801084;-0.1153846153846153;-0.3589628038069475
Low;0.4169116617667646;-0.1206896551724138;-0.3646905973340357
Unknown;0.3118337633247335;0.2169312169312169;0.520917623237207
High;1.0;-0.0153846153846153;-0.1311011060212689
Medium;1.0;0.0858085808580858;0.0099463404189569
High;0.251194976100478;-0.2297872340425532;-0.4984601504783668
Unknown;0.0417191656166876;-0.2961672473867596;-0.5994381761761571
Low;0.6743865122697547;0.1707865168539326;0.1846576685868828
High;0.1555968880622387;0.3026315789473684;0.6068538471150204
Unknown;0.1347973040539189;0.2571032571032571;0.4910771144668834
Unknown;0.9809003819923602;0.056640625;0.1125389130374954
Unknown;0.5082698346033079;0.16875;0.7506622517846604
Low;1.0;-0.0333333333333333;-0.0701599487283483
High;0.0350792984140317;-0.35062893081761;-0.6973736301641081
High;0.1417171656566868;0.4148148148148148;0.7864734159048539
Unknown;0.5234695306093878;-0.1134453781512605;-0.2989758647880728
Unknown;1.0;0.0245148110316649;0.066212049881108
High;1.0;-0.059612518628912;-0.0877809280582402
Unknown;0.7702245955080899;-0.1590909090909091;-0.4542996878583633
Low;0.0139997200055998;-0.4925373134328358;-1.0283513916572689
Medium;0.7340653186936261;-0.1238095238095238;-0.1955176381158601
Low;0.0091198176036479;-0.5313253012048192;-0.9577510536029328
Unknown;1.0;-0.0581395348837209;-0.2611289784419603
Unknown;0.3373532529349413;-0.199724517906336;-0.4171398827949465
Unknown;0.3010739785204296;-0.1546391752577319;-0.4492051483179297
High;0.8514229715405692;-0.1228070175438596;-0.3709139313130918
Low;0.0137597248055038;0.4757462686567164;1.261498188794378
High;0.4047519049619008;0.3777777777777777;0.5508285336570843
Unknown;3.999920001599968e-05;0.915032679738562;2.5471059412817487
High;1.0;-0.0125;-0.1180002145460396
Unknown;0.0160796784064318;-0.6666666666666666;-1.3463678065918925
Control;1.0;0.0;
High;0.0003999920001599;-0.5185185185185185;-0.9767171958004146
High;0.0074798504029919;-0.4317394317394317;-0.8912441375528857
Unknown;1.0;0.015625;0.0251597850538947
High;0.1454770904581908;-0.2023562023562023;-0.4619769730214281
High;0.122877542449151;-0.3134328358208955;-0.7052689436896823
Medium;0.377032459350813;0.2291666666666666;0.4406849993379294
Medium;0.2719145617087658;0.2919540229885057;0.4635525781252385
Control;0.5695486090278195;0.2810810810810811;0.3979255615306835
Unknown;1.0;0.0;
Low;0.2089558208835823;0.2453703703703703;0.6532836844009433
Low;0.5554688906221875;-0.1116279069767441;-0.2988738823591693
Unknown;0.0050798984020319;0.4838709677419355;1.1888386316326498
High;1.0;-0.0285714285714285;-0.1798692335461253
Unknown;0.6945461090778184;-0.0214626391096979;-0.141515855121034
Unknown;0.9395412091758164;0.1153846153846153;0.1695089175538705
Medium;0.5682286354272914;-0.1488372093023255;-0.313888578894955
High;0.2873942521149577;0.2121212121212121;0.4487959648770265
Low;0.0807183856322873;0.4166666666666667;0.7475104881033854
Unknown;0.127157456850863;-0.4239130434782608;-0.8416972336946325
Low;0.4461110777784444;0.1752136752136752;0.3989687079991947
High;0.3836723265534689;-0.1805555555555555;-0.4916918024791907
Unknown;0.621507569848603;0.2142857142857142;0.353879528789729
High;0.866982660346793;-0.0853658536585365;-0.3200609698014487
Unknown;0.2147957040859182;-0.2254901960784313;-0.4527800686969831
Unknown;1.0;0.0185185185185185;0.0278941239948545
Medium;0.2015959680806384;-0.2698412698412698;-0.615727926214882
High;0.7885842283154337;0.0909090909090909;0.1759797852249726
High;0.4417911641767165;-0.0948905109489051;-0.3289848942755107
High;0.3140337193256134;0.1764705882352941;0.6130199693817242
High;0.0344793104137917;-0.379746835443038;-0.8163911108528915
Medium;1.0;-0.0311850311850311;-0.0165795374518952
Low;0.0001599968000639;0.7916666666666666;1.6718065834728204
Medium;0.5508289834203316;-0.1131147540983606;-0.2500059729488414
Control;0.6881862362752745;0.1937046004842615;0.2691422136111898
Medium;0.0152796944061118;-0.5370370370370371;-1.000441492548806
High;0.9025019499610007;-0.0919117647058823;-0.1280970548457596
Unknown;0.2129557408851823;0.3551401869158878;0.4280327628869974
High;0.0169996600067998;0.3664343786295005;0.8072656006066641
Unknown;0.993420131597368;-0.1826923076923076;-0.0868988480976357
Medium;0.491270174596508;0.0210084033613445;0.2576513886064602
Unknown;0.8690226195476091;-0.1018981018981019;-0.1128036070441506
High;0.4509509809803804;0.1343283582089552;0.2653045262437137
High;0.0075598488030239;0.5436507936507936;1.3136585458728278
High;0.2316753664926701;0.3298850574712643;0.4818309052554453
Low;0.2723145537089258;0.2129629629629629;0.4263946019274175
High;0.1437171256574868;-0.4130434782608695;-0.7690780230303244
High;0.5668686626267475;-0.1549295774647887;-0.4202046594454856
Unknown;0.1962360752784944;-0.3035714285714285;-0.6372323663761882
Unknown;1.0;-0.0444444444444444;-0.2250466503461923
Medium;0.3819523609527809;-0.1805555555555555;-0.46474576536177
Medium;0.2569948601027979;0.2335958005249344;0.3769843133002786
Unknown;0.0002399952000959;-0.6111111111111112;-1.165387036764811
High;0.0082398352032959;0.4444444444444444;1.2930420225026225
Unknown;1.0;0.0254237288135593;-0.0333432202089908
High;0.2014359712805744;-0.227997227997228;-0.4642945330206219
Medium;0.0184796304073918;-0.5264084507042254;-0.9030833983709068
Low;1.0;-0.015625;-0.1326993857714759
Unknown;0.0042799144017119;-0.4656862745098039;-0.8858019111002736
High;0.2367552648947021;0.3049382716049382;0.4730343377252616
High;0.2133157336853263;-0.2622950819672131;-0.624922581726076
Unknown;0.7892642147157057;0.1014492753623188;0.3761158504707625
Unknown;0.0023999520009599;-0.4629629629629629;-0.860634225793739
High;0.4821903561928761;0.2450980392156862;0.5005645912156207
Medium;0.5521089578208436;-0.1785714285714285;-0.4866222788118367
High;0.2807943841123178;-0.2488262910798122;-0.4953311341510024
High;0.2696346073078538;-0.1815181518151815;-0.3968440312320773
Medium;0.1859562808743825;-0.30859375;-0.6259639195629717
Medium;0.0639987200255994;0.3837209302325581;0.7249274381230595
Low;0.0515989680206395;-0.3561643835616438;-0.7786123866312198
High;0.2067158656826863;0.1798201798201798;0.5268284156018531
Low;0.1591168176636467;-0.2508090614886731;-0.5158259013535618
Unknown;0.5734685306293874;-0.1904761904761904;-0.4076607416482975
High;0.1919961600767984;0.3238095238095238;0.5495461712020869
Unknown;0.120597588048239;0.2962962962962963;0.820425141302346
Unknown;0.1033579328413431;-0.3059628543499511;-0.5919147376931121
Unknown;1.0;-0.0182926829268292;-0.0463059795461285
Medium;0.1312373752524949;0.281524926686217;0.5594137195032212
High;0.4001519969600608;-0.1202686202686202;-0.3135010201991741
Medium;0.9649407011859764;-0.1076388888888889;-0.2524390821487007
Unknown;0.3475530489390212;-0.234375;-0.4712106468281574
Unknown;3.999920001599968e-05;-0.5612040133779265;-1.3094457496971263
Unknown;0.6714265714685707;0.1502683363148479;0.1882519196266853
Medium;0.1816763664726705;-0.1574803149606299;-0.4299907854298756
Medium;0.3389132217355652;-0.2121212121212121;-0.5419467627971346
Unknown;0.0893582128357432;-0.3793103448275862;-0.719120872485045
Medium;1.0;0.0072639225181598;0.020844126476368
Unknown;0.7625847483050339;0.1116279069767441;0.1911664160390749
Low;1.0;-0.3333333333333333;-0.7071067811865476
High;0.0009199816003679;0.5256410256410257;1.4064054324613713
Medium;3.999920001599968e-05;-0.7741046831955923;-1.5382795475153297
Medium;0.0109597808043839;0.5854063018242123;1.057664161729835
Unknown;0.2281954360912781;0.3074433656957929;0.4162960924985153
High;0.3623127537449251;0.1964809384164222;0.3561334750648252
Unknown;0.8461030779384412;0.1159420289855072;0.1728640108101689
High;0.3995520089598208;0.157190635451505;0.3359896281344101
High;1.0;0.0588235294117647;0.1005499583174805
Medium;0.3315933681326373;0.1939605110336817;0.348635509476216
High;0.9061418771624568;0.1351170568561873;0.0803032814473945
Unknown;0.8421052631578947;-0.2777777777777778;-0.572351471472339
High;0.0686386272274554;0.3883399209486166;0.7075025179163318
High;0.375872482550349;0.1850048685491723;0.3557018025125839
Unknown;0.75722485550289;-0.0773317591499409;-0.2212305990104364
Medium;0.2028359432811343;-0.265625;-0.5961500771546114
Low;0.9451410971780564;0.0192307692307692;-0.1532341071138524
Unknown;1.0;0.0;
Unknown;0.4567108657826843;-0.1065573770491803;-0.3501372075059472
High;0.6016279674406512;-0.08130081300813;-0.2103514965332826
High;0.0637987240255194;-0.2636904761904762;-0.547314874115962
High;0.0407591848163036;-0.5128205128205128;-1.0557171780716792
Low;0.5126697466050679;-0.1666666666666666;-0.4487745552040594
Unknown;1.0;0.0;-0.0717711564704018
Medium;0.1293974120517589;-0.3038961038961039;-0.5946045383081179
High;0.5561088778224436;0.1471264367816092;0.279747641578872
High;1.0;0.0703125;0.0836437006397757
Medium;0.1724765504689906;-0.3125;-0.7000405832391563
Unknown;0.8219035619287615;-0.1125;0.2572746083554778
Medium;0.1830363392732145;-0.181672669067627;-0.4050177194461496
Unknown;1.0;-0.0701357466063348;-0.0687335006706066
Low;0.0053998920021599;0.6;1.1125453315169644
Low;0.244435111297774;-0.2463768115942029;-0.5614191389873091
High;0.0699586008279834;-0.2413793103448276;-0.5781094414691645
High;0.0039199216015679;-0.5185185185185185;-0.9640425484506464
High;0.631307373852523;-0.0984848484848484;-0.2173031101565371
Medium;0.4541909161816763;-0.1169154228855721;-0.2864820817570516
Unknown;0.5709485810283794;-0.1764705882352941;-0.4850712500726659
High;0.2549149017019659;0.3214285714285714;0.6943650748294135
High;1.0;-0.046875;-0.2319288330642772
High;0.8805823883522329;-0.1063829787234042;-0.3663948518151924
High;1.0;-0.0116279069767441;-0.1133979590963743
High;1.0;0.0299145299145299;0.0745920347431454
Medium;0.246635067298654;-0.2941176470588235;-0.5640899346915924
Unknown;0.1058778824423511;0.3325123152709359;0.8307279295424945
Unknown;0.0029999400011999;0.5955555555555555;1.2135365425774949
Medium;0.0541589168216635;-0.4221014492753623;-0.8000971792249219
Low;1.0;0.0;
Unknown;1.0;-0.0652406417112299;0.0580030359830399
Unknown;0.7365452690946181;-0.15;-0.3173414234424488
Medium;0.4637907241855163;0.1239316239316239;0.2861407682628867
Unknown;0.6459470810583788;0.1779448621553884;0.2440465347046763
Unknown;0.8203435931281374;0.0635386119257087;0.1905993970003478
Unknown;0.0722785544289114;-0.2308035714285714;-0.5182875224559373
Unknown;0.1932361352772944;-0.2669753086419753;-0.5864345424996859
Unknown;0.9022219555608888;-0.0901639344262295;-0.1881187744524165
High;1.0;-0.05;-0.2392422247540412
Low;1.0;-0.0579710144927536;-0.2586303000559358
Low;0.1490770184596308;-0.160377358490566;-0.4650151987230737
Unknown;0.9296614067718646;-0.0770750988142292;-0.0845019450718861
Unknown;1.0;-0.0153846153846153;-0.1315587028960544
Unknown;0.4178316433671326;0.2551020408163265;0.4933227614237716
Medium;7.999840003199936e-05;0.6752136752136753;1.32009306370679
Unknown;0.8184636307273855;-0.0711462450592885;-0.147794307113037
Low;0.7385452290954181;-0.1310975609756097;-0.3027848232383204
Unknown;3.999920001599968e-05;0.6954828660436138;1.5941530634669696
Unknown;0.0909981800363992;0.4543325526932084;0.7938841860374448
Unknown;0.0132797344053118;0.624113475177305;1.352361396625409
Medium;0.4847503049939001;-0.1964285714285714;-0.5160134119088778
High;0.1845963080738385;-0.1775700934579439;-0.4879604006385496
Medium;1.0;0.0;
Medium;0.0964380712385752;0.4299242424242424;0.7323574810421719
High;0.7243055138897222;-0.1666666666666666;-0.4070853716228284
High;1.0;-0.0174165457184325;-0.0596343695051502
Control;0.0226395472090558;0.5419501133786848;1.0374889916886447
High;0.1569968600627987;0.2650717703349282;0.3996484044819656
Unknown;0.9239415211695766;-0.0987654320987654;-0.1475627810818996
Unknown;0.0020799584008319;0.5090579710144928;1.3901525088066375
Unknown;1.0;-0.0595238095238095;-0.069471251797091
High;0.8845423091538169;-0.0583333333333333;-0.1554334896336251
Unknown;0.8803423931521369;-0.0665024630541872;-0.1507246170822353
Unknown;1.0;-0.0092592592592592;-0.1014774894172521
Unknown;0.2653146937061258;-0.2308641975308642;-0.423628917703214
Medium;1.0;-0.0806451612903225;-0.3078854254441179
High;0.0203995920081598;-0.4246575342465753;-0.82430086005152
Medium;0.0017199656006879;0.6142857142857143;1.8952310616511168
Unknown;1.0;-0.0434782608695652;-0.2244888792724397
Medium;0.9142217155656888;-0.0353535353535353;-0.1081491848398551
Unknown;0.0015599688006239;-0.475;-0.981705094331388
High;0.0681986360272794;-0.3708513708513709;-0.6890338415743419
Low;0.1780364392712145;0.1938061938061938;0.5282736181619384
High;0.3459130817383652;0.2719298245614035;0.3346636139755078
Medium;1.0;0.0;
High;0.0625987480250395;0.522248243559719;0.879072902790784
Unknown;0.3031939361212776;0.2197916666666666;0.4134763425064593
High;0.2029959400811983;0.3064516129032258;0.6261936037887429
Unknown;1.0;0.0204081632653061;0.0080224628595766
High;0.9397812043759124;-0.0538461538461538;-0.1532199455319505
High;0.3881922361552768;0.1630434782608695;0.5345156963670372
Unknown;0.1455570888582228;0.3669950738916256;0.6493310973902106
Unknown;0.0969980600387992;0.3093093093093093;0.6972503253039113
Unknown;0.4286314273714525;-0.1827485380116959;-0.4079567096793337
Unknown;0.872742545149097;0.0967741935483871;0.1940091075465346
Medium;0.0081598368032639;-0.458455522971652;-0.9303912843141644
High;0.0239195216095678;-0.453125;-0.8628356124532918
High;0.0211595768084638;-0.5081967213114754;-1.004383498242967
Unknown;0.7788244235115298;0.1375;0.1877706538593585
High;0.1577568448631027;0.3364197530864197;0.622298081276798
High;0.0054398912021759;-0.4158415841584158;-0.8681790749215065
Medium;0.7872242555148897;-0.0963414634146341;-0.2515888177909122
Unknown;0.5254294914101718;-0.1566951566951566;-0.304566144936854
Unknown;1.0;-0.074074074074074;-0.3006166501881929
High;7.999840003199936e-05;0.7329545454545454;1.707152000832319
Unknown;0.9296614067718646;0.1145833333333333;0.1940826048033435
High;1.0;-0.0348837209302325;-0.1910045868473514
High;1.0;-0.0454545454545454;-0.2143198879107279
High;0.3358332833343333;0.2672672672672673;0.439132079461077
High;0.122597548049039;-0.2035398230088495;-0.517300521122234
High;0.8367832643347133;0.1194444444444444;0.171885747998332
Unknown;0.0011599768004639;0.5631377551020408;1.0203218727219838
Unknown;0.3518329633407331;0.2253787878787878;0.466997040883251
Low;0.1527569448611027;-0.1666666666666666;-0.4503301042537606
Unknown;0.0452390952180956;-0.4063926940639269;-0.792738192676654
Unknown;0.5786684266314673;-0.1953488372093023;-0.4220015626460774
Unknown;1.0;-0.1;-0.3469443332443555
High;0.116477670446591;-0.2328114363512593;-0.487012232394679
Low;0.3592328153436931;-0.2177777777777777;-0.4320931723811623
Low;0.0536789264214715;0.3452380952380952;0.6948317805518156
Low;0.24787504249915;-0.2357142857142857;-0.4488404164739659
High;0.1075978480430391;-0.4366666666666666;-0.8714448108710962
High;1.0;-0.0655737704918032;-0.2755494941518695
Unknown;0.99470010599788;0.0112359550561797;0.0583906979330422
Unknown;0.368072638547229;0.3253968253968254;0.4668302614935722
Low;0.0173996520069598;-0.5506493506493506;-1.0158335073909983
Unknown;0.1486370272594548;0.41;0.7071067811865475
High;0.3345933081338373;0.2957746478873239;0.4529165629532487
High;1.0;-0.0232371794871794;-0.0930284990925165
Unknown;0.0081598368032639;0.6467532467532467;1.24710113714051
Medium;0.3171936561268774;-0.2252252252252252;-0.449326681605626
Unknown;0.5550688986220276;0.1896103896103896;0.2980769226213443
Unknown;0.1538369232615347;0.2443792766373411;0.5264016043156566
High;0.4423511529769404;0.3103448275862069;0.4111490086641305
Unknown;0.0063598728025439;0.599609375;1.148711248970804
Unknown;0.0001199976000479;0.8487654320987654;2.1122692547561206
Unknown;0.3955520889582208;0.2107728337236534;0.3910527488150053
High;0.2837143257134857;-0.1949152542372881;-0.3422852536136777
High;0.4539909201815963;0.2777777777777778;0.2973570456230598
Medium;1.0;-0.0080971659919028;0.0571613970632129
Medium;0.1639167216655667;-0.1964912280701754;-0.4592810822220964
High;0.2126357472850543;-0.1978021978021978;-0.5059027681050189
High;0.0055198896022079;0.4387351778656126;0.9364879647595304
Unknown;0.0741985160296794;-0.3404761904761905;-0.7026351152174528
Medium;0.3497130057398852;-0.1928571428571428;-0.3996151399059072
High;1.0;0.0178571428571428;0.0527815968637047
High;0.9026619467610648;-0.0813953488372093;-0.3112075865199393
Unknown;0.121877562448751;0.4198717948717949;0.8815457195633623
Unknown;0.9443811123777524;0.0961538461538461;0.1724064717678283
High;0.1820763584728305;-0.25;-0.6047650293632567
Low;1.0;-0.0391705069124423;-0.045477047519187
Unknown;0.4689106217875642;0.2519480519480519;0.3967630049885758
Unknown;0.4571508569828603;0.2222222222222222;0.4149242848546733
High;0.0085998280034399;-0.4444444444444444;-0.9143507032597012
Low;0.0617587648247035;0.1876543209876543;1.1005263431755603
Medium;1.0;0.0801282051282051;0.0477364342675982
High;0.0010399792004159;0.4588888888888889;1.3677875035016485
High;0.0450790984180316;0.4423076923076923;1.167917851519808
High;0.2595148097038059;-0.1954022988505747;-0.4902683450746397
High;1.0;-0.0185185185185185;-0.1435790882309075
Low;0.5764284714305714;-0.1718518518518518;-0.2950241305994861
Unknown;0.8727825443491131;0.0416666666666666;0.1360708966674837
Medium;0.0075998480030399;-0.6054421768707483;-1.1733284325634807
High;0.5976680466390673;0.1538461538461538;0.399520397478405
Unknown;0.5586688266234675;0.2469733656174334;0.3483292474710653
Medium;1.0;-0.0885167464114832;-0.067834882385377
High;1.0;0.0364077669902912;0.0875284223048639
High;1.0;0.0546369518332135;0.0287748028628433
Unknown;0.0035199296014079;0.3644736842105263;0.8660070411682165
Unknown;0.6539869202615948;0.0895522388059701;0.2505418425343375
Unknown;0.8364632707345853;-0.1111111111111111;-0.3529685954760302
Unknown;0.0873582528349433;0.35;0.7268837633642502
Unknown;0.872862542749145;0.0128205128205128;0.1744177624133638
Low;0.1807163856722865;-0.3796296296296296;-0.6833331827284446
Unknown;0.4703105937881242;0.2555555555555555;0.4161858166093966
Medium;0.5536689266214676;0.1329284750337382;0.2490229378283162
Unknown;1.0;-0.0689655172413793;-0.3032392174315613
Unknown;0.489910201795964;0.1207764198418404;0.3007414873920245
High;0.8;0.5;1.224744871391589
Medium;0.0097598048039039;0.5706521739130435;1.2137892906580987
High;0.7423051538969221;-0.0584415584415584;-0.1656949970464349
High;1.0;0.0;
High;0.5591488170236595;0.1183261183261183;0.3671578403905084
High;0.6552268954620908;0.1324675324675324;0.3718182996118764
Unknown;1.0;0.0385487528344671;0.0594886703461897
High;0.3624727505449891;-0.2934782608695652;-0.5824120670226641
High;0.0347993040139197;-0.256;-0.6048736934496233
Low;1.0;0.0272108843537414;-0.0634627229028891
Unknown;0.5347493050138997;0.2746913580246913;0.4027242731111968
Medium;0.0006399872002559;0.672514619883041;1.3417904120456885
High;0.0242395152096958;0.4636591478696741;1.1881595896449209
Unknown;0.744065118697626;0.11328125;0.1563996886819417
High;0.0995980080398392;-0.32;-0.6058591811600201
Low;0.5833883322333553;-0.1235955056179775;-0.3668663987082567
High;0.1942361152776944;-0.1739130434782608;-0.4802745210404574
Medium;1.0;-0.0013745704467353;-0.0030761325512099
High;0.1899162016759664;0.2570093457943925;0.4874524328692168
Unknown;0.114477710445791;-0.3453488372093023;-0.5781713027834618
Unknown;0.1373972520549589;-0.3174603174603174;-0.6057432582852105
High;0.0012399752004959;0.4361344537815126;0.931968632982166
Unknown;0.879382412351753;-0.0535353535353535;-0.1325218217691003
High;0.0264794704105917;-0.3440860215053763;-0.7585228763805328
Medium;1.0;0.012531328320802;-0.0660143247851993
High;1.0;0.078125;0.2021330389908191
Unknown;0.0375992480150397;-0.3843384338433843;-0.6961593418063505
Low;0.8915421691566169;-0.0636363636363636;-0.2574200074604999
Low;0.0051198976020479;-0.4945987654320987;-0.8979651422785302
Medium;0.1871562568748625;0.1841269841269841;0.4822447222875701
Unknown;0.0023199536009279;-0.6442307692307693;-1.2381230485497448
Unknown;0.0471190576188476;-0.3648648648648648;-0.7582789176554254
Medium;1.0;-0.056338028169014;-0.2561006739191392
High;0.3635127297454051;-0.1145038167938931;-0.3770181283750869
High;1.0;0.0234933605720122;0.0911901648054316
Medium;0.9132617347653048;-0.0701754385964912;-0.1654950616285896
Unknown;1.0;-0.0441176470588235;-0.0960329787156319
High;0.2243555128897422;0.1564625850340136;1.1703125371726208
High;1.0;0.0201612903225806;0.0295680904984764
High;0.0595188096238075;-0.2872340425531915;-0.6143595682507602
Unknown;0.6264674706505869;0.1456043956043956;0.2843256659587186
Unknown;0.615427691446171;0.1139705882352941;0.2912758640177316
Unknown;0.9391412171756564;-0.0707070707070707;-0.2881040655200304
Unknown;1.0;0.0306220095693779;0.0705137719172678
High;0.0840383192336153;-0.4711111111111111;-1.075306539088024
Unknown;0.0789184216315673;-0.4629629629629629;-0.7790751033427845
Unknown;0.0458390832183356;-0.2828282828282828;-0.6113489777999993
Unknown;0.1547969040619187;-0.5;-0.9609678434278196
Unknown;1.0;0.0535714285714285;-0.0092242540396725
Medium;0.2578748425031499;0.2058333333333333;0.4147126283122016
High;0.3972720545589088;0.25;0.4879990988680835
High;1.0;-0.0105263157894736;-0.1079172674697663
Unknown;0.0425591488170236;0.4735449735449735;1.082102377341275
Unknown;0.991540169196616;-0.0138888888888888;0.1543033499620918
High;0.0293594128117437;-0.4375;-0.8970856625285352
Unknown;0.0353192936141277;-0.4563492063492063;-0.8002982806332692
High;0.0239195216095678;-0.2727272727272727;-0.6418191475655881
Medium;0.8603827923441532;0.0609756097560975;0.1552689891976553
Unknown;0.9362212755744884;-0.0889487870619946;-0.2372558336901808
Unknown;0.1447171056578868;0.4017857142857143;0.7553656091483999
Medium;1.0;-0.0529470529470529;-0.0182873514343364
Unknown;0.8178236435271294;-0.09;-0.1703077782618658
High;0.5745485090298194;-0.2058823529411764;-0.5382939239707968
High;0.0988780224395512;0.2637362637362637;0.5625686771261944
Unknown;0.1491570168596628;-0.180327868852459;-0.4915682498517322
Unknown;0.4655906881862363;0.0397805212620027;0.354750219174817
Unknown;3.999920001599968e-05;0.7698765432098765;2.107145506026476
Unknown;1.0;0.0;
Medium;0.0359992800143997;-0.287037037037037;-0.6324775469502995
Low;0.0463190736185276;-0.4484126984126984;-0.8180173496315205
Unknown;1.0;-0.0169753086419753;-0.0705679002281646
Unknown;0.0293194136117277;0.5806451612903226;1.3819511012243788
Medium;3.999920001599968e-05;0.8475073313782991;2.080483498575803
Unknown;0.4177916441671166;0.2679738562091503;0.4444526482504667
High;1.0;0.0;
Low;0.2555548889022219;0.196551724137931;0.4475284742784405
Unknown;0.5309093818123638;-0.1875;-0.3777076163890011
Unknown;0.4419911601767964;0.2533333333333333;0.4809037706009083
Low;0.0505189896202075;-0.458128078817734;-0.8385096207273353
High;0.0091998160036799;0.582010582010582;1.2350757735355895
Unknown;1.0;-0.0666666666666666;-0.2845213189769457
High;1.0;0.0;-0.0075867477810861
Unknown;0.4512709745805084;-0.208955223880597;-0.3746982991833528
High;1.0;-0.03125;-0.1878357209492276
High;1.0;-0.0060483870967741;-0.0511405164857735
High;0.6515869682606348;0.0620915032679738;0.3488000544175104
Low;0.24427511449771;0.3294460641399417;0.6788892958155928
High;0.0050798984020319;0.4309723889555822;0.8498899718582865
Low;0.0081598368032639;0.625;1.1255048502360878
Unknown;0.2906741865162697;0.1123188405797101;0.7652537700978059
High;1.0;-0.0140350877192982;-0.054696389960434
High;0.0028399432011359;0.5238970588235294;1.414432316971468
Unknown;0.2161956760864782;0.3142857142857143;0.9756878976937268
Unknown;0.6136677266454671;-0.1740196078431372;-0.2109569389273025
High;0.4170716585668286;0.1359223300970873;0.3277299805941442
Unknown;0.0174796504069918;0.4963768115942029;1.0323280553117664
Medium;0.7086258274834504;-0.1790123456790123;-0.2629800650714919
High;3.999920001599968e-05;0.5089285714285714;1.842227518091144
High;0.2761144777104458;-0.2391304347826087;-0.5092351071832724
High;0.1474370512589748;-0.2444444444444444;-0.5935381889140295
Medium;1.0;0.032051282051282;0.0913687085734522
High;1.0;0.0893485915492957;-0.0381310207845674
Unknown;1.0;-0.0256410256410256;-0.1663289425776564
Low;0.0484390312193756;-0.5;-1.0041901164895264
Low;0.1682766344673106;0.2835294117647058;0.5620044987397999
Unknown;0.0725185496290074;-0.4772727272727273;-0.8761330478565057
High;0.0001199976000479;0.7575757575757576;1.6805648700251945
Medium;0.0352392952140957;-0.5381944444444444;-1.0470469832961369
Unknown;0.9553008939821204;-0.1163522012578616;-0.2580517720991972
High;0.2584348313033739;-0.1794871794871795;-0.3519459031482042
Unknown;0.116917661646767;-0.2433110367892976;-0.5034514487845541
Low;0.0043199136017279;-0.5004784688995215;-0.938129296052563
High;0.0493990120197596;0.3676470588235294;1.00980727511187
Unknown;0.9204215915681686;-0.0910714285714285;-0.2314568355832037
Unknown;0.0539989200215995;-0.3966049382716049;-0.7289167602858784
Unknown;0.5861082778344433;0.1202247191011235;0.3034736723378831
High;0.3844723105537889;-0.160919540229885;-0.4270000564892662
Unknown;0.9252214955700886;0.0787037037037037;0.1217858642977773
Unknown;0.0600787984240315;0.2828571428571428;0.6031882505269563
High;0.7562648747025059;-0.0912698412698412;-0.2740378495502646
Medium;0.8452230955380893;0.0622529644268774;0.1859411546716603
High;0.2091958160836783;0.2619047619047619;0.6112678362583794
Unknown;0.1302773944521109;-0.3464285714285714;-0.705639957606012
Unknown;1.0;0.0;
High;1.0;-0.0250391236306729;-0.0353947930603382
Unknown;0.0849583008339833;0.3366633366633366;0.651815270268214
Low;0.0088398232035359;-0.5230769230769231;-1.0648772202150751
Low;1.0;-0.053125;-0.1670256690571518
Low;1.0;0.0296875;0.0596146271597232
Unknown;0.3901921961560768;-0.1451247165532879;-0.328327618579156
Unknown;0.0247195056098878;-0.5111111111111111;-0.8447367914999205
Unknown;0.0469990600187996;-0.3535353535353535;-0.6767865272696811
Unknown;0.0549189016219675;-0.4166666666666667;-0.7900123920422436
Medium;0.874542509149817;0.0474747474747474;0.1319439798482681
High;0.0023599528009439;0.5995316159250585;1.763826232919626
Unknown;0.8356632867342653;0.1303030303030303;0.1178012863970713
Unknown;0.0568388632227355;0.4069069069069069;0.7642765896493546
High;0.1997560048799024;-0.2959558823529412;-0.5871920716892335
Unknown;0.0241995160096798;-0.5294117647058824;-1.0720686145870704
Medium;0.0164796704065918;-0.4024390243902439;-0.8045971360365959
Unknown;0.7934241315173697;0.0862533692722372;0.3420849529517744
Low;0.124197516049679;0.4543650793650793;0.7320592746942245
Low;0.0467990640187196;-0.4444444444444444;-0.9035033889656036
Medium;0.0120397592048159;-0.5072463768115942;-1.009558250831775
Low;0.75022499550009;-0.0850439882697947;-0.1735474271590547
High;0.3047139057218855;-0.2255555555555555;-0.4487111755657175
Unknown;0.877982440351193;-0.0049950049950049;0.1121989785582308
Unknown;0.7627047459050819;-0.1212121212121212;-0.3879049103011415
Medium;0.6102677946441071;-0.1645933014354067;-0.2577988347838238
Unknown;0.8276634467310654;0.0385026737967914;0.1532163515093187
High;0.8206635867282654;-0.0972222222222222;-0.2006802829047568
High;1.0;-0.0674157303370786;-0.2653289296143085
High;1.0;0.0320855614973262;0.131280349541379
Unknown;0.500269994600108;-0.1263157894736842;-0.3978381656999588
Medium;0.7780644387112258;0.0920454545454545;0.1885289975410257
High;0.1090378192436151;-0.2666666666666666;-0.591374002434364
Unknown;0.4346313073738525;0.135752688172043;0.3047732150519434
Medium;1.0;-0.0185185185185185;-0.1435790882309075
High;0.98190036199276;-0.081081081081081;-0.2948370841935901
Low;0.8869022619547609;-0.1052631578947368;-0.1518049845276278
High;1.0;0.0;
Unknown;0.0052398952020959;-0.4469496021220159;-0.8848798361851657
High;0.0782384352312953;-0.3880597014925373;-0.7523016875451644
Medium;0.4379912401751965;-0.1946428571428571;-0.2754175074437274
High;0.1395972080558389;0.293859649122807;0.6315032707613603
Unknown;0.7794644107117857;-0.0821917808219178;-0.174072195099133
High;0.8163836723265535;0.0793650793650793;0.2194756406530735
Low;0.1017579648407031;0.3308823529411764;0.6286736089444803
Unknown;0.6667066658666827;-0.0756302521008403;-0.2656445521238086
Medium;0.0122797544049119;0.7166666666666667;1.6032753360788308
Medium;0.0029599408011839;0.4700854700854701;0.9273863757945708
Unknown;0.2337553248935021;0.2002923976608187;0.519873517517331
Unknown;0.1947961040779184;0.3166496424923391;0.4814766370094159
Unknown;0.366752664946701;0.1474654377880184;0.4526593982442517
Unknown;0.7892642147157057;-0.1555555555555555;-0.4249013566989198
Unknown;7.999840003199936e-05;0.7026785714285714;1.3637016386758674
High;0.1318373632527349;-0.2323232323232323;-0.5607997097862253
Unknown;0.8232635347293055;0.1768707482993197;0.1356211866592059
Unknown;0.0089998200035999;-0.5839285714285715;-1.0894904307837532
Unknown;0.7105857882842344;-0.2222222222222222;-0.3016955688554985
Low;0.0027599448011039;-0.3949579831932773;-0.822606482625973
High;0.1496370072598548;-0.3880597014925373;-0.6560149809287827
Unknown;0.0514389712205755;-0.3428571428571428;-0.6916307836677081
High;0.992420151596968;-0.0266666666666666;-0.1706441513641816
High;0.0184396312073758;0.3975493533015657;0.8627321574945566
Unknown;0.0078689370485036;0.7466666666666667;2.312023906765357
Unknown;0.6931061378772424;0.1641791044776119;0.2504232253731166
Low;0.5992280154396912;0.1126331811263318;0.3419640263929461
Unknown;1.0;-0.045045045045045;-0.2276934279405446
High;1.0;0.0299523485364193;0.0201361580295339
Unknown;0.1689966200675986;-0.2903703703703704;-0.5961338803954684
Medium;0.0206395872082558;0.4166666666666667;0.8380839587006284
Low;1.0;-0.0259740259740259;-0.1705605730844883
Unknown;0.6575868482630347;0.1454545454545454;0.3157512664880228
High;0.248795024099518;-0.3636363636363636;-0.7258958139608176
High;0.0084398312033759;-0.4153846153846154;-0.9894084318888932
Unknown;0.6975060498790024;0.1340579710144927;0.2100539538930977
High;0.1776764464710706;0.3412698412698413;0.6006339548840323
High;0.0226395472090558;0.2;1.4916433890176295
Unknown;1.0;0.0177304964539007;0.0485899160892317
Unknown;0.994540109197816;0.1074074074074074;0.1895819619409995
Medium;0.1645967080658386;-0.1954225352112676;-0.4093458663205042
High;1.0;-0.0632911392405063;-0.2550508609055397
Unknown;0.0170796584068318;-0.3888496824276641;-0.7407009394139149
High;0.625907481850363;-0.097069597069597;-0.2038858188703605
Unknown;1.0;-0.0608465608465608;-0.1507147419596266
Unknown;0.1943561128777424;-0.2976190476190476;-0.6269423365377519
Unknown;0.7966640667186656;0.1154401154401154;0.1560338253681773
Medium;0.0527589448211035;-0.2290076335877862;-0.5369764041040288
Unknown;0.0095598088038239;-0.4615384615384615;-0.8418966437354889
Medium;0.3249935001299974;0.2106782106782107;0.4531966520035262
Medium;0.373712525749485;-0.1731391585760517;-0.3697780828965698
Unknown;0.993140137197256;-0.0117924528301886;-0.0797610701092262
Unknown;0.9189016219675606;-0.080327868852459;-0.2118916855207379
Unknown;0.0869182616347673;-0.3769230769230769;-0.7228719430844418
High;0.0150796984060318;0.4477272727272727;0.941182013405609
Low;0.365392692146157;-0.1717032967032967;-0.3342276700458552
Unknown;1.0;-0.0289855072463768;-0.180129018582505
High;0.4092318153636927;-0.2060240963855421;-0.3627508557915745
Unknown;0.4134717305653887;-0.2591911764705882;-0.3947466934096758
Medium;0.0159996800063998;0.3118503118503118;0.9222287779496408
Medium;0.8809023819523609;-0.1372549019607843;-0.4142084347897571
Unknown;0.0184396312073758;0.5165165165165165;0.9424856750765076
Unknown;0.4765104697906042;0.28125;0.3667712984993374
Medium;0.743505129897402;-0.0988888888888888;-0.2206992379347386
High;0.4031519369612608;0.1984890109890109;0.316063199467665
Unknown;0.3637127257454851;-0.1136363636363636;-0.3752750868781337
Medium;0.5636687266254675;0.1589861751152073;0.4007572613875897
High;0.0483190336193276;-0.2697916666666666;-0.5833772688894862
Medium;0.7703845923081538;0.1125175808720112;0.2239137504541662
Low;0.1579968400631987;0.2338461538461538;0.4618065678641318
Unknown;0.0808383832323353;0.4468085106382978;0.9284681227794584
High;0.1118377632447351;-0.2933333333333333;-0.6290537499528837
Unknown;0.0118397632047359;-0.5074626865671642;-1.0222787541040514
Unknown;0.3539129217415652;0.3003731343283582;0.4367215621066294
Low;1.0;-0.0462962962962962;-0.2293229093739961
Low;0.0407991840163196;0.4718614718614718;0.90919747252953
High;0.4156716865662687;0.2488262910798122;0.3876820083433254
Low;0.5525489490210196;0.1775362318840579;0.2726189296151843
High;1.0;-0.0435695538057742;-0.1408822944463574
High;0.2932341353172936;-0.1269841269841269;-0.3748461115600807
Low;1.0;0.0;
Unknown;0.7770644587108257;-0.1530612244897959;-0.2284096574651259
Control;0.0009199816003679;0.7962962962962963;1.5362933010913715
Medium;0.7289854202915942;-0.1022727272727272;-0.3525347961671736
High;0.7235455290894182;-0.0743801652892562;-0.2971976552414095
Medium;0.0653986920261594;-0.2682539682539682;-0.5783732025438881
Unknown;1.0;0.0;
Unknown;0.9393412131757364;0.0974358974358974;0.3013866825570059
High;0.7322653546929061;0.0541871921182266;0.2448350891228621
Unknown;0.9147417051658968;0.09375;0.1555188668172384
Medium;0.1959960800783984;0.3265306122448979;0.6534523701081817
High;1.0;0.0122574055158324;0.0447317702805804
High;1.0;-0.0325900514579759;-0.1137571299814042
Unknown;1.0;-0.0357142857142857;-0.071593724415352
Unknown;0.7284654306913861;-0.1428571428571428;-0.4241393401869011
Unknown;0.1813963720725585;-0.25;-0.6047650293632567
Low;0.7767444651106978;-0.1082621082621082;-0.2696734703098344
Unknown;0.0054398912021759;-0.4005128205128205;-0.7965227224744327
Medium;0.1283974320513589;0.1443609022556391;0.485081131636328
High;0.5863882722345554;-0.1594827586206896;-0.3292591113589169
High;0.5209895802083958;0.1234042553191489;0.4433648970160366
High;1.0;-0.04;-0.213697605664328
Unknown;0.2166356672866542;0.4640522875816993;0.6625659237008987
High;0.0234795304093918;0.5641025641025641;1.2690945842102344
Unknown;0.7903841923161536;-0.059090909090909;-0.1287671272709563
High;0.0037599248015039;-0.4646464646464646;-0.8620053208895248
Low;0.5817483650326993;-0.0675324675324675;-0.2724147120239539
High;0.2273554528909422;-0.3260869565217391;-0.6391338770955947
High;1.0;-0.0181818181818181;0.0590865291705159
High;0.0335593288134237;-0.3263157894736842;-0.6689034553607358
Unknown;0.0573188536229275;-0.3909465020576131;-0.724208879737052
Unknown;0.3554328913421731;0.272108843537415;0.5226368781709367
Unknown;0.9518209635807284;-0.0752136752136752;-0.2069042400447487
Unknown;0.2130357392852143;-0.3061224489795918;-0.5811462416542097
Unknown;0.8022239555208895;-0.1066666666666666;-0.2677215367260312
Low;0.7825843483130337;-0.0049019607843137;0.2634701515215841
Unknown;0.6447071058578828;-0.140625;-0.4230570561133246
Medium;0.7956640867182656;0.0829817158931083;0.2317735150779938
Unknown;0.3244735105297894;0.2966666666666667;0.4925431210712921
Low;1.0;-0.0313138189244383;-0.0235300160652547
Low;0.0592388152236955;-0.3592592592592593;-0.5596170727519263
High;0.0001999960000799;0.69901547116737;1.795081216382047
Unknown;0.1359972800543989;-0.3777777777777777;-0.8620412398180283
Unknown;0.0159996800063998;-0.3109243697478991;-0.6677624216870501
High;0.0015599688006239;0.7305555555555555;1.4662089538337335
Low;0.0045999080018399;-0.3495934959349593;-0.7070612915741166
Unknown;0.0066798664026719;-0.4933333333333333;-0.96005822848038
Medium;0.3167936641267174;0.2108433734939759;0.4547718267512023
Unknown;0.0335193296134077;0.3373983739837398;1.2099493732915874
Low;0.75962480750385;-0.1411111111111111;-0.1484388518349291
Unknown;0.6854262914741706;-0.2320261437908496;-0.3487688355578546
High;0.1085978280434391;-0.2656147271531887;-0.5195501798049679
Unknown;0.3127537449251015;0.255;0.5364177240859515
Low;1.0;0.0251282051282051;0.009862436966761
Medium;0.497270054598908;0.1241666666666666;0.2811481337668599
Low;0.0022799544009119;0.6405529953917051;1.3854751594586656
Unknown;0.1033579328413431;0.2838589981447124;0.612439613766657
Unknown;0.2368352632947341;-0.2265372168284789;-0.450938879958014
High;1.0;-0.0579710144927536;-0.1169290771300263
High;3.999920001599968e-05;0.8679245283018868;2.658455462245688
Medium;1.0;0.0;
Unknown;0.1938761224775504;0.3401360544217687;0.6238914923260792
Low;0.3425931481370373;0.2656641604010025;0.5044027369669508
High;1.0;-0.0454545454545454;-0.2148179383905377
High;0.7244655106897862;-0.1737588652482269;-0.3677362653307418
High;0.75;0.3333333333333333;1.0
Control;0.24287514249715;-0.2850877192982456;-0.5592243760110344
High;0.120997580048399;0.4265873015873015;0.7035744780135154
High;0.7902241955160897;-0.1022988505747126;-0.2078185135131261
High;0.0177196456070878;0.3033033033033033;1.0686869494561773
High;0.3934721305573888;-0.2173076923076923;-0.4600112429383194
High;0.1044379112417751;0.3277310924369748;0.5430644589398796
High;0.0015199696006079;-0.5686274509803921;-1.1649590430585617
Unknown;0.9162616747665048;-0.0735009671179884;-0.1688874799808729
Unknown;0.492710145797084;-0.1388888888888889;-0.4225771273642583
High;0.4109517809643807;0.1690666666666666;0.2787859812390986
High;1.0;0.0533980582524271;-0.0020880511180304
Medium;1.0;-0.0657894736842105;-0.2035445821758771
Unknown;0.3240335193296134;0.278169014084507;0.4937446994498287
Unknown;1.0;0.0;
High;0.1947161056778864;0.1052083333333333;0.4809980159753566
Low;0.2522349553008939;-0.4210526315789473;-0.7638339488433911
High;0.6898262034759305;-0.0944444444444444;-0.2721277498188142
Medium;0.0432391352172956;0.3430905377808033;0.7378433944832212
High;0.9606207875842484;0.0505747126436781;0.138554856045922
Low;1.0;-0.027027027027027;-0.1743714581157289
High;0.1729965400691986;0.2565656565656565;0.5542206607925781
Unknown;1.0;-0.0234301780693533;-0.0653825709627188
Medium;0.1631967360652787;0.2172131147540983;0.4385154119724911
Unknown;0.9692206155876882;0.0559701492537313;0.0823088117158684
High;0.9319813603727926;-0.1276595744680851;-0.3984922283378521
High;0.249915001699966;-0.3;-0.6715116045546395
Medium;0.4551908961820763;-0.2152777777777778;-0.2696459287205975
Low;0.0008799824003519;0.4296875;0.911012815121208
Control;0.75142497150057;0.108695652173913;0.1948912749419973
Unknown;1.0;-0.0493827160493827;-0.2389115395818929
High;1.0;-0.0263157894736842;-0.17283511576181
Low;3.999920001599968e-05;0.6221959858323495;2.077650007842823
Unknown;0.1121977560448791;-0.2473118279569892;-0.5591782827561871
High;0.0837983240335193;-0.3833333333333333;-0.8206238013995347
Unknown;0.1329173416531669;-0.2936893203883495;-0.5179215556247798
High;3.999920001599968e-05;0.8081395348837209;2.4550909072613667
Unknown;0.0123597528049439;-0.343978102189781;-0.6935415446464012
Unknown;0.0113197736045279;-0.5538461538461539;-1.0130208791195487
Unknown;0.1070778584428311;-0.4537037037037037;-0.8276324918581404
Medium;0.0038799224015519;0.6441558441558441;1.546756884002875
Unknown;3.999920001599968e-05;0.8453453453453453;1.8877636523162664
Unknown;0.255114897702046;0.2939521800281294;0.523451704781156
High;1.0;-0.0625;-0.2700308624336608
Medium;0.0330393392132157;0.6470588235294118;1.1720912621524138
Medium;0.0273994520109597;-0.3663911845730027;-0.6806065067232763
High;0.0257594848103037;0.3909090909090909;0.7353822303587885
High;0.3970320593588128;-0.246031746031746;-0.5028933898074812
High;1.0;-0.0248803827751196;-0.0778030596440121
High;0.3597928041439171;0.2121212121212121;0.4744333290082323
Unknown;0.1285574288514229;0.2811621368322399;0.5814539349787249
Unknown;0.0414791704165916;-0.4285714285714285;-0.8413473977840515
High;0.0188396232075358;-0.3286713286713286;-0.6178120138736978
Unknown;0.1576768464630707;-0.4461538461538462;-0.8306645533210175
High;1.0;0.0486111111111111;0.1171028614884212
High;0.0026799464010719;-0.5176470588235295;-1.0605018051986057
Low;0.1435571288574228;-0.2307692307692307;-0.499153354926837
Low;0.6921861562768744;0.2121212121212121;0.6258375442797534
High;0.0045199096018079;0.6896551724137931;1.460039293609144
Unknown;0.0167996640067198;-0.4428571428571428;-0.8475994835963174
Unknown;0.0033999320013599;-0.4545454545454545;-0.8293272287050254
Unknown;0.122157556848863;-0.3181818181818182;-0.6928203230275508
Unknown;0.5683486330273394;0.1501210653753026;0.4157660410293805
Unknown;0.1605167896642067;-0.3347953216374269;-0.5456854284176109
Medium;1.0;-0.0265151515151515;-0.0547940658928865
High;0.0087998240035199;-0.3540740740740741;-0.6557565317050009
Unknown;0.6607067858642827;0.175;0.3479999929891716
Medium;0.627467450650987;-0.1162790697674418;-0.3792345572982563
Unknown;0.1043979120417591;-0.4743589743589743;-0.8559209850218257
Unknown;0.0001599968000639;-0.5348837209302325;-1.0517054715618976
Unknown;0.626307473850523;0.1954545454545454;0.4634631184764847
Unknown;0.988580228395432;0.0727272727272727;0.1016058205026745
Medium;1.0;-0.0077369439071566;-0.01575037817609
Unknown;0.4277114457710845;-0.2407407407407407;-0.5835752498756173
High;0.1027579448411031;-0.3770491803278688;-0.713068156566286
Unknown;0.5264694706105878;-0.3066666666666666;-0.4173124247658408
Medium;0.0962380752384952;-0.238095238095238;-0.5850315416812198
Low;0.3372732545349093;0.1571125265392781;0.2933451255586269
High;0.0983180336393272;-0.2917082917082917;-0.5611637168537806
Unknown;0.369472610547789;-0.3024691358024691;-0.5127682028787414
Unknown;0.9009819803603928;0.0103703703703703;0.1125925326277622
High;3.999920001599968e-05;-0.6880733944954128;-1.34941129657373
Medium;0.2276354472910541;0.24;0.5401274866950161
Control;0.3009539809203816;0.2304964539007092;0.5464294526565213
Medium;0.9376212475750484;0.044047619047619;0.101521169032046
Unknown;0.1356772864542709;0.3622526636225266;0.6054738038483105
Unknown;0.0093198136037279;0.5625;1.6824521274884237
High;0.0740385192296154;-0.2736842105263158;-0.5932809772778188
High;0.7025859482810344;-0.088235294117647;-0.3259783115217065
High;1.0;-0.0319148936170212;-0.1826640621124632
High;3.999920001599968e-05;-0.5804195804195804;-1.0974938780701349
High;0.3343533129337413;-0.1641791044776119;-0.4720323070870276
Low;0.0007199856002879;-0.502927400468384;-0.9770770115509636
Unknown;0.7075458490830183;-0.1933333333333333;-0.2936991125355277
High;0.7970640587188256;0.1063829787234042;0.19770264673162
High;0.0851182976340473;0.3214285714285714;0.5567194057215221
High;1.0;0.0507246376811594;-0.0356395845164305
High;0.0275994480110397;0.3620689655172414;0.9846660498909846
Unknown;0.1271174576508469;-0.3088235294117647;-0.6481536750076317
Low;0.4437511249775004;-0.1896296296296296;-0.3316940824925687
Unknown;0.0119997600047999;-0.4936708860759494;-0.9387540079106972
Unknown;0.0110397792044159;-0.3696043165467625;-0.6733992926680181
Unknown;0.4396712065758685;-0.1666666666666666;-0.4703319266349257
High;1.0;-0.0459770114942528;-0.2318020061594561
Medium;0.1279174416511669;0.2531769305962854;0.5788954881330706
High;1.0;-0.0806451612903225;-0.3078854254441179
Medium;0.0060798784024319;0.4705882352941176;0.9861789997803864
Low;1.0;0.0317460317460317;0.0
High;1.0;-0.0492424242424242;-0.0984952125836391
Medium;0.1317573648527029;0.233201581027668;0.6505053365326471
Low;0.3854322913541729;0.1092592592592592;0.2882073238853209
High;0.1997160056798864;-0.1727272727272727;-0.4557658815764912
Low;0.5087098258034839;0.1567164179104477;0.3978082806017792
Unknown;0.3825523489530209;-0.2588652482269503;-0.4903569137027002
High;0.1579168416631667;0.3316326530612244;0.7079224985737942
Medium;0.0071198576028479;-0.3524590163934426;-0.7732023512043045
High;0.0006799864002719;-0.5252525252525253;-0.9823181556317472
Unknown;0.0142797144057118;0.4272727272727272;0.9068660345314722
High;1.0;-0.0769230769230769;-0.3013502377831578
Low;0.0279594408111837;-0.3677811550151976;-0.7700335029568763
Unknown;1.0;-0.0241379310344827;-0.0573634448849428
High;1.0;0.0353430353430353;0.0191951879101425
Unknown;1.0;-0.1265432098765432;-0.0356523993412209
Medium;1.0;-0.054054054054054;-0.2506105799954639
Unknown;0.1545569088618227;-0.2930232558139535;-0.5942479199289575
Low;0.2786744265114698;-0.3;-0.6552226874783378
High;0.4204715905681886;-0.1547619047619047;-0.4196649719496527
Low;0.9256614867702646;-0.0972222222222222;-0.3203616377585937
Unknown;0.7083458330833383;0.1428571428571428;0.3077669522453798
Medium;0.9080218395632088;0.095679012345679;0.1799651754853264
Unknown;0.0056798864022719;0.5541310541310541;1.112402669246125
High;0.2953540929181416;-0.2230769230769231;-0.5350610456580119
Unknown;1.0;0.0512820512820512;0.0544676990468434
Low;0.1935961280774384;0.3571428571428571;0.616369355233545
Low;0.495390092198156;-0.1016949152542373;-0.3410188290587793
Unknown;0.0011999760004799;0.7330210772833724;1.455686364293357
High;0.0359592808143837;-0.4677419354838709;-0.8999589271981288
Unknown;3.999920001599968e-05;-0.7065217391304348;-1.3789919579408012
Unknown;1.0;-0.240234375;-0.0645276024787119
Low;0.3082738345233095;0.2445054945054945;0.3658993448214228
High;0.0025199496010079;0.5333333333333333;1.478738200854589
High;0.0003999920001599;0.5620723362658846;1.4632916299610792
Medium;0.8647027059458811;-0.0957446808510638;-0.2141706763877476
High;0.1393572128557428;0.3144385026737968;0.5368361305452279
High;0.4511109777804444;0.1728395061728395;0.3173495728433868
Unknown;1.0;-0.0833333333333333;-0.3070441243145588
High;0.1511169776604468;-0.1913043478260869;-0.4785636329290819
Unknown;0.2291954160916781;-0.2535211267605634;-0.5886139728836823
High;0.9571408571828564;-0.0821428571428571;-0.0956948752938689
High;0.1465570688586228;-0.3380281690140845;-0.6590496860607583
Unknown;0.1113977720445591;-0.359375;-0.7776900599006604
High;0.0725185496290074;0.4436090225563909;0.8828715472456075
Medium;1.0;-0.0098039215686274;-0.1042673266312817
Unknown;0.1401571968560628;0.3220815752461322;0.649463677521557
Control;0.4019519609607808;0.1080669710806697;0.4006942834363311
Unknown;0.0148397032059358;-0.3304347826086956;-0.71180050914233
Low;1.0;0.0042735042735042;-0.0181922911827699
Medium;1.0;-0.040650406504065;-0.2030830011887725
Low;0.5082698346033079;-0.1791666666666666;-0.3563927936764416
High;0.0119997600047999;0.387057387057387;0.9022749402604632
High;0.0008799824003519;0.4777142857142857;1.0553260443522006
High;0.3574328513429731;-0.1546391752577319;-0.4471011313725668
Unknown;1.0;0.0045454545454545;0.0178919900166302
Medium;0.8273834523309533;0.1065759637188208;0.2166308299714837
High;0.1300373992520149;-0.3185185185185185;-0.6034853200551922
Medium;0.1769564608707826;0.1666666666666666;1.4832396974191324
Low;0.3213135737285254;-0.1555555555555555;-0.3266752199305138
High;1.0;-0.0483870967741935;-0.2254938084008486
Low;3.999920001599968e-05;-0.9305555555555556;-2.792848008753788
High;0.8599828003439931;-0.0729166666666666;-0.2808363360020345
Unknown;0.0026799464010719;-0.6268115942028986;-1.2241282727313365
High;0.0002799944001119;0.4541666666666666;1.5448647652325895
Unknown;0.5193548387096775;-0.3103448275862069;-0.6935664948356578
Unknown;0.3108337833243335;-0.1797752808988764;-0.4739862882939203
Unknown;0.0756384872302553;0.4142857142857143;0.7627514445411241
High;0.8407031859362812;-0.064;-0.2737520245407711
Medium;0.0767984640307193;-0.3461538461538461;-0.6574422660946184
Unknown;1.0;0.0709219858156028;0.142389546458155
Low;0.0103197936041279;-0.3762376237623762;-0.7466114992421732
Low;0.8647027059458811;0.1;0.1061783948594544
Unknown;0.4107517849643007;0.1862745098039215;0.3110526847754849
High;0.8399832003359933;0.1313131313131313;0.1611601670909478
High;0.1615567688646227;-0.2878787878787879;-0.635998728003816
High;0.0102797944041119;-0.4657534246575342;-0.9774413743663336
Medium;0.632267354652907;0.1587301587301587;0.3482484389190559
Unknown;1.0;0.0185185185185185;-0.0461779200420115
High;0.0262794744105117;-0.3771084337349397;-0.7619348723175607
Unknown;0.4155916881662366;-0.13;-0.4054230088339265
High;0.2684746305073898;-0.1931818181818181;-0.4756274236576412
High;0.49055018899622;-0.1276595744680851;-0.3754490760220543
High;0.5811083778324434;-0.1527777777777778;-0.4419900352460795
Low;0.0023599528009439;0.5752941176470588;1.1534951660365906
Unknown;1.0;-0.0326086956521739;-0.1923678084234354
Unknown;0.0400391992160156;0.3004032258064516;1.0282927400837778
Unknown;0.5594288114237715;0.2415584415584415;0.2846725164904529
High;1.0;0.0304659498207885;0.1080499828979258
High;1.0;0.0;
High;0.0013199736005279;-0.4684684684684684;-0.8933551836435266
High;0.8552628947421052;-0.0958904109589041;-0.3203302385043783
Medium;7.999840003199936e-05;0.7640036730945822;1.7969976313320468
Unknown;0.6871862562748745;-0.1331719128329297;-0.2618357728514267
Medium;3.999920001599968e-05;0.7894736842105263;1.88031714840043
Unknown;0.0017599648007039;0.5626262626262626;1.2708424191418115
Unknown;0.9086218275634488;-0.0625;-0.2547671125981546
High;1.0;-0.0194174757281553;-0.147392342227614
Medium;1.0;0.0;
Medium;0.0562388752224955;-0.3243243243243243;-0.7293091881307214
High;0.243235135297294;-0.2022471910112359;-0.525651541088917
High;0.5043499130017399;-0.22;-0.5519197266046799
Unknown;0.6347473050538989;-0.1739130434782608;-0.3524930313608269
Low;3.999920001599968e-05;0.70543093270366;1.4287485132274285
Medium;0.0004799904001919;0.5894736842105263;1.317477537173292
Unknown;0.6600667986640267;-0.0757575757575757;-0.2033660834652996
Unknown;1.0;0.0666666666666666;0.1885618083164127
Unknown;1.0;-0.1378205128205128;-0.1349605268059484
High;0.0250794984100318;0.4226190476190476;0.8295624992230992
Low;0.0197596048079038;-0.3365384615384615;-0.7456675310683926
Medium;0.2708745825083498;-0.2063492063492063;-0.4049197820018256
High;1.0;0.0367647058823529;0.0764900476384299
Unknown;1.0;-0.0047058823529411;-0.0502966379105711
Medium;0.5803483930321394;0.1435294117647058;0.2719766446753633
Unknown;0.5586288274234515;-0.1461538461538461;-0.3236038358372852
Low;0.0405191896162076;-0.4142857142857143;-0.8763242840815724
Unknown;1.0;-0.0204545454545454;-0.0565425807513886
Unknown;0.511029779404412;-0.1623931623931624;-0.2817445389608515
Low;3.999920001599968e-05;0.7759036144578313;1.9208857868394944
Unknown;0.868022639547209;-0.0961538461538461;-0.262553754653347
High;0.0183996320073598;-0.4297619047619048;-0.8103141757086323
Unknown;0.624587508249835;-0.2101449275362318;-0.3248083963587972
Unknown;0.3821923561528769;0.2023809523809523;0.3999266036273887
Low;0.3087938241235175;-0.1976744186046511;-0.516169292111912
Unknown;0.4489910201795964;-0.2228260869565217;-0.3775700430402783
Low;0.7423051538969221;0.1026936026936027;0.1888490096734588
Unknown;0.3464730705385892;0.2640845070422535;0.4387831965738153
Unknown;0.0219995600087998;-0.531328320802005;-0.9110799194035086
High;0.3315133697326053;-0.2765957446808511;-0.6441223618391747
Unknown;1.0;-0.0719696969696969;-0.1815516810001191
Unknown;0.5753084938301234;-0.179054054054054;-0.3076954576793337
Unknown;0.2122757544849103;-0.2349272349272349;-0.4135957926410564
Unknown;0.8567428651426972;0.0952380952380952;0.1766507276351517
Unknown;0.0234795304093918;-0.5;-0.9577542654996148
Medium;0.6948261034779304;-0.1150870406189555;-0.2290520224381853
Unknown;0.0105997880042399;-0.4390243902439024;-0.8137662813751213
Unknown;0.5429091418171637;-0.0818181818181818;-0.2400365299250164
Unknown;1.0;-0.0576441102756892;-0.150630232790127
Medium;0.2115557688846223;-0.1704545454545454;-0.4656903154237998
Unknown;0.993580128397432;-0.08;-0.3083382294950075
Low;0.2366352672946541;0.1534883720930232;0.6395612557497128
Unknown;0.6711065778684426;-0.1035825545171339;-0.270326634995401
Medium;7.999840003199936e-05;0.6190476190476191;1.4631501687761963
High;0.495310093798124;0.0385487528344671;0.3912976610112252
High;0.0150396992060158;-0.3135593220338983;-0.6195258922132103
High;1.0;-0.0103092783505154;-0.1071939822386438
Unknown;0.0372392552148957;0.3801452784503632;1.002553611967541
High;0.8608627827443451;0.0541666666666666;0.151196429720944
Low;3.999920001599968e-05;0.7071651090342679;2.026837961558177
High;0.5943081138377232;-0.1102941176470588;-0.2310715746739421
High;1.0;-0.0153061224489795;-0.0252908589815468
Unknown;0.3144737105257895;-0.1512027491408934;-0.3807946364137998
High;1.0;-0.0113636363636363;-0.1125602126104286
Unknown;1.0;0.0597014925373134;0.0984163976116196
High;0.7593448131037379;0.1125925925925925;0.1757720378903133
High;0.0072398552028959;0.2617382617382617;1.4698763131764934
High;1.0;-0.037037037037037;-0.1964185503295965
Unknown;0.8848223035539289;0.0943396226415094;0.1123236325529916
Unknown;0.1864762704745905;0.2941176470588235;0.6206721125343589
Unknown;0.4054318913621728;0.2072289156626506;0.3537060167328824
High;0.0822783544329113;-0.3849206349206349;-0.7306033105361669
High;0.0695986080278394;-0.359375;-0.7621041873137274
Unknown;0.4506709865802684;-0.2129870129870129;-0.4256021567278857
High;0.4416311673766525;-0.1931818181818181;-0.394966303169837
High;0.7003459930801385;-0.1194029850746268;-0.3623241271685667
High;0.0152396952060958;-0.4554216867469879;-0.8536643170321009
Unknown;0.0387592248155036;0.5;0.9354143466934852
High;1.0;-0.048780487804878;-0.2292004210743032
Medium;0.1461970760584788;0.3128689492325855;0.4867712515751417
High;0.1297574048519029;-0.34375;-0.751486621875029
Low;1.0;0.0;
Low;0.7080658386832264;-0.175;-0.4577377082170634
High;0.6703465930681386;-0.1415094339622641;-0.2051707703032068
Unknown;1.0;0.0195627157652474;0.044354458790233
High;0.5666286674266515;0.1303370786516854;0.2864451610332336
Medium;0.0085598288034239;0.4494773519163763;0.8044651612954913
High;0.994140117197656;-0.0327102803738317;-0.0908334277666264
Unknown;0.3365932681346373;0.2127659574468085;0.492805380304581
Unknown;0.9595808083838324;-0.125;-0.3964124835860459
Unknown;1.0;0.0046153846153846;0.0094216585123549
Low;0.9519809603807924;-0.02321083172147;-0.1083460474064424
Medium;0.4177516449671006;0.1998626373626373;0.290865953098779
High;0.2156756864862702;0.25;0.5005806195732304
High;0.2066358672826543;0.2609970674486803;0.4523552805211761
High;0.1703165936681266;-0.3373015873015873;-0.6197828948920255
High;0.9646607067858642;0.1033591731266149;0.052474661871986
Unknown;0.6365072698546029;-0.1004851004851004;-0.2060663989141144
Unknown;0.7310253794924102;0.0777777777777777;0.1656256837524731
Low;0.3601527969440611;-0.2482435597189695;-0.501426536422407
High;0.3074738505229895;-0.1925566343042071;-0.4063415387133843
Unknown;0.0002399952000959;0.5382395382395382;1.055133724690373
Unknown;0.113557728845423;-0.2727272727272727;-0.5240224177937278
Low;0.1811963760724785;0.150709219858156;0.4749033201822534
Unknown;0.8180236395272095;-0.1261904761904762;-0.2920307651285598
Low;0.0014399712005759;0.525;1.2374368670764582
Medium;0.0099998000039999;-0.4352941176470588;-0.8830787025673622
High;0.2687146257074858;-0.1774628879892038;-0.4178581891205414
High;1.0;0.0192592592592592;0.0200342340389923
High;1.0;-0.0178571428571428;-0.0382892180439811
Medium;0.0003999920001599;0.5846153846153846;2.0766672234411887
High;0.4879502409951801;-0.0898722627737226;-0.2247560798159206
Unknown;0.0155196896062078;0.3022984028048305;0.6918159901631268
Low;0.4549909001819963;-0.1906906906906907;-0.3076923411296785
Low;0.8161436771264575;-0.0661538461538461;-0.1471499519740788
High;1.0;0.015220700152207;0.050673573742809
Unknown;0.0809583808323833;-0.2968005445881552;-0.5633768950240156
Low;0.8087438251234975;0.0850340136054421;0.2007767278947397
Medium;1.0;-0.0547619047619047;-0.004858245323435
Unknown;0.504189916201676;-0.1333333333333333;-0.2948110114855887
High;0.2149157016859662;-0.2571428571428571;-0.613045003098611
Medium;0.5463890722185556;-0.094017094017094;-0.338255863971889
High;0.0135597288054238;0.3693121693121693;0.7630907527415265
Low;0.0603187936241275;-0.2688172043010752;-0.6042675105042257
Unknown;0.2097158056838863;0.2565157750342935;0.5398061952931084
Unknown;0.0068798624027519;0.4541062801932367;1.3568958836637268
High;0.2793544129117418;0.2755102040816326;0.6939223087159364
Unknown;0.7570648587028259;-0.0815370196813495;-0.1757595132735017
Unknown;0.4403911921761564;-0.1666666666666666;-0.4684489774185064
Medium;0.0002799944001119;-0.6742770167427702;-1.3499445583809662
Unknown;0.0159596808063838;0.5506912442396313;1.1015165947616186
Unknown;3.999920001599968e-05;-0.5507246376811594;-1.1078093393888335
Unknown;0.0363592728145437;-0.4886363636363636;-0.9190074972809804
Low;0.492190156196876;0.1450381679389313;0.2472580299193611
Unknown;3.999920001599968e-05;-0.6923884514435695;-1.3440405278070182
Unknown;0.0054798904021919;0.6533333333333333;1.6945977786542563
Medium;0.5553488930221395;-0.1988636363636363;-0.2662410212769572
High;0.1717965640687186;-0.196078431372549;-0.4814757301509423
Unknown;0.7244655106897862;-0.1065375302663438;-0.2418800688751723
Unknown;0.0185196296074078;0.4134453781512605;0.7812523488104758
Unknown;0.115557688846223;0.4168618266978923;0.7958187180997169
Unknown;0.0050398992020159;0.7307692307692307;1.363345382664738
Medium;1.0;-0.0516129032258064;-0.1010076761323583
High;0.3989920201595968;0.25;0.5577733510227171
High;0.0898382032359352;-0.3108108108108108;-0.6505050996689775
High;0.2002759944801104;-0.34;-0.6928203230275508
Low;0.2860342793144137;0.2156673114119922;0.453070172461694
High;0.4341913161736765;0.2266666666666666;0.3801895163119444
Unknown;0.5681486370272595;-0.1379310344827586;-0.290166660545663
Unknown;0.0224395512089758;0.5369718309859155;0.9885061530052376
High;0.495270094598108;-0.1929824561403508;-0.5100066555555012
Unknown;0.3243535129297414;-0.2292069632495164;-0.3717139408075017
Low;0.0366392672146557;0.3005376344086021;0.6891878012693764
High;1.0;-0.0779220779220779;-0.2849279423761787
High;0.0037999240015199;0.5426195426195426;0.9530554094860276
High;0.4387912241755164;-0.1373175182481751;-0.2590266993401404
Medium;0.6155876882462351;0.2083333333333333;0.2362244721332256
Medium;0.880142397152057;0.1117647058823529;0.36157031391646
High;1.0;-0.0617283950617283;-0.2563601942768139
Unknown;0.5586288274234515;-0.1158008658008658;-0.202319020618533
Medium;0.2509149817003659;-0.1831597222222222;-0.4275027727274469
Low;0.9377812443751125;-0.0777777777777777;-0.3030412557348853
Unknown;0.0230395392092158;-0.4183501683501683;-0.7125755925902034
Unknown;0.3932721345573088;0.2784503631961259;0.4101960618208881
Unknown;0.3105537889242215;0.14453125;0.454945490685834
High;0.1018779624407511;-0.2352941176470588;-0.5425623631259616
High;0.4051118977620447;0.0285714285714285;0.3930147074881636
Medium;1.0;0.0;
High;0.6790264194716106;0.1628614916286149;0.2470596982611641
Unknown;0.0196796064078718;0.3297435897435897;0.7652097094983429
High;1.0;-0.0444444444444444;-0.2227384185558818
Unknown;0.7139457210855783;0.1501210653753026;0.220172171546881
High;1.0;0.0072639225181598;0.020844126476368
High;0.1003179936401272;-0.1798561151079136;-0.4810094882415255
Unknown;3.999920001599968e-05;-0.8169014084507042;-1.7129746354796331
High;0.1294374112517749;-0.2653810835629017;-0.5528240577787317
Low;1.0;-0.0297029702970297;-0.183420719206939
Unknown;0.4179116417671646;-0.1988304093567251;-0.4026260192921699
Medium;0.5978680426391472;0.1727941176470588;0.3169258220892796
Unknown;0.0350792984140317;0.4614197530864197;0.9295016119219146
Medium;0.0030399392012159;-0.5522388059701493;-1.0129366328772835
High;1.0;0.0238095238095238;0.0340369960207184
Unknown;0.0437991240175196;0.5394088669950738;0.9731128812287698
Unknown;0.3116883116883117;0.65;1.3627702877384935
Medium;0.502389952200956;0.1937984496124031;0.5212812129521053
Low;1.0;0.0411764705882352;0.1599807226292701
Unknown;0.0367992640147197;0.3472222222222222;0.7965644522765706
Medium;0.8456630867382652;-0.090014064697609;-0.1852811079834767
Low;1.0;0.05;0.0596256602864831
Unknown;1.0;0.0;-0.004719646804965
High;0.6705065898682027;-0.1271929824561403;-0.2692131127153371
Unknown;0.0003199936001279;0.81;2.0196110390099524
Medium;7.999840003199936e-05;0.8208955223880597;2.053633762543336
High;1.0;0.004;-0.0673294913751246
Unknown;0.0107597848043039;0.6224489795918368;1.217272393302066
Low;0.0541189176216475;-0.3147605083088954;-0.6404522907336145
High;0.0695586088278234;-0.3058823529411765;-0.6500927244371139
High;0.876542469150617;0.0858085808580858;0.1292600249185346
Unknown;0.0034799304013919;0.75;1.4643482718021763
Unknown;0.875742485150297;-0.0541044776119402;-0.1588185371956134
High;0.0097598048039039;0.3958837772397094;0.8183225521697421
Unknown;1.0;-0.1136363636363636;-0.3700626797535615
Unknown;0.4283114337713246;0.220125786163522;0.4693272462856586
High;0.0003199936001279;0.5875831485587583;1.9700495105402385
Medium;0.0283994320113597;-0.4452380952380952;-1.090276635001778
Unknown;0.242195156096878;-0.337037037037037;-0.6176637562744678
Medium;1.0;0.0;0.0
High;0.7089058218835623;0.0972222222222222;0.2813911603245918
High;0.0429591408171836;-0.2727272727272727;-0.60587958315499
Medium;0.3953520929581408;-0.1592442645074224;-0.332455681129982
High;0.0008399832003359;0.4981992797118847;0.9615289271186648
Unknown;0.0397592048159036;0.52734375;0.9368086153860752
High;0.0282794344113117;0.3621511232130701;0.7414582517609316
Unknown;0.7322253554928901;-0.1142857142857142;-0.3767432598879078
High;0.0003999920001599;0.8181818181818182;1.6587511691361712
Unknown;0.619187616247675;0.050438596491228;0.3126909416909258
Unknown;0.0001199976000479;-0.7272727272727273;-1.9540168418367887
Unknown;0.6827063458730825;-0.1225071225071225;-0.3013502377831578
Medium;0.0032799344013119;-0.5846153846153846;-1.156013714444352
Unknown;0.7302653946921062;0.125;0.2476795058442787
Medium;0.1768764624707506;0.375494071146245;0.5165362647936592
High;0.6869862602747945;0.119047619047619;0.2417516669557536
Medium;0.0516789664206715;0.4296296296296296;0.8727416337031172
High;0.0087998240035199;0.2206682206682206;1.274493783715816
High;1.0;-0.02;-0.1511857892036909
High;3.999920001599968e-05;0.9246323529411764;3.359508452367956
Low;1.0;-0.0606060606060606;-0.2652946129712291
Unknown;0.0960380792384152;0.1611111111111111;0.6154736190649261
Low;1.0;-0.0347826086956521;-0.1856769117827695
Unknown;0.0003599928001439;0.6242690058479532;1.3799376215790735
Low;0.7041459170816584;0.1390243902439024;0.2075626850068394
Low;0.5914681706365873;-0.2397094430992736;-0.2971976035261069
Medium;0.0066798664026719;0.3791666666666666;0.8945098694555572
High;0.0853982920341593;-0.3859649122807017;-0.8268671436107238
Unknown;0.0178796424071518;-0.4359726295210166;-0.7959354877542576
Low;1.0;0.0;
Unknown;0.0301593968120637;0.2422360248447205;0.7934151365461981
High;1.0;-0.0389610389610389;-0.2102998911698344
Unknown;0.3352332953340933;0.1974288337924701;0.4079815384054833
High;1.0;-0.0727272727272727;-0.2800560168056019
Medium;0.2744745105097898;-0.2641509433962264;-0.6267693870459675
Unknown;0.0051998960020799;-0.6101694915254238;-1.2062076011079832
High;0.3145937081258375;0.2615384615384615;0.5116202946858445
Medium;1.0;-0.0354477611940298;0.0401335855541296
High;0.1331173376532469;0.3078817733990148;0.8711277323007727
High;7.999840003199936e-05;0.7719298245614035;1.747043663276085
Medium;0.8004239915201696;0.1136363636363636;0.1608816897670641
Unknown;1.0;-0.1;-0.3651483716701107
Unknown;0.6748665026699466;-0.1258426966292135;-0.2694963759536188
Unknown;0.0028399432011359;0.7096774193548387;1.4837246540112703
High;0.1660766784664306;-0.3272058823529412;-0.6510874954992305
High;0.9470210595788084;-0.0779220779220779;-0.1314166222970864
Unknown;1.0;0.0;
Medium;0.0663986720265594;-0.3759512937595129;-0.6795994783154536
Low;1.0;0.0;-0.0892999532961366
Low;0.9112617747645048;0.0839285714285714;0.1405716166204418
Unknown;0.3342733145337093;-0.2413793103448276;-0.5878871365036471
Unknown;0.0038399232015359;0.5016339869281046;0.9660100220714758
High;0.7943041139177216;0.1433333333333333;0.2230700017258209
Medium;0.8191836163276734;-0.0327759197324414;-0.1160159133002264
High;0.0986380272394552;-0.3168044077134986;-0.6012464770817445
High;0.0536389272214555;-0.3823529411764705;-0.90055774362813
High;0.6813863722725545;0.1774193548387097;0.2901673302318656
Medium;0.510229795404092;-0.175;-0.3656787254306136
Low;0.50714985700286;0.1512096774193548;0.3453580832676317
Low;0.0723585528289434;0.25625;0.5738464851517444
Unknown;0.5878282434351313;0.0951492537313432;0.4845120598543735
Unknown;0.991340173196536;0.0925925925925925;0.2434157455770395
Medium;0.1330773384532309;-0.2041666666666666;-0.7647399411092455
High;0.6737065258694827;-0.0885225885225885;-0.209129953189439
High;1.0;0.04375;0.0092109023123075
High;0.2906741865162697;0.1949648711943793;0.3735244024968046
Unknown;0.4204315913681726;0.1726190476190476;0.3613844617065322
Unknown;0.0001199976000479;0.8768115942028986;2.289017405877795
High;0.8212635747285054;-0.1774193548387097;-0.1989709597284218
Medium;0.0203195936081278;0.5588235294117647;1.169831247889322
Medium;0.0355992880142397;-0.5051020408163265;-0.9206319985790896
High;0.123237535249295;-0.1811023622047244;-0.4826257319944176
High;0.9317413651726966;0.0916666666666666;0.1362373152282666
Medium;0.1894362112757744;0.2571428571428571;0.6130450030986108
Unknown;0.0414791704165916;-0.4242424242424242;-0.9492763910016234
Unknown;0.1027979440411191;0.5283018867924528;0.8303070377064398
High;1.0;-0.0327868852459016;-0.1929574165490358
Unknown;0.8271434571308574;0.1282051282051282;0.2395391255093798
High;0.0982780344393112;0.4557823129251701;0.7807580154319637
High;0.2642747145057099;-0.2952380952380952;-0.5868379269129164
Unknown;0.1931161376772464;-0.2777777777777778;-0.5404697152401815
High;0.502229955400892;0.1112781954887218;0.5736899532993437
Unknown;0.7102657946841063;-0.0818181818181818;-0.3002730997379377
High;0.2742345153096938;0.25;0.6291528696058958
Medium;1.0;0.0;-0.0669149605118206
High;0.240235195296094;-0.2705314009661835;-0.501714339655141
Medium;0.0086798264034719;-0.5123456790123457;-1.033790570532999
Low;0.2793944121117577;0.1921921921921922;0.4694119055098166
High;1.0;0.0107962213225371;0.0588794060367858
High;0.0241595168096638;0.4801587301587302;1.0693101505052416
High;0.4751904961900762;-0.20935960591133;-0.4421954075621571
Medium;0.6152676946461071;0.0772833723653395;0.2118648395938373
High;0.0054398912021759;0.663594470046083;1.254277000952619
High;0.0668786624267514;-0.3567901234567901;-0.6630150064226575
Unknown;0.1395348837209302;0.3333333333333333;2.6140645235596867
High;0.5187896242075158;0.2282608695652173;0.4219909720147025
High;0.0187196256074878;-0.5161290322580645;-1.0025746364893224
High;0.8214235715285694;0.125;0.2803716237829363
Unknown;1.0;0.0467532467532467;-0.0166880813257488
High;0.4760304793904122;-0.1435406698564593;-0.3276061015944602
Low;0.8509829803403932;-0.1076923076923077;-0.3630843410652551
Medium;0.0035199296014079;0.5689655172413793;1.10467192067813
High;1.0;-0.06;-0.2625569846962102
High;0.5785484290314193;-0.0901639344262295;-0.3121535987245354
Medium;0.1081178376432471;-0.4266666666666667;-0.8757605390397141
Unknown;0.1579168416631667;-0.3168168168168168;-0.5674447372355643
High;0.0022799544009119;-0.4324324324324324;-0.8307501889603539
High;0.1894762104757905;-0.3197674418604651;-0.5334501832177182
High;0.0311993760124797;0.6041666666666666;1.1866616593912267
Low;0.0165996680066398;0.5263157894736842;1.0993529906498107
Low;0.0048799024019519;0.6206896551724138;1.3332027104250272
High;0.0719585608287834;0.419047619047619;0.8881785313022184
Unknown;0.49435011299774;-0.2888888888888888;-0.447213595499958
Low;0.0046399072018559;0.5867003367003367;1.0215275898081038
Unknown;0.7394652106957861;0.1617647058823529;0.1757268786430909
High;0.375032499350013;-0.1282051282051282;-0.4011045583974579
Unknown;1.0;-0.0686274509803921;-0.1604599434646462
High;0.7380652386952261;0.1089108910891089;0.1715828599151691
Unknown;1.0;-0.0476190476190476;-0.2340126166724879
High;1.0;0.0195121951219512;0.0428649347046108
High;1.0;-0.0224828934506353;-0.0554733886789696
High;0.2737145257094858;-0.2246753246753246;-0.4912028741680299
High;0.0149597008059838;0.4561679790026247;0.7515048982819894
Medium;1.0;-0.0114942528735632;-0.0238451121511724
Low;0.0003599928001439;-0.5009191176470589;-1.0448470668839442
Low;0.5088298234035319;-0.1348314606741573;-0.4121317984465911
Medium;0.7636247275054499;-0.1451247165532879;-0.238471277136755
Unknown;0.9543409131817364;-0.0208333333333333;-0.0782050977016716
High;1.0;-0.0175438596491228;-0.1326301940161521
High;0.0043599128017439;0.3271604938271605;0.8477334400144021
Low;0.3771524569508609;0.2007992007992008;0.3790074485481065
High;0.0217995640087198;0.3980861244019139;0.8327061824998857
Unknown;1.0;-0.0444444444444444;-0.2273314464901578
Unknown;1.0;0.0056022408963585;-0.0167966436940528
High;0.5218295634087319;0.2244897959183673;0.3641290323054277
Low;0.0899982000359992;-0.2407407407407407;-0.5885845713670295
High;1.0;-0.0295358649789029;-0.1046416468980667
High;1.0;-0.0087040618955512;-0.0178417549417579
High;0.0015199696006079;-0.6949152542372882;-1.1176884028596628
Unknown;0.8231835363292734;-0.0810276679841897;-0.1851915382388904
High;0.7569448611027779;-0.0688705234159779;-0.2048366225996756
High;0.0552388952220955;-0.3741176470588235;-0.727558979451829
Low;0.5872682546349073;0.1284280936454849;0.2179972847695216
Unknown;0.0428791424171516;0.2087962962962962;0.6068630046906783
High;0.2598748025039499;-0.2557077625570776;-0.5063032835430052
Unknown;0.1029179416411671;-0.4236453201970443;-0.7514988817660863
Medium;1.0;-0.0526315789473684;-0.2463179137210345
Medium;1.0;0.0113924050632911;0.0393837355216665
High;0.0252794944101117;0.39015606242497;0.7238278177061334
Unknown;0.8302233955320893;-0.1320754716981132;-0.2754061466708719
Unknown;0.1093978120437591;-0.2705882352941176;-0.5718313518384951
Medium;0.1505569888602227;-0.2661668228678538;-0.5247697634348684
Medium;0.3969120617587648;-0.2176870748299319;-0.475909362769518
Unknown;0.8343433131337373;0.1269230769230769;0.1010007397264365
Unknown;0.4037519249615007;-0.2679738562091503;-0.5251050315105037
High;1.0;-0.018018018018018;-0.1420104078818607
Unknown;0.2213155736885262;0.137062937062937;0.5763526706213835
Low;0.0647187056258874;0.3120567375886525;1.4656133362442856
Unknown;1.0;-0.0575;0.0618318527680224
Medium;1.0;0.0514705882352941;0.0856849886307734
Unknown;0.7823843523129538;-0.1267857142857142;-0.2182258617281745
Unknown;1.0;0.0048192771084337;-0.0354927678254118
Medium;1.0;-0.037037037037037;-0.2058614033249492
High;0.9513409731805365;-0.1027568922305764;-0.2394425869084291
High;0.8457430851382972;-0.1064935064935064;-0.2435545545244747
Low;7.999840003199936e-05;0.4873949579831932;1.572295798912078
Unknown;0.2342353152936941;-0.3064516129032258;-0.5760725826228894
Medium;0.0100397992040159;0.4772727272727273;0.9554506661804006
Low;1.0;-0.1;-0.2245940290303956
Low;0.1534369312613747;-0.238095238095238;-0.5691604887655423
Unknown;0.3952720945581088;-0.1371900826446281;-0.3056797059744531
Medium;0.8210635787284254;-0.0989583333333333;-0.2170286830706078
Medium;0.4453510929781404;0.1414141414141414;0.3924890844663111
Unknown;0.874902501949961;-0.1130952380952381;-0.2866500380201565
Low;0.2209155816883662;-0.1935483870967742;-0.4833845147088481
Medium;0.124677506449871;-0.24002849002849;-0.4981448757312347
High;0.8506229875402492;-0.0634920634920634;-0.2724948259795653
Medium;0.1622367552648947;0.3829787234042553;0.7554718875414441
High;0.1619167616647667;0.2916666666666667;0.7114713152308052
Unknown;0.0112397752044959;-0.35;-0.7026549472318117
Medium;0.0292394152116957;-0.2956521739130435;-0.678161766573811
Unknown;1.0;0.0;
Medium;0.0092398152036959;0.4814471243042671;1.0435129153120684
High;0.1385172296554069;0.277534965034965;0.4477500762244661
Unknown;0.0245995080098398;-0.4125;-0.8522086336377371
High;1.0;-0.0202702702702702;-0.1518755069716435
High;0.2317153656926861;0.2911392405063291;0.5249555414556891
High;0.7062258754824904;-0.0818181818181818;-0.2950429794322011
Low;0.3942721145577088;-0.1944444444444444;-0.5113650876561318
Medium;0.0774784504309913;-0.2201834862385321;-0.5598550425292601
High;0.1883562328753425;-0.2727272727272727;-0.6396021490668313
Medium;0.988580228395432;0.1005747126436781;0.2761247623305885
Unknown;0.8837423251534969;0.0645994832041343;0.2731844014492124
High;0.0129997400051998;0.5405405405405406;1.0341766569943918
Low;1.0;-0.0769230769230769;-0.299572344757639
High;0.4433111337773244;0.234375;0.3604151077316753
High;0.1093578128437431;0.4848484848484848;0.7047934485486075
Low;3.999920001599968e-05;0.8698224852071006;2.526133449992276
High;0.3989520209595808;-0.144;-0.3078626659185414
Medium;0.0006399872002559;-0.6574074074074074;-1.2767261731002084
Unknown;0.0375592488150237;-0.22;-0.5473782943928988
Unknown;0.2959140817183656;0.3266129032258064;0.4854301643610035
Unknown;0.7254654906901862;0.0660377358490566;0.157423861650494
High;0.1872362552748945;-0.2045454545454545;-0.5323922975039727
High;1.0;0.0443974630021141;0.1907823894358448
Unknown;1.0;0.046875;0.0666344838664969
High;0.0023599528009439;-0.3926056338028169;-0.7177059495231911
High;0.5632287354252915;0.1178861788617886;0.2401135454504697
High;0.0040799184016319;0.4394666666666666;0.9230007869691872
Unknown;0.494990100197996;-0.2222222222222222;-0.3382089558917295
Low;0.3682726345473091;-0.153030303030303;-0.2858548010777546
Medium;0.0341993160136797;-0.4603174603174603;-0.9105759875752428
High;0.8953420931581368;-0.0833333333333333;-0.1907225490923797
Unknown;0.9145017099658008;0.0802005012531328;0.1419192906275561
Medium;0.2100757984840303;-0.3;-0.5771653099443894
Medium;0.8304633907321853;0.1171993911719939;0.1302380526952982
Medium;3.999920001599968e-05;0.9158607350096712;2.73976395192199
High;0.7222655546889062;0.2130681818181818;-0.1576304057451552
High;0.7868642627147457;0.1268115942028985;0.3413862509720819
Unknown;0.4705882352941176;0.25;1.118033988749895
Unknown;0.8432631347373053;0.1583850931677018;0.1448038672564515
Low;0.0193196136077278;0.3426966292134831;0.9493939404422174
High;0.0031199376012479;-0.6491228070175439;-1.2183320990194384
Unknown;0.2279554408911821;-0.25;-0.4069750897913323
High;0.5870282594348113;-0.1222222222222222;-0.3893808421392032
Unknown;0.0834383312333753;-0.44;-0.8344553849509777
Low;0.4026319473610528;0.1117216117216117;0.3502350986679733
Unknown;0.631307373852523;-0.1451990632318501;-0.312003978155502
High;0.0775184496310073;-0.3904320987654321;-0.6906903358934584
Low;0.2376752464950701;0.3962264150943396;0.6065024742802542
Unknown;0.1062778744425111;0.2345679012345679;0.6869588172939772
High;3.999920001599968e-05;-0.7553571428571428;-1.9319033977228492
High;0.1605567888642227;0.3571428571428571;0.723364233255618
High;0.1645167096658066;0.3051851851851851;0.5944944564269592
Unknown;1.0;-0.0431654676258992;-0.2118283685815188
High;0.0383592328153436;0.3472706155632984;0.6678232323030858
Low;0.9105817883642328;0.0625;0.2431493812898186
High;0.4709905801883962;0.0918992511912865;0.3560963419630851
High;1.0;-0.0405405405405405;-0.0588311761245323
High;0.0161196776064478;0.7482142857142857;1.205836124421533
Unknown;0.0726785464290714;-0.2987012987012987;-0.6856952458475777
High;7.999840003199936e-05;0.5279761904761905;1.1634491470407082
High;0.4512709745805084;-0.1805555555555555;-0.4569850559541983
Unknown;1.0;-0.12;-0.3977207791677701
Unknown;0.5436691266174677;-0.1777777777777777;-0.3314929138407909
High;0.4084718305633887;-0.208955223880597;-0.4415100364865059
High;0.114877702445951;-0.4038461538461538;-0.806893377762467
Unknown;0.7419451610967781;0.1365384615384615;0.2039483529111939
High;0.0209995800083998;0.4598583234946871;0.7498993799343001
Unknown;0.0151996960060798;0.5716374269005848;0.9737966292359108
Control;0.495630087398252;0.238095238095238;0.3446154299848774
High;0.1533169336613267;0.3880952380952381;0.6986236462304853
Low;0.253354932901342;-0.1559633027522936;-0.4041651513892634
High;1.0;0.0566037735849056;0.026390152522767
Unknown;0.0080398392032159;-0.4183673469387755;-0.7933547533770012
Low;0.1945561088778224;0.2878151260504201;0.4306117526515399
Medium;0.8566628667426651;-0.0425240054869684;-0.1246918062897417
High;0.0814383712325753;-0.3157894736842105;-0.6337054701953068
Unknown;0.9789404211915762;-0.12;-0.3632768569740819
Medium;0.6747865042699146;0.0919191919191919;0.2024932386420158
Medium;1.0;0.0;
Unknown;1.0;-0.04;-0.1021741671831017
Unknown;0.5822283554328913;-0.0695792880258899;-0.2619063106212012
Unknown;0.9595408091838163;0.0714285714285714;0.1360170706221961
High;3.999920001599968e-05;0.803840877914952;2.4121497369934604
Medium;0.0798784024319513;0.32;0.7172933876187403
High;1.0;0.0;
High;0.3042339153216936;-0.2904761904761905;-0.519333954807919
High;0.4041519169616607;0.2080103359173126;0.4216163315309741
Unknown;0.5546289074218516;0.2333333333333333;0.4612714949807074
Unknown;0.3408331833363333;-0.2523809523809524;-0.4896653073628715
Unknown;0.1297974040519189;0.3408521303258145;0.7267544600053657
Unknown;0.9167816643667128;0.06;0.1827623097240514
Unknown;0.8378232435351293;0.0715909090909091;0.119804534756613
High;0.5310693786124278;-0.1309523809523809;-0.4062460798144943
Medium;0.0035199296014079;0.5317073170731708;1.1990496949782814
High;0.0125197496050079;-0.6143790849673203;-1.2567508059780348
Unknown;0.0578388432231355;-0.3833333333333333;-0.7852336774815004
High;1.0;0.037037037037037;0.0936026154638035
Unknown;0.1667566648667026;-0.3569444444444444;-0.5494494769441381
High;0.9583008339833204;0.0576923076923076;0.0797537498552874
High;0.0665986680266394;0.3404040404040404;0.6900437150698437
High;0.0250394992100158;0.5875;1.02529670219499
Unknown;0.5027499450010999;0.1567164179104477;0.3978082806017792
Unknown;0.4347913041739165;0.2730496453900709;0.4476672698695343
Low;0.0081198376032479;0.5187014820042343;0.8890261560664923
Low;0.4150316993660127;-0.2888888888888888;-0.4974683381630909
Medium;0.0143597128057438;-0.5205223880597015;-0.95990084088844
Low;0.0006399872002559;0.4527972027972028;1.0040254231445394
Medium;1.0;-0.015625;-0.1317615691736824
Medium;0.0019599608007839;-0.4660194174757281;-0.88562465244573
Unknown;0.6932661346773065;0.117037037037037;0.2092360898118229
Unknown;0.3804723905521889;0.2412177985948477;0.5154417803065119
High;0.3154336913261735;-0.2;-0.5228129047119374
Unknown;1.0;0.0823529411764705;0.2407495754020471
Low;0.0217595648087038;0.4912280701754385;0.9463518390386244
Unknown;0.0514389712205755;0.4927536231884058;1.018902776024569
High;0.4576708465830683;0.1687788018433179;0.2819406494477802
Unknown;0.3108737825243495;0.2436974789915966;0.5053586923397496
High;1.0;0.0416666666666666;0.1123020466452645
High;0.9258214835703286;-0.0786516853932584;-0.3050232594718876
Medium;1.0;0.0520393811533052;-0.0412678517211772
Medium;1.0;-0.0246913580246913;-0.1658441966017854
High;0.0093598128037439;-0.3623670212765957;-0.7576603182416809
High;0.6802663946721066;-0.1111111111111111;-0.3314763086705845
Medium;0.4308313833723325;0.25;0.5051568202827217
High;0.0033199336013279;0.5974264705882353;1.3858164640402535
Unknown;0.3075938481230375;-0.2222222222222222;-0.5397098548821767
Unknown;0.0263594728105437;0.3401856763925729;0.9557301043428644
High;0.9005419891602168;0.0789473684210526;0.1559525382400131
Unknown;0.3603927921441571;0.3231850117096019;0.4245358625302424
Medium;0.49055018899622;-0.1174358974358974;-0.2612374151906524
Low;0.861742765144697;0.106060606060606;0.1465064722619498
Unknown;0.0057998840023199;0.4666666666666667;1.1329069956839195
Low;0.0013999720005599;-0.48;-0.8934137301294283
High;3.999920001599968e-05;0.6625086625086625;2.125136403696491
Medium;0.0002799944001119;-0.7142857142857143;-1.2679353833984186
High;0.0276394472110557;0.4993141289437586;0.9871005478457232
High;0.6502669946601068;-0.1223832528180354;-0.2558462391426301
High;0.3111137777244455;-0.2391304347826087;-0.5293684711624499
Low;0.2129557408851823;0.2966417910447761;0.6211150422005663
High;0.6510269794604108;-0.0934579439252336;-0.2089894395423434
High;0.3505929881402372;-0.2922374429223744;-0.4472422478742631
Unknown;1.0;-0.0383064516129032;-0.1251832740664357
Unknown;0.5323093538129238;-0.1031353135313531;-0.3214656747573186
Unknown;0.0147597048059038;0.5988805970149254;1.1045721430672262
Low;0.0431191376172476;-0.3821138211382114;-0.7151090644434213
