Dosage;p-value;Cliff's Delta;Cohen's D
Low;0.0369992600147997;0.4353741496598639;1.1124209683306336
Unknown;0.0058798824023519;0.5358024691358024;0.8408614626495411
Unknown;0.755504889902202;0.2733333333333333;0.1510374789811697
High;0.5397892042159157;-0.2196969696969697;0.2130877245432791
Unknown;0.500509989800204;-0.2457912457912457;-0.2039954877574275
High;0.115117697646047;0.1328083989501312;0.4231466176986575
Unknown;0.0361592768144637;0.5833333333333334;0.8132303295643469
High;0.1977160456790864;-0.2949832775919732;-0.3896928783651993
Low;3.999920001599968e-05;0.7274909963985594;1.255064818685529
Unknown;0.0193996120077598;0.4354575163398693;0.6041918037463463
Low;0.3176736465270695;0.238095238095238;0.4035714700845326
Unknown;0.0255994880102397;0.3931034482758621;0.7177020692277444
High;0.8315433691326174;-0.1828358208955224;-0.0243390095034435
Unknown;0.6963060738785224;-0.0339506172839506;0.1464471278115514
High;3.999920001599968e-05;0.8672839506172839;1.541583655886194
Unknown;0.0010799784004319;0.7192982456140351;1.2454147587239737
High;0.3273934521309574;0.0801033591731266;0.2656475959009967
Low;3.999920001599968e-05;0.802020202020202;1.476132858198894
High;0.0170796584068318;0.3577777777777777;0.6680322464355458
Unknown;0.5436291274174516;0.0;-0.2156710445901991
Unknown;7.999840003199936e-05;0.7951388888888888;1.2768538819165598
Low;0.0133597328053438;0.4829059829059829;0.7556580716140097
Unknown;0.377752444951101;-0.36;-0.4084288022726244
Unknown;0.4445511089778204;-0.0384615384615384;0.2278438660750991
Unknown;0.0441591168176636;-0.3319473319473319;-0.6317626892887706
Unknown;0.4018719625607488;0.1805555555555555;0.3120699073545602
Medium;0.0931581368372632;-0.6009070294784581;-0.659488223303825
Unknown;0.8577428451430972;-0.0112517580872011;-0.0502805234856616
Unknown;0.5155896882062359;0.0962962962962963;-0.2101280864886614
High;0.0128797424051518;0.3422619047619047;0.6332298012783553
Medium;0.4623907521849563;-0.0032362459546925;0.2345075463874728
High;0.2265954680906381;0.1152882205513784;0.3265616243114486
Unknown;0.5980280394392112;-0.2365339578454332;-0.2460640548589155
Unknown;0.2721545569088618;0.130315500685871;0.3905287741532529
High;0.0259594808103837;0.4414414414414414;0.7636104902910358
Medium;0.0829183416331673;0.4926108374384236;0.6967421641035078
High;0.8144637107257855;-0.396871945259042;-0.0373604536797924
High;0.0019599608007839;0.3877887788778877;0.8312000494700938
High;0.9442211155776884;-0.1394557823129251;-0.0016410565752842
Unknown;0.0984380312393752;0.4542483660130719;0.672695657476781
High;0.747785044299114;-0.1678571428571428;-0.0169227916799164
Unknown;0.0343593128137437;0.5690072639225182;1.0571835325508194
Unknown;0.0048799024019519;0.6385185185185185;1.021016773680704
Unknown;0.1396372072558548;0.3414043583535109;0.6008912941318306
Unknown;0.1338373232535349;0.2693181818181818;0.4899867386213716
High;0.1901961960760785;0.3066666666666666;0.5996658105362808
Unknown;0.0012399752004959;0.5225641025641026;0.7788909435438982
Unknown;0.0040399192016159;0.5520833333333334;1.1273129619567015
High;0.4473110537789244;0.0258823529411764;0.2657487998421516
High;0.0005999880002399;0.7052154195011338;0.8637626257872489
Unknown;3.999920001599968e-05;0.803105151729005;1.1337369526496055
Low;0.0029999400011999;0.6856060606060606;0.7720346139879357
Low;0.5848683026339473;-0.4358974358974359;-0.2181208329547622
High;0.1215397215397215;-0.4770642201834862;-1.3494149191517153
Unknown;0.0011599768004639;0.5916083916083916;0.7741070514151133
High;0.4429111417771644;-0.1283292978208232;-0.294670005733227
Unknown;0.0024799504009919;0.6068840579710145;0.924916017079795
Unknown;0.3837523249535009;0.1635294117647059;0.2948358905839721
High;3.999920001599968e-05;0.8787878787878788;1.087043768895808
Medium;0.0761584768304634;0.4012345679012346;0.6675174070299651
High;0.8533029339413212;0.0992907801418439;0.0690843082870478
Unknown;0.5224295514089718;0.1729024943310657;0.1874763611636503
High;0.8579428411431771;-0.0634920634920634;0.0769187277056168
Unknown;0.7322653546929061;0.0124080882352941;0.1011512091805811
Control;0.2761944761104778;-0.2781609195402298;-0.363671963288966
High;0.0452790944181116;-0.358974358974359;-0.6948397992845466
Medium;0.0219195616087678;0.6940836940836941;0.9436860935781168
Unknown;0.1052778944421111;0.4930555555555556;0.7256652642359527
Unknown;0.3271512113617377;0.3823529411764705;0.5619844017084099
High;0.1851962960740785;0.10202492211838;0.3765575174497614
Low;0.0054398912021759;0.529320987654321;0.9330377522857124
Unknown;0.6094312344273893;0.1428571428571428;0.3405360491505828
High;0.0151596968060638;-0.4149659863945578;-1.2113520673611575
Unknown;0.491270174596508;0.0738916256157635;0.2657156557723942
Unknown;0.0973580528389432;0.2347222222222222;0.4197574897988416
Unknown;0.8155036899262015;0.1478696741854636;0.0636637870137869
High;0.0165196696066078;0.4181818181818181;0.7072092325934726
Medium;0.1565168696626067;-0.7037037037037037;-0.5786715543173127
High;3.999920001599968e-05;0.6717171717171717;0.9620621988740006
Unknown;0.8187036259274815;0.0641025641025641;-0.0715424045026072
Medium;0.1738765224695506;0.308133971291866;0.4398823687826069
Unknown;0.0227195456090878;-0.4921630094043887;-0.7984413373716577
Low;0.4550308993820123;-0.1434511434511434;0.2448339520921807
Medium;0.0424791504169916;0.2792266187050359;0.5397136868831436
Unknown;0.8629027419451611;0.10546875;-0.0667456487056327
Low;3.999920001599968e-05;0.7605263157894737;0.9121133974750416
Unknown;0.7929441411171777;-0.16;-0.1191278208834801
High;0.0810783784324313;0.291044776119403;0.6419931192677091
Unknown;0.3021939561208775;-0.1896103896103896;-0.4161201150308029
Unknown;0.0858782824343513;-0.3865384615384615;-0.6704647172958224
Unknown;0.0697986040279194;0.3284313725490196;0.5989858249693976
High;0.0143197136057278;-0.5165165165165165;-0.9370412047318346
Low;0.0006799864002719;0.7055555555555556;1.1101708881274253
Unknown;0.0322793544129117;-0.2152777777777778;-0.8644361162506774
High;0.0103197936041279;0.4359925788497217;0.8916179886428857
Low;0.0039599208015839;-0.3214620431115276;-1.1012061927510464
Low;0.0005999880002399;0.5464285714285714;0.9338652401963474
Unknown;0.0013999720005599;0.4622132253711201;0.9017926030488306
Unknown;0.74662506749865;0.3055555555555556;0.1561248879254274
Unknown;0.0041999160016799;-0.3157380254154447;-1.0120207937990378
Medium;0.0006799864002719;0.6454545454545455;1.0719222325141589
High;0.0159196816063678;0.4346153846153846;1.0240172369394278
Unknown;0.9380612387752244;-0.0630952380952381;0.0445416727851503
Unknown;0.7587848243035139;0.1476190476190476;0.119804906412884
High;0.0737985240295194;0.2371794871794871;0.5060579437101755
Unknown;7.999840003199936e-05;0.9245283018867924;1.016435056401911
Unknown;0.0672386552268954;0.38875;0.574797108687337
High;0.0172796544069118;0.4310432569974555;0.671598086038478
Control;0.7764644707105858;0.0336817653890824;0.0788281837032536
Medium;0.0565988680226395;0.2475386779184247;0.5890420882218289
High;0.2827943441131177;0.0262626262626262;0.2936761035025385
Unknown;0.1557168856622867;-0.2088888888888889;-0.7256180185837589
Medium;0.0158396832063358;0.382554945054945;0.5960461147568766
High;0.8341033179336413;-0.04;-0.058762709103787
Unknown;0.0002799944001119;0.7689393939393939;1.4647616467265436
Unknown;0.0532789344213115;-0.437037037037037;-0.9062559356791208
Medium;0.116477670446591;0.0297619047619047;0.426069799635694
High;0.3311533769324613;-0.2775735294117647;-0.3694688872925826
Unknown;0.8652226955460891;0.0068027210884353;-0.0559778956187737
Unknown;0.0497990040199196;0.4842767295597484;0.8683772358711024
Medium;0.1003979920401592;0.2783132530120482;0.5009632493390732
Medium;0.0023199536009279;0.4655448717948718;1.0130380094870572
Unknown;0.3022739545209096;-0.2561576354679803;-0.4111672923895563
Unknown;0.4481910361792764;0.1933028919330289;-0.2256131665780767
High;3.999920001599968e-05;0.7531446540880503;0.9232807007780964
High;0.0067998640027199;0.3987297106563162;0.7191573993258589
Unknown;0.0039999200015999;0.5748393021120294;0.7894056705384601
High;0.0413591728165436;0.3222672064777327;0.5889774097115159
Unknown;3.999920001599968e-05;0.7893333333333333;1.766349942203791
Medium;0.4391112177756445;0.1228813559322034;0.2203184277163232
High;0.7063058738825223;0.1119047619047619;0.1607301621622305
High;3.999920001599968e-05;0.8886198547215496;1.0668337095987213
Unknown;0.0598788024239515;0.3986928104575163;0.876359861287233
Unknown;0.4097518049639007;0.2434017595307918;0.2692741402160858
High;0.2314753704925901;0.3639705882352941;0.4286663962864493
Low;0.0039199216015679;-0.5677179962894249;-0.9787664846365142
High;0.2651946961060779;0.0428571428571428;0.4188433955705404
Unknown;0.2816343673126537;-0.3469387755102041;-0.4369021907987425
Unknown;0.0133997320053598;0.6;0.9603012712393808
Unknown;0.1370372592548149;-0.4222222222222222;-0.6167046131614734
Unknown;0.4266714665706685;0.1007462686567164;0.3172997151513486
High;0.0264794704105917;0.3950617283950617;0.5900117013574018
High;0.0046799064018719;0.609375;0.8579780369808604
Low;3.999920001599968e-05;0.6864686468646864;0.9647464233414584
Unknown;0.0147597048059038;0.5119617224880383;0.772957554888545
Unknown;0.1448771024579508;-0.3742138364779874;-0.6988405200693124
High;0.0029199416011679;0.5644444444444444;0.9305744101574188
High;0.0124397512049759;-0.5544794188861986;-1.043998419753315
Unknown;0.0731985360292794;-0.5324675324675324;-0.5596075529082448
Unknown;0.1668766624667506;0.2949308755760368;0.3939028918915688
High;0.0389592208155836;0.1785714285714285;0.5174340431111225
Unknown;0.7950240995180097;0.0283687943262411;0.1121236242048073
High;0.6042679146417071;0.4325674325674326;0.1526955135856526
High;0.2780744385112297;-0.2165991902834008;-0.3196410820910002
Unknown;0.115757684846303;0.3888888888888889;0.5870004171428503
Medium;3.999920001599968e-05;0.9324675324675324;1.5265518588546092
High;0.4403511929761405;-0.1587301587301587;-0.3102809883473134
High;0.0001599968000639;0.7803030303030303;1.5820829544090056
Unknown;0.0003999920001599;0.8518518518518519;0.9359836592940812
Medium;0.3792724145517089;-0.3076923076923077;-0.2598295448810429
Unknown;0.0653586928261434;-0.3766233766233766;-0.7998815864698768
High;3.999920001599968e-05;-0.7083333333333334;-2.307526757776916
High;0.0245595088098238;0.4537037037037037;0.7387352441762295
Unknown;0.0056798864022719;0.5854341736694678;0.8030572981037681
High;0.2693946121077578;0.2096774193548387;0.4405762563193834
Unknown;0.0131597368052638;0.4303874092009685;0.7121113328939012
High;0.1890362192756144;0.0776914539400665;0.3363221750788946
Unknown;0.3837123257534849;-0.1544011544011544;-0.3087954878430297
High;0.0910381792364152;-0.486410496719775;-0.565873805780103
Medium;0.0103197936041279;0.4868421052631579;0.587199234758366
Unknown;0.7807443851122977;-0.0361952861952862;0.1039998258678053
High;0.2210355792884142;-0.6177777777777778;-0.6912153369832853
Low;0.985780284394312;-0.2395833333333333;0.0424146436076518
Unknown;0.0005999880002399;0.7328042328042328;1.2311833570492925
Medium;3.999920001599968e-05;-0.8694968553459119;-2.1773169675205235
Unknown;0.0694786104277914;0.3511363636363636;0.5298175448287334
Medium;0.4745105097898042;0.0733618233618233;0.2144956152250487
Unknown;0.0071198576028479;-0.8972431077694235;-1.2883286699243723
High;0.0017599648007039;0.525974025974026;0.8183337435843351
High;0.0626387472250555;0.3023255813953488;0.5584061534829212
High;0.0508389832203355;-0.3773584905660377;-0.9372601267119742
High;0.2160756784864302;0.5844155844155844;0.5490474420736025
Medium;3.999920001599968e-05;-0.8128898128898129;-2.3114482306404898
Low;0.0305593888122237;0.432183908045977;0.576964436172992
High;0.3437931241375172;-0.4869281045751634;-0.3268036064082386
Unknown;0.0401191976160476;0.4140534262485482;0.5685214046843248
High;0.8607027859442811;-0.1651115618661257;0.05933713476563
High;3.999920001599968e-05;0.8160919540229885;1.4529605551702005
Medium;0.5766684666306674;0.1416020671834625;0.156536346887654
Unknown;0.0053198936021279;0.625974025974026;0.944945393259496
Unknown;0.1311573768524629;0.2749445676274945;0.4552436278630228
Unknown;0.0287594248115037;0.3016722408026756;0.6313100892179485
High;0.8136237275254495;0.0615671641791044;0.1005865304521392
Unknown;3.999920001599968e-05;0.9272727272727272;1.3570306824572322
High;0.2816743665126697;0.2148148148148148;0.4767625864838275
Low;0.99390012199756;-0.3644366197183099;0.0216884818687928
High;0.8380232395352093;0.0216049382716049;-0.0567861607301371
High;0.0002799944001119;0.5121447028423772;0.85504915288257
Low;7.999840003199936e-05;0.6263392857142858;0.9916956929066886
Medium;0.0003599928001439;0.7327327327327328;0.9635109326613628
Unknown;7.999840003199936e-05;0.3177033492822966;1.8580583058463624
High;0.0404391912161756;-0.7435897435897436;-1.3925474502742008
Low;0.0284394312113757;0.2433687002652519;0.5986552367558671
High;0.0052798944021119;-0.6179775280898876;-1.0313426521015654
Unknown;0.0736385272294554;0.5728715728715729;0.5854855807834524
High;0.0025199496010079;-0.4804804804804805;-1.3877808935926104
High;0.0655986880262394;0.3346153846153846;0.5832915595677799
Unknown;0.8565828683426332;-0.1418439716312056;0.1190665120926312
Unknown;0.7329053418931621;-0.1288888888888889;-0.1540838962090506
High;0.5577488450230995;-0.2672811059907834;-0.215503195478288
Low;0.0420391592168156;0.2799070847851335;0.5455458614665668
Unknown;0.6011879762404752;0.2624854819976771;0.152147521716307
Unknown;0.6942661146777065;0.0772833723653395;0.1778635324132001
High;0.6642667146657066;0.1;0.1445512801990053
Unknown;0.1733565328693426;0.2359788359788359;0.3782706858470718
Low;0.8487030259394812;-0.1967213114754098;-0.063967735942989
High;0.0253994920101597;0.3777777777777777;0.6576321125819468
Unknown;0.2799544009119817;0.2042205582028591;0.3162747990181277
Medium;0.500589988200236;-0.2207792207792207;-0.215422714057526
Unknown;0.0110797784044319;0.4893617021276595;0.9835861111658056
Unknown;0.0864782704345913;0.2717007762879322;0.5029404701469647
High;0.1791564168716625;-0.4473067915690866;-0.6082444368088175
High;0.0321193576128477;-0.4455555555555555;-0.6878752396236785
High;0.0460790784184316;-0.3140495867768595;-0.6055829229292068
Medium;0.6497870042599148;-0.2118441971383148;-0.1114518307990345
High;0.0001199976000479;0.6651205936920223;0.8344403638520317
Medium;0.0514789704205915;0.5068027210884354;0.5923115931791684
Medium;0.1975560488790224;0.048963133640553;0.3601398019040235
Medium;3.999920001599968e-05;0.6498940677966102;0.9883313608591162
Medium;0.0114397712045759;0.47953216374269;0.849313449123349
Low;0.9447411051778964;0.1333333333333333;-0.0202990215074069
High;0.0003199936001279;-0.7659574468085106;-1.5999958516810846
Unknown;0.4819903601927961;0.3573717948717949;0.2196439775171647
High;0.0084798304033919;-0.8345070422535211;-1.14964912025725
Unknown;0.7868642627147457;0.136;0.1011404343244914
High;0.0002799944001119;0.7182835820895522;1.1797173078747731
High;3.999920001599968e-05;0.7717717717717718;1.2413263458355108
High;0.5889482210355793;0.0175438596491228;0.2069382253581996
High;0.5543489130217396;0.1198830409356725;-0.1269008706916062
High;0.0876382472350553;-0.3911007025761124;-0.7254429561322865
High;0.2333953320933581;-0.3785714285714285;-0.4875146955826083
Medium;0.1073978520429591;0.3767605633802817;0.5016127634406063
High;0.1398772024559509;-0.459915611814346;-0.5542623132573652
High;0.0005199896002079;-0.8011494252873563;-1.4150326224885192
High;3.999920001599968e-05;0.7058111380145279;1.0498185409378669
Medium;0.7972640547189056;-0.2949245541838134;-0.0698354961742893
High;0.0376392472150556;-0.5925925925925926;-0.785394462656864
Medium;0.245315093698126;-0.4853801169590643;-0.4441725316777662
High;0.5383892322153557;-0.0269841269841269;-0.1726432749639127
Low;0.1292374152516949;0.2434285714285714;0.4183290893814184
High;0.2285954280914381;0.185251798561151;0.3172568115786135
Medium;0.0443191136177276;0.3774703557312253;0.4130334425876766
High;0.0284394312113757;0.4354575163398693;0.6178880360742186
Medium;0.0078398432031359;-0.5191256830601093;-1.31383404527593
Unknown;0.5540689186216275;-0.3293650793650793;-0.2297035642343139
High;0.0092398152036959;0.5477941176470589;0.8145016985909047
Unknown;0.3225935481290374;0.063164108618654;0.279957972440814
Unknown;0.7157056858862823;-0.074315514993481;-0.1051108302013153
High;0.0004399912001759;-0.8888888888888888;-1.865226978642696
High;0.1030779384412311;0.3318112633181126;0.5197974115445823
High;0.0976780464390712;0.4567901234567901;0.6370568706659121
High;0.5981480370392592;0.0623376623376623;0.26941205296956
Unknown;0.7394252114957701;-0.2445520581113801;-0.0551742223995197
Medium;0.7841443171136577;-0.0246913580246913;0.1417510282417007
Medium;0.115237695246095;0.4402985074626865;0.5786887856622241
High;0.1974360512789744;-0.1988095238095238;-0.3680974373722055
High;0.0003599928001439;-0.738498789346247;-1.915438216317032
Unknown;0.6358272834543309;0.2222222222222222;0.1753892086989444
Unknown;0.8331833363332733;-0.1170212765957446;-0.0887621546860226
High;0.5998680026399472;-0.1161440185830429;-0.1433568381055081
High;0.0039599208015839;0.625974025974026;0.9209773649190992
High;0.0011199776004479;0.6309523809523809;0.8704252182130171
Medium;0.0352392952140957;0.412109375;0.7824747216630009
Medium;0.1130777384452311;0.1857638888888889;0.4021688729913154
Unknown;0.4326313473730525;0.2015306122448979;0.3097155401270922
Medium;0.0157596848063038;0.4952941176470588;0.6017532525904984
Medium;0.5692686146277074;-0.0493506493506493;-0.2080262011062601
High;0.2120757584848303;-0.1870604781997187;-0.4657087396258248
High;0.9841003179936402;-0.0838252656434474;0.0034585067210072
Medium;0.0003599928001439;0.7333333333333333;2.6328405993473334
Low;0.0039199216015679;0.6388888888888888;1.1435499463901635
Unknown;3.999920001599968e-05;0.92;1.2522373754053675
Medium;0.7379852402951941;-0.2515723270440251;-0.0694952791211971
Unknown;0.0015599688006239;0.5517241379310345;0.9264992224092208
High;0.1563968720625587;-0.2702702702702703;-0.5692277869536794
Low;0.3020339593208135;0.2727272727272727;0.4188425502682889
Unknown;0.1860362792744145;0.2515873015873016;0.3980237950860247
Unknown;0.4570708585828283;0.1794871794871795;0.2290277481866899
Low;0.0645987080258394;0.593114241001565;0.6849982957884604
Unknown;0.6733465330693386;-0.1207165109034267;-0.1288244754208074
Medium;0.0010799784004319;0.6023976023976024;1.0439659221326427
High;0.0098398032039359;-0.3389592123769339;-1.0747071194554063
High;0.240315193696126;0.25;0.3558480179107607
Unknown;0.126237475250495;-0.4285714285714285;-0.6304081175778236
High;0.3913521729565408;-0.0725714285714285;0.2509036094091745
Medium;0.0006399872002559;0.6877637130801688;0.9772461374408776
High;0.6588668226635467;-0.096031746031746;0.1495418000318486
Unknown;3.999920001599968e-05;0.7766393442622951;1.3453628633046872
Medium;0.749065018699626;0.2166666666666666;0.1167818047786869
Unknown;0.6622667546649067;-0.254320987654321;-0.148546585198466
Unknown;0.9311013779724404;0.012531328320802;0.0289763828892127
Unknown;0.0249595008099838;0.4885844748858447;0.7683761717408021
High;0.0998780024399512;0.2784636488340192;0.5938224915167716
High;0.0309593808123837;0.60546875;0.8784441229970323
Medium;0.0006799864002719;0.5077160493827161;0.8160254577003336
Unknown;3.999920001599968e-05;0.6828478964401294;1.0180173981121745
Unknown;0.0007999840003199;-0.7898550724637681;-1.2231846351951443
Low;0.8699026019479611;0.0649350649350649;-0.0612572596074592
High;0.1760764784704306;0.1661779081133919;0.3935772848169698
High;3.999920001599968e-05;0.7283437283437283;0.9358069971852548
Unknown;0.0816783664326713;0.2949308755760368;0.7264204842653955
Unknown;0.9714285714285714;-0.0416666666666666;0.1215140461218183
High;7.999840003199936e-05;0.7604617604617605;1.1069384712880896
Unknown;0.0619187616247675;0.463768115942029;0.8092909584479059
High;0.371432571348573;-0.3211538461538462;-0.3380964724297364
High;0.4851902961940761;0.0257867132867132;-0.1877943356996223
Low;0.9690606187876244;0.042042042042042;0.012110003478746
Unknown;0.2749545009099818;-0.1432098765432098;-0.3648064849910117
High;3.999920001599968e-05;0.9933333333333332;1.4805036755079706
Low;0.0004799904001919;0.7367424242424242;0.9153955268844808
High;0.5982280354392913;0.1574074074074074;0.1655980901482151
High;3.999920001599968e-05;-0.7452380952380953;-2.234420622342832
High;0.0248395032099358;-0.4883116883116883;-0.9164166214112566
Unknown;0.247515049699006;-0.109375;-0.4496772755219927
High;0.9788604227915442;-0.0261194029850746;-0.0010220799733677
High;0.8126237475250495;-0.0875;-0.0006899639193704
Medium;0.0317993640127197;-0.5364705882352941;-0.704212704245631
High;0.8629427411451771;-0.0748299319727891;0.069275758060697
High;0.8581828363432731;0.0191666666666666;0.0599845841844028
Unknown;0.2622747545049099;0.2069767441860465;0.377785267801234
Unknown;0.0129197416051678;0.3475390156062425;0.6786122265051805
Unknown;0.0012799744005119;-0.7011904761904761;-1.0834862672946692
Unknown;3.999920001599968e-05;0.7930555555555555;1.2778855031041896
Unknown;0.3432731345373092;0.0133333333333333;0.3313257342584679
Unknown;0.0124797504049919;0.4834054834054834;0.8735866668972313
High;0.0966380672386552;0.2285714285714285;0.4452413515209175
High;0.0131997360052798;-0.3188630490956072;-0.7115361140970572
Low;0.74822503549929;0.0680272108843537;0.1555343603893749
Medium;0.0019999600007999;0.5421686746987951;0.8822922743562127
Unknown;0.1670766584668306;-0.2927400468384075;-0.5896705570957953
Medium;0.0131997360052798;0.3949175824175824;0.6028667226125812
Unknown;0.0031999360012799;0.2954545454545454;1.0559146845851457
Control;0.5107897842043159;-0.3910714285714285;-0.2341315251273232
High;0.0001199976000479;0.8904761904761904;1.618792215427416
Unknown;0.0003199936001279;0.6223776223776224;1.03323143059143
Low;0.0007599848003039;0.6001955034213099;0.8410466558617641
Control;0.2212755744885102;0.1884057971014492;-0.6406950803282512
Unknown;0.0051998960020799;-0.6258503401360545;-1.4722584106799383
High;0.5459090818183636;0.0643939393939393;0.198055292349868
High;0.0012799744005119;-0.5573549257759784;-1.0114827768041947
Unknown;0.0476790464190716;-0.537842190016103;-0.7952975673278465
Medium;0.0238795224095518;0.4078947368421052;0.7257082165297432
High;0.0007199856002879;-0.6754385964912281;-1.250634415480976
High;3.999920001599968e-05;0.7084309133489461;1.1875621089060533
Unknown;0.5708685826283474;0.1481481481481481;0.2220735094612903
High;0.8230635387292254;0.0065359477124183;0.0650864613557464
Low;0.246155076898462;0.2561576354679803;0.4485703047720546
High;7.999840003199936e-05;0.7567901234567901;1.106932633469378
Unknown;0.1644367112657747;-0.5111111111111111;-0.6868030972004285
Unknown;0.1920361592768144;0.2407592407592407;0.4128042348837562
Low;3.999920001599968e-05;0.7866549604916594;1.5890249901630331
High;0.0880782384352313;-0.4544159544159544;-0.531206645197969
Unknown;0.121037579248415;0.220815752461322;0.5296113236704187
Unknown;0.0230795384092318;0.4322222222222222;0.7556742192848158
High;0.2149557008859823;0.1948529411764706;0.4338836245406954
Medium;0.0015599688006239;0.4973958333333333;0.8702083479345532
Unknown;0.0133597328053438;0.6222222222222222;0.9971976319709536
High;0.0072398552028959;0.65807962529274;0.9466795746788712
Medium;0.3090738185236295;0.213235294117647;0.385451623796668
High;0.7919041619167617;-0.2069444444444444;-0.0548637403386918
High;0.7702645947081058;0.2350746268656716;0.1311238871353993
Unknown;0.0010799784004319;0.6819407008086253;1.547771257494874
Unknown;0.0773984520309593;0.352092352092352;0.5652535749659627
Low;0.2075158496830063;-0.4023809523809524;-0.5149229757464365
Unknown;7.999840003199936e-05;0.8444236176194939;1.5445692070900974
Medium;0.8885022299554008;0.0313131313131313;-0.0231014358829947
Low;0.9028219435611288;0.1746031746031746;0.0691714385260096
Unknown;0.6018279634407312;0.0444444444444444;0.2493951704754471
High;0.2721945561088778;-0.6137566137566137;-0.4600992981853353
High;0.871662566748665;-0.0143540669856459;0.0723843794954642
Unknown;0.8106237875242495;-0.0363636363636363;0.0924879569790439
Medium;0.251394972100558;0.2880562060889929;0.4561946125341526
Low;0.0908381832363352;0.3738738738738739;0.4670914742227423
Medium;0.7361052778944421;-0.1356275303643724;-0.0995544139848121
High;3.999920001599968e-05;0.8022875816993464;1.2221565392815943
Unknown;0.0001199976000479;0.8341013824884793;1.242009991550415
High;0.3596728065438691;0.2307692307692307;0.3257426667191578
Low;0.0011199776004479;0.6210045662100456;0.9637449447838264
Unknown;0.1684766304673906;0.171875;0.5353716275409118
High;0.0033199336013279;0.5584415584415584;0.7408380286959787
High;0.0145597088058238;0.5763546798029556;0.901860836169581
Unknown;3.999920001599968e-05;0.9733333333333334;1.5156440363243076
Medium;0.0002399952000959;-0.6714285714285714;-2.524301972142447
High;0.0077598448031039;0.4741100323624595;0.6964188898412703
Unknown;0.0020399592008159;0.5464231354642314;1.0960364976722503
High;0.0836783264334713;-0.2539682539682539;-0.7348261449610649
High;0.7850242995140098;-0.0943877551020408;-0.1014916865486966
Unknown;0.0811183776324473;0.4412878787878788;0.6765507701176852
Unknown;0.0275594488110237;0.6221198156682027;0.727409412355199
Unknown;0.5728285434291314;0.0487179487179487;0.2141805336310648
High;0.7184256314873703;-0.1007905138339921;-0.1012906153270861
Medium;0.0023999520009599;0.5454545454545454;0.8881899417390275
Medium;0.0041999160016799;0.4841269841269841;1.1170904045998888
High;0.9327013459730804;-0.0144230769230769;-0.0170714347755286
Low;0.0108797824043519;0.4294064748201439;0.6541104019790842
High;0.6545469090618188;-0.1279887482419128;0.1868720706527829
High;0.1854762904741905;-0.0730337078651685;-0.4365408572892546
High;0.1781964360712785;0.2020547945205479;0.4465408617782743
Unknown;0.4579108417831643;0.1466666666666666;0.2688255519982471
Unknown;0.0003199936001279;0.8666666666666667;1.3860946337454207
Medium;0.4703905921881562;-0.1234567901234567;0.2640341052762368
Medium;0.1776764464710706;0.3604395604395604;0.4448703889261224
Medium;0.4779904401911962;-0.2214285714285714;-0.2626478644741825
Unknown;0.7129057418851623;-0.0986394557823129;-0.1448113004511886
Low;0.624107517849643;-0.1493566176470588;-0.1246523259579311
Medium;0.0059598808023839;0.4696969696969697;0.8981394737243693
Unknown;0.5404291914161716;0.0705128205128205;0.282075685490197
Low;0.0013199736005279;0.5077369439071566;0.863547913874954
Unknown;0.5879882402351952;0.2786885245901639;0.1771847566057932
Unknown;0.75882482350353;-0.0753246753246753;-0.1050666058427591
Unknown;0.0203995920081598;0.5102040816326531;0.7732976441230828
High;0.0197596048079038;0.3946053946053946;0.7129130342009878
Unknown;0.7195856082878342;-0.1939736346516007;-0.1000573347220478
Low;0.0091198176036479;0.4828282828282828;0.7054658487341833
High;0.1824763504729905;-0.2833723653395784;-0.5672627095323766
Unknown;0.0419591608167836;-0.2681159420289855;-0.9873346208515924
Medium;0.8486230275394492;-0.0666666666666666;0.0251142503902381
Unknown;0.49315013699726;0.2577777777777778;0.307498092702647
Medium;0.1466370672586548;0.146011396011396;0.4242949164182911
High;0.0097998040039199;0.4468253968253968;0.7005091725799328
High;0.7677446451070978;0.4428571428571428;0.1194012145613782
Low;3.999920001599968e-05;0.7751710654936461;1.0161670206208149
Unknown;0.0012399752004959;0.5776143790849673;0.7982830949100743
Unknown;0.5203495930081399;0.0833333333333333;0.2238004526047212
Unknown;0.0186796264074718;0.6136363636363636;0.9352497964390248
Medium;0.0002399952000959;0.6955056179775281;1.126292109575984
Medium;0.3606727865442691;-0.1309090909090909;-0.2924936569734828
High;7.999840003199936e-05;-0.9515738498789348;-2.280730283249218
Unknown;0.0002399952000959;0.8038461538461539;1.2972032116739436
High;0.874182516349673;-0.0541781450872359;0.0631417675938064
Medium;0.5934281314373713;0.0599078341013824;0.209249791336845
Unknown;0.0875182496350073;-0.3146853146853147;-0.5572981583457677
Unknown;0.2379152416951661;0.1471306471306471;-0.3429832936805042
Unknown;0.2659146817063659;0.2296340023612751;0.316965102091725
Unknown;0.0244795104097918;-0.3638888888888889;-0.8517674808120512
High;0.0038399232015359;0.5119047619047619;0.9967881118945192
Unknown;0.7402651946961061;-0.1171328671328671;-0.0836526212840447
Low;0.2148357032859343;-0.4024691358024691;-0.4225352912425809
Unknown;0.751904961900762;0.1633986928104575;-0.0778143108160989
Medium;0.0385992280154396;0.3438735177865613;0.5851999302780833
High;0.0111197776044479;0.58994708994709;0.8191567675583408
Unknown;0.0414391712165756;0.2671068427370948;0.5336608854913685
Unknown;0.0045999080018399;0.5148221343873518;0.8664468513167605
Unknown;0.0035599288014239;0.6416666666666667;0.8664716081583278
Unknown;0.4225515489690206;0.2857142857142857;0.3166712659364721
Unknown;0.0089198216035679;0.5070422535211268;0.9297036519843036
Unknown;0.1468770624587508;0.4575617283950617;0.4315196299744296
Medium;0.0081998360032799;0.5223970944309927;0.6714700773237751
Medium;0.0159596808063838;-0.6382189239332097;-0.9624381263606429
Unknown;0.0270394592108157;-0.4354269583627382;-0.6063750287785177
High;0.0135597288054238;0.3451327433628318;0.6446372390941637
High;0.2345153096938061;0.1675;0.3603797710203487
High;0.5155496890062199;-0.5122655122655123;-0.2445537741194209
Unknown;0.0854782904341913;0.354679802955665;0.6601760718708686
High;0.0134797304053918;0.424390243902439;0.7213894826801133
High;3.999920001599968e-05;0.7733333333333333;1.3271491268621058
Unknown;0.8623427531449371;0.0336134453781512;0.0551874825318536
Unknown;0.0073198536029279;0.4901960784313725;0.8091506487807554
Unknown;0.9164616707665848;0.1076923076923077;0.0169930587131463
Low;0.9449811003779924;-0.214170692431562;-0.003557973027389
Low;3.999920001599968e-05;0.9;2.20623584084175
High;0.2591148177036459;0.2681704260651629;0.4545822614727612
Unknown;0.875142497150057;-0.2397094430992736;0.1106271301845937
Medium;0.6483870322593548;0.1581196581196581;0.1719892718274059
High;0.0039199216015679;-0.4088050314465409;-1.030413704847875
Unknown;0.0005599888002239;0.6765119549929677;0.9237936061066894
High;0.7977040459190816;-0.0966981132075471;-0.0673654657056183
High;0.3329133417331653;-0.5230414746543779;-0.4115920002925867
Medium;0.5728685426291474;-0.0629629629629629;0.2084810062899107
Unknown;0.373992520149597;0.1717687074829932;0.2765571588485414
Low;0.3032739345213096;0.1431159420289855;0.361916565867039
Medium;0.2288354232915341;0.2037470725995316;0.4522533647047148
High;0.1327173456530869;0.3018867924528302;0.6459510258141248
Low;0.0035999280014399;0.6962962962962963;1.2780111796620792
Unknown;0.5274294514109718;0.1482479784366576;0.2563304861692137
Unknown;7.999840003199936e-05;0.7238095238095238;1.186357824548096
Unknown;0.0079998400031999;0.4645354645354645;0.7880764504055147
Unknown;0.0001999960000799;0.7514285714285714;1.1809861524858285
High;0.370432591348173;-0.48;-0.3918555242004932
High;0.0088798224035519;0.3686046511627907;0.8614424282744864
Unknown;0.8866222675546489;-0.0448717948717948;0.086957301836302
Medium;0.0034399312013759;0.3193277310924369;0.8072213436189316
Low;0.0061998760024799;0.5555555555555556;0.8000456594440336
High;0.0200795984080318;0.25;0.5913673093292704
Unknown;0.3301933961320774;0.1681329423264907;0.3056228485215062
Medium;0.0006799864002719;0.5590614886731392;0.9294108072710416
High;0.3117537649247015;0.2359963269054178;0.3219473044348564
Unknown;0.0729585408291834;0.3777777777777777;1.2906104203746989
Unknown;0.0009599808003839;0.7857142857142857;0.9413430515762982
Unknown;0.0743585128297434;0.2597402597402597;0.5481740351505034
High;0.0004399912001759;-0.5552447552447553;-1.0884243713150048
High;0.0036399272014559;0.6602564102564102;1.1199816984076614
High;0.0006399872002559;0.5502392344497608;1.0032081773645036
Unknown;0.0040399192016159;0.8395989974937343;1.137971260290236
Medium;0.8575428491430171;0.0384615384615384;0.0431347250487787
High;0.0275594488110237;-0.5688405797101449;-0.932772785681906
Low;0.3571528569428611;-0.2658227848101265;-0.3273594895208019
Medium;0.0046799064018719;0.4636524822695035;0.623893232956415
High;0.0001999960000799;0.8592592592592593;1.0841283122162657
Medium;0.0166396672066558;0.3443396226415094;0.6970225834144673
Medium;0.8993020139597208;-0.0152877697841726;-0.030123768364096
High;0.3428731425371492;0.3786764705882353;0.3562324039861457
Unknown;0.0001199976000479;0.6816091954022988;0.8704144230471413
Medium;0.0403591928161436;0.3085399449035813;0.6189803154204678
Medium;0.0011999760004799;0.6961451247165533;0.9756972746173206
High;0.7374252514949701;0.0034722222222222;0.1677126601264739
Unknown;0.0207995840083198;0.6375;0.7112560750813456
High;0.0954380912381752;0.3559782608695652;0.4096079682940597
Low;0.0178796424071518;0.4572649572649572;0.511374664108678
Unknown;0.0940781184376312;0.2572463768115942;0.5801308469982908
Unknown;0.0182396352072958;0.6368038740920097;1.013482905718933
Low;0.0041599168016639;0.5378787878787878;0.8437096580831209
Unknown;0.741345173096538;-0.0652985074626865;-0.1070863882636557
Unknown;0.5830683386332274;0.1463414634146341;0.1919428061302935
High;3.999920001599968e-05;0.8231481481481482;1.4751921557863723
Medium;0.7084258314833703;-0.1065573770491803;-0.0944392592148095
Unknown;0.0745185096298074;0.244110275689223;0.4743251607239697
Medium;0.0019999600007999;0.7360774818401937;1.3419209716963911
Unknown;0.4667906641867163;0.0704225352112676;-0.2676308263539931
Unknown;3.999920001599968e-05;0.8096385542168675;1.3234687799028817
Unknown;0.0928381432371352;-0.441358024691358;-0.5394069120000542
Low;0.1435171296574068;-0.2271794871794872;-0.4062284900727733
High;0.0125997480050399;0.3780025284450063;0.711739529694112
High;0.0183596328073438;0.4566666666666666;0.73025372320309
High;0.0028399432011359;0.6155555555555555;0.9287706270028804
Low;0.0055998880022399;0.5671641791044776;0.79620806451901
Low;7.999840003199936e-05;0.6413398692810458;1.1215182993340878
Unknown;0.3223935521289574;0.2877492877492877;0.3498352644585021
Unknown;0.0031199376012479;0.6995073891625616;1.05013053312372
Unknown;0.0198796024079518;-0.6923076923076923;-1.3301527431986315
Unknown;0.9162216755664888;-0.0443349753694581;0.0618945240680753
Medium;0.2179556408871822;0.2833723653395784;0.4428811142725019
High;0.0013999720005599;0.5956439393939394;0.801301244613179
Unknown;0.9628607427851444;-0.0793650793650793;-0.0129832048790422
Low;0.7035859282814344;0.150375939849624;0.1572653404090392
High;0.6809063818723625;-0.2933333333333333;-0.118570846667825
Unknown;0.0211595768084638;0.3483204134366925;0.6013276515466227
Low;0.2127957440851183;-0.3581411600279525;-0.3176012329996671
Unknown;0.0399592008159836;0.4883720930232558;0.6180712755567846
Unknown;0.0009599808003839;0.7428571428571429;0.9601265059813224
Unknown;0.3531529369412611;0.3047619047619048;0.3740862937329745
Low;3.999920001599968e-05;0.7521367521367521;1.368057844739643
Medium;0.0194396112077758;-0.2442307692307692;-1.14167396257004
Low;0.0684786304273914;0.190031152647975;0.5426699931445668
Low;0.4095518089638207;-0.2776902887139107;-0.2259891456456965
High;0.6103877922441551;-0.2296296296296296;-0.1714223604850477
Unknown;0.7077058458830824;0.1114942528735632;0.1535152319319062
High;0.0689586208275834;0.2711962833914053;0.4401223778304597
Unknown;0.3579528409431811;-0.3703703703703703;-0.4028214939081421
Unknown;0.0003199936001279;0.8076923076923077;1.1785042815625832
Unknown;0.4517909641807164;-0.2246376811594203;-0.3359446340057351
Low;0.1973560528789424;-0.0534458509142053;0.4437487720885572
Unknown;0.0526389472210555;-0.414519906323185;-0.8382945041682983
High;0.0055598888022239;-0.7142857142857143;-1.1721284528243006
High;0.1977960440791184;-0.2605747497578302;-0.3221070980575674
High;0.0248395032099358;0.429355281207133;0.6008363923330746
Unknown;0.0067198656026879;0.6125;1.0164718577854936
High;0.2656746865062698;0.1141636141636141;0.3128118796201344
Unknown;0.4383912321753564;0.2411347517730496;0.3490365636965947
Unknown;0.0008399832003359;0.697463768115942;1.1523902927355076
Low;0.0030799384012319;-0.5228915662650603;-1.055268617469508
Unknown;0.8117437651246975;-0.0265822784810126;0.0886158031613009
High;0.0266394672106557;0.4444444444444444;0.5743223268586347
High;0.4887902241955161;0.1983024691358024;0.213377248363392
Medium;7.999840003199936e-05;0.6419098143236074;0.9142152784029698
High;0.0013999720005599;0.6423611111111112;0.9392811467964026
High;0.3181136377272454;0.2258373205741626;0.3199114624449742
Unknown;0.0014799704005919;0.6464646464646465;1.241456362837552
Medium;0.0103997920041599;0.4060975609756098;0.7086668186803852
Low;0.0259194816103677;0.2477522477522477;0.5820239117308075
High;0.7149457010859783;-0.0275080906148867;0.1307470884170172
Medium;0.6977060458790825;-0.1797468354430379;-0.1234694581288191
Unknown;0.0134397312053758;0.529113924050633;0.7702765450347108
Medium;0.73882522349553;-0.4280898876404494;-0.0854093463726603
Unknown;0.242715145697086;0.3746630727762803;0.4739059793119147
High;7.999840003199936e-05;0.9025157232704404;1.430432521434558
High;0.0655586888262234;-0.4355140186915888;-0.9300780513025312
Medium;0.0324793504129917;-0.4074074074074074;-0.761791555294029
Unknown;0.0003599928001439;0.6790123456790124;1.3759964079379765
Unknown;0.0308393832123357;0.5590828924162258;0.7741601383155297
Low;0.0473590528189436;0.3899253731343283;0.7402945352604402
High;0.1024779504409911;-0.3462783171521035;-0.5223311407105421
Unknown;0.4659106817863643;0.1544715447154471;0.3363532493389925
High;0.6531869362612748;0.023170731707317;0.1591506549101641
Unknown;0.0027199456010879;-0.4808080808080808;-0.8413341285359295
High;0.0038799224015519;0.6126760563380281;1.0210539240778524
Unknown;0.997140057198856;-0.052823315118397;0.0147417784127852
High;0.0027999440011199;0.8128654970760234;1.0305707982222585
Low;0.0053598928021439;0.4673913043478261;0.6967032279776548
Unknown;0.6108277834443311;-0.0612244897959183;-0.1733539521048589
Unknown;0.0498790024199516;0.2493946731234866;0.7488065758393642
High;0.0092398152036959;0.5551257253384912;0.7541581332620881
Low;0.2955540889182216;0.2363132363132363;0.3065981796369602
Medium;3.999920001599968e-05;0.7965517241379311;1.1720944135078335
Unknown;0.0370792584148317;0.3227513227513227;0.5541630535160024
High;0.0850782984340313;0.3399014778325123;0.6516685773029562
High;0.4616307673846523;-0.2047619047619047;-0.2950292483945317
High;0.0012799744005119;0.6444444444444445;0.9771497145646324
Unknown;0.6844663106737865;0.1503115264797507;0.1459938053266957
Unknown;3.999920001599968e-05;0.7182817182817183;1.7057206209574554
High;0.8308633827323454;-0.1351351351351351;-0.0749094722273444
Medium;0.0044399112017759;-0.5163043478260869;-0.8816226057368007
High;0.0011999760004799;0.5982142857142857;1.137872698175997
High;0.0194796104077918;0.3901515151515151;0.7153895771374555
Unknown;0.1099578008439831;-0.4074074074074074;-0.6794967006016953
High;0.0012799744005119;0.4795986622073578;0.8607667679488646
Unknown;0.248035039299214;0.0311111111111111;-0.568889776797263
Unknown;0.0007999840003199;0.7028985507246377;1.2738295434710525
Unknown;0.0603587928241435;0.3251028806584362;0.676015613625222
Low;0.5786284274314514;-0.349438202247191;-0.1500964269411107
Medium;0.3971120577588448;-0.4285714285714285;-0.2475882991517694
Unknown;0.8558228835423292;-0.0518518518518518;-0.0542561931930319
Medium;0.0001199976000479;0.8089285714285714;1.2619712636189535
Unknown;0.1577568448631027;0.3464052287581699;0.6070982012519073
Medium;0.2042359152816943;0.2626984126984127;0.3768401407900051
Unknown;0.6529069418611628;-0.1142410015649452;-0.1532240443369203
High;0.0013599728005439;0.6505050505050505;0.9606687193374788
Unknown;0.5550288994220116;0.0148148148148148;-0.2423389044305206
High;3.999920001599968e-05;0.8144578313253013;1.187553588326214
Low;0.6072278554428912;-0.0443349753694581;0.2237123557549053
High;0.0071198576028479;0.3307322929171669;0.653402846216056
Medium;0.5696686066278674;0.0918992511912865;-0.1531273152939479
High;0.0002399952000959;0.6367816091954023;1.156136999909371
Low;0.5325093498130037;-0.1910112359550561;-0.2022957534151268
High;0.0463190736185276;0.5;0.6918725778759817
High;0.8336633267334653;0.1666666666666666;-0.0735501339377774
High;0.0135997280054398;0.5338345864661654;0.8585367265521571
Unknown;0.0847183056338873;0.3826923076923076;0.616625082470624
High;0.0448791024179516;-0.572463768115942;-0.8748721945298495
High;0.2097158056838863;0.1125;0.4282240668141362
High;0.8290634187316254;0.1238095238095238;0.0903911368437167
High;0.0265594688106237;0.4;0.7968068056518431
High;0.0986780264394712;0.2363132363132363;0.4774946132999422
Medium;0.7116657666846663;0.1836569579288026;0.1149598371330789
High;0.127557448851023;0.350210970464135;0.5312399244588364
Unknown;0.7188656226875463;-0.1798941798941798;-0.1142415313845097
Unknown;0.3423531529369412;0.1866197183098591;0.3586960584340679
High;3.999920001599968e-05;0.8505882352941176;1.2449013562493798
High;3.999920001599968e-05;-0.9376623376623376;-2.9618432773048418
Unknown;0.0049999000019999;0.6604938271604939;1.1567493609146982
Unknown;0.0024399512009759;0.4477791116446579;0.7871480618818031
Unknown;0.0001599968000639;-0.8333333333333334;-1.813725240754383
Unknown;0.6119477610447791;0.1114503816793893;0.1448217831908895
Medium;0.7701445971080578;-0.0234093637454982;-0.0786489757293457
Unknown;0.3542729145417091;-0.1161616161616161;-0.2836436446351467
Unknown;0.2762344753104938;0.2334983498349835;-0.3364554421623527
Medium;0.9705405891882164;0.1902985074626865;0.0558780948639114
Unknown;0.5952280954380912;0.0902777777777777;0.1063667273162372
Unknown;0.0282394352112957;-0.6729559748427673;-1.1642555559027743
High;3.999920001599968e-05;0.7305295950155763;1.232664822053851
High;0.2848743025139497;0.1791871921182266;0.3020670636954292
Low;7.999840003199936e-05;0.7037037037037037;1.2086311535390286
Unknown;0.1516769664606707;0.3300492610837438;0.5586399910244809
Medium;0.2075958480830383;-0.419753086419753;-0.420366907237313
High;0.6979860402791944;0.1301020408163265;-0.1394444832378768
Unknown;0.0033199336013279;0.5105363984674329;0.8422901220102837
High;3.999920001599968e-05;-0.8656126482213439;-2.0216316920550788
Low;0.0010399792004159;0.84;0.9858225845666692
Unknown;0.0003199936001279;0.6432748538011696;1.107020771564572
High;0.0595588088238235;0.1954022988505747;0.5685664713339671
High;0.0006799864002719;0.647887323943662;1.278300157329647
Unknown;0.0151196976060478;-0.4773082942097026;-0.932171753625718
Unknown;0.0037199256014879;0.6289156626506024;0.8938748140296336
High;0.0315993680126397;-0.7412095639943741;-1.0455092173063936
High;0.0210795784084318;-0.6013071895424836;-1.0752668579521418
Unknown;0.1829836829836829;0.1904761904761904;0.8392751533884053
Medium;0.0001599968000639;-0.9382716049382716;-2.9049207502546204
High;0.2939941201175976;0.1472491909385113;0.3212461611373135
Unknown;0.6039879202415952;-0.1773399014778325;-0.2020359221315631
Unknown;0.1976360472790544;-0.25390625;-0.4641060168647892
Low;0.1716365672686546;0.0444444444444444;0.4146865001781167
High;0.5833483330333393;0.15;0.1979091194001249
High;0.8439831203375933;0.2005772005772005;0.0928648669572794
High;0.0068798624027519;0.6217948717948718;0.8374862813310534
Low;0.0078398432031359;0.49002849002849;0.8879427606733455
High;0.9762204755904882;0.0133333333333333;-0.000658428028069
High;3.999920001599968e-05;-0.9576719576719576;-3.5965226140428013
Unknown;0.0337993240135197;-0.5;-1.0448611707655793
Unknown;0.4315913681726365;-0.143097643097643;-0.2447884089931205
Medium;0.0291194176116477;-0.4434137291280148;-0.7503430917066289
High;3.999920001599968e-05;0.84375;1.1439931396329488
Unknown;0.0738385232295354;0.5072463768115942;0.7434585374594391
Medium;0.243595128097438;-0.0851851851851851;-0.4878989941759499
High;0.7773844523109538;0.1668618266978922;0.0881150673453748
High;0.8030239395212095;-0.074074074074074;0.0695632345969804
Low;0.4865502689946201;0.3498498498498498;0.2601869452896612
Unknown;0.1593968120637587;-0.2979066022544283;-0.5233716103617242
Low;0.0316793664126717;0.3497435897435897;0.5940937134653871
Unknown;0.0101197976040479;0.3866758241758242;0.7077327213195853
High;0.126557468850623;-0.4155251141552511;-0.5341638415725103
High;0.3012339753204935;0.1651651651651651;0.3472944673275757
Low;0.7698246035079298;-0.2761904761904762;0.0889944317177326
Unknown;0.0021599568008639;0.6414634146341464;0.9827739543282276
Unknown;0.7069458610827783;-0.2576923076923076;-0.112231911582231
Low;0.0064798704025919;0.3880742913000977;0.7812758058360798
Unknown;0.1502369952600948;0.3477038425492034;0.4434668430280146
Unknown;0.4368312633747325;0.106060606060606;0.2391302053231549
Unknown;0.98130037399252;-0.0701754385964912;0.023653052721899
Unknown;0.0054398912021759;0.4737484737484737;0.7237341175737415
Medium;0.4288714225715486;-0.3596153846153846;-0.2820111952231478
High;0.4718705625887482;-0.0465753424657534;0.2534492053772699
Unknown;3.999920001599968e-05;0.8145424836601307;1.0775877232516846
High;0.0001199976000479;0.6407124681933842;0.8519717422233221
Unknown;0.0462390752184956;0.2431972789115646;0.5282812348882848
Medium;1.0;0.1111111111111111;-0.0453391487244753
High;0.6477070458590828;-0.325;-0.1379046915344903
Unknown;0.3459530809383812;-0.4233766233766233;-0.3816171980710882
Unknown;0.7744245115097698;-0.0983606557377049;-0.0784924321116509
High;7.999840003199936e-05;0.7731707317073171;1.7025857498584005
Medium;0.0334393312133757;0.4192307692307692;0.7210728010204761
Unknown;0.1438371232575348;-0.5253623188405797;-0.612489838368312
Medium;0.0244395112097758;0.4672364672364672;0.7137657122316653
Unknown;0.9325413491730166;-0.1178451178451178;-0.019021419836362
High;0.3538729225415492;-0.5416666666666666;-0.3970552921037131
High;0.0159996800063998;0.5925925925925926;0.9652088232070511
Unknown;3.999920001599968e-05;0.9444444444444444;1.526798050471564
Medium;0.4424311513769725;-0.1541582150101419;-0.1932976998957065
Medium;0.0340793184136317;0.5777777777777777;0.9849192371969168
High;0.0632787344253115;-0.4654377880184331;-0.8751574225212002
High;3.999920001599968e-05;0.7620192307692307;1.910312495933836
Unknown;0.1132777344453111;0.2458333333333333;0.4295412921136427
Unknown;0.4149117017659647;-0.198547215496368;-0.2816300825874768
Unknown;0.1517569648607027;0.2569444444444444;0.6546320304228311
High;0.0039199216015679;0.6510538641686182;1.0024293261681183
Unknown;0.9413011739765204;0.0428571428571428;-0.0082902391864733
Unknown;0.0011999760004799;0.5644028103044496;1.39955553293106
Unknown;3.999920001599968e-05;0.7710437710437711;1.2996826684631906
Unknown;0.8089038219235616;0.1560283687943262;-0.0782401576115488
High;0.0002799944001119;0.6323529411764706;1.368241352655238
Unknown;0.2933141337173257;0.326797385620915;0.4394710768370063
Medium;0.0009599808003839;0.6446428571428572;1.1234182877847314
High;0.0001599968000639;0.683752417794971;0.6869368437737934
High;0.0007999840003199;0.6070588235294118;0.8944668500046303
Unknown;0.3005539889202216;-0.0960144927536231;-0.3900578488382387
High;3.999920001599968e-05;-0.6034872457216661;-1.2662072831597948
Unknown;0.2773544529109418;-0.3555555555555555;-0.3485553114161965
Unknown;0.5333493330133398;0.1581632653061224;0.2476172284332591
Medium;0.0007199856002879;0.7142857142857143;1.3382589672938594
High;0.0025199496010079;0.4377127297481279;0.792509268665599
Medium;0.6366672666546669;-0.02321083172147;0.1471665081448277
Unknown;0.7879042419151617;-0.1749174917491749;-0.0860024188724548
Unknown;0.6344673106537869;-0.2080808080808081;-0.1296322242782692
Unknown;0.3415531689366212;0.2116402116402116;0.3850475745786069
Unknown;7.999840003199936e-05;0.9133333333333332;1.9711851013625887
High;0.115517689646207;-0.1123595505617977;-0.5287944401222767
Unknown;0.2383152336953261;0.4888888888888889;0.5127382599711279
Unknown;0.2593148137037259;0.0738636363636363;0.3719180408000684
Medium;0.251594968100638;0.1658878504672897;0.3491485121599319
High;0.1332373352532949;0.1893203883495145;0.4429209874540298
High;0.1328373432531349;0.288135593220339;0.5744664221732264
Unknown;0.0308393832123357;0.4404761904761904;0.724536086898246
Unknown;0.4646307073858522;0.09375;-0.2193843113861673
High;0.127477450450991;0.3734939759036144;0.4989678501854933
Low;0.1451570968580628;-0.1523809523809524;-0.6332863094253489
Medium;0.1645567088658227;-0.0681818181818181;-0.4720252307404643
High;0.7862242755144897;0.2177777777777777;0.1644598772053959
Unknown;0.8492230155396892;-0.0285714285714285;0.1708712584173909
Medium;0.1803563928721425;-0.3437283437283437;-0.3778633979449428
Low;0.247955040899182;0.1876876876876876;0.3884861062224714
Unknown;0.7075058498830024;-0.3103666245259165;-0.0884583332721161
Low;0.2082758344833103;0.1318181818181818;0.4073543224384601
Low;0.0131197376052478;0.385258358662614;0.6647148152062788
Low;0.752544949101018;0.0562587904360056;0.1370975512266436
Low;0.0187196256074878;0.3958333333333333;0.7019412212044638
Low;0.2051158976820463;-0.3456221198156682;-0.5315213331438561
Unknown;0.0613105413105413;-0.6086956521739131;-1.0096934525890655
Medium;0.0106397872042559;0.4656862745098039;0.631290940840948
High;0.0299194016119677;0.3425837320574162;0.6182753548329772
Unknown;0.116957660846783;-0.3352678571428571;-0.4333574829750519
Unknown;0.3625527489450211;0.4112903225806452;0.4748832736209275
Unknown;0.0002399952000959;0.6362252663622526;1.131440916419201
High;7.999840003199936e-05;0.5861823361823362;0.8791968224210543
Medium;0.0192396152076958;0.2738726790450928;0.6320222754325542
Unknown;0.0381192376152476;0.5251748251748252;0.686374765008961
Medium;0.248595028099438;-0.1577380952380952;-0.3697223639172127
Unknown;0.1417571648567028;0.3055555555555556;0.6375507615916449
Unknown;0.7017459650806984;-0.2156862745098039;-0.1291704990628283
High;0.1124377512449751;0.3673469387755102;0.6126549798223652
High;0.0573588528229435;0.1401143790849673;0.4920390461392706
Medium;0.4316713665726685;0.0092592592592592;-0.2682129681300954
High;3.999920001599968e-05;0.6938943894389439;0.8419302929361142
Low;0.8060238795224095;-0.0243055555555555;0.130511775730366
Unknown;0.3647127057458851;-0.1164465786314525;-0.2291847155983853
High;0.0005199896002079;0.7168674698795181;1.306622942092842
Unknown;0.1263157894736842;0.5294117647058824;0.7910499149909849
Unknown;0.3952720945581088;0.1612903225806451;0.3491907773829584
High;0.4799904001919962;0.1428571428571428;0.2549032459602268
High;0.869382612347753;-0.1779904306220095;0.0702450108426193
High;0.370992580148397;-0.3096903096903097;-0.2874399190134745
Medium;0.0463590728185436;0.3788235294117647;0.6229091597744534
Unknown;0.0124797504049919;0.4107142857142857;0.6232753833353544
High;3.999920001599968e-05;0.7927710843373494;1.0771812693987095
High;0.0006399872002559;0.6940298507462687;0.9489415895283252
High;0.7307053858922822;0.1014492753623188;0.171301800022455
Medium;0.1719565608687826;0.2892857142857143;0.4481974923403551
Medium;0.6609467810643788;0.0441860465116279;-0.1441969629577204
High;0.6764664706705866;0.0457746478873239;0.1509237616124086
Medium;0.8871822563548729;-0.1632653061224489;-0.0438746168261119
Low;0.0258394832103357;-0.4969418960244648;-0.708785569440127
Unknown;0.1059178816423671;0.5222222222222223;0.8910381951553746
Unknown;0.0722785544289114;-0.4337899543378995;-0.6742656344560242
Unknown;0.0137997240055198;0.512937595129376;0.8269726799420115
Unknown;0.248555028899422;-0.5646551724137931;-0.6208844423932495
High;0.0363992720145597;-0.1240441801189464;-0.7178210048844326
High;0.5731085378292434;0.0569800569800569;-0.166548043748249
Unknown;0.0271994560108797;-0.2611287758346582;-0.490928330709877
High;0.0254081632653061;-0.6737588652482269;-1.4829188463406446
High;0.2651946961060779;0.281303602058319;0.3580739504962239
Unknown;0.0003199936001279;0.7757936507936508;1.0103069259265651
Unknown;0.0226395472090558;-0.5367647058823529;-0.972194008683848
High;0.0056798864022719;0.7058823529411765;1.180564288705518
Low;0.0003999920001599;0.6482213438735178;0.9097829780710798
Unknown;0.0504389912201755;0.4728682170542636;0.8483597603795712
Unknown;0.629387412251755;0.1842105263157894;0.2068694135113795
Medium;0.1522369552608947;0.308080808080808;0.4475526327942917
Low;0.0793984120317593;0.1396396396396396;0.5542523035333068
Medium;0.6936661266774664;0.1333333333333333;0.1497998558490726
Unknown;0.5247495050098998;-0.0895883777239709;-0.2519448330350655
High;0.0001599968000639;0.4613309352517986;0.777607981542874
Medium;0.0001199976000479;0.7244444444444444;1.1970845287192486
High;0.0091598168036639;-0.3864468864468864;-0.8284445926224047
Unknown;0.0568788624227515;-0.2888888888888888;-0.5392425629016913
Medium;0.0001999960000799;0.7044943820224719;0.984942444280678
High;3.999920001599968e-05;-0.7582417582417582;-1.5663431729817212
Unknown;0.0765984680306393;0.3525641025641026;0.672889689979173
Medium;0.1451970960580788;-0.0298850574712643;-0.5195727200974531
Unknown;0.1915561688766224;0.313953488372093;0.6798587326066761
High;0.0324793504129917;0.1101010101010101;0.6205324371152027
High;0.2740345193096138;-0.3538461538461538;-0.5492329286890968
Control;0.0642787144257114;-0.9423076923076924;-1.1663871139185569
High;0.0083598328033439;0.5766233766233766;0.9702598524272812
Medium;0.0510789784204315;0.3186813186813186;0.5736171307231246
Unknown;0.1061578768424631;-0.3042071197411003;-0.4982077707637061
Unknown;0.0047999040019199;0.4962686567164179;0.9699488680959548
Unknown;0.0027199456010879;0.44;0.9989021285107016
Medium;0.0171196576068478;0.4277777777777777;0.7233878484385848
Medium;0.0045599088018239;0.6194029850746269;0.9240150548771888
Unknown;0.0091998160036799;0.5333333333333333;0.95026127227078
Unknown;0.4729105417891642;-0.0964912280701754;-0.2495700959823065
Unknown;0.2817543649127017;0.2518518518518518;0.4698697791593644
Unknown;0.0396392072158556;-0.4855072463768116;-0.8591835401393735
Unknown;0.3987920241595168;0.3402597402597402;0.3414512851719805
Medium;0.1651566968660626;-0.4724842767295597;-0.5233416192973681
High;0.6940661186776265;-0.048;-0.0997135869717053
High;0.7007859842803144;-0.1060240963855421;-0.118362377583942
Low;0.0011599768004639;0.6261682242990654;0.9282109757665632
Unknown;0.3292334153316933;0.1659451659451659;0.3444036096987131
Medium;0.2326353472930541;0.0830496936691626;0.3308578659417303
Unknown;3.999920001599968e-05;0.75;1.205159364758067
Medium;0.0477990440191196;0.4305555555555556;0.7055746080327502
Medium;0.0041999160016799;0.4961419753086419;0.8092012980510801
High;0.0001999960000799;0.625801282051282;0.821904679369794
Unknown;0.0665186696266074;0.4202898550724637;0.6429762541294847
High;0.0028799424011519;0.5320987654320988;0.659056033387381
Unknown;0.0071998560028799;0.5032802249297095;0.7373571185736922
High;0.0016799664006719;-0.8333333333333334;-1.6242492932702153
Low;0.0333993320133597;0.2427184466019417;0.6226543843747825
Low;0.0008399832003359;0.557190635451505;0.9326407386630372
Unknown;0.0351192976140477;0.4031746031746032;0.6789147308346579
Medium;0.0613187736245275;0.2162698412698412;0.6397706206031373
Medium;0.0031199376012479;0.4514563106796116;0.7983414252909201
Medium;0.0541189176216475;0.3863636363636363;0.6811132622605224
Medium;0.3041139177216456;-0.1641791044776119;-0.3904823846444735
Medium;0.375472490550189;-0.1624691358024691;-0.2453022189771703
Unknown;0.0186796264074718;0.7933673469387755;0.7865173773481753
Unknown;0.0007199856002879;0.4297445255474452;0.8576023842160635
Medium;0.2725545489090218;-0.3884711779448621;-0.3432703510717687
High;0.1782364352712945;0.2214285714285714;0.4828550913537915
Unknown;0.498910021799564;-0.1568627450980392;-0.2648900654269764
Medium;0.5957480850382992;0.0258373205741626;0.1706996153714949
High;0.0016399672006559;0.6097560975609756;0.7946704904376669
Unknown;0.1077578448431031;-0.3378048780487805;-0.5500636177407603
High;0.0364392712145757;0.3014354066985646;0.5972267262512562
Unknown;0.0051998960020799;0.5788177339901478;1.027823701413859
Unknown;0.1289174216515669;0.2502343017806935;0.4679561891909026
Unknown;0.5859082818343633;0.1353276353276353;0.1685469412581716
High;0.4053918921621567;0.0755555555555555;0.2944622159892676
High;0.0022399552008959;0.6747474747474748;0.9022889166038768
Low;0.6563468730625387;0.0348288075560802;-0.131979202774616
Medium;0.0044799104017919;-0.4488355681016232;-0.8726003921894885
High;0.6688666226675466;0.1345926800472255;0.1288454170330296
Unknown;0.503269934601308;-0.1324200913242009;-0.2340290189251486
Unknown;0.0597988040239195;-0.3611111111111111;-0.7248474825831179
Unknown;0.0058398832023359;0.3815305371596762;0.6942031515800764
High;3.999920001599968e-05;0.8627450980392157;1.5708173744490843
Control;0.0459190816183676;-0.4060457516339869;-0.6440927737233131
High;0.627747445051099;-0.3341013824884792;-0.1681953183637002
Unknown;0.0021599568008639;0.5714285714285714;0.9420591585711288
Medium;0.0133997320053598;0.5330882352941176;0.8211642456936796
Unknown;0.9712205755884882;-0.1311188811188811;0.0026466991147414
Medium;0.627467450650987;-0.2993827160493827;-0.121243750906856
Medium;3.999920001599968e-05;0.9025974025974026;1.2509257584734823
Unknown;0.6527069458610828;0.26232741617357;0.1387019244577271
Unknown;0.0891582168356632;-0.3205128205128205;-0.7790715057267507
Unknown;0.0003999920001599;0.779874213836478;1.1459236009574854
Unknown;0.0027599448011039;0.5755208333333334;0.9635246791147694
Unknown;0.114397712045759;0.2988235294117647;0.5164687324196563
Unknown;0.2868342633147337;-0.3492063492063492;-0.4677818421696904
Unknown;0.8517429651406971;0.0307692307692307;-0.0642549396079102
Unknown;3.999920001599968e-05;0.8187134502923976;1.4552571936968004
High;0.9759804803903922;0.1694444444444444;0.0459399698002565
Medium;0.4399112017759645;-0.2624113475177305;-0.3195421977017268
High;0.0002799944001119;-0.6891891891891891;-1.5093561757034284
High;0.0013999720005599;0.6139731827805223;0.7836111865137848
Low;0.0074398512029759;0.58203125;0.9685687020886902
Medium;0.249315013699726;-0.0390243902439024;-0.3916775756608233
Unknown;3.999920001599968e-05;0.8047058823529412;1.8002876225819704
Unknown;0.0343993120137597;0.532051282051282;0.7762053794953115
High;0.0001199976000479;0.6896551724137931;0.949512740851164
High;0.0003599928001439;0.6439024390243903;1.005468060505119
Unknown;0.5603087938241235;0.0904183535762483;0.1763218496204369
Unknown;0.0391992160156796;0.5669934640522876;0.6845254414941385
Low;0.9223415531689366;0.2063291139240506;0.092446381706988
Unknown;0.0231195376092478;0.3988269794721407;0.6915934534761083
High;0.2008359832803344;0.4166666666666667;0.6809609970264101
High;0.3391132177356453;0.2033739456419868;0.3070247840783786
High;0.6873862522749545;-0.1659056316590563;0.1158070224877371
Low;0.1734765304693906;0.2577777777777778;0.4527149380084017
Unknown;0.0166396672066558;0.6355555555555555;0.8810556251535555
High;0.5437091258174837;0.055;-0.1646357414638593
High;0.750384992300154;0.117408906882591;0.0929903288464048
Unknown;0.0011599768004639;0.7804878048780488;0.8980976812087051
Medium;0.0253594928101437;0.3356481481481481;0.6308605376298081
Low;0.5111897762044759;-0.048780487804878;0.2350417383821869
Low;0.3047539049219016;0.0580065359477124;0.3120943776409217
High;0.5475090498190036;0.0238095238095238;0.2846252243788936
High;0.0001999960000799;0.5227920227920227;0.9417405777495744
Unknown;0.3414331713365732;-0.2716049382716049;-0.4095012199228851
Unknown;0.0012399752004959;0.7730496453900709;1.0911514476651674
Medium;0.125477490450191;0.203778677462888;0.421229408535837
High;0.0161996760064798;0.4673913043478261;0.7762793102417859
Unknown;0.986180276394472;0.0082508250825082;-0.0020998517314402
High;0.2585148297034059;-0.4822695035460992;-0.4974927821725456
High;0.6331073378532429;-0.0277777777777777;0.2092364961629451
Unknown;0.0459590808183836;0.4083333333333333;0.7189371346157694
Low;0.0612387752244955;0.4686716791979949;0.7097364044658331
High;0.0044799104017919;-0.698076923076923;-1.2914944952095109
High;0.0137997240055198;0.4148148148148148;0.6428885211371509
High;0.0364392712145757;0.3650602409638554;0.6316259193596958
Unknown;0.6795064098718026;-0.0995670995670995;-0.1329998141710442
Medium;0.8147837043259135;0.039485766758494;-0.063620590797282
Unknown;0.2674346513069738;-0.2867469879518072;-0.3760458723844014
High;0.0001999960000799;-0.6783216783216783;-1.536663818963548
Unknown;0.2022359552808943;-0.284681130834977;-0.3854258968933779
High;0.0489590208195836;0.4492753623188406;0.5261999131383819
Medium;0.1058378832423351;0.0679156908665105;0.69889236211872
Low;3.999920001599968e-05;0.6924818840579711;1.1026092297776102
High;0.7959440811183777;0.1188524590163934;0.0980007365018055
Unknown;0.0023999520009599;-0.44;-1.1448455739132049
High;0.6930661386772264;0.0696296296296296;0.1563830484385884
High;0.0259994800103997;-0.3015873015873015;-0.9950993650859032
Medium;0.9134217315653688;0.173076923076923;0.0809741601719242
High;0.1675166496670066;-0.4240963855421686;-0.4794050022293958
High;0.2031159376812463;-0.3291666666666666;-0.4002074185784657
Unknown;0.1957160856782864;0.4479166666666667;0.4750033377534283
Medium;0.0521189576208475;0.2643356643356643;0.5144229609808018
High;0.0001999960000799;0.6377551020408163;1.0162044669224148
High;0.0003999920001599;-0.7676056338028169;-1.5052201089575492
Unknown;0.2972340553188936;0.3269230769230769;0.4527418094555464
Unknown;0.0764384712305753;-0.6111111111111112;-0.86479705684699
High;0.0105597888042239;0.536036036036036;0.7279035073814668
High;0.7724645507089858;0.1031578947368421;0.1029375209211036
Unknown;0.5651486970260595;0.126865671641791;0.2210717746582076
Unknown;0.0013599728005439;0.6286764705882353;1.2481078719551362
High;0.879262414751705;0.0942028985507246;0.0537681077543006
Low;0.4001519969600608;0.2839506172839506;0.3705550389649552
Low;0.9779404411911762;-0.0753086419753086;0.000239551989471
High;0.4679106417871642;0.0229419703103913;0.2162147104760057
Unknown;0.0027599448011039;0.5736111111111111;1.0460700191399426
Unknown;0.0772384552308953;0.4629629629629629;0.6650719467948784
Low;0.119557608847823;0.2202970297029703;0.4165716612570523
Unknown;0.1439971200575988;-0.2575075075075075;-0.4661709047388971
High;0.1988360232795344;0.2406716417910447;0.4764539210326999
Unknown;0.1808763824723505;0.1743827160493827;0.4584750158900801
High;0.0096398072038559;-0.8333333333333334;-1.394708519914884
High;0.0006399872002559;0.725;1.2324220653758469
High;3.999920001599968e-05;0.8363636363636363;1.1677662324553366
Medium;0.0565188696226075;0.2387511478420569;0.5829275186697872
High;0.0568788624227515;0.3548387096774194;0.6136724510778084
High;0.0153196936061278;-0.6167706167706167;-0.7594350010162565
Medium;0.9553408931821364;-0.0602409638554216;0.0174043532714629
Medium;0.0256794864102717;0.2979902979902979;0.6756668595234661
Unknown;0.6962260754784905;-0.1602564102564102;-0.106778872601034
High;0.5867082658346833;0.2666666666666666;0.2571409954420642
Unknown;0.5512289754204915;-0.2297165200391006;-0.1915070925775358
Low;0.0004799904001919;0.4132315521628498;0.7850959247877765
Low;0.6745465090698186;0.3055555555555556;0.1525844023538352
Medium;0.0341193176136477;0.35;0.7583384486052974
Unknown;0.0001199976000479;0.7712374581939799;1.148861294247135
Unknown;0.0277194456110877;0.3233082706766917;0.5914545054139868
High;0.0008399832003359;0.5939643347050755;1.231383055654586
Unknown;0.6535069298614028;0.0964705882352941;0.1462923089646795
Unknown;0.4173916521669567;0.3444444444444444;0.3887501896042976
High;0.0054798904021919;0.5024691358024691;0.6873446334704335
Unknown;0.0815583688326233;-0.2889317889317889;-0.4931685825745937
High;0.9189816203675928;0.2733333333333333;0.1368788059251996
High;0.0003599928001439;0.5631868131868132;0.7818364573927703
Unknown;0.0023999520009599;0.6079545454545454;0.9800663646691108
High;0.0111597768044639;0.4693675889328063;0.7750096958150593
Unknown;0.0928381432371352;0.3473684210526316;0.5399550349405486
High;0.0936381272374552;-0.303030303030303;-0.644988777939214
Medium;3.999920001599968e-05;0.7444444444444445;1.0847517793656138
Unknown;0.0826383472330553;0.3673469387755102;0.6155048162900626
Unknown;0.6567068658626828;0.106060606060606;0.1636646082573731
Medium;0.0009599808003839;0.7307692307692307;0.8268814385008235
Medium;0.0159196816063678;0.4491525423728814;0.8833623888541855
High;0.0855582888342233;0.3143274853801169;0.5319430990780241
Medium;0.1053978920421591;0.3641975308641975;0.6820046450517565
Medium;0.7691446171076578;0.1345029239766081;-0.1163595571740136
Unknown;0.0019999600007999;0.8014705882352942;1.1835427028656225
Unknown;3.999920001599968e-05;0.9425;2.5101914795809352
Medium;0.4795504089918201;0.2757201646090535;0.2308361774549498
High;0.2996740065198696;0.2665505226480836;0.2916517189939892
High;0.0001999960000799;0.7986111111111112;1.217328565540696
Low;0.1276595744680851;-0.5757575757575758;-1.028762163436227
Unknown;0.2927141457170856;0.1014492753623188;0.3968128247253566
High;0.1076378472430551;0.1380952380952381;0.4349251447207126
Unknown;0.0173596528069438;0.3144654088050314;0.7018638100700957
High;3.999920001599968e-05;0.7342615012106537;1.088077348053888
High;0.0007599848003039;0.5377558221594919;0.8406777541523499
Low;0.3490330193396132;-0.463768115942029;-0.420649928512834
Low;0.9193016139677208;-0.0866666666666666;-0.0166818874700725
Unknown;0.4297914041719166;0.16015625;0.3008233626466697
High;0.0005599888002239;0.7649769585253456;1.1162128668411135
High;0.0039599208015839;-0.6159420289855072;-1.3947312076281668
Unknown;0.0230395392092158;-0.4779874213836478;-0.996380233123892
Low;0.0124797504049919;-0.5110294117647058;-0.9117589244871576
High;0.0191996160076798;-0.2871572871572871;-0.6617810006144782
Unknown;0.0417191656166876;0.3291666666666666;0.7354349457633315
Unknown;0.0153996920061598;0.6054131054131054;0.6818749817439141
Medium;0.2660746785064298;-0.1245791245791245;-0.340971343584772
Unknown;0.4583508329833403;0.1195121951219512;0.244763661642907
High;0.0075998480030399;-0.3621794871794871;-0.8946460210144929
Unknown;0.9301813963720724;-0.2908496732026144;-0.0284033170685489
Medium;0.0133997320053598;0.2180878552971576;0.5849710467385261
Unknown;0.0247195056098878;0.4515484515484515;0.7216656427929979
High;7.999840003199936e-05;-0.6920222634508348;-1.3682004047832703
High;0.5523089538209236;-0.4094368340943683;-0.1884443204425509
Low;0.627187456250875;0.0732600732600732;0.1482684691861117
Unknown;0.0209195816083678;0.4147727272727273;1.0281641285493954
Control;0.6216675666486671;0.1510204081632653;0.2415877980199308
Medium;0.0222795544089118;0.5982142857142857;0.8854393410943989
Unknown;0.622787544249115;0.114074074074074;0.1729604828381137
High;0.1866762664746705;0.3162393162393162;0.5902811691321713
High;0.0028399432011359;-0.6091549295774648;-1.2128114968328791
High;0.125277494450111;0.1151162790697674;0.4486623250390037
High;0.0891182176356472;0.2959501557632398;0.4934333334921734
High;0.1453170936581268;0.3557312252964427;0.4724391593570903
Low;0.1289574208515829;0.3798798798798798;0.524150881355223
High;0.0062798744025119;0.4675066312997347;0.7474472186451634
Low;0.6630667386652267;0.1558139534883721;-0.1304762705184225
High;0.7783044339113218;0.0265577119509703;-0.0861915566898481
High;0.4477110457790844;0.0792880258899676;0.2451310288512918
Low;0.0013999720005599;0.505718954248366;0.8320813711291506
Unknown;0.0577588448231035;-0.4701298701298701;-0.8401647867328006
Medium;0.0003999920001599;0.6666666666666666;1.115264742900818
Unknown;0.4075518489630207;-0.2941176470588235;-0.3587444034453025
Unknown;0.0207995840083198;0.4901960784313725;1.264791893840277
Low;0.0198796024079518;0.5456790123456791;0.7799538181325145
Medium;0.0021199576008479;0.6896551724137931;0.8379571418857957
Unknown;0.4622307553848923;0.0616666666666666;0.2292603138035301
High;0.1729965400691986;-0.2497704315886134;-0.4444865290605658
Unknown;0.4667906641867163;0.0948166877370417;0.2126748553022383
Medium;0.0429191416171676;0.3903162055335968;0.6168807173251021
Medium;0.0442391152176956;-0.2196969696969697;-0.7123193460522654
Unknown;0.0091598168036639;0.4245754245754246;0.7277481451264057
Unknown;0.0272794544109117;0.3492063492063492;0.592293878508081
High;0.0011999760004799;0.6989795918367347;1.0724381706758968
Unknown;3.999920001599968e-05;0.7605633802816901;1.1859531943311614
High;0.9219015619687606;0.1659634317862166;-0.008143508418398
Medium;3.999920001599968e-05;0.8077651515151515;1.3856418925812553
High;0.3579528409431811;0.0039960039960039;0.303124501370808
Unknown;0.0314793704125917;0.4844444444444444;0.8537541129388151
Low;0.0623187536249275;-0.5177304964539007;-0.8691329303500364
Medium;0.8488630227395452;-0.0430232558139534;-0.0563145429293358
High;0.0100397992040159;0.615530303030303;0.709849104544598
High;0.0289194216115677;0.3988603988603988;0.6664125038007536
High;3.999920001599968e-05;0.8441860465116279;1.0500176050157903
Unknown;0.3511529769404612;0.2653890824622532;0.2596808846261392
Unknown;0.0180796384072318;-0.2641509433962264;-1.2162388439727585
High;0.0255194896102077;0.2885802469135802;0.6733845392411864
Medium;0.0571988560228795;0.1481927710843373;0.5643310460603979
Low;0.0089998200035999;-0.5195195195195195;-0.9885034117106364
Unknown;0.0523189536209275;0.4444444444444444;0.6853622305574322
High;3.999920001599968e-05;-0.7808641975308642;-1.173598767447675
Unknown;0.2191556168876622;0.3925729442970822;0.3624557933098415
Medium;0.248995020099598;-0.2155576382380506;-0.3727233144480751
Unknown;0.0295994080118397;0.6995073891625616;0.9784095404916366
High;0.9607407851842964;-0.0138888888888888;0.0935106774073532
High;0.0001599968000639;-0.542528735632184;-1.518660280408607
Unknown;0.1392772144557109;0.3692307692307692;0.534648478778719
Medium;0.0003199936001279;0.552076242341729;0.8728980502287871
Low;0.5585488290234195;0.0980258679373723;0.1812373500838092
Low;0.987780244395112;0.0520833333333333;-0.0234573652670693
High;0.0002399952000959;0.7511520737327189;1.1660697156198236
High;0.0234795304093918;0.4285714285714285;0.9010039395409658
Medium;0.0701585968280634;-0.2770745428973277;-0.6635887040751893
Medium;0.0097998040039199;0.4057623049219688;0.6790102575321751
Low;0.0001199976000479;-0.5062937062937063;-1.059461744608289
Medium;0.993540129197416;-0.017578125;0.0326378741310898
High;0.0051198976020479;0.5725308641975309;0.9332875177674108
Low;0.1828363432731345;0.4558823529411764;0.4899342849547272
High;0.0069198616027679;0.5739795918367347;1.0055082142355043
High;0.1861962760744785;-0.3734567901234568;-0.6213655577085295
Unknown;0.0624387512249755;-0.0960144927536231;-0.7941475465306193
High;0.2027959440811183;0.3507805325987144;0.3839765561233071
Medium;3.999920001599968e-05;0.802536231884058;1.3148134117106305
High;0.6435071298574029;-0.1921296296296296;0.1339175219438387
Medium;0.0350392992140157;0.2496626180836707;0.5582864819609071
Medium;0.6393472130557389;0.1565420560747663;0.1488553425711211
High;0.0015599688006239;0.6529850746268657;0.7785978756664057
Medium;0.0894782104357912;-0.3022388059701492;-0.6033185186343322
Medium;0.0011599768004639;0.5965909090909091;0.9842348791797488
Unknown;0.6534669306613867;-0.04;-0.1859714736141194
High;0.0001199976000479;-0.9170506912442395;-2.078455286436724
High;0.0200395992080158;-0.546875;-0.9866181514647506
High;0.0884382312353753;-0.3730769230769231;-0.6642407736168454
High;0.0153596928061438;0.3340143003064351;0.6782660380599609
Medium;3.999920001599968e-05;0.9591591591591592;2.2162117460107384
Low;0.0004399912001759;0.6137820512820513;1.1309287868106208
Medium;0.0164796704065918;0.4682306940371456;0.7491829660783099
Unknown;0.0779184416311673;0.6814988290398126;0.7932926821880958
Unknown;0.7927841443171136;0.0985645933014354;0.0725908792806113
Unknown;0.8082238355232896;-0.0435203094777562;0.1015134989612953
High;0.0737585248295034;0.0489583333333333;0.4429710472403196
Unknown;0.746785064298714;0.0685483870967741;0.1377093976245907
Medium;0.2862742745145097;-0.2592592592592592;-0.4632441555992752
High;0.0001999960000799;-0.5133614627285513;-1.7998201178694897
High;0.0003199936001279;0.6929411764705883;1.0110329723134528
Unknown;0.626747465050699;-0.0341880341880341;-0.1684757725995923
High;0.0792784144317113;0.3452380952380952;0.591714024989007
Medium;0.2674746505069899;0.1198412698412698;0.3370732955132128
Unknown;0.1572768544629107;-0.5859375;-0.5652560087589432
Low;0.0069198616027679;0.5459533607681756;0.8245087843647709
Unknown;0.3333133337333253;-0.2164276401564537;-0.282637604976575
Unknown;0.0865582688346233;0.3121951219512195;0.4809562198816092
High;0.9293014139717206;-0.0044943820224719;0.0486508273086892
Medium;0.0003999920001599;0.5517857142857143;0.91028224925428
Medium;0.0022399552008959;0.4678217821782178;0.7113086405507679
Unknown;0.6485070298594028;-0.1155555555555555;-0.1347160821939459
Low;0.4695106097878042;-0.0521885521885521;-0.2209508855599865
Medium;0.9387412251754964;-0.0350877192982456;0.0377984135988917
Low;3.999920001599968e-05;0.8732638888888888;0.8857776620151915
Medium;0.0278794424111517;-0.4232026143790849;-0.7002946477139566
High;0.0047999040019199;-0.7236533957845434;-1.2714136562550866
Unknown;0.0012399752004959;0.75;1.380627154349286
Low;0.3039139217215655;0.2678571428571428;0.3421756932245229
High;0.5743485130297394;-0.0064724919093851;0.1793671135518184
Medium;0.0030799384012319;-0.7043048694424842;-1.0990035035506962
High;0.0034799304013919;0.4935064935064935;0.7721276378088383
Unknown;0.1791964160716785;0.2402912621359223;0.4025054465825198
Medium;0.0003599928001439;-0.5242165242165242;-1.5817845701713489
High;0.2373952520949581;-0.4666666666666667;-0.4486132250770993
Medium;0.0616387672246555;0.4666666666666667;0.8476051200182876
Unknown;0.0836383272334553;-0.548469387755102;-0.7648824777501612
High;0.0005599888002239;0.6742957746478874;1.0117781209487204
High;0.249435011299774;0.3581560283687943;0.5041500985313867
Unknown;0.0001199976000479;0.6823432343234324;1.133368086047495
High;0.1925161496770064;0.25;0.4747440709924089
Unknown;0.0039599208015839;0.6380597014925373;0.9773584223796672
Unknown;0.1657566848663026;0.7066666666666667;0.5071138203813516
Medium;0.496710065798684;0.0093457943925233;0.2093612423759977
Medium;0.0034799304013919;0.4797979797979798;0.7322823119289187
Unknown;0.4813903721925561;-0.2314814814814814;-0.2481811370037285
Unknown;0.0008799824003519;-0.6050903119868637;-1.0648619785319862
Unknown;0.3339933201335973;0.0058479532163742;0.3404589835183908
High;0.0124797504049919;0.4777562862669245;0.7182741815440591
Unknown;0.8151036979260414;-0.126865671641791;-0.0640457163870542
High;7.999840003199936e-05;0.7407407407407407;0.8938496456105236
High;0.0245995080098398;-0.3705501618122977;-0.7266762073856738
Medium;3.999920001599968e-05;-0.9781420765027322;-4.3942428508429945
Low;0.1331973360532789;0.2247474747474747;0.4611448041525743
Low;0.0126397472050558;0.4543269230769231;0.6818725225913761
High;0.1367572648547029;0.1991869918699187;0.4791932063005852
Unknown;0.5658686826263475;-0.0317139001349527;-0.1624020250241241
High;0.0003999920001599;0.7936507936507936;1.521762102966185
Unknown;0.6537869242615147;-0.2578947368421053;-0.1327625151900597
Unknown;0.1904761904761904;0.4666666666666667;0.6195107425735817
Unknown;0.9425411491770164;-0.0023809523809523;0.0348590356058052
Medium;0.874022519549609;0.1326530612244898;-0.0438189967539142
Medium;0.0004799904001919;0.7649769585253456;1.1048898148719812
Unknown;0.0391192176156476;-0.292022792022792;-0.825169703448182
Unknown;0.0007999840003199;0.7530266343825666;1.2675488339793266
Unknown;0.0019199616007679;0.6949152542372882;1.261342839326242
Low;0.6761064778704426;-0.1382488479262673;-0.1319738976978411
High;0.0058398832023359;0.6305147058823529;0.8625584474873426
Unknown;0.0195196096078078;0.5488721804511278;0.9242762166556862
Medium;0.1449971000579988;-0.4740834386852086;-0.4333079909713925
Unknown;0.620547589048219;0.05;0.1625721818089355
Unknown;0.2032359352812943;0.3520408163265306;0.509998443497055
Medium;0.8057038859222816;-0.0027548209366391;-0.0801092001518355
Unknown;0.0739185216295674;-0.3909465020576131;-0.6378387654131195
Unknown;0.629307413851723;-0.1044776119402985;-0.1762931507737843
Unknown;0.0180796384072318;0.6028368794326241;0.8906022793101451
Unknown;3.999920001599968e-05;0.8558558558558559;1.760778201273497
Unknown;0.6967860642787145;0.1221095334685598;0.0953151477920424
High;0.0708785824283514;0.3933823529411764;0.6717307343685939
High;0.1605567888642227;-0.0146604938271604;0.4244121384155656
Low;0.0007999840003199;0.7200704225352113;1.2636214302501367
High;0.1729165416691666;0.115995115995116;0.3650036877093423
High;7.999840003199936e-05;0.7708333333333334;1.3174893859278607
Unknown;0.0309993800123997;0.5795454545454546;0.770116737206856
High;0.0001999960000799;-0.7414634146341463;-1.4921851123678709
High;0.0001199976000479;0.7734375;1.226625721604876
High;0.0002399952000959;0.8177339901477833;1.7639227201077388
Unknown;0.0076398472030559;-0.6535714285714286;-0.9855343142298923
Unknown;0.0889182216355672;0.4693396226415094;0.5501124962216986
Unknown;0.0001199976000479;0.8198529411764706;1.5159694008080242
Low;0.0001199976000479;-0.6291913214990138;-1.5876732512664289
Unknown;0.8572628547429051;-0.04921968787515;-0.0139695138930689
High;0.0153596928061438;-0.3153988868274582;-0.8712811731292466
Unknown;0.4863902721945561;-0.1761904761904762;-0.276329675782158
High;0.624307513849723;0.1058201058201058;0.227626828428815
High;0.0009999800003999;-0.5662442396313364;-0.9535119762645016
Medium;0.0257594848103037;0.373015873015873;0.5415381473002887
Unknown;0.122797544049119;0.2504638218923933;0.473798344375406
Medium;0.5115097698046039;-0.295470884255931;-0.190967362921127
Unknown;0.0407191856162876;0.4951219512195122;0.7094358455630062
High;0.0001199976000479;0.7050754458161865;1.1028067448918324
High;0.9378612427751444;-0.0421768707482993;-0.0175680494776036
Unknown;0.2818743625127497;-0.4577777777777778;-0.5243581761131598
Medium;0.0001199976000479;0.6896551724137931;1.0736728311361037
High;0.0032399352012959;0.6691358024691358;1.0687230842571254
Unknown;0.0261994760104797;0.4804804804804805;0.767904186928981
High;3.999920001599968e-05;0.8235294117647058;1.509913714083093
Unknown;0.8357832843343133;-0.0691358024691358;0.096119696755123
Medium;0.9523409531809364;-0.0395061728395061;0.0208258900578125
Unknown;0.75382492350153;-0.0261437908496732;0.1227842118034224
Medium;0.0223195536089278;-0.5737704918032787;-1.040628490690291
Control;0.4759104817903642;-0.0410557184750733;-0.2264138116339802
Unknown;0.625827483450331;0.2836879432624113;0.2116552617602755
High;0.6432271354572908;0.0830496936691626;0.1400464358304413
High;0.0042399152016959;0.458498023715415;0.7886214887363051
High;0.6473070538589228;-0.0060975609756097;0.1597952825071673
Unknown;0.0777184456310873;0.273462783171521;0.5491212626246069
High;0.0001599968000639;0.7530864197530864;0.9444939573265252
Unknown;0.0007599848003039;0.5757575757575758;0.7900868095159361
High;0.6781864362712746;-0.0434343434343434;0.15835911217157
Unknown;0.2114357712845743;0.30859375;0.4614266738873486
Unknown;0.4180716385672287;0.2340425531914893;0.356444138151931
Unknown;0.49655006899862;-0.2679127725856697;-0.1955645005254043
Low;0.0019999600007999;0.5541666666666667;0.8648303934399534
High;0.2855942881142377;0.0397590361445783;0.3547774772655415
Control;0.0048399032019359;0.5611111111111111;1.075036107319032
Unknown;0.0275594488110237;0.332516339869281;0.578815856401123
High;0.0137997240055198;-0.8107142857142857;-1.255718829257203
High;0.8803423931521369;0.0196078431372549;0.0550911823889945
Low;0.1557968840623187;0.2765151515151515;0.6147424221384051
Medium;0.9329013419731604;-0.1512345679012345;0.0935596227750508
Low;0.0431591368172636;-0.3307322929171669;-0.590487639605222
High;0.5282694346113078;0.2716049382716049;0.294930896566138
Unknown;0.1455970880582388;0.3942307692307692;0.555020405726193
High;0.503589928201436;-0.1414141414141414;-0.2936587715427792
Unknown;0.24767504649907;0.2109704641350211;0.4074521841724768
High;0.0826783464330713;0.1777777777777777;0.441328295863281
Unknown;0.4084318313633727;0.2641509433962264;0.3518438927032486
Low;0.3820323593528129;-0.2108843537414966;-0.387546658851995
High;0.0017599648007039;0.5088141025641025;0.7948660095263989
High;3.999920001599968e-05;-0.7222222222222222;-2.09049591200394
Unknown;0.0055998880022399;0.662962962962963;0.9931084603045937
High;0.7149457010859783;0.0262345679012345;0.1212888785933798
Medium;0.0208795824083518;0.3614457831325301;0.659158189021872
High;0.0766384672306553;0.3863636363636363;0.6193050722519873
Unknown;0.1110377792444151;0.2825174825174825;0.4650722017974254
Medium;7.999840003199936e-05;-0.3784786641929499;-1.5868306220386392
High;0.0051198976020479;0.4485294117647059;0.7290579953143854
Unknown;0.124757504849903;0.1821428571428571;0.5929751939663723
Unknown;0.0288394232115357;0.5555555555555556;0.8445518962671789
High;0.2081558368832623;-0.018018018018018;-0.4548953836295574
High;0.6957860842783145;-0.2365384615384615;0.006234137751983
Unknown;0.0003199936001279;0.7536945812807881;1.6209020096043807
High;0.2785944281114377;0.1701837985023825;0.3176285615994089
High;0.3227535449291014;0.042490118577075;0.3112171650615828
High;0.0001599968000639;0.819047619047619;1.7320776271648533
Low;0.0003199936001279;0.6734939759036145;0.5936173295840526
High;0.0020799584008319;0.6607142857142857;0.915500675531032
Unknown;0.0022399552008959;0.6326530612244898;1.5405988693926675
High;0.3234735305293894;0.1248852157943067;0.314150013111819
High;0.0572388552228955;-0.2111111111111111;-0.7387337491846502
Unknown;0.2569148617027659;-0.3656174334140435;-0.4562455425713076
Unknown;0.0685186296274074;0.4656084656084656;0.7171038720101898
Medium;0.1399172016559668;0.1367521367521367;0.4982578254209449
High;0.2908741825163496;0.1142857142857142;0.2804809832241386
Low;0.6900661986760265;0.0868385345997286;0.1408466717974596
Unknown;0.0163196736065278;0.6033057851239669;0.7010916769511302
Unknown;0.0799984000319993;0.3757575757575757;0.4542699848609248
High;0.0063598728025439;0.4139303482587064;0.671811765964251
Medium;0.9567808643827124;-0.1840193704600484;-0.030085644970633
High;0.1913561728765424;-0.2068435217224144;-0.3286621385779845
Medium;0.0258794824103517;-0.1571428571428571;-0.8417889967518586
High;0.0897582048359032;0.4635108481262327;0.4690560985186452
Unknown;0.0173996520069598;0.5902777777777778;1.0311136507551062
Unknown;0.7707445851082978;0.036036036036036;-0.1049826125623489
High;0.9027819443611128;-0.083204134366925;0.053841871710514
Unknown;0.505229895402092;-0.1711538461538461;-0.2573790745795728
Unknown;0.0217995640087198;0.4135338345864661;0.8673044531008174
Unknown;0.1078378432431351;0.2848484848484848;0.511574221892322
High;0.1609967800643987;0.2531645569620253;0.471785489472312
High;0.6401471970560588;0.0886699507389162;0.2083124803499478
Unknown;0.0358392832143357;0.3607038123167155;0.6489197536197429
Unknown;0.1355572888542229;-0.3327464788732394;-0.5518832704982862
Unknown;0.9503409931801364;-0.1111111111111111;0.0419611468988638
Medium;0.0365992680146397;0.6077481840193705;0.7915645352126806
High;0.0015199696006079;0.5357859531772575;0.7252649820226563
High;0.3017539649207016;-0.3555555555555555;-0.3705637370811777
High;0.0028399432011359;0.6066066066066066;0.7797505586042663
Unknown;0.0004799904001919;0.7338820301783264;1.1697149095744803
Unknown;3.999920001599968e-05;0.9052224371373307;1.2764599863120354
High;0.0943181136377272;-0.4846153846153846;-0.8951567167280711
Low;0.0367992640147197;0.4012345679012346;0.7130556459887712
High;0.7701045979080419;-0.0091911764705882;0.1083340350211863
High;3.999920001599968e-05;0.7738095238095238;0.929942188185705
High;0.0009199816003679;0.6053268765133172;1.036569005167999
Low;0.0025999480010399;0.3983297022512709;0.5522016625989266
High;0.2723945521089578;0.2901234567901234;0.3845671362855346
Medium;0.8386632267354653;-0.0929292929292929;0.0821778379602598
Medium;0.7591448171036579;-0.0490196078431372;-0.0952495494494415
High;0.6805063898722026;0.1505882352941176;-0.1226043932232789
High;3.999920001599968e-05;0.8553864168618267;1.3786394923296772
Unknown;0.6205075898482031;0.1111111111111111;0.1927976718497153
Medium;0.0035199296014079;0.6402116402116402;1.0357268389292869
Unknown;0.7633047339053219;0.1215277777777777;0.155804365529547
Medium;0.0109197816043679;-0.4049153908138598;-0.6599393056099507
Medium;0.0075998480030399;0.5029239766081871;0.8371006575703559
High;0.0016399672006559;0.5206043956043956;0.7242876714549931
High;0.0299194016119677;0.3508267433501078;0.6193590087680246
Medium;0.0004799904001919;0.6585858585858586;1.0824411170640102
High;0.2038359232815343;-0.2;-0.414990156378873
Medium;0.7799044019119618;0.1608187134502924;0.1303541226385602
Unknown;0.0308393832123357;0.4660421545667447;0.8563307398064345
Unknown;0.8330233395332093;0.0576923076923076;0.0964344500312278
Medium;0.1390372192556148;0.3161592505854801;0.4075160002756267
Medium;0.3339533209335813;0.1967592592592592;0.301433481529628
High;0.9600607987840244;0.18;0.0892921853275999
High;0.0211995760084798;0.3138755980861244;0.6586861363258866
High;0.3475130497390052;0.1422736555479918;0.2774783047801227
Unknown;0.1439571208575828;-0.4166666666666667;-0.6057388441464966
High;0.0128797424051518;-0.5234159779614325;-0.6003609133892027
High;0.0145197096058078;0.548051948051948;1.0127708671446594
High;0.7164256714865702;-0.2034632034632034;-0.1229103747039849
Unknown;0.6974660506789864;0.0591133004926108;0.1726695354578981
Unknown;0.3428331433371333;0.3055555555555556;0.4110884975432724
Unknown;0.0395992080158396;0.4430727023319616;0.7730491349684233
Unknown;0.0767584648307033;-0.3234323432343234;-0.5520708609866487
Medium;0.50414991700166;0.1214285714285714;0.2832085399564341
Low;7.999840003199936e-05;-0.7658823529411765;-2.123160580866748
Low;0.1485970280594388;0.1552447552447552;0.4346522888883383
High;0.0001199976000479;0.6171617161716172;0.9460363270879028
Low;0.0092798144037119;0.101114955786236;0.9437677025242112
High;0.6784664306713866;-0.0815217391304347;-0.1692210405547572
Unknown;0.247755044899102;0.1506410256410256;0.3612580650408439
High;0.0865982680346393;-0.3694968553459119;-0.546743075931002
Unknown;0.0591988160236795;0.3115942028985507;1.0179748355890987
Control;0.240795184096318;-0.237037037037037;-0.5646794802547084
Medium;0.0027199456010879;0.4757834757834758;1.0260755917689874
Medium;0.2660346793064139;-0.2658730158730158;-0.4196918975916028
Unknown;0.2894742105157897;-0.3990147783251231;-0.4320930598850474
Control;0.9695006099878004;0.1454081632653061;-0.0182065728897586
Low;0.2578348433031339;-0.2416666666666666;-0.3788217427609046
Unknown;0.0076398472030559;0.436046511627907;0.8002827322536837
High;0.4197916041679166;0.1464285714285714;0.3034887519584762
High;3.999920001599968e-05;0.9635258358662614;2.4221042822833905
Unknown;7.999840003199936e-05;0.7425373134328358;1.138901763000104
High;0.0018399632007359;0.6302816901408451;1.0712102909860477
Low;0.2395952080958381;-0.2434782608695652;-0.5591129826358854
Unknown;0.4225515489690206;0.1522633744855967;0.2848732835617788
High;0.0008399832003359;0.7555555555555555;1.530912726550426
Medium;0.0422791544169116;0.3425925925925926;0.6094534280513583
Unknown;0.9361412771744564;-0.1423611111111111;-0.0286063833316753
High;0.6941061178776424;0.094017094017094;0.1478978426041662
High;0.0859582808343833;0.4277511961722488;0.4786142400437365
Unknown;0.0317193656126877;0.3571428571428571;0.6573238175988193
High;0.0995180096398072;0.196660482374768;0.4902794028383929
High;0.0415991680166396;-0.4171907756813417;-0.7637996265415334
High;0.97570048599028;0.075;0.0371690061297992
Medium;0.984660306793864;0.1097834204630321;0.0081976866070279
High;3.999920001599968e-05;-0.961904761904762;-2.1801381398799027
Low;0.0024799504009919;0.5364891518737672;0.7842738885367184
High;0.0088798224035519;0.3323244552058111;0.540781411493329
Unknown;0.0158396832063358;0.3472222222222222;0.7426045947318339
Unknown;0.0008399832003359;0.6057471264367816;1.1218180121592896
High;0.3158736825263494;0.1865671641791045;0.3524167037469817
Unknown;0.0896782064358712;-0.4285714285714285;-0.6254371218521585
Medium;0.0002399952000959;0.7443609022556391;1.4031396669905942
Unknown;0.7266254674906502;-0.0714285714285714;-0.1258920471209453
Medium;0.0049999000019999;-0.5976744186046512;-1.1765612136066117
Unknown;0.5963480730385392;-0.425531914893617;-0.2045617305261258
Unknown;0.122197556048879;-0.1908763505402161;-0.3883159950768644
Unknown;0.6567868642627147;0.0727272727272727;0.2102280956015546
Unknown;0.0023599528009439;0.6188118811881188;0.9334650445370216
High;0.0004799904001919;0.6438356164383562;1.0162403751555005
High;0.6462670746585069;-0.2371794871794871;-0.1745996150885027
Unknown;0.1837163256734865;0.4714714714714714;0.4886334213255685
Medium;0.0973580528389432;-0.3061224489795918;-0.7287695244798599
High;0.7917841643167136;-0.180327868852459;-0.0798232063697168
High;0.3136737265254695;-0.1818181818181818;-0.4125987208087024
High;0.2877542449151017;-0.2246575342465753;-0.3680706851558307
High;0.0009199816003679;0.6491228070175439;0.9058020025558002
Unknown;0.0002799944001119;0.6925418569254186;1.0686748511000652
High;0.878462430751385;-0.0036764705882352;0.0865124273580166
Unknown;0.0003999920001599;0.6059870550161812;1.0241688614159796
Medium;0.2746745065098698;-0.5399305555555556;-0.4175444222819383
Unknown;0.2112757744845103;0.3533333333333333;0.5229952617329112
High;0.7093058138837224;0.0713305898491083;0.1367389227984017
Medium;0.8167836643267135;-0.0522388059701492;0.1230443513898564
Medium;0.0826383472330553;0.1511961722488038;0.595031487156492
Low;0.7880242395152097;-0.0765765765765765;0.1415339749129689
High;0.1830763384732305;0.2867853795688847;0.4224473985360441
High;0.4614307713845723;0.1538461538461538;0.3368969675601818
High;0.2234755304893902;0.0959595959595959;0.364861687430991
Unknown;0.0271594568108637;0.6641975308641975;0.7497690801886654
High;0.0003599928001439;0.7119815668202765;0.9821743800931028
High;3.999920001599968e-05;0.692443919716647;1.2399586460158676
High;0.3529529409411812;0.1205673758865248;0.394744040801554
High;0.0602387952240955;0.3296296296296296;0.4688429453207925
Unknown;0.3224335513289734;-0.2851851851851852;-0.4243658731917905
Unknown;0.0660786784264314;0.3146417445482866;0.5553032586246057
Unknown;0.0388792224155516;0.4756944444444444;0.7498439831962839
High;0.0124397512049759;-0.5376984126984127;-1.050660022830046
High;0.0184796304073918;0.3914656771799629;0.6549493647211584
Unknown;0.0003199936001279;0.6813953488372093;1.1175420532678717
Unknown;0.4293514129717405;0.1669135802469135;-0.2108919703252687
Unknown;0.0672386552268954;0.4836363636363636;0.800380908914305
Unknown;0.0013599728005439;0.5028490028490028;0.7594632864427512
Unknown;0.0074398512029759;0.5492822966507177;0.694827160098317
Unknown;0.6888262234755305;0.0343980343980344;0.1352496206087085
Unknown;0.125637487250255;-0.5032679738562091;-0.6782223512597498
High;0.6772264554708906;0.12890625;0.1596250513207895
Unknown;0.3165536689266214;-0.25;-0.4266419213735058
Unknown;0.4725505489890202;-0.096590909090909;-0.2250271483251903
High;0.0148397032059358;0.315079365079365;0.5541247635932272
Unknown;0.0579988400231995;0.3402597402597402;0.7294532395109955
High;0.0440791184176316;0.5218390804597701;0.6893192951978756
Unknown;0.0318393632127357;0.4659090909090909;0.7408058025537454
High;0.0014799704005919;0.571590909090909;0.8435199026400094
Unknown;7.999840003199936e-05;0.7934782608695652;1.0444449212891511
Low;0.5301493970120598;-0.2716049382716049;-0.1983256146530295
Low;0.0038399232015359;0.4629629629629629;0.7954184789151336
Low;0.4448311033779324;-0.0809190809190809;-0.2358720958116743
Medium;0.3628727425451491;0.2296296296296296;0.3232073497620688
Unknown;0.0001999960000799;0.6185567010309279;1.0263845643038716
High;0.0024399512009759;-0.842948717948718;-1.176491757595968
Unknown;0.5684686306273875;0.261437908496732;0.2097916952372619
High;0.0712785744285114;-0.4897959183673469;-0.8130226359238689
High;0.3973120537589248;0.0429292929292929;0.2605810226955082
Unknown;0.117037659246815;-0.6344892221180881;-0.555098024309573
Medium;0.0777984440311193;-0.3451676528599605;-0.5376373865692439
High;7.999840003199936e-05;0.7264367816091954;1.5406157242889966
Medium;0.0222795544089118;0.4515306122448979;0.6523822304912188
High;0.1386372272554548;0.2855902777777778;0.4459804092203934
Medium;0.0585588288234235;-0.1844155844155844;-0.8357533368618904
Unknown;0.0001199976000479;0.7734375;1.3143670561211205
Unknown;0.7872242555148897;-0.097953216374269;-0.1088547563246836
High;0.8446231075378492;0.0076555023923444;-0.0508792493170339
Unknown;0.8626227475450491;-0.0688405797101449;-0.1106466513739383
Unknown;0.2731545369092618;0.3985507246376811;0.4808888438902826
Medium;0.0057198856022879;-0.425544794188862;-0.8354495866903543
Medium;0.4283514329713406;0.0944444444444444;0.2902608987734436
High;0.7111057778844423;0.2762345679012346;0.1857501586577687
High;0.0170796584068318;0.4947183098591549;0.6179164815019017
Medium;0.0047999040019199;0.5314465408805031;1.0484272830920625
Medium;0.4248715025699486;-0.0026455026455026;-0.3163688585103111
Unknown;0.2801143977120457;0.0884615384615384;0.3945891459694765
High;0.0843183136337273;0.3275613275613275;0.5937826440406144
Low;0.0130797384052318;0.365079365079365;0.6570403807378699
Unknown;0.0906381872362552;-0.1818727490996398;-0.4911730732108968
High;0.5624687506249875;0.1084142394822006;0.179561714671058
Medium;0.5749885002299954;0.3134615384615384;0.2299304401877741
High;0.1672366552668946;0.1086419753086419;0.4420211928926468
High;0.0004799904001919;0.5738636363636364;0.855553058417464
Unknown;0.0109197816043679;-0.4372294372294372;-0.9438876948222568
Medium;0.0198796024079518;-0.5095785440613027;-0.924288474799232
Medium;0.252034959300814;-0.2032520325203252;-0.3243630820811498
Unknown;0.4620707585848283;0.3752808988764045;0.2379311708070541
High;3.999920001599968e-05;0.6470238095238096;0.8480161971903866
Medium;0.0405591888162236;0.5222222222222223;0.5975162376064476
Unknown;0.8275434491310174;0.2364583333333333;0.0833042632678016
Unknown;0.0013999720005599;0.7210884353741497;1.4386218886968731
Medium;0.2081558368832623;0.4786516853932584;0.4191458712925126
Medium;0.0027999440011199;-0.5324074074074074;-1.3741437596140156
High;0.0011199776004479;0.3821581612777561;0.7975659382822582
High;0.0007999840003199;0.5016181229773463;0.8464946072799999
High;0.1439171216575668;-0.4216589861751152;-0.6118729523814826
Unknown;7.999840003199936e-05;0.5552007299270073;0.7745742354721556
Low;3.999920001599968e-05;0.6296518607442977;1.0378738516077854
High;0.0005999880002399;0.6540229885057471;1.014565312903776
Unknown;0.0048399032019359;0.6707021791767555;0.959911763744722
Unknown;0.2730345393092138;0.3546099290780142;0.4830112047956142
High;0.0045599088018239;0.5097087378640777;0.7364896410930101
High;0.2169956600867982;-0.0142857142857142;0.4953879935221407
Medium;0.0055198896022079;0.4506172839506173;0.8815074221454112
Unknown;3.999920001599968e-05;0.8438438438438438;1.485709963518652
High;0.0129597408051838;0.3192982456140351;0.6291032263748599
Low;0.1611967760644787;0.1827956989247312;0.3849648815352435
Medium;0.0061598768024639;0.4937943262411347;0.659415348064226
Low;0.1067978640427191;0.2615384615384615;0.4691515942445931
Medium;0.9269014619707606;-0.2105263157894736;-0.0100783301325444
High;0.8206635867282654;-0.1776470588235294;-0.0515015379133624
Unknown;0.6975460490790184;0.1832611832611832;0.1312056014830476
Unknown;0.0836383272334553;0.4073578595317725;0.5090494128929841
Unknown;0.6064278714425712;-0.0503042596348884;-0.1346188840683042
High;0.9744205115897682;0.2672672672672673;0.0239757251240504
Unknown;7.999840003199936e-05;-0.7623456790123457;-1.6931496987262948
Unknown;0.0001199976000479;0.7167464114832536;1.564731268433429
Unknown;0.9271414571708566;0.0489642184557438;0.0347031795437563
Medium;3.999920001599968e-05;0.8276353276353277;1.253042366280293
Low;0.0027999440011199;0.5527426160337553;0.9018484474078798
Medium;0.1049979000419991;0.473076923076923;0.6121080512939925
Medium;0.3861122777544449;-0.3205128205128205;-0.2945245688972129
Unknown;0.1349973000539989;-0.349438202247191;-0.4531412520248706
Unknown;0.9809003819923602;-0.0074074074074074;0.0287755880770513
Low;0.2928741425171496;0.2291666666666666;0.3857032930155067
Unknown;0.2195156096878062;0.2364864864864864;0.3865881206781718
High;0.4452310953780924;0.1987951807228915;0.2507943790353443
High;0.0596788064238715;0.4659863945578231;0.6673754045602721
Medium;0.6368672626547469;0.1071428571428571;0.2157813002078345
High;0.4407111857762845;-0.3489583333333333;-0.2827039344413337
High;0.0356392872142557;0.3691358024691358;0.4796994410681441
Unknown;0.0094398112037759;-0.58203125;-0.954854775427084
High;0.5894282114357713;-0.1156156156156156;-0.191748354102575
Medium;0.7452650946981061;-0.1159554730983302;-0.1023690916320827
High;0.3098338033239335;-0.2756286266924564;-0.3301428103468225
Unknown;0.3449531009379812;-0.1293103448275862;-0.2799192728384559
High;0.0498390032199356;0.55;0.7811540409050053
High;0.6595468090638187;-0.0075757575757575;0.2181450121040783
Unknown;0.0088398232035359;0.6311688311688312;1.031564172574415
High;3.999920001599968e-05;0.9158163265306124;1.5554986390129912
High;0.1007579848403032;-0.3808411214953271;-0.5139561692480809
Unknown;0.0039599208015839;0.6666666666666666;1.2326390894569332
Medium;0.112957740845183;-0.391304347826087;-0.7564128568706369
High;0.0101997960040799;0.5257731958762887;0.7797112748853006
High;0.0167596648067038;0.453125;0.8874904335676074
Medium;0.5196296074078518;0.1724867724867725;0.1819133842725696
Medium;0.4114717705645887;-0.25;-0.2838041898865409
Unknown;0.1577168456630867;-0.0522388059701492;0.5837656372964252
Unknown;0.3569928601427971;-0.1023102310231023;-0.2832400741187212
Medium;0.0895582088358232;0.2767094017094017;0.4213235246850143
Medium;0.1444771104577908;0.269047619047619;0.477524655788947
High;7.999840003199936e-05;0.7619047619047619;1.063520743807645
Unknown;0.3958720825583488;-0.1423001949317738;-0.3089613198178821
High;0.8339033219335613;0.1064935064935064;0.1099500522042515
Unknown;0.6086678266434671;0.037037037037037;-0.1952446912739279
Unknown;0.0001599968000639;0.6333333333333333;0.9370188348329322
Medium;0.5568288634227315;-0.2720588235294117;-0.2218850938861281
High;0.0205195896082078;0.3931818181818182;0.7303345437031917
High;0.0906781864362712;0.3233333333333333;0.5448862742194143
High;0.0095198096038079;0.4537313432835821;0.6936079425998086
Low;0.0242395152096958;0.2729411764705882;0.641557939450586
Unknown;0.3798324033519329;0.2995391705069124;0.3506992803002634
Medium;0.0047599048019039;-0.5137844611528822;-1.2671402518641397
High;0.0943981120377592;0.1522248243559719;0.460714496016201
Medium;0.0019999600007999;0.6576923076923077;1.1494114129548196
Low;0.1780364392712145;0.0903426791277258;0.3990984697740681
High;0.0003599928001439;-0.548202614379085;-1.2905933271402337
Low;0.3543929121417571;0.1924882629107981;0.3281205930031963
High;7.999840003199936e-05;-0.8993055555555556;-2.236285298795084
Low;7.999840003199936e-05;0.7476190476190476;1.2943976060933475
Medium;0.0049999000019999;0.6441102756892231;0.6895802930770571
Unknown;0.75482490350193;-0.1;0.1715183411449489
Unknown;0.0153196936061278;0.5012106537530266;0.920664477785468
Low;0.0338793224135517;0.4782608695652174;0.6122592442487734
Unknown;0.0241595168096638;0.5510204081632653;0.9346034307469792
High;0.3577128457430851;0.1700680272108843;0.4057510188927496
Unknown;0.0096398072038559;0.5222222222222223;0.8222666886348082
High;0.880382392352153;-0.1894736842105263;-0.0299869545303523
High;0.0847583048339033;-0.3694852941176471;-0.7049635607097393
Medium;0.0418391632167356;0.2612612612612612;0.640239941973532
Low;0.0923581528369432;0.22265625;0.6220449582229749
Unknown;0.5388692226155477;-0.2588235294117647;-0.1853066119445441
High;7.999840003199936e-05;0.6976076555023923;0.9587847306933678
High;0.0003199936001279;0.8758169934640523;1.3533043832726563
Low;0.0045999080018399;-0.5887096774193549;-1.1163699012043833
Unknown;3.999920001599968e-05;0.7755102040816326;1.481305844241286
Medium;0.9189816203675928;-0.00390625;0.0058144807129617
Unknown;0.9387012259754804;-0.0785984848484848;0.0356295942418425
Unknown;0.0004799904001919;0.7699757869249395;0.7648935818502712
High;0.2383952320953581;-0.3202179176755448;-0.3365684939775686
Low;0.0526389472210555;0.4158576051779935;0.5508508197092611
High;0.0799184016319673;0.3535353535353535;0.6454359721680212
Unknown;0.5390292194156117;-0.2891156462585034;-0.2049608411272211
Unknown;0.0004799904001919;0.6795180722891566;0.915073140767576
Unknown;0.0747585048299034;0.4052287581699346;0.7389778992232389
Unknown;0.2016759664806703;0.3142857142857143;0.5032325394966545
High;0.1938361232775344;0.0905923344947735;-0.3785915161419455
Unknown;0.1871162576748465;0.4468085106382978;0.6047868723411758
Unknown;0.0258394832103357;-0.2777777777777778;-0.8509460835216255
Unknown;7.999840003199936e-05;0.6950131233595801;1.1796583301018249
Unknown;0.2260354792904142;-0.0685871056241426;-0.4431568491331344
Low;3.999920001599968e-05;0.7929984779299848;0.781354407103757
Low;0.8786224275514489;-0.4042553191489361;-0.0263498084217428
Medium;0.0112397752044959;-0.4439024390243902;-0.9293411698345952
Unknown;0.3465130697386052;-0.3401360544217687;-0.4003635222582989
Unknown;0.7829043419131617;-0.0561224489795918;0.0809314466066857
High;0.0168796624067518;0.8367346938775511;0.9873515739183985
Unknown;0.0012399752004959;0.7414965986394558;0.9958261913362904
Medium;3.999920001599968e-05;0.8666666666666667;1.0912434405144054
Unknown;3.999920001599968e-05;0.9392857142857144;2.5261318278896776
Low;0.3605527889442211;-0.2202020202020202;-0.2965130017435641
High;0.0009999800003999;0.7393483709273183;0.9832415604555328
High;0.0001599968000639;0.7744360902255639;1.4219266530151315
High;0.6665466690666186;-0.0074626865671641;0.1546337118219132
High;0.0020399592008159;0.3071895424836601;0.6928850925324768
High;0.2609147817043659;0.2542372881355932;0.408337097197268
Medium;0.4876302473950521;-0.3333333333333333;-0.1959772312454594
Unknown;0.4435911281774364;0.2552693208430913;0.3149791373185942
Unknown;0.0036399272014559;0.4534653465346535;0.9970990558209436
High;0.8935821283574329;-0.2092198581560283;-0.0323633162285989
Low;0.0171196576068478;0.3857142857142857;0.8037896236839621
Unknown;0.1469170616587668;0.2733333333333333;0.707098348215984
Unknown;0.7351452970940581;0.0091324200913242;-0.1139040609849927
Unknown;0.0305993880122397;0.3805970149253731;0.6351122957706707
High;0.8025039499210016;0.25;0.143413352801046
Low;0.0365592688146237;-0.2275280898876404;-0.8484289790596845
High;0.5633087338253235;-0.2451923076923076;-0.1529125165986625
Low;0.0919981600367992;0.513262599469496;0.4943746459711591
Unknown;0.3237135257294854;0.1316239316239316;0.3546229911939575
High;0.0004799904001919;0.517948717948718;0.6609378696632922
Medium;0.0042799144017119;0.3795379537953795;0.778446883843996
High;0.0003599928001439;0.6652631578947369;0.8631819191652765
Unknown;0.0005599888002239;0.5563298490127758;0.9398092218665488
Low;0.249955000899982;-0.1822222222222222;-0.3865668226493707
High;0.0249995000099998;0.5057692307692307;0.8244865263296823
Unknown;0.7290254194916101;-0.0699930699930699;-0.1000699539308214
Unknown;0.0013999720005599;0.71484375;1.0636397601575651
Unknown;0.0081998360032799;0.6235294117647059;1.3094707284479916
Low;0.377992440151197;0.5928571428571429;0.3104337002043545
High;0.0151196976060478;0.47562893081761;0.6985245562780867
High;3.999920001599968e-05;-0.9925925925925926;-1.9033680024408235
Unknown;0.9583008339833204;-0.1680672268907563;0.0032053401410924
Unknown;0.3624727505449891;0.0828282828282828;0.296955115156745
High;0.0867582648347033;-0.3307543520309478;-0.611070304296881
Unknown;0.9427411451770964;0.0075757575757575;0.0382940399977979
Low;0.5146297074058519;-0.0876865671641791;0.2627119948050667
Medium;0.5440291194176117;0.0833333333333333;0.213767373160946
Low;3.999920001599968e-05;0.8047619047619048;1.7796861473365535
Unknown;0.0030399392012159;0.5496828752642706;0.6998859136866873
Unknown;0.4647107057858843;-0.1831955922865013;-0.2332138708564652
Unknown;0.0314393712125757;0.2305825242718446;0.5998021268793897
High;0.0152796944061118;0.6215538847117794;0.8245139132995916
Low;3.999920001599968e-05;-0.917910447761194;-3.18827937073413
High;0.0001199976000479;-0.9377777777777778;-3.079244458459117
Unknown;0.0006799864002719;0.7777777777777778;1.048150018829762
High;0.1063978720425591;0.33125;0.5157262792385179
Unknown;0.3012339753204935;0.2581699346405229;0.4514638781449236
Control;0.0044399112017759;-0.4678362573099415;-0.9520036793918424
High;0.0001599968000639;0.6737891737891738;1.16316892699214
High;0.0459590808183836;-0.1122661122661122;-0.6123085005015466
Unknown;0.1374372512549749;-0.5175438596491229;-0.6902456258287496
High;0.0001199976000479;0.6465696465696466;1.0848046705417962
High;0.8428231435371293;0.0110294117647058;0.099803712081691
Medium;7.999840003199936e-05;-0.8295454545454546;-1.6980126280473058
Medium;0.0083998320033599;0.4827586206896552;0.6658559517161631
Control;0.0031999360012799;0.51994301994302;0.9925742204548688
Unknown;0.7985840283194336;0.1111111111111111;0.1047842146914071
Low;0.1130777384452311;0.0185185185185185;-0.6064065717812984
Low;0.0185196296074078;0.4372093023255814;0.7713626605268019
Unknown;3.999920001599968e-05;0.903846153846154;1.4841459337546568
High;0.3407131857362853;-0.2317460317460317;-0.343452374033551
Unknown;0.0051998960020799;0.3680445151033386;0.6617769154605898
Unknown;0.0986780264394712;-0.4358974358974359;-0.698964660426228
Medium;0.0876382472350553;-0.3069767441860465;-0.5827977585282983
High;0.0089998200035999;0.5641025641025641;0.969258324470738
Low;0.1794764104717905;0.2690972222222222;0.4760009700265921
Unknown;0.116517669646607;-0.6086956521739131;-0.7719850401509537
Low;0.0769184616307673;0.2535612535612536;0.5414792882874675
High;0.0005199896002079;0.6759259259259259;0.943618352261162
Unknown;0.6983860322793544;-0.2925170068027211;-0.1234794917542775
High;0.0132397352052958;0.3804878048780488;0.6456218011179651
Unknown;0.0069198616027679;0.3668300653594771;0.7872925477179328
Unknown;0.0063998720025599;0.4751322751322751;0.7613627096334897
Medium;0.0006799864002719;0.7321428571428571;0.9788351928541976
High;0.0167996640067198;0.3958944281524926;0.6982607743428235
High;0.6450270994580108;-0.1747262773722627;-0.1162141322532305
High;0.0119997600047999;-0.3345588235294117;-1.0864888643861292
High;0.0003599928001439;0.6954732510288066;0.8752736233173318
Medium;0.0009599808003839;0.5439560439560439;0.8719889660513342
Low;0.0003199936001279;-0.644927536231884;-1.5643610254232478
Medium;0.0051598968020639;0.4308943089430894;0.6393497366805715
Control;0.2287154256914861;-0.4067796610169492;-0.4833582966641535
Medium;0.0207995840083198;0.455026455026455;0.7286450101720058
High;0.2076758464830703;-0.5108695652173914;-0.4934992639850247
Unknown;0.0396392072158556;0.338785046728972;0.6090740750032075
High;7.999840003199936e-05;0.5771889400921659;0.9676066088129542
Unknown;0.3375132497350053;-0.1923076923076923;-0.4227266023439329
Medium;0.0079198416031679;0.3733493397358943;0.6748064667175735
Unknown;3.999920001599968e-05;0.7852147852147852;1.210484271618221
High;0.495590088198236;0.2059701492537313;0.2000413016344385
High;0.0007599848003039;0.6130952380952381;0.8770229523930254
High;0.0949181016379672;-0.2367816091954023;-0.6096562470728967
Low;0.0058798824023519;0.3904320987654321;0.892803313961855
High;0.0413991720165596;-0.5507246376811594;-1.0836867706236328
High;0.4322713545729085;0.0035211267605633;0.3011338138174523
Unknown;0.0239995200095998;0.5561224489795918;0.8845341769217162
Unknown;0.1877162456750865;0.3525641025641026;0.5914225648631188
Medium;7.999840003199936e-05;0.8703703703703703;1.6312652136103265
Medium;0.0078798424031519;0.3874015748031496;0.7172242088035353
Unknown;3.999920001599968e-05;0.7522222222222222;1.1690056992188296
High;0.6431871362572749;-0.0108024691358024;0.2042537889005036
Unknown;0.0489590208195836;-0.3934624697336562;-0.5871278711800634
High;0.5820683586328274;0.3749133749133749;0.1866303375500033
Medium;0.0010399792004159;0.6795774647887324;1.227728407334305
Low;0.0007199856002879;0.7118055555555556;1.2858404716541256
Unknown;0.993540129197416;0.0323529411764705;0.0119249780189511
High;0.0628787424251515;-0.1654320987654321;-0.7220143792738668
High;0.0200395992080158;0.55859375;0.8409801549614081
Unknown;0.0669586608267834;0.4326241134751773;0.7124909303057997
Unknown;0.373152536949261;0.0683760683760683;-0.2593192158890144
High;0.2144357112857743;0.6568627450980392;0.4612353344563061
Medium;0.1292774144517109;-0.4736842105263157;-0.651928492251583
High;0.4825503489930201;-0.1604938271604938;-0.246233105438357
High;3.999920001599968e-05;0.5825082508250825;1.0449832384471571
Medium;0.0001999960000799;0.7890625;1.204758830293351
Medium;3.999920001599968e-05;0.8023255813953488;1.1166934699352142
High;0.0053598928021439;0.3905882352941176;0.7976170067078423
Low;0.0026399472010559;0.5945945945945946;0.7436518006509193
High;0.0001199976000479;0.6783216783216783;1.201542860260976
Low;0.1766764664706706;0.1156957928802589;0.4037834032892357
Unknown;0.1510769784604308;-0.3666666666666666;-0.5869068932440517
High;0.0563188736225275;0.4059259259259259;0.6663036021912646
Unknown;0.4013919721605568;-0.1629629629629629;-0.3734096982910327
Unknown;0.0075998480030399;0.5131964809384164;0.7537224322482673
Unknown;0.8146637067258655;-0.0365853658536585;0.0882786557674477
Medium;0.0226795464090718;0.4284332688588008;0.7285147370097932
High;0.0167596648067038;0.3983050847457627;0.6499703901684513
Medium;0.5054698906021879;0.0416666666666666;-0.2832761051825692
Unknown;0.0058398832023359;0.55859375;0.945826818765852
Unknown;0.0001599968000639;0.4956521739130435;1.290473197904996
Unknown;7.999840003199936e-05;0.627906976744186;1.2216341277156342
Medium;0.0007199856002879;0.517948717948718;0.7500413029909481
Medium;7.999840003199936e-05;0.8345588235294118;1.6264912504221862
Unknown;0.0510389792204155;0.5517241379310345;0.7249640777979216
Medium;0.0303193936121277;0.4769975786924939;0.8197536875925405
Unknown;0.5896282074358513;0.057471264367816;0.1886771463678871
Low;0.2631547369052619;-0.2183908045977011;-0.3874832091773915
High;0.2124757504849903;0.1794871794871795;0.3598999402603716
Medium;0.5205895882082359;0.172635445362718;0.2132141565008918
Medium;0.1874762504749905;0.213089802130898;0.470692539286814
Unknown;0.8113037739245215;-0.0153721682847896;0.0734602402982051
High;0.1128377432451351;-0.3812316715542522;-0.5351673682769034
Unknown;0.8540629187416252;-0.0398550724637681;-0.0920968558607922
High;0.0103597928041439;0.3438127090301003;0.6423777220699337
High;0.5441491170176597;-0.218954248366013;-0.2075766105744758
Medium;3.999920001599968e-05;0.7154471544715447;1.1328389946848716
High;0.2207955840883182;-0.2896321070234113;-0.3650078799360143
Unknown;0.0030075187969924;-0.9629629629629628;-2.142188041246892
High;0.0517589648207035;0.4258893280632411;0.5951187006648745
High;0.7529449411011779;-0.0307692307692307;-0.0909751177400862
Unknown;0.0079598408031839;0.4020070838252656;0.6315636601830912
Medium;0.0008799824003519;0.7230769230769231;1.3054414090606674
Low;0.1476370472590548;0.3878205128205128;0.5839752369865501
Unknown;0.0001999960000799;0.6370370370370371;0.9010860781661304
Unknown;0.5369892602147956;0.056791569086651;0.1781383406424352
High;0.0971180576388472;0.1033681765389082;0.4325859735367481
High;0.0013999720005599;0.4767857142857143;0.6263084649786921
High;0.0763584728305434;0.4519230769230769;0.6801350986528374
Low;0.2368752624947501;-0.2178030303030303;-0.4414929950631324
Unknown;0.2601547969040619;0.24609375;0.4221668125845144
Medium;0.0010399792004159;0.6;0.8061993433741238
High;0.50294994100118;-0.1954022988505747;-0.2000210143274056
High;0.6043479130417392;0.107421875;0.2194379368312532
Medium;0.0417591648167036;0.421875;0.7072368399473905
Unknown;0.6712265754684906;-0.1147540983606557;-0.2296869050677632
Medium;0.0053598928021439;0.415766306522609;0.5310895527307729
Unknown;0.6982260354792904;-0.0512820512820512;-0.1080481754190723
Low;0.2137557248855023;-0.5464285714285714;-0.4952885269631457
Low;0.8902221955560888;0.3043478260869565;-0.0169366853855414
High;0.0661586768264634;0.2485207100591716;0.4562085812213897
High;0.4095918081638367;-0.1591220850480109;-0.2934112010118648
High;0.0021599568008639;0.5521885521885522;0.7537329241451766
Medium;0.0437991240175196;0.2547263681592039;0.509558777845367
Unknown;0.0073598528029439;0.876750700280112;1.2612424505576014
High;0.2152756944861102;-0.4987468671679197;-0.5295801693900659
High;0.363952720945581;0.052734375;-0.3353808007883643
High;0.0011999760004799;0.6808510638297872;1.1929910493975455
High;0.0003599928001439;0.6093023255813953;0.7117969033402869
High;0.0058398832023359;-0.5963431786216596;-1.1791946194888807
Medium;0.0027999440011199;0.5974264705882353;0.8757677510350648
Unknown;0.1589168216635667;0.354679802955665;0.5589334208565093
Unknown;0.0550788984220315;0.3881481481481481;0.6861879947040171
Medium;0.0021199576008479;0.6195652173913043;1.023790224825759
Low;0.2139157216855663;0.3056133056133056;0.3592238822962345
Unknown;0.1423571528569428;0.2707070707070707;0.457949265691061
Unknown;0.4749905001899962;-0.3111111111111111;-0.3000944024071278
Medium;0.0003599928001439;-0.4045584045584046;-1.2422914537610945
Unknown;0.3632327353452931;-0.3784461152882205;-0.3608851211997069
Unknown;0.1721565568688626;0.1485826001955034;0.4490495218052346
Unknown;0.1465570688586228;0.365625;0.3878257711303269
Unknown;0.4651906961860763;0.2314814814814814;0.2524488643554798
Unknown;0.8615427691446171;-0.081967213114754;-0.0648532913910671
High;0.0003599928001439;0.6916666666666667;1.1149929627373811
Low;7.999840003199936e-05;0.8229166666666666;1.59037797930049
Low;0.4827103457930841;0.0052570093457943;0.195390189318318
Unknown;0.4845903081938361;-0.1205533596837944;-0.2427764934003636
Unknown;3.999920001599968e-05;0.7628524046434494;1.0504449541156062
Unknown;0.7726245475090499;-0.1394557823129251;-0.0560636920158375
Medium;0.0003599928001439;0.5934065934065934;1.087176010106376
Unknown;0.0019599608007839;0.6067193675889329;0.9340056692637096
Low;0.7329053418931621;-0.0651162790697674;-0.0833043756471844
Unknown;0.120997580048399;0.2032710280373831;0.450692401047235
Unknown;0.1915561688766224;-0.297423887587822;-0.3390913807546596
Unknown;0.9777004459910802;-0.0070921985815602;0.005089468026557
Medium;0.0087598248035039;0.5204081632653061;0.7672390756818499
High;0.0031599368012639;0.4076204169662114;0.8007055608904043
Medium;0.0246395072098558;0.4228855721393035;0.7626115585372018
Medium;0.0942781144377112;-0.3579545454545454;-0.6810614053670677
High;0.1887562248755024;0.4097222222222222;0.5740711655906351
High;0.8009839803203936;0.1690856313497823;0.0797786391494076
Control;0.2037959240815183;0.3242630385487528;0.5066651050619378
High;0.755544889102218;-0.006060606060606;-0.0667218213796438
Unknown;0.3263934721305574;0.2808641975308642;0.4168699663623945
Unknown;0.0959980800383992;-0.4818840579710144;-0.6678333747690876
Unknown;0.0027599448011039;0.8428571428571429;1.4809834265764037
High;0.0108397832043359;-0.3511904761904761;-0.746706422985419
Unknown;0.0434391312173756;0.6206896551724138;0.7837305941981584
Unknown;0.0009599808003839;0.5031185031185031;0.8327597564440976
Unknown;0.0161196776064478;0.4536585365853658;0.614165396921555
Medium;0.0230395392092158;0.4493087557603686;0.7035937015848763
High;0.0018399632007359;0.532724505327245;1.0210384172075777
Medium;0.0004799904001919;0.7285714285714285;1.3090195680307644
Unknown;0.1970760584788304;0.2732919254658385;0.5145011226298479
Medium;0.8453430931381373;-0.0787878787878787;-0.0496961765296294
Unknown;0.0007599848003039;0.5136904761904761;0.8076435313860227
High;0.7115457690846183;0.0238095238095238;0.1597003828700441
High;0.0024399512009759;0.6479076479076479;0.9434959382052605
Low;0.1055578888422231;-0.1278721278721278;-0.5562188634512141
High;0.8857022859542809;-0.0465587044534413;-0.0213087080352948
Medium;0.0064499484004127;0.6666666666666666;1.3636540205361298
High;0.2542349153016939;-0.4557823129251701;-0.487384001045181
Unknown;0.9819403611927762;0.1427083333333333;0.0347765826463912
High;0.3371532569348613;0.3870967741935484;0.3806947058077365
Unknown;0.0225195496090078;0.5578231292517006;0.9633725868036086
High;0.0001599968000639;0.7769230769230769;1.5508618365370797
High;0.6593868122637547;0.1159420289855072;0.2042406144148739
Unknown;0.9135817283654328;-0.0763546798029556;-0.0024158752780992
Unknown;0.502989940201196;0.1666666666666666;0.2414797680524057
Unknown;0.0017199656006879;0.6723646723646723;0.8355991799709803
Unknown;0.7863042739145217;-0.0436507936507936;-0.0870854973893225
Medium;0.0024399512009759;-0.5425219941348973;-0.9964837949773834
High;0.0229195416091678;0.44921875;0.7611789168301125
High;0.0929581408371832;0.360655737704918;0.623096508081458
Unknown;0.7905441891162177;-0.075;0.0615710773239974
High;0.5295094098118037;0.4166666666666667;0.2143388071779245
High;3.999920001599968e-05;0.6897689768976898;1.0048719280393557
Medium;0.1433971320573588;-0.0317073170731707;-0.497762182283579
Unknown;0.3563528729425411;0.2905982905982906;0.3259459002089596
Unknown;0.0049199016019679;0.3848631239935587;0.8874480477222446
High;0.6001879962400752;-0.1670454545454545;-0.1763088002005769
Unknown;0.0502389952200955;-0.4965986394557823;-0.8371409101012308
High;0.0003599928001439;0.627906976744186;1.0036405369250276
High;0.1880362392752144;0.5435606060606061;0.4585808235648507
High;0.0006399872002559;0.6546546546546547;0.9248945775679812
High;0.2996740065198696;-0.270932607215793;-0.3023183185707774
High;0.0072798544029119;0.4888888888888889;1.060235559687211
Unknown;0.0581588368232635;0.2669491525423729;0.5233891728758138
Unknown;0.0968780624387512;-0.5795454545454546;-0.6731436538276241
Low;0.6483070338593229;0.0151515151515151;0.1297715093799461
Unknown;0.244915101697966;0.0898021308980213;0.4100635625543813
Unknown;0.5606687866242676;-0.2622222222222222;-0.2404742506105596
Unknown;3.999920001599968e-05;0.8928571428571429;1.2343307906839571
High;0.0212395752084958;0.404356705241661;0.6166403954451426
Low;0.242155156896862;0.1896296296296296;0.3992271669503821
Low;0.0003199936001279;0.7222222222222222;0.8921381857097815
Low;0.9441011179776404;0.15;0.0280130752359003
High;0.0012799744005119;-0.710691823899371;-1.777132866629299
High;0.7255054898902022;-0.1709601873536299;-0.1255591486934478
Unknown;0.1806763864722705;-0.1253588516746411;-0.4389258432233696
Unknown;0.2045559088818223;-0.3333333333333333;-0.5481463599040796
Low;0.0551588968220635;0.3246753246753247;0.7445833310866999
Unknown;0.6101477970440591;-0.1133333333333333;-0.2081707094136705
High;0.1785564288714225;-0.3350694444444444;-0.408044062423893
High;0.0883582328353432;-0.2003205128205128;-0.5719407777939103
Unknown;0.993580128397432;-0.0459183673469387;0.0032406306935497
Medium;0.1585968280634387;0.3558558558558558;0.4917745449314474
Unknown;0.8682226355472891;0.1012987012987013;0.0395814378948643
Unknown;0.0043999120017599;-0.4858260019550342;-0.980511464303336
High;0.5345893082138358;-0.2019704433497537;-0.2004455431888303
High;0.0024799504009919;0.460857726344452;0.8302618648220249
Unknown;0.4740305193896122;-0.169921875;-0.2631939826358233
Unknown;0.0569588608227835;0.5555555555555556;0.8334149710229186
Unknown;0.6912661746765064;0.0866510538641686;0.138465118343167
High;0.7343453130937381;0.0169491525423728;0.0959391456925847
High;0.0960380792384152;0.2151515151515151;0.4427290278820466
Medium;0.0006399872002559;0.5966555183946488;0.7543759931210933
Medium;0.9023419531609368;-0.0716791979949874;0.0392174919351569
High;0.2035159296814063;-0.3086913086913087;-0.4121804195810321
High;0.0002799944001119;0.6561264822134387;1.524659581770371
Unknown;0.0166796664066718;0.5114942528735632;0.6561538857935689
Medium;0.6760264794704106;0.3928571428571428;0.159882173968494
High;0.1840363192736145;0.2704081632653061;0.5220705264481924
High;0.0056798864022719;0.4848837209302326;0.6614413684012469
Unknown;0.0297994040119197;-0.532051282051282;-1.0325997336534845
Unknown;0.0976780464390712;-0.4583333333333333;-0.7454952742636779
High;0.0087998240035199;-0.5771604938271605;-1.0368326580717726
Low;0.1118777624447511;0.3870967741935484;0.6334464657501836
Unknown;0.6963860722785544;0.0753246753246753;0.1500486865755175
Unknown;0.1988760224795504;-0.0625;0.6328024001737698
High;0.8677426451470971;0.2824074074074074;0.0701369925300751
Low;0.7702645947081058;-0.1524390243902439;-0.0543368149720481
Medium;0.0181596368072638;-0.5515873015873016;-0.980608867844982
High;0.0695986080278394;-0.1244444444444444;-0.6499476069131522
High;0.998340033199336;-0.1858974358974359;-0.0338225307730002
High;3.999920001599968e-05;0.7620689655172413;1.249440667388549
High;0.0123597528049439;0.5665024630541872;0.918965028218502
Low;0.5733885322293554;-0.0760233918128654;-0.1962922595410089
Unknown;0.0583188336233275;0.3993055555555556;0.6589083707411933
Medium;0.0025599488010239;-0.9056603773584906;-1.7289978637716683
Medium;0.1578768424631507;0.3287981859410431;0.5553686726723361
High;0.8120237595248095;-0.0576923076923076;0.1745333743786907
Unknown;0.5052698946021079;0.1864406779661017;0.2761606493976924
Medium;0.0051998960020799;-0.562200956937799;-1.01235333881705
High;0.1711965760684786;0.3228155339805825;0.4121777429067146
High;0.0011199776004479;0.4665708123652048;0.9231272435157728
Unknown;0.4487110257794844;-0.1989051094890511;-0.2002683270369181
Unknown;0.0047599048019039;-0.6286764705882353;-1.1607953441290668
Unknown;0.0489990200195996;0.5040983606557377;0.7006531967743599
Unknown;0.0814783704325913;0.3428571428571428;0.6285596122154772
Unknown;0.376152476950461;-0.2115384615384615;-0.3802000254438198
Low;0.0203195936081278;-0.4876543209876543;-1.1056111275269749
Unknown;0.1913961720765584;0.3695652173913043;0.552453746641922
Medium;0.0003199936001279;0.6045883940620783;0.8598928338783848
Unknown;3.999920001599968e-05;0.7806267806267806;1.6378471227101443
Unknown;0.0727585448291034;-0.1560028756290438;-0.5586060904424001
High;0.0008399832003359;-0.5099009900990099;-0.9098530249684847
Medium;7.999840003199936e-05;0.7869718309859155;1.0470413767056133
High;0.0933981320373592;-0.2739079102715466;-0.5029979902400353
High;0.0002399952000959;0.6992481203007519;1.2653455872381276
High;0.3303533929321413;0.1370851370851371;0.3418209242373848
High;0.0143997120057598;-0.7038961038961039;-1.373861982471427
Unknown;0.0101197976040479;0.5192743764172335;1.0757233309693253
High;0.3423531529369412;-0.0507246376811594;-0.417544811530445
High;0.3601127977440451;0.0671957671957672;0.2553721879842084
Low;3.999920001599968e-05;0.6746031746031746;1.308405189086196
Unknown;0.7463050738985221;0.2469135802469135;0.1273245611282963
Medium;0.3404331913361733;-0.0818713450292397;0.344863226676845
High;0.3427531449371012;-0.3132832080200501;-0.3894189444451136
Unknown;0.9660606787864244;0.05078125;-0.0199887294319872
High;0.0223995520089598;0.5505882352941176;0.6118900952269939
Low;0.1079978400431991;0.2584269662921348;0.5159381970990775
High;0.2005559888802223;0.0477453580901856;0.3666773282639884
Medium;0.4728705425891482;0.1462532299741602;0.1983638947219191
High;0.2315553688926221;0.3504672897196261;0.3638133720098324
Unknown;0.0451190976180476;0.4465116279069767;0.6846739356772216
Unknown;0.741585168296634;-0.0873015873015873;-0.1205033793078755
High;0.0002799944001119;-0.5298202614379085;-0.9218799329506192
Unknown;0.7700245995080098;-0.0626262626262626;-0.0963009569826818
High;0.0003199936001279;0.6520039100684262;1.0008044929901738
Medium;0.0709985800283994;-0.5467980295566502;-0.8099727245683414
High;3.999920001599968e-05;0.9921875;3.309018121659839
Unknown;0.7720645587088258;0.1053105310531053;0.1040623618415789
Low;0.0002799944001119;0.5874125874125874;0.8411808705812293
Low;3.999920001599968e-05;0.8186728395061729;1.0683670218056092
Medium;0.0011599768004639;-0.574685534591195;-1.0855969341339278
Unknown;0.0364392712145757;0.4480769230769231;0.7993422860116284
Unknown;0.0095598088038239;0.4564564564564564;0.8268532223729221
Medium;0.0001599968000639;0.7621283255086072;1.3781332216025146
High;7.999840003199936e-05;0.539440203562341;0.9986578657525574
High;0.0327993440131197;-0.4538834951456311;-0.6980526279504152
Medium;0.0006799864002719;0.6992481203007519;1.299367937772357
Unknown;0.119037619247615;-0.0147058823529411;-0.6411852872304029
High;3.999920001599968e-05;-0.6961279461279462;-1.9595572065821003
High;0.0408791824163516;0.2574884792626728;0.5621614982720766
High;0.0006399872002559;0.7176015473887815;1.1189950077935584
Unknown;0.0441991160176796;0.4395604395604395;0.7537763362683706
Unknown;0.0269994600107997;0.5110294117647058;0.9441019625570376
Unknown;7.999840003199936e-05;0.657483930211203;0.983991852231023
Unknown;0.6035079298414032;-0.109090909090909;0.1814244531297927
High;0.0313993720125597;0.5466666666666666;0.8523135616220471
Unknown;0.7242255154896902;0.1629629629629629;0.1424239891339837
Unknown;0.0324793504129917;0.3333333333333333;0.5957351029787074
Unknown;0.3471530569388612;-0.3557692307692308;-0.4947381240871641
Unknown;0.1397972040559189;0.2518115942028985;0.543379307956323
Medium;0.0013599728005439;0.5216666666666666;0.8172318425253117
High;0.0327193456130877;-0.5864197530864198;-0.9453847119858512
High;0.0305593888122237;0.349862258953168;0.6644112643567498
Unknown;0.1471970560588788;0.3412698412698413;0.5911801628380412
Unknown;0.1528369432611347;-0.2569444444444444;-0.6820186700918804
High;0.757144857102858;0.265625;0.1628212013041091
Unknown;0.0254794904101917;-0.5257936507936508;-0.8600522876871374
High;3.999920001599968e-05;0.8207070707070707;1.1080530848194283
Medium;0.0101997960040799;0.5390243902439025;0.8075636128148657
Unknown;0.4408311833763325;-0.125;-0.3219389536579184
Unknown;0.4505909881802364;-0.1542857142857142;0.3366156771664644
Medium;0.0001999960000799;0.5913978494623656;1.0700259881658456
Unknown;0.508069838603228;0.2;0.2907409258827943
High;0.2961140777184456;-0.1813380281690141;-0.4026566524041212
High;0.3923521529569408;0.0956316410861865;0.2475239045467401
Unknown;0.1507569848603027;0.2043325526932084;0.3959991097792344
Unknown;0.2254354912901742;-0.1879286694101508;-0.4282117125495238
Unknown;3.999920001599968e-05;0.6814814814814815;1.531905399741211
Unknown;0.0023599528009439;0.4828807556080283;0.90152823847813
Medium;0.4096718065638687;0.0762108262108262;0.2449999209616756
Low;0.0012799744005119;0.6567460317460317;1.2311359775623223
Unknown;0.1770764584708306;-0.2623456790123457;-0.4920907956815138
Unknown;0.7045459090818184;-0.3419354838709677;-0.1712805261747732
Medium;0.6603067938641227;-0.3822091886608015;-0.1061257164399708
Unknown;0.6119877602447951;-0.0686274509803921;-0.2732844579579896
High;0.0047999040019199;-0.6526610644257703;-1.2362255726545728
Low;0.0044799104017919;-0.3724137931034483;-0.8471646953240392
Unknown;0.0195596088078238;0.474609375;0.8584863067894195
Unknown;0.5337093258134837;0.1555555555555555;0.3023701801602563
Low;3.999920001599968e-05;-0.8981937602627258;-2.628016485521333
High;0.0099198016039679;-0.7038961038961039;-1.1161367170308043
Unknown;0.3797729618163055;0.35;0.5157860475375613
High;0.9791004179916402;-0.081081081081081;0.074367420624232
Unknown;0.8210235795284094;-0.0634328358208955;-0.0736501949754185
Unknown;0.0038799224015519;0.7532467532467533;1.3357394806212426
High;0.1115577688446231;-0.296875;-0.6326528089755304
High;0.2530349393012139;0.6071428571428571;0.4390589869295406
High;0.1290774184516309;0.4084967320261438;0.6344893794738566
Low;0.3518329633407331;-0.2128279883381924;-0.3774296626740225
High;0.0723185536289274;-0.1884753901560624;-0.5466065625785194
Low;0.8953420931581368;0.1280864197530864;0.010541413338909
Medium;0.755384892302154;-0.1126444159178433;-0.0297960219100761
Unknown;0.6427471450570988;-0.0434782608695652;0.2306889701417262
High;0.0190396192076158;0.2350877192982456;0.6655723560164717
High;0.3994320113597728;0.1911764705882352;0.3064312942271653
Unknown;0.988740225195496;-0.0146341463414634;0.0109623427202656
Unknown;0.4397512049759005;-0.2287581699346405;-0.231944000481376
High;0.1101577968440631;-0.2459546925566343;-0.4323618608532039
Unknown;0.2943141137177256;-0.2626811594202898;-0.3969388660076506
High;7.999840003199936e-05;0.7923076923076923;1.185459413544075
Medium;0.0427191456170876;0.7654320987654321;0.8417729763451346
High;0.0001599968000639;0.5971074380165289;1.078775389076393
High;7.999840003199936e-05;-0.782608695652174;-1.815802313460838
High;0.0005199896002079;0.6111111111111112;0.972982985955526
Medium;0.0328793424131517;0.5769230769230769;0.7638772335579802
High;0.75182496350073;-0.0554577464788732;0.0893206978840294
Unknown;0.5445491090178196;-0.2564102564102564;-0.3380580325942152
Low;0.0269994600107997;-0.47;-0.9342138751876464
Low;0.0250794984100318;0.3435294117647058;0.6930279484280764
Unknown;0.8067838643227135;0.0590277777777777;0.1298674603573135
High;3.999920001599968e-05;0.8409090909090909;1.2704886424181392
Medium;0.0162396752064958;0.6180555555555556;0.7737541580647892
Unknown;0.4186316273674526;-0.2955974842767295;-0.3438403455421337
High;0.3975520489590208;-0.119047619047619;-0.2389805590487711
Unknown;0.0020399592008159;0.5564795564795565;0.799784078789528
Low;0.0505589888202235;-0.3722488038277512;-0.6223108268392978
High;0.0606787864242715;0.4632352941176471;0.5582195759433318
Unknown;0.2243155136897262;0.2589285714285714;0.4545331249144747
Unknown;0.1379572408551829;-0.3194444444444444;-0.5314904896358484
Unknown;0.0634387312253755;0.3033707865168539;0.5988729796075727
High;0.1439571208575828;0.1333333333333333;0.4459757287116663
Unknown;0.5697886042279154;0.0833333333333333;0.2222386145306792
Unknown;0.0537989240215195;-0.2354285714285714;-0.564041465288253
High;0.0005199896002079;0.7896825396825397;1.1521644137141709
Medium;7.999840003199936e-05;0.8260869565217391;1.139001976418355
High;0.0002399952000959;0.7063492063492064;1.136932490984387
Unknown;0.9460610787784244;0.25;0.0497583773698062
Unknown;0.0043199136017279;0.5274725274725275;0.7361280782780153
High;0.0472390552188956;0.521021021021021;0.7387107918987256
Unknown;0.1905561888762224;0.1678321678321678;0.4052719990233581
Low;0.0186796264074718;0.5038461538461538;0.7701168532125156
Low;3.999920001599968e-05;0.7698412698412699;1.4694050799957212
Low;0.2596748065038699;-0.1661458333333333;-0.3059658625909178
Unknown;0.0005599888002239;0.5011337868480725;0.7647657067643311
Unknown;0.0291194176116477;0.6866666666666666;0.7984614410703992
Unknown;0.0035199296014079;0.5424242424242425;0.8220472817548098
Unknown;0.0450790984180316;0.4204545454545454;0.686902871071126
Medium;0.9305013899722006;0.1111111111111111;-0.0053034729031114
High;0.4467110657786844;-0.1451990632318501;-0.2426881166503209
Unknown;0.0032799344013119;0.549407114624506;0.8003316323744606
Unknown;0.0003199936001279;0.7057057057057057;1.0823839727878373
High;0.3026339473210536;0.2210144927536232;0.378740694161111
Unknown;0.118037639247215;0.3684210526315789;0.5874789847894853
Medium;0.2867542649147017;0.2902439024390243;0.3012781498672415
Unknown;0.0003599928001439;0.7789757412398922;1.2853968072564457
Low;0.0763584728305434;-0.2738095238095238;-0.6812704581999097
Low;0.0669186616267674;0.2063492063492063;0.597324322334625
Medium;3.999920001599968e-05;0.8079710144927537;1.441096400715013
Low;0.8307833843323134;0.1547388781431334;0.0713567322601122
High;0.126957460850783;0.2577777777777778;0.4845291052755208
Unknown;0.7014659706805864;0.1028971028971029;0.1278630193321983
Unknown;0.5199896002079959;-0.4318181818181818;-0.2303938877058189
Medium;0.882342353152937;0.1588516746411483;0.0441381755097532
Unknown;0.0931981360372792;-0.3384912959381044;-0.5694558749093561
High;0.4521509569808604;-0.0493827160493827;0.2779042278898843
High;0.3381532369352613;0.1865168539325842;0.2937535956467031
High;0.1097178056438871;-0.0783699059561128;-0.5451524058494928
Unknown;0.1930361392772144;-0.2555023923444976;-0.4282285832798652
Medium;0.0194396112077758;0.3636363636363636;0.7436430764535935
High;0.0004399912001759;-0.5988888888888889;-1.1887678489004705
Unknown;0.0018799624007519;0.5176767676767676;0.8982749909784921
Medium;0.0033199336013279;0.6419753086419753;1.0198009196842612
High;0.0113997720045599;0.4534534534534534;0.7573094029403759
Low;0.0035199296014079;-0.672514619883041;-1.1079087442327344
High;0.0002399952000959;0.6879084967320261;0.8635263268324284
Unknown;0.623307533849323;-0.0842175066312997;-0.1304264256670347
High;0.9481810363792724;-0.1902985074626865;-0.0187068233038447
High;0.6178676426471471;0.1454545454545454;0.1699687838279893
Medium;0.4671506569868602;0.2119047619047619;0.2053728170563054
High;0.0033199336013279;0.443001443001443;0.8493962837120375
Unknown;0.7139057218855623;-0.0563165905631659;-0.1251852114163784
High;0.4283514329713406;-0.2496392496392496;-0.2816332419224754
Low;0.0978780424391512;0.2785947712418301;0.474607272949545
Unknown;0.875862482750345;0.0758974358974359;0.0506520280977903
Medium;0.0457990840183196;-0.4276729559748428;-0.9290233940849316
Medium;0.0682386352272954;0.2136752136752136;0.5021809986509049
Unknown;0.0018399632007359;0.5887445887445888;1.042033487413392
Unknown;0.0305993880122397;0.4177732379979571;0.6830324854260919
Unknown;0.499870002599948;0.1013824884792626;0.2801851354436905
Unknown;0.3542729145417091;-0.2148148148148148;-0.4066836024546263
Unknown;0.9208615827683446;-0.0464285714285714;0.0352411501735488
High;0.2016359672806544;-0.2716666666666666;-0.4046937730324544
Unknown;0.8139837203255935;0.0340136054421768;0.1094797873658718
Unknown;0.0184396312073758;-0.4321428571428571;-0.9534202478380072
Unknown;0.375392492150157;0.2977777777777777;0.3149108638643241
Low;0.7986240275194496;-0.1602641056422569;0.0847525993436607
High;0.0507989840203195;0.4085820895522388;0.7293160781263628
Unknown;0.0003999920001599;-0.5174603174603175;-1.3108295397855163
High;0.0513589728205435;-0.54;-0.9276931525314236
High;0.0157996840063198;0.4111640571817563;0.6188588178572104
Unknown;0.126557468850623;0.47;0.7244966797069755
Unknown;0.1609567808643827;0.3078358208955223;0.5287792951190843
Low;0.2641147177056459;-0.3272450532724505;-0.4282285567806157
Unknown;0.5232695346093078;0.0087719298245614;0.2011934749207004
High;0.9055018899622008;0.1531654186521443;0.0485271649616368
Unknown;0.0051998960020799;0.5614814814814815;1.0049866927097555
Medium;0.2005159896802064;-0.3085399449035813;-0.4212267975563278
Low;0.7146257074858503;0.023088023088023;-0.1472759347912763
Unknown;0.0061598768024639;0.638961038961039;0.8293788651615288
High;0.2794344113117737;0.2355555555555555;0.5135534369924591
High;0.0025999480010399;0.3934624697336562;0.8150363118487889
Unknown;3.999920001599968e-05;0.7681159420289855;1.158126548524818
High;0.1590768184636307;-0.2890625;-0.5590342223993259
High;0.0041999160016799;-0.3703703703703703;-1.0561141565903154
Unknown;0.3466730665386692;-0.1177944862155388;-0.3830898155666173
Unknown;0.616827663446731;0.1037037037037037;0.255262785492401
Medium;0.0261994760104797;0.4110915492957746;0.5684164208118915
High;0.0005199896002079;0.6821378340365682;0.8914591404290212
Unknown;0.0029199416011679;0.5052928722653494;0.8165492379521417
High;0.6429471410571789;0.1876513317191283;0.1442328398132019
Unknown;0.8242235155296894;-0.2248677248677248;0.033239711738952
Unknown;7.999840003199936e-05;-0.8837209302325582;-2.135085162729476
Unknown;0.0001599968000639;0.6868686868686869;1.2400197204836272
Medium;0.0004799904001919;-0.6931297709923664;-1.1889366623150914
Unknown;0.7193456130877383;-0.0721153846153846;-0.1233585203797393
Medium;0.4163116737665246;0.1803751803751803;0.290087486931235
Medium;0.5079898402031959;0.0987055016181229;0.2094780327886025
Unknown;0.0001199976000479;0.6595911949685535;0.8199540409079663
Unknown;0.0293194136117277;0.4044943820224719;0.644052886853393
Medium;0.5799084018319633;-0.2350780532598714;-0.1682444468353818
Unknown;0.6442671146577068;0.1961538461538461;0.1360782974875365
High;0.0571988560228795;-0.4318181818181818;-0.6655016517223059
Low;0.4429511409771804;0.0322802197802197;0.2327443723470039
Unknown;0.0001199976000479;0.769927536231884;1.4078151585296264
High;0.0549589008219835;0.4024096385542168;0.6388391075712304
Unknown;0.2268754624907502;-0.2389705882352941;-0.4485132918107538
Medium;0.0027599448011039;0.5086625086625086;0.6829375086551658
Medium;0.0138797224055518;0.3627450980392157;1.0808764361264398
Unknown;0.3767524649507009;-0.1366366366366366;-0.3074135934776948
Unknown;0.1559568808623827;-0.15625;-0.7355115397534848
Medium;0.0234795304093918;0.26;0.6690124645996101
High;0.0007999840003199;0.4946018893387314;0.7837433255564249
Unknown;0.0018399632007359;0.4914141414141414;0.7701948519447528
Medium;0.0001999960000799;0.7857142857142857;0.7996918775169424
High;0.0831983360332793;0.3576227390180878;0.4477651472434395
Medium;0.3520729585408292;0.0222222222222222;-0.3280379144688276
Low;0.1470370592588148;-0.3917948717948717;-0.4214005450534765
Unknown;0.0614387712245755;-0.5567375886524822;-0.7501294904604866
High;7.999840003199936e-05;0.8103703703703704;1.331876484635346
Unknown;0.2061158776824463;0.2947761194029851;0.4626840078496173
Unknown;0.1534769304613907;0.3171641791044776;0.5070732632707621
Low;0.0005599888002239;0.632996632996633;1.1157413206431082
Low;0.0005999880002399;0.6897546897546898;1.2292999935847793
High;0.4895902081958361;0.1173708920187793;0.2547144357971047
Low;0.2009159816803664;0.233695652173913;0.4795184115065129
High;0.0376792464150717;0.2241469816272966;0.5342141793945144
High;0.2776744465110697;-0.0952380952380952;0.2988471410333217
Low;0.8735825283494331;0.0275689223057644;0.077178499981331
Unknown;0.8945421091578168;0.0136054421768707;0.0692947405516643
Control;0.0916781664366712;-0.5462962962962963;-0.7837420474482302
Medium;0.6703065938681226;-0.1079545454545454;-0.1445504985330575
High;0.5663086738265235;0.1711924439197166;0.1699527976836752
Medium;0.8226635467290654;-0.2492138364779874;-0.0587129070928977
Unknown;0.0949581008379832;0.3272727272727272;0.5238719373876453
Unknown;0.4013519729605408;0.1179487179487179;0.4130862753052413
High;0.0693986120277594;0.4532019704433497;0.6498272700675056
Unknown;0.0001199976000479;0.78515625;1.201376832781803
Medium;0.5539489210215796;-0.2906403940886699;-0.239745207936277
High;0.8901021979560408;-0.0181818181818181;0.0551468025990567
High;0.5607487850242995;0.1835334476843911;0.1951651887310791
Unknown;0.509669806603868;0.1626984126984127;0.2439030224806543
Unknown;0.0001999960000799;0.7913832199546486;1.240219068674114
Unknown;0.4110317793644127;-0.0030864197530864;-0.281672760462246
Low;0.0001999960000799;0.7720797720797721;0.8032041742520935
High;3.999920001599968e-05;0.6782762691853601;1.1448194557929965
Unknown;0.372152556948861;0.1723076923076923;0.2465242857026203
Medium;0.1596768064638707;0.2446115288220551;0.3612047850663444
High;0.0785584288314233;0.418103448275862;0.6746344633862272
High;7.999840003199936e-05;0.7411347517730497;3.0300436034154474
High;0.1832363352732945;-0.3045714285714285;-0.3781437924947629
Unknown;0.9677806443871124;0.065359477124183;0.0096314986834092
High;0.0127197456050878;-0.7243589743589743;-1.350582194935589
Unknown;0.0995980080398392;-0.1732323232323232;-0.4567831803304212
High;0.3454730905381892;0.2065217391304347;0.3262786351865204
High;7.999840003199936e-05;0.8411386593204775;1.4605908055931824
Low;0.0370792584148317;0.4860759493670886;0.6484496311417703
High;0.0004799904001919;0.8188405797101449;1.5777091929866711
High;0.0003999920001599;-0.4976076555023923;-1.2193007086937493
High;0.0007599848003039;0.6200956937799043;1.0031205049083003
Unknown;0.1085578288434231;0.2565157750342935;0.5295235648228256
Unknown;0.0001999960000799;0.764172335600907;1.6503226841036127
Unknown;0.1664366712665746;0.404320987654321;0.4955257114237291
Unknown;0.9466210675786484;0.2346938775510204;0.0454757932368143
Unknown;0.0132397352052958;-0.6233333333333333;-1.2648607566294352
Low;0.9643407131857364;0.1007751937984496;0.0139793217465739
Unknown;0.1299974000519989;0.234375;0.5494144537148563
Medium;0.6119077618447631;-0.3066104078762307;-0.1817895474848231
High;0.0540789184216315;0.1673789173789173;0.539063678624949
Unknown;0.0909981800363992;0.4;0.7545022327234492
Low;0.3369532609347813;-0.3737236215112321;-0.2825781955951339
Low;0.1951960960780784;0.1507936507936507;0.3432195214416152
High;0.0001199976000479;0.6708860759493671;1.0816691477095937
Unknown;0.3036739265214696;0.1703703703703703;0.4471659572038896
Unknown;0.374192516149677;0.0654261704681872;0.2516169340896032
High;0.0312793744125117;0.2888888888888888;0.8519343919909281
Low;3.999920001599968e-05;0.7322580645161291;1.0812286533475133
Unknown;0.0003199936001279;0.68;1.198272602360851
Medium;0.0375192496150077;0.4530120481927711;0.6640013827588384
Unknown;0.1023179536409271;0.4634146341463415;0.6870872424053025
Low;0.0881582368352632;-0.3211111111111111;-0.6020776097003202
Unknown;0.2827543449131017;0.1764705882352941;0.4604388206839696
High;0.0003999920001599;0.5213675213675214;0.8555779794790556
Unknown;0.0441991160176796;0.365;0.70524660951151
Low;0.0001599968000639;0.5646153846153846;0.9375018795952516
Medium;0.1945161096778064;0.1866666666666666;0.3855168701928584
High;0.0016399672006559;-0.5650048875855328;-0.9951484167317608
Low;0.3326333473330533;0.2018140589569161;0.3866763470880343
Unknown;0.0059198816023679;0.5352504638218923;0.7138301217953906
Unknown;0.377592448151037;-0.3956386292834891;-0.2634975468178537
High;0.1865562688746225;0.2463768115942029;0.5857052167259675
High;0.0001199976000479;-0.9528301886792452;-2.221800892527365
Medium;0.0002399952000959;0.7036144578313253;1.2411301027061892
Unknown;0.8055038899222016;0.0408163265306122;-0.1015394645508273
Low;0.114837703245935;0.4335839598997493;0.6358281495918228
High;0.1648767024659506;0.2613636363636363;0.4471216081687616
High;0.1838763224735505;-0.3049645390070922;-0.6945123056141301
High;3.999920001599968e-05;-0.8704545454545455;-2.247995163431572
Control;0.0001199976000479;-0.8133802816901409;-1.9898542106123456
High;3.999920001599968e-05;-0.992063492063492;-4.370395733905596
High;0.2043959120817583;-0.2804597701149425;-0.4384635445125664
High;0.1005979880402392;-0.3259259259259259;-0.6164597600795624
High;3.999920001599968e-05;0.8615384615384616;1.522158671249512
High;0.0032399352012959;-0.655421686746988;-1.0382486504654915
High;0.1869562608747825;0.2142857142857142;0.3730115024810895
High;0.0423991520169596;-0.0413943355119825;-0.8323776493910784
Unknown;0.8909821803563929;0.0038684719535783;0.053065659579277
Unknown;0.0068798624027519;0.5357833655705996;0.7469174796873242
High;0.1515169696606068;-0.2010666666666666;-0.3963947120682187
High;0.0152796944061118;0.4093851132686084;0.6836551124470908
Medium;0.0247195056098878;0.5453216374269005;0.8359938657266354
Unknown;0.0692386152276954;0.375;0.624254212193799
Unknown;0.6455070898582028;0.0898692810457516;0.1800771162488345
High;7.999840003199936e-05;-0.8473958333333333;-1.426074046992898
Low;0.5763084738305234;-0.0175438596491228;-0.2862954046933245
High;0.0015199696006079;0.6055555555555555;0.8666662604119783
Medium;0.247115057698846;0.069434989788972;0.3324356297489612
High;0.0135597288054238;-0.3965909090909091;-0.8839202473671274
Low;0.0003199936001279;0.7507507507507507;1.1976714677446902
High;3.999920001599968e-05;0.7373737373737373;1.0433906102763857
Unknown;3.999920001599968e-05;0.887535145267104;1.878688455101543
Medium;0.0082398352032959;0.2006578947368421;0.5770557647428409
Unknown;0.2362752744945101;0.25;0.4335920508846975
High;0.2126757464850703;0.1797839506172839;0.3710208606745103
High;0.0201195976080478;0.5566666666666666;0.9141173134533996
Medium;0.0098398032039359;-0.6547202797202797;-0.7798170462628197
Low;0.0002799944001119;0.5875;0.7430461056107568
Control;0.0901581968360632;-0.4818840579710144;-0.6898349313769568
Unknown;0.3891922161556769;-0.1604938271604938;-0.2903852069060717
High;3.999920001599968e-05;0.8261904761904761;1.439181253721468
Low;3.999920001599968e-05;0.589728453364817;1.4872935620228402
Unknown;0.7639447211055779;-0.0205278592375366;-0.0994889312362048
High;0.1627567448651027;0.1522248243559719;0.5363963545518093
Unknown;0.1297574048519029;0.1893203883495145;0.4180043459755326
High;3.999920001599968e-05;-0.9;-2.1890145697814014
Unknown;0.0169996600067998;0.3412408759124087;0.5263408578493171
Unknown;0.249195016099678;0.5;0.4265214895184602
Unknown;0.5993880122397552;0.095679012345679;0.1772624737563904
Medium;0.499590008199836;0.1506493506493506;0.2592866859696164
Unknown;0.0023599528009439;-0.5195195195195195;-0.9447429897800887
Unknown;0.3659926801463971;-0.2109704641350211;-0.3089496796066714
High;0.0018799624007519;0.5558712121212122;0.7798975852780526
Medium;0.0001199976000479;0.8758169934640523;1.7528546668265474
Medium;0.0130797384052318;0.4334251606978879;0.643075531128134
High;0.0189196216075678;0.4285714285714285;0.6234725051785313
High;0.0041599168016639;0.4916083916083916;0.7301939835530317
High;0.0001199976000479;-0.9576719576719576;-1.624908331195476
High;0.0183596328073438;0.3768939393939394;0.7700636866513787
High;0.0013199736005279;-0.6325757575757576;-1.4676193024495443
Unknown;0.6119477610447791;0.1255857544517338;0.1686510126995275
Unknown;0.6023479530409391;0.0125;-0.2272687444322035
High;0.0021999560008799;0.423513986013986;0.73358482735913
Unknown;0.3895122097558048;0.2266009852216748;0.3442173203063351
High;0.0103997920041599;0.6423611111111112;0.9601901241315536
High;3.999920001599968e-05;0.7517647058823529;1.3363801992933342
Low;0.0021599568008639;0.5592948717948718;0.8815923220390256
Low;0.2172756544869102;0.4700854700854701;0.7451539557200343
High;0.0014399712005759;-0.8719211822660099;-1.7808303643074448
Unknown;0.1825163496730065;0.2416666666666666;0.4436111453903427
Unknown;0.0001199976000479;0.6565656565656566;1.0631684281705949
Unknown;0.5565888682226355;0.0037878787878787;-0.2112921003167658
Unknown;3.999920001599968e-05;0.87409200968523;1.4963261529423355
Unknown;0.5884282314353713;0.3538011695906433;0.183211364472352
Medium;0.7212655746885063;0.1401515151515151;0.127220270046976
High;0.0972380552388952;0.1669135802469135;0.4421264517907591
Unknown;0.0960380792384152;0.4666666666666667;0.6811713024554561
Medium;0.616707665846683;0.1813953488372093;-0.1055030206956967
Unknown;0.0279994400111997;0.6666666666666666;0.8027255573829741
Unknown;0.6586668266634668;-0.0258397932816537;-0.1199447332577519
Unknown;0.4547509049819003;0.28;0.3645743070593062
Unknown;0.0170396592068158;0.5324675324675324;0.8205469606408766
Medium;0.0960380792384152;0.2495164410058027;0.5125760301806742
Unknown;0.3306733865322693;0.1790123456790123;0.3975985299645082
High;3.999920001599968e-05;0.892271662763466;1.4580155801541568
Unknown;0.8571028579428411;-0.0977777777777777;0.1327206180712372
Medium;0.0311593768124637;-0.6714285714285714;-0.7472102802127373
Low;3.999920001599968e-05;0.5813871196036801;0.9913663839695992
High;0.1044379112417751;0.2187812187812187;0.5003999405246413
Unknown;0.5165496690066199;-0.2222222222222222;-0.2724495939469932
Unknown;0.0001199976000479;0.7955555555555556;1.5673115327156009
High;3.999920001599968e-05;0.6450247000705717;1.157952593401465
Medium;3.999920001599968e-05;0.8490028490028491;1.0846963128399438
Control;0.2946341073178536;0.3120567375886525;0.4640301159823821
Medium;3.999920001599968e-05;0.7425115207373272;1.1091943138589928
Unknown;0.3380332393352133;-0.3759512937595129;-0.3390600690418983
Unknown;0.5403491930161397;-0.3125;-0.2793519050140102
High;0.0013599728005439;0.5014354066985646;0.8673180874197366
High;0.0449191016179676;0.2720588235294117;0.575766727018516
High;0.0183996320073598;0.4990328820116054;0.7527263908477807
High;0.6920661586768264;-0.3377622377622377;0.1453351316598816
High;3.999920001599968e-05;0.75;1.039918627222792
Low;0.7067858642827144;0.0679156908665105;0.1095396953295142
Unknown;0.0159596808063838;-0.59;-1.1433666237645717
High;0.5728685426291474;-0.259765625;-0.2045068391696042
High;0.2105157896842063;0.1660997732426304;0.3299739256478048
High;0.2249555008899822;-0.2391304347826087;-0.5521544860875497
High;3.999920001599968e-05;0.6471264367816092;0.9548580039772816
Unknown;0.0304793904121917;0.4410714285714285;0.7851641307864259
Low;0.0021999560008799;0.5733333333333334;1.0090026419543656
Unknown;3.999920001599968e-05;0.9212376933895922;1.4384445005751942
Unknown;0.0147597048059038;-0.3772482014388489;-0.6524639650129197
Unknown;0.1367972640547189;-0.3398692810457516;-0.5567386315139089
High;0.9376212475750484;0.2268041237113402;-0.0025628529751077
Medium;0.2269554608907822;-0.2545454545454545;-0.3824125505348875
High;0.1518769624607507;0.3732718894009216;0.5619134358649128
Medium;0.0002799944001119;0.6129411764705882;0.9925099945389676
Low;0.0017199656006879;-0.6240963855421687;-1.0575643156662256
Low;0.0484790304193916;0.5037037037037037;0.8526715365932317
High;0.7868642627147457;-0.0681818181818181;-0.0955080044698143
Medium;0.5831483370332593;-0.0108695652173913;-0.1727305578047431
Low;0.2888742225155497;0.1328703703703703;0.2821939127080869
High;0.636027279454411;-0.0921690921690921;0.1591788697215916
Low;0.7085458290834183;-0.0466417910447761;-0.1306978449402866
Unknown;0.0008399832003359;0.8936170212765957;1.3741363797992796
High;0.0063198736025279;0.6020408163265306;0.9324380530620818
Medium;0.0012799744005119;0.5725900116144018;0.8306755648803872
High;0.0007199856002879;-0.6902356902356902;-1.103312949265579
Unknown;0.0019199616007679;0.6636363636363637;0.8986913464806576
High;0.879782404351913;0.1223628691983122;-0.0349304285180854
Low;3.999920001599968e-05;0.8463718820861678;1.2091382051834283
Unknown;0.0151996960060798;-0.5151162790697674;-0.8414114009820287
High;0.2281154376912461;-0.3264033264033264;-0.3554831088748131
Unknown;0.1374372512549749;-0.2901234567901234;-0.6536438021420509
Medium;3.999920001599968e-05;0.8673740053050398;1.4381248344598971
Unknown;0.366592668146637;0.1116279069767441;0.3061790846623947
Low;0.1057978840423191;0.3166666666666666;0.6358451177404465
High;0.3017939641207176;0.34;0.3460438580284463
Low;0.124237515249695;0.3524305555555556;0.5587398975631767
Unknown;0.7980240395192096;-0.0612244897959183;-0.0979477392966925
Medium;0.4748305033899322;-0.228395061728395;-0.3141045522487947
Low;0.0271194576108477;0.5374149659863946;0.8273909652831605
Unknown;0.1517169656606868;0.2792022792022792;0.5153936168842267
High;0.0377192456150877;-0.7384615384615385;-0.6180405209880341
Unknown;0.3211535769284614;0.2578616352201258;0.410533748584083
Low;0.0085998280034399;-0.5436507936507936;-0.9925268971045824
Low;0.0027199456010879;0.423728813559322;0.7930997035489982
Unknown;0.1813163736725265;0.2927400468384075;0.5359224345127876
High;0.5389892202155957;0.0184331797235023;0.2751711312042741
Unknown;0.0024799504009919;-0.6432806324110671;-1.056979589596092
Unknown;0.2343153136937261;-0.00390625;0.4551910558544356
Low;0.0005199896002079;0.5343406593406593;0.88959758539061
High;0.0068398632027359;-0.4666666666666667;-0.9790735200813006
High;0.4103517929641407;-0.1329423264907135;-0.2569933616862113
Medium;0.6366672666546669;0.1003401360544217;0.1556742556112942
High;0.9345413091738164;-0.1649048625792812;0.0490895477482993
High;0.0020799584008319;-0.3679012345679012;-1.0932890670554734
Unknown;0.4614307713845723;0.1070336391437308;-0.2920359996438877
High;0.2625947481050379;0.2163050624589086;0.3254630234499623
Unknown;0.1064378712425751;0.3556338028169014;0.5507526818913044
High;3.999920001599968e-05;-0.7714285714285715;-1.8886232837026284
High;0.2133557328853423;0.227112676056338;0.4044601933334268
Unknown;3.999920001599968e-05;0.8705357142857143;1.843017064586704
High;0.5676286474270514;0.2280701754385964;0.2513845410741142
Medium;0.9714205715885682;-0.1004901960784313;0.0198561294292158
Unknown;0.5372292554148917;0.1420534458509142;0.2198319502196061
Control;0.0034799304013919;0.3424657534246575;1.117468853814448
Unknown;0.2642347153056938;-0.3585284280936455;-0.3346209696728841
Low;0.0099198016039679;0.3205128205128205;0.9372323265499396
Medium;0.0401591968160636;0.3321718931475029;0.5448631055524218
Low;3.999920001599968e-05;0.7486111111111111;1.0687767426460553
High;0.6196276074478511;0.0586080586080586;0.1424478423301639
High;0.6971860562788744;0.2194285714285714;0.0981360947673492
High;0.0192396152076958;0.2314901593252108;0.6697143325104282
Unknown;0.0105597888042239;-0.3284090909090909;-0.9436017233756424
Medium;0.241635167296654;0.4240362811791383;0.4641382490739135
High;0.0532789344213115;-0.3792592592592592;-0.7675099172587415
Medium;0.0062798744025119;-0.7741935483870968;-1.562819308736872
Low;0.2201955960880782;0.4676543209876543;0.3319087897102201
High;0.4550989345509893;-0.380281690140845;-0.5298709492840775
Low;0.0019999600007999;0.7170138888888888;0.8523798509081102
High;0.0014799704005919;0.5144557823129252;0.8465283726394178
Unknown;0.2760744785104297;-0.1105072463768116;-0.3685673505045166
High;0.0680386392272154;-0.2863095238095238;-0.517595930531363
Unknown;0.0063049853372434;-0.8448275862068966;-1.5713579647741522
Unknown;0.0266394672106557;0.3730337078651685;0.6752116974842688
Unknown;0.3131137377252455;0.0214285714285714;0.3695442848072609
High;0.0042799144017119;0.392;0.7487039534039085
Medium;0.5945481090378193;0.2439560439560439;0.1602481271205504
Unknown;0.7332653346933061;0.0709219858156028;0.1724969665469168
Low;0.0025999480010399;0.4801980198019802;0.8553872454690946
Low;0.1904761904761904;0.1524390243902439;0.4338599153696793
Unknown;0.0358392832143357;-0.0196078431372549;0.6738588815082837
High;0.0451590968180636;-0.4805194805194805;-0.7216101634989571
High;0.4259114817703646;0.0833333333333333;-0.2894787994439957
High;7.999840003199936e-05;0.8462709284627092;1.645896205130054
Medium;0.1119177616447671;-0.4240362811791383;-0.6002117791549709
Unknown;0.0002799944001119;0.6894586894586895;1.05699727457161
High;0.2805943881122377;0.0963855421686747;0.3577678082348196
Unknown;0.0054398912021759;0.4883333333333333;0.6971109933310184
High;0.5357492850142997;-0.1977272727272727;0.2263417094047101
High;0.7600247995040099;-0.1760154738878143;0.1274526031354885
High;0.2733945321093578;0.2430555555555555;0.4003834869523192
Low;0.9405411891762164;-0.0717647058823529;0.0412864186781211
Unknown;3.999920001599968e-05;0.8142292490118577;1.4402150603047388
Unknown;0.0281994360112797;0.5652173913043478;0.8483431617672405
Unknown;0.1323973520529589;0.3324675324675324;0.6173475633378926
High;0.3991920161596768;0.1172839506172839;0.3064658700451052
High;0.0017999640007199;-0.6666666666666666;-1.271887523966838
High;0.3756724865502689;0.2439362439362439;0.2592600233221317
High;0.0133597328053438;0.4885844748858447;0.7843744169662736
Medium;0.0013999720005599;-0.5133333333333333;-1.31452570733562
Unknown;0.9817003659926802;0.0605326876513317;0.0050879610988064
Medium;0.4404311913761725;0.0891812865497076;0.2586941245284825
Unknown;0.1943561128777424;0.2161616161616161;0.4139207280164969
Unknown;0.0093198136037279;0.3804945054945055;0.7243862671780807
High;3.999920001599968e-05;0.7820224719101123;1.2215535486826945
High;0.0049999000019999;0.4449838187702265;0.7630115770776587
Medium;0.3018339633207336;0.1463414634146341;-0.4680439265176727
Medium;0.0025999480010399;0.4973333333333333;0.7551901873709848
High;0.0014799704005919;0.6157303370786517;0.7535152067127653
High;0.1649167016659666;0.2745098039215686;0.6080540317822389
Unknown;0.8978220435591289;0.0253623188405797;0.0614341455154689
Low;0.0004399912001759;0.5435540069686411;0.9649264579624256
Medium;0.4095518089638207;0.1607655502392344;0.269077330684404
Unknown;0.8515829683406332;0.0274621212121212;0.050086544698423
Unknown;0.5715885682286355;-0.1377777777777777;-0.2274589019352467
Unknown;0.0768784624307513;-0.4423076923076923;-0.8852899573996066
High;0.3261534769304614;0.2595238095238095;0.3319398962027462
Low;0.0759984800303994;0.296474358974359;0.5012882915695231
Medium;0.1080378392432151;-0.242063492063492;-0.4915074208988925
High;0.884382312353753;0.0753676470588235;0.0632111931272572
Unknown;0.0117197656046879;0.4941176470588235;0.768478568305218
Medium;0.4261914761704766;0.0105882352941176;0.2641015611341367
Unknown;0.0035199296014079;0.6307692307692307;1.1639317668473317
Low;3.999920001599968e-05;0.8892857142857142;1.1649165744093408
Unknown;7.999840003199936e-05;0.7454545454545455;1.442955994084283
Unknown;0.6395472090558189;0.0014245014245014;0.1333883021496293
Low;0.8264634707305853;-0.1144578313253012;-0.06436146303114
Unknown;0.2298754024919501;0.2967032967032967;0.4888181342254662
High;0.0015599688006239;0.580952380952381;1.0058608973826555
Unknown;0.3529529409411812;0.3152173913043478;0.4071843034732461
Unknown;0.0591188176236475;0.3297619047619047;0.5788285584850265
Low;0.0447591048179036;-0.4511627906976744;-0.6992486981466988
Unknown;0.2140757184856302;-0.2898550724637681;-0.4769242112642289
Low;0.0085198296034079;-0.4595959595959596;-0.8130284846332789
Unknown;0.2985940281194376;-0.2447183098591549;-0.3925536373140314
Unknown;0.9341813163736724;0.1912832929782082;0.0493470990168717
High;0.0736385272294554;0.4042553191489361;0.7835569364057029
Unknown;0.1035179296414071;-0.3674242424242424;-0.6600032545569382
Unknown;0.6376672466550669;-0.0878378378378378;-0.1685155795366921
Unknown;0.8003039939201216;0.0575190575190575;0.0740256335983269
Unknown;0.6047079058418832;0.1836734693877551;0.2351452253536336
Unknown;3.999920001599968e-05;0.8817733990147784;1.7311849743727328
Medium;0.0952780944381112;0.4197292069632495;0.5603577814274054
Unknown;0.0001199976000479;0.7365853658536585;1.357064292882058
Unknown;7.999840003199936e-05;0.6603896103896104;1.154585889672912
Unknown;0.0826383472330553;-0.2731829573934837;-0.7574191452229292
Medium;7.999840003199936e-05;0.6678321678321678;1.2037507024511376
Unknown;0.8122637547249055;-0.0355555555555555;0.1035491759439936
Low;0.0354392912141757;0.3918604651162791;0.5837545615372252
Unknown;0.748465030699386;-0.0116822429906542;-0.0863843741134019
Medium;0.0017599648007039;0.5642857142857143;0.9748256460934848
High;0.3223135537289254;-0.1666666666666666;-0.3523615592579693
High;0.0567988640227195;0.1539812646370023;0.4997457456118477
High;0.2373152536949261;0.1786941580756013;0.3624085341608636
Unknown;0.1117177656446871;0.4285714285714285;0.6182375013151835
High;0.2302353952920941;-0.2458333333333333;-0.4130209415415626
Low;0.0683586328273434;-0.3917445482866044;-0.5819969687246939
High;0.6951460970780584;0.0269607843137254;0.1219054598169867
High;0.754864902701946;0.0510204081632653;0.1474457519247219
Unknown;0.9436211275774484;-0.0231958762886597;-0.0015783547912582
High;0.0457590848183036;0.3683223992502343;0.5672579375908625
Unknown;0.0008399832003359;0.6772388059701493;1.254606978444898
High;0.0041199176016479;0.6177777777777778;1.0747410974450708
High;7.999840003199936e-05;-0.5684315684315684;-2.233844456514396
High;0.0001199976000479;0.7489711934156379;1.308039844239138
Unknown;0.752064958700826;-0.0251572327044025;-0.1253416574872823
Unknown;0.0606787864242715;0.6286764705882353;0.6462681255230128
High;0.9195416091678168;-0.0019841269841269;-0.0030837305548741
Unknown;0.0009199816003679;0.5891566265060241;0.9532307487587324
High;0.8072238555228896;-0.238095238095238;0.0422683592912959
High;3.999920001599968e-05;0.9270833333333334;1.4466175807751225
Unknown;0.4148317033659326;-0.3974025974025974;-0.3193046450491476
High;0.0024399512009759;0.7007575757575758;1.2937535687309965
High;0.8157036859262815;0.0713101160862354;-0.0658048183181727
High;3.999920001599968e-05;0.7204819277108434;1.0386838421784297
Unknown;0.1658766824663506;0.0410714285714285;0.4939399785501909
High;0.1789473684210526;0.5185185185185185;0.6721627991091385
Medium;0.0064798704025919;-0.7927400468384075;-0.9660905210310476
High;0.8895822083558329;0.5803571428571429;0.0119789849523381
Low;0.0893182136357272;-0.5;-0.8946456135987446
Low;0.0001999960000799;0.8446969696969697;1.3386790475586337
High;0.115237695246095;0.2772585669781931;0.4689377863488244
Unknown;0.8279434411311773;0.0186199342825848;0.0677495878574944
High;0.0131597368052638;0.3955056179775281;0.6018945241970552
Medium;0.8028639427211456;-0.0911730545876887;0.085262291121248
High;0.4845503089938201;0.2157320872274143;0.2152234948057243
Unknown;0.1333973320533589;0.425531914893617;0.7072507221654252
Unknown;0.119517609647807;-0.3983739837398374;-0.7059625819972335
Unknown;0.3649927001459971;-0.1876923076923076;-0.2689890612534701
Low;0.0753184936301274;-0.6073500967117988;-0.6117085961633336
Medium;3.999920001599968e-05;0.7087912087912088;1.1405239304896224
High;0.0019199616007679;0.5428571428571428;0.7656122356726117
High;0.0925181496370072;0.4936461388074291;0.5921404087678837
High;0.5098298034039319;0.3134920634920635;0.2647165851600696
High;0.0420391592168156;0.3891472868217054;0.5499488634187478
Unknown;0.2773944521109577;0.2772002772002772;0.318307259532393
Unknown;0.9277014459710806;0.0180817610062893;0.0256668467202809
Low;0.114957700845983;-0.3466042154566744;-0.5654510022827473
High;0.1355572888542229;0.2880258899676375;0.4412213230242219
Unknown;0.9820603587928242;-0.0595238095238095;-0.0019344070171466
Unknown;0.1422371552568948;-0.2508417508417508;-0.4691949409738398
Low;0.0503589928201436;0.212322695035461;0.468209895935825
Unknown;0.2698746025079498;0.1797235023041474;0.443359976604217
Low;0.0341593168136637;0.2726449275362319;0.5629003611332387
Medium;0.4389512209755805;-0.1011764705882353;0.2677248658404043
High;0.0150396992060158;0.4008097165991903;0.5823217237786914
High;0.0119597608047839;-0.5703703703703704;-0.9748596262016802
High;0.4182316353672926;0.2142857142857142;0.3253663064688283
Medium;0.4327513449731005;-0.3576923076923077;-0.2863921235004559
High;0.0051598968020639;0.5798357664233577;0.6764379351019177
Unknown;3.999920001599968e-05;0.6349824698091157;1.1158576281247716
Low;0.0116797664046719;0.3333333333333333;0.9866956269506192
Low;0.3239935201295974;-0.0241025641025641;-0.2699561573507484
High;0.0011599768004639;0.669710806697108;1.1852507783728876
Unknown;0.7043059138817224;-0.1599727705922396;-0.1042949763730258
Low;0.0605187896242075;-0.3333333333333333;-0.8641844793123008
Medium;0.2870742585148297;0.2095238095238095;0.4272364277834954
Unknown;3.999920001599968e-05;-0.7158730158730159;-1.178668713626987
High;0.0149197016059678;0.4982142857142857;0.7260378701337629
Medium;0.2267554648907022;0.1655328798185941;0.3344703151042327
High;0.0075598488030239;-0.3608465608465608;-0.7704884585307177
Low;0.0956780864382712;-0.3602150537634409;-0.5349667372321659
Unknown;3.999920001599968e-05;0.8161865569272977;1.5094317241713933
Unknown;0.0708385832283354;0.3304093567251462;0.5759382311049229
High;0.1492370152596948;-0.1496598639455782;-0.6990111504967058
Unknown;0.3625527489450211;0.3570759137769447;0.2837057903534675
Unknown;0.0482390352192956;0.4953703703703703;0.6704614323797197
Medium;0.0003199936001279;0.7047184170471842;1.124765997253292
Unknown;0.7025459490810184;0.3456221198156682;0.1685343825552103
Unknown;0.2667546649067018;0.2115036231884058;0.2940025830934196
Unknown;0.0002799944001119;0.7897727272727273;1.192771787711725
Low;0.0013199736005279;0.571501272264631;0.8977810419734092
Unknown;0.0001999960000799;0.4782152230971128;1.019550748689673
Unknown;0.0761184776304473;0.5;0.7807155997074858
Medium;0.2257154856902861;0.3556818181818181;0.3990956848847858
High;0.0025599488010239;0.5400326797385621;0.8383114338020842
Unknown;0.2653546929061419;0.3510895883777239;0.4393486364561104
Unknown;0.0977580448391032;-0.3547815820543093;-0.487707869190163
Unknown;0.4248715025699486;-0.2505854800936768;-0.3206089469876068
Unknown;0.884502309953801;0.3205128205128205;0.0380886832473951
Medium;0.3213935721285574;0.3546099290780142;0.4315506411155348
High;0.3813523729525409;-0.4871794871794871;-0.3736812131889624
High;0.0036399272014559;0.551051051051051;0.8005865314479065
High;0.8389832203355932;0.04;0.1213655652286084
Low;0.2030759384812303;0.1528046421663443;0.4043487738682704
High;0.0037599248015039;0.6414814814814814;0.7605371005946409
Unknown;0.501269974600508;-0.1798029556650246;-0.2614827031780403
Unknown;0.0006399872002559;0.7235915492957746;0.8283985525776463
High;0.1031179376412471;0.3483709273182957;0.5597449983856017
Unknown;0.3584728305433891;0.132495164410058;0.2988165668765102
Low;0.3331533369332613;0.152755905511811;0.2632569349301785
High;7.999840003199936e-05;0.8354978354978355;1.095883882338999
High;0.0001599968000639;-0.7505197505197505;-1.3128525787827006
High;0.0001599968000639;0.5857664233576643;0.8458799988203564
Medium;0.0031999360012799;0.5083333333333333;0.919796455385112
Medium;0.8972620547589049;0.0334672021419009;-0.0476418183232481
High;0.0010799784004319;0.582716049382716;0.8227113356783222
Unknown;0.0786384272314553;0.2925685425685426;0.4208743028173696
Medium;0.0021999560008799;0.4225;0.7420768604331588
Low;0.0001999960000799;0.7422222222222222;1.1574857512414154
Unknown;0.0149597008059838;0.3392255892255892;0.751978483336381
Unknown;0.1098778024439511;-0.3904761904761905;-0.6399306336068286
Unknown;0.1754364912701746;0.3203125;0.5102905380583014
High;0.9247415051698966;-0.0620915032679738;-0.0185597223262734
High;0.0841583168336633;-0.4964705882352941;-0.6194627570071045
Medium;0.0026399472010559;0.6477987421383647;1.1146854999031277
High;0.6573068538629228;0.3592085235920852;0.1745323930667717
Unknown;0.0953180936381272;0.3770992366412213;0.4452695841777431
High;0.6587868242635148;0.1466666666666666;0.2218545044678053
Unknown;0.3046339073218536;0.2687651331719128;0.4144416618166631
High;0.0035199296014079;0.6029055690072639;0.9696470227111936
High;0.754464910701786;-0.0325892857142857;0.0991161006221655
Unknown;0.0001199976000479;0.8380281690140845;1.267534308929145
High;0.0127197456050878;0.3939393939393939;0.755063806425584
Low;0.0865182696346073;0.2821782178217821;0.4480515259516779
Unknown;0.0010799784004319;0.6403508771929824;0.8066436676249876
Medium;0.0002399952000959;0.7214285714285714;1.0774776679266491
Unknown;0.0141997160056798;0.5555555555555556;0.8108941718491635
Medium;0.0013199736005279;-0.6202321724709784;-1.154777305512196
High;0.1110377792444151;-0.2795698924731182;-0.5338957081390566
Unknown;0.0521589568208635;0.4496487119437939;0.629118088161254
Unknown;0.6877470355731226;-0.2857142857142857;-0.2441783482721443
Medium;0.0665186696266074;0.4592592592592592;0.7895064021569861
Low;3.999920001599968e-05;0.6347708894878706;1.0478209819319264
Unknown;0.0320393592128157;-0.4395424836601307;-0.6997660263958264
Medium;0.243315133697326;0.0902777777777777;0.3905864056048418
Low;0.5561888762224756;-0.24;-0.1458089068146662
Unknown;0.0163196736065278;-0.564625850340136;-1.1189976376955098
High;0.0052398952020959;0.6081871345029239;0.897322523764137
Unknown;0.2095958080838383;0.3666666666666666;0.5448630871808552
Medium;0.2384752304953901;0.2966417910447761;0.4310771674128272
High;0.0148397032059358;0.2942857142857142;0.6150215279987694
Unknown;0.0094398112037759;0.8214285714285714;1.1808635745853513
Low;0.0903181936361272;0.3714565004887585;0.5497275227777797
High;0.0847183056338873;0.4164705882352941;0.532575172608398
High;0.0156396872062558;0.41006600660066;0.5555389364419541
Unknown;0.0395592088158236;0.8012820512820513;1.1162501199910453
Unknown;0.0004399912001759;0.667910447761194;1.2511817345602343
High;0.6941061178776424;-0.0714285714285714;-0.1018301009288559
Unknown;0.4619107617847643;-0.0636363636363636;-0.3414781336953879
Unknown;0.0721985560288794;0.5660377358490566;0.80967252003318
High;0.1026779464410711;-0.2874493927125506;-0.4906229859934903
Medium;7.999840003199936e-05;0.819047619047619;1.264277668047451
Unknown;0.1713565728685426;-0.1773049645390071;-0.5889812142031573
Medium;0.244155116897662;0.4875283446712018;0.4605762346521095
High;0.0022399552008959;0.5648148148148148;0.8887455529149431
High;0.0092398152036959;0.4497574497574497;0.748876772285775
Medium;0.9284214315713686;-0.0587044534412955;-0.0218834106114667
High;0.5213895722085559;0.1176470588235294;0.1766404677608651
Unknown;0.0025999480010399;0.6171875;1.1134937847084754
High;0.0027999440011199;-0.3778080326752893;-1.042449768486297
Unknown;0.6624267514649707;-0.1619047619047619;-0.1468509274801429
High;0.0064398712025759;-0.8493506493506493;-1.3328215503577052
Unknown;0.0019199616007679;0.6354166666666666;0.8627246757794436
Unknown;0.0012799744005119;0.5482374768089053;0.7127231255371306
Unknown;0.0001999960000799;0.698005698005698;1.3905350363449227
Medium;0.0009199816003679;0.676923076923077;1.0092756996293843
Unknown;0.0100397992040159;0.6282051282051282;0.9857313937721908
Medium;0.0702385952280954;-0.5523715415019763;-0.5679530999537048
High;0.0783584328313433;0.3142857142857143;0.5577185719647582
Medium;0.1373572528549429;-0.2637037037037037;-0.5520892103067319
High;0.8630227395452091;-0.0077700077700077;-0.0547557680830697
High;0.0011599768004639;0.5542857142857143;0.7750580158872127
High;0.98510029799404;-0.4889705882352941;-0.0657538215396521
Low;0.0547189056218875;0.3409090909090909;0.6626497426783077
Unknown;7.999840003199936e-05;0.5857142857142857;1.034642853650534
Low;0.3834723305533889;0.3173913043478261;-0.3955726290324626
Unknown;0.0009599808003839;0.6637426900584795;1.1935288365764318
Low;0.0247595048099038;-0.5;-0.7809331009334827
Low;0.1643967120657586;0.3220338983050847;0.5638164829489954
Medium;0.0092398152036959;0.3583333333333333;0.6698779729003094
High;0.0131197376052478;0.5476190476190477;0.890224062327764
Unknown;0.8319833603327933;-0.0518084066471163;-0.0576429873864523
Low;0.0419991600167996;0.696969696969697;0.8076773930565441
Unknown;0.2720745585088298;0.0794334975369458;0.3087300687333635
Low;0.6537469250614988;0.2551020408163265;0.187305094364805
High;0.2054758904821903;-0.173170731707317;-0.4341482264782206
Unknown;0.0684786304273914;-0.4022038567493113;-0.6061051351768002
High;0.5426065162907269;-0.2181818181818181;0.0592041518611644
Medium;0.0001999960000799;0.8103896103896104;0.6694454602690754
Unknown;0.0037599248015039;0.629976580796253;1.2859773592633128
High;0.0007999840003199;0.6596153846153846;1.3217713040299142
Medium;0.2526349473010539;-0.2481343283582089;-0.4276898813722007
High;3.999920001599968e-05;-0.9408866995073892;-2.3229495506598674
High;0.0497990040199196;-0.4780701754385965;-0.7555941328793082
Medium;0.0255994880102397;0.3450834879406308;0.6297242740631513
Unknown;0.8751248751248751;0.2;0.101675120380382
Unknown;0.3197936041279174;0.34;0.3305178648069382
Medium;0.0930781384372312;0.4188861985472155;0.7102659017351782
Unknown;0.0021599568008639;0.6136363636363636;1.2526892273764805
High;0.6512669746605068;-0.2665441176470588;-0.1548330119261794
High;0.0002799944001119;0.6190476190476191;1.1050348249252289
Unknown;0.0014778325123152;0.9506172839506172;2.1869839803152744
Medium;3.999920001599968e-05;-0.8508371385083714;-2.3657868077999047
Low;0.1959960800783984;-0.3442622950819672;-0.5278288135341535
Low;0.1303973920521589;0.1857142857142857;0.5475966661807686
Unknown;0.5079098418031639;0.1970443349753694;0.2630522575251843
Unknown;0.0031199376012479;0.5620915032679739;0.9255091782186896
High;0.2888342233155337;0.2333333333333333;0.4519567906060074
Medium;0.0221195576088478;0.4287625418060201;0.6689067841101402
High;0.0563988720225595;0.2433425160697888;0.5219302331284608
High;0.367992640147197;0.1397058823529411;0.3468392655876477
High;0.0071998560028799;0.7414965986394558;0.6842047161743223
Medium;0.0177596448071038;-0.6739130434782609;-1.069508053135294
Low;0.0001199976000479;-0.7380952380952381;-1.2828885507103878
Low;3.999920001599968e-05;0.7479166666666667;1.3338637924569434
Unknown;0.1993960120797584;0.3003472222222222;0.4754425216593732
Unknown;0.4901501969960601;0.0158730158730158;-0.3035614891639236
Medium;0.1784764304713905;0.3666666666666666;0.4749981585281057
High;0.0242795144097118;0.3235653235653236;0.5880048848982744
High;0.1424771504569908;0.2328125;0.3925551504997504
High;0.5913881722365553;-0.0146370023419203;0.1603203182062579
Unknown;0.4225115497690046;-0.1646825396825396;-0.2981410631819872
Unknown;0.0088798224035519;0.7101449275362319;1.3160629308387997
High;0.248195036099278;0.2115384615384615;0.4339521883866739
Medium;0.9064218715625688;0.0422535211267605;-0.0461488692992901
Medium;7.999840003199936e-05;0.8698979591836735;1.3455472456474464
High;3.999920001599968e-05;0.677037037037037;0.8166908184133577
High;0.2208755824883502;-0.2513888888888889;-0.4736181859029409
Medium;0.0055598888022239;-0.6302816901408451;-1.2332718950074653
Unknown;0.0849183016339673;-0.3295454545454545;-0.6815717648946121
Unknown;0.5447091058178837;-0.1509433962264151;-0.2553416464534978
High;0.3655926881462371;0.0971896955503512;0.2545029237830694
Unknown;0.363832723345533;-0.1858974358974359;-0.3894763807196007
High;0.0257594848103037;0.4875283446712018;0.9204778999120158
High;0.0631987360252794;0.4952380952380952;0.7028803750879801
Unknown;0.6886262274754504;-0.1701388888888889;-0.1356050656626694
High;0.0016799664006719;-0.5189393939393939;-0.9924776928711052
Unknown;3.999920001599968e-05;0.7870879120879121;1.4732755979544991
High;0.3122337553248935;-0.2178030303030303;-0.3736358663857391
Medium;0.3427931441371172;0.19921875;0.3679554146059196
High;0.0037999240015199;0.5030864197530864;0.8190921945633968
Medium;0.0509989800203995;-0.515015015015015;-0.7259270019253145
Low;0.0147597048059038;-0.4564564564564564;-0.756312070867847
High;0.0250794984100318;-0.3677462887989203;-0.6831249889622074
High;0.0001599968000639;0.7281746031746031;0.9209318743656736
High;0.3058738825223495;0.2980295566502463;0.4017490960964741
Medium;0.7142657146857063;-0.0333723653395784;-0.0974875823539349
High;7.999840003199936e-05;-0.815668202764977;-1.8897972014693067
High;0.118397632047359;0.3086419753086419;0.4872627281747708
Unknown;0.1055578888422231;-0.4488888888888889;-0.8570429418606785
High;0.3417531649367012;-0.3876811594202898;-0.4147742058116958
High;0.5972680546389072;-0.4377880184331797;-0.1844702539525015
High;0.0523589528209435;0.5076530612244898;0.7206178038925249
Unknown;0.4891502169956601;-0.122077922077922;-0.274388995219399
High;0.0011599768004639;0.5961722488038278;0.94897976905591
Low;0.9149417011659768;-0.0615384615384615;-0.0180496583286741
Medium;0.0471990560188796;-0.4586206896551724;-0.7251678383789708
High;0.0001199976000479;0.7666666666666667;1.4093591936316614
High;0.0001599968000639;0.5573770491803278;0.7368053538835985
Medium;0.0129197416051678;0.5866666666666667;0.7484338743500192
Unknown;0.4809503809923801;0.2252252252252252;0.2509784344448044
High;0.8944221115577689;-0.2300824175824175;-0.0113583781544386
High;0.4425911481770365;0.2511627906976744;0.2708323233922163
High;3.999920001599968e-05;0.9513888888888888;1.6650262303635468
Low;0.0623987520249595;0.3609022556390977;0.5834636179912318
Low;0.0543989120217595;0.3940886699507389;0.7421477667122
High;0.5678686426271474;-0.0809523809523809;-0.2174034464783418
Unknown;0.0484790304193916;0.5066666666666667;1.0110724196214358
Low;0.8089438211235775;0.03;0.075902627201092
Unknown;0.0002399952000959;-0.7516339869281046;-1.5584644532410887
High;0.1086378272434551;-0.2833662064431295;-0.469825754101614
High;3.999920001599968e-05;1.0;0.8427799000081967
Unknown;0.0365192696146077;0.4791666666666667;0.8804373473719749
High;0.0283994320113597;0.3448844884488449;0.4530220136045928
Unknown;0.5044699106017879;0.119047619047619;0.2607754077186336
High;7.999840003199936e-05;0.7695121951219512;1.074166606621217
High;0.0007199856002879;0.6334622823984526;0.7529164539492279
High;0.0069598608027839;0.4641975308641975;0.6310011875135197
High;0.4693906121877562;0.0771653543307086;0.1999420351834011
Medium;0.0018399632007359;0.6469760900140648;0.8171325738555206
Low;0.2159956800863982;0.1360294117647058;0.3252195531767255
Low;0.0004799904001919;0.648314606741573;0.9928908783054003
Medium;0.0037999240015199;-0.7142857142857143;-1.0807389910750609
Unknown;0.8195836083278334;-0.0223958333333333;-0.0539135264081004
High;0.3283134337313254;-0.2186234817813765;-0.2866484806885038
High;0.3948321033579328;-0.3765432098765432;-0.211365498652216
Low;0.874422511549769;0.2277722277722277;-0.0684949709373173
High;0.6533869322613548;-0.1961722488038277;0.1258340093669924
Unknown;0.5948281034379312;-0.1277777777777777;-0.1527175539138937
Unknown;0.6522669546609068;0.0308123249299719;0.1630244116437139
High;0.0371592568148637;0.4104308390022675;0.6867948561936453
Low;3.999920001599968e-05;0.7885802469135802;1.22947303187112
High;0.9851402971940562;0.0070323488045007;-0.0031682254215347
High;3.999920001599968e-05;0.6044487427466151;1.2236682650217836
High;0.0189996200075998;-0.2300242130750605;-1.1245511762110174
Unknown;0.0470390592188156;0.4199604743083004;0.6014756019185366
High;3.999920001599968e-05;-0.5968778696051423;-1.9069322281857888
High;0.0711185776284474;0.3141176470588235;0.5841125088503295
Low;0.1971160576788464;0.2548494983277592;0.3836812337050618
Unknown;0.8477830443391132;0.1125;0.0560586355217457
High;0.5287894242115158;0.2511415525114155;0.2408398917869953
Unknown;0.9385812283754325;0.3251231527093596;0.0607976771804768
Medium;0.375512489750205;0.4851674641148325;0.2795121303946363
Medium;0.0012399752004959;0.582716049382716;0.973853780510783
High;0.0003999920001599;0.5378151260504201;0.7020658747379066
Unknown;0.0100397992040159;-0.4276729559748428;-1.2960647643175631
Unknown;0.1684366312673746;-0.1909090909090909;-0.4489609998077905
Medium;0.3019539609207816;0.282099343955014;0.3243003085859623
Medium;0.0673986520269594;0.5147392290249433;0.68700738328801
Unknown;0.3971520569588608;-0.2173076923076923;-0.3230437330464544
Unknown;0.2153956920861582;-0.3986928104575163;-0.552999857617113
High;0.0512389752204955;0.3194733194733195;0.5749435855910567
Unknown;0.4459510809783804;0.158041958041958;0.246774602687718
Low;0.0011999760004799;-0.8936170212765957;-2.063169780449312
Unknown;0.8555028899422011;0.1133333333333333;0.0777337865973245
Medium;0.7272654546909062;-0.4503676470588235;-0.1074677364505432
Unknown;0.4181516369672606;0.1803571428571428;0.2957225079483941
Unknown;0.0554788904221915;0.4144578313253012;0.6876235277022342
Medium;0.1325173496530069;0.1887464387464387;0.4226115931865241
High;0.0117597648047039;0.5904761904761905;0.7316114349573992
High;0.0088798224035519;-0.6099706744868035;-0.9406176465098008
High;0.0027599448011039;0.7635467980295566;0.7904030354623822
Low;0.0702785944281114;0.2713085234093637;0.497678203739741
Unknown;0.5173896522069559;-0.0138248847926267;0.2548018077740001
Medium;0.0037599248015039;0.5079545454545454;0.8371981659724915
Low;0.0373192536149277;0.3712121212121212;0.8391291670640944
Low;0.0202395952080958;0.4476190476190476;0.6796359068088552
Unknown;0.0633587328253434;-0.2038567493112947;-0.5252790337159751
Medium;0.0220795584088318;0.5277777777777778;0.7590906331836547
Medium;0.9598608027839444;-0.1129476584022038;0.0492892291721373
Unknown;0.1977960440791184;0.369047619047619;0.5593346611291355
Low;3.999920001599968e-05;0.6881720430107527;1.1276970547309937
Medium;0.0147597048059038;0.397318278052223;0.563630105824705
High;0.1061978760424791;0.2392290249433106;0.4538348986947599
Medium;0.8396232075358493;0.0212765957446808;-0.0750487407888261
High;0.5819883602327953;-0.2008547008547008;-0.1505731974842003
Unknown;3.999920001599968e-05;0.6276041666666666;1.103984598005486
Medium;0.6611067778644427;0.0020066889632107;0.1397432092904336
Unknown;0.1657166856662866;-0.4411764705882353;-0.7599840321872068
Medium;0.2096358072838543;-0.3098330241187384;-0.4159122363932649
High;0.0005199896002079;-0.5856643356643356;-1.0575925037715417
Unknown;0.0127997440051198;0.5916666666666667;0.9044870155805564
High;0.9285014299714006;-0.4192745376955903;-0.002551453395245
High;0.5376692466150677;0.2348804500703235;0.2425483632729762
High;0.0197596048079038;0.3083916083916084;0.5660854816213688
Low;0.0182396352072958;0.4704861111111111;0.7353254444363687
Medium;0.4000319993600128;0.0216627634660421;0.2425303734189503
High;0.0021599568008639;0.5795454545454546;0.909807386043928
Medium;0.118557628847423;0.4770114942528735;0.6926093554761027
Unknown;0.0095998080038399;0.4888888888888889;0.7975925236065778
High;0.0309993800123997;-0.6096096096096096;-0.9066720621548544
Low;0.7596648067038659;-0.2532051282051282;-0.053960282979511
High;0.0001199976000479;-0.72265625;-1.937039549437056
High;3.999920001599968e-05;-0.9166666666666666;-2.41663409815041
Low;0.0069998600027999;-0.4689349112426035;-0.8285148109609624
High;0.1129977400451991;-0.2234285714285714;-0.4704030279426923
Medium;0.1003979920401592;0.741248097412481;0.6800099439559187
Unknown;0.0947981040379192;0.2380210362290611;0.4339601170646561
Unknown;0.0258394832103357;0.51171875;0.8022533120849237
Unknown;0.0003599928001439;0.6481481481481481;0.9883352653387136
High;0.8200635987280255;-0.1838842975206611;-0.0637720603880635
High;0.0001599968000639;0.6803827751196172;0.5779719159712988
Unknown;0.3951120977580448;0.1615853658536585;0.3269432954925186
High;0.0003599928001439;0.528169014084507;0.7663565986578844
High;0.988420231595368;-0.157258064516129;0.0283634749005936
High;0.0004399912001759;0.4470899470899471;0.7004520351279112
Unknown;0.745545089098218;0.1111111111111111;-0.109583310137042
Low;0.0023999520009599;0.5585858585858586;0.921531096492326
Medium;0.6675066498670027;-0.1972789115646258;0.2040605604975615
High;3.999920001599968e-05;-0.783625730994152;-2.4854136494431858
Unknown;0.8071038579228416;-0.0977443609022556;-0.0884895499382844
Medium;0.6094278114437711;-0.1119047619047619;-0.1893240081460128
Medium;0.0021599568008639;0.6451612903225806;0.9655160543395348
Medium;0.0365192696146077;0.4368340943683409;0.6878407266579564
Medium;0.0208395832083358;-0.5754352030947776;-0.6819441006192039
High;0.3088338233235335;0.0473484848484848;-0.3219696290975735
High;0.2399952000959981;0.3079710144927536;0.5053507060306727
Unknown;0.0471190576188476;-0.074074074074074;-1.0606081257562738
Unknown;0.0565988680226395;0.38544474393531;0.7421672918099673
Low;0.0388792224155516;-0.4977777777777777;-0.7408573331512303
High;0.0163196736065278;0.6354679802955665;0.9178857462358996
Unknown;0.3605527889442211;0.0896226415094339;0.2809065319514097
High;0.114557708845823;0.2355555555555555;0.5060394856892291
Unknown;0.499470010599788;-0.1833333333333333;-0.2840325618462704
Low;0.6443471130577388;-0.0219780219780219;-0.1281941945268462
Unknown;0.0137597248055038;0.7845433255269321;1.0847276539777877
High;0.8242235155296894;-0.1095679012345679;0.1009437526413931
Low;0.8035439291214176;-0.0506912442396313;-0.0911879091437652
Unknown;0.0083598328033439;0.5462962962962963;0.7747842462733796
High;0.7661046779064419;-0.1321428571428571;-0.1040730837170607
High;0.0002399952000959;0.7733990147783252;1.1509153805659753
High;0.7095458090838184;-0.0029629629629629;0.1381598994290229
Unknown;3.999920001599968e-05;0.6169064748201439;1.0118319277091907
High;0.3195936081278374;0.0996543778801843;0.2796529640769615
Low;0.0443591128177436;-0.419921875;-0.7763715826359422
High;0.0700385992280154;-0.5221238938053098;-0.5366642553703671
High;0.1673966520669586;0.3782051282051282;0.5935056252537045
High;3.999920001599968e-05;-1.0;-3.647633049224254
Unknown;7.999840003199936e-05;0.7548780487804878;1.4126212337782755
High;0.0062798744025119;0.4404761904761904;0.7021245115312666
High;0.0932781344373112;0.3871527777777778;0.5930407293094528
Unknown;0.0477590448191036;-0.5111111111111111;-0.8562983701200574
Unknown;0.5345493090138197;-0.1875;-0.2355410230599701
High;0.9746605067898642;0.0085287846481876;0.0055251241978
High;0.0726785464290714;0.4679487179487179;0.7029538609107232
Unknown;0.5455890882182356;-0.1211538461538461;-0.2205547795947051
High;0.0017999640007199;0.5236127508854782;0.6428491553532033
Unknown;0.0010399792004159;0.564327485380117;1.1226508913217474
Control;0.3111537769244615;-0.2896825396825397;-0.380708507023957
High;0.3166736665266694;-0.2476190476190476;-0.4033619136269432
Low;0.5010299794004119;-0.0412587412587412;0.2124920769317465
High;0.0001599968000639;0.6674528301886793;1.092140533606536
Unknown;3.999920001599968e-05;0.712430426716141;1.1720470123830369
Low;0.4412711745765085;0.0714285714285714;0.2172918684276536
Medium;3.999920001599968e-05;-0.9094650205761317;-2.116329335230529
High;0.0017999640007199;0.6681286549707602;0.9949658384064652
Unknown;0.2578748425031499;0.3333333333333333;0.491198557175175
Medium;0.3051938961220775;0.4626262626262626;0.3289611231757763
Medium;7.999840003199936e-05;0.7572649572649572;1.0662187662081009
Unknown;0.6747065058698826;-0.1627906976744186;-0.1959061820131681
Unknown;0.8334633307333853;0.0331715210355987;-0.0657661538474484
Unknown;0.0537989240215195;0.376984126984127;0.6493508122001364
High;0.0095598088038239;0.4513031550068587;1.138942616875968
Medium;0.1807963840723185;0.2821637426900585;0.4640324791562739
High;0.493910121797564;0.0042372881355932;0.2701788947692558
High;0.0500389992200156;0.4071428571428571;0.6818282043921876
High;0.9439411211775764;-0.0361757105943152;0.0435552505803912
Unknown;0.6705865882682346;-0.1212121212121212;-0.1761947133074664
Unknown;0.1701165976680466;0.3238095238095238;0.5298593178966888
Unknown;0.7043059138817224;-0.162907268170426;-0.1291795042459443
Unknown;0.873422531549369;-0.1;-0.0658796913281607
Unknown;0.0025599488010239;0.5295454545454545;0.9300282739206508
High;0.7234655306893862;0.2142857142857142;0.1257345881410852
Medium;0.0099998000039999;0.4926829268292683;0.8428486664143806
High;0.0001999960000799;0.8954248366013072;1.465672434094806
Unknown;0.0862382752344953;-0.3;-0.6719093667684128
High;0.7257054858902822;0.2139917695473251;-0.0916819163110717
Unknown;0.0299994000119997;0.4375;0.8571053470412127
High;0.0010799784004319;0.5476190476190477;1.0133853290884292
High;0.9397412051758964;-0.005050505050505;-0.0188718299802225
High;0.0049599008019839;0.575;0.9944179993740038
Unknown;0.0543589128217435;0.4925373134328358;0.7033545219995839
Unknown;0.6695066098678026;-0.0070921985815602;0.2075190766922248
Low;0.7370252594948101;-0.2088920254057868;-0.0708545354187753
Low;0.1874362512749745;0.2888888888888888;0.582750722766504
Medium;0.4918301633967321;-0.2705223880597014;-0.2406880054080578
Low;0.0002799944001119;0.4986888111888112;0.9537824965788382
Medium;0.0158796824063518;0.3621651785714285;0.6508658536645391
Medium;0.623227535449291;-0.0590614886731391;-0.1359609066359419
Unknown;0.633067338653227;-0.2088888888888889;0.1569628455897957
Unknown;0.9511009779804404;-0.1475409836065573;0.0386958918674357
High;3.999920001599968e-05;0.7674074074074074;1.0675345014304196
Unknown;0.5158296834063318;0.28;0.3215971088951292
Low;0.2632747345053099;0.1798245614035087;0.3838793007249352
Unknown;0.2100357992840143;-0.3623188405797101;-0.4733978313979035
High;0.0005999880002399;0.6491935483870968;0.9079309562650448
Unknown;0.0923981520369592;0.5306122448979592;0.6680484878828409
High;0.0039999200015999;0.5154320987654321;0.9244287658855443
High;0.0833583328333433;0.4922222222222222;0.5135351661187612
Medium;0.0009599808003839;0.6891701828410689;0.9403389716845436
Medium;0.0001199976000479;0.7421124828532236;1.034355463673268
High;3.999920001599968e-05;0.6905594405594405;1.1743894033900548
High;0.0080398392032159;0.5111111111111111;0.7649120581326762
Medium;7.999840003199936e-05;-0.7058823529411765;-1.820830602379328
High;0.2167556648867022;0.2959558823529412;0.4446498199854435
Unknown;7.999840003199936e-05;0.9087301587301588;1.6846367316408646
Unknown;0.6562668746625068;0.1962864721485411;0.1377684260971231
High;0.0441191176176476;0.3790697674418604;0.5600694418557859
Unknown;0.0125197496050079;0.5409836065573771;1.0731995979441171
Medium;3.999920001599968e-05;0.6825641025641026;0.9501456543272532
Low;3.999920001599968e-05;0.7806637806637806;1.3874205643578386
Unknown;0.879902401951961;0.0281481481481481;-0.0555583562564224
Low;3.999920001599968e-05;0.7283333333333334;1.2047119845698036
High;0.0899582008359832;-0.2480942480942481;-0.5642772114576573
Medium;0.0032399352012959;0.6125;0.6167829908675985
High;0.0099198016039679;-0.5075445816186557;-1.1516908302418265
High;0.0036799264014719;0.5525925925925926;0.7403238693999159
High;0.0628787424251515;0.338768115942029;0.65163130743308
Low;0.6009479810403792;-0.1287313432835821;-0.165798046461633
High;0.1817963640727185;-0.2694704049844236;-0.420321642630316
High;0.0009199816003679;-0.710806697108067;-1.2977111264891874
Unknown;0.0500389992200156;-0.1290322580645161;-0.7407513893274077
Unknown;0.3033939321213575;0.3663366336633663;0.3330613449934249
Unknown;0.0056798864022719;0.6014492753623188;1.078622424841828
Low;0.370992580148397;0.3333333333333333;0.3138148258775571
