Dosage;p-value;Cliff's Delta;Cohen's D
Low;0.1844363112737745;-0.3877551020408163;-0.6003260468855799
Unknown;0.0001199976000479;0.7703703703703704;1.0486493907890784
Unknown;0.0532389352212955;0.4666666666666667;0.7253758932682424
High;0.8097838043239135;-0.2481060606060606;-0.0563184820769641
Unknown;0.1466770664586708;-0.1313131313131313;-0.4843859200799542
High;0.9409011819763604;-0.0288713910761154;0.024390745406821
Unknown;0.497270054598908;-0.2058823529411764;-0.2940540073189998
High;0.8505429891402172;-0.2749163879598662;0.0928690165680975
Low;0.0004399912001759;0.5570228091236494;0.9778815515779206
Unknown;0.5823083538329233;-0.0367647058823529;-0.136498046977782
Low;0.5209895802083958;-0.1177944862155388;-0.2658723615853808
Unknown;0.6813463730725385;-0.1448275862068965;-0.1312421606086332
High;0.1640367192656147;0.2611940298507462;0.4579048469866774
Unknown;0.0076398472030559;-0.4598765432098765;-1.0765846661232483
High;0.5741485170296594;0.0833333333333333;0.2128351981503663
Unknown;0.116677666446671;0.3634085213032581;0.5962904987637134
High;0.242115157696846;-0.2713178294573643;-0.3272417691037162
Low;0.1935561288774224;0.0313131313131313;0.3474274263792482
High;0.0923581528369432;0.2666666666666666;0.4404747067177786
Unknown;0.0008799824003519;0.6846153846153846;0.8300578499832972
Unknown;0.0047999040019199;-0.7453703703703703;-1.2357791277262558
Low;0.4731105377892442;-0.2122507122507122;-0.1780783094416991
Unknown;0.3335533289334213;-0.1733333333333333;-0.4573727227521885
Unknown;0.0063198736025279;0.49002849002849;0.7101189904766304
Unknown;0.8286634267314654;-0.088011088011088;-0.0502787704423738
Unknown;0.3627127457450851;-0.3611111111111111;-0.3422223179796931
Medium;0.0111997760044799;-0.4829931972789115;-1.0574339913068571
Unknown;0.5757484850302994;0.1617440225035162;0.2207294065354261
Unknown;0.7387852242955141;-0.145679012345679;-0.0984941025388823
High;0.5351892962140757;0.1261904761904762;0.182151415495884
Medium;7.999840003199936e-05;0.7524271844660194;1.3407155146873648
High;0.74662506749865;-0.1077694235588972;-0.0737976327487115
Unknown;0.5676286474270514;0.1194379391100702;-0.2016547505295571
Unknown;0.0320793584128317;-0.355281207133059;-0.8060554155738093
High;0.0046799064018719;0.5645645645645646;1.0283729474765384
Medium;3.999920001599968e-05;0.9507389162561576;1.3170326641971972
High;0.1358372832543349;0.2375366568914956;0.4113652964404418
High;0.0588388232235355;0.3481848184818482;0.5191387147162462
High;0.4250314993700126;0.1972789115646258;0.3469909531767388
Unknown;0.2012359752804944;0.4052287581699346;0.4114879230767253
High;0.0256394872102557;0.5071428571428571;0.7791378967819795
Unknown;0.0025199496010079;0.6658595641646489;1.1700017440117716
Unknown;0.6735865282694347;0.0607407407407407;0.1652437471884476
Unknown;0.8508229835403291;-0.0556900726392251;-0.052475450258355
Unknown;0.0017599648007039;0.5727272727272728;0.9766646225562678
High;0.8243435131297374;-0.0666666666666666;-0.113677824193872
Unknown;0.5486690266194676;-0.0758974358974359;0.1732184289948241
Unknown;0.0791184176316473;-0.4895833333333333;-0.696911387128697
High;0.0371992560148797;0.2141176470588235;0.6454165208744894
High;0.0011599768004639;0.6870748299319728;1.1363536184715128
Unknown;7.999840003199936e-05;-0.8249823570924488;-1.6358795946541949
Low;0.0601587968240635;0.4109848484848485;0.5864194217715554
Low;0.3943921121577568;0.1923076923076923;0.3807112134474529
High;0.0275184275184275;0.8807339449541285;1.4609597302187682
Unknown;0.6771464570708586;-0.0727272727272727;-0.1077120666224815
High;0.8609027819443611;-0.0314769975786924;0.0861940555601126
Unknown;0.0385592288154236;0.4384057971014493;0.6203664097846716
Unknown;0.499590008199836;-0.1247058823529411;-0.2205250716955187
High;3.999920001599968e-05;0.9318181818181818;1.5051493672168443
Medium;0.5178696426071479;0.1296296296296296;0.2764322147404813
High;0.119197616047679;-0.2890070921985815;-0.4762017981945911
Unknown;0.367512649747005;0.2811791383219955;0.2543653019795025
High;0.8264234715305694;0.0357142857142857;-0.0938264175980999
Unknown;0.6505469890602188;-0.1544117647058823;0.1439436064347987
Control;0.0027999440011199;-0.5402298850574713;-1.062454055647868
High;0.0005999880002399;-0.4038461538461538;-1.377686950629973
Medium;0.4911901761964761;0.0303030303030303;0.2607814575704941
Unknown;0.4564708705825883;0.2083333333333333;0.3263928140018363
Unknown;0.0310776942355889;-0.7352941176470589;-1.3725066689861152
High;0.0579588408231835;0.3582554517133956;0.5485121615276982
Low;0.0841983160336793;0.2469135802469135;0.5961795120579311
Unknown;0.8437048202036359;-0.0714285714285714;-0.0981631966987844
High;0.99490010199796;-0.0816326530612244;0.1367739217883332
Unknown;0.8135037299254015;-0.0098522167487684;-0.0806699851166983
Unknown;7.999840003199936e-05;-0.8185185185185185;-2.218732591294741
Unknown;0.0023199536009279;-0.7744360902255639;-1.3581760570042656
High;0.248795024099518;0.1138755980861244;0.3671191064537977
Medium;0.2245555088898222;-0.2325925925925926;-0.4348268276571339
High;0.6805463890722185;-0.3696969696969697;-0.0519376814488428
Unknown;0.6156276874462511;0.0448717948717948;0.2630084117172597
Medium;0.0371592568148637;0.3875598086124402;0.635790607089942
Unknown;0.5665086698266034;0.122257053291536;0.1992653360566378
Low;7.999840003199936e-05;0.7283437283437283;1.331938386706365
Medium;0.2842343153136937;-0.224820143884892;-0.286094197751036
Unknown;0.1113977720445591;-0.4921875;-0.6516072288801744
Low;0.4881502369952601;0.2684210526315789;0.2008695528399328
Unknown;0.3503529929401412;-0.3333333333333333;-0.396636400003115
High;0.2860342793144137;0.167910447761194;0.4024746791541705
Unknown;0.25007499850003;0.2155844155844155;0.4251528933941408
Unknown;0.7826643467130657;-0.073076923076923;-0.0667487790434581
Unknown;0.2331953360932781;-0.2107843137254902;-0.3648333269638158
High;0.24507509849803;-0.3063063063063063;-0.4235578908266036
Low;0.0056798864022719;-0.5972222222222222;-1.0080597938295344
Unknown;0.0163196736065278;0.4888888888888889;0.6864100179948538
High;0.2570348593028139;-0.3376623376623376;-0.3669191894383523
Low;0.6847463050738986;-0.0477975632614807;-0.0691950255569999
Low;3.999920001599968e-05;-0.5875;-1.598339078106495
Unknown;0.4053918921621567;0.0499325236167341;0.251243906737975
Unknown;0.9080218395632088;-0.0308641975308641;0.0816883955922093
Unknown;0.1331573368532629;-0.3255131964809384;-0.5044302133106615
Medium;0.1327973440531189;0.3613636363636364;0.4912242708798935
High;0.0307993840123197;0.2807692307692307;0.8946816474689342
Unknown;0.2930741385172296;-0.2738095238095238;-0.3597479168914819
Unknown;0.2071558568828623;-0.238095238095238;-0.4228993019805722
High;0.117997640047199;0.3247863247863248;0.4522826839485269
Unknown;0.0284794304113917;0.5157232704402516;0.6991899449255218
Unknown;0.9659406811863764;-0.0525;0.0528532675625236
High;0.0435591288174236;-0.2234096692111959;-0.5979791178102226
Control;0.1695566088678226;-0.1091753774680604;-0.4021847158733339
Medium;7.999840003199936e-05;0.6258790436005626;1.1581196825483118
High;0.6373472530549389;0.2161616161616161;0.1393722666655926
Unknown;0.0076398472030559;-0.6711111111111111;-1.6411030597192888
Medium;0.9067018659626808;0.0137362637362637;0.0379326361917751
High;0.98270034599308;0.1022222222222222;0.048780915695357
Unknown;0.1811163776724465;0.2727272727272727;0.4785370366394844
Unknown;0.0013199736005279;-0.6592592592592592;-1.8825326720906488
Medium;0.2038759224815503;0.1011904761904761;0.3443866040602233
High;0.0085998280034399;-0.5992647058823529;-1.042754778913861
Unknown;0.1942761144777104;-0.1836734693877551;-0.5752904664814373
Unknown;0.873062538749225;-0.1132075471698113;0.00034693806817
Medium;0.0225195496090078;-0.4072289156626506;-0.7057077840268093
Medium;0.0011999760004799;0.5641025641025641;0.6716591951905455
Unknown;0.0008799824003519;-0.5665024630541872;-2.02153834344388
Unknown;0.0609987800243995;-0.2663622526636225;-0.7325237970984201
High;0.3928321433571328;0.1635220125786163;0.2634771731796421
High;0.9483410331793364;-0.0910374029640084;-0.0066554342661096
Unknown;0.0157596848063038;0.4306703397612488;0.6920819077616549
High;0.124717505649887;-0.3522267206477733;-0.4643709503563877
Unknown;0.0511589768204635;-0.4506666666666666;-0.6990894217987219
Medium;0.3334733305333893;-0.4261501210653753;-0.2621535334567216
High;0.3291934161316773;-0.1380952380952381;-0.354225673716643
High;0.3601527969440611;0.3753026634382566;0.3535060217957232
Unknown;0.5615087698246035;0.0784313725490196;0.2739074131944168
Unknown;0.6598268034639307;-0.1867057673509286;-0.0862161334634737
High;0.5530289394212116;0.3272058823529412;0.2382871416397562
Low;0.0784784304313913;0.3432282003710575;0.5481935724637933
High;0.0278794424111517;-0.680952380952381;-0.9262068886099764
Unknown;0.8221835563288734;0.0657596371882086;0.1000745386123649
Unknown;0.2070758584828303;-0.24;-0.591078930145753
Unknown;0.4707505849883002;0.1333333333333333;0.3349265627262573
Unknown;0.4713505729885402;0.167910447761194;0.2766367035990929
High;0.0636387272254555;0.3443072702331962;0.516280140639183
High;0.0009199816003679;0.6111111111111112;0.8986383689453715
Low;0.0480390392192156;0.3514851485148514;0.4750733125027856
Unknown;0.7011859762804744;-0.4028708133971292;-0.1016393718620377
Unknown;0.0070398592028159;0.6477987421383647;1.1228907479760866
High;0.3196736065278694;0.1585185185185185;0.3521493419039193
High;3.999920001599968e-05;-0.8789346246973365;-2.6996021803006127
Unknown;0.0001199976000479;-0.575139146567718;-1.521405172443059
Unknown;0.124957500849983;0.2684331797235023;0.4031724840558053
High;0.0278794424111517;0.152073732718894;0.5637752384591707
Unknown;0.1857162856742865;-0.5460992907801419;-0.6142107007494393
High;0.5198696026079478;0.0109890109890109;0.2148468132056814
High;0.5925081498370033;-0.1228070175438596;-0.1519846434366238
Unknown;0.9859402811943762;-0.0476190476190476;0.0171393188586697
Medium;0.0017599648007039;0.6519480519480519;0.6317635601133262
High;0.8507429851402972;0.0430839002267573;0.0240725668414394
High;0.2847543049139017;0.0909090909090909;0.4280128542526126
Unknown;0.3027139457210855;-0.5123456790123457;-0.4408929242997276
Medium;0.0006799864002719;-0.5318302387267905;-1.0785377481416965
Unknown;0.9391812163756724;0.0233766233766233;0.0494442452297093
High;0.248635027299454;-0.3263888888888889;-0.5010689275781409
High;0.4347913041739165;-0.1296296296296296;-0.2814905102050377
Unknown;0.751464970700586;0.0532212885154061;0.1495276481596635
High;0.0819983600327993;-0.1889400921658986;-0.7476493660118811
Unknown;0.5875882482350353;0.1694915254237288;0.1604293056474351
High;0.7522649547009059;-0.2142064372918979;-0.0715871234821084
Unknown;0.0004399912001759;0.6911976911976911;1.1401041985370848
High;3.999920001599968e-05;0.7544517338331771;1.4332295045694357
Medium;0.0301993960120797;0.2865497076023391;0.5832514084355531
Unknown;0.117677646447071;-0.2760942760942761;-0.5271586989070057
High;0.2674746505069899;-0.2533333333333333;-0.5331657313460885
Low;0.2890342193156137;-0.2465277777777778;-0.2968776803830878
Unknown;0.0071598568028639;-0.7037037037037037;-1.2798051472834977
Medium;0.5605487890242196;-0.1336477987421383;-0.1694929355333453
Unknown;0.0001999960000799;0.7090909090909091;0.9189025509887084
Medium;0.0034399312013759;0.6410256410256411;0.7494120076970723
Unknown;0.0054398912021759;-0.6491228070175439;-1.3463567850419045
High;0.0586788264234715;-0.4063079777365491;-0.6829693223643438
High;0.1849563008739825;0.2488372093023255;0.425246450136779
High;0.0004799904001919;-0.89937106918239;-2.1111364205220324
High;7.999840003199936e-05;0.8337662337662337;1.2619508914595996
Medium;0.0710785784284314;-0.2293832293832294;-0.5419258013861392
Low;0.0157596848063038;0.2758620689655172;0.6588241543337456
High;0.8820623587528249;-0.2875816993464052;-0.0016143157917173
Unknown;0.0279194416111677;-0.3368176538908246;-0.6635327216293591
High;0.1012779744405111;0.0620689655172413;0.4083731514793653
High;0.9192616147677046;0.0459770114942528;-0.0104516002514556
Medium;0.0074398512029759;0.4025839793281653;0.6459034844004113
Unknown;0.0875982480350393;0.412987012987013;0.6662670931864089
Unknown;0.3156336873262534;-0.2549889135254989;-0.3283330759182983
Unknown;0.4825903481930361;0.2481605351170568;0.2127026086910063
High;0.0013199736005279;0.6604477611940298;1.052395374412756
Unknown;0.123397532049359;-0.337062937062937;-0.4951684142803436
High;0.6659866802663946;0.0814814814814814;0.2051379871570013
Low;0.0059998800023999;0.5845070422535211;0.8221356098043441
High;0.8047439051218975;-0.0262345679012345;-0.0532163641484339
High;0.0129997400051998;0.3819121447028424;0.6365927302280338
Low;0.0789584208315833;0.2857142857142857;0.4331926785560582
Medium;0.2205555888882222;0.2012012012012012;0.4116385835666634
Unknown;0.0815583688326233;0.3569377990430622;0.5606129689997735
High;0.0746785064298714;-0.4786324786324786;-1.3344062025460284
Low;3.999920001599968e-05;-0.8342175066312998;-1.7224809734353066
High;0.0182796344073118;-0.3955056179775281;-0.8649397534645121
Unknown;0.500309993800124;-0.0418470418470418;-0.2232971344870171
High;0.0004399912001759;-0.5105105105105106;-1.7280549319326388
High;0.5656286874262515;-0.2307692307692307;0.2633920620841279
Unknown;0.0029199416011679;0.7092198581560284;1.139602051253304
Unknown;0.6925861482770345;-0.0488888888888888;-0.1667645166072432
High;0.7815043699126017;-0.0368663594470046;-0.0844003292697176
Low;3.999920001599968e-05;0.8548199767711963;0.8941878940584372
Unknown;0.4047519049619008;-0.1265969802555168;-0.2279965025810315
Unknown;0.2762744745105098;0.2412177985948477;0.4195781014764955
High;0.9727005459890802;-0.0466666666666666;0.0135993092573548
Unknown;0.2729945401091978;-0.2857142857142857;-0.3014254116764773
Low;0.6758264834703306;-0.1334894613583138;-0.1522269030533919
High;0.2069558608827823;-0.1527777777777778;-0.4457529490166263
Unknown;0.1527569448611027;-0.1218515997277059;0.4069658972912479
Medium;0.9722205555888882;-0.0649350649350649;0.0365451211309013
Unknown;0.7917841643167136;-0.1418439716312056;0.0314001686548415
Unknown;0.0098398032039359;-0.5412844036697247;-0.8239311264060957
High;0.115517689646207;-0.2786885245901639;-0.7014771476285518
High;0.6495470090598188;0.0333333333333333;0.164084296980282
High;0.9780204395912082;0.011806375442739;0.0160215044574402
Medium;0.0408391832163356;0.4554848966613672;0.4321023969121612
High;0.0326393472130557;0.3821892393320965;0.6176299415633943
Medium;0.1665166696666066;0.4013605442176871;0.5796818902093361
Medium;0.2244355112897742;-0.3052995391705069;-0.3517621188120768
Medium;3.999920001599968e-05;0.7415254237288136;1.154832397079013
Medium;0.2747145057098858;-0.1666666666666666;-0.3858187179818219
Low;0.0305593888122237;0.4;0.6953335196399203
High;0.7545449091018179;0.0567375886524822;0.1360858437965978
Unknown;0.0006799864002719;-0.4519230769230769;-1.3066772638678985
High;3.999920001599968e-05;-0.8274647887323944;-1.7518953124516867
Unknown;0.617627647447051;0.2;0.2609162123468332
High;0.0583588328233435;-0.4477611940298507;-0.7394937991265905
High;0.0108797824043519;0.3903903903903903;0.6854336593363026
High;0.4567508649827003;-0.1111111111111111;-0.2680663228555217
High;0.8109437811243775;0.0964912280701754;-0.0575653345839643
High;0.6419871602567948;-0.1194379391100702;-0.1913280262897737
High;0.9217815643687126;0.1178571428571428;0.0285198486573756
Medium;0.1921561568768624;0.306338028169014;0.4458259857119616
High;0.2045159096818063;-0.2517580872011252;-0.4550694863035847
High;0.882662346753065;-0.0206896551724137;0.055498676142678
High;0.5167096658066839;0.1924939467312348;0.1892164312722831
Medium;0.1955560888782224;-0.4622770919067215;-0.461048676164075
High;0.0011599768004639;-0.6210826210826211;-1.3287983009371354
Medium;0.7825043499130018;-0.023391812865497;-0.0441895526420821
High;0.4141517169656606;0.0084656084656084;0.2271838987915556
Low;0.0679586408271834;-0.2182857142857142;-0.5562791909441249
High;0.1085178296434071;-0.2014388489208633;-0.4260068708378772
Medium;0.623667526649467;-0.0573122529644268;-0.1637939009123568
High;0.0786784264314713;0.3790849673202614;0.5348966429445778
Medium;0.7812243755124898;0.1693989071038251;0.1519057064109288
Unknown;0.0133997320053598;0.4880952380952381;0.8812398591883569
High;0.0396792064158716;0.4852941176470588;0.6555085462397577
Unknown;3.999920001599968e-05;-0.6198347107438017;-2.4398249515979886
Unknown;0.0007999840003199;-0.5436766623207301;-1.070488482802173
High;0.0800783984320313;-0.5555555555555556;-0.829480971513654
High;0.0038799224015519;0.5464231354642314;0.7772371951833259
High;0.3143537129257415;0.2037037037037037;0.4344200008466911
High;0.1387172256554869;-0.6623376623376623;-0.7945121616653326
Unknown;0.5625487490250195;-0.2009685230024213;-0.2244121681500705
Medium;0.0020399592008159;0.6172839506172839;0.9854144609787578
Medium;0.0134797304053918;0.5634328358208955;0.8677782982980012
High;0.2073958520829583;-0.0761904761904762;-0.3632660871244347
High;0.0820383592328153;-0.7481840193704601;-1.0144706031646111
Unknown;0.4820703585928281;0.2352941176470588;0.3175509033225033
Unknown;0.3566328673426531;-0.3191489361702128;-0.4037655340903658
High;3.999920001599968e-05;0.7340301974448316;0.9064201048033828
High;0.0435991280174396;0.4389610389610389;0.5975580810139139
High;0.1099978000439991;-0.3547619047619048;-0.4422101434863393
Medium;0.0123997520049599;0.51171875;0.9112842626937236
Medium;0.7722245555088898;-0.1302083333333333;-0.0617167101652247
Unknown;0.0302393952120957;-0.5663265306122449;-0.940632284362565
Medium;0.5821083578328433;0.0094117647058823;0.1995875106055411
Medium;0.2261154776904461;-0.3714285714285714;-0.4942599438562149
High;0.24607507849843;0.1983122362869198;0.4131153802715274
High;0.3600727985440291;-0.2219598583234946;-0.2507260784734946
Medium;3.999920001599968e-05;-0.94;-3.521970937984891
Low;0.2033159336813263;0.2847222222222222;0.553239859437799
Unknown;0.8083438331233376;0.0466666666666666;0.1247921917469554
Medium;0.3195536089278214;0.0188679245283018;-0.1963964837114011
Unknown;3.999920001599968e-05;-0.8143236074270557;-2.286772263710425
High;0.0060798784024319;-0.4204204204204204;-1.0314791754534194
Low;0.98390032199356;-0.0805194805194805;-0.0185468593137513
Unknown;0.0972380552388952;-0.4666666666666667;-0.540728431988009
Unknown;0.0557188856222875;0.2772435897435897;-0.7060426873987067
Low;0.2724345513089738;-0.3427230046948357;-0.3900379938567747
Unknown;0.8994220115597688;0.0482866043613707;0.0465150128391836
Medium;0.0157196856062878;0.3746253746253746;0.6390088387851676
High;0.2645547089058219;-0.2264416315049226;-0.4029587466384058
High;0.9022219555608888;0.0123456790123456;0.051663422077247
Unknown;0.4854702905941881;-0.1877551020408163;-0.2676447720307476
High;0.0010399792004159;0.5565714285714286;0.9152970411183776
Medium;0.2647547049059018;-0.3867791842475386;-0.4105077050874225
High;0.0857582848343033;0.319047619047619;0.5034597701160002
Unknown;0.9140217195656088;0.1680327868852459;0.0022767869774272
Medium;0.0233195336093278;-0.469047619047619;-0.8122324268030534
Unknown;0.4067518649627007;0.182716049382716;0.2758691407702006
Unknown;0.0006799864002719;0.6892230576441103;1.273125910171963
Unknown;0.243515129697406;0.3942161339421613;0.4110284252006758
High;0.7715445691086178;0.017832647462277;0.1108365378571241
High;0.0874782504349913;-0.35546875;-0.6497721205192516
Medium;0.7529449411011779;-0.1759259259259259;-0.0785600630291226
Unknown;0.0297994040119197;-0.4029126213592233;-0.6667631456586686
Unknown;0.7263454730905382;0.108695652173913;0.1681637208067808
Low;0.879342413151737;-0.0389610389610389;0.0703199539662438
High;0.0149597008059838;0.2981427174975562;0.6224298582298319
High;0.0023599528009439;0.3541233541233541;0.7640390090454046
Unknown;0.9061018779624408;-0.0230414746543778;-0.053744868986907
Unknown;0.8146938775510204;0.125;-0.0445556332055621
High;0.4750304993900122;-0.1399711399711399;0.2839967372494276
Unknown;0.5684686306273875;0.1376811594202898;0.2601478565818199
High;0.1892762144757105;0.3653846153846153;0.5018990734371814
High;3.999920001599968e-05;-0.7744755244755245;-1.5621298612650796
Low;0.9767404651906962;0.1831831831831832;0.0303910473176359
Unknown;3.999920001599968e-05;-0.9506172839506172;-3.590074586476455
High;3.999920001599968e-05;-0.88;-2.5378380138294743
Low;0.0213595728085438;0.5871212121212122;0.7890880716180058
High;3.999920001599968e-05;0.6712962962962963;0.6935218780266015
High;0.0002799944001119;-0.553968253968254;-1.3116071103205509
High;3.999920001599968e-05;-0.9064935064935064;-2.6172876045867914
Unknown;0.6332273354532909;0.1171875;0.1891908926614597
High;3.999920001599968e-05;0.8582089552238806;2.0985438050064884
High;0.6025879482410352;-0.145;-0.1308667960327273
Medium;0.9382212355752884;-0.0376470588235294;0.0472603800199344
High;0.3273134537309254;0.1768707482993197;0.4350321613829049
High;0.1955560888782224;0.2466666666666666;0.3938193252303804
Unknown;0.254714905701886;-0.3511627906976744;-0.3887783258233693
Unknown;0.0009599808003839;0.5102040816326531;0.9001965381951016
Unknown;0.9036619267614648;0.0023809523809523;0.0455703084578851
Unknown;0.7002659946801064;-0.2527777777777777;-0.1006948080446384
Unknown;0.3003939921201576;0.1644444444444444;0.3669319600246585
Unknown;0.1507569848603027;-0.3881673881673881;-0.5423185441014108
High;0.4012319753604927;-0.1966386554621848;-0.2237848868379026
High;0.8045439091218176;-0.0697674418604651;-0.060868427545888
Low;0.5138697226055479;0.2857142857142857;0.2967444218327362
Medium;0.0973580528389432;0.2578313253012048;0.4915207807763246
Unknown;0.0233995320093598;-0.180327868852459;-1.0599085415540723
Medium;0.0013999720005599;-0.6043956043956044;-1.0142243763157626
Unknown;0.3269534609307813;0.0704545454545454;0.3322918687869159
Control;0.981540369192616;-0.0392857142857142;0.017685876032787
High;0.9018619627607448;-0.2285714285714285;0.1279051695571174
Unknown;0.879022419551609;-0.1788211788211788;-0.0252298153436328
Low;0.0185596288074238;0.4291300097751711;0.7499639900896561
Control;0.99390012199756;0.0289855072463768;-0.0054253785292146
Unknown;0.0059198816023679;0.5918367346938775;0.9616104531602836
High;0.0118797624047519;0.4147727272727273;0.6357661995406784
High;0.0044399112017759;-0.1282051282051282;-0.924211466227679
Unknown;0.0027599448011039;-0.6714975845410628;-1.3005167118115273
Medium;0.9430211395772083;-0.0131578947368421;-0.0247478829984429
High;0.0920781584368312;0.3450292397660818;0.58645697141061
High;0.0241195176096478;-0.5398126463700235;-0.6710357269704972
Unknown;0.0033199336013279;-0.6825396825396826;-1.3228534198704385
High;0.6921061578768425;-0.0980392156862745;-0.1673493981784546
Low;0.0007199856002879;0.729064039408867;1.2484251744353838
High;0.8699026019479611;-0.0049382716049382;0.0721286820635066
Unknown;0.5771884562308753;-0.28;-0.2220615923927473
Unknown;0.6906261874762505;0.1028971028971029;0.1580260681779983
Low;3.999920001599968e-05;-0.8788410886742757;-2.379128642925155
High;0.0003599928001439;-0.6566951566951567;-1.173501277594703
Unknown;0.0954380912381752;-0.3277074542897327;-0.6288623714895322
Unknown;0.0222795544089118;-0.6066666666666667;-0.8617862853269722
High;0.6037479250414992;-0.1323529411764706;0.21204286070484
Medium;0.0001599968000639;0.609375;0.8610166905102212
Unknown;0.3235135297294054;0.2148148148148148;0.42742954710399
High;0.9711405771884564;0.0257611241217798;0.0423192393096301
Medium;0.0149197016059678;0.4852941176470588;0.7541770832973441
High;0.9457010859782804;-0.0361111111111111;0.0553654454444558
High;0.9791804163916722;0.0111940298507462;0.0251369696125876
Unknown;0.495990080198396;-0.3908355795148248;-0.2473984447388257
Unknown;0.6038679226415472;-0.1226551226551226;0.2472500539282329
Low;0.0279594408111837;0.6095238095238096;0.7560311651734578
Unknown;0.0061598768024639;0.4676663542642924;0.5286976823074513
Medium;0.3799124017519649;-0.1787878787878788;-0.2385888869303274
Low;0.0001199976000479;0.7671957671957672;1.7373743680469222
Unknown;0.4735105297894042;0.0888888888888888;0.3171744746954589
High;0.0181996360072798;0.6243386243386243;0.8638306410014593
High;0.4038719225615487;0.3244019138755981;0.2692098478665186
Unknown;0.4358712825743485;-0.2045454545454545;-0.2159412130651778
Medium;0.0292794144117117;-0.4332552693208431;-0.9222605727504726
Low;0.0133597328053438;-0.4504504504504504;-0.7074434078060547
Medium;0.0049599008019839;0.4412955465587044;0.7910711536063274
High;0.0014399712005759;-0.5343137254901961;-1.1739645126732694
Unknown;0.0395992080158396;-0.5714285714285714;-0.9895726428012268
High;0.2760744785104297;0.3190883190883191;0.3806561760002333
Low;0.0199996000079998;0.5707762557077626;0.6735521762946971
Unknown;0.2387952240955181;0.3046875;0.4509809599246748
High;0.0127197456050878;0.4265734265734265;0.5383363081103006
High;0.0135997280054398;0.5862068965517241;0.7630411810268243
Unknown;0.0030399392012159;-0.76;-1.4325896085480438
Medium;0.2795944081118378;0.0047619047619047;-0.4374955129170613
High;0.0077598448031039;0.2815533980582524;0.6281300282139383
Unknown;0.5506289874202516;0.3515981735159817;0.2307731677506709
High;0.0207595848083038;-0.365079365079365;-1.0372540402739217
High;0.0038399232015359;0.6989795918367347;1.075305687575066
Unknown;0.0037599248015039;0.5757575757575758;0.8984251724735899
Unknown;0.121077578448431;-0.6820276497695853;-0.6874612147142319
Unknown;0.0007999840003199;-0.7256410256410256;-1.3598847210541345
High;0.0019599608007839;0.5138339920948617;0.7624051146716084
Medium;0.0044399112017759;0.4428152492668621;0.8470507232723018
Medium;0.124957500849983;-0.0912698412698412;-0.6180422095872561
High;0.1309173816523669;0.2266483516483516;0.4204282909601101
Low;3.999920001599968e-05;-0.7787769784172662;-2.1795527700423483
High;0.5435491290174197;0.0745428973277074;0.2306766498940763
High;0.0006399872002559;-0.5460674157303371;-1.3956459126505278
High;0.8308233835323293;0.2910958904109589;0.0993036788748223
Unknown;0.2597948041039179;-0.2148148148148148;-0.4046630145597187
Unknown;0.0047599048019039;0.6444444444444445;1.515364025784646
Medium;0.0006799864002719;0.8024691358024691;1.1824376047487644
Medium;0.7284654306913861;0.0681318681318681;0.1204350532150452
Medium;0.0074398512029759;0.5285714285714286;0.8299586815614906
Unknown;0.1828363432731345;0.3877551020408163;0.5723604826538947
Low;0.0101197976040479;-0.3400735294117647;-0.8037659907642765
Medium;0.990580188396232;0.178030303030303;0.0315314115811455
Unknown;0.740865182696346;0.0961538461538461;0.1665393966964253
Low;0.7085858282834343;-0.1644100580270793;-0.0990978458469002
Unknown;0.1865162696746065;0.2646370023419204;0.5269398857737179
Unknown;0.373192536149277;0.2415584415584415;0.3710570814855704
Unknown;0.4052718945621087;0.1700680272108843;0.341118536478552
High;0.0001599968000639;0.6643356643356644;0.7753363723083514
Unknown;0.0039199216015679;0.5743879472693032;1.0675420474148216
Low;0.3321133577328453;-0.1131313131313131;-0.3106886691421316
High;0.0003199936001279;-0.8266978922716628;-2.212300640621484
Unknown;0.0504789904201916;-0.4855072463768116;-0.9855495402194456
Medium;0.4680306393872122;0.0266666666666666;-0.3037027213034222
Unknown;0.6150676986460271;0.0933333333333333;0.2145253613429258
Medium;0.5674686506269875;0.0783475783475783;0.1728442465916041
High;0.0007999840003199;0.5047619047619047;0.8208857190139165
High;0.2282754344913102;0.1214285714285714;0.4502968602416852
Low;0.0001599968000639;0.6793743890518084;1.086238187206165
Unknown;0.0091998160036799;-0.5972222222222222;-0.8249688308901612
Unknown;0.0036799264014719;0.5044444444444445;0.83544642875247
Unknown;0.8447831043379133;-0.303030303030303;-0.0298301038402153
Medium;0.5208695826083478;-0.4584269662921348;-0.201122454428195
Medium;0.2015159696806064;0.2709090909090909;0.3951487487672975
High;3.999920001599968e-05;-0.864406779661017;-2.5614637373753597
Unknown;0.24167516649667;0.1692307692307692;0.4346720838994693
High;0.870222595548089;-0.1753902662993572;-0.0290057124952206
Medium;0.5650686986260275;0.1198156682027649;0.2418005611530909
Unknown;0.0070798584028319;0.4725274725274725;0.7892542790404897
Unknown;0.7798644027119458;0.0183150183150183;0.0914360769804325
Unknown;0.2965140697186056;0.0271546635182998;0.292929107591211
Unknown;0.0053198936021279;-0.5666666666666667;-1.2572403210222904
High;0.2998340033199336;0.1071428571428571;0.3508292895033699
Unknown;0.6711065778684426;0.1145104895104895;0.116123076062656
Low;0.2236755264894702;-0.1555555555555555;-0.4142691221969133
Unknown;0.8824223515529689;-0.3071895424836601;-0.0140826586436061
Medium;0.0047599048019039;0.4604743083003952;0.63787903275805
High;0.0257994840103197;0.5396825396825397;0.8365842932281164
Unknown;0.0220795584088318;0.3925570228091236;0.5987967792942909
Unknown;0.4595108097838043;0.0830039525691699;0.241537058347665
Unknown;0.9661806763864724;0.2375;0.0093953031273536
Unknown;0.0470790584188316;-0.3456221198156682;-0.9197072709597148
Unknown;0.2983540329193416;-0.3133802816901408;-0.3923129788795213
Unknown;0.1650366992660147;0.1219135802469135;0.3885142941172471
Medium;0.992140157196856;-0.0084745762711864;0.0019755281317694
Medium;0.0083998320033599;-0.6159554730983302;-1.0712958606639758
Unknown;0.4337113257734845;-0.2265349329569513;-0.2269089535347308
High;0.0374792504149917;0.1967324710687542;0.6019201226733552
High;0.0006799864002719;0.5383333333333333;0.7548564000019631
High;0.0008399832003359;-0.5642135642135642;-1.3203062939542485
Unknown;0.0500789984200316;0.5221674876847291;0.4229989001324004
High;0.616907661846763;-0.0780487804878048;0.1873614517094741
High;0.0009199816003679;0.6977777777777778;1.1954039192254862
Unknown;0.0025999480010399;-0.5270108043217286;-0.8886261454945683
Unknown;0.0005199896002079;0.5604575163398693;0.8587912566701499
Unknown;0.7302653946921062;0.1384615384615384;0.1708697155540264
Low;0.6511069778604428;-0.1980676328502415;-0.1862222607986555
Low;0.0632387352252955;0.2961538461538461;0.6282498477760634
High;0.5737485250294994;-0.0025062656641604;0.2459586494127934
Unknown;0.9287814243715126;-0.0024213075060532;0.092299712324795
Medium;0.2836343273134537;0.2991452991452991;0.3792367082145644
High;0.0094398112037759;0.490566037735849;0.7363321590564416
Unknown;0.6724265514689706;-0.260196905766526;-0.1310715304012154
High;0.4878702425951481;0.1147798742138364;0.2204159636898796
High;0.0026799464010719;-0.6451612903225806;-1.3319783847196816
Medium;0.7040659186816264;-0.0839506172839506;0.1495658437454012
Unknown;0.9486610267794644;0.0697278911564625;0.0290108367670996
Low;0.0002799944001119;-0.7246376811594203;-1.6562549913443303
Medium;0.0069998600027999;0.629976580796253;0.982673947800515
High;0.0191196176076478;0.5220125786163522;0.778193988460336
Low;0.0527189456210875;-0.7407407407407407;-0.964062602737812
Unknown;0.7728245435091298;-0.1698113207547169;-0.0961257018362578
Unknown;0.5926281474370513;-0.0158730158730158;-0.1694580476066667
Unknown;0.0864782704345913;-0.3326673326673326;-0.5720894829237093
Unknown;0.5434691306173877;-0.24;-0.1959650639115541
High;0.2322753544929101;-0.3466666666666667;-0.5268688471004264
High;3.999920001599968e-05;0.8116279069767441;1.560878805098728
Unknown;0.3373532529349413;-0.1538461538461538;-0.4165309262883145
Medium;0.2089158216835663;-0.4081632653061224;-0.3930943883577402
Low;0.8989420211595768;0.0256410256410256;-0.0525745553077587
High;0.9698206035879282;-0.1127320954907161;0.0300425776285114
Unknown;0.2326753464930701;0.2434017595307918;0.3740436886527661
Medium;0.0301593968120637;0.255663430420712;0.616107023649886
High;0.4059918801623967;0.1147842056932966;0.2664003213669453
Unknown;0.0375192496150077;0.5555555555555556;0.8461044697094894
Unknown;0.2891942161156777;0.2925170068027211;0.4611068563532136
Unknown;0.1125977480450391;0.1985157699443413;0.4605007132407571
High;0.0006399872002559;0.5958041958041959;0.9220558351593098
High;0.0001999960000799;0.8461538461538461;1.2554008233805938
High;0.4460710785784284;-0.2650717703349282;-0.19206923207387
Unknown;0.4513509729805404;-0.0025062656641604;0.3117255204792134
Medium;0.49415011699766;-0.2967032967032967;-0.2184488407793809
High;0.1971960560788784;-0.2101449275362318;-0.5301716609861524
Low;0.7224655506889862;-0.0689170182841068;0.1558935024246415
Medium;3.999920001599968e-05;-0.651595744680851;-1.5494086253936068
High;0.1513969720605588;0.4074074074074074;0.4972003272576114
Medium;0.1470770584588308;0.2264150943396226;0.4138246857508932
Medium;0.7318253634927302;0.1483812949640287;0.0987223520647896
High;0.1484770304593908;-0.5367647058823529;-0.5756431239468296
Unknown;0.2661546769064619;-0.0390804597701149;0.3536820888725046
Medium;0.0018799624007519;0.5904499540863177;0.8229182831589693
Medium;0.7936641267174657;-0.0068027210884353;0.1609560547552573
High;0.0683986320273594;0.5173611111111112;0.5783415636040433
Unknown;0.0087598248035039;0.6375;1.1055370082187506
High;0.5391092178156437;-0.2554347826086957;-0.159940009031392
Low;0.0847983040339193;0.3048433048433048;0.4023386411956387
Unknown;0.999980000399992;-0.072463768115942;0.0924099762045779
Unknown;0.3607127857442851;-0.3704600484261501;-0.3610159382842652
Low;0.3410731785364292;0.0946969696969697;0.292368567683782
Unknown;0.0461190776184476;0.4962686567164179;0.749530071647949
Unknown;0.0179196416071678;0.3951219512195122;0.643433523760914
High;0.0229195416091678;-0.3518518518518518;-0.5925891747494518
Medium;0.6547869042619148;0.0971896955503512;0.125281008413689
Unknown;0.0663586728265434;0.3453634085213032;0.4624832664012803
Medium;0.0252794944101117;-0.4334140435835351;-1.035892279829135
Unknown;0.5636287274254514;0.1549295774647887;0.2156740298309221
Unknown;0.4395112097758045;-0.1783132530120482;-0.2615170224791698
Unknown;0.5759884802303954;0.2129629629629629;0.1837520533084797
Low;0.3031939361212776;-0.0092307692307692;-0.28452799868393
High;0.5876682466350673;0.1175726927939317;-0.1491451079792308
High;0.5120297594048119;0.0133333333333333;0.2320504926895184
High;0.0422391552168956;-0.6244444444444445;-0.7744788539188671
Low;0.8137837243255135;-0.2462686567164179;-0.0461657289056995
Low;0.7625847483050339;-0.1764705882352941;-0.0622616039518515
Unknown;0.0389592208155836;0.3532763532763532;0.7375331743534115
Unknown;0.3252734945301094;0.1625615763546798;0.3986982177233659
Unknown;0.0014799704005919;0.8205128205128205;1.6364355355381992
Unknown;0.0228395432091358;0.5221674876847291;0.8700820211963731
Medium;0.1354772904541909;-0.522248243559719;-0.6291984798035274
High;0.5627487450250995;0.043560606060606;0.2219443843044631
Unknown;0.9322613547729044;0.0976800976800976;0.0366674799056821
Low;0.872342553148937;-0.0263157894736842;-0.0400007291968438
High;7.999840003199936e-05;0.9466666666666668;1.1428369381798371
Unknown;0.0269994600107997;-0.496640826873385;-0.6856973840381478
Low;3.999920001599968e-05;-0.9769392033542976;-3.397486156976366
Unknown;0.0208795824083518;-0.7009966777408638;-1.1213237228684942
Unknown;0.621947561048779;0.1324675324675324;0.2141601920207941
Unknown;0.501509969800604;0.1476190476190476;0.2810604978352724
Low;3.999920001599968e-05;0.6908831908831908;1.094805647735587
Medium;0.2056758864822703;0.0346153846153846;-0.5132213859196078
Low;0.2350752984940301;0.2149532710280373;0.2337207018612729
Low;3.999920001599968e-05;-0.9307086614173228;-2.739978774437572
High;0.7719845603087938;-0.0666666666666666;-0.1228084497326734
Unknown;0.5400291994160117;-0.0390804597701149;0.248647204964261
High;0.0031599368012639;0.3565621370499419;0.57812311772562
Unknown;0.0773984520309593;0.5259259259259259;0.6809490305587148
Unknown;0.0109997800043999;0.7051282051282052;1.0094013689586157
Unknown;0.5210295794084119;-0.2971014492753623;-0.2653623881168474
Low;0.983020339593208;0.3361462728551336;-0.0086758712714878
Unknown;0.0743985120297594;-0.3208430913348946;-0.900308553547262
High;0.0773184536309273;0.2764976958525346;0.7327660342571592
High;0.0339193216135677;0.3109460768485631;0.5035028158278727
High;0.0026399472010559;0.6515775034293553;0.798790524579408
Unknown;0.0561588768224635;-0.4535714285714285;-0.746468548983482
High;0.1289974200515989;0.2771672771672772;0.4260688839394033
Unknown;0.0349193016139677;-0.4539007092198581;-1.0065995774251872
Unknown;0.7382652346953061;0.1014492753623188;0.1859872718102854
Low;0.0247995040099198;0.3831325301204819;0.7845940023455507
Unknown;0.3594728105437891;-0.1974683544303797;-0.303516060586542
High;0.0003199936001279;0.7134502923976608;1.170073402211091
High;0.0063598728025439;0.1759259259259259;0.8574224198961337
Medium;0.0233995320093598;0.4204244031830239;0.6412499814828969
High;0.117677646447071;0.3819444444444444;0.4112168832362121
High;0.9241015179696406;-0.0220095693779904;0.0449344264802536
Unknown;0.0149197016059678;-0.4424242424242424;-0.8177321013058853
Medium;0.0363592728145437;0.3317073170731707;0.5240809386918601
Low;0.0004399912001759;0.6303696303696303;0.9199291804675708
High;0.4622707545849083;0.0372168284789644;0.2347280243339374
Medium;0.9185416291674168;0.2329113924050632;0.060262009130414
Unknown;0.1332773344533109;0.2987341772151898;0.5021172574445467
Medium;0.0137197256054878;0.5662921348314607;0.7370197523859978
Unknown;0.4694306113877722;0.1159029649595687;-0.2685367372815231
High;0.0269594608107837;0.5660377358490566;0.9818827604837178
High;0.0062398752024959;-0.4654205607476635;-1.582393351382206
Medium;0.0027199456010879;0.5555555555555556;0.8021066128458262
Unknown;0.0347193056138877;0.4475308641975308;0.696403169999915
Unknown;0.1915161696766064;-0.1146384479717813;-0.4811749874847034
Low;0.0009999800003999;0.6305970149253731;1.069679075403811
High;0.5508689826203476;-0.0161812297734627;0.1826640966531922
Unknown;0.0331593368132637;0.5853658536585366;0.4543336279195426
High;0.0005599888002239;0.5682926829268292;1.168504808378551
Unknown;0.8647827043459131;0.101010101010101;-0.0454022398977008
High;0.1886362272754544;0.2535211267605634;0.474829035018786
Unknown;0.0475590488190236;-0.5264116575591985;-0.7885938443766461
High;3.999920001599968e-05;-0.783625730994152;-1.524042358527231
Low;0.0009999800003999;0.5019762845849802;1.0668237561848497
Unknown;0.4037519249615007;0.173469387755102;0.3494418664781633
Unknown;0.0005199896002079;-0.6658595641646489;-1.958929031704976
High;0.0037599248015039;0.5841392649903289;0.6706976822699512
Low;0.0882382352352953;-0.2903672903672903;-0.5167769596935387
Medium;0.4741905161896762;0.0597701149425287;0.2354464116989436
Unknown;0.0154796904061918;0.2473544973544973;0.608256679337156
High;7.999840003199936e-05;0.9014778325123152;1.5516834906546546
High;0.1538769224615507;-0.3476190476190476;-0.5785498707039846
High;0.0015599688006239;0.5805555555555556;0.852714675330382
Unknown;0.0963580728385432;0.2834890965732087;0.5033762490995082
Unknown;7.999840003199936e-05;-0.6783216783216783;-1.5998833582383445
High;0.0905581888362232;0.1681681681681681;0.5673805447109824
Medium;0.8063438731225375;-0.0489130434782608;-0.0721218521159705
High;0.0083998320033599;0.5785714285714286;1.0369628433854867
High;0.3054738905221895;0.1590909090909091;0.3265998253384563
Unknown;0.0221195576088478;-0.6851851851851852;-1.1591756148875771
High;0.0010399792004159;-0.5317725752508361;-1.0451126433822613
Unknown;0.6162676746465071;-0.2444444444444444;-0.2244963502693567
Unknown;0.5530689386212275;0.108695652173913;0.2273762621581774
Unknown;0.4240715185696286;-0.0480109739368998;-0.2670171251799576
Low;0.870222595548089;-0.1303370786516854;-0.0312138022021523
Medium;0.4498710025799484;-0.0464285714285714;0.3136824180690813
Unknown;0.8272634547309053;-0.1407407407407407;-0.0872934905846203
Medium;0.0881582368352632;0.3964285714285714;0.6332060373518056
Unknown;0.1941161176776464;0.4052287581699346;0.5552701521864692
Medium;0.0229595408091838;-0.3873015873015873;-0.7685106729462234
Unknown;0.3856722865542689;0.1924882629107981;0.3149822872168932
High;0.7230655386892262;-0.105050505050505;0.1347125168372769
Unknown;0.9057818843623128;0.0296296296296296;0.0689051552119605
High;0.0002799944001119;0.7325301204819277;1.2452667093590044
Low;0.3495930081398372;-0.1182266009852216;-0.3777147596462648
High;3.999920001599968e-05;0.7707082833133253;0.6636080878702335
Medium;0.6626667466650668;0.1831177671885636;-0.1176159681954505
High;0.248315033699326;0.2390804597701149;0.3088691623235417
Low;0.0085198296034079;0.4831460674157303;0.7678030236553557
High;0.0214395712085758;0.5173611111111112;0.7383287132865554
High;0.49095018099638;0.1;0.275754095630233
High;0.0033999320013599;-0.6340852130325815;-1.2473402479818616
Unknown;0.0053998920021599;0.6307692307692307;0.9574518065903505
High;0.3205935881282374;-0.4420289855072464;-0.3761852074064911
High;0.0035199296014079;0.5777777777777777;1.0037715430747094
High;0.1091178176436471;-0.5333333333333333;-0.8133946390604252
High;7.999840003199936e-05;0.7730769230769231;1.6597562328490512
High;0.0718385632287354;0.3333333333333333;0.4949790934996781
Medium;0.6100677986440272;0.1262135922330097;0.1608787740523111
High;0.1918361632767344;-0.3867791842475386;-0.4976481724448847
Unknown;0.9178616427671448;0.0952380952380952;-0.0140447210557687
Unknown;0.8050638987220256;-0.0457746478873239;-0.0560108678236319
High;3.999920001599968e-05;0.7694117647058824;1.0144847901435177
High;3.999920001599968e-05;-0.9844155844155844;-3.4495781579858047
Unknown;0.7390252194956101;-0.0185185185185185;0.1739038968334803
Unknown;0.1601167976640467;0.2304921968787515;0.3662826343097282
Unknown;0.9468210635787284;-0.1790123456790123;-0.007995295736545
Unknown;0.3459930801383972;-0.2763358778625954;-0.2504971972035475
Medium;0.0023599528009439;0.5714285714285714;0.7947719103180796
Unknown;0.6822663546729065;-0.0235690235690235;-0.1181367469279047
Unknown;0.8033439331213376;-0.0445544554455445;0.069163051906967
Medium;0.6913061738765225;-0.1343283582089552;-0.1532207883715344
Unknown;0.1726765464690706;-0.3263888888888889;-0.6459164549241777
Unknown;0.0055998880022399;0.5849056603773585;1.260038925005816
High;0.4321513569728605;0.1417445482866043;0.23936975245627
High;0.0716385672286554;0.2413793103448276;0.4810504234113895
Low;3.999920001599968e-05;0.8319088319088319;1.1188302917682915
Unknown;0.127277454450911;0.4482758620689655;0.6025538509751674
Medium;0.3534729305413892;-0.4691358024691358;-0.4072519606265045
High;0.5297094058118837;0.1020408163265306;0.263860554737731
Unknown;7.999840003199936e-05;-0.7969348659003831;-1.4609151610271336
High;7.999840003199936e-05;0.7490118577075099;1.531671551032608
Low;0.0692386152276954;0.4044444444444444;0.6433419143742765
Unknown;0.0210795784084318;0.3333333333333333;0.7663731268759928
High;0.0009999800003999;-0.5954022988505747;-1.157009741806008
High;0.0001999960000799;0.7605633802816901;1.0997289845174514
Unknown;0.0464390712185756;0.4460093896713615;0.6721699539734514
Unknown;0.0848383032339353;0.3566265060240964;0.3880354673315639
High;0.0179596408071838;-0.4092827004219409;-0.7451921636086852
High;0.0158396832063358;0.4705882352941176;0.5390772916462011
Unknown;0.092074592074592;0.7142857142857143;0.9222752324456756
Medium;0.0415591688166236;-0.3518518518518518;-1.4191080178090512
High;0.8905421891562169;-0.331715210355987;0.0775015500656328
Unknown;0.2156356872862542;0.2955665024630542;0.4881689432595425
Unknown;7.999840003199936e-05;-0.5390625;-2.2742007613550674
Low;0.0145197096058078;0.4511111111111111;0.7763063276896565
High;0.8286634267314654;-0.0658536585365853;0.138375334809642
High;0.0133997320053598;0.4458874458874459;0.875374889899037
High;3.999920001599968e-05;0.9166666666666666;1.78826237497123
Low;0.1012779744405111;0.2592592592592592;0.5637280020572465
High;0.5280294394112117;-0.0044444444444444;-0.2858956469917602
High;0.0271594568108637;-0.5291005291005291;-0.942476236935877
Unknown;0.0147997040059198;-0.4679487179487179;-1.226215492174102
Unknown;0.4307513849723005;0.1649831649831649;0.248722965788199
Medium;0.121837563248735;-0.0890538033395176;-0.5370119607449412
High;0.0002399952000959;0.734375;0.7794135342988995
Unknown;0.1663566728665426;0.2971014492753623;0.5770878093601493
Medium;0.4166316673666527;0.1407407407407407;0.3704570738537949
High;0.2354752904941901;0.0620608899297423;0.3290952436086097
High;0.6399072018559628;-0.1176470588235294;0.1207560243896837
Low;0.5269494610107798;-0.1471471471471471;0.2330812445275482
Unknown;0.0623187536249275;-0.4492753623188406;-0.6792975254861633
Low;0.9615007699846004;-0.0789743589743589;0.0236529439566798
Unknown;0.0159996800063998;-0.364010989010989;-0.7075068734820776
High;0.0153196936061278;-0.2511415525114155;-0.9266942983725648
High;0.0654786904261914;0.2882882882882883;0.4846326122115407
Low;0.0694386112277754;-0.1333333333333333;-0.8180583279143865
Unknown;0.4416311673766525;-0.3219512195121951;-0.2426750077502085
Unknown;0.1370372592548149;0.3897435897435897;0.4931509450013581
Low;0.0226795464090718;0.2864125122189638;0.6509877467992967
Unknown;0.1010779784404311;-0.2802249297094658;-0.5533898957340068
Unknown;0.1357972840543189;0.271043771043771;0.457131672950204
Unknown;0.116197676046479;0.2656641604010025;0.4407502200204861
Unknown;0.240555188896222;-0.1794871794871795;-0.3381647112211071
Medium;0.9088218235635288;0.0461538461538461;0.0605761170034026
High;0.0055198896022079;0.6712328767123288;0.9276893197257068
Unknown;0.0399992000159996;-0.5228758169934641;-0.6722241185394865
High;0.1553568928621427;0.2325699745547073;0.3648223846267426
Unknown;0.243515129697406;-0.0765306122448979;-0.3576919816502744
Medium;0.3571428571428571;0.5555555555555556;0.6285651046720377
High;0.1038779224415511;-0.3795454545454545;-0.5679163475509166
Unknown;0.4687906241875162;-0.0649350649350649;-0.2858584798863678
Unknown;0.6694666106677867;-0.1252927400468384;-0.1110729023796977
High;3.999920001599968e-05;0.7951219512195122;1.4445296870791229
Medium;0.0039599208015839;0.5653846153846154;0.8427434311785035
Unknown;0.0125597488050238;-0.4782608695652174;-0.9973383295859533
Medium;0.0013599728005439;0.5299145299145299;1.048122415667012
Unknown;0.3624727505449891;0.2087542087542087;0.3257333067379335
High;0.2391952160956781;0.3125;0.5109648070814208
High;0.1729965400691986;0.2839506172839506;0.6054547962229581
Unknown;0.0075198496030079;0.6535947712418301;0.789084223008895
Medium;0.376232475350493;0.0823529411764705;0.2286071133406332
Medium;0.1936761264774704;0.3037037037037037;0.5647097855280186
High;0.1839163216735665;0.336405529953917;0.5343134204983613
High;0.0001199976000479;0.6057692307692307;1.0599276730752076
Unknown;0.0095998080038399;-0.3864583333333333;-0.7806305959976205
Unknown;0.24867502649947;-0.3123486682808716;-0.474150464771073
Unknown;0.8401831963360733;0.0277777777777777;0.1526761799091689
High;0.3200735985280294;0.2552693208430913;0.4005721705364458
Unknown;0.0007999840003199;-0.7952380952380952;-1.7882206617476886
Unknown;0.0422391552168956;-0.5971896955503513;-1.0519624000597836
Unknown;0.0247995040099198;-0.4276094276094276;-0.7799462595963065
Unknown;0.4017519649607008;0.0567375886524822;-0.3597489543072281
High;0.9617807643847124;-0.2058823529411764;0.0152934509559864
Unknown;0.625027499450011;0.1568627450980392;0.2260395315768543
Medium;0.0439591208175836;-0.3642857142857142;-0.8047886516527246
High;0.9353812923741524;-0.1257253384912959;0.0341304223790491
High;0.0619987600247995;-0.5576470588235294;-0.7280289928637733
Unknown;0.0444791104177916;0.3550724637681159;0.6901163633058905
High;0.5722685546289075;-0.0003228931223764;-0.1343849280261909
Unknown;0.9830603387932242;0.0161616161616161;0.0229631861994132
Unknown;0.2397952040959181;-0.3724489795918367;-0.48347052965424
Medium;0.0897182056358872;0.3201970443349753;0.5708937044302254
High;0.0002399952000959;0.6147038801906058;0.8866915087814378
Medium;0.0420791584168316;0.3423597678916827;0.6255879367553794
Unknown;0.25247495050099;0.2849284928492849;0.4062543460343745
Unknown;0.0035999280014399;-0.8161616161616162;-1.229179290588063
Unknown;0.0827983440331193;-0.4603174603174603;-0.7841447478316835
Unknown;0.242515149697006;-0.52;-0.4029757626861766
High;0.6110677786444271;-0.2044943820224719;-0.1583085129767397
Unknown;0.6501469970600589;-0.1333333333333333;-0.1790890134882889
Unknown;0.1385972280554389;0.1950757575757575;0.4642449737793132
Medium;0.0038799224015519;-0.5358255451713395;-1.0044707908125436
High;0.0074798504029919;0.4352750809061488;0.5868067575125179
High;3.999920001599968e-05;0.7917675544794189;0.8185243543368373
Unknown;0.7210255794884103;-0.0714285714285714;-0.1102346632639497
Unknown;0.1311973760524789;0.328125;0.3320065762557078
High;0.0398392032159356;-0.436144578313253;-0.7296477538301828
Low;0.0001999960000799;0.819047619047619;0.989229697443473
Medium;0.2585148297034059;0.0204545454545454;-0.3809115996145755
High;0.7911041779164417;-0.1555555555555555;-0.0717229480966537
Unknown;0.241435171296574;0.3857142857142857;0.4428237439324525
Medium;7.999840003199936e-05;0.6174636174636174;1.0387806085520783
Low;0.7665846683066339;0.021021021021021;0.1217195914251205
Unknown;3.999920001599968e-05;-0.9721871049304678;-4.124391147252383
Low;0.8489030219395612;-0.0113636363636363;0.0678708473070416
Low;0.989540209195816;-0.0668693009118541;0.0059554765710774
Low;0.1545969080618387;0.3417721518987341;0.4815229988654105
Low;0.757784844303114;-0.1590909090909091;-0.0478776019697136
Low;0.0340393192136157;-0.631336405529954;-0.9774847124800836
Unknown;0.0014814814814814;0.8913043478260869;1.307723146978104
Medium;0.1619167616647667;0.2630718954248366;0.3966031702306101
High;0.1649567008659826;0.2631578947368421;0.4320865030714935
Unknown;0.6179076418471631;-0.1044642857142857;-0.1103996184824218
Unknown;0.0975980480390392;-0.3306451612903225;-0.9809610942081266
Unknown;0.2081958360832783;0.2237442922374429;0.3287452222530853
High;0.9064618707625848;-0.0954415954415954;0.049267619361611
Medium;0.2295554088918221;-0.2347480106100795;-0.3509500101509874
Unknown;0.0640787184256314;0.4447552447552447;0.5209591899327047
Medium;0.1516769664606707;0.2261904761904762;0.4628607632065924
Unknown;0.5391892162156757;0.2152777777777778;0.2914951175639814
Unknown;0.0010399792004159;-0.6339869281045751;-1.8572119689750235
High;0.4796304073918521;-0.3129251700680272;-0.2904523243653668
High;3.999920001599968e-05;-0.434640522875817;-1.5543007685217054
Medium;0.0215595688086238;-0.3549382716049383;-0.8990237990921583
High;0.3068738625227495;0.1683168316831683;0.2481558226169601
Low;0.0411991760164796;-0.6180555555555556;-0.9936570603581628
Unknown;0.3991120177596448;-0.0700280112044818;-0.2140905557786744
High;0.1812763744725105;0.2313253012048192;0.4456478460152451
Unknown;0.9627401837928152;-0.1470588235294117;0.0108461597474486
Unknown;0.0266394672106557;-0.4377880184331797;-1.025795537966076
High;0.0686386272274554;-0.3333333333333333;-0.634458181933449
High;0.0243195136097278;0.4239234449760765;0.6839557009917128
High;0.5394292114157717;-0.2947052947052947;-0.1786763392977935
Medium;0.0177996440071198;0.4188235294117647;0.675622579886747
Unknown;0.0059998800023999;0.3904761904761905;0.6485451261449192
High;7.999840003199936e-05;0.6795180722891566;1.1318632318076698
High;0.1563968720625587;-0.4291044776119403;-0.5447359779159692
High;0.6633067338653227;0.0036231884057971;0.2002488773119471
Medium;0.7456250874982501;-0.0428571428571428;0.1374258922967003
Medium;0.0037599248015039;0.5023255813953489;0.8728584204686585
High;0.121757564848703;0.352112676056338;0.588155251147382
Medium;0.0729185416291674;0.5238095238095238;0.7019080294793203
Low;0.0006799864002719;0.5596330275229358;0.791203202562145
Unknown;0.5320293594128117;-0.3666666666666666;-0.3037160282270342
Unknown;0.3397132057358852;0.1659056316590563;0.3405093683289824
Unknown;0.6846663066738665;0.0350076103500761;0.1511372167441496
Unknown;0.0527589448211035;-0.4137931034482758;-1.1912179633261757
High;0.2668746625067498;-0.0518266779949022;-0.3559299315648284
High;0.0025199496010079;0.4857549857549857;0.7467773575276835
Unknown;0.6040679186416271;-0.2821939586645469;-0.1172018064979225
High;0.6848979591836735;-0.1063829787234042;0.4083428381287759
High;0.5442291154176917;-0.1492281303602058;-0.1834985600529141
Unknown;0.7153856922861542;-0.119047619047619;-0.0790264021510963
Unknown;0.0289994200115997;-0.4117647058823529;-0.8624039440467608
High;0.0226795464090718;0.6601307189542484;0.8236506712394026
Low;0.0905581888362232;0.2984189723320158;0.5264056110151752
Unknown;0.4563108737825243;-0.2868217054263566;-0.3103779657858062
Unknown;0.1789564208715825;0.3070175438596491;0.5865351539136188
Medium;0.0206795864082718;0.3717171717171717;0.6405695736925774
Low;0.0096398072038559;-0.093093093093093;-1.1562180075781148
Medium;0.8354632907341853;-0.0459770114942528;-0.0581450989212444
Unknown;0.2659546809063818;-0.2445520581113801;-0.4489966324076387
High;0.0064398712025759;-0.5683453237410072;-0.719513849260128
Medium;0.125117497650047;0.2918518518518518;0.4803801660958833
High;0.0004399912001759;0.4322344322344322;0.8200025866880419
Unknown;0.2611947761044779;0.4004938271604938;0.3061430255013266
Medium;0.1434771304573908;-0.2921348314606741;-0.4937912029349493
High;0.0581588368232635;-0.3379120879120879;-0.5716306763844007
Unknown;0.0083598328033439;0.3974358974358974;1.2288731651792792
Medium;0.4007519849603008;-0.1816091954022988;-0.2622800937285423
Unknown;0.2140757184856302;0.3720930232558139;0.6540751109986772
High;3.999920001599968e-05;-0.6222222222222222;-1.8020089140204176
High;0.3405131897362052;0.2230769230769231;0.4898355102088188
Control;0.5827483450330994;-0.1474358974358974;-0.2449034849831008
High;0.0265994680106397;0.4961038961038961;0.8018286919311742
Medium;0.3821123577528449;0.1368631368631368;0.2836098984016926
Unknown;0.0547589048219035;-0.3689320388349514;-0.6626753018615841
Unknown;0.0023599528009439;0.6567164179104478;1.02171592624577
Unknown;0.7091058178836424;0.05;-0.1038821545359421
Medium;0.9385412291754164;-0.1611111111111111;-0.0145510386856738
Medium;3.999920001599968e-05;0.8171641791044776;1.1111246441149696
Unknown;0.0031199376012479;-0.6619047619047619;-1.3636386599515824
Unknown;0.7291054178916422;0.0204678362573099;0.1400530601571577
Unknown;0.2951940961180776;0.3037037037037037;0.4628478856582769
Unknown;0.1380772384552309;-0.5;-0.8214362628808818
Unknown;0.4599908001839963;0.0805194805194805;0.3065881517767993
Medium;0.3053138937221256;-0.1745283018867924;-0.3137126182696879
High;0.0459590808183836;-0.3908571428571428;-0.6041112239715151
High;0.6392272154556908;-0.0843373493975903;-0.1425354200784569
Low;0.6984660306793864;-0.0373831775700934;0.1340589028313052
Unknown;0.3517129657406851;-0.2467532467532467;-0.3274719045019246
Medium;0.379712405751885;0.0537780803267528;0.2261119893901078
Unknown;0.5243095138097238;-0.2083333333333333;-0.146693961425342
Medium;0.0247595048099038;0.3805555555555555;0.4095638651416352
Medium;0.6062278754424911;0.1095679012345679;0.158260628490786
High;0.0020399592008159;0.4567307692307692;0.8608656240220139
Unknown;0.0031999360012799;0.6884057971014492;1.1543343998696218
High;3.999920001599968e-05;0.8567901234567902;0.9660847058146168
Unknown;0.2695146097078058;0.2877225866916588;0.3424486010948592
High;0.0001999960000799;-0.8271604938271605;-2.3205909054680327
Low;0.0001199976000479;-0.7038834951456311;-1.4537062986778877
Low;0.0314393712125757;-0.0555183946488294;-0.7132044819142281
Unknown;0.2251554968900622;-0.4;-0.4277444104806496
Medium;0.0473190536189276;0.2896825396825397;0.6694542835466419
Medium;0.6959860802783945;0.0372168284789644;0.1260008425769293
Medium;0.0003599928001439;0.6704545454545454;0.7637686774006747
Medium;0.2688346233075338;-0.3283582089552239;-0.4176757164687162
Medium;0.0937181256374872;-0.254320987654321;-0.4829284847939903
Unknown;0.2080358392832143;0.3877551020408163;0.5152740873122089
Unknown;0.1571968560628787;0.2563868613138686;0.3737911692696432
Medium;0.3180736385272295;0.2832080200501253;0.4051336535224142
High;0.0001199976000479;-0.7;-1.71389416380539
Unknown;0.6634667306653866;-0.4052287581699346;-0.1017707451528791
Medium;0.9290614187716244;-0.1023923444976076;-0.0083181952006234
High;0.1369172616547669;0.2902439024390243;0.4523840190844281
Unknown;0.4253514929701406;0.1121951219512195;0.2713409665805689
High;0.0538789224215515;0.3473684210526316;0.559665777345273
Unknown;0.0006399872002559;0.7733990147783252;0.9824133114619183
Unknown;3.999920001599968e-05;-0.7132146204311153;-1.7320366853829663
Unknown;0.0020799584008319;0.4886039886039886;0.833072137338588
High;0.0711985760284794;0.357037037037037;0.571649535966987
High;0.1446371072578548;0.404040404040404;0.4584008740758008
Low;0.0001999960000799;0.5914994096812278;0.8057635264611109
Medium;0.0031599368012639;-0.4664784756527876;-0.9737392035581528
High;0.0397992040159196;0.4687131050767414;0.3906069987227206
Unknown;0.0144797104057918;0.5098934550989346;0.8257880597064335
Unknown;0.4885102297954041;-0.1944444444444444;-0.2260195681758212
Unknown;0.379992400151997;0.1162619573215599;0.2253589352865047
High;3.999920001599968e-05;0.5980392156862745;1.067313961922401
Control;0.0095598088038239;0.4411764705882353;0.7603697696883729
High;0.368792624147517;-0.152073732718894;-0.3602807988910799
Unknown;3.999920001599968e-05;-0.8539682539682539;-2.470269171477072
Medium;0.622747545049099;-0.0404411764705882;0.2461389044059729
Unknown;3.999920001599968e-05;-0.8898601398601399;-2.399208074525564
Medium;0.3500329993400132;-0.1882716049382716;-0.3324860100529309
Medium;0.0494790104197916;-0.5597402597402598;-0.6795687252377126
Unknown;0.2133157336853263;-0.304404996712689;-0.378909020944117
Unknown;0.1486370272594548;-0.0961538461538461;-0.7486403656519163
Unknown;0.2300353992920141;-0.3522012578616352;-0.5305448302939705
Unknown;0.0173596528069438;-0.6692708333333334;-0.856432338919415
Unknown;0.0667586648267034;0.32;0.5776914275614787
Unknown;0.880262394752105;-0.0529100529100529;0.0875538428715906
Unknown;0.5169896602067958;0.0884615384615384;-0.2310900903128915
Unknown;0.4529109417811643;-0.2748538011695906;-0.2306554692361325
High;0.7528249435011299;0.0027777777777777;0.1403697578871099
Medium;0.0372392552148957;-0.6170212765957447;-0.896195993507185
High;3.999920001599968e-05;-0.8468468468468469;-2.679313442518308
High;0.0003999920001599;0.3719124911785462;0.9537364212134
Low;0.0013199736005279;0.59375;1.1350207679476636
Medium;0.2547949041019179;0.2853658536585365;0.3770064467169598
Unknown;0.0001999960000799;-0.7058823529411765;-1.5433822467572724
Unknown;0.116317673646527;0.4230769230769231;0.5824632975199316
High;3.999920001599968e-05;-0.8740053050397878;-2.457565007938625
High;0.0172396552068958;0.4463414634146341;0.64550588240166
Unknown;0.0009599808003839;-0.1336032388663967;-1.1597725982626808
Unknown;0.0326393472130557;0.3594771241830065;0.6753609175036155
Low;0.8717425651486971;-0.020253164556962;0.1303285827637713
Unknown;0.1326373472530549;-0.3157380254154447;-0.5183501706045658
High;0.6608267834643307;0.3214285714285714;0.2816947593551092
High;0.4819503609927801;0.1508903467666354;0.2427664248415276
High;0.0157996840063198;0.5859969558599696;0.9171137944044312
Low;0.2535549289014219;-0.2577777777777778;-0.3811795677045677
Unknown;0.0630387392252155;0.5466666666666666;0.6667012486642574
High;0.984260314793704;0.0866666666666666;0.0139222639929235
High;0.7871442571148577;0.0404858299595141;0.0883423704800399
Unknown;0.877742445151097;0.040650406504065;0.129992627306554
Medium;0.0063598728025439;0.4290123456790123;0.7708615335052842
Low;0.0635587288254234;0.2975609756097561;0.5750658960712743
Low;0.0129197416051678;0.3333333333333333;0.711867509586745
High;0.3581128377432451;0.2476190476190476;0.397664131796797
High;0.7258654826903462;0.094017094017094;0.1039931956066866
Unknown;0.6713465730685386;0.1172839506172839;0.1875728800511495
Unknown;0.6427871442571148;-0.1843971631205673;-0.1958398042362782
Medium;0.2047159056818863;-0.3171390013495276;-0.3881234048083898
High;0.0070798584028319;0.5144927536231884;0.829470772516461
Unknown;0.6687866242675147;0.2062706270627062;0.1407582768851679
High;0.3789924201515969;-0.2198581560283688;-0.3817887547875806
High;0.0038399232015359;0.5555555555555556;1.041607683324986
Unknown;0.750584988300234;0.0208333333333333;0.1563253116266203
Low;0.0763984720305593;0.3634085213032581;0.6604239985477673
High;0.0323993520129597;-0.5346153846153846;-0.90342794751166
High;0.0059198816023679;0.5876543209876544;0.6758429464258012
High;0.0009199816003679;0.5108433734939759;1.1100511929693049
Unknown;0.4030719385612287;-0.1428571428571428;-0.285958305630424
Medium;0.1963160736785264;0.1864095500459136;0.4078021577511881
Unknown;0.0298394032119357;0.563855421686747;0.6720748278751181
High;7.999840003199936e-05;-0.5144855144855145;-1.5925385898789604
Unknown;0.0014399712005759;0.5121630506245891;0.892098222933704
High;0.0827983440331193;-0.3478260869565217;-0.6369188565370786
Medium;0.2113157736845263;-0.3442622950819672;-0.512428840347309
Low;0.0008399832003359;-0.490036231884058;-0.8543281162072583
High;0.0034399312013759;-0.5901639344262295;-1.174046471251282
Unknown;0.7573848523029539;0.0235294117647058;-0.0886328873566437
High;0.1103977920441591;0.4696296296296296;0.5421796309515002
High;0.0059598808023839;-0.6084656084656085;-1.3156792510949111
Medium;0.7177056458870823;0.2884615384615384;0.1679651113977888
High;0.1955560888782224;-0.3301204819277108;-0.4398826528435061
High;0.4097518049639007;0.15;-0.2450296634081298
Unknown;0.2376352472950541;-0.3298611111111111;-0.4853556811939354
Medium;0.1425971480570388;0.2475524475524475;0.4131058104537239
High;3.999920001599968e-05;-0.6955782312925171;-1.3090087420856162
High;0.8402231955360893;-0.0880281690140845;-0.0527447212003371
Unknown;0.6311873762524749;0.1987179487179487;0.2303620672875279
Unknown;0.3585928281434371;-0.1527777777777778;-0.3943924898847076
High;0.0164396712065758;0.4894894894894895;0.6702498455378804
High;0.3831923361532769;-0.1789473684210526;-0.291622009472551
Unknown;0.5801883962320754;-0.0522388059701492;-0.1868079865690297
Unknown;3.999920001599968e-05;-0.7536764705882353;-2.315638888441283
High;0.365152696946061;0.2789855072463768;0.3453233317287368
Low;0.0317193656126877;0.5864197530864198;0.9618270023116828
Low;0.2609547809043819;0.2246913580246913;0.3767856026227714
High;0.0560788784224315;-0.340080971659919;-0.7023100039067925
Unknown;0.114157716845663;-0.4638888888888889;-0.5959385913544185
Unknown;0.5670286594268115;0.1296296296296296;0.2236648452233963
Low;0.0483190336193276;0.3102310231023102;0.579954765018607
Unknown;0.1424371512569748;-0.0285285285285285;-0.4704150051543216
High;0.3314333713325733;0.2052238805970149;0.3723508527738062
Unknown;0.0167196656066878;-0.4074074074074074;-0.8648939794652812
High;0.0123997520049599;0.6790123456790124;0.8855487519065413
High;0.8805423891522169;-0.1694444444444444;-0.0353193693994423
High;0.0002399952000959;0.6818181818181818;1.2303332659454933
Medium;3.999920001599968e-05;0.6932966023875115;0.8823657905123045
High;0.0209195816083678;0.364613880742913;0.7047704019124598
High;3.999920001599968e-05;0.7422037422037422;0.9623367599761958
Medium;0.0899182016359672;0.3180722891566265;0.571273809258429
Medium;0.0011599768004639;-0.6451836451836452;-1.2397100921039053
Unknown;0.740865182696346;-0.1826923076923076;-0.0935348494789362
High;0.4501909961800764;-0.2944444444444444;-0.3105988422405215
Unknown;0.0040799184016319;-0.6265884652981427;-0.966673957343214
Low;0.1130777384452311;-0.388295165394402;-0.447044553214915
Low;0.0001999960000799;0.6176470588235294;0.768670516050088
Medium;3.999920001599968e-05;0.8761904761904762;1.155310708539908
Unknown;0.0009599808003839;0.5732441471571906;0.7916995739600284
Unknown;0.5608687826243475;-0.0807017543859649;-0.150202367071374
High;0.0528389432211355;0.47599451303155;0.540936220611051
Unknown;0.3423931521369572;-0.1552941176470588;-0.3155793817332719
Unknown;0.989260214795704;-0.1444444444444444;0.0476886225691812
High;0.7699446011079778;-0.0172839506172839;0.1244516354532364
Unknown;0.0017599648007039;-0.4517374517374517;-0.9455555743755923
High;0.3226335473290534;0.26;0.4468382380321732
High;0.0066798664026719;0.3131868131868132;0.6219155798482019
Unknown;0.8433031339373213;0.1212121212121212;0.0667272980521519
High;3.999920001599968e-05;0.8715415019762845;1.516858477451555
Unknown;0.9281014379712406;-0.0564593301435406;-0.018026972530923
High;0.8451030979380413;0.0678210678210678;0.0819707124275388
Medium;0.0098798024039519;0.48;0.7285559827724695
Unknown;0.3579928401431971;0.1938775510204081;0.3806072036612449
Unknown;0.2637147257054859;0.3181818181818182;0.4178842669083746
Medium;0.0035599288014239;0.6;1.073906436936218
Medium;3.999920001599968e-05;-0.7966101694915254;-3.416543024514772
High;0.6143477130457391;-0.1520467836257309;-0.1608820422877015
Medium;0.9014619707605848;0.3209876543209876;0.0091767004759719
Medium;3.999920001599968e-05;-1.0;-6.155426259265333
Unknown;0.0245195096098078;-0.6433823529411765;-0.9694128468548568
Unknown;0.0373192536149277;0.4;0.5972288206056434
Medium;0.5593888122237555;-0.1138545953360768;-0.2106025168526381
High;0.7409451810963781;-0.1358885017421602;-0.0905457204377722
High;0.0295994080118397;0.4548611111111111;0.604799819758929
Low;0.1322232500770891;0.5454545454545454;0.6767257438231524
Unknown;0.6109477810443791;0.0434782608695652;-0.1627407695850658
High;0.0031199376012479;0.3964285714285714;0.7460191652451418
Unknown;0.0783584328313433;0.3459119496855345;0.5226021029618163
High;0.3371932561348773;0.0435835351089588;0.2739991630047013
High;0.0239595208095838;-0.3916725476358504;-0.6758988073043497
Low;0.4836703265934681;0.1521739130434782;0.3174033997233383
Low;0.0612787744245115;-0.3333333333333333;-0.8630252794785529
Unknown;0.4494710105797884;0.06640625;0.2865718261134672
High;0.374992500149997;0.2442396313364055;0.3377687062432461
High;0.0293194136117277;-0.463768115942029;-0.8271950723757058
Unknown;0.3388732225355493;-0.1446540880503144;-0.3000680824310023
Low;0.0018399632007359;0.6838235294117647;0.9943436244143594
High;0.2032759344813103;-0.4516594516594516;-0.4869923231239263
Unknown;0.0038799224015519;0.6375;0.8910413577022287
Unknown;0.3059138817223655;-0.2065527065527065;-0.2987457041945178
Medium;0.8125437491250175;-0.0791245791245791;0.0727157155919962
Unknown;0.8599428011439771;-0.0317073170731707;-0.0361116901183352
High;0.3777924441511169;-0.1314102564102564;-0.2510360320203799
Unknown;0.0001599968000639;0.6470588235294118;1.1376139541213617
Medium;0.241195176096478;0.0811369509043927;0.3101272578877512
Unknown;0.1332773344533109;-0.3466533466533466;-0.5010263349792324
High;0.0517189656206875;0.3265306122448979;0.5847493945738579
High;0.0055998880022399;-0.6773211567732116;-1.1033075907235763
Low;0.7725045499090019;-0.1135531135531135;-0.0792537368450255
Unknown;0.0383192336153276;0.4659090909090909;0.7689354494990346
Control;0.3601927961440771;-0.2979591836734694;-0.4368962412979988
Medium;0.9431811363772724;-0.0357142857142857;-0.0190768855945523
Unknown;0.8085438291234175;-0.0133333333333333;-0.0775938593036075
High;0.0757184856302874;-0.4444444444444444;-1.001701139271207
High;3.999920001599968e-05;0.8309859154929577;1.1222984159329603
High;0.5929881402371953;-0.0255813953488372;0.1899048348302142
High;0.2168356632867342;-0.2601246105919003;-0.3787074578347134
High;0.5380292394152117;0.2727272727272727;0.1941085844233554
Low;0.7155856882862343;-0.3003003003003003;-0.0870304811343842
High;0.2685946281074378;-0.2957559681697613;-0.3325773415096784
Low;0.5773484530309394;0.1023255813953488;0.2020286781040207
High;0.3883122337553249;-0.2114402451481103;-0.2743523085762123
High;0.6596668066638667;-0.0485436893203883;0.1439298036978737
Low;0.0847583048339033;0.5310457516339869;0.5372339127031319
Unknown;0.864142717145657;-0.122077922077922;-0.037268999267417
Medium;3.999920001599968e-05;0.9642857142857144;1.076287286131941
Unknown;0.988340233195336;-0.0718954248366013;0.0305109835764339
Unknown;0.623147537049259;-0.1633986928104575;-0.1731766484306734
Low;0.0071598568028639;0.5234567901234568;0.9409555334737426
Medium;0.0229995400091998;0.5123152709359606;0.870978653417156
Unknown;0.0040399192016159;-0.2166666666666666;-1.1405797303123095
High;0.8119437611247775;0.1606978879706152;0.0944201274403951
Unknown;0.0373992520149597;0.3539823008849557;0.5879093781354479
Medium;0.2193956120877582;-0.3498023715415019;-0.4088075503198048
Medium;0.1410371792564148;-0.1931818181818181;-0.5490445797400079
Unknown;0.1742765144697106;0.3066933066933067;0.4335101337231958
Unknown;0.5430291394172116;-0.0805860805860805;-0.1720510566516097
High;0.0055598888022239;-0.6479591836734694;-1.012125412653181
Unknown;0.0002399952000959;-0.7464788732394366;-1.876948365499457
High;0.112757744845103;-0.1533052039381153;-0.5986407484272114
Medium;0.3271134577308454;0.1818181818181818;0.2944337176572291
High;3.999920001599968e-05;0.8541458541458542;0.8878096859038628
Unknown;0.4079518409631807;0.04;-0.398088125121152
Low;0.8687826243475131;-0.0780141843971631;0.0837829570626613
Medium;0.6151076978460431;0.1209302325581395;0.1733097791345426
High;0.0201995960080798;0.5075757575757576;0.8510846648519257
High;0.0073198536029279;0.5413105413105413;1.0210644093586962
High;0.0080798384032319;0.4581395348837209;0.7432881131706189
Unknown;0.5396292074158516;0.0778164924506387;0.1832257214402583
Unknown;0.7837043259134817;-0.0943396226415094;-0.1002737546166924
High;0.9313813723725526;-0.228395061728395;-0.0059355326551808
Medium;0.1283974320513589;0.4313253012048192;0.5161871639993177
Low;0.0001999960000799;-0.7297297297297297;-1.564668102033695
Unknown;0.0555188896222075;-0.6613756613756614;-0.9113285013843792
High;0.0834783304333913;-0.4074074074074074;-0.6524909267543358
Unknown;0.8566628667426651;-0.1538461538461538;0.0838499026637834
Medium;0.0013999720005599;0.6401124648547329;0.7190968156016946
Unknown;0.3185136297274054;-0.3940886699507389;-0.3986453915615321
High;3.999920001599968e-05;0.9027777777777778;1.831262519031573
High;3.999920001599968e-05;-0.5333333333333333;-2.251147305378973
Unknown;0.3005139897202056;-0.3076923076923077;-0.39400503306328
Medium;0.871582568348633;0.034717494894486;0.0465318515979529
Low;0.0823583528329433;0.2049012933968686;0.4855555255949958
Low;0.6376672466550669;0.0763888888888889;0.2330596222072863
High;0.991620167596648;-0.1474654377880184;0.0261638454738332
High;0.6532269354612907;-0.1476997578692493;-0.1710208302356839
Medium;0.5995480090398192;0.1645569620253164;0.1982473236112047
Medium;0.5109097818043639;-0.1392557022809123;-0.1809919809549566
Low;3.999920001599968e-05;-0.5454545454545454;-2.037316896460729
Medium;0.0068398632027359;-0.62109375;-1.1169307488437852
High;0.0003199936001279;-0.7314814814814815;-1.6377023737956062
Low;0.0584388312233755;0.4338235294117647;0.6754811859856783
High;0.2239955200895982;-0.1377551020408163;-0.5034445698065968
High;0.7639047219055619;-0.1851851851851851;-0.111653320875241
Unknown;0.6075078498430031;0.0579710144927536;0.2187019013211729
High;0.1534769304613907;0.1753902662993572;0.4283832203230968
Medium;0.1566368672626547;-0.6884057971014492;-0.6517330299388628
High;7.999840003199936e-05;0.5916666666666667;1.0552933830341802
Medium;7.999840003199936e-05;0.6045883940620783;0.9440998114308624
Medium;0.8790624187516249;-0.0934579439252336;-0.0398019439038313
High;0.0092798144037119;0.664179104477612;0.6515534517906569
Medium;0.3061538769224615;0.2835820895522388;0.3855365072056865
Medium;3.999920001599968e-05;-0.7954545454545454;-1.5298701762117757
Unknown;0.1330373392532149;-0.8066666666666666;-0.7872844349201673
High;0.0200795984080318;-0.4746543778801843;-1.0995745935520915
High;0.499390012199756;0.203125;0.3026952175618632
High;0.0140397192056158;-0.3461538461538461;-1.0964025881672037
High;0.0436791264174716;-0.4116445352400408;-0.6587783437268133
Medium;0.120837583248335;0.2072072072072072;0.4090128014061238
Low;0.1656366872662546;0.2900641025641026;0.4246073128970883
Medium;0.2693546129077418;0.3216031280547409;0.3463231149600547
Unknown;0.2595548089038219;-0.5175644028103045;-0.4716347879959632
Unknown;0.9315813683726324;-0.0507177033492822;-0.0110296716716388
Unknown;0.0261594768104637;0.4564796905222437;0.6694033266158333
High;0.0001599968000639;0.5302083333333333;0.6797230093632961
Unknown;0.0097998040039199;-0.6290322580645161;-1.1633443389888485
Medium;0.1827963440731185;-0.2962962962962963;-0.5866059114112729
High;3.999920001599968e-05;-0.6315049226441631;-2.222806415863724
High;0.5105497890042199;-0.2729411764705882;-0.2107743253763752
Unknown;0.992780144397112;-0.1111111111111111;0.0340927034740896
High;0.6711065778684426;-0.0095238095238095;0.1677741209059136
Medium;7.999840003199936e-05;0.6793650793650794;1.1798339990179856
Unknown;0.0001999960000799;-0.73046875;-1.7689023837982318
Low;0.0100797984040319;0.5308641975308642;0.6431045164263497
Unknown;0.0451190976180476;0.2842242503259452;0.5389229232837893
Unknown;0.0719585608287834;0.4341463414634146;0.6164342457084467
High;0.1296374072518549;-0.1123595505617977;-0.5447748875187072
Medium;0.0663186736265274;-0.2633928571428571;-0.5261671944158824
Medium;0.0335593288134237;0.2475247524752475;0.499960778907402
Unknown;0.8307833843323134;0.1333333333333333;0.0952348022782184
Low;0.114197716045679;0.3316498316498316;0.4768382611598264
Medium;0.8315433691326174;-0.0604288499025341;-0.082492958871304
Low;0.0001199976000479;0.7986111111111112;0.9664277290642108
Medium;0.1855562888742225;0.5245098039215687;0.3923769502147592
High;0.0002799944001119;0.8548009367681498;1.4888431034334215
Unknown;0.0432391352172956;-0.3298611111111111;-0.8190438455829936
Low;0.5275094498110038;0.1476190476190476;0.2207614952832112
High;0.0003599928001439;-0.7152103559870551;-1.314609803459163
Medium;3.999920001599968e-05;-0.9040225829216656;-2.682373628238455
High;0.8454230915381692;-0.0445269016697588;0.1265032258103449
Unknown;0.7673046539069218;-0.0792880258899676;-0.0857108945752306
Medium;0.3934721305573888;0.2364672364672364;0.3023248591621562
High;0.9217415651686968;-0.3955555555555555;0.102627436109702
Medium;0.7410651786964261;0.0814814814814814;0.1580900374336592
Unknown;0.0741985160296794;0.5;0.7378176703657706
High;0.4021519569608607;-0.3133802816901408;-0.3044226390776096
High;0.9145817083658326;-0.1063829787234042;0.1155402379609771
Unknown;0.2996740065198696;-0.1732673267326732;0.3196151437430938
High;0.1850362992740145;0.2539682539682539;0.4259933085777121
Unknown;0.0032799344013119;-0.6865671641791045;-1.1552266955377737
Unknown;0.7833843323133537;-0.0577777777777777;-0.1400951361160278
Medium;0.3813523729525409;0.0545171339563862;0.2684745798660378
Medium;0.3773924521509569;-0.2565656565656565;-0.2840080295142841
Unknown;0.0467190656186876;-0.4722222222222222;-0.7480140609439084
Unknown;0.2136357272854543;-0.3694581280788177;-0.3717575818563267
Unknown;0.0128797424051518;0.4883040935672514;0.7620768365336509
High;0.2051158976820463;-0.3887814313346228;-0.4162629893706639
Unknown;0.2640747185056299;0.2686567164179104;0.4122451856030344
High;0.0235195296094078;0.4459259259259259;0.8045684733551102
High;0.0029599408011839;-0.5436893203883495;-0.9691420923041684
Medium;0.618267634647307;0.273224043715847;0.2128395081988498
Low;0.0103997920041599;0.2373737373737373;0.6730430321647457
Low;0.0807583848323033;0.2980769230769231;0.5195129352929195
High;0.0613587728245435;0.3794037940379404;0.5867737121198632
Unknown;0.1831963360732785;-0.291497975708502;-0.3969955070119004
High;0.0011599768004639;-0.8253968253968254;-1.7501878470422076
Unknown;0.0005999880002399;-0.5824561403508772;-1.0920948130344903
Unknown;0.0400391992160156;-0.5166666666666667;-1.1120787477000544
Unknown;0.1534369312613747;-0.3357142857142857;-0.4917458521983479
Medium;0.2772344553108938;0.2397959183673469;0.4355766932228693
Medium;0.5522289554208916;-0.0184331797235023;0.2586798963505176
Unknown;0.0534389312213755;0.3846153846153846;0.6385066972689133
Unknown;0.0440791184176316;-0.6222760290556901;-0.9662548143489812
Unknown;0.0236795264094718;-0.6222760290556901;-1.0476610022772304
Low;0.1585568288634227;0.2995391705069124;0.5522612895670952
High;0.120237595248095;0.2720588235294117;0.569262065285157
Unknown;0.7012659746805064;0.0175438596491228;0.1623299395891257
Medium;0.0001599968000639;-0.6826801517067004;-1.2139035678526335
Unknown;0.4635107297854043;-0.3016666666666667;-0.2125378174205427
Unknown;0.0808383832323353;0.4438775510204081;0.6742716657951926
Medium;0.2771544569108617;0.1046831955922865;0.3626208283431257
Unknown;0.0220395592088158;-0.1412894375857339;-0.960568080811213
Unknown;0.3110737785244295;-0.2947761194029851;-0.3864908236444777
Unknown;0.1634767304653906;0.2907801418439716;0.5176760958811529
Unknown;0.0583188336233275;0.3513513513513513;0.6337803371457054
Unknown;0.5715885682286355;0.0628803245436105;0.1491056834055384
High;0.991940161196776;-0.0147058823529411;0.0019200527740754
High;0.492190156196876;0.0262345679012345;0.2243082213107216
Low;0.9064618707625848;0.0211267605633802;-0.0084763474551381
High;0.0712385752284954;-0.2771672771672772;-0.4915429383721148
High;0.0003199936001279;0.7708333333333334;1.2213055552759662
Unknown;0.0001199976000479;0.7878787878787878;1.3858573931449911
High;0.0001199976000479;0.7536585365853659;1.0336090919415468
High;7.999840003199936e-05;0.859375;1.2188796143842608
High;0.6941461170776585;0.0246305418719211;-0.1378744919944883
Unknown;0.0223995520089598;0.4928571428571429;0.8859639067176897
Unknown;0.1541569168616627;0.2452830188679245;0.4642366758951387
Unknown;0.0002399952000959;-0.9044117647058824;-1.730721169967638
Low;0.5594288114237715;-0.0282708744247205;-0.1617330878258812
Unknown;0.3183136337273254;-0.1968787515006002;-0.2815212490191668
High;0.9216215675686488;0.0797773654916512;0.039080488765245
Unknown;0.3428331433371333;0.1904761904761904;0.3876442963357083
High;0.7648647027059459;0.037037037037037;0.1399116757759588
High;0.0031199376012479;-0.4953917050691244;-0.8902067828613368
Medium;0.0001599968000639;0.508994708994709;0.6738792457140631
Unknown;0.368472630547389;-0.1224489795918367;-0.2901001564110252
Medium;0.7721845563088738;-0.02372393961179;-0.068056079485655
Unknown;0.0001599968000639;0.7048780487804878;1.1129301720427855
High;0.0005199896002079;0.720164609053498;1.2390541422945356
High;0.6640667186656267;-0.0176870748299319;0.1369329043928679
Unknown;0.5972680546389072;0.0044444444444444;0.2657516962905843
Medium;0.0035599288014239;0.503448275862069;0.8465433026794578
High;0.8979020419591608;-0.1185185185185185;0.0600262546690769
Unknown;0.5733085338293235;-0.1231231231231231;-0.1864504322450704
High;3.999920001599968e-05;-0.7489143308330043;-1.6090376899400418
Unknown;0.7448251034979301;-0.2419753086419753;-0.0823551646208823
Medium;3.999920001599968e-05;-0.7244444444444444;-1.4078888330224086
Unknown;0.3941521169576608;-0.2418300653594771;-0.3027438541103311
Medium;0.0319193616127677;-0.6206088992974239;-1.0592546961090905
Control;0.2966340673186536;-0.1935483870967742;-0.3462190322326804
Unknown;0.4883902321953561;0.0212765957446808;0.3125532796863942
High;0.6792264154716906;0.1095983662355343;0.1329878357256007
High;0.0044799104017919;0.5296442687747036;0.6412481612659943
High;3.999920001599968e-05;-0.8560975609756097;-3.110174494658098
Unknown;0.0157596848063038;0.401294498381877;0.7040404982790293
High;0.3047939041219175;0.1185185185185185;0.348398287937775
Unknown;0.3309933801323974;0.1906158357771261;0.3090844057180184
High;0.0008399832003359;0.5959595959595959;0.9634062255680836
Unknown;0.6595868082638348;0.0390625;0.1917652048946082
Unknown;0.5054698906021879;0.1347517730496454;0.2999055046865346
Unknown;0.372072558548829;0.0887850467289719;0.272345923808156
Low;0.5834283314333714;0.0944444444444444;0.2025251136281692
High;0.0777984440311193;0.2771084337349397;0.487376740757375
Control;0.0339993200135997;0.4055555555555555;0.723104269176222
Unknown;0.3288734225315494;0.1176470588235294;0.304578823603326
High;0.5464690706185876;0.0321428571428571;-0.1900018128624241
High;0.3317533649327013;-0.3071895424836601;-0.3536379230086975
Low;0.4192316153676926;-0.1893939393939394;-0.3550647589738621
Medium;0.7184656306873862;0.1296296296296296;0.1832408073901404
Low;0.0527189456210875;0.2629051620648259;0.5112427976983884
High;0.0272394552108957;0.5432098765432098;0.9111247795031362
Unknown;0.3579528409431811;-0.0461538461538461;-0.3485992980235264
High;0.0007599848003039;-0.8585858585858586;-2.1630045543889547
Unknown;0.8817023659526809;-0.2095639943741209;-0.0317943134778192
High;0.8231035379292414;-0.0571428571428571;-0.0446988010982807
Unknown;0.8459430811383772;-0.1383647798742138;-0.0410428431894157
Low;0.0049199016019679;0.5714285714285714;1.2425394298846195
High;0.0409591808163836;-0.4951923076923077;-0.6909793817205682
High;3.999920001599968e-05;-0.8011695906432749;-2.530771382473762
Unknown;0.0057998840023199;0.6370370370370371;0.6629397475260581
High;0.0030799384012319;0.5277777777777778;0.8323432218872996
Medium;3.999920001599968e-05;0.8;1.2174325809190312
High;0.5179096418071638;-0.1287878787878787;-0.2497374237419216
Unknown;0.7341453170936582;-0.1496503496503496;-0.085583683588864
Medium;0.2727545449091018;0.3896103896103896;0.3500141422401448
High;0.0068398632027359;0.4656862745098039;0.6477209346294812
Unknown;0.0927181456370872;-0.2571428571428571;-0.7211657700376273
Unknown;0.3931921361572768;0.074074074074074;0.3863741697310769
High;0.1779164416711665;0.4024024024024024;0.4029634082099527
High;0.3926321473570529;0.2692307692307692;0.3214762907530596
Unknown;0.3298334033319333;-0.2906403940886699;-0.3932227638578783
High;0.7136257274854503;0.0142954390742001;0.1174509378591569
High;0.0383592328153436;0.41699604743083;0.5687848476588214
High;0.9493410131797364;-0.0142857142857142;0.0506822110255467
Low;0.0002799944001119;0.6819277108433734;0.9409018735495924
High;0.4803103937921241;0.0753968253968253;0.2709852817736338
Unknown;0.2638347233055338;-0.3741496598639456;-0.4942932168381028
High;0.367192656146877;0.0119375573921028;0.2914200389782088
High;0.0559588808223835;0.3805555555555555;0.6207264894239026
Unknown;0.7209855802883942;-0.036319612590799;0.1568764196077481
Unknown;0.1682766344673106;-0.4708994708994709;-0.5760431335467912
Medium;0.0001199976000479;0.7407407407407407;1.3486846995604878
High;0.0438391232175356;0.0785714285714285;0.5051627053071875
Low;0.3257934841303174;-0.2265943012211669;-0.32157822741539
Unknown;0.627787444251115;0.0979929161747343;-0.0751396713041203
Unknown;0.872862542749145;-0.1666666666666666;-0.0226606126467439
High;0.5227895442091158;-0.0507462686567164;0.1944504799947159
Medium;0.3996720065598688;0.1670702179176755;0.3401590356091982
High;0.0022799544009119;0.4748173779315648;0.7083584439817951
Medium;0.3949921001579968;0.0619047619047619;-0.2257450844558584
High;0.993380132397352;-0.0690335305719921;0.0340569943863095
Unknown;0.8083038339233215;-0.3680555555555556;0.0114638641749038
Unknown;0.6857462850742985;0.036036036036036;0.2330245224757119
High;0.7721045579088418;-0.0356589147286821;0.1065511243918221
Unknown;0.117277654446911;-0.3192307692307692;-0.6094248536218473
Unknown;0.0004399912001759;0.7844611528822055;1.1929305720154892
Unknown;0.0831183376332473;0.3838383838383838;0.5182956357014865
High;0.874542509149817;-0.0295358649789029;0.0794363840001525
High;0.0031999360012799;0.5517241379310345;0.8709185220696186
Unknown;3.999920001599968e-05;-0.7966764418377321;-2.6666325541831664
Unknown;0.0280394392112157;0.4612676056338028;0.7766574295580422
Unknown;0.6511469770604588;0.0886075949367088;0.1637247467198987
Medium;0.8997820043599128;0.1138014527845036;0.0598806389735328
High;0.3607927841443171;0.1986622073578595;0.2696045314762412
High;0.5293894122117557;0.1944444444444444;0.2272921568519615
High;0.0003999920001599;0.6186186186186187;0.8509043076241259
Unknown;0.0427991440171196;-0.7393689986282579;-0.8202197304838339
Unknown;0.2680746385072298;0.2591876208897485;0.3488376281243973
High;0.4851502969940601;0.0923076923076923;0.3094272900185602
Low;0.1478770424591508;-0.0030864197530864;-0.5306613189741533
High;0.1977560448791024;0.1691176470588235;0.3816428050245086
High;0.1920361592768144;0.1214285714285714;0.3436430741706102
High;0.6687066258674826;0.0702179176755447;0.189815052868971
Low;0.8557428851422971;-0.1299927378358751;0.0486603521615521
High;0.0001199976000479;0.6203703703703703;1.3219423402831925
Medium;0.8999820003599928;-0.0303030303030303;0.045107552493362
Medium;0.3128737425251495;-0.1895424836601307;-0.3099423859973144
High;0.0987580248395032;0.3529411764705882;0.5557654749302126
High;0.0679586408271834;0.3103044496487119;0.5064258773408831
Unknown;0.1557168856622867;-0.3263888888888889;-0.5547568226485886
Medium;0.0785584288314233;0.5608465608465608;0.3842869675470818
Unknown;0.7177856442871142;-0.0208333333333333;-0.1599827448568242
Medium;0.113917721645567;-0.3215149073327961;-0.4294101285231536
Medium;0.6497470050598988;0.0964912280701754;0.161046115333449
High;0.0016399672006559;0.467032967032967;0.8718196869063202
High;0.0379992400151997;-0.4320632638389647;-0.6272968046337798
Medium;0.4835103297934041;0.1434343434343434;0.2270354968817459
High;0.6043479130417392;0.0452380952380952;0.1841835046651539
Medium;0.8220635587288254;-0.0584795321637426;0.09545051642656
Unknown;3.999920001599968e-05;0.8266978922716628;1.090633002772515
Unknown;0.2897942041159176;0.3333333333333333;0.464043241588299
Medium;0.0112397752044959;-0.3220140515222482;-0.8054838103108207
Medium;0.0357992840143197;0.2476851851851851;0.6194012586429644
High;0.8000239995200096;0.08;0.1215637927417897
High;0.4429511409771804;-0.0545454545454545;0.2538867413389753
High;0.0068798624027519;0.4063989108236895;0.7517020359168469
Unknown;0.0003199936001279;0.8125;1.4654024297191917
High;0.3483930321393572;0.0927456382001836;0.3066625433241178
High;0.5997880042399152;-0.2467532467532467;-0.1795868457030404
High;0.8205435891282175;-0.0274170274170274;0.1529847803153589
Unknown;0.6614267714645707;0.1379310344827586;0.1811801041525112
Unknown;0.116597668046639;-0.3819444444444444;-0.7039700262230641
Unknown;0.0084798304033919;0.5116598079561042;0.9598750104224938
Unknown;0.2076358472830543;0.2574257425742574;0.3758706818506149
Medium;0.0386792264154716;-0.5333333333333333;-0.8659657479242682
Low;7.999840003199936e-05;-0.7035294117647058;-1.5035661518486774
Low;0.2052758944821103;0.0951048951048951;0.3546428939035619
High;0.4835103297934041;-0.3580858085808581;-0.2085974466013943
Low;0.0753184936301274;0.2056901191849288;0.4309962532708639
High;7.999840003199936e-05;-0.7789855072463768;-2.299990018841421
Unknown;0.4511109777804444;0.1794871794871795;0.2424638153626933
High;0.0704385912281754;-0.3144654088050314;-0.5771780830207988
Unknown;0.5513089738205236;-0.0507246376811594;0.2830125279543375
Control;0.0214795704085918;0.6444444444444445;1.0624730982473227
Medium;0.0010799784004319;0.5868945868945868;1.1269032537858787
Medium;0.0865582688346233;0.2619047619047619;0.655250095823188
Unknown;0.0271994560108797;0.541871921182266;0.6941106450777785
Control;0.2127957440851183;-0.3316326530612244;-0.5112347440575974
Low;0.9288614227715446;0.0476190476190476;-0.0199023609184301
Unknown;0.3271534569308614;-0.3507751937984496;-0.3021155913116441
High;0.7589048219035619;0.0321428571428571;0.2153456800213721
High;0.0938381232375352;-0.4285714285714285;-0.722962283258242
Unknown;0.5751484970300594;-0.1604477611940298;-0.1959716331710355
High;0.0307193856122877;0.5035211267605634;0.6448639878378475
Low;0.0259194816103677;0.6173913043478261;0.7597267160325794
Unknown;0.3119537609247815;0.1604938271604938;0.3527689334941968
High;0.1761564768704626;0.4444444444444444;0.6184667900922756
Medium;3.999920001599968e-05;-0.5016835016835017;-1.5064857387900477
Unknown;0.1853962920741585;-0.3090277777777778;-0.5040716004130225
High;3.999920001599968e-05;0.8666666666666667;1.4934652034799312
High;0.0525589488210235;0.4526315789473684;0.5358387478138652
Unknown;0.4447111057778844;0.3904761904761905;-0.224431555919089
High;0.0553588928221435;0.5899814471243042;0.5946997173650935
High;0.0157596848063038;0.4926624737945492;0.8299114177844336
High;0.1623567528649427;-0.1107142857142857;-0.5633571935404169
Medium;7.999840003199936e-05;-0.7699775952203136;-1.5150791088002582
High;0.0231995360092798;-0.6714285714285714;-0.9626698392538692
Low;0.5911081778364433;-0.4385272846811308;-0.1377912620470637
High;0.0095198096038079;0.3292978208232445;0.6834778282541993
Unknown;0.0957580848383032;-0.4068627450980392;-0.5534433158494985
Unknown;0.0006799864002719;-0.7586206896551724;-1.4759408499964153
High;0.2973940521189576;-0.4365671641791044;-0.2046673794081668
Unknown;0.500629987400252;0.0913348946135831;0.2709329402958707
Medium;0.8265034699306014;0.1027568922305764;0.147190168454889
Unknown;0.9583808323833524;0.1825396825396825;0.0691126259417009
Medium;0.0267194656106877;0.4744186046511628;0.7627642348920182
Unknown;0.7279054418911621;0.0851063829787234;0.1601286314269478
Unknown;0.6112677746445071;0.1860744297719087;-0.1169511028289558
Unknown;0.501269974600508;-0.2207792207792207;-0.2633614390175004
Unknown;0.1053178936421271;-0.3283828382838283;-0.5134352527134521
High;0.1853962920741585;-0.3455098934550989;-0.4765842128075826
High;0.0015199696006079;0.7435897435897436;1.18534492963853
Unknown;0.1032379352412951;0.2972972972972973;0.5378470626313412
Medium;0.0949181016379672;0.3826530612244898;0.6631022863863283
High;0.0032399352012959;0.7096018735362998;1.1165047544700284
High;0.0001999960000799;-0.6467532467532467;-1.8767709715045169
High;0.0213995720085598;0.4465753424657534;0.7258834583338168
High;0.7075458490830183;-0.2163742690058479;-0.1126154612730577
Unknown;0.4278714425711485;0.0502283105022831;0.2659136388729564
High;0.0115197696046079;0.4301470588235294;0.8618057015896549
Unknown;0.0743985120297594;-0.331715210355987;-0.5529591661060541
Medium;0.4579508409831803;-0.2708333333333333;-0.2636954862784006
Unknown;0.9384612307753843;-0.0333333333333333;0.0701979417155077
High;0.0218795624087518;-0.1001371742112482;-0.998367757638152
Medium;0.0356792864142717;0.3432835820895522;0.8045047470271206
Medium;0.0825183496330073;0.2516746411483254;0.5467556648129861
Low;0.3795524089518209;0.1651651651651651;0.3130069717847916
High;0.1463170736585268;0.1246485473289597;0.4528622108647271
High;0.0653986920261594;0.4743589743589743;0.7816989631996549
High;0.4104317913641727;0.3855218855218855;0.2371199098406062
Unknown;0.6442271154576908;0.0617283950617283;0.1679373611735664
High;0.0013999720005599;0.6774193548387096;0.7804458084311087
High;0.0609187816243675;0.3412042502951594;0.4976612155351272
High;0.2082358352832943;-0.1489361702127659;-0.5666622052212529
High;0.0675986480270394;-0.2731481481481481;-0.5067867392060724
Unknown;0.8018639627207456;0.1259259259259259;0.1151782894254914
Unknown;0.1810363792724145;-0.219626168224299;-0.4147408100612785
Unknown;0.0563188736225275;-0.59375;-0.7716471165835849
High;0.0017199656006879;-0.5515873015873016;-1.420128009508288
High;0.4744305113897722;-0.3079777365491651;-0.2112135010331327
Unknown;0.0021599568008639;-0.5744186046511628;-1.168759626213448
Unknown;0.613947721045579;-0.1130864197530864;-0.1305661712536873
Unknown;0.0144397112057758;0.6436363636363637;0.944702927839704
Unknown;0.2809943801123977;-0.2777777777777778;-0.3189302370580925
Unknown;0.4047519049619008;0.1330143540669856;0.2635718822602437
Unknown;0.3553528929421412;0.1621621621621621;0.3017879155403791
Unknown;0.2829943401131977;-0.2091503267973856;-0.4728848064385699
High;0.0299594008119837;0.421875;0.7154504606238139
Unknown;0.0494390112197756;-0.5961538461538461;-0.959485159155618
Unknown;0.115157696846063;0.2704545454545454;0.4915658542291246
High;0.499310013799724;-0.1809523809523809;-0.2064188834748541
Unknown;0.0865182696346073;0.3974025974025974;0.6452817674832729
High;0.0100797984040319;0.5586206896551724;0.7328149392973317
Unknown;0.3385932281354373;-0.4469696969696969;-0.3687972153738413
High;0.0066398672026559;0.3159090909090909;0.6835315115188926
Unknown;0.1345173096538069;0.3152173913043478;0.5655738440302291
Low;3.999920001599968e-05;-0.8796296296296297;-1.918454607658158
Low;3.999920001599968e-05;0.7744107744107744;0.9963244356135657
Low;0.1845163096738065;-0.1068931068931069;-0.440070004687321
Medium;0.0011999760004799;0.6711111111111111;0.8058869507553752
Unknown;0.0009599808003839;0.5895032802249297;0.9940195753405912
High;3.999920001599968e-05;-0.9615384615384616;-3.311931422326012
Unknown;0.0651186976260474;-0.4836601307189542;-0.8040002507480619
High;0.2797944041119177;-0.1428571428571428;-0.4739566523822867
High;0.3527529449411011;0.1127946127946128;0.2847621978854052
Unknown;0.0639987200255994;0.1808809746954076;0.3566017536346576
Medium;0.2938741225175496;-0.1347797501643655;-0.3052452441170722
High;0.999820003599928;-0.0045977011494252;0.053376507447585
Medium;0.3616327673446531;-0.1938775510204081;-0.3463431446539801
High;3.999920001599968e-05;0.7100694444444444;1.2604870555023004
Medium;0.5764684706305874;0.0649350649350649;0.2227177369396818
Unknown;0.2711145777084458;-0.37109375;-0.4239115538306413
Unknown;0.0800783984320313;-0.3713450292397661;-0.6796210536228842
High;0.0953580928381432;0.3244019138755981;0.503030400309309
Unknown;0.0011199776004479;-0.7753623188405797;-1.645775061612665
Unknown;0.248715025699486;0.3043478260869565;-0.67047132860809
Medium;0.2135157296854063;0.1634382566585956;0.3368644608875337
Medium;0.0677186456270874;-0.3166666666666666;-0.6862576594489322
High;0.9176616467670646;0.0462962962962962;-0.0332369174849093
High;0.0810783784324313;-0.4577464788732394;-0.6896536532906623
Medium;0.0003199936001279;0.8238993710691824;1.568897217988778
Medium;0.0721985560288794;-0.4074074074074074;-0.7989823840277611
Unknown;3.999920001599968e-05;-0.8038461538461539;-3.1622263459440987
High;0.1755564888702226;-0.0129870129870129;0.4353460700638718
Low;3.999920001599968e-05;0.7444444444444445;1.31843196112783
Unknown;0.2644347113057739;0.226890756302521;0.3119036868797934
High;0.0001999960000799;-0.63915857605178;-1.3277170099428195
Medium;0.5631087378252435;-0.023076923076923;0.2500694393251975
High;0.0300393992120157;0.4123456790123457;0.6912080394994685
High;0.881662366752665;-0.1969696969696969;-0.0128008632386831
Unknown;0.8783824323513529;0.2207792207792207;0.0649865564596307
Medium;0.2089958200835983;0.160919540229885;0.4435584298891566
Medium;0.761704765904682;-0.0139372822299651;0.0989960244943952
Unknown;0.5567888642227156;-0.2539325842696629;-0.1810159456138972
High;0.0010799784004319;0.5023809523809524;0.6377667537153296
Medium;0.4730305393892122;-0.2641975308641975;-0.1906245625017972
Unknown;0.0222795544089118;-0.2802083333333333;-0.7503483599209042
Unknown;0.0033599328013439;0.6530612244897959;1.1333267952566242
Medium;0.0153996920061598;0.498876404494382;0.6616949746635065
Medium;0.9073018539629208;0.0771604938271604;-0.022009019831643
High;0.0009199816003679;-0.530970003895598;-0.8290060715840134
High;0.0001199976000479;-0.6456310679611651;-1.080621790388286
High;0.2739545209095818;-0.2304147465437788;-0.4463069477710573
Unknown;0.3401131977360452;-0.4826642335766423;-0.2574705056205179
Low;0.3541529169416612;0.1908763505402161;0.2624647573841346
High;0.0303193936121277;0.2689655172413793;0.6774867714372311
Unknown;0.124077518449631;0.3075060532687651;0.5688581673750538
Unknown;0.6709065818683626;0.0851063829787234;0.1863087919646948
High;0.0579588408231835;0.3754045307443365;0.5272382746428061
High;0.2219555608887822;-0.4666666666666667;-0.3987552950441815
Medium;0.0001199976000479;0.762962962962963;1.0449496250990424
Unknown;0.5235495290094198;0.03003003003003;0.242893116790193
High;0.0833983320333593;0.2360902255639097;0.4370755088930587
Low;0.3218735625287494;0.0599078341013824;0.2872786243625775
Medium;0.0152396952060958;-0.3617021276595745;-0.6241183013849808
Low;0.0002799944001119;-0.6561872909698997;-1.2713104687418857
Medium;3.999920001599968e-05;-0.8894736842105263;-2.5132687073541096
High;0.0003599928001439;-0.6564705882352941;-1.1053827202876034
Unknown;0.3169136617267654;-0.0533910533910533;-0.3545751664002265
Unknown;0.1911961760764784;0.4408026755852843;0.364680521734166
Unknown;0.8075038499230015;0.1772819472616633;0.0768594715676639
High;0.0037999240015199;0.6036036036036037;0.9944003618707852
Unknown;0.0791184176316473;-0.5555555555555556;-0.7040539456464974
Unknown;0.0037599248015039;0.3971291866028708;0.8496374583377422
Unknown;0.0101197976040479;-0.224105461393597;-0.7295531019632409
Medium;0.0421591568168636;0.3732193732193732;0.6488806480570581
Low;0.0012799744005119;0.6371308016877637;0.9862895012341584
Medium;0.0474390512189756;0.5769230769230769;0.786391585883107
Medium;0.0594388112237755;-0.4358974358974359;-0.8237357929198459
Unknown;0.0909181816363672;0.2898876404494382;0.5451775108891026
Unknown;0.7611047779044419;-0.1703703703703703;-0.092384635586138
Low;0.0022799544009119;0.6553030303030303;1.2207757834355917
Unknown;0.1957960840783184;0.1846846846846846;0.3893451534448695
High;0.3441131177376452;-0.3301204819277108;-0.3152347417856784
High;0.0001599968000639;0.8367346938775511;1.2643853087888015
Medium;0.240955180896382;-0.2714285714285714;-0.4474725744527649
High;0.0231195376092478;0.4097222222222222;0.7358191983767136
High;0.0032799344013119;0.4938271604938271;0.6714563253553805
Unknown;0.874942501149977;0.01171875;0.0753765328509511
High;0.7176656466870662;-0.078078078078078;0.1540920807149668
Medium;0.8929821403571928;-0.111317254174397;0.0664913227744897
High;0.0026399472010559;0.5686653771760155;0.7634671684420361
Unknown;3.999920001599968e-05;-0.6127320954907162;-2.0102899657490867
High;0.756864862702746;-0.0576923076923076;0.1508285837087006
High;3.999920001599968e-05;0.803030303030303;0.9992838188719108
Unknown;0.9710605787884242;0.0389610389610389;0.0366354772725802
High;0.2979540409191816;-0.1989795918367347;-0.425654890704856
High;0.0573588528229435;0.4174454828660436;0.5917096011776629
Unknown;0.0208395832083358;0.5614035087719298;0.6763817922825524
Medium;0.1119177616447671;-0.1956521739130435;-0.8381134009762841
High;0.7920641587168257;0.1302717900656045;0.0904654919085366
High;0.7710645787084258;-0.1640625;-0.0527037655112128
Medium;0.6961460770784584;0.1576719576719576;0.1068191563924263
Medium;3.999920001599968e-05;0.9027777777777778;1.1265143981471122
Unknown;0.2928741425171496;-0.1902985074626865;-0.3974004539673307
Unknown;0.8570228595428091;-0.0858085808580858;0.0753020516025693
Medium;0.8130637387252255;0.1417378917378917;0.0775923092793188
Medium;0.9221015579688406;0.1071428571428571;0.0227602706597493
High;0.0032399352012959;-0.6206349206349207;-1.0222329715023823
Unknown;0.6320673586528269;0.0916179337231968;0.190908107263427
High;0.2700745985080298;0.2259740259740259;0.4436817994962755
Unknown;0.8198236035279295;0.1555555555555555;-0.0750949679115459
Unknown;0.0095198096038079;0.475;0.6913354403392062
Medium;0.0003999920001599;0.7389705882352942;0.9601679334023796
High;0.0965580688386232;0.3318181818181818;0.5315119148300944
High;0.6615467690646187;-0.0166666666666666;0.1433957114463246
High;3.999920001599968e-05;0.7194029850746269;0.9479221384704892
Low;0.2642347153056938;0.0752941176470588;0.3695945602225576
Unknown;0.0175596488070238;0.5990783410138248;0.8049887968640307
Medium;0.0014399712005759;0.6892230576441103;1.2954614647118203
High;0.3541529169416612;-0.1346604215456674;-0.2617176490750147
Medium;0.0033199336013279;0.5461538461538461;0.8239811444718838
Low;3.999920001599968e-05;-0.6370716510903427;-1.6222083532423006
High;0.8872222555548889;0.0800653594771241;0.0569094591770837
Low;0.2667946641067178;-0.2957746478873239;-0.4027656719384156
High;0.0835983280334393;0.3402777777777778;0.6121654839904387
Low;0.1348773024539509;0.1833333333333333;0.4972792821034885
Medium;7.999840003199936e-05;-0.8145363408521303;-1.7629841610012444
Unknown;0.5175896482070359;-0.2166666666666666;-0.2964322683420529
Unknown;0.0050798984020319;0.612590799031477;0.8997488953436991
Low;0.8460230795384093;-0.154515050167224;-0.0459710697155823
Unknown;0.1407571848563028;0.4795918367346938;0.6339757022879593
High;0.8813423731525369;-0.1360544217687075;0.0906579901468683
Unknown;0.0075598488030239;0.4583333333333333;0.8023053901933038
High;0.3941121177576448;0.2411027568922305;0.2340905876014413
High;0.0003599928001439;0.6654411764705882;0.8340716499589094
Medium;0.4419911601767964;-0.1651651651651651;-0.2694198189969135
Low;0.0566388672226555;-0.6171875;-0.777448595836282
Unknown;0.5909081818363633;-0.2094117647058823;-0.170942617321467
High;0.0183196336073278;0.3282296650717703;0.6268285550635136
High;7.999840003199936e-05;0.9281045751633988;1.522676493299507
Low;0.248515029699406;0.1008064516129032;0.4377673641316162
Unknown;0.0001199976000479;0.601113172541744;1.0573912333774966
Medium;0.0288394232115357;0.421875;0.7383231092134158
Unknown;7.999840003199936e-05;-0.6761363636363636;-1.4411624393409863
Unknown;0.4611507769844603;-0.2009685230024213;-0.2933258959338676
High;3.999920001599968e-05;-0.6828087167070218;-1.2268421948383472
Low;3.999920001599968e-05;0.8268608414239482;1.2949136811464266
High;0.0767584648307033;-0.3383838383838384;-0.7012961715611158
Unknown;0.3446731065378692;0.2312925170068027;0.4000003490226452
Unknown;0.377872442551149;0.1590361445783132;0.2952610583164235
Unknown;0.3165536689266214;0.2483660130718954;0.4087186162759346
Unknown;0.0017199656006879;-0.5619047619047619;-1.6907662893054305
High;0.6479070418591628;-0.0394889663182346;0.1380107324982339
Unknown;0.3060738785224295;0.2127659574468085;0.4462959751221373
Unknown;0.7995840083198336;0.0626780626780626;-0.0601239559426883
Unknown;0.0380392392152156;-0.4330708661417323;-0.6129121174233225
Unknown;0.4422311553768924;-0.3497942386831276;-0.2687426549098142
Low;0.8998220035599288;-0.4855403348554033;-0.0239493779801492
Low;0.0002799944001119;-0.7943262411347518;-2.2339870538867945
Medium;0.0095198096038079;-0.6780487804878049;-1.0585381466527402
Unknown;0.6513869722605548;0.0884353741496598;0.217681079506246
Unknown;0.0977180456390872;-0.2970521541950113;-0.4822201782762489
High;0.0007999840003199;0.7687074829931972;1.2215860409634107
Unknown;0.0247595048099038;0.564625850340136;0.856456955298361
Medium;0.1508769824603508;0.3809523809523809;0.5769542559901598
Unknown;0.5832283354332913;-0.4142857142857143;-0.0931418395008606
Low;0.5785884282314354;0.1373737373737373;0.1854304538928536
High;0.496030079398412;0.2882205513784461;0.2650427881761819
High;0.0001199976000479;-0.7844611528822055;-1.7891031135863849
High;0.0233995320093598;0.5186567164179104;0.7652344474569873
High;0.876462470750585;-0.1031227305737109;0.0429958668055892
High;0.0158396832063358;0.5447941888619855;0.7571833848122523
Medium;0.6701065978680426;0.3855218855218855;-0.1061196619073043
Unknown;0.0403191936161276;-0.4238875878220141;-0.795117619103848
Unknown;0.1564368712625747;-0.1584158415841584;-0.4887989777562839
High;0.2154356912861742;0.475177304964539;0.4700580363924824
Low;0.0001599968000639;0.825;1.6273778516401831
Unknown;0.869382612347753;0.1533333333333333;0.0155099380483406
Unknown;0.3463530729385412;0.0593607305936073;-0.3366997953734225
Unknown;0.2120357592848143;-0.3694029850746269;-0.4707065268790206
High;0.2988340233195336;-0.3397435897435897;-0.467229572239497
Low;7.999840003199936e-05;0.7893258426966292;1.9195123162449568
High;0.9847803043939122;0.0176282051282051;0.0224191168646042
Low;0.626387472250555;-0.1777188328912466;-0.1360752756180274
Unknown;0.1992360152796944;-0.1658119658119658;-0.4754245596404977
High;3.999920001599968e-05;-0.6912820512820513;-1.3529001757417722
Medium;0.1520769584608307;-0.3118811881188119;-0.4426478750949341
High;0.8129437411251775;0.08;0.0886241640773952
Unknown;0.0310793784124317;0.397212543554007;0.583012267616766
Low;0.1066378672426551;-0.3133333333333333;-0.5304373361159563
High;0.5658286834263315;-0.2;-0.2103660859077459
Unknown;0.0458790824183516;-0.3139293139293139;-0.6641677820273919
Unknown;0.0400791984160316;0.43359375;0.5264189170533997
Unknown;0.0369992600147997;-0.5176470588235295;-1.0406098840063178
Low;0.9317813643727124;-0.2904761904761905;0.0920889613455931
High;0.1077978440431191;0.3474842767295597;0.4756831671905018
High;3.999920001599968e-05;0.9481481481481482;2.4378038699291724
Unknown;0.117237655246895;0.234093637454982;0.3900597696170763
Unknown;0.4047919041619167;0.0323232323232323;0.2793205908153827
High;0.0390792184156316;0.4216634429400386;0.6073052150675793
Unknown;0.1423971520569588;0.3106060606060606;0.6481362434213926
Low;0.0065198696026079;-0.6305970149253731;-1.1842725183894065
Medium;0.1103577928441431;0.2476190476190476;0.494631309217041
Low;0.0001599968000639;0.638095238095238;1.3475153830828126
Unknown;0.122957540849183;-0.2727272727272727;-0.4928625927675606
Unknown;0.6833063338733225;0.0771349862258953;0.1381917773178872
Unknown;0.0004799904001919;-0.105177993527508;-1.5587711753819258
High;0.121597568048639;-0.5137844611528822;-0.6692753518721062
Low;7.999840003199936e-05;-0.6791044776119403;-2.240442355414898
High;0.118877622447551;-0.4488888888888889;-0.769580255832436
Unknown;0.3169136617267654;-0.477124183006536;-0.4354927728780983
High;0.7945841083178337;-0.0925;0.103758486525626
Unknown;0.0001599968000639;-0.673202614379085;-2.0285794912223727
Control;0.0186396272074558;-0.4210526315789473;-0.624578352410535
High;0.3617927641447171;-0.0712250712250712;0.2749907711838769
High;0.5634287314253715;-0.1476091476091476;-0.1598581567688752
Unknown;0.25147497050059;-0.2982456140350877;-0.4530263785293381
High;0.6471070578588428;-0.1614691614691614;-0.1277136979931099
High;0.2702745945081098;0.3933823529411764;0.4151582649284465
Medium;0.0942781144377112;-0.75;-0.7354880250604793
Medium;0.1372372552548949;0.3862068965517241;0.5067669188613727
Control;0.0006799864002719;-0.5925925925925926;-1.5115944484186736
Unknown;0.0178796424071518;-0.562962962962963;-1.1231794829155222
Low;0.0001599968000639;0.6944444444444444;1.0240107294641718
Low;0.1722365552688946;-0.4418604651162791;-0.5114405085696034
Unknown;0.7685446291074178;-0.1307692307692307;0.1290403394450157
High;0.4492710145797084;0.5142857142857142;0.2803685312528254
Unknown;0.124557508849823;0.1335453100158982;0.37009710120871
Unknown;0.627307453850923;0.1346153846153846;0.2561633793046509
Medium;0.8370632587348253;-0.113953488372093;0.0834468766818073
High;0.4835903281934361;0.1225071225071225;0.2561393551316835
Low;0.0002399952000959;0.6770833333333334;0.9492134874722464
Unknown;0.0438391232175356;0.5507246376811594;0.862905809659441
Low;0.0346793064138717;0.3931623931623931;0.7612214933751532
High;0.7792244155116897;0.0308641975308641;0.1046662169365036
Unknown;0.5646687066258674;0.0136054421768707;0.299343320574846
High;0.125837483250335;-0.3951219512195122;-0.5495467852978438
Unknown;0.0079998400031999;0.5866013071895425;0.6789640449495278
Unknown;0.3845923081538369;0.2052910052910053;0.2409709604835269
Medium;0.0602787944241115;0.3611111111111111;0.5927206957348293
High;0.1522369552608947;0.2003910068426197;0.4220979109211124
High;0.1354772904541909;-0.3193430656934307;-0.4044665256841552
High;0.5509889802203956;0.3088235294117647;0.2351228975224168
High;0.0001599968000639;-0.7229080932784636;-1.7644822119653991
Medium;0.0046799064018719;0.4629120879120879;0.6205801457878702
Low;0.0010799784004319;-0.6268115942028986;-1.7219716819564743
Medium;7.999840003199936e-05;-0.6249322493224932;-1.380382326850097
Control;0.0014399712005759;-0.7046004842615012;-1.3469061030924894
Medium;0.4362312753744925;-0.2804232804232804;-0.1434642773491648
High;0.0169596608067838;0.4601449275362319;0.8787393781301819
Unknown;0.0023999520009599;-0.5451713395638629;-0.9794623406297832
High;0.0092798144037119;0.533410138248848;0.7460849424156761
Unknown;0.0195196096078078;-0.6858974358974359;-1.2964200715387255
Medium;0.3036739265214696;0.0024009603841536;0.2934512165835166
Unknown;3.999920001599968e-05;0.7202797202797203;1.0942897232158657
High;0.3650726985460291;0.1761194029850746;-0.2120030506388132
High;0.9817003659926802;-0.0833333333333333;-0.0018570111471999
High;0.0004399912001759;0.6666666666666666;1.3040757361583235
Low;0.0872382552348953;-0.2731481481481481;-0.5168207557502709
High;0.0374792504149917;-0.644927536231884;-1.052918757719871
High;0.0009199816003679;0.721830985915493;1.1112024823610414
Unknown;3.999920001599968e-05;-0.979591836734694;-3.8012459669070746
Unknown;0.381592368152637;0.2307692307692307;0.3842048232094571
Medium;0.7679446411071779;-0.0555555555555555;-0.1216283292711481
Medium;0.5708685826283474;-0.2745406824146981;-0.1483745476724571
Unknown;0.2761944761104778;0.14;0.3365933663137161
High;0.0001599968000639;0.7469135802469136;0.7240430869275957
Unknown;0.0205195896082078;0.4225181598062954;0.646430099125772
High;0.0012799744005119;0.6382536382536382;0.8872313748461071
Medium;0.0791184176316473;0.3274647887323944;0.6644871869001155
Low;0.0100397992040159;-0.6076388888888888;-1.0669603381113788
Unknown;0.3562328753424931;-0.1627450980392157;-0.2859159177085943
High;0.0605987880242395;0.3506172839506173;0.6069157798733933
High;0.246555068898622;0.2265625;0.4312186161996559
Unknown;0.4417911641767165;0.1489361702127659;0.3488789014145037
Unknown;0.7339853202935941;-0.0085470085470085;0.1074429152470553
High;0.1829163416731665;0.3202614379084967;0.5771751249712671
Medium;0.6169876602467951;0.1027568922305764;0.2041748150272102
High;0.623547529049419;-0.074074074074074;-0.1667444947708331
High;0.0004399912001759;0.5891089108910891;0.8641585598234166
Medium;0.7730645387092259;-0.19140625;-0.0962537852150482
Medium;0.7969040619187616;-0.0046511627906976;0.1117907670663647
High;0.0004799904001919;0.6141176470588235;1.1242392949687348
Low;0.1609967800643987;-0.2642642642642642;-0.5003609083156995
High;0.6524669506609868;0.1168831168831168;0.1603043663439
Low;0.2674746505069899;0.1796116504854369;0.3287794520060115
Unknown;0.7847443051138977;-0.1047619047619047;-0.0845460552651691
High;0.9494610107797844;-0.0488888888888888;-0.0192621534710319
Unknown;0.7139057218855623;0.0296296296296296;-0.1444012768437187
Unknown;0.8020639587208256;-0.0791788856304985;-0.0679419606411707
Unknown;0.0839183216335673;-0.3585365853658536;-0.5781450337827795
Medium;0.0118797624047519;-0.4738878143133462;-0.837954190881317
High;0.4641907161856763;0.2929782082324455;0.2133580778170386
Medium;0.6594268114637707;0.1597222222222222;0.2317446711849587
Unknown;0.0003599928001439;0.73828125;0.9390663401289582
Unknown;0.4209115817683646;0.0729096989966555;-0.2321237726404774
Unknown;0.0808783824323513;0.2522361359570662;0.4892686224095973
Medium;0.3469930601387972;-0.2215384615384615;-0.258255560092781
Medium;0.7129857402851943;0.0073529411764705;0.1645709565286438
Unknown;0.9699006019879602;0.0738916256157635;0.0707443341362936
Medium;0.4415111697766045;0.099273607748184;0.3136609930614338
Unknown;0.8154636907261855;0.0091954022988505;0.0903782000472365
Low;0.0082798344033119;0.5126436781609195;0.8892371297931349
High;3.999920001599968e-05;-0.6842105263157895;-1.1834759010023856
Medium;0.0212795744085118;-0.5206611570247934;-0.8035072234945653
Medium;0.0143997120057598;0.3059360730593607;0.8048651761840189
Unknown;0.8279034419311614;-0.0533980582524271;0.0756758429258123
High;0.2781544369112618;-0.3040078201368524;-0.3508501604565769
Unknown;0.4846703065938681;-0.2101449275362318;-0.2964846005984969
High;0.0003999920001599;0.5478260869565217;0.7767067549706416
High;0.7047459050818984;0.0457516339869281;0.1779300585967975
Medium;0.0678386432271354;0.3577235772357723;0.5097710290326716
High;0.8643027139457211;-0.0622073578595317;0.1069256406936506
Unknown;0.0240601503759398;0.8148148148148148;1.1312791924976986
High;0.8644627107457851;-0.1324110671936759;0.0726917934188737
High;0.991740165196696;-0.0057692307692307;-0.0026797267239067
Unknown;0.0703985920281594;-0.551357733175915;-0.5450269942188027
Medium;0.0249995000099998;0.3923076923076923;0.7303110832901175
Low;0.1452770944581108;0.1923076923076923;0.6194842408640966
Unknown;0.8890222195556089;0.0345679012345679;-0.0322025413442249
Unknown;0.0587988240235195;-0.1311475409836065;-0.5719508340792455
High;0.0007599848003039;0.5272938443670151;0.9551801257992067
High;0.0009599808003839;-0.6202380952380953;-1.0478076585154912
High;0.0414391712165756;0.5961538461538461;0.8228246348102961
Low;0.5186696266074678;0.2992424242424242;0.2230691268482429
Unknown;0.4169116617667646;0.11328125;0.3144830156434529
Medium;0.8479830403391933;-0.2207792207792207;-0.0438429941591706
High;0.1900761984760304;-0.3402298850574712;-0.4519255284976022
High;0.5192296154076919;0.375;-0.2218551969210499
Medium;0.4830703385932281;-0.3080357142857143;-0.262911353588224
Unknown;0.0511989760204795;-0.5163934426229508;-1.087808245878663
Medium;0.0035199296014079;-0.5398159263705482;-0.7717081130681205
Unknown;0.0003599928001439;-0.5113122171945701;-1.2293376550724442
Low;3.999920001599968e-05;0.85;1.2633706109060907
Low;0.3944321113577728;0.2934782608695652;0.3191873925438767
High;0.0553188936221275;-0.3359631821170282;-0.56475045428673
High;0.3471530569388612;-0.083676268861454;0.3750156841552775
High;0.0009199816003679;0.4494949494949495;0.9286836082665
Medium;0.8105037899242015;-0.0756218905472636;-0.0667803955978788
Unknown;0.0016399672006559;0.6470588235294118;1.2706368024560049
High;0.0175996480070398;-0.6641604010025063;-1.112324620402775
High;0.0183196336073278;-0.47265625;-0.9759595468540816
High;0.8941821163576729;-0.0585106382978723;0.0912370703514733
High;0.1581968360632787;-0.0488372093023255;0.4638736445368004
High;0.8170236595268094;-0.1842475386779184;-0.0680902370908373
Medium;0.0042399152016959;0.5845588235294118;0.715062057984907
Unknown;0.4724305513889722;-0.2266009852216748;-0.2837573699231766
Unknown;0.4640307193856123;0.2474074074074074;0.2698190317116162
Medium;0.0955180896382072;-0.3115942028985507;-0.6147229842599272
Low;0.0005199896002079;0.6091476091476091;0.928043062203107
Unknown;0.0010799784004319;-0.5696969696969697;-1.226199665301692
Unknown;0.3987920241595168;0.1407407407407407;0.3765199178382857
Medium;0.5682686346273075;-0.1196581196581196;0.1714419827736695
Unknown;0.9677406451870962;0.0175438596491228;-0.0013356181926743
Unknown;0.9177416451670968;-0.0850439882697947;0.0535088258923815
Unknown;0.0167596648067038;-0.1008928571428571;-0.6841952526054396
Unknown;0.5835083298334033;-0.132716049382716;-0.1830091133999618
Unknown;0.0550388992220155;0.5819672131147541;0.6449433554362612
High;0.0061198776024479;0.4805555555555555;0.8207648551478952
Low;0.2106357872842543;-0.4270833333333333;-0.4776311061335359
Low;0.0704785904281914;0.1425233644859813;0.4638313102920218
Unknown;0.867102657946841;0.1383399209486166;-0.0132269000769125
Unknown;0.0003999920001599;0.7645107794361525;0.8311932703101244
Unknown;0.0567588648227035;-0.54421768707483;-0.9023970563854868
Medium;0.3587128257434851;0.0427350427350427;0.2634581985240826
Unknown;0.0099198016039679;-0.4723320158102767;-0.9401933578756848
Low;0.4170716585668286;0.1790697674418604;0.2742637274377502
Unknown;3.999920001599968e-05;-0.7009345794392523;-1.7264730489849842
Unknown;0.7879042419151617;-0.0913348946135831;-0.00883862667293
Unknown;0.2600747985040299;0.2907801418439716;0.4912899168786716
Medium;0.8391832163356733;-0.086734693877551;0.1035299204119088
High;0.0001199976000479;-0.7800143781452192;-1.3493609644541746
Medium;0.0701185976280474;-0.4593698175787728;-0.6706219916769375
Medium;0.2229955400891982;-0.4356060606060606;-0.4732085752147995
High;0.0224395512089758;-0.5833333333333334;-1.0730102845563554
High;0.0051198976020479;0.4339622641509434;0.8045108030213637
Control;0.2797144057118857;-0.3469387755102041;-0.4420652631664499
High;0.0083198336033279;-0.3716108452950558;-0.6506044565554527
Unknown;0.5859082818343633;-0.1728395061728395;-0.2269444224563211
Unknown;0.0003199936001279;-0.6485507246376812;-1.7456173260581065
Unknown;0.1440371192576148;-0.6142857142857143;-0.6525971972623895
High;3.999920001599968e-05;-0.3571428571428571;-2.012756822446895
Unknown;0.7304253914921701;0.0295566502463054;0.1510197576280956
Unknown;0.117677646447071;-0.2529452529452529;-0.4621681142841679
Unknown;0.0005999880002399;0.697560975609756;1.0411142977193368
Medium;0.0875182496350073;0.4792626728110599;0.6683397518020031
High;0.0244795104097918;0.5098934550989346;0.6884047567096282
Medium;0.1523569528609427;-0.5190476190476191;-0.6152335556485806
Unknown;0.752184956300874;0.0745341614906832;0.1690975514372006
Medium;0.2617147657046859;-0.2949494949494949;-0.3630788887910352
Unknown;0.0311193776124477;-0.4345238095238095;-0.6332922022858594
High;0.3029539409211815;0.2658730158730158;0.3890807414850903
High;0.0001999960000799;0.7633477633477633;1.2662215363679796
Low;0.0208395832083358;-0.1468531468531468;-0.8371114589063082
High;0.7939841203175937;-0.224021592442645;0.10151648298229
Medium;0.0056759545923632;-0.7380952380952381;-1.6156315410666828
High;0.0464390712185756;-0.3560090702947845;-0.8514366592453801
Unknown;0.0056798864022719;-0.5375;-1.044631566162251
High;0.7093458130837383;0.0783410138248847;-0.1277418309847358
Unknown;0.5401491970160597;-0.1904761904761904;-0.2630364201703366
High;0.120517589648207;0.3961538461538461;0.519096839750893
High;0.0001999960000799;-0.7862318840579711;-1.4284791737542517
Unknown;0.0319593608127837;0.5467980295566502;0.8044567001060262
Unknown;0.24467510649787;0.093093093093093;0.3971544155935047
Unknown;0.369952600947981;0.0626780626780626;0.3176866075231513
Unknown;0.120477590448191;0.3571428571428571;0.5950959944878941
Medium;0.0419991600167996;0.335288367546432;0.6044085523997983
High;0.1597168056638867;0.30859375;0.5291860848196993
High;0.0422791544169116;0.4988290398126463;0.6721704164156015
Unknown;0.0643987120257594;0.4357142857142857;0.6260952732981458
High;0.1907561848763024;0.1882716049382716;0.4310716368772895
High;0.0151596968060638;-0.4554455445544554;-0.8018234173682821
Medium;0.9725405491890162;0.0365853658536585;0.0300491065017463
Unknown;0.2025959480810383;-0.3304843304843304;-0.475647127071247
Unknown;0.9463010739785204;-0.2431561996779388;0.0541276369781726
High;0.0085598288034239;0.4818181818181818;0.7132633979496479
Unknown;0.6727465450690986;0.3401360544217687;0.2229144795703921
High;0.9308213835723286;-0.2627906976744186;-0.006996348014606
High;0.0235595288094238;-0.3560606060606061;-1.0065649975909836
High;0.4221515569688606;-0.2612612612612612;-0.266636616832541
High;0.0048799024019519;0.4622191967324711;0.7490710379561228
High;0.0648787024259514;-0.475;-0.7682955234197556
Unknown;0.0496390072198556;0.3547215496368038;0.5508127346896814
Unknown;0.2128357432851343;0.1969696969696969;0.4801883725008493
Low;0.51034979300414;0.0222222222222222;0.1837125088285748
Unknown;0.0007199856002879;0.6590563165905632;0.5908694363306437
Unknown;0.2657146857062858;-0.4577777777777778;-0.5417879078653717
Unknown;0.5242295154096918;-0.4619047619047619;-0.2357020382403815
High;0.1956760864782704;0.0197413206262763;0.3680463002853316
Low;0.8082238355232896;-0.0518518518518518;0.1034885168295039
Low;0.1426371472570548;-0.2908496732026144;-0.450720259252548
Low;0.3215935681286374;0.3333333333333333;0.3325461250982365
High;0.2136357272854543;0.3962264150943396;0.4969519554192486
High;0.1673966520669586;-0.3489461358313817;-0.6039250362240285
Unknown;0.0001599968000639;0.6038277511961723;1.1044332121079492
Unknown;0.4614707705845883;0.1693121693121693;0.3127514992508687
Low;0.0061198776024479;0.6103896103896104;0.7546489957229152
Unknown;0.1742365152696946;-0.0866666666666666;-0.6191832516957659
High;0.0620787584248315;-0.3333333333333333;-0.718211238149401
High;0.0974780504389912;-0.3477564102564102;-0.5620843079325314
Unknown;0.1103977920441591;-0.4693877551020408;-0.7035732963943641
Medium;0.0007999840003199;0.6636636636636637;1.187856015424017
Unknown;0.5507089858202836;-0.2883116883116883;-0.1953870325236865
Unknown;0.7781844363112738;0.0185728250244379;0.10592562713966
High;0.0103997920041599;0.6009852216748769;0.7980578687768216
High;0.9719805603887922;0.0496936691626957;0.0194521275324361
Unknown;0.0016399672006559;-0.76953125;-1.545324275778962
Unknown;0.3072738545229095;0.3271604938271605;0.4311740896958568
Unknown;0.882342353152937;0.1381733021077283;0.0835019925653208
High;0.4790304193916121;-0.0980629539951573;-0.1800570257772414
High;0.0003199936001279;0.6404040404040404;0.6603979365255921
Medium;0.8971820563588728;0.1237458193979933;0.0366228187981019
Medium;3.999920001599968e-05;-0.6721804511278195;-1.2996436725441742
High;7.999840003199936e-05;-0.7482517482517482;-1.3528609417175674
High;0.5415491690166196;-0.0830039525691699;-0.194886642000041
Unknown;0.4533109337813243;0.0367816091954023;0.2703647717405944
Medium;0.7003859922801544;-0.1142857142857142;-0.0961144180095789
High;0.9686206275874484;-0.1428571428571428;0.0311433744899177
High;3.999920001599968e-05;-0.7441860465116279;-1.6816780888830871
Unknown;0.5379892402151957;-0.1474358974358974;-0.2106148954366522
Unknown;0.254154916901662;-0.4679487179487179;-0.506394135059696
High;0.0749985000299994;-0.4444444444444444;-0.6614896477261301
Low;0.494030119397612;0.3732718894009216;0.2796832760292739
Unknown;0.0963180736385272;0.361038961038961;0.6212009798806347
Unknown;0.2139157216855663;0.3055555555555556;0.5402273390979554
High;0.2577148457030859;-0.0200617283950617;0.3420223187345619
Low;0.9593008139837204;-0.1;0.0384437477117854
Medium;0.0034399312013759;-0.5952380952380952;-1.3955996022717734
High;0.0001599968000639;-0.6533333333333333;-1.5547602264532177
High;3.999920001599968e-05;-0.9615384615384616;-3.985264904698229
High;0.0012799744005119;0.6183908045977011;1.0330458751371638
High;0.0493190136197276;-0.3300492610837438;-0.9387982679359764
Low;0.612347753044939;-0.131578947368421;-0.1769887116905281
Unknown;0.1395572088558228;0.2916666666666667;0.5093767424083356
Medium;0.509309813803724;-0.1886792452830188;-0.2804837027045577
Medium;0.2637947241055179;0.4240362811791383;0.4346970559423554
High;0.0006799864002719;0.7884615384615384;0.5625725966896171
Unknown;0.0684786304273914;0.4818401937046004;0.7157482602748897
Medium;0.0001599968000639;-0.6794258373205742;-1.407349109148737
High;0.6903061938761225;-0.0275080906148867;-0.1084625663392568
High;0.1613567728645427;-0.4450035945363048;-0.4326233470445921
Unknown;0.9079818403631928;0.0793795620437956;0.033826373008678
Unknown;0.7137457250854983;0.0955882352941176;-0.1142423423519471
Unknown;0.0141997160056798;0.5450819672131147;0.816933185208502
Unknown;0.0044399112017759;0.5142857142857142;0.9471094059790858
Unknown;0.114357712845743;-0.3461538461538461;-0.6944740725005867
Low;0.2303953920921581;-0.3086419753086419;-0.5283007486396342
Unknown;0.0957580848383032;0.4057971014492754;0.6156861560517033
Medium;0.0101997960040799;0.5546558704453441;0.7538420064906315
Unknown;0.0549189016219675;-0.5897435897435898;-0.7261770014083925
Unknown;0.0170396592068158;0.4119338605319914;0.7007446571017761
High;0.0007199856002879;-0.5973597359735974;-1.1183594451231944
Medium;0.0011199776004479;0.6584507042253521;0.881637887427014
High;0.8122237555248895;0.0448642266824085;0.0768606351696559
High;0.0889582208355832;-0.4185463659147869;-0.7148287422644513
High;0.0096398072038559;-0.5440115440115441;-0.9137513647661216
High;0.6093878122437552;-0.2883116883116883;-0.0593804836295776
Unknown;0.2096758064838703;-0.1882086167800453;-0.5288369233152782
High;0.5627087458250835;-0.2101449275362318;-0.230962217798219
High;0.0660386792264154;-0.2962962962962963;-0.4990936255715603
Low;0.494390112197756;-0.2369614512471655;-0.1919141476361626
Unknown;0.0477190456190876;0.4382716049382716;0.795110785878851
Medium;0.0260394792104157;-0.5146198830409356;-0.8339150798273955
High;0.0045599088018239;-0.3884711779448621;-1.518936576131999
Unknown;0.4587508249835003;0.1796875;0.2960117794261294
High;0.2924741505169896;0.1505882352941176;0.3380058063043799
Low;0.0014799704005919;0.6764044943820224;0.7910882531652431
High;3.999920001599968e-05;0.7944297082228117;1.1980871896759857
Medium;0.1578768424631507;0.2578811369509043;0.3815380047921547
High;0.0035599288014239;0.5311526479750779;0.5261143746650075
Unknown;0.74922501549969;-0.1441860465116279;-0.0985255178536227
Unknown;0.992540149197016;0.1031746031746031;0.0160454897944026
High;0.6699066018679627;-0.0964052287581699;-0.1028376976766473
Unknown;0.8299834003319934;0.0929292929292929;0.0818478095068825
High;0.0001999960000799;0.6500488758553274;0.8038602298224766
Medium;0.2237155256894862;0.3251231527093596;0.4879493615472843
High;0.4160316793664126;-0.5234375;-0.402397702962781
Unknown;0.24587508249835;0.1755175517551755;0.3676642136928279
Low;0.1125577488450231;-0.3258741258741259;-0.4811485971235972
Low;0.0011999760004799;-0.6219135802469136;-1.062899603528208
Medium;0.0021199576008479;0.5801886792452831;0.8952555403032697
Unknown;0.501869962600748;-0.073076923076923;-0.2312876240489069
Unknown;0.0111597768044639;0.5045045045045045;0.4401145143261659
Medium;0.24307513849723;-0.2863849765258216;-0.423155236440065
High;0.0096398072038559;-0.3486005089058524;-0.7026356163531124
High;0.1566768664626707;0.5226537216828478;0.4096370397952752
Medium;0.0282794344113117;0.6190476190476191;0.7057077995139152
Unknown;0.1084778304433911;-0.0477941176470588;-0.9788923260808464
High;0.0021199576008479;0.4966329966329966;0.9082514287427774
High;0.0275194496110077;0.3237327188940092;0.564029869193484
High;0.8196636067278654;-0.3462282398452611;-0.0319664472013462
Unknown;0.0489990200195996;0.3241758241758242;0.6949393575678031
Unknown;0.119157616847663;0.3125;0.5619520658031051
Unknown;0.0078798424031519;0.5041322314049587;0.4838130640083301
Unknown;0.2021159576808464;0.1980861244019138;0.3960387741620604
High;0.9488210235795284;-0.2711111111111111;0.0830930164416847
Unknown;0.496390072198556;0.1037037037037037;0.3182321998910323
Unknown;0.0004799904001919;-0.7091503267973857;-1.1875287720169234
Unknown;0.5145497090058199;-0.1346153846153846;-0.3319440694838327
Unknown;0.0109597808043839;0.5108695652173914;0.8045752042370578
Medium;0.1006379872402551;-0.5433333333333333;-0.6088867201635516
High;0.0017599648007039;-0.7777777777777778;-1.4951194761486588
High;0.0002799944001119;-0.6069788797061524;-1.1465941784030182
Unknown;0.3271934561308773;-0.2328042328042328;-0.3920443230248314
Unknown;0.2873542529149417;0.2083333333333333;0.4616307049426867
High;0.374752504949901;-0.125;-0.2999225612063747
Unknown;0.0002399952000959;0.7579365079365079;0.9676486148357072
High;0.6080678386432271;-0.0636363636363636;-0.1422941858048683
Medium;0.0008799824003519;0.6560975609756098;1.1301579166091054
Unknown;0.9300613987720244;-0.1122448979591836;0.1061488900359834
Unknown;0.0346393072138557;0.4685714285714286;0.7266288086942131
Medium;0.2945941081178376;0.2023460410557184;0.3209118151666422
Unknown;0.0046399072018559;0.7066666666666667;1.0371623575487867
High;0.4768704625907481;0.0915492957746478;0.2844595321356882
High;0.0833183336333273;0.2963400236127508;0.4724531255569065
Unknown;0.2351952960940781;0.1030444964871194;0.3256524868021669
Unknown;0.4798704025919482;-0.1824417009602194;-0.2454652841905088
Unknown;0.0066798664026719;0.4469135802469136;0.6821554969056253
Unknown;0.1773164536709265;-0.2632821723730815;-0.4434541330476233
Medium;0.2296754064918701;0.1809116809116809;0.3474880877552322
Low;0.379192416151677;-0.3253968253968254;-0.3293951352810232
Unknown;0.3254334913301734;0.0092592592592592;-0.3480417009784288
Unknown;0.4626707465850683;0.1612903225806451;0.3755599889959615
Medium;0.1102777944441111;0.1925708699902248;0.4919002892715893
Unknown;0.5644687106257875;0.2549019607843137;0.264543518050243
High;0.8971820563588728;-0.0868347338935574;0.1222320855994799
Low;0.0867182656346873;-0.4896551724137931;-0.6168851535757488
Unknown;0.4465910681786364;-0.32421875;-0.2781437592334606
Unknown;0.6345073098538029;0.0577777777777777;0.2345919799574538
Low;0.0067198656026879;0.458128078817734;1.2323931792970235
High;0.8079838403231935;-0.0857142857142857;0.1313064689809858
Unknown;0.5201238390092879;-0.1333333333333333;-0.3534951456639943
High;0.6582668346633067;-0.012012012012012;-0.1524348059655267
Unknown;0.4136717265654687;0.1940298507462686;0.3124593836285905
Unknown;0.0769184616307673;-0.5116883116883116;-0.743584648652962
High;0.3150336993260135;-0.12109375;-0.3819777175237581
High;0.6823863522729545;0.1547619047619047;0.1539950138610542
High;0.0015999680006399;-0.738562091503268;-1.463810795281835
Low;0.7890242195156096;0.1370262390670553;0.1297811254061545
High;0.0076798464030719;-0.1008403361344537;-0.932301290396738
Low;0.979940401191976;0.0895061728395061;0.029433443647311
Medium;0.3340333193336133;-0.162387676508344;-0.2340771148135034
Unknown;0.5274294514109718;-0.2681159420289855;-0.1686366333732443
High;0.1579168416631667;0.1578947368421052;0.421429463525047
High;0.3303533929321413;0.3713235294117647;0.3667652345821185
Unknown;0.6049879002419951;0.0926829268292682;0.2672350608090276
Unknown;0.0117997640047199;0.4738562091503268;0.7260118705052887
High;0.0051998960020799;0.3786407766990291;0.7514717195750806
Unknown;0.0002399952000959;-0.7137681159420289;-1.9849089848280337
High;0.119997600047999;0.3153846153846154;0.5740056859232163
Medium;0.3073138537229255;-0.345679012345679;-0.444378066031303
High;3.999920001599968e-05;-0.643595041322314;-1.5404986899258637
High;0.8664626707465851;0.1485507246376811;0.0778474741457346
High;0.0009999800003999;0.5911111111111111;0.9805116492494405
Medium;0.5300293994120118;0.1346153846153846;0.2796849867657454
High;0.0466790664186716;0.153169014084507;0.4971239362601266
Unknown;0.4120317593648127;0.1794871794871795;0.4565741365742337
Low;0.0035199296014079;-0.6;-1.3869985450343514
Low;0.0124397512049759;0.4588235294117647;0.6489596219433231
Unknown;0.2769544609107818;0.1875;0.4845330004178274
High;0.0036399272014559;0.5909090909090909;1.007863065871764
Medium;0.0367592648147037;0.5902777777777778;0.8101940408238943
Unknown;0.9555408891822164;-0.1194968553459119;0.0107440296206056
High;0.8366232675346493;-0.0805860805860805;-0.0491708760873942
Unknown;0.7049059018819623;-0.0048510048510048;0.1426569508342501
Low;0.0026399472010559;-0.6535885167464115;-1.0783554344730506
High;0.6523069538609227;-0.2095588235294117;-0.148390986889292
Unknown;0.0241995160096798;0.4642857142857143;0.658880166189863
Unknown;0.4300713985720286;-0.1512345679012345;-0.2868029332431064
Unknown;7.999840003199936e-05;-0.7056179775280899;-1.989252557888868
High;0.0003999920001599;0.6850574712643678;1.1893473787656108
Unknown;0.0559588808223835;-0.2916666666666667;-0.7998899508371691
Unknown;3.999920001599968e-05;-0.6902857142857143;-3.74199171895168
High;0.0239595208095838;0.496031746031746;0.6638503442010207
Medium;0.5229895402091959;-0.258893280632411;-0.1132598424894668
High;0.1371972560548789;0.2301587301587301;0.5333301554565938
Unknown;0.9504209915801684;0.2964285714285714;0.0706537319716985
Unknown;0.0035999280014399;-0.1915227629513343;-1.0880534137119475
High;0.2330353392932141;0.2432432432432432;0.4224685527208852
Unknown;3.999920001599968e-05;-1.0;-7.529350345800913
Low;0.3539129217415652;0.0153846153846153;0.3518307141803959
Low;0.2025959480810383;-0.365079365079365;-0.5043023774696724
Low;3.999920001599968e-05;-1.0;-5.197074189033571
Unknown;0.0058398832023359;0.3888888888888889;0.6493168746298928
Unknown;0.0156396872062558;0.3377777777777778;0.7547134832868361
Unknown;3.999920001599968e-05;0.7595959595959596;1.2009346280861593
Unknown;0.0017599648007039;-0.678030303030303;-1.327123891347799
Medium;0.0257194856102877;0.5070707070707071;0.4747671574823487
High;0.119717605647887;-0.0023419203747072;-0.711966788636258
Unknown;0.2662346753064938;-0.2450592885375494;-0.3625717973564437
Unknown;0.0052798944021119;0.5645645645645646;1.047779682439844
High;0.1367972640547189;0.3731884057971014;0.4356911118678872
Unknown;0.979820403591928;0.2681704260651629;0.0492938790241947
Medium;0.0673186536269274;-0.4902439024390244;-0.6580328627396509
Unknown;0.2851142977140457;0.2345013477088948;0.4292948078289864
Low;0.0013999720005599;-0.5952380952380952;-1.7188485048305886
Low;0.0121597568048639;-0.5736961451247166;-1.0220227800470607
Medium;0.4801903961920761;-0.4057971014492754;-0.251483048990386
Low;0.4927501449971;-0.0096711798839458;-0.2103303500009823
High;0.7239455210895782;-0.2688888888888889;0.0159015152983121
Unknown;0.7563848723025539;0.0309690309690309;0.1076537019066172
Unknown;0.4043919121617567;-0.2954545454545454;-0.3061237675657653
Medium;0.7187456250874983;0.0564593301435406;-0.0799462088704878
Unknown;0.2097158056838863;0.3636363636363636;0.3972902648244293
High;0.0011199776004479;0.6172839506172839;0.9492460491112552
High;3.999920001599968e-05;0.8606741573033708;1.242704214698303
High;0.0061998760024799;0.4754440961337513;0.8429494000376669
Unknown;0.1105577888442231;0.3282296650717703;0.4780939098379829
Medium;0.9587408251834963;0.0078563411896745;-0.0090815562784726
High;0.0020799584008319;0.4177777777777778;0.8808183016746626
Unknown;0.0003599928001439;-0.6582491582491582;-1.174259552648055
Medium;0.5472690546189076;0.0231481481481481;0.1914425555995102
High;0.0103197936041279;0.5315315315315315;0.863204817147708
Low;0.5330293394132117;-0.4678362573099415;-0.1895845849422811
High;0.994780104397912;-0.1666666666666666;0.0210065524409065
Unknown;0.0012799744005119;-0.4124668435013263;-1.1718951276612108
High;0.632707345853083;-0.3022388059701492;-0.1796809874680551
High;0.1403971920561589;-0.5113636363636364;-0.504690299720741
Medium;0.0023199536009279;0.4583333333333333;0.6894167280848852
High;3.999920001599968e-05;0.8441558441558441;1.315379060178627
Unknown;0.4896702065958681;-0.2359208523592085;-0.2303161989440539
High;0.2282754344913102;-0.2958152958152958;-0.4316580397732156
Low;0.0145597088058238;-0.5;-0.808857014123585
Unknown;0.0478790424191516;0.3025641025641025;0.5206864390078636
Medium;0.8865022699546009;0.0125786163522012;0.0677237334977517
Medium;0.1090378192436151;-0.1196581196581196;-0.4416319642579225
Unknown;0.4842303153936921;-0.1168831168831168;-0.2308499539157104
Unknown;0.2619547609047819;0.2277834525025536;0.3468950390978654
Unknown;0.2620747585048299;-0.1889400921658986;-0.4601502968290094
Unknown;0.1874362512749745;0.2666666666666666;0.5639360214265696
Unknown;0.0142797144057118;0.2857142857142857;0.5985580416106742
High;0.7841443171136577;-0.085;0.0933208615265173
Unknown;0.3236735265294694;-0.2857142857142857;-0.4307386808920042
Unknown;0.2317553648927021;0.275;0.4454360857603113
Unknown;0.1540769184616307;0.2533333333333333;0.6603104764420926
Low;3.999920001599968e-05;-0.6686674669867947;-1.882007908342566
High;0.6884262314753705;0.4850746268656716;0.2090713261199918
Unknown;0.3329133417331653;0.2174603174603174;0.2988342312305567
High;0.2201555968880622;0.0666666666666666;0.5480022163943952
High;0.0175196496070078;0.5112321307011573;0.7220654932227628
Unknown;0.0059198816023679;-0.74;-1.4989142280746637
Unknown;0.7565848683026339;0.1156716417910447;0.1480410740998396
Low;0.0113197736045279;-0.4459665144596651;-0.9773607135144468
Unknown;3.999920001599968e-05;-0.951417004048583;-3.140330265315804
High;0.2766744665106698;-0.2498298162014976;-0.3212141084828909
Unknown;7.999840003199936e-05;0.7570370370370371;1.0779377154235958
Medium;0.0737985240295194;-0.3976124885215794;-0.5793215246704787
Low;0.1374772504549909;-0.3708513708513709;-0.5447292976256599
Unknown;0.0744385112297754;0.4389610389610389;0.707645664404562
High;0.0511989760204795;-0.3333333333333333;-1.0412523179688733
High;0.0766384672306553;-0.4200968523002421;-0.4979037800244142
Unknown;0.0154796904061918;-0.5036231884057971;-0.9963245432245942
High;0.982780344393112;0.02734375;0.0061201046493329
High;0.0001999960000799;-0.5703703703703704;-1.778574677629517
Unknown;0.1927561448771024;-0.3283208020050125;-0.5380541925807626
Unknown;0.1636767264654706;-0.3185185185185185;-0.6202066152114063
Medium;0.3019139617207655;0.3036971830985915;0.2743215942209133
High;0.6566668666626667;-0.1786216596343178;0.171482427236057
Unknown;0.7262254754904902;-0.10515172900494;0.1178004448564688
High;0.0850382992340153;0.3014527845036319;0.4677494975409874
Unknown;0.0905181896362072;0.3756613756613756;0.6741222028966789
Unknown;0.122917541649167;0.4053156146179402;0.5851992093063204
Unknown;0.4054718905621887;-0.2323232323232323;-0.291387870236348
Medium;0.0001199976000479;0.5938931297709924;0.959529834896291
Unknown;0.0421591568168636;0.3637820512820512;0.6056063236154967
Medium;0.864942701145977;0.0476190476190476;0.0057008468915553
Medium;0.0006799864002719;-0.5954692556634305;-1.105736288073502
Unknown;0.0640387192256154;-0.5487421383647799;-0.6535863360167878
Unknown;0.0003199936001279;0.6561797752808989;1.0647629503107097
Medium;0.1875562488750225;0.234159779614325;0.4122849781189514
Unknown;0.6519469610607788;-0.1038461538461538;-0.1625569645278057
High;0.5557888842223155;0.0977272727272727;0.2040801324353082
Low;7.999840003199936e-05;0.657967032967033;0.8321514367979495
Unknown;0.2056358872822543;0.2644927536231884;0.4620268777429683
High;0.1305573888522229;-0.2072289156626506;-0.5181815126023983
Unknown;0.0026399472010559;0.6139705882352942;0.8054685461853147
Medium;0.0002399952000959;0.5509355509355509;0.9788586132956336
Medium;0.0001599968000639;0.9215686274509804;1.568614486672112
Unknown;3.999920001599968e-05;-0.7687687687687688;-2.231143982287568
Unknown;0.1719965600687986;0.2916666666666667;0.5669409631482568
Medium;0.0439991200175996;-0.4288888888888889;-0.6963844936453794
High;0.0228795424091518;0.3751686909581646;0.5222728816668428
Unknown;0.9693406131877362;0.002020202020202;0.0005538245740054
Medium;0.2157556848863022;0.1935483870967742;0.473492850416201
High;0.2994340113197736;-0.2547803617571059;-0.2868825474373596
Medium;0.9352212955740884;0.0944444444444444;0.0414620163470976
Low;0.5532689346213076;-0.0174358974358974;0.1783701706271875
Unknown;0.8662626747465051;-0.1773049645390071;-0.0443396044612404
High;0.2034759304813903;-0.4666666666666667;-0.4669087300877688
Unknown;0.0020399592008159;0.585820895522388;0.988336594627826
Unknown;0.8571828563428732;-0.0485074626865671;0.1303422704101086
Low;0.1703565928681426;0.0942760942760942;-0.453471096298053
Low;0.0036799264014719;0.5382395382395382;1.0238172170010966
High;0.1825963480730385;-0.2269170579029734;-0.4784500546312132
Low;0.3925121497570049;0.1920289855072463;0.3252952465979145
High;0.1339573208535829;-0.2692913385826772;-0.4233962016937003
High;0.757464850702986;0.0222222222222222;0.0880286437783276
Low;0.6581068378632428;-0.0526315789473684;-0.1549281264309113
Unknown;0.1277974440511189;-0.6122448979591837;-0.7575988502385518
Control;0.0019999600007999;-0.6481481481481481;-1.67814402814757
Medium;0.7790644187116258;0.009090909090909;-0.0699442844103129
High;0.2951940961180776;0.0566706021251475;-0.3207863060559256
Medium;3.999920001599968e-05;0.8238993710691824;0.8772782342069465
Unknown;0.1526369472610547;-0.3636363636363636;-0.4956253978657629
Unknown;0.126637467250655;-0.4564102564102564;-0.782037858805543
High;3.999920001599968e-05;0.9408866995073892;1.3039627372727232
Unknown;7.999840003199936e-05;0.80078125;1.4417167114118457
Medium;0.6058678826423471;0.2758620689655172;-0.1715695154608811
High;0.1086378272434551;0.3636363636363636;0.4941944851545116
High;0.8977420451590968;0.1080617495711835;-0.026745515837343
Unknown;0.4469510609787804;0.2579365079365079;0.2953279157397273
Unknown;0.1049579008419831;-0.7142857142857143;-0.7632094110585188
Unknown;0.0647187056258874;0.4475308641975308;0.5430312304443015
Low;0.621627567448651;-0.4786324786324786;-0.0345293770963395
High;0.0020399592008159;-0.5312868949232585;-0.9477265376737708
Unknown;3.999920001599968e-05;-0.638974358974359;-1.4000140890400208
Medium;0.2061558768824623;0.1989974937343358;-0.3611592532349249
High;0.6787064258714826;-0.0646551724137931;-0.1519025911279973
High;0.0147197056058878;-0.1205673758865248;-1.533224751762971
High;0.2535549289014219;0.1302857142857142;0.3154642448669465
Unknown;0.620587588248235;0.1699346405228758;0.2106418687737381
High;0.0008799824003519;-0.6987179487179487;-1.7192889408505974
Unknown;0.0226395472090558;-0.4767676767676768;-0.7179114998518632
High;0.4686306273874522;0.1775362318840579;0.2769048837162717
High;0.370952580948381;-0.2470156106519742;-0.2806858938312336
Low;0.3442731145377092;0.2075949367088607;0.3094242474244815
High;0.0020799584008319;0.6521739130434783;1.2796727674260446
High;0.0003999920001599;-0.6210526315789474;-1.4415152363863704
High;0.0009599808003839;0.5789473684210527;0.9255298999476964
Unknown;3.999920001599968e-05;-0.8820301783264746;-2.710437620973376
Unknown;0.0001199976000479;-0.8956916099773242;-1.9624436541724208
Unknown;0.741585168296634;-0.2129629629629629;-0.0993977254460393
Unknown;0.0354392912141757;0.5357142857142857;0.8588059521561731
Unknown;0.0229195416091678;-0.6133333333333333;-1.1077851194647366
Low;0.0972780544389112;0.5658914728682171;0.7088856428987254
Unknown;0.0026399472010559;-0.5390625;-1.3212812545170474
Medium;0.0656386872262554;0.2911392405063291;0.5380956082760785
High;0.0817583648327033;0.1353276353276353;0.4951461178550093
Unknown;0.0487590248195036;-0.4666666666666667;-0.9790395589155808
Low;3.999920001599968e-05;-0.7467665078284548;-2.68433050695284
Low;0.5386692266154677;0.1534391534391534;0.1798925445909708
High;0.0004399912001759;0.6315049226441631;1.062880676901513
Unknown;0.0462790744185116;0.5555555555555556;0.7547587109738584
Unknown;3.999920001599968e-05;-0.3673469387755102;-1.6774494505665392
High;0.0002399952000959;-0.3777777777777777;-1.885847648647306
Low;0.0043999120017599;-0.4978494623655914;-0.8260472957536028
Unknown;0.0769584608307833;0.2385185185185185;0.4390662442116314
Medium;0.0043599128017439;-0.2891566265060241;-1.2297480320179677
Unknown;0.5181096378072438;-0.2276422764227642;-0.2784397899067367
Low;0.3262734745305093;0.1888888888888888;0.3315290539445659
Unknown;0.987060258794824;0.1111111111111111;0.035867489892722
High;0.3533129337413251;-0.2583826429980276;-0.2618062305521692
Unknown;0.2337153256934861;-0.31;-0.4628787254232764
Low;3.999920001599968e-05;-0.5692307692307692;-1.1277660129406075
Medium;0.7933441331173376;0.2;-0.0581824511068186
High;0.3585528289434211;0.1241446725317693;0.2960575429074353
Low;0.4046719065618687;-0.2108843537414966;-0.3308991678688377
Unknown;0.0029999400011999;-0.62708719851577;-1.0424472712217183
Unknown;3.999920001599968e-05;-0.9548286604361372;-3.557774400686481
High;0.2270754584908302;0.3695652173913043;0.5309612723176416
High;7.999840003199936e-05;-0.9119496855345912;-2.1931553325885083
Medium;0.0088398232035359;-0.5542168674698795;-0.976626793032055
Unknown;0.0010799784004319;-0.6258503401360545;-1.9360611771969116
Low;0.1281174376512469;0.3483709273182957;0.5816286566267664
High;0.0324793504129917;0.3545454545454545;0.7226778166272564
High;0.2057558848823023;-0.6595744680851063;-0.6365915731600703
High;0.6692666146677066;-0.0863636363636363;-0.1396974668620459
Control;0.0266794664106717;-0.4788732394366197;-0.9344148569694232
High;0.0013999720005599;-0.7658730158730159;-1.4689760255834503
High;0.8371032579348413;-0.0413793103448275;-0.0013591847001845
High;0.0201995960080798;-0.5348148148148149;-0.8724343940594452
High;0.6355872882542349;-0.2307692307692307;0.244694365795256
High;0.0037599248015039;0.636144578313253;0.8856367008882331
High;0.0039999200015999;0.4417767106842737;0.777448460989605
High;0.5126697466050679;0.1372549019607843;0.2426197950272764
Unknown;0.871622567548649;0.0309477756286266;-0.0286586271446679
Unknown;0.0425991480170396;-0.288201160541586;-0.6738675180243159
High;0.1590768184636307;0.1370666666666666;0.3695433663482718
High;0.0091998160036799;-0.4967637540453074;-0.816266130748492
Medium;0.0060798784024319;0.5175438596491229;0.9248568204554756
Unknown;0.0153996920061598;-0.6514084507042254;-0.9688285275918588
Unknown;0.1517969640607188;0.2058823529411764;0.5100753492204735
High;3.999920001599968e-05;-0.73125;-1.6252633424912946
Low;0.8435031299374013;-0.1228070175438596;-0.082555059877291
High;3.999920001599968e-05;0.84;1.1877994193620611
Medium;0.6978260434791305;-0.1490810074880871;-0.105474730485827
High;0.0002799944001119;0.6522727272727272;0.8038842050165157
Low;0.0001199976000479;0.7117117117117117;1.1766062408641256
High;3.999920001599968e-05;0.8626262626262626;0.9803596651252794
Unknown;0.1558768824623507;-0.246485473289597;-0.4472525911861501
Medium;0.3532329353412932;0.1447368421052631;0.2479201789166863
Unknown;0.3109937801243975;-0.3358208955223881;-0.3968265106769912
High;0.2688346233075338;-0.3009259259259259;-0.33495529584563
High;0.0127597448051038;0.6133333333333333;0.6888630199573905
Medium;0.0001599968000639;-0.6101398601398601;-1.0532664067858877
Low;0.3257134857302854;0.115625;0.2708972829490062
Control;0.0013599728005439;-0.4782608695652174;-1.3287410166058276
Unknown;0.3001939961200776;-0.3012345679012346;-0.3556217879435227
High;0.0002399952000959;-0.7738095238095238;-1.19887221577969
Low;3.999920001599968e-05;-0.7780401416765053;-2.5519547335509327
Unknown;3.999920001599968e-05;-0.7086999022482894;-1.7505732057310566
High;0.0532789344213115;0.3395784543325527;0.7437530183959764
Unknown;0.0003199936001279;-0.6213592233009708;-1.2027104878738633
High;3.999920001599968e-05;-0.7813953488372093;-1.8764622080464397
Unknown;0.1360372792544149;0.0145985401459854;0.3758740288414475
Unknown;0.0190396192076158;-0.6384615384615384;-0.9671111539247864
Unknown;0.5231495370092598;0.2777777777777778;0.2887759169902118
Medium;0.8418231635367293;-0.0077922077922077;0.0727568213098299
Unknown;0.749945001099978;-0.048048048048048;-0.1034288027290686
Unknown;0.0807583848323033;-0.5330520393811533;-0.6881154600020832
High;0.0936381272374552;-0.5037878787878788;-0.5654852077387277
Medium;0.0072798544029119;-0.7843137254901961;-1.465253758387558
Medium;0.0033599328013439;0.4527089072543618;0.7663585792098834
High;0.373792524149517;-0.2318501170960187;-0.2499939851364694
High;0.0182796344073118;0.3188811188811188;0.5247424949078291
High;0.0043999120017599;-0.8201058201058201;-1.358402505416128
High;0.0925581488370232;0.2178030303030303;0.5132634387285167
High;0.0544389112217755;-0.4848484848484848;-0.7623642365439995
Unknown;0.0235195296094078;-0.4732895970009372;-0.808958360011756
Unknown;0.0697586048279034;-0.3035714285714285;-0.6945428773081271
High;0.1088778224435511;-0.3854895104895104;-0.4466488010360435
Unknown;0.5095898082038359;-0.1970443349753694;-0.2601115963204111
High;0.0010799784004319;0.7361111111111112;1.2354917056756396
High;0.0184796304073918;0.548235294117647;0.7023818418914035
Low;0.8504229915401692;-0.0977564102564102;0.0771896032391301
Low;0.0021199576008479;-0.8632478632478633;-1.924115820366262
High;0.0043999120017599;-0.7586206896551724;-1.6219258088734103
Unknown;0.0027599448011039;0.5261904761904762;0.8502744968014315
Unknown;0.0479590408191836;0.1992653810835629;0.5815061781024773
Unknown;0.0002799944001119;0.7575757575757576;1.1095889500942784
Unknown;0.0863582728345433;-0.5738498789346247;-0.7425898309541401
Unknown;0.8409431811363772;0.2543859649122807;0.0881772281202917
Medium;0.4162716745665086;0.1818181818181818;0.3047843882311319
High;0.2332753344933101;0.0725925925925926;0.3141749499436616
Unknown;0.0246395072098558;-0.5666666666666667;-1.0533898365559478
Medium;0.6165076698466031;0.1930232558139535;0.1738145380791046
Unknown;0.6965860682786345;-0.3012820512820512;-0.0687464014711653
Unknown;3.999920001599968e-05;-0.9772609819121448;-4.382973267313142
Unknown;0.3627127457450851;0.1555555555555555;0.4616547823354405
Unknown;0.1744765104697906;0.3194805194805195;0.5335083124256228
Medium;0.1132377352452951;-0.264990328820116;-0.5265717922574403
Unknown;0.0033999320013599;0.6975308641975309;0.8746139423930286
High;0.0010799784004319;0.6814988290398126;1.0101068295756146
Unknown;0.7803043939121218;-0.2177777777777777;-0.0998703706453239
Medium;0.8901021979560408;-0.0492063492063492;0.0792091345694691
Low;0.1902361952760944;0.1578202406227884;0.3214751109424193
High;0.0026799464010719;0.5724275724275725;0.9115059273729144
Unknown;0.5181896362072759;0.2777777777777778;0.2742124542301541
Unknown;0.4881502369952601;-0.1555555555555555;-0.21327308551767
High;0.0016399672006559;0.5906845448129852;0.8169555311840864
Medium;0.0017199656006879;0.5783475783475783;0.6882838056578131
Control;0.4032319353612927;0.2482269503546099;0.3632438808447366
Medium;0.0309193816123677;-0.4447004608294931;-0.6091398474543352
Unknown;0.0706785864282714;0.2633181126331811;0.5549517968544172
Unknown;0.1653566928661426;-0.3958333333333333;-0.6478588852221051
High;0.2189156216875662;-0.2746411483253588;-0.3986776776141315
High;0.0086398272034559;0.4934640522875817;0.7529161333812536
High;0.9213015739685206;-0.3191489361702128;-0.0068282221137118
High;3.999920001599968e-05;0.8937062937062937;0.8806437475453618
High;0.0007599848003039;0.5946969696969697;0.9077991040194062
Low;0.1561968760624787;0.2096018735362997;0.3963051752517715
Unknown;0.6526669466610667;0.16;0.2178254036400027
High;0.0001599968000639;0.69140625;0.9385773455221976
High;0.4683906321873562;0.0952380952380952;0.2082755358261973
High;0.7131457370852583;-0.2536231884057971;-0.1186124065500498
High;0.9189816203675928;-0.0804597701149425;0.05173402645197
Unknown;0.0534389312213755;-0.4071428571428571;-0.7329201687377368
Low;0.0144397112057758;0.4577777777777778;0.8213858936646136
Unknown;0.0007199856002879;0.4908579465541491;1.0373269568705843
Unknown;0.4262714745705085;0.1303956834532374;0.2170939711445404
Unknown;0.0243995120097598;-0.7483660130718954;-0.9896147722908056
High;0.0345993080138397;-0.5532646048109966;-0.7009391182291296
Medium;0.0044799104017919;-0.4602870813397129;-1.0227149404102382
High;0.0072398552028959;0.6036866359447005;0.973259982297215
Medium;0.0017999640007199;0.5764705882352941;0.5807414018114118
Low;0.0001999960000799;-0.6240963855421687;-1.5773987892736094
Low;0.243155136897262;-0.1555555555555555;-0.5211907694583263
High;0.1599168016639667;-0.1628787878787878;-0.5456354940002197
Medium;0.1457570848583028;0.2648221343873518;0.4520881355132709
Low;3.999920001599968e-05;-0.8148148148148148;-1.8383062249192876
High;0.2346753064938701;-0.0173250173250173;0.3319021449779841
Low;0.0003199936001279;0.7947761194029851;1.6887548173196671
Unknown;0.6676266474670507;-0.0780141843971631;-0.1549193311398443
High;0.374472510549789;0.1632653061224489;0.3696596314604987
Medium;0.0016799664006719;-0.4425087108013937;-0.8870583404452995
High;0.0736385272294554;0.3131313131313131;0.5413864817463379
Unknown;0.0009999800003999;-0.5555555555555556;-1.3374416612711593
High;0.2056758864822703;0.2489451476793249;0.4095018654436729
Low;3.999920001599968e-05;-0.91156462585034;-1.7912284830907117
Unknown;0.622707545849083;-0.027906976744186;-0.1689925774531762
High;0.0070398592028159;0.2917532917532917;0.7612451538299052
Unknown;0.3421531569368612;-0.2777777777777778;-0.4135667314483016
Medium;3.999920001599968e-05;0.7931034482758621;1.249899313151182
Unknown;0.2677546449071019;0.2511627906976744;0.3746413172875335
Low;3.999920001599968e-05;0.92;1.006351375260456
High;0.5136297274054519;-0.3811764705882353;-0.2010507841019441
Low;0.2155556888862222;0.0763888888888889;0.4522474084476874
Unknown;0.6731865362692746;-0.1122448979591836;-0.1597281879841701
Medium;0.1615167696646067;-0.228395061728395;-0.6340737985251826
Low;0.5162696746065079;0.0612244897959183;0.3229147259524364
Unknown;0.7489450210995781;0.0398860398860398;-0.092833221435879
High;0.370272594548109;-0.2153846153846154;-0.3429893447191659
Unknown;0.8203835923281534;-0.2515723270440251;-0.0105474318959709
Low;0.0007999840003199;-0.5476190476190477;-1.564153074387835
Low;0.0001599968000639;0.5823244552058111;0.8673746129910617
Unknown;0.238955220895582;-0.3911007025761124;-0.4817952715653554
High;0.1091578168436631;0.3410138248847926;0.5937358381653307
Unknown;3.999920001599968e-05;0.8458498023715415;0.899941717558704
Unknown;0.0777184456310873;0.41015625;0.6067889747243574
Low;0.245995080098398;0.0604395604395604;0.3327431682378114
High;0.0052398952020959;-0.5111111111111111;-1.2268587985035653
High;0.9001019979600408;-0.1867057673509286;0.0645482331826931
Medium;0.0049199016019679;0.5714285714285714;0.8679576285272111
High;0.8491830163396732;0.0359408033826638;0.0626743725751007
High;0.0069198616027679;-0.3308641975308642;-1.1199003955405709
Unknown;0.5771484570308594;-0.1926605504587156;-0.2405943156526631
High;0.4722305553888922;-0.0742932281393819;-0.2120125474634783
Unknown;0.9499410011799764;-0.3274647887323944;0.0109140489584516
High;0.7175056498870023;0.1071428571428571;0.1497315096878984
High;0.4725105497890042;0.1056338028169014;0.298985460433475
Unknown;0.0574388512229755;0.4107142857142857;0.6941099683260464
High;0.4691106177876442;0.2080200501253132;0.3037193586288939
Medium;0.1350772984540309;-0.2892156862745098;-0.4662608304110526
Unknown;0.0327193456130877;0.4261603375527426;0.6794487210877034
Control;0.2232755344893102;-0.2937595129375951;-0.4352611435277621
Unknown;0.125477490450191;0.2240802675585284;0.3988430185205125
Low;0.0001599968000639;-0.6524216524216524;-1.3351843619445931
Medium;0.0171596568068638;-0.4181184668989547;-0.7090283580494519
Low;0.0078398432031359;0.5138888888888888;0.8013673187582376
High;0.0029999400011999;0.492063492063492;0.5608822292711264
High;0.2670746585068299;0.1382857142857143;0.3109132736602209
High;3.999920001599968e-05;0.7638238050609185;1.135425881915077
Unknown;0.6857462850742985;0.0659090909090909;0.147552782607707
Medium;0.2635947281054379;0.4149659863945578;0.4479990735408695
High;0.0905181896362072;0.3896296296296296;0.6156778355813708
Medium;0.0225195496090078;-0.5207373271889401;-1.316048820924694
Low;0.1892762144757105;0.1279012345679012;0.3566817999144695
High;0.5083713850837138;-0.6056338028169014;-0.3884872009741888
Low;0.6970660586788264;-0.1180555555555555;0.2129548186659463
High;0.4722305553888922;0.1020408163265306;0.2239053443367328
Unknown;0.4158316833663327;-0.605072463768116;-0.2321919132090951
High;0.0239595208095838;-0.3666666666666666;-0.7609200081913132
Unknown;0.0346529814271749;-0.7241379310344828;-1.1368599851089043
Unknown;0.0336793264134717;0.3865168539325843;0.6677344645251734
Unknown;0.9486610267794644;-0.0678571428571428;0.0580837852573088
High;0.0706385872282554;0.2685714285714285;0.4448875842476351
Medium;0.5893882122357553;-0.3076923076923077;-0.1431232700577116
Unknown;0.7251454970900582;0.0709219858156028;-0.1295666847457644
Low;0.0199996000079998;0.334983498349835;0.6340736124358938
Low;0.0644787104257914;0.3682926829268292;0.6059488377289418
Unknown;0.0699586008279834;-0.349673202614379;-0.6275591309109073
High;0.1353172936541269;-0.3806193806193806;-0.5267268586467129
High;0.0001599968000639;0.8181818181818182;1.3801658082131691
High;0.6817863642727146;-0.0867579908675799;0.1744105661805307
Medium;0.6773864522709546;-0.1564625850340136;-0.1531276675229106
Unknown;0.0002799944001119;0.7549857549857549;1.1746124063771426
High;0.0002799944001119;0.691566265060241;1.1524042886901602
Unknown;0.0009999800003999;0.4733333333333333;0.7901450970572991
High;0.0177196456070878;0.2386363636363636;0.7183919544616288
High;0.0296794064118717;-0.539651837524178;-0.8024376110567246
High;0.4063918721625567;-0.2673611111111111;-0.3060813413963915
Low;0.1319973600527989;0.3011764705882352;0.4736785294829231
Unknown;0.4242315153696926;0.1126482213438735;0.2401448668021716
Unknown;3.999920001599968e-05;-0.8152173913043478;-2.576076520114372
Unknown;0.117717645647087;-0.4493506493506493;-0.6520577686544219
High;0.0094798104037919;-0.5462962962962963;-0.9533123847804352
High;0.0214795704085918;0.5493827160493827;0.9454631845347976
High;0.4854302913941721;-0.2155232155232155;-0.1999423700972788
High;0.6118277634447311;0.0410958904109589;0.1953545968153773
Medium;0.1385172296554069;-0.305;-0.4752070411184151
Unknown;0.3996320073598528;0.234866828087167;0.3404219940863376
Medium;0.0168796624067518;0.6198830409356725;0.6924890323662525
Unknown;0.5681486370272595;0.3434343434343434;0.1874122552817087
Unknown;0.0014799704005919;0.521978021978022;0.872519319391407
High;0.0109997800043999;-0.6674157303370787;-1.0068419451450166
High;0.0109597808043839;-0.4644012944983818;-0.78866905302485
Medium;0.0167996640067198;0.6829268292682927;1.051289049067717
Medium;0.0142797144057118;-0.4666666666666667;-0.8555578132270929
High;0.126437471250575;0.2;0.3952744360397816
High;0.0778384432311353;-0.4444444444444444;-0.7775416436573067
Unknown;0.5832283354332913;0.0;0.2255164833593228
Low;3.999920001599968e-05;-0.778164924506388;-1.9209477186171988
Medium;0.3597528049439011;0.2899521531100478;0.298768834740496
Unknown;0.9600607987840244;-0.0359848484848484;0.0196944439291755
Unknown;0.0549589008219835;-0.5288888888888889;-1.1350199272114407
Unknown;0.0524789504209915;-0.3333333333333333;-1.046358978974797
High;0.0099198016039679;0.4785714285714286;0.7077600807631688
Low;0.0579188416231675;0.3173076923076923;0.4476533800808264
Medium;0.5126697466050679;0.046031746031746;0.2030331461126395
High;0.0875582488350233;0.2610294117647059;0.6107970433421684
Unknown;0.3838323233535329;0.428235294117647;0.3052998368499924
Medium;0.1286774264514709;0.1058823529411764;0.4749722994428051
Unknown;0.0537989240215195;0.45;0.7276129054205129
Low;0.0398792024159516;0.4;0.6594823370182896
Unknown;0.4894702105957881;0.0545454545454545;0.2546988947664204
Unknown;0.1877962440751185;0.2507122507122507;0.4546549840605132
Low;0.5419891602167957;-0.036144578313253;-0.1934916523863474
Unknown;0.2039559208815823;-0.3571428571428571;-0.539456840416075
High;0.125877482450351;-0.269047619047619;-0.508655101464451
Unknown;0.2367552648947021;-0.4565217391304347;-0.5490553084114257
Unknown;0.5565888682226355;-0.2428571428571428;-0.1881044787593459
Low;0.7345853082938342;0.1162790697674418;0.1179604399362331
Unknown;0.8933821323573529;-0.0326086956521739;-0.0430950900731274
Low;0.1686366272674546;-0.2811447811447811;-0.4312589560648585
Unknown;0.1540369192616147;-0.4436619718309859;-0.5651314963907531
Unknown;0.872862542749145;-0.2736077481840194;0.0011959168578546
High;0.0995580088398232;0.425531914893617;0.7059682374569648
Unknown;0.0299994000119997;0.4583333333333333;0.7581815989424814
Unknown;0.2936341273174536;0.2567567567567567;0.3962961021829799
Unknown;0.0385592288154236;-0.4844074844074844;-0.6686378207221816
Unknown;0.1301973960520789;-0.3129251700680272;-0.7070137592182847
Unknown;0.6454670906581869;0.083743842364532;0.2311015480091968
Medium;0.0496790064198716;0.4777562862669245;0.5793213705683363
Unknown;0.1496770064598708;-0.4414634146341463;-0.5121362167689124
Unknown;0.1909161816763664;0.1948051948051948;0.3632839369256307
Unknown;0.1078378432431351;0.3533834586466165;0.6305387661273236
Medium;0.0004399912001759;0.7237762237762237;0.8774242779417212
Unknown;0.5413491730165396;-0.0133333333333333;0.2404522885733725
Low;0.0036399272014559;0.5581395348837209;0.9021632226824218
Unknown;3.999920001599968e-05;-0.7398753894080997;-2.248813678493525
Medium;0.623667526649467;0.0119047619047619;0.1853737573217348
High;0.2809143817123657;-0.4766081871345029;-0.3927721159596272
High;0.0897982040359192;-0.1346604215456674;-0.5104505948101892
High;0.752704945901082;-0.0481099656357388;-0.0942238897042725
Unknown;0.5413091738165237;-0.0847457627118644;-0.2341312025172206
High;0.9217015659686806;-0.1111111111111111;-0.036383115204361
Low;0.1951960960780784;-0.0498442367601246;-0.4180266602566906
High;0.0066398672026559;-0.3545751633986928;-0.9446916672694898
High;0.0102797944041119;-0.6224489795918368;-1.1358405448579958
Unknown;0.0743185136297274;0.3127147766323024;0.5480063063489127
High;0.1257174856502869;0.4901593252108716;0.4756721729013942
Unknown;0.2818343633127337;0.2835820895522388;0.3920490547222806
High;0.4320313593728125;0.1318518518518518;0.2973834234007287
High;0.0001199976000479;-0.5964035964035964;-1.5476733516509324
High;0.1033979320413591;0.289437585733882;0.531671214620599
Unknown;0.2401951960960781;0.3396226415094339;0.5113492947285896
Unknown;0.0897182056358872;0.3235294117647059;0.5815704461435179
High;0.6162676746465071;0.1428571428571428;-0.1656042198366411
Unknown;0.0038399232015359;0.5180722891566265;0.6384956057434521
High;0.0001199976000479;0.7936507936507936;1.6544697218427826
High;0.1525969480610387;0.2222222222222222;0.487152364999473
Unknown;0.375552488950221;-0.2675324675324675;-0.3457072328052412
High;0.8007839843203136;-0.0037878787878787;0.1136335868007357
High;0.0003199936001279;0.7545605306799337;1.2387850456949576
High;0.0858782824343513;0.2337349397590361;0.5471627682972879
Unknown;0.0010799784004319;-0.7607142857142857;-1.578352342434907
High;0.1267942583732057;-0.7283950617283951;-0.9881779519385182
Medium;0.0069198616027679;-0.3875878220140515;-0.7589098600030507
High;0.0879182416351673;0.3035714285714285;0.6276642206116823
Low;0.2075558488830223;0.3333333333333333;0.6580032990660885
Low;0.1573568528629427;0.2424242424242424;0.5546973214015785
High;0.0008399832003359;0.5514018691588785;0.929469841703081
Unknown;0.5135497290054198;-0.2464403066812705;-0.203255408060009
High;0.4202715945681086;-0.3191011235955056;-0.2657305593546291
Medium;0.0088398232035359;0.3704994192799071;0.632380219137477
High;0.2720345593088138;0.2071651090342679;0.3322009939277868
Unknown;0.1472770544589108;0.3546099290780142;0.5601373729018244
Unknown;0.3530729385412292;0.2764227642276423;0.4130099658981261
Unknown;0.8159436811263775;0.04;0.0837479121744719
Low;3.999920001599968e-05;-0.8974854932301741;-2.4589385796910475
Medium;0.0937181256374872;0.0013736263736263;0.4665572608243692
High;0.122037559248815;0.3857142857142857;0.5207846266392095
High;0.51114977700446;-0.1495601173020528;-0.2019565691204287
High;0.4771104577908441;-0.2182539682539682;-0.2688120322097595
High;3.999920001599968e-05;-0.7839793281653746;-1.3818343609997032
Unknown;0.114077718445631;-0.2584892584892584;-0.5128666641033895
Unknown;0.3189536209275814;-0.1509433962264151;-0.3092757292604938
Low;0.8883422331553369;-0.1428571428571428;0.0893169707942699
High;0.8397032059358813;-0.1618122977346278;-0.0518793176670658
Unknown;0.1374372512549749;-0.3405483405483405;-0.3934509961876422
Unknown;0.1138377232455351;0.2962962962962963;0.4803548218858436
Low;0.0171596568068638;0.2092198581560283;0.5846935238414507
Unknown;0.4822303553928921;0.1336405529953917;0.303876141669023
Low;0.0117597648047039;0.4710144927536231;0.7547775805883266
Medium;0.0001999960000799;0.7082352941176471;1.0932179830887936
High;0.2056758864822703;0.2078272604588394;0.3722153345015294
High;0.0131997360052798;0.6414814814814814;0.6254872907783608
High;0.0404391912161756;0.4183673469387755;0.7710275420869371
Medium;0.2553148937021259;-0.6038461538461538;-0.4436918352210579
High;0.0004399912001759;0.5447080291970803;0.799065423443796
Unknown;0.1050378992420151;-0.1795870666147253;-0.4286925957771331
Low;0.0067198656026879;-0.5825825825825826;-1.0346732319979313
Low;0.0028799424011519;0.3979487179487179;0.7235751145790807
High;0.2052758944821103;0.1902587519025875;0.4116810170659221
Unknown;0.6644267114657707;-0.2389380530973451;-0.1054359891506759
Low;0.1003179936401272;0.3333333333333333;0.720017882977674
Medium;0.508629827403452;0.2857142857142857;0.2631041543481488
Unknown;0.3467530649387012;-0.2126984126984127;-0.2866926111863984
High;3.999920001599968e-05;-0.825;-1.8908938590917
Medium;0.5669486610267794;0.0498866213151927;0.1686556235331945
High;0.4875502489950201;0.1058201058201058;0.1938503181966577
Low;0.0210795784084318;-0.4336917562724014;-0.7475762221929502
Unknown;3.999920001599968e-05;0.7640603566529492;1.0943595772110386
Unknown;0.0044399112017759;0.5906432748538012;0.7214436521773853
High;0.3842723145537089;0.1088435374149659;-0.2337337988813972
Unknown;0.9459810803783923;0.0196813495782567;0.0500477804882985
Unknown;0.0015199696006079;0.6111111111111112;0.9416029075367754
Medium;0.1080778384432311;0.2328767123287671;0.5066493886360224
Unknown;0.0917181656366872;-0.4516129032258064;-0.7099534122607385
Unknown;0.0004399912001759;-0.5262681159420289;-0.9268069525195138
Unknown;0.0480790384192316;0.428030303030303;0.6717314427527055
Low;0.0001999960000799;0.5409669211195929;0.8522161833783163
Unknown;0.0043999120017599;-0.3532808398950131;-0.803421895451757
Unknown;0.4195116097678046;0.2733333333333333;0.3550749767035818
Medium;0.4185516289674206;-0.2977272727272727;-0.2623662814636176
High;0.0256794864102717;-0.3709150326797386;-0.7028932424115295
Unknown;0.0193996120077598;0.5012106537530266;0.9047509035333872
Unknown;0.1712765744685106;0.1829988193624557;0.3817200959677487
Unknown;0.0423191536169276;0.4566744730679157;0.6227367438385697
Unknown;0.114877702445951;-0.717948717948718;-0.7813381778029518
Medium;0.0004799904001919;-0.7092198581560284;-1.88826254634023
High;0.0118397632047359;0.5064102564102564;1.1204114238884837
High;0.6532269354612907;-0.2852852852852853;-0.1245750751165281
High;0.1367572648547029;0.3133333333333333;0.6180092886859144
Low;3.999920001599968e-05;-0.3829787234042553;-1.9460889151414804
High;0.0491990160196796;0.5585185185185185;0.6481941071411302
Unknown;0.0783184336313273;0.4334975369458128;0.7271073820623375
Unknown;0.2727945441091178;0.2112676056338028;0.4022854626278369
High;0.0007199856002879;0.7393483709273183;1.2806541040029815
Unknown;0.0002399952000959;0.6131528046421664;0.8866450041404779
Low;3.999920001599968e-05;-0.5118110236220472;-1.3672237356305637
High;0.0009599808003839;0.5584415584415584;0.949231869575819
High;0.0064398712025759;-0.5772695772695773;-0.8717781822710714
High;0.4103917921641567;-0.0246350364963503;0.2249392397557956
Medium;7.999840003199936e-05;0.6761904761904762;1.0049872908244175
Medium;0.2342353152936941;0.2342704149933065;0.423037099308379
High;0.1068378632427351;0.2691358024691358;0.4065784837963505
Unknown;0.3329533409331813;0.0707070707070707;0.2427250972007871
Medium;0.4093918121637567;-0.03;0.2680487582364166
Low;0.0738385232295354;-0.6377777777777778;-0.7965333077902912
Unknown;0.5523089538209236;-0.1616161616161616;-0.1728521100701919
Unknown;0.869302613947721;0.2047619047619047;0.1013457745228878
Unknown;0.1503969920601588;-0.4296875;-0.5876545135561954
High;0.0021199576008479;0.4803921568627451;0.7805673321527694
High;0.0849183016339673;-0.3364705882352941;-0.5798136453744851
Medium;0.0449591008179836;0.4779874213836478;0.7530698760753375
High;0.1918361632767344;0.1872146118721461;0.4442946890782725
Unknown;0.7238655226895462;-0.2071246819338422;-0.0567198917551158
High;0.74442511149777;-0.1288888888888889;-0.1465379628001938
Unknown;0.7063458730825384;0.0944309927360774;0.1485179114661931
High;3.999920001599968e-05;0.927360774818402;1.207340778860552
High;0.5675886482270355;-0.0116071428571428;0.1562538156088773
Unknown;0.0001199976000479;0.778169014084507;1.4015886999620006
High;0.0012799744005119;0.5996326905417815;1.0536592080599985
Low;0.9831803363932722;-0.2277227722772277;0.0169442745780488
Unknown;0.875782484350313;-0.4415204678362573;0.0241916560351785
Medium;0.0029999400011999;0.525;1.1787865464749443
Unknown;0.0117997640047199;0.5617283950617284;0.7794322297994365
Medium;0.3547129057418852;0.1840796019900497;0.3311761474466115
High;0.0330393392132157;-0.2297165200391006;-0.7757979522135684
Unknown;0.2350352992940141;-0.2365339578454332;-0.4665089263021414
Unknown;0.6403162055335968;0.2857142857142857;0.2058776813701039
Medium;0.1366372672546549;-0.4074074074074074;-0.6846760283947388
Low;0.0011999760004799;0.5121293800539084;0.8969650769929085
Unknown;0.0065198696026079;-0.2679738562091503;-0.9503221131424135
Medium;3.999920001599968e-05;0.7722222222222223;1.063654876644906
Low;0.6063478730425391;0.0133333333333333;0.2823627989295876
Unknown;0.1029579408411831;0.3809523809523809;0.6609017685811668
High;0.0745985080298394;0.2660818713450292;0.5261690199217365
Unknown;0.0179596408071838;0.5733333333333334;0.9611214237746004
Medium;0.5210695786084278;0.1119402985074626;-0.2973275023941895
High;0.0047599048019039;0.4502857142857143;0.551298282163595
Unknown;0.4347913041739165;-0.2653061224489796;-0.302944277866116
Low;3.999920001599968e-05;-0.8299120234604106;-1.5184744230535812
High;0.0094398112037759;-0.6611764705882353;-0.9666017834247976
High;0.0011599768004639;0.5742574257425742;0.949001734295716
Unknown;0.5097498050038999;0.2371794871794871;0.2888462412722172
Unknown;0.1878762424751505;0.2611940298507462;0.4490703847123628
High;0.4373512529749405;0.0823244552058111;0.2255672615708279
Unknown;0.8302233955320893;0.109090909090909;0.1184694720647938
Unknown;0.124237515249695;-0.3396226415094339;-0.697899810865177
High;0.6062278754424911;-0.2874493927125506;-0.1447839821840565
Medium;0.0037999240015199;0.6095238095238096;0.6524178955625519
Unknown;0.115517689646207;0.3900709219858156;0.6120364805043059
Medium;0.4977500449991;-0.4512471655328798;-0.2616317571367001
High;0.0018799624007519;0.5;1.079703979600202
High;0.0391592168156636;0.3402633402633402;0.5674568681088615
Medium;0.4344313113737725;-0.3090418353576248;-0.2273680673922735
High;0.0357592848143037;0.2016806722689075;-0.6962866805295389
Unknown;3.999920001599968e-05;-0.8515625;-2.321312063125038
High;0.6296674066518669;0.1735874744724302;0.1538030994300461
Unknown;0.0035999280014399;0.580952380952381;1.072553241536655
High;3.999920001599968e-05;-0.948051948051948;-2.6482414682015536
Unknown;0.5567088658226835;-0.0798611111111111;0.2878656963394613
Unknown;0.0001199976000479;-0.6326530612244898;-1.6883378344981632
Unknown;0.0225995480090398;-0.4957264957264957;-0.8034004179764156
Medium;0.0120397592048159;0.4615384615384615;0.9137543054107958
Unknown;0.4625507489850203;0.2307692307692307;0.3186829595179367
Medium;0.3041939161216775;-0.4150197628458498;-0.3356313276239955
High;0.4443911121777564;0.1928571428571428;0.2614610833525898
Medium;0.2714745705085898;0.2088888888888889;0.3642761210309069
High;0.4584308313833723;-0.139083139083139;-0.2127993716364495
High;0.0019599608007839;-0.4871428571428571;-0.9452967101091252
High;0.0069598608027839;-0.5220588235294118;-1.2319971742817066
Low;0.1071578568428631;0.375;0.6019094909328925
Unknown;0.0002399952000959;-0.638095238095238;-1.2620225950607975
Low;0.6011879762404752;-0.0565217391304347;-0.2751637073111694
Unknown;0.5507489850202996;-0.2719298245614035;-0.1806144207041029
Low;3.999920001599968e-05;-0.8902439024390244;-2.083443767365082
Low;0.0002799944001119;0.8062953995157385;0.914798835185246
Medium;0.239755204895902;-0.228125;-0.326572541297548
High;0.0489590208195836;0.4666666666666667;0.7363604077385979
Unknown;0.0001999960000799;-0.5659824046920822;-1.4600368138718964
Low;3.999920001599968e-05;0.8409090909090909;1.5165513140560514
Unknown;0.0191196176076478;-0.4064039408866995;-0.7176951316526792
Low;3.999920001599968e-05;0.8469387755102041;1.949726306075624
High;0.6681466370672586;-0.0804878048780487;-0.1312600620442681
Unknown;0.0446391072178556;0.3921028466483012;0.5598003155938879
High;0.0827067669172932;0.7636363636363637;1.1325208279494057
Medium;0.2626747465050699;0.2155844155844155;0.4391697300709091
Unknown;0.0529189416211675;0.4660421545667447;0.6664213468072266
High;0.0857582848343033;0.4923076923076923;0.638911175511304
Medium;0.0064798704025919;-0.5597014925373134;-1.17655979441114
High;0.0058398832023359;-0.5369458128078818;-1.3069371549804751
High;0.9787404251914962;-0.1140350877192982;0.0277795552431146
Medium;0.0010399792004159;0.5473098330241187;0.8478925553255827
Unknown;0.0019980019980019;1.0;1.0669345435315378
Unknown;0.5817483650326993;-0.2844444444444444;-0.1517853636944027
Medium;0.0641187176256474;-0.4915254237288136;-0.8093158666483001
Unknown;0.121557568848623;-0.5;-0.6305418434127319
High;0.6505069898602028;-0.0625;-0.1443433738697497
High;0.1116777664446711;0.3939393939393939;0.5598129071250096
Unknown;0.005911330049261;-0.9012345679012346;-1.7922999151268215
Medium;0.0020399592008159;0.741248097412481;0.8981508815720941
Low;0.1717965640687186;-0.2131147540983606;-0.5622892486447695
Low;0.0001999960000799;-0.8464285714285714;-1.592039662353011
Unknown;0.0066798664026719;0.5665024630541872;0.6471555165959331
Unknown;0.616467670646587;-0.1143790849673202;-0.1354165105273076
High;0.0035599288014239;-0.6133333333333333;-1.7457821253187922
Medium;0.0004799904001919;-0.5411371237458193;-1.178676940823277
High;0.7023059538809224;-0.0927456382001836;0.1536532118731789
High;0.632227355452891;-0.0845588235294117;-0.176212359716635
High;0.0339993200135997;0.2607709750566893;0.77933928478914
Medium;0.0005999880002399;-0.7137681159420289;-1.439030044337715
Low;3.999920001599968e-05;-0.873015873015873;-2.6366886803204
Low;0.1557168856622867;0.1072916666666666;0.3698046459695493
Unknown;0.0013599728005439;-0.6597222222222222;-1.329416113194442
Unknown;0.2597148057038859;0.4497354497354497;0.4544441129778565
Medium;0.7005859882802344;-0.0805555555555555;-0.1167093418647339
High;0.3922321553568929;-0.3528693528693529;-0.2394686160602882
High;0.0315993680126397;0.35;0.5552356478215873
High;3.999920001599968e-05;-0.6405152224824356;-1.9938154158534145
Unknown;0.4845503089938201;-0.2817460317460317;-0.2470483888078449
Unknown;0.8662626747465051;0.0217391304347826;-0.0392477451966846
High;0.1998360032799344;0.3;0.4785875332011188
Medium;0.371712565748685;-0.2429577464788732;-0.3329140548948417
Medium;0.0002799944001119;0.7091836734693877;1.258054110429126
High;0.0274394512109757;-0.4409876543209876;-0.6314060437663419
High;0.0009199816003679;-0.5888888888888889;-1.4709438375432566
Medium;0.0001999960000799;-0.7992957746478874;-2.0565925537179166
Unknown;0.0127997440051198;0.5606060606060606;0.8579423622057293
Unknown;0.2176356472870542;0.2012578616352201;0.507530733687115
High;0.1902361952760944;-0.2927400468384075;-0.371513617437815
Unknown;0.254034919301614;0.2243589743589743;-0.5517475215351808
High;0.1957160856782864;-0.4331065759637188;-0.5591719320341944
High;0.0498390032199356;0.5619047619047619;0.6975288644185158
Unknown;0.0002799944001119;0.71875;0.8229479487825955
High;3.999920001599968e-05;-0.4583333333333333;-2.288775498983155
Unknown;0.1552768944621107;-0.3832417582417582;-0.4252616745104615
High;0.0077998440031199;0.3674242424242424;0.9513623970516984
Medium;0.0235195296094078;0.55078125;0.6082347786443247
High;0.3874722505549889;-0.1018518518518518;0.3325827720916856
Medium;0.0308393832123357;-0.4024024024024024;-0.782462325363432
Low;0.4531509369812603;0.2132132132132132;0.2665434935254507
High;0.0146397072058558;0.3846153846153846;0.6751023948077769
High;0.7321853562928742;-0.1984126984126984;0.1699398886670364
High;0.0186396272074558;0.5665024630541872;0.9378605124460292
Medium;3.999920001599968e-05;-0.8641686182669789;-1.8314371482822496
High;0.1923161536769264;-0.3133640552995391;-0.5233661111584615
High;0.1464770704585908;0.182716049382716;0.4450601146662271
Unknown;0.623627527449451;0.0311111111111111;-0.1378162402849463
High;0.127757444851103;-0.3043478260869565;-0.676878065899065
High;0.24047519049619;0.1889400921658986;0.3315217837259177
High;0.6425071498570029;0.3520408163265306;0.212843616959057
Unknown;0.2882342353152937;-0.2467532467532467;-0.4335371532824194
High;0.5330693386132277;-0.2172248803827751;-0.1900131961327417
Low;0.1496370072598548;0.3615384615384615;0.5261018062970021
Medium;0.126277474450511;-0.4827586206896552;-0.567674922169972
High;0.3291934161316773;0.18;0.4133059487065602
High;0.2114757704845903;0.0374707259953161;0.3432421114818567
Medium;0.0021999560008799;0.7333333333333333;1.0482043529009066
Unknown;0.5709085818283635;-0.1891891891891892;-0.182552498168704
High;0.0039599208015839;-0.5288461538461539;-0.9147917004781174
High;0.9323013539729206;-0.2186046511627907;0.0053871264630544
High;0.0004799904001919;0.8333333333333334;0.7541878738929629
Low;0.4563108737825243;0.0576441102756892;0.328041196427528
Low;0.8313033739325213;0.1871921182266009;0.0842486277765539
High;0.0620787584248315;-0.4;-0.7566567328287065
Unknown;0.5885882282354353;0.12;0.2960636612527623
Low;0.0089998200035999;0.395;0.7438893989737195
Unknown;0.2569148617027659;-0.3986928104575163;-0.4201976260703064
High;0.2289554208915821;0.0927021696252465;0.3351524486624847
High;0.1711965760684786;0.3244444444444444;0.4761307952918429
Unknown;0.6408271834563308;-0.1875;-0.195254729351475
High;0.2118357632847343;0.1683168316831683;0.3703719825695391
Unknown;0.6153476930461391;0.0;0.1922434177822916
High;0.0010799784004319;0.6560975609756098;1.1512908726567903
High;0.0641587168256634;0.3365570599613153;0.5911415416385004
High;0.24367512649747;0.0864197530864197;0.3867608085634262
High;0.2605947881042379;-0.2251968503937008;-0.3108845345907887
Medium;3.999920001599968e-05;-0.8171589310829818;-1.687985219801604
Low;0.1324773504529909;0.3033088235294117;0.3959369455410652
Low;0.0003599928001439;0.6943820224719102;1.0260670380204016
Medium;0.2022359552808943;-0.2261904761904762;-0.4907210095448307
Unknown;7.999840003199936e-05;-0.603125;-1.5049725426329572
High;3.999920001599968e-05;0.7611336032388664;1.065527645039469
High;0.2931541369172616;-0.0589849108367626;-0.2621701696368977
Low;0.1026779464410711;-0.3466533466533466;-0.5456750848785447
High;0.0590788184236315;-0.3014354066985646;-0.6736157003195553
Unknown;0.8053838923221536;0.0092592592592592;0.08931333052523
Unknown;0.0753584928301434;-0.4285714285714285;-0.7888330931634214
High;0.0047999040019199;0.6235827664399093;0.8657792433500981
Low;0.3124337513249735;0.220679012345679;0.3075885257284675
High;0.3483130337393252;-0.0464135021097046;-0.3381054585759851
High;0.3341533169336613;0.1876208897485493;0.3098457417007873
High;0.0147197056058878;0.4818401937046004;0.8668352226796683
Unknown;0.2132357352852943;0.3853754940711462;0.3854420600760015
High;0.0001599968000639;-0.6088154269972452;-1.3642879842650115
High;0.9557808843823123;-0.1458823529411764;0.0301913390024284
Low;0.6015079698406032;0.2026755852842809;0.1775458053568863
Unknown;0.0392392152156956;0.3129629629629629;0.5339097425010199
High;0.0990780184396312;-0.3576864535768645;-0.586998400225546
Unknown;0.3627927441451171;-0.270935960591133;-0.3693199736839009
Medium;0.5209495810083798;0.1119617224880382;0.2358877831898284
Medium;3.999920001599968e-05;0.9037037037037036;1.517396341461438
High;0.3206335873282534;0.1152460984393757;0.2810935516920741
Unknown;0.6834263314733705;0.1383647798742138;-0.0936949489191259
Unknown;0.0260394792104157;-0.4340909090909091;-0.757630954865898
Medium;0.0769184616307673;0.3158388003748828;0.5231957312737001
Medium;0.0485990280194396;0.4829931972789115;0.6630521892828329
Unknown;0.5458690826183477;-0.2076923076923077;-0.2162110563760414
Unknown;0.5991480170396593;-0.2091503267973856;-0.1656544515010007
High;0.4699906001879962;-0.2335412335412335;-0.1055812981268051
Unknown;0.6010679786404272;-0.116083916083916;-0.1594016074253749
Low;0.1613167736645267;0.3829787234042553;0.6228374550915784
Unknown;0.2767944641107178;-0.0183333333333333;-0.356549144048789
Medium;0.0004399912001759;0.6507352941176471;1.6410345253855805
Unknown;0.5864682706345873;-0.1964285714285714;-0.1994083657978538
Unknown;0.0509589808203835;0.3734939759036144;0.6368488115587033
Medium;0.0385592288154236;0.1866096866096866;0.5738900444253285
High;0.1923161536769264;0.2904761904761905;0.5144797790566588
High;0.7007059858802824;0.2258064516129032;0.1288962435655542
High;3.999920001599968e-05;-0.8620689655172413;-1.66406806529969
Low;0.2552748945021099;-0.2208883553421368;-0.328546633014228
Unknown;0.378552428951421;0.271889400921659;0.3651382973346485
Medium;0.0081598368032639;0.5409090909090909;0.7638627880369597
Low;0.0037599248015039;-0.5984848484848485;-1.1071520632316392
Low;3.999920001599968e-05;0.7;1.1433000150557555
Unknown;0.632947341053179;0.0170798898071625;-0.1192731310919256
Medium;0.0203195936081278;0.4375;0.6994390668542394
Medium;3.999920001599968e-05;0.7869605142332415;0.8710565773325009
Unknown;0.6852662946741065;-0.2142857142857142;-0.1649313578314679
Low;0.0004799904001919;0.6109481915933529;1.0248151374424412
Medium;0.0791184176316473;-0.5299929428369795;-0.5372155303112215
High;0.9513809723805524;-0.2154195011337868;-0.0016337787676386
Medium;0.1633567328653427;-0.6099290780141844;-0.6630525023739027
High;0.1643567128657427;0.1477411477411477;0.4026636437247217
Unknown;0.0001599968000639;0.6822916666666666;1.060351449562177
Medium;0.0009999800003999;0.5451505016722408;0.9151153103434344
Unknown;0.7775844483110338;-0.088235294117647;-0.1556936825516193
Medium;0.75622487550249;-0.150278293135436;-0.0955437826157274
High;0.0001199976000479;-0.6494755244755245;-1.4192340467095528
Unknown;0.122877542449151;-0.4916666666666666;-0.592061683055464
High;0.0021999560008799;0.5049786628733998;0.58613820259686
High;0.7740645187096258;-0.0661040787623066;-0.1136785812996443
High;0.0087598248035039;0.4979020979020979;0.6469625290801719
Low;0.0022799544009119;0.5694444444444444;1.086467152151681
Medium;0.1723965520689586;-0.3911007025761124;-0.4134384519390127
High;0.0098398032039359;-0.6098484848484849;-1.2334578084280865
Medium;0.7734245315093699;-0.1436781609195402;-0.1186253479109354
Unknown;0.5176696466070678;-0.0259259259259259;0.2807597721844786
High;0.50034999300014;0.2642642642642642;0.2391615735800447
Low;0.0153996920061598;0.6538461538461539;0.6517486043710952
High;0.0959580808383832;-0.1328125;-0.6641108932649579
High;3.999920001599968e-05;-0.8972222222222223;-2.295699983042829
Low;3.999920001599968e-05;-0.8505917159763313;-2.8369633800318024
High;0.0008799824003519;0.5668571428571428;0.9504169222430158
Medium;0.5549489010219796;-0.2176560121765601;-0.168212867853316
Unknown;0.0001599968000639;-0.4834437086092715;-1.0322573184908042
Unknown;0.0415191696166076;-0.50390625;-0.8125922764909863
Unknown;0.0060398792024159;0.4953703703703703;0.7891725791181324
High;0.5349893002139957;0.0268595041322314;0.2065493331113972
High;0.0087998240035199;-0.6784688995215311;-0.9578957744588188
Unknown;0.8929021419571609;0.0914634146341463;0.0645945854125955
High;0.1048379032419351;0.1461267605633802;0.4137528686906951
High;3.999920001599968e-05;0.6705069124423964;1.0776541261791466
High;0.1339973200535989;0.1068783068783068;0.3938679159831935
Unknown;0.3303133937321253;-0.1909722222222222;-0.3656598074110107
Low;0.5366292674146517;0.1424242424242424;0.1729739931839992
Medium;0.7250254994900102;-0.0340136054421768;0.1832365606188061
High;0.0002399952000959;-0.7514619883040936;-1.5214105305919694
Unknown;0.3061538769224615;0.2982456140350877;0.4149710735790241
Medium;0.118917621647567;0.3;0.5675348599404604
Medium;0.0020399592008159;0.7142857142857143;1.391575414068407
Medium;0.125077498450031;0.3059360730593607;0.5392581472282436
Medium;7.999840003199936e-05;0.6731141199226306;0.968179889068836
High;0.4305513889722205;-0.0018939393939393;0.2571346928929304
High;0.988020239595208;-0.0144927536231884;-0.006232094120541
Unknown;0.0143997120057598;0.3796296296296296;0.8612283303551638
Unknown;0.0332793344133117;-0.6064690026954178;-0.9543561670336744
Low;0.1031579368412631;0.5022222222222222;0.5142116311771591
High;0.4046319073618528;0.1231527093596059;0.31182639128921
Unknown;0.49355012899742;-0.1430817610062893;-0.2050470937294423
High;0.1136777264454711;-0.3577777777777777;-0.5495656555129095
Unknown;0.2152756944861102;0.3466666666666667;0.5262303716210728
Low;0.5629487410251794;-0.0903540903540903;-0.1632701402209675
Unknown;0.0392792144157116;0.4800936768149882;0.7631624214296034
High;0.0037199256014879;-0.6080246913580247;-1.0547745163920623
Low;0.5835483290334194;-0.2119815668202765;-0.2098275488930874
Unknown;0.7194256114877703;-0.1975308641975308;-0.0830688300824512
High;0.0001599968000639;0.8285714285714286;1.4240882201298013
High;0.8323833523329534;-0.0295566502463054;-0.0777187696565394
High;0.242035159296814;0.1051851851851851;0.4106592965897092
Unknown;0.6038679226415472;-0.1591726618705036;-0.1356273096844271
High;3.999920001599968e-05;0.6013824884792627;0.6825057968606986
Low;0.0587588248235035;-0.24609375;-0.7760187161792113
High;0.5787084258314834;-0.0537780803267528;-0.161045844995833
High;0.0001599968000639;0.8205128205128205;1.4502993951659555
High;0.0006799864002719;-0.7035714285714286;-1.3831186184687851
Unknown;0.0585188296234075;-0.5682926829268292;-0.684142163086012
High;0.0005999880002399;0.5321428571428571;0.8409705805370555
High;7.999840003199936e-05;0.7847222222222222;0.7317301160702927
Unknown;0.1036779264414711;-0.4888888888888889;-0.8027622361614308
Unknown;0.5287494250114998;-0.2596153846153846;-0.2327409075584624
High;0.114597708045839;-0.44136460554371;-0.6399214573546493
High;0.503469930601388;-0.1474358974358974;-0.22698514030676
Unknown;0.751944961100778;0.023076923076923;0.149709727288154
High;0.0408391832163356;0.166469893742621;0.534587732334471
Unknown;0.8431831363372733;-0.0614035087719298;-0.0638276265390259
Control;0.1493570128597428;-0.1547619047619047;-0.5601474464799439
High;0.2210755784884302;-0.3714285714285714;-0.4993832642092441
Low;0.0017199656006879;0.4685314685314685;0.7467148644230127
High;0.0003199936001279;0.6194968553459119;0.9552338702327798
Unknown;0.247515049699006;-0.3562152133580705;-0.3636367499763027
Low;0.6360672786544269;-0.1974789915966386;-0.119764720151401
Medium;0.0702385952280954;0.4156378600823045;0.6481691457745513
High;0.5694686106277874;-0.0789473684210526;0.238576438162656
Unknown;0.6653066938661226;-0.1666666666666666;-0.1773648022754197
Medium;0.6635467290654187;0.109090909090909;0.1432466947056453
Medium;0.0096798064038719;0.4700854700854701;0.8116756982392621
Unknown;0.3972320553588928;0.1720930232558139;0.412481603203159
Unknown;0.0311593768124637;0.36084142394822;0.6102817410730209
Unknown;0.0303193936121277;0.4047619047619047;0.5452995558776237
High;0.6623467530649387;-0.0946502057613168;0.1428146554516511
Medium;0.0003999920001599;0.672514619883041;1.03869875802611
High;0.5796684066318674;0.0084745762711864;-0.1895259872910956
High;0.0011999760004799;0.7428571428571429;1.0352690587583993
High;0.0049599008019839;0.5142118863049095;0.9183543380584732
Unknown;0.991140177196456;-0.0303030303030303;0.0162708978902496
Unknown;0.1014779704405911;-0.4523809523809524;-0.7034573901135438
Unknown;0.8138237235255295;-0.0927318295739348;-0.0808582796983773
Unknown;0.2075158496830063;-0.12;-0.5703348243933827
Unknown;0.7929041419171616;-0.0863636363636363;-0.0209470536427454
High;0.0009199816003679;0.5857142857142857;1.0712447991389666
Medium;0.0047599048019039;-0.6146341463414634;-1.0074621181441383
High;0.0134397312053758;0.6013071895424836;0.9082696729770192
Unknown;0.9518209635807284;0.0;0.0024127867656392
High;0.9753404931901362;0.1742112482853223;0.0173814975093589
Unknown;0.0378392432151356;0.4222222222222222;0.6756124783835121
High;7.999840003199936e-05;-0.8142857142857143;-1.4718654134673357
High;0.0117997640047199;0.5050505050505051;0.8466718541318655
High;0.2205555888882222;-0.475;-0.47767079650266
Unknown;0.0041599168016639;-0.5932835820895522;-1.1946229696514534
Unknown;0.1533169336613267;-0.3404255319148936;-0.6205172553452831
Low;0.1724365512689746;0.1940719830628087;0.3516469243312158
Low;0.8263034739305214;-0.1259259259259259;0.1609347479895355
Medium;0.3174736505269894;0.1828358208955224;0.374567042532035
Low;0.0019599608007839;-0.5515734265734266;-0.8778779503361904
Medium;3.999920001599968e-05;-0.7265625;-1.325853488678549
Medium;0.6964260714785704;-0.1504854368932038;-0.1043522129392842
Unknown;0.0001999960000799;0.7007407407407408;1.2387570945815078
Unknown;0.0404791904161916;0.4519906323185012;0.6982236567775457
High;0.0372392552148957;0.3066666666666666;0.6460658615377421
Unknown;0.4728705425891482;-0.04;-0.3414535276232445
Low;0.0001999960000799;0.6988304093567251;0.8251690263421094
Unknown;0.1341573168536629;-0.427536231884058;-0.6791075175397416
High;0.4327113457730845;0.0449308755760368;0.222006236175843
Unknown;0.3507929841403172;-0.1173469387755102;-0.3767534096065755
High;0.5637087258254835;-0.2037037037037037;-0.1921574405749148
High;0.0779984400311993;0.3422222222222222;0.493159706126418
Medium;0.0368792624147517;-0.5808720112517581;-0.813375733244691
Medium;0.2232755344893102;0.0809327846364883;0.3814879429661538
High;0.1997160056798864;0.1188811188811188;0.3158068603198704
High;0.0095598088038239;0.4296296296296296;0.7610851875519561
Medium;0.1472770544589108;-0.2426470588235294;-0.6829797123933149
High;0.6075878482430351;-0.088235294117647;-0.1823971790446895
Unknown;0.0001599968000639;0.7698412698412699;0.834431708762949
Unknown;3.999920001599968e-05;-0.7877984084880637;-2.591326673363949
High;0.1515969680606388;0.2558139534883721;0.4690945318682262
Unknown;0.5443891122177557;0.1615925058548009;0.2436314257658966
Medium;0.0928381432371352;0.1466666666666666;0.4401247102357141
Low;0.2037559248815023;-0.6161616161616161;-0.4673946544636981
Unknown;0.9116217675646489;0.1022222222222222;0.0558014184997483
Low;0.2337553248935021;-0.245;-0.376407109343074
High;0.0001599968000639;-0.5343035343035343;-1.7224827018216136
Medium;3.999920001599968e-05;0.8785714285714286;1.225775712938902
High;0.0210395792084158;-0.5006858710562414;-0.9219081644363678
High;0.7056258874822503;0.0696296296296296;0.1341441206929255
High;0.2234355312893742;0.1557971014492753;0.3849465468071686
Low;0.0025199496010079;0.5783582089552238;1.0633604300997783
High;0.986180276394472;-0.0233644859813084;0.0141845913138903
High;0.0004399912001759;-0.7473363774733638;-1.6333732095482794
Unknown;0.1098778024439511;0.3911290322580645;0.5698924957018583
Unknown;0.494310113797724;-0.1501650165016501;-0.2106453122051813
Unknown;0.1857962840743185;-0.3876811594202898;-0.5147971905480151
Low;0.6526269474610508;-0.067750677506775;-0.145436961473457
