Dosage;p-value;Cliff's Delta;Cohen's D
Low;0.5313493730125397;0.1836734693877551;0.2805830685734684
Unknown;0.0002799944001119;-0.7407407407407407;-1.4179339117440743
Unknown;0.0756384872302553;-0.5533333333333333;-0.8680289976499059
High;0.2243555128897422;0.2575757575757575;0.3932924830102742
Unknown;0.7697046059078818;-0.1111111111111111;-0.0833248478885205
High;0.4655506889862202;0.0194225721784776;0.2063613722758495
Unknown;0.7351852962940741;0.1470588235294117;0.2112822843372655
High;0.7814243715125697;0.0180602006688963;-0.0882496274897713
Low;0.0001599968000639;-0.680672268907563;-1.2472738950073827
Unknown;0.0025599488010239;-0.375;-0.9678797900578092
Low;0.7023859522809544;-0.012531328320802;0.1769827499300899
Unknown;0.8822623547529049;0.1379310344827586;-0.0217003830740747
High;0.0481190376192476;-0.5223880597014925;-0.712811260454598
Unknown;0.0243995120097598;0.5123456790123457;0.778105251810022
High;0.8714225715485691;0.0339506172839506;-0.0610435167645527
Unknown;0.6875862482750345;-0.1528822055137844;-0.1531303404073723
High;0.124637507249855;0.2516795865633074;0.3813858686309674
Low;0.1285974280514389;0.2626262626262626;0.3972095891787447
High;0.123437531249375;-0.26;-0.4794291391344669
Unknown;0.0014399712005759;-0.6846153846153846;-1.3445802998152796
Unknown;0.0002799944001119;0.7523148148148148;0.9608248120623808
Low;0.9115817683646328;0.0099715099715099;-0.008627545190167
Unknown;0.9418611627767444;0.1022222222222222;0.05493378630211
Unknown;0.624147517049659;0.0185185185185185;0.1598178591948207
Unknown;0.120517589648207;0.3056133056133056;0.4521458939494113
Unknown;0.2139557208855823;0.2182539682539682;0.468704676648113
Medium;0.0016799664006719;0.6507936507936508;1.2548857586942133
Unknown;0.1407571848563028;-0.2545710267229255;-0.546414236065281
Unknown;0.3857922841543169;0.1604938271604938;0.2968868492332716
High;0.4018719625607488;-0.1809523809523809;-0.2359622304678301
Medium;7.999840003199936e-05;-0.7605177993527508;-1.482427203860489
High;0.1864362712745745;0.0436090225563909;-0.3821678785196897
Unknown;0.9366612667746644;0.0538641686182669;0.015362296770644
Unknown;0.9529409411811764;0.0205761316872428;-0.0064140018616597
High;0.0146397072058558;-0.5375375375375375;-0.9134676167690062
Medium;3.999920001599968e-05;-0.9458128078817734;-2.317878277591626
High;0.3281934361312774;-0.1964809384164222;-0.3121987710319016
High;0.2170756584868302;-0.2821782178217821;-0.3826696786603143
High;0.7639047219055619;-0.0068027210884353;-0.1010376315205192
Unknown;0.241755164896702;-0.4640522875816993;-0.5053976681551607
High;0.0240395192096158;-0.525;-0.8893596756057682
Unknown;0.0273194536109277;-0.4818401937046004;-0.967010928717463
Unknown;0.2309553808923821;-0.4992592592592592;-0.4352982203251903
Unknown;0.1475970480590388;0.3026634382566586;0.562965784428714
Unknown;0.0034399312013759;-0.5909090909090909;-1.0491190177518026
High;0.2549149017019659;0.2266666666666666;0.5143836439433677
Unknown;0.5175896482070359;-0.1743589743589743;-0.111847978564497
Unknown;0.1487570248595028;0.2743055555555556;0.5241457364541353
High;0.1338773224535509;-0.2235294117647059;-0.500707148008396
High;0.0001999960000799;-0.800453514739229;-1.740168644448532
Unknown;3.999920001599968e-05;0.7981651376146789;0.9675149593707968
Low;0.502469950600988;-0.1912878787878787;-0.1298080301734094
Low;0.1031579368412631;-0.4166666666666667;-0.7174049568239874
High;0.114004914004914;-0.8256880733944955;-1.414626737837808
Unknown;0.4483510329793404;0.0769230769230769;0.2300577212602106
High;0.984260314793704;-0.0266343825665859;0.0332152630643578
Unknown;0.0545189096218075;-0.4130434782608695;-0.7423996332000108
Unknown;0.1575968480630387;0.2517647058823529;0.4613472985652571
High;7.999840003199936e-05;-0.8787878787878788;-1.8943804028731648
Medium;0.4616707665846683;-0.3333333333333333;-0.3015965156596628
High;0.5107497850042999;0.3386524822695035;0.2123451469729255
Unknown;0.1837563248735025;-0.2732426303854875;-0.3836725231416689
High;0.9237815243695128;0.1507936507936507;0.0722370828197203
Unknown;0.6948261034779304;0.150735294117647;0.1040759266104955
Control;0.24807503849923;0.2367816091954023;0.3612643466841173
High;0.0355592888142237;0.391025641025641;0.654492911206467
Medium;0.372232555348893;0.1457431457431457;0.282827817516914
Unknown;0.0475190496190076;-0.375;-1.018408140436914
Unknown;0.1376775271512113;0.5;0.8651388585572518
High;0.1393972120557589;-0.4065420560747663;-0.4688500095727189
Low;0.3272734545309094;-0.228395061728395;-0.3517284904679973
Unknown;0.8528715125042295;0.3095238095238095;-0.0484929168190905
High;0.8572628547429051;0.0272108843537414;0.0792549216620135
Unknown;0.3981920361592768;-0.2807881773399014;-0.3332672893592152
Unknown;3.999920001599968e-05;0.8222222222222222;1.9325107617569932
Unknown;0.0274394512109757;0.543859649122807;0.635339858332857
High;0.1712365752684946;-0.3014354066985646;-0.4462826082110888
Medium;0.5722285554288914;0.0251851851851851;0.1830812825834563
High;0.381192376152477;0.2909090909090909;0.277390115815717
Unknown;0.6781864362712746;-0.173076923076923;-0.1924520319430208
Medium;0.2043159136817263;-0.2172248803827751;-0.4114746753990205
Unknown;0.3625927481450371;-0.2727272727272727;-0.2867209713184679
Low;7.999840003199936e-05;-0.6798336798336798;-1.6788810665294045
Medium;0.5652686946261075;-0.1474820143884892;-0.1398133480676373
Unknown;0.6407471850562989;-0.125;-0.1464334497544034
Low;0.8183836323273534;-0.119298245614035;0.1735862715373272
Unknown;0.5469490610187796;-0.2133333333333333;-0.2343271011237809
High;0.4421111577768444;-0.25;-0.2840765739895661
Unknown;0.8094238115237695;-0.148051948051948;-0.068965377929971
Unknown;0.8358232835343293;0.0538461538461538;0.0895252979817065
Unknown;0.0852382952340953;0.1584967320261437;0.4841531907678148
High;0.5145497090058199;0.1231231231231231;0.2305586218090659
Low;0.0015199696006079;0.5944444444444444;0.9206576608116231
Unknown;0.0044399112017759;-0.5611111111111111;-1.1178784428714847
High;0.1020779584408311;-0.0185528756957328;-0.570461624015675
Low;0.6414271714565709;-0.1134020618556701;-0.1602300817028864
Low;0.0038399232015359;0.4669642857142857;0.7778948337723287
Unknown;0.8898622027559449;-0.1187584345479082;0.0520660185837534
Unknown;0.2866342673146537;-0.0987654320987654;-0.4597611336693869
Unknown;0.8641027179456411;0.1827956989247312;0.0707935847898975
Medium;0.0235595288094238;-0.4954545454545455;-0.8113867387301638
High;0.0282394352112957;-0.4423076923076923;-0.967690568472228
Unknown;0.8920221595568089;0.0214285714285714;-0.034768379036379
Unknown;0.4685906281874362;0.1619047619047619;0.2527862421316402
High;0.2650746985060299;-0.297008547008547;-0.337526289558379
Unknown;0.1797564048719025;-0.3270440251572327;-0.5822788542503347
Unknown;0.5667886642267155;-0.1925;-0.1656217864211991
High;0.8507829843403132;-0.0452926208651399;0.0801148513812705
Control;0.0854382912341753;-0.2961672473867596;-0.5296493855751435
Medium;0.0027599448011039;-0.60056258790436;-1.1480142430962352
High;0.0010799784004319;-0.398989898989899;-0.9821469877996124
Unknown;0.0398392032159356;0.52;0.989482271206665
Medium;0.2704345913081738;-0.1978021978021978;-0.3272645626677562
High;0.5895082098358033;0.0192592592592592;0.1949631327660974
Unknown;0.243555128897422;-0.3219696969696969;-0.4396172865169851
Unknown;0.4702705945881082;0.3333333333333333;0.3386853676248437
Medium;0.7003859922801544;0.000595238095238;-0.1147937307579917
High;0.0016799664006719;0.6102941176470589;1.1848803372609031
Unknown;0.3009139817203656;0.1156462585034013;0.4549340790366827
Unknown;0.7902641947161057;-0.050314465408805;0.1616548654277045
Medium;0.4176716465670687;0.0746987951807229;0.2915009974595943
Medium;3.999920001599968e-05;-0.7099358974358975;-1.40990674398767
Unknown;0.0102797944041119;0.5467980295566502;0.9533112690565376
Unknown;0.0639587208255834;0.1354642313546423;0.6264155409188741
High;0.5581488370232596;-0.2059748427672956;-0.1767864665551302
High;0.4035919281614368;0.1531404375441072;0.2477469039066218
Unknown;0.0039199216015679;-0.5004591368227732;-1.0433001819424064
High;0.2833943321133577;0.2793522267206478;0.3144387016477835
Unknown;0.0011199776004479;0.5786666666666667;1.0013225151653906
Medium;0.0168796624067518;0.3886198547215496;0.6814998626854939
High;0.1478370432591348;0.2619047619047619;0.5304511320603521
High;0.7047859042819143;-0.2639225181598063;0.0683382410122324
Unknown;0.8301433971320573;0.1372549019607843;0.1213094853225616
Unknown;0.5854682906341874;0.1456500488758553;0.1715403346800115
High;0.2077958440831183;-0.2463235294117647;-0.4025168443376046
Low;0.0654386912261754;-0.5046382189239332;-0.6666864965508844
High;0.1279974400511989;0.3380952380952381;0.4164832664131863
Unknown;0.3786324273514529;-0.3015873015873015;-0.3425541746109746
Unknown;0.0190796184076318;0.66;0.9604032199936304
Unknown;0.4716305673886522;0.2148148148148148;0.3281806771520721
Unknown;0.8021839563208736;-0.3059701492537313;-0.0453378440076734
High;0.0537989240215195;-0.4513031550068587;-0.7021693172854094
High;0.0015999680006399;-0.6284722222222222;-1.1265842336577834
Low;0.1389972200555989;-0.3366336633663366;-0.4630679234598451
Unknown;0.3293934121317574;0.3033492822966507;0.3125535122573128
Unknown;3.999920001599968e-05;-0.8742138364779874;-2.447238041340864
High;0.3585928281434371;-0.3540740740740741;-0.3274185461078937
High;3.999920001599968e-05;0.9176755447941888;1.5808084514986238
Unknown;0.5683086338273234;0.0500927643784786;0.1866145078795754
Unknown;0.8211835763284734;-0.1417050691244239;-0.057465118504623
High;0.0042399152016959;-0.336405529953917;-0.7432791671703377
Unknown;0.1507169856602868;0.3475177304964539;0.6245165715059973
High;0.1687566248675026;0.1208791208791208;0.4254221520772575
High;0.489910201795964;0.1228070175438596;0.2073529723258173
Unknown;0.9389412211755764;-0.0264550264550264;-0.035922500013767
Medium;0.0004399912001759;-0.7142857142857143;-1.370657917217759
High;0.7714245715085698;0.0702947845804988;0.1088376865566763
High;0.0920781584368312;0.2878787878787879;0.6521891391440513
Unknown;0.0340393192136157;0.6049382716049383;0.7275049612704314
Medium;0.0305993880122397;0.3355437665782493;0.6246830658490742
Unknown;0.246315073698526;-0.412987012987013;-0.4865982511122619
High;0.114757704845903;0.4791666666666667;0.6299194995051552
High;0.0999980000399992;0.2962962962962963;0.5332961994974891
Unknown;0.118757624847503;-0.4565826330532213;-0.664878751892711
High;0.3448731025379492;0.1612903225806451;0.3704871872407387
Unknown;0.1795164096718065;-0.2675544794188862;-0.3910431711880924
High;0.0519989600207995;0.344062153163152;0.4889773333577821
Unknown;0.0087998240035199;-0.5064935064935064;-0.99501963477669
High;0.0033199336013279;-0.4526710402999063;-1.1002354486876382
Medium;0.2021959560808783;-0.2719298245614035;-0.4567636804116451
Unknown;0.0445991080178396;0.335016835016835;0.6193471639429367
High;0.4019119617607647;0.3333333333333333;0.388957226104983
Low;0.6166276674466511;0.0729166666666666;0.2201095389069877
Unknown;0.0012799744005119;0.626984126984127;1.2671707547182054
Medium;0.0283594328113437;0.3930817610062893;0.6481562894927246
Unknown;0.0027599448011039;-0.5113636363636364;-1.0113441578360265
Medium;0.3269534609307813;-0.5826210826210826;-0.287529987709608
Unknown;0.0005599888002239;0.7092731829573935;1.222000837281927
High;0.4540309193816124;0.2115027829313543;0.2438261019048824
High;0.2567548649027019;-0.3162790697674418;-0.3885897954339946
High;0.0003999920001599;0.8176100628930818;1.5108615711614046
High;7.999840003199936e-05;-0.7558441558441559;-2.1325784006781823
Medium;0.5905881882362353;-0.0048510048510048;0.1561062234630329
Low;0.0244795104097918;-0.3310344827586207;-0.7217218789400447
High;0.0041599168016639;0.673202614379085;0.8354875241678442
Unknown;0.0434391312173756;-0.0824622531939605;-0.719115531903773
High;0.6081478370432591;-0.0839756592292089;-0.13445553157226
High;0.7934241315173697;-0.0804597701149425;-0.083371145935788
Medium;0.0157596848063038;-0.4015503875968992;-0.6401349579431946
Unknown;0.4934301313973721;-0.3766233766233766;-0.258859766733361
Unknown;0.0081998360032799;0.4478935698447893;0.7131746029957802
Unknown;0.0587988240235195;-0.328428093645485;-0.5857441642289367
High;0.0455190896182076;-0.5074626865671642;-0.7964513784643774
Unknown;0.0954380912381752;0.3230769230769231;0.5090567865653657
High;0.993260134797304;-0.0962962962962963;0.0195066524936922
Low;0.0657186856262874;-0.3591549295774648;-0.6056783860567343
High;0.8625027499450011;-0.0046296296296296;0.0510181192444783
High;0.0565588688226235;-0.2992248062015504;-0.5206182031834736
Low;0.1444371112577748;-0.1383928571428571;-0.3975645759965705
Medium;0.3982720345593088;-0.1441441441441441;-0.3032393178956701
Unknown;0.3019139617207655;-0.3569377990430622;-0.3311488385896242
High;0.7318653626927462;0.0854700854700854;0.2125045047559742
Low;3.999920001599968e-05;0.6949602122015915;1.210567203216301
High;0.0155996880062398;0.3213483146067415;0.8325531910269186
Unknown;0.1351572968540629;0.2207792207792207;0.4680649868033101
High;0.0018399632007359;0.4504504504504504;1.311994424762081
High;0.8450230995380092;0.1576923076923077;0.0669042482779302
Unknown;0.0395992080158396;-0.7304964539007093;-1.0586850215123822
Unknown;0.982660346793064;0.0844444444444444;0.0204519511414869
High;0.75142497150057;-0.0276497695852534;-0.1218699367746894
Low;3.999920001599968e-05;-0.8072009291521487;-1.29101002561556
Unknown;0.0646787064258714;0.0139372822299651;-0.5902391210326721
Unknown;0.3202735945281094;-0.2552693208430913;-0.4007155326185337
High;0.9009419811603768;-0.06;0.1464989109519559
Unknown;0.0888382232355353;0.2656084656084656;0.4253559793784069
Low;0.5571088578228436;-0.1147540983606557;-0.2303682390726782
High;0.2118757624847503;-0.4333333333333333;-0.4487011906493811
Unknown;0.4267914641707165;0.2471068754254595;0.2330542915566462
Medium;0.3457530849383012;0.2178932178932179;-0.3279501654843831
Unknown;0.1529169416611668;0.3687943262411347;0.6117520585224148
Unknown;0.0654386912261754;0.2561750176429075;0.4942575607666561
High;0.6721465570688586;0.1662763466042154;0.1685396519084262
High;0.3002739945201096;0.0888888888888888;0.3462327051759557
High;0.7382652346953061;0.0023612750885478;-0.077970778648124
Medium;0.0635987280254394;-0.3942766295707472;-0.4787217439533065
High;0.1519969600607988;-0.3766233766233766;-0.4602687691057487
Medium;0.4567908641827163;-0.3605442176870748;-0.2396016215495963
Medium;0.0001599968000639;0.5829493087557603;0.8595315463752538
Medium;0.4779104417911641;-0.6048728813559322;-0.182281974694246
Medium;0.9137817243655126;0.1783625730994152;0.0058828968808415
Low;3.999920001599968e-05;-0.8333333333333334;-2.0335913888392043
High;0.1766764664706706;0.3475177304964539;0.5820253557761497
Unknown;0.880502389952201;0.2516025641025641;0.0914850634864715
High;0.0006399872002559;0.6549295774647887;1.138992820436726
Unknown;0.8408631827363453;-0.064;0.1115456865834848
High;0.0307593848123037;0.3582089552238806;0.7771095617442809
High;0.0012799744005119;-0.6606606606606606;-1.0420282294203635
High;0.4498710025799484;0.0847953216374269;0.2715332197869278
High;0.3410331793364132;-0.3070175438596491;-0.3310481917284771
High;0.2130757384852303;-0.2927400468384075;-0.5179583237114771
High;0.5712285754284915;0.025;0.2257225887179644
Medium;0.980980380392392;-0.0669014084507042;0.0003642417831015
High;0.5064298714025719;0.2461322081575246;-0.1729588712032425
High;0.4249515009699806;-0.2827586206896552;-0.2605513072766272
High;0.5199896002079959;-0.0799031476997578;0.1923169815144622
Medium;0.4393512129757405;0.0342935528120713;0.296861291497666
High;0.0001599968000639;0.6752136752136753;1.1720434012712828
Medium;0.6485070298594028;-0.0043859649122807;0.1545211522348909
High;0.9053418931621368;-0.0222222222222222;-0.0331003905883632
Low;0.6458270834583308;0.2057142857142857;0.1774785428353085
High;0.1474770504589908;-0.0017985611510791;0.3732050904608015
Medium;0.4149117017659647;0.0770750988142292;0.2753844107777633
High;0.5160696786064278;-0.2777777777777778;-0.188494818111445
Medium;0.122357552848943;-0.5081967213114754;-0.7379527629553597
Unknown;0.4598308033839323;-0.2341269841269841;-0.2084233229414068
High;0.240355192896142;-0.3566176470588235;-0.4447327516767393
Unknown;7.999840003199936e-05;0.5171192443919717;1.271303417565212
Unknown;7.999840003199936e-05;0.6179921773142112;1.0443361269675329
High;0.0245995080098398;0.562962962962963;0.9791835693942216
High;0.0024399512009759;-0.6012176560121766;-1.0026201975919993
High;0.2067158656826863;-0.3518518518518518;-0.5468123365742668
High;0.0093198136037279;0.787012987012987;1.0165009297552428
Unknown;0.9262614747705046;0.0266343825665859;-0.0015045250242229
Medium;0.0121997560048799;-0.5771604938271605;-0.9180606308093
Medium;0.1351972960540789;-0.2649253731343283;-0.6328426713070622
High;0.0001999960000799;-0.7071428571428572;-1.3060817669499694
High;7.999840003199936e-05;0.8159806295399515;1.7978700719649825
Unknown;0.1735565288694226;-0.2941176470588235;-0.6136512149891759
Unknown;0.7376652466950661;0.1276595744680851;0.1513711460686582
High;0.0001199976000479;-0.6097560975609756;-0.9991966513801752
High;0.117877642447151;-0.2779220779220779;-0.599417904606315
High;0.9580208395832084;0.344047619047619;0.048648493944584
Medium;0.0363192736145277;-0.46875;-0.8804928288366142
Medium;0.5382292354152917;0.1189236111111111;0.1626900153842056
Unknown;0.0037999240015199;0.6020408163265306;0.9797308830591646
Medium;0.1792764144717105;0.2305882352941176;0.4248584709585543
Medium;0.7565048699026019;0.148051948051948;0.1453138941285384
High;0.4801103977920442;-0.1167369901547116;-0.248934273581164
High;0.1088378232435351;0.3187721369539551;0.4596911252561586
Medium;0.0794384112317753;0.38;0.8254989155793382
Low;0.1462770744585108;-0.3611111111111111;-0.6434980198222907
Unknown;0.9687006259874804;-0.1133333333333333;0.0823332846414693
Medium;0.3632327353452931;0.0;0.3814603120913567
Unknown;3.999920001599968e-05;0.753315649867374;1.3094888797801436
High;0.4280314393712126;0.3153153153153153;0.2927377502496055
Low;0.0714385712285754;-0.3402597402597402;-0.8105936208332611
Unknown;0.3084338313233735;0.1904761904761904;0.3143717747726675
Unknown;0.0528789424211515;-0.2980769230769231;-0.6207460497881867
Low;0.4383912321753564;-0.4898278560250391;-0.2873181516209203
Unknown;0.1630767384652307;-0.1791277258566978;-0.4383081561793474
Medium;0.0414391712165756;-0.3706293706293706;-0.6370549786468174
High;0.24067518649627;0.2376933895921237;0.4231276482237259
High;0.3668326633467331;0.0694444444444444;0.278693095853894
Unknown;0.4723905521889562;0.1306122448979592;0.2909488012612681
High;0.0091598168036639;-0.4605714285714286;-0.7887395245616742
Medium;0.114237715245695;0.3277074542897327;0.5775748961546342
High;0.4022719545609088;-0.3396825396825397;-0.2554683944730606
Unknown;0.7149457010859783;-0.1065573770491803;-0.1329200226393339
Medium;0.1355972880542389;0.4380952380952381;0.4812596772210436
Unknown;0.9680606387872244;-0.1234567901234567;0.0472266726894381
Unknown;0.0047999040019199;-0.5288220551378446;-1.4165984570301553
Unknown;0.0063998720025599;-0.5616438356164384;-0.99856444302932
High;0.6701865962680746;-0.176954732510288;-0.1043483525488454
High;0.0401191976160476;0.359375;0.5983889216643382
Medium;0.9825003499930002;0.0570987654320987;0.0040192238143128
Unknown;0.0360792784144317;0.3074433656957929;0.5526133177945415
Unknown;0.0738785224295514;0.391304347826087;0.7210810051403477
Low;0.9280614387712246;0.0025974025974025;0.0663466939711784
High;0.0317593648127037;-0.2218963831867057;-0.6367416895681438
High;0.126157476850463;-0.282051282051282;-0.4638234818557339
Unknown;0.2725145497090058;0.2995391705069124;0.4396319259993302
Unknown;0.8979591836734694;-0.125;-0.0766957340016327
High;0.8922621547569048;0.1659451659451659;0.043965736997504
Unknown;0.5857882842343153;-0.2536231884057971;-0.2289610205377042
High;0.3112337753244935;-0.35;-0.3889162187246591
High;3.999920001599968e-05;0.7124125874125874;0.9074308278886491
Low;0.1967560648787024;-0.4294294294294294;-0.4793183146630733
Unknown;3.999920001599968e-05;0.9629629629629628;1.6156297470571197
High;0.0002399952000959;0.8266666666666667;1.2369317448876906
Low;0.1606367872642547;-0.4318181818181818;-0.5738146426372865
High;0.0084798304033919;-0.5370370370370371;-0.7036097604225628
High;0.0396392072158556;0.3761904761904762;0.6268863610965225
High;3.999920001599968e-05;0.9168831168831169;1.8828988915845224
Unknown;0.0346393072138557;-0.53125;-0.9177525193015104
High;0.0024799504009919;-0.8880597014925373;-1.5642599091414309
High;0.1074378512429751;0.2;0.458934204817326
Medium;0.0745585088298234;0.4188235294117647;0.5220148243097793
High;0.1802363952720945;0.4013605442176871;0.391457221232273
High;0.4838703225935481;-0.1733333333333333;-0.2145672746562241
Unknown;0.1530369392612147;0.3069767441860465;0.4466450786818396
Unknown;0.0059198816023679;-0.43937575030012;-0.8495081953692514
Unknown;0.7386652266954661;-0.0261904761904761;-0.1047170478932326
Unknown;0.372272554548909;0.2333333333333333;0.3154236261499268
Unknown;0.6587868242635148;-0.0844444444444444;-0.1408141565897225
Unknown;0.0078798424031519;0.5353535353535354;0.91472158154031
High;0.1049579008419831;0.24593837535014;0.2289025098600263
High;0.0017199656006879;-0.5483204134366925;-0.9897253196210052
Low;0.4134317313653727;-0.2789115646258503;-0.1813195036682404
Medium;0.3209935801283974;-0.1253012048192771;-0.3358397578850136
Unknown;0.9245015099698006;0.1147540983606557;0.042423306291433
Medium;0.0012399752004959;0.5233516483516484;0.9407487510927948
Unknown;0.5829083418331633;-0.1363636363636363;-0.1736662318285055
Control;0.8917821643567129;-0.0892857142857142;0.0716434485956269
High;0.8415831683366333;0.1238095238095238;0.1107408846351727
Unknown;0.9434611307773844;0.0569430569430569;0.00750356048933
Low;0.0373192536149277;-0.3294232649071358;-0.705990300656539
Control;0.9251014979700406;-0.0289855072463768;0.087343246636605
Unknown;0.0652786944261114;-0.54421768707483;-0.8762168351158071
High;0.0370392592148157;-0.3806818181818182;-0.7495014959036562
High;0.1699566008679826;0.0769230769230769;0.3660828280118207
Unknown;3.999920001599968e-05;0.8260869565217391;1.5670541292274809
Medium;0.5773884522309554;0.0394736842105263;0.2322304595358394
High;0.1114377712445751;-0.0935672514619883;-0.5940958810315498
High;0.0166796664066718;0.4285714285714285;0.5977948467778612
Unknown;0.0002799944001119;0.798941798941799;1.0517747211833626
High;0.2925941481170376;0.2745098039215686;0.4557701483222636
Low;0.0395192096158076;-0.5763546798029556;-0.8745755235596879
High;0.2943141137177256;-0.1753086419753086;-0.3532142664612339
Unknown;0.2687546249075018;0.2266666666666666;0.5061530231451681
Unknown;0.126637467250655;-0.1448551448551448;-0.5038203793780063
Low;3.999920001599968e-05;0.7690956979806848;1.1385678589968906
High;3.999920001599968e-05;0.707977207977208;1.014458323791477
Unknown;0.0353592928141437;0.3389592123769339;0.6369169656082566
Unknown;0.0019999600007999;0.6111111111111112;1.003568355735628
High;0.3647127057458851;0.0404411764705882;0.3477937888600464
Medium;0.0026799464010719;-0.6125;-0.9294827602709024
Unknown;0.9571408571828564;-0.1185185185185185;0.1035570854722853
High;0.5877882442351153;0.1053864168618267;0.2126678159027572
Medium;0.0083998320033599;-0.5036764705882353;-1.078810539336413
High;0.7837443251134977;0.0944444444444444;0.0825894544678808
High;0.0941581168376632;-0.2313432835820895;-0.6743163880696401
Unknown;0.7171856562868743;0.0404312668463611;0.1629094464782933
Unknown;0.7713845723085538;0.0606060606060606;-0.1257527263533447
Low;0.0481590368192636;-0.5714285714285714;-0.7732095206278818
Unknown;0.0014399712005759;-0.626991565135895;-0.9712242509770636
Medium;0.0392392152156956;-0.1565656565656565;-0.6320456292579784
Low;0.0183996320073598;-0.5873015873015873;-1.1866237057808875
Unknown;0.3987520249595008;-0.3037037037037037;-0.3491426025227697
High;0.0133597328053438;-0.5502645502645502;-1.0602913696077576
High;0.0025599488010239;-0.492822966507177;-1.0292644452176978
Unknown;0.5541489170216596;0.1068181818181818;0.2021633900170181
Medium;0.7728645427091458;-0.0257611241217798;0.1434912772610644
Low;0.0010399792004159;0.5795795795795796;0.5988161785372157
Medium;0.0063998720025599;-0.5465587044534413;-0.8753825319243402
High;0.0005999880002399;0.6062091503267973;1.0458519879142802
Unknown;0.0047999040019199;0.6543778801843319;1.0197234146254937
High;0.2769544609107818;-0.4245014245014245;-0.3932534283568999
Low;0.0577188456230875;-0.5768645357686454;-0.6813365047289055
Unknown;0.0031199376012479;-0.65625;-1.2603788228522743
High;0.1362372752544949;-0.1328671328671328;-0.4636031389106489
High;0.0427991440171196;-0.6108374384236454;-0.8901722411448821
Unknown;3.999920001599968e-05;0.9466666666666668;1.3857396023196766
Medium;0.127357452850943;0.1952380952380952;0.632217468543482
High;0.0126397472050558;-0.273462783171521;-0.7296626395929531
Unknown;0.0008799824003519;-0.6407914764079148;-1.3711316616582017
High;0.0484390312193756;0.3571428571428571;0.8023492853259259
High;0.0905981880362392;-0.5255102040816326;-0.7306521088462753
Unknown;0.0371992560148797;-0.5568181818181818;-0.8691291428362597
Unknown;0.0661586768264634;0.4285714285714285;0.6132478849103953
Unknown;0.1881162376752465;0.5692307692307692;0.4211313759740244
High;0.4914301713965721;-0.2845849802371542;-0.1862677007912654
Medium;0.0091598168036639;-0.4623655913978494;-0.8565945326237709
Medium;0.2600347993040139;0.0;-0.4474557356633343
High;0.0586788264234715;-0.2706043956043956;-0.5491324304675329
Low;3.999920001599968e-05;0.7428057553956835;1.265717215669221
High;0.8363032739345213;0.0014064697609001;-0.0767316986998798
High;0.0069198616027679;0.5370786516853933;0.7651107494760295
High;0.2827143457130857;-0.2876712328767123;-0.401593509763484
Unknown;0.1693966120677586;-0.2622222222222222;-0.496923659007478
Unknown;0.0186796264074718;-0.8133333333333334;-1.4303944231232864
Medium;0.1057178856422871;-0.49519890260631;-0.6471631973804428
Medium;0.7189056218875622;-0.2417582417582417;-0.1036483171236195
Medium;0.0286394272114557;-0.6214285714285714;-0.9977068970407412
Unknown;0.0532389352212955;-0.4557823129251701;-0.8987957039269499
Low;0.0080798384032319;0.3143382352941176;0.6705841918060149
Medium;0.8044639107217856;-0.053030303030303;-0.0749610828069137
Unknown;0.7987840243195136;0.0256410256410256;0.1233176785938261
Low;0.7637447251054978;0.081237911025145;0.090535870533953
Unknown;0.9055418891622168;-0.072599531615925;0.0754281136116386
Unknown;0.0307193856122877;-0.4701298701298701;-1.0548465153567792
Unknown;0.9718205635887284;-0.0657596371882086;0.0787614417991735
High;3.999920001599968e-05;-0.7442557442557443;-1.4731942664965805
Unknown;0.0189196216075678;-0.4613935969868173;-0.9590792335421904
Low;0.2306753864922701;-0.109090909090909;-0.4302441323280978
High;0.0043999120017599;0.5690866510538641;1.0472176081051512
Unknown;0.2144357112857743;0.2753623188405797;0.5490598171553466
Medium;0.8403031939361213;-0.0866666666666666;0.0685483093971783
Unknown;0.6013079738405231;-0.2177777777777777;-0.0666605329536444
Medium;0.6145477090458191;-0.0313390313390313;0.1533427181203078
High;0.0044399112017759;-0.4253968253968254;-0.8791652599715777
High;0.9147817043659128;-0.1035714285714285;-0.0120441491397425
Low;0.0002399952000959;-0.7869012707722385;-1.4305346019379537
Unknown;0.0445191096178076;0.6111111111111112;0.4445351149775322
Unknown;0.0102397952040959;-0.4577777777777778;-0.9205544369633856
Unknown;0.9412611747765044;0.0871212121212121;-0.0229023981664106
Medium;0.1536369272614547;0.3191011235955056;0.4793429654241942
Medium;0.6064278714425712;0.0636363636363636;0.1781207097076698
High;0.4710305793884122;0.7094430992736077;0.3022307786464979
Unknown;0.984980300393992;-0.1038461538461538;0.0078716786920868
High;0.1919561608767824;0.2892561983471074;0.4002896854154281
Medium;0.4187916241675166;0.1428571428571428;0.3308859745155948
Unknown;0.0336793264134717;-0.3646353646353646;-0.7430063065887074
Unknown;0.0496390072198556;-0.0268620268620268;-0.6128538348857148
Unknown;0.0411991760164796;-0.3577331759149941;-0.6136618915849017
Unknown;0.0058798824023519;0.5305555555555556;0.9829345859225982
High;0.9262614747705046;-0.0857142857142857;0.0402635959087886
Unknown;0.1328773424531509;0.2482517482517482;0.372563865142698
Low;0.4800703985920281;0.0962962962962963;0.2392651396922419
Unknown;0.3947121057578848;0.3578431372549019;0.2546868168012409
Medium;0.0017199656006879;-0.5731225296442688;-1.02270101637321
High;0.0239595208095838;-0.5555555555555556;-0.9287597382135347
Unknown;0.1104777904441911;-0.3553421368547419;-0.4607237481308036
Unknown;0.0270794584108317;-0.4130434782608695;-0.7260210703631758
Unknown;0.0248395032099358;-0.4666666666666667;-0.9389576274912732
Unknown;0.0688786224275514;0.4101382488479262;0.5554309154480834
Unknown;0.4205515889682206;0.176056338028169;0.2947518972343856
Unknown;0.4015519689606208;-0.0987654320987654;-0.2586718165060689
Medium;0.244035119297614;0.0980629539951573;0.3262512278471282
Medium;0.0003599928001439;0.6586270871985158;1.1045372553836703
Unknown;0.5111897762044759;0.1672547635850388;-0.1800441172418461
High;0.6632667346653067;-0.1613342409802586;-0.1241904055183845
High;0.0015199696006079;-0.4966666666666666;-0.8728951659804203
High;0.8378232435351293;0.5209235209235209;0.0343491901809895
Unknown;0.1019579608407831;-0.5172413793103449;-0.6122714082939151
High;0.8454230915381692;0.0512195121951219;0.1432951851227976
High;0.0023199536009279;-0.6511111111111111;-1.1550486507091258
Unknown;0.0070398592028159;0.4477791116446579;0.7375381011837732
Unknown;0.0007199856002879;-0.5800653594771242;-1.036985611912889
Unknown;0.9607807843843124;-0.0923076923076923;-0.0266966111698333
Low;0.9333813323733524;0.0209339774557165;0.0820338741889425
Low;0.0041599168016639;-0.6807692307692308;-1.1316115428716855
High;0.879942401151977;-0.0025062656641604;0.0775916262438075
Unknown;0.5103097938041239;0.1186440677966101;0.2734246532509877
Medium;0.0648787024259514;-0.50997150997151;-0.7075223998175447
High;0.0023599528009439;-0.4842767295597484;-1.0111776304690845
Unknown;0.0988780224395512;0.3867791842475386;0.5580656936859266
High;0.1461970760584788;-0.3018867924528302;-0.4499371692297645
High;0.0407991840163196;0.4976958525345622;0.8506177177740365
Medium;0.9767804643907122;0.0493827160493827;-0.0313299944979019
Unknown;0.9243815123697526;-0.0306122448979591;0.0462781613205078
Low;0.0013199736005279;0.6847826086956522;0.9534970185795542
Medium;0.0545589088218235;-0.4426229508196721;-0.7792025603529801
High;0.0309993800123997;-0.5094339622641509;-0.9185998023080696
Low;0.0151996960060798;0.6148148148148148;1.0657186797627287
Unknown;0.5529089418211636;0.0781671159029649;0.2496664571072828
Unknown;0.3148337033259334;-0.1158730158730158;0.3149491011617309
Unknown;0.0407191856162876;0.3126873126873127;0.622925751880263
Unknown;0.0375192496150077;0.4114285714285714;0.7074427934750243
High;0.2388752224955501;0.2933333333333333;0.4954549464033024
High;0.0060398792024159;-0.5976744186046512;-0.951388949739503
Unknown;0.6091078178436431;0.0448717948717948;0.2516307554971426
Medium;0.0720385592288154;0.3625450180072029;0.5217376474115257
Low;0.9661006779864404;-0.0854700854700854;0.0505026148489302
High;0.3444331113377732;0.0848806366047745;0.2777390731800533
Unknown;0.8916621667566649;-0.0909090909090909;0.012203973885548
Medium;0.3373932521349573;-0.2184466019417475;-0.2942413935694844
High;0.0087998240035199;-0.4618916437098255;-0.8977807015065452
Unknown;0.2233955320893582;-0.2177777777777777;-0.6106456688928986
Unknown;0.7819843603127937;-0.0748299319727891;0.2213972877948612
Unknown;0.507629847403052;-0.1298701298701298;-0.214349291722917
High;0.0022399552008959;-0.579020979020979;-0.916549370940236
High;0.0073198536029279;-0.6538461538461539;-1.1869178005710577
High;0.5902681946361072;0.0200956937799043;0.1819942311775164
Unknown;0.8341833163336734;-0.0827067669172932;0.1653781117428554
Medium;0.1001979960400792;0.3296703296703296;0.4345006465271143
High;0.4118317633647327;0.2065217391304347;0.3079312165196604
Low;0.0925181496370072;0.369901547116737;0.6111061170394374
Medium;0.0037999240015199;0.450354609929078;0.7087789226114697
High;0.7334653306933862;-0.3037037037037037;-0.1327608748396409
Medium;0.1075178496430071;-0.6588050314465409;-0.5575738255248479
Medium;0.0156796864062718;-0.4334532374100719;-0.6770675131645744
High;0.0082798344033119;0.5992647058823529;0.8756558052103597
Unknown;0.4058718825623487;-0.0505747126436781;-0.2866242580661013
Medium;0.0169196616067678;-0.4857667584940312;-0.765587507427319
Medium;0.374352512949741;0.2607709750566893;0.3427613132514055
High;0.0451590968180636;-0.3784722222222222;-0.7338281315639604
Unknown;0.0831583368332633;-0.525;-1.0182420270258268
High;0.7714245715085698;0.3876811594202898;0.094981932169876
Low;0.2885942281154376;-0.1595441595441595;-0.3731642722422415
Unknown;0.2021559568808623;0.2318840579710145;0.4647521617309302
Unknown;0.876542469150617;-0.0702179176755447;-0.0562593224326154
Low;0.3457930841383172;0.0303030303030303;-0.29978696817871
Unknown;0.1052378952420951;-0.5559701492537313;-0.675883586952967
Unknown;0.0140797184056318;-0.3390243902439024;-0.933890238769786
High;0.0579988400231995;0.2203703703703703;0.4804088997758967
Medium;0.9508209835803284;-0.0749414519906323;0.0470366451886147
Unknown;0.3346733065338693;-0.2832080200501253;-0.2649876728597836
Medium;0.2120357592848143;0.2397094430992736;0.4820507527563831
Unknown;0.1451570968580628;-0.0070422535211267;-0.6727136229628858
Unknown;0.5447491050178996;0.0674698795180722;0.2202017015948937
Unknown;0.7328653426931462;-0.0771604938271604;-0.0897189194052022
Low;0.876302473950521;-0.0564102564102564;-0.0362705536426141
High;0.5127897442051159;-0.1302149178255373;-0.1770856901000407
High;0.0797584048319033;-0.1622222222222222;-0.6320748486849492
High;0.0073198536029279;0.5444444444444444;0.9127129250037668
Low;0.9776604467910642;0.0559701492537313;0.0124983974309813
Low;0.0005599888002239;-0.5392156862745098;-0.9783905873827586
Unknown;0.0475590488190236;-0.3846153846153846;-0.751470576923693
Unknown;0.5514289714205716;0.167487684729064;0.2563697830990951
Unknown;0.0100797984040319;-0.8205128205128205;-1.708484710303821
Unknown;0.3225535489290214;-0.2463054187192118;-0.401777174507981
Medium;0.0162396752064958;0.5690866510538641;0.8566583991963028
High;0.9724205515889682;0.0246212121212121;0.0361017351824804
Unknown;0.2710745785084298;-0.2087912087912088;-0.3122910899574629
Low;0.8140637187256254;0.0263157894736842;0.112727245301078
High;0.0001199976000479;-0.9111111111111112;-1.6557209451865018
Unknown;0.9322213555728884;0.1834625322997416;-0.0192548265893341
Low;3.999920001599968e-05;0.8469601677148847;1.4567947847443126
Unknown;0.0001199976000479;0.8073089700996677;1.6059596642880076
Unknown;0.8992620147597048;-0.0701298701298701;-0.0224406122187186
Unknown;0.6150676986460271;-0.1761904761904762;-0.1766510062903175
Low;3.999920001599968e-05;-0.6737891737891738;-1.2879054299135773
Medium;0.6702265954680906;-0.1961538461538461;-0.1715679299227257
Low;0.1378772424551509;-0.219626168224299;-0.4329509008614816
Low;3.999920001599968e-05;0.9517060367454068;2.0592672401399392
High;0.7685446291074178;0.1333333333333333;0.1485636639728391
Unknown;0.995460090798184;0.0436781609195402;-0.0128501253021403
High;0.0187596248075038;-0.2938443670150987;-0.6115350383747865
Unknown;0.0153996920061598;-0.4444444444444444;-1.200314070269157
Unknown;0.3369532609347813;-0.4423076923076923;-0.414561539646963
Unknown;0.114717705645887;0.391304347826087;0.6667715507910541
Low;0.988820223595528;-0.0351617440225035;0.0274071544132786
Unknown;0.1721965560688786;0.2880562060889929;0.5337867275906966
High;0.0539989200215995;-0.3548387096774194;-1.1053110139275144
High;0.5422291554168917;-0.1275427833387148;-0.14251260035224
High;0.0196796064078718;-0.6104252400548696;-0.870685425322817
Unknown;0.0219995600087998;0.5214285714285715;0.686480365085091
High;0.49255014899702;-0.2344322344322344;-0.1326306155703203
Unknown;0.0703585928281434;0.3900709219858156;0.6410912578430292
Unknown;0.622267554648907;-0.1231884057971014;-0.195138792097415
Low;0.1015179696406071;-0.4120481927710843;-0.5875781603907073
Unknown;0.2279954400911981;-0.2911392405063291;-0.4184765531624969
High;0.0001199976000479;-0.783625730994152;-1.4335715126720756
High;0.0013599728005439;-0.279320987654321;-1.1726371336869417
Medium;0.0966380672386552;-0.4323607427055703;-0.5208830132578641
High;0.2060358792824143;-0.3541666666666667;-0.4639986852667616
High;0.1997560048799024;0.1904306220095693;0.4035253051447509
Unknown;0.875662486750265;0.1555555555555555;-0.0125039553274698
Medium;0.122037559248815;-0.2341463414634146;-0.4986289165621809
Low;0.0030799384012319;-0.5944055944055944;-1.0127388592890083
High;0.5949081018379633;-0.105177993527508;-0.1396774660119242
Medium;0.1100777984440311;-0.440506329113924;-0.5876944749852243
Unknown;0.6728665426691466;-0.1189873417721519;-0.1348683234999516
Medium;0.0043999120017599;-0.550561797752809;-0.9339332291890146
Unknown;0.7729445411091778;-0.2129380053908355;-0.1100378116161464
High;0.0225595488090238;-0.559748427672956;-0.9879969353559428
High;0.0705985880282394;-0.3383177570093458;-0.951210522981932
Medium;0.0010399792004159;-0.582716049382716;-1.2158178423764991
Unknown;0.3961520769584608;-0.4537037037037037;-0.2913780583017943
Unknown;0.748185036299274;0.0335097001763668;0.14953925925667
Low;0.0017999640007199;-0.6194029850746269;-1.1899258521603608
High;0.2721945561088778;-0.0614886731391585;-0.356587169168219
Unknown;0.0053598928021439;-0.6422764227642277;-0.9932267669726612
High;0.0011199776004479;-0.6268292682926829;-1.3305091282434012
Unknown;0.1896362072758544;0.1616161616161616;0.3876664661260069
High;0.8887822243555129;-0.028169014084507;-0.0538096562582491
Unknown;0.0311193776124477;0.4462659380692167;0.7239493437796628
High;0.0157596848063038;0.4766081871345029;0.6321755878766523
Low;0.0064798704025919;-0.4703557312252964;-0.904665648977136
Unknown;0.4557508849823004;-0.1683673469387755;-0.3108007247999143
Unknown;0.0001199976000479;0.864406779661017;1.2851474497596511
High;0.4747905041899162;-0.344294003868472;-0.1511815352322761
Low;0.0525189496210075;-0.0561330561330561;-0.6600465992912612
Medium;0.874142517149657;-0.0091954022988505;-0.0708280846677398
Unknown;0.0632787344253115;-0.3055555555555556;-0.5479057380051653
High;7.999840003199936e-05;-0.896551724137931;-2.102333565368571
High;0.1676366472670546;0.1619047619047619;0.5480277334592845
High;0.2325553488930221;-0.3555555555555555;-0.4367548247673669
Unknown;0.1858362832743345;-0.367601246105919;-0.4215502783089819
Unknown;0.254194916101678;0.2747252747252747;0.3662692203418856
High;0.242635147297054;-0.2522522522522522;-0.4152126063352876
Medium;0.8243435131297374;-0.1992753623188405;-0.0445493275718435
High;0.0543989120217595;-0.5535714285714286;-0.7903911549371466
High;0.8251034979300415;-0.0795454545454545;-0.0600633508530313
Unknown;0.0002399952000959;0.8395061728395061;1.0692277393145966
High;7.999840003199936e-05;0.6307692307692307;1.2013497656053067
Unknown;0.1306773864522709;-0.1555555555555555;-0.8065210422696858
Unknown;0.3255534889302214;0.181159420289855;0.3698762986099638
Unknown;0.6658266834663307;-0.0727023319615912;-0.1563956184804477
Low;0.7619047619047619;0.1011235955056179;0.1185581034878959
Medium;0.7698246035079298;0.1464285714285714;0.1030868538870232
Unknown;0.4425111497770044;0.1629629629629629;0.3568016832123692
Medium;0.3120737585248295;-0.3321428571428571;-0.3829242392519583
Unknown;0.0917981640367192;-0.5032679738562091;-0.8015682944139527
Medium;0.0431191376172476;0.4015873015873016;0.6350196066984798
Unknown;0.0136797264054718;-0.4553990610328638;-0.965481875267327
High;0.4735905281894362;-0.1373737373737373;-0.2224725368679268
Unknown;0.3229535409291814;-0.2962962962962963;-0.4359068319863567
High;0.0344393112137757;-0.6963855421686747;-0.8102365078572423
Low;0.1970760584788304;0.2413793103448276;0.4860493580557741
High;3.999920001599968e-05;-0.7466986794717887;-1.2927722210266217
Medium;0.0981580368392632;-0.2838665759019741;-0.4921445343793341
High;0.1106777864442711;-0.3333333333333333;-0.5055155879644528
Low;0.0417991640167196;-0.3842696629213483;-0.7491022148294366
High;0.0502789944201116;-0.4027777777777778;-0.7729120887843004
High;0.8206635867282654;0.0047619047619047;-0.0724477324151095
High;0.0043599128017439;0.6441102756892231;1.105494149861102
Unknown;0.0122397552048959;-0.6538461538461539;-1.0381129353591276
High;0.1315173696526069;0.358695652173913;0.5585110251569825
High;0.0056798864022719;-0.5972222222222222;-1.107267602480851
High;0.76022479550409;0.2666666666666666;0.113789767518934
High;0.0011199776004479;-0.7230769230769231;-1.416455166041607
High;0.8281434371312574;-0.2252252252252252;-0.0616688601034682
Medium;0.496830063398732;-0.1974110032362459;-0.1957333751801693
High;0.1275174496510069;0.2714486638537271;0.5402117512734685
Unknown;0.3369532609347813;-0.2433862433862433;-0.4160190195077635
Unknown;0.7821443571128578;0.0492957746478873;0.117573522387209
High;0.0121997560048799;-0.7247058823529412;-0.9395356894366338
High;7.999840003199936e-05;0.8025974025974026;1.7217998364995435
Unknown;0.6728665426691466;0.0802469135802469;0.20019890977544
Unknown;0.2824343513129737;-0.2773109243697479;-0.3061073914334681
Unknown;0.1978360432791344;0.2160493827160493;0.5524453444114725
Unknown;0.4527509449811003;0.1450381679389313;0.2018717591445265
Medium;0.0004399912001759;-0.5510204081632653;-1.1053851528268963
Unknown;0.5571488570228595;0.0606060606060606;0.1958156508429838
Unknown;0.3811523769524609;-0.0775577557755775;-0.2600539101811611
Medium;0.4195116097678046;-0.0298507462686567;-0.2931588959299803
Unknown;0.4069518609627807;0.3472222222222222;0.3551441990388946
Unknown;0.0102397952040959;-0.6918238993710691;-1.4233703097964898
High;0.7041859162816744;-0.1744548286604361;-0.1082923308282688
High;0.2054758904821903;-0.2192118226600985;-0.3628204180402472
Low;3.999920001599968e-05;-0.8034188034188035;-1.4266349547478825
Unknown;0.4276714465710686;-0.0147783251231527;0.3322463579211693
Medium;0.1564768704625907;0.4629629629629629;0.6244389459211971
High;0.122077558448831;-0.2755102040816326;-0.6957001801859659
Unknown;0.0025199496010079;0.5478927203065134;0.78904414915466
High;3.999920001599968e-05;-0.8260869565217391;-1.8365952981869584
Low;0.0314393712125757;-0.5111111111111111;-1.0004168945441174
Unknown;3.999920001599968e-05;-0.7690058479532164;-2.13393545505654
High;0.0149997000059998;0.3195402298850575;0.6321823106624841
High;0.0019999600007999;-0.7676056338028169;-1.383651854286246
Unknown;0.8845823083538329;0.0078247261345852;0.0551667486143037
Unknown;0.0914381712365752;-0.4048192771084337;-0.5745640677063429
High;0.0165996680066398;0.3277074542897327;0.589218783477287
High;3.999920001599968e-05;-0.954248366013072;-3.119146362846457
Unknown;0.951048951048951;-0.3333333333333333;-0.0008001884222829
Medium;0.0561588768224635;0.3333333333333333;0.9078886548664384
High;0.4086318273634527;0.3106796116504854;0.248918291605545
Unknown;0.1837563248735025;-0.4482758620689655;-0.5605404859810288
Unknown;0.0002399952000959;0.53515625;1.3506947046206013
Low;0.0859182816343673;-0.4244444444444444;-0.6120537998248977
High;0.4155916881662366;-0.1707317073170731;-0.2498725335794657
High;0.0630387392252155;-0.6161616161616161;-0.75945513335353
High;0.0079998400031999;-0.8653846153846154;-1.3985355573118912
Low;0.2646347073058538;-0.2678062678062678;-0.3960387006098938
High;0.8407831843363133;0.0666666666666666;0.1621477690629814
High;0.8301833963320734;0.0211640211640211;0.0921862499415917
Unknown;0.8981420371592568;0.3141025641025641;0.0967798154813314
Unknown;0.2633947321053579;-0.1835016835016835;-0.345052346663363
Medium;0.0266794664106717;-0.313543599257885;-0.8245784948379128
High;0.0001599968000639;-0.73046875;-1.114434314159697
Unknown;0.0137997240055198;-0.5579710144927537;-1.1251418737243086
Medium;0.114117717645647;-0.0814814814814814;-0.7588638498436354
High;0.505109897802044;-0.031615925058548;-0.1845060376892727
High;0.1452770944581108;0.1009440813362382;0.3569999498569461
Low;0.7383852322953541;0.063063063063063;-0.1076032405141588
Unknown;0.6958260834783304;0.0144927536231884;-0.1103907074217423
Low;0.1561968760624787;0.0984615384615384;0.3717860235818175
Unknown;0.0633987320253594;0.195054945054945;0.5070655888052886
High;0.4683906321873562;0.0532724505327245;-0.2456696742556926
High;0.1495570088598228;-0.1951951951951951;-0.5036359726509614
Low;0.6666666666666666;-0.1428571428571428;-0.1520398219664653
Unknown;0.4171916561668766;0.0853658536585365;0.292172782365443
Unknown;0.0347993040139197;-0.4076923076923077;-0.8135774630360831
Low;0.1032779344413111;-0.2942326490713587;-0.522024430367838
Unknown;0.4463110737785244;0.2127460168697282;0.2568658116155127
Unknown;0.5677886442271155;-0.1750841750841751;-0.1620422157027269
Unknown;0.3141537169256614;-0.3132832080200501;-0.2859236202541744
Unknown;0.1382372352552948;0.2588522588522589;0.4030399330851342
Medium;0.4374712505749885;0.2;0.301837165433612
High;0.7168256634867303;-0.3808219178082191;0.1487999477772908
Unknown;0.0043999120017599;0.5441176470588235;0.7759625915074057
High;0.117237655246895;-0.3679389312977099;-0.4607526721922872
Unknown;0.8028239435211296;-0.0850340136054421;-0.0612071477325489
Medium;0.6904761904761905;-0.6666666666666666;0.0685568156574681
High;0.1026379472410551;0.3795454545454545;0.5471531556233339
Unknown;0.4393112137757244;0.122077922077922;0.3242626886391854
Unknown;0.5484690306193876;-0.0210772833723653;-0.1631084307560688
High;3.999920001599968e-05;-0.8170731707317073;-1.9031302753500137
Medium;0.0043199136017279;-0.5846153846153846;-1.029302682036317
Unknown;0.6154676906461871;0.0905797101449275;-0.1587029211913383
Medium;0.0428791424171516;-0.5185185185185185;-0.7523226690328948
Unknown;0.3097538049239015;-0.265993265993266;-0.3646085761890973
High;0.6913461730765385;0.1527777777777778;-0.1830251511327354
High;0.1641967160656786;-0.5123456790123457;-0.7233692719478354
Unknown;0.0028799424011519;-0.6993464052287581;-1.205418190365008
Medium;0.5978680426391472;0.0563894523326572;0.1387299673342636
Medium;0.6897462050758985;0.0074074074074074;0.1966955782030046
High;0.0420791584168316;-0.3410138248847926;-0.8731656462829014
High;0.0001199976000479;-0.6586538461538461;-1.335128764704743
Unknown;0.0094798104037919;-0.4916666666666666;-0.8133948365190634
Unknown;0.5785484290314193;0.1283292978208232;0.236951057729725
Unknown;0.8157836843263134;-0.25;-0.0642726487387583
High;0.6910261794764104;-0.1194379391100702;-0.1254418421113008
Unknown;0.0060398792024159;0.6523809523809524;0.8527732184360046
Unknown;0.377232455350893;0.1288056206088993;-0.3412044244150913
Unknown;0.0500789984200316;0.3333333333333333;0.5298321077834827
Unknown;0.9122217555648888;-0.0212765957446808;0.0358422584187496
High;0.4780304393912122;0.1801470588235294;0.2646580614386496
Unknown;0.2558748825023499;-0.2287581699346405;-0.500346569647986
Medium;0.0013999720005599;0.6535714285714286;1.0592490148689897
High;0.6085878282434352;0.1102514506769826;0.201808539527374
High;0.0064798704025919;0.5952941176470589;0.8773540279971752
Unknown;0.0795584088318233;-0.4021739130434782;-0.6967753890046431
High;0.4541509169816604;0.0752340975137229;0.1871045998932838
Unknown;0.9847803043939122;-0.0141414141414141;0.0116275854040081
Unknown;0.0811983760324793;0.4030612244897959;0.6308844743370455
Medium;0.0542389152216955;-0.5024630541871922;-0.786295303565692
High;0.0437991240175196;-0.4894486044928522;-0.6533052770159702
Medium;0.0364392712145757;-0.5261121856866537;-0.7224289253330418
Unknown;0.1391172176556468;-0.3905390539053905;-0.5564464683177865
Unknown;3.999920001599968e-05;0.8565656565656565;1.9645202906004595
Unknown;0.9332613347733044;0.0211640211640211;0.0509599797202609
Unknown;0.0691586168276634;0.58;0.8531287770249225
High;0.3141537169256614;-0.047191011235955;0.3376571280471919
Unknown;0.2027559448811023;0.2814814814814815;0.5557348848247654
Unknown;0.0152796944061118;-0.3257575757575757;-0.90186590442329
Medium;0.0671186576268474;0.2975077881619937;0.4562136186053293
High;0.0566388672226555;-0.4255663430420712;-0.5812429251807724
High;0.0001199976000479;-0.6852300242130751;-1.629609017625238
Unknown;0.9582608347833044;0.019047619047619;0.026127213152236
Unknown;0.2337953240935181;-0.31640625;-0.502504128284422
High;0.0014799704005919;0.5036144578313253;1.041973061767102
Low;0.0001999960000799;-0.8142857142857143;-1.604504557126554
Medium;0.3947121057578848;-0.009090909090909;-0.2825632655931581
High;0.6409871802563949;0.1288888888888889;0.225790307719689
Unknown;0.2025159496810064;-0.4142857142857143;-0.5808819189703993
Medium;3.999920001599968e-05;-0.647955647955648;-1.3034080819651652
Low;0.1912761744765104;0.2462462462462462;0.4372843203798565
Unknown;3.999920001599968e-05;0.7433628318584071;1.4023497167126484
Low;0.4468710625787484;0.0977272727272727;0.2620116419405262
Low;0.2991940161196776;0.0182370820668693;0.3148770016671898
Low;0.0667586648267034;-0.3558368495077356;-0.6482769509566316
Low;0.497630047399052;0.1325757575757575;0.2196989503994725
Low;0.8316633667326654;-0.0829493087557603;0.1301696331004018
Unknown;0.049002849002849;-0.5434782608695652;-1.2098901479861317
Medium;0.6942261154776904;-0.0898692810457516;0.1561675787960564
High;0.1487570248595028;-0.2593301435406698;-0.4652705938832475
Unknown;0.2227555448891022;0.2080357142857143;0.3119404397272425
Unknown;0.240155196896062;0.3225806451612903;0.616476295705664
Unknown;0.2376752464950701;-0.1933028919330289;-0.4047922402010856
High;0.3268734625307494;0.1125356125356125;0.2852349893260528
Medium;0.0062398752024959;0.3806366047745358;0.6852636466335024
Unknown;0.370872582548349;-0.3622377622377622;-0.2610321130793873
Medium;0.3579128417431651;-0.1547619047619047;-0.2939949119548719
Unknown;0.251354972900542;-0.2361111111111111;-0.501176550163213
Unknown;0.0030399392012159;0.6862745098039216;1.1728879896185436
High;0.0950780984380312;0.4013605442176871;0.7401092904878269
High;0.0009999800003999;0.3406862745098039;0.9159789646424996
Medium;0.0344793104137917;0.3858024691358024;0.7160422543412285
High;0.4473910521789564;0.1221122112211221;0.2376927402889163
Low;0.0353992920141597;0.5833333333333334;0.8640128964596586
Unknown;0.0138797224055518;-0.3245298119247699;-0.7113181617876946
High;0.6698266034679307;-0.1060240963855421;-0.1403650040630026
Unknown;0.8875522138680033;0.1764705882352941;0.1216226622429997
Unknown;0.8191836163276734;0.0829493087557603;0.0974532436589948
High;0.0562388752224955;0.1948051948051948;0.6017573510826729
High;0.2216755664886702;-0.3492822966507177;-0.3959660449570841
High;0.2341953160936781;0.2227772227772227;0.3794603822011058
Medium;0.0401591968160636;-0.3670588235294117;-0.7222527834947233
Unknown;0.0245995080098398;-0.35;-0.6281559601144517
High;0.0005599888002239;-0.653012048192771;-1.241395747851259
High;0.0114797704045919;0.5671641791044776;0.8519036210196401
High;0.978660426791464;0.0652173913043478;-0.0294677232858948
Medium;0.628547429051419;0.0964285714285714;0.1961627707411351
Medium;0.0080798384032319;-0.5674418604651162;-0.9908412631031804
High;0.0305193896122077;-0.4647887323943662;-0.9506361280152472
Medium;0.1722765544689106;-0.4829931972789115;-0.6387388459083503
Low;0.0261194776104477;-0.5137614678899083;-0.7072836594576773
Unknown;0.0672386552268954;0.6555555555555556;0.9176748979781372
Unknown;0.2626347473050539;-0.2968036529680365;-0.4006157542293325
Unknown;0.5439091218175637;-0.2115677321156773;-0.1839552253015391
Unknown;0.2833543329133417;0.2327586206896551;0.5086308218725496
High;0.2281954360912781;0.0960067969413763;-0.3981984999746358
High;0.0246395072098558;-0.3789173789173789;-0.6745238183685255
Unknown;0.0058798824023519;0.3799682034976153;0.6801936056497601
High;0.779795918367347;-0.0354609929078014;-0.188802000620632
High;0.5729085418291634;0.2332761578044597;0.197416079847096
Unknown;0.5784284314313713;0.1071428571428571;0.215985151079943
Unknown;0.0265194696106077;0.5698529411764706;0.7885816888074771
High;0.5877082458350833;-0.3790849673202614;-0.0118359864643144
Low;0.3927521449571008;-0.2272727272727272;-0.2670205852673928
Unknown;0.0459990800183996;-0.3410852713178294;-0.9962576763464396
Unknown;0.7656246875062499;-0.1578947368421052;-0.1134021830441325
Medium;0.4463110737785244;-0.3959595959595959;-0.2401872661559669
Low;0.5802683946321073;0.03003003003003;0.1934124972965972
Medium;0.5907481850362992;-0.0298850574712643;-0.1708658085547383
Unknown;0.5591488170236595;0.2493946731234866;-0.2009102683106721
High;0.0161596768064638;0.1483812949640287;0.5649853325982853
Medium;0.1281574368512629;-0.3837037037037037;-0.5362968025948337
High;7.999840003199936e-05;-0.6349206349206349;-1.575197116461743
Unknown;0.0741185176296474;-0.4064197530864197;-0.5318880635756088
Medium;0.2097158056838863;-0.2337078651685393;-0.422521639326933
High;0.1275174496510069;0.2925824175824176;0.446099846651828
Unknown;0.0023999520009599;-0.6730769230769231;-2.0141261102407046
Medium;0.9651406971860564;0.0597701149425287;-0.0014786188060385
Unknown;0.6457070858582828;-0.2209302325581395;-0.2306541421147808
High;0.0750384992300154;0.3252525252525252;0.4583003841659742
High;0.3404731905361893;-0.0538461538461538;-0.4275652484908551
Control;0.6669866602667947;-0.0897435897435897;-0.0015141452447132
High;0.2619147617047659;-0.4597402597402597;-0.359777677368693
Medium;0.7740245195096098;-0.0529470529470529;0.0967962376506738
Unknown;0.2675146497070058;0.1990291262135922;0.3386719010628141
Unknown;0.1957960840783184;-0.4738805970149253;-0.5089926811224755
Unknown;0.2364752704945901;-0.0633333333333333;-0.3869396437831469
Medium;0.2555948881022379;0.2083333333333333;0.4070989913579524
Medium;0.0002399952000959;-0.7649253731343284;-1.249805930374652
Unknown;0.0025999480010399;0.6523809523809524;1.0315171915717238
Unknown;0.7061458770824584;0.0701754385964912;0.1359195080593042
Unknown;0.1525169496610068;-0.3333333333333333;-0.6508145579217696
Unknown;0.0848383032339353;0.3623188405797101;0.6795078638729231
Unknown;0.3779524409511809;-0.0181818181818181;-0.3569025577125289
Medium;0.0007599848003039;0.6163522012578616;0.7324361105301055
High;0.2623947521049579;0.2617142857142857;0.3159690508654473
High;0.6358672826543469;0.1060240963855421;0.1619452417742072
Low;0.4165916681666367;0.2289719626168224;-0.2432092719502629
Unknown;0.0771984560308793;0.3477633477633478;0.6137587240597667
Medium;0.615907681846363;-0.012933968686181;-0.1544139713841661
Unknown;0.0316793664126717;0.3081597222222222;0.5197157369414641
Medium;0.0317993640127197;-0.3888888888888889;-0.7172972232269262
Medium;0.8308233835323293;-0.0787037037037037;0.0723060778863924
High;0.0035199296014079;-0.5272435897435898;-0.9132718447558354
Unknown;0.0097598048039039;-0.6086956521739131;-1.2393671887665745
High;3.999920001599968e-05;-0.8197530864197531;-1.498556760177027
Unknown;0.6307073858522829;-0.2239925023430178;-0.1410072211788767
High;0.0029999400011999;0.691358024691358;1.2181932492050505
Low;0.0078798424031519;0.4951456310679611;0.7333871072855969
Low;0.4809503809923801;-0.0929765886287625;-0.2086018723014083
Unknown;0.0301193976120477;0.3904761904761905;0.6353852566015242
Medium;0.7198656026879462;-0.0555555555555555;-0.1376379392142997
Medium;0.7182656346873063;0.0792880258899676;0.1142894435447812
Medium;0.0064398712025759;-0.525;-1.0284117677328044
Medium;0.1623567528649427;0.3134328358208955;0.5032023105278413
Medium;0.2593548129037419;0.2009876543209876;0.3057147783344003
Unknown;0.6802263954720905;-0.3316326530612244;-0.1141298219346609
Unknown;0.1685966280674386;-0.2253649635036496;-0.3830707306525004
Medium;0.0799184016319673;-0.6340852130325815;-0.8014026774601068
High;0.6029879402411952;0.05;0.2207494943177322
Unknown;0.3137537249255014;0.3856209150326797;0.4404098099249919
Medium;0.2849943001139977;0.1311004784688995;0.3411505759855713
High;0.0337193256134877;-0.4024390243902439;-0.6636287872830512
Unknown;0.4054318913621728;-0.1878048780487805;-0.2764510110198965
High;0.7472250554988901;-0.2057416267942583;-0.0971262721977075
Unknown;0.0406791864162716;-0.6502463054187192;-0.946911513722996
Unknown;3.999920001599968e-05;0.6869728209934396;1.1490611756832645
Unknown;0.0338793224135517;-0.3945868945868946;-0.6734832533680049
High;0.1429171416571668;-0.3896296296296296;-0.5312189665897998
High;0.7151056978860423;-0.301010101010101;0.1469846421643179
Low;3.999920001599968e-05;-0.5820543093270366;-1.2244486218924824
Medium;0.0046799064018719;0.4537755822159492;0.8465524892955091
High;0.0151996960060798;-0.4451003541912632;-0.6375249766889974
Unknown;0.0061998760024799;-0.558599695585997;-1.072798244809512
Unknown;0.2711145777084458;-0.3373015873015873;-0.4042461023529226
Unknown;0.0070398592028159;-0.4591611479028697;-0.7403409318709435
High;3.999920001599968e-05;-0.6388888888888888;-1.9547809396112772
Control;0.0013199736005279;-0.5980392156862745;-1.0764127862609223
High;0.1829563408731825;0.3179723502304147;0.5297829305521363
Unknown;3.999920001599968e-05;0.7873015873015873;1.6333651637334876
Medium;0.6801863962720746;-0.0147058823529411;-0.1868279422156908
Unknown;3.999920001599968e-05;0.8994755244755245;2.4984543556571737
Medium;0.3154736905261894;-0.1543209876543209;-0.35790078152833
Medium;0.0011199776004479;0.6402597402597403;0.9191271489476358
Unknown;0.6523069538609227;0.1097961867192636;0.135475642215707
Unknown;0.1768364632707345;-0.2371794871794871;-0.602088326156273
Unknown;0.7158656826863463;0.10062893081761;0.1591187614506653
Unknown;7.999840003199936e-05;0.7786458333333334;1.342426231775523
Unknown;0.3087538249235015;-0.2564705882352941;-0.3416287436654082
Unknown;0.0138397232055358;-0.2857142857142857;-1.1197807326937528
Unknown;0.4223115537689246;-0.1615384615384615;-0.2975694139644571
Unknown;0.620907581848363;0.0994152046783625;0.1749594083012567
High;0.4443511129777404;-0.1583333333333333;-0.1623050836503729
Medium;0.2796344073118537;0.1773049645390071;0.394901187506516
High;7.999840003199936e-05;0.6756756756756757;1.5848249618929933
High;0.0033999320013599;-0.3959068454481299;-0.903364298158966
Low;0.0101197976040479;-0.59765625;-1.0777191147099736
Medium;0.0403591928161436;-0.4097560975609756;-0.6875112188475029
Unknown;0.0790784184316313;0.268235294117647;0.5789124199852536
Unknown;0.7611047779044419;-0.2051282051282051;-0.1201449265369853
High;3.999920001599968e-05;0.9084880636604774;1.4903995080915586
High;0.0162796744065118;-0.4780487804878048;-0.7930201595415621
Unknown;0.9159016819663608;0.136302294197031;-0.0211356316786099
Unknown;0.1737965240695186;-0.4836601307189542;-0.5102135739191831
Low;0.1954360912781744;-0.1291139240506329;-0.4945079220522778
Unknown;0.0689986200275994;0.3176930596285435;0.6086860688434503
High;0.0185596288074238;-0.7380952380952381;-1.0995810869947198
High;3.999920001599968e-05;-0.7094657919400188;-1.532563374749131
High;0.0413991720165596;-0.5494672754946728;-0.8603411495982501
Low;0.115677686446271;0.2511111111111111;0.5183990199610998
Unknown;0.7667046659066818;-0.1911111111111111;-0.1237661765269383
High;0.2928341433171336;-0.23;-0.3103633073326586
High;0.1633967320653586;0.0067476383265856;-0.4157702562828679
Unknown;0.7715845683086339;-0.1219512195121951;-0.1173519125188295
Medium;0.0575188496230075;-0.412037037037037;-0.5997983705223182
Low;0.0941581168376632;-0.3097560975609756;-0.5590226994966077
Low;0.0208395832083358;-0.3235294117647059;-0.7926580132107643
High;0.3295534089318214;-0.2;-0.4125046409516153
High;0.6415871682566349;0.0669515669515669;0.1463707053841142
Unknown;0.9074618507629848;-0.1604938271604938;0.1051945238748434
Unknown;0.7233855322893542;0.0283687943262411;0.1711127103008904
Medium;0.0362392752144957;0.349527665317139;0.6040730591921473
High;0.0199196016079678;-0.4528985507246377;-0.8396685042588543
Unknown;0.2901141977160457;-0.2244224422442244;-0.323566408825068
High;0.0985980280394392;-0.3049645390070922;-0.805513870490117
High;0.0083198336033279;-0.53125;-1.0522162338406422
Unknown;0.1746365072698546;-0.2625;-0.5124640979853492
Low;0.8311433771324573;-0.0977443609022556;-0.0547604833594413
High;0.0497990040199196;0.4192307692307692;0.7400671082700775
High;0.0254794904101917;-0.6049382716049383;-0.8330958903588156
High;0.0024399512009759;-0.5012048192771085;-1.079070348472686
Unknown;0.4171916561668766;0.1659451659451659;0.2862025505810868
Medium;0.2619947601047979;-0.2690541781450872;-0.3642446666213539
Unknown;0.0010799784004319;-0.691566265060241;-1.247142950855901
High;0.2326353472930541;0.3206793206793207;0.3767201333069642
Unknown;0.0037999240015199;-0.5857988165680473;-0.9861497416424652
High;0.1577568448631027;0.2318840579710145;0.4004711243386287
Medium;0.3072338553228935;0.3161592505854801;0.4076680283262425
Low;0.0563188736225275;0.2545289855072464;0.4228982402788772
High;0.0728385432291354;0.4426229508196721;0.6314921352487816
Unknown;0.0937981240375192;-0.3552941176470588;-0.6365417069404278
High;0.0140797184056318;-0.4459259259259259;-0.9377561676113988
High;0.0369992600147997;0.544973544973545;0.8953110001220611
Medium;0.0173596528069438;-0.4038461538461538;-1.1005633204715026
High;0.3946321073578528;0.180722891566265;0.2894855796976698
High;0.9143017139657208;-0.1533333333333333;0.0261544475648763
Unknown;0.8323033539329213;-0.0486111111111111;0.1076432953519236
Medium;0.0927581448371032;-0.2643356643356643;-0.492394336994199
High;0.0246395072098558;0.3333333333333333;0.592146009608038
High;0.1110777784444311;0.3380281690140845;0.599118306880859
Unknown;0.9259814803703926;-0.0833333333333333;0.0871004516738694
Unknown;0.2876742465150697;0.2361111111111111;0.4348824198530545
High;0.0391192176156476;-0.5525525525525525;-0.8361086883439894
High;0.2305553888922221;0.1705263157894737;0.3928549221584451
Unknown;0.5475090498190036;0.0932835820895522;0.2371436892213162
Unknown;0.0001199976000479;0.7058823529411765;1.6125349283759378
High;0.2949541009179816;-0.3152173913043478;-0.3936211664939238
Low;0.0962780744385112;-0.4629629629629629;-0.7604297920891224
Low;0.0150396992060158;-0.5654320987654321;-0.8843593543006523
High;0.0973180536389272;0.2510121457489878;0.4820330228534228
Unknown;0.0075598488030239;0.5666666666666667;0.8376200481875112
Unknown;0.982660346793064;0.0046296296296296;0.0431219754016603
Low;0.1473970520589588;-0.3135313531353135;-0.4508612636328089
Unknown;0.0504789904201916;-0.3783783783783784;-0.6684347285710561
High;0.4625907481850363;-0.1380597014925373;-0.2720366505052708
Unknown;0.7052258954820904;-0.0617283950617283;0.2040255342305824
High;0.0003199936001279;-0.8024691358024691;-1.6582556289763366
High;0.98910021799564;0.0555555555555555;0.1326985696235528
High;0.0004799904001919;-0.7022727272727273;-1.233555913251717
Medium;3.999920001599968e-05;-0.7134986225895317;-1.6262880007868086
High;0.3086338273234535;-0.2453567937438905;-0.326809437883878
High;0.0006399872002559;-0.507969507969508;-0.9502526321235754
Medium;0.4803503929921401;-0.2048192771084337;-0.1805952597769766
Medium;0.9822603547929042;-0.1600831600831601;-0.0141309421491906
Unknown;0.8320233595328094;-0.1217948717948717;-0.0700562683291615
High;0.2309153816923661;0.3944444444444444;0.5237460232597413
Unknown;0.0229995400091998;0.3939393939393939;0.6482562470453964
Low;0.0153996920061598;0.3974554707379135;0.6802893151610225
Low;0.0001999960000799;-0.6699346405228758;-1.2104530292806142
Medium;0.0010399792004159;-0.7619047619047619;-1.6838501867737896
Unknown;0.0665586688266234;-0.4996655518394648;-0.5849226702266008
Unknown;0.0465590688186236;-0.1248120300751879;-0.5937299874577969
High;0.2187556248875022;-0.4266117969821673;-0.4358479215375311
Unknown;0.0840383192336153;-0.3058823529411765;-0.6315548782578254
Unknown;0.3617127657446851;-0.1777777777777777;-0.4407155289265461
High;0.8293034139317214;0.0617283950617283;0.0755827708722854
Unknown;0.2265154696906061;0.1763191763191763;0.336856965178802
High;0.5765884682306354;-0.1133333333333333;-0.2650092131819465
High;0.5295894082118358;-0.2843406593406593;-0.1723739369676107
Unknown;0.1725965480690386;-0.303030303030303;-0.4535973461723755
High;3.999920001599968e-05;-0.9011857707509882;-2.62986698273319
Unknown;0.6817063658726825;-0.0889952153110047;-0.1102544452254853
High;0.0714385712285754;0.3275613275613275;0.6417358472715107
Medium;0.1795564088718225;-0.4666666666666667;-0.4749931435445421
Unknown;0.8190636187276255;-0.0408163265306122;-0.0824606676878674
Unknown;0.241595168096638;-0.2765151515151515;-0.4439263496446384
Medium;0.0391192176156476;-0.5961538461538461;-0.8810745596941283
Medium;0.0004799904001919;0.7415254237288136;1.160797536214641
High;0.3859522809543809;0.0847953216374269;0.3128455127255218
Medium;0.2305953880922381;-0.2716049382716049;-0.5231878766694671
Medium;3.999920001599968e-05;0.7192982456140351;2.1541331762274454
Unknown;0.0014399712005759;0.7389705882352942;1.0976380388778348
Unknown;0.0877982440351193;-0.4166666666666667;-0.5386835426043978
Medium;0.1418771624567508;0.2729766803840878;0.3283437945502716
High;0.1607567848643027;0.0232288037166085;0.3783685629385392
High;0.0241595168096638;-0.4861111111111111;-0.7469067135924582
Low;0.7665741597286463;-0.1363636363636363;-0.0923716920370549
Unknown;0.121517569648607;-0.1775362318840579;-0.606589883864707
High;0.0484790304193916;-0.3845238095238095;-0.5762549182898398
Unknown;0.1423571528569428;-0.5566037735849056;-0.5730475800710183
High;0.7391052178956421;-0.0677966101694915;0.1086116854021944
High;0.0020399592008159;0.4890613973182781;0.8315411568615712
Low;0.1768364632707345;-0.181159420289855;-0.5969390679634068
Low;0.0183996320073598;0.46;1.0381565011149714
Unknown;0.6445071098578028;-0.0703125;-0.1954421830936931
High;0.1875962480750385;-0.3548387096774194;-0.5430247087536024
High;0.0632787344253115;0.3260869565217391;0.6549806310387011
Unknown;0.8371032579348413;-0.220125786163522;-0.0262208926356027
Low;0.0231195376092478;-0.4963235294117647;-0.9040167526108897
High;0.7992640147197057;-0.1572871572871572;0.0739418297327483
Unknown;0.876542469150617;-0.225;-0.0384590401334703
Unknown;0.0562788744225115;0.3133903133903133;0.500996762770386
Medium;0.2330753384932301;-0.0404040404040404;-0.3799838581227796
Unknown;0.3172736545269095;0.1780487804878048;0.3377460221118372
High;0.3174336513269735;-0.0689102564102564;-0.3055975660682303
Unknown;0.0013999720005599;-0.7679738562091504;-1.3309373130057789
Medium;0.630627387452251;-0.0521963824289405;-0.1323393188048228
Unknown;0.0341993160136797;0.3096903096903097;0.63850966882279
High;0.2219555608887822;-0.4230055658627087;-0.3933831567805813
High;0.1079178416431671;0.4672754946727549;0.5035932836668683
Low;0.2247155056898862;0.0866910866910866;0.329845225889436
Unknown;0.1032779344413111;-0.3068181818181818;-0.6912944764108566
Control;0.3889122217555649;0.2244897959183673;0.4300007216162122
Medium;0.3214735705285894;0.15;0.3667425747998569
Unknown;0.7020259594808104;-0.0162962962962962;-0.1225298560770796
High;0.2954340913181736;0.4017094017094017;0.4652192612808092
High;7.999840003199936e-05;-0.8591549295774648;-1.720034211869261
High;0.6047079058418832;0.055813953488372;0.1783195478360294
High;0.0037199256014879;0.6370716510903427;0.9233090215699642
High;0.5327093458130837;-0.0731225296442687;0.2144561808954577
Low;0.1341173176536469;0.2897897897897898;0.529904281550653
High;0.2640347193056139;0.2055702917771883;0.3259996745236967
Low;0.5385092298154037;-0.1232558139534883;-0.2073628095021925
High;0.0230795384092318;-0.4688457609805924;-0.695350741339094
High;0.2744745105097898;0.156957928802589;0.3302219222046111
Low;0.7671046579068419;-0.6029411764705882;-0.0627267281101345
Unknown;0.756664866702666;0.0597402597402597;0.1313040600258965
Medium;3.999920001599968e-05;-0.9722222222222222;-2.044055408979878
Unknown;0.492870142597148;0.130718954248366;0.3262406516696483
Unknown;0.876302473950521;-0.0522875816993464;0.1227174101425004
Low;0.0813983720325593;-0.528395061728395;-0.6224133753669954
Medium;0.1739965200695986;-0.4285714285714285;-0.5738991321479829
Unknown;0.0146397072058558;0.2783333333333333;0.7612255672714278
High;0.0046399072018559;-0.5922865013774105;-1.0586440213966894
Unknown;0.0599188016239675;-0.3489254108723135;-0.5789153178512687
Medium;0.2639147217055659;0.191699604743083;0.360579266274608
Medium;0.4004319913601728;0.0227272727272727;0.3459180473114919
Unknown;0.8858222835543289;-0.1468531468531468;0.0946667748691298
Unknown;0.989780204395912;-0.1367521367521367;0.0123181394673665
High;0.0283194336113277;0.5204081632653061;0.5922788116351851
Unknown;0.0001199976000479;0.8204225352112676;1.5109619746946168
High;0.0212395752084958;-0.3924050632911392;-0.9947664902802716
Medium;0.2858742825143497;-0.2329545454545454;-0.3431973373122554
High;0.0045199096018079;-0.7702297702297702;-1.0830427277033752
Unknown;0.5865882682346353;-0.3244444444444444;-0.1247902753158194
Low;0.2013559728805423;-0.3262411347517731;-0.5745937052218868
Medium;0.8010639787204256;-0.0453488372093023;0.1015688724018706
High;0.0648787024259514;-0.4924242424242424;-0.7612617200039307
High;0.0736785264294714;-0.5498575498575499;-0.7052999643165528
High;0.0188796224075518;-0.4581395348837209;-0.7738881010014351
Unknown;0.1535569288614227;0.0975609756097561;0.3840708735710803
Unknown;0.9149817003659928;-0.1761006289308176;0.011998422185755
High;0.4343113137737245;0.2407407407407407;0.2356430378303816
Medium;0.4712705745885082;-0.3734939759036144;0.2469555959735348
Low;0.0026399472010559;0.5435435435435435;1.104128564753009
Unknown;0.0455590888182236;0.4814814814814814;0.7514670823494239
High;0.0297194056118877;0.4660493827160494;0.6607238394073914
Unknown;0.2024759504809903;0.2692307692307692;0.3673962739093335
Medium;0.0185596288074238;-0.4601686972820993;-0.7652739749913327
Unknown;0.2390752184956301;0.1871921182266009;0.4624714401605608
High;0.0001599968000639;-0.8125;-1.6063322902778974
High;0.125477490450191;0.1494252873563218;0.5198908664440139
Unknown;0.5887882242355152;0.1423076923076923;0.2045990038615614
Medium;0.8551428971420572;-0.1204901293396868;-0.0433487240157054
Low;0.5970280594388112;-0.012933968686181;0.1687965165298595
Low;0.5555488890222195;0.1805555555555555;0.3037121937315921
High;0.6043079138417232;0.0875576036866359;0.2189121479436941
High;0.2049559008819823;0.2929782082324455;0.4628077752727393
Medium;0.8993020139597208;-0.0576652601969057;-0.0247639577414394
Medium;0.3214335713285734;0.0936374549819928;0.2798886170159886
Low;3.999920001599968e-05;0.5846153846153846;0.919742224996716
Medium;0.0343193136137277;0.37890625;0.7374501375413351
High;0.0809583808323833;0.324074074074074;0.5353610600403113
Low;0.0164396712065758;-0.5919117647058824;-0.9458485143153226
High;0.0105997880042399;0.6479591836734694;1.023872941031265
High;0.0480390392192156;-0.1419753086419753;-0.980975198901419
Unknown;0.3609527809443811;-0.144927536231884;-0.3352229829311275
High;0.9852602947941042;-0.1239669421487603;0.002178504418166
Medium;0.0033999320013599;0.7318840579710145;1.001129103400059
High;7.999840003199936e-05;-0.6092592592592593;-1.2502278304165406
Medium;0.0015599688006239;-0.48582995951417;-0.9150993216288428
Medium;0.1832363352732945;0.1246105919003115;0.4072995924094235
High;0.6049079018419632;-0.373134328358209;-0.1694562446959178
Medium;0.9369012619747604;-0.1977611940298507;0.0999569134966719
Medium;7.999840003199936e-05;0.7159090909090909;1.2075941091031182
Unknown;0.0519189616207675;0.72;0.941229613921214
High;0.2750344993100138;0.2949308755760368;0.4359056095626967
High;0.8653826923461531;-0.296875;-0.0275937879514973
High;0.371952560948781;0.273076923076923;0.3362902131355807
High;0.0141197176056478;0.3401430030643513;0.6798538307227359
Medium;0.4147117057658847;0.0882882882882882;0.2284515581706729
Low;0.0471590568188636;-0.3221153846153846;-0.6363125445039252
Medium;0.0059998800023999;-0.5542521994134897;-0.9197029821355458
Unknown;0.7286254274914502;-0.0351288056206089;0.153856855334963
Unknown;0.0611987760244795;-0.3741626794258373;-0.6687633830167122
Unknown;0.0323993520129597;-0.3733075435203095;-0.6884290370357948
High;0.0007599848003039;-0.51875;-0.8921694169196727
Unknown;0.0002799944001119;0.7701612903225806;1.2623403819135444
Medium;0.0646387072258554;-0.419753086419753;-0.8677945667960647
High;0.0001199976000479;0.6624472573839663;1.2276962367245263
High;0.2623547529049419;0.2047058823529411;0.3677760219157988
Unknown;0.9109417811643769;0.094017094017094;0.0542957047217916
High;0.3775524489510209;-0.0976190476190476;-0.297281308388972
Medium;0.0332393352132957;-0.6015873015873016;-0.8454329048241964
Unknown;0.2565948681026379;0.44921875;0.4058870918417355
Low;0.0370392592148157;-0.4650205761316872;-0.7382729562094678
Unknown;0.9257814843703126;-0.1147327249022164;0.008570986255138
Unknown;0.8094638107237855;-0.1170731707317073;-0.0590391571647066
High;0.8061038779224415;0.0719101123595505;0.1159703983144919
Medium;0.245155096898062;0.21875;0.2974906607193215
Medium;0.115757684846303;-0.2376237623762376;-0.474882331563499
Unknown;0.113877722445551;-0.3577777777777777;-0.5407860801421605
Low;0.1021579568408631;-0.4090909090909091;-0.5305831325542774
Medium;0.3559528809423811;0.1773879142300194;0.3417782809823037
Low;0.0015199696006079;-0.6944444444444444;-1.1588302568319184
Medium;0.0003599928001439;-0.5196078431372549;-1.2449410160100078
High;0.0006799864002719;-0.8360655737704918;-1.70600671118029
Unknown;0.8613427731445371;-0.0243055555555555;-0.0184660308860928
Low;0.5547489050218996;-0.1714285714285714;-0.1973132484416485
High;0.0012399752004959;0.5372168284789643;0.9171588109736696
Medium;3.999920001599968e-05;0.5511644318983768;1.864513335169208
High;0.628147437051259;0.1725417439703154;0.1272126577730237
Unknown;0.6381872362552748;0.1213592233009708;0.152599459696733
Medium;0.3118737625247495;0.225071225071225;0.3576869779660433
High;0.0088798224035519;0.8222222222222222;1.0775925467017038
Medium;0.9267814643707126;-0.1037037037037037;-0.0210121113782151
Unknown;0.6903861922761545;-0.25;-0.1268263378594106
High;0.0299994000119997;0.6373239436619719;0.7084482249404247
High;0.633507329853403;-0.25177304964539;-0.0106378095755741
Unknown;0.4613507729845403;0.2194719471947194;0.2197842707539899
High;0.496910061798764;-0.1388888888888889;-0.264351193630518
Unknown;0.0023199536009279;0.664179104477612;0.7957817997275588
Unknown;0.999780004399912;-0.2888888888888888;0.1535895585296792
Medium;0.99930001399972;-0.0654205607476635;0.0425663047684374
Medium;0.0277594448111037;0.4484848484848485;0.6293203975529735
Unknown;0.0044399112017759;0.5493827160493827;0.9150191293764934
Unknown;0.0324793504129917;0.4072249589490969;0.6265146250823908
Unknown;0.0272794544109117;-0.4093567251461988;-0.8305063908424505
High;0.1965960680786384;0.2843326885880077;0.4102451034641425
Unknown;0.2621147577048459;-0.2873134328358209;-0.4315571711364642
High;0.8503829923401532;-0.1911111111111111;0.1790238951237878
High;0.0024399512009759;0.5097087378640777;0.8621393407378349
Medium;0.0090398192036159;-0.2786885245901639;-1.7546057528673296
Low;0.0484790304193916;-0.2744107744107744;-0.600579311910127
Low;0.0221595568088638;-0.3557692307692308;-0.8207593175949158
High;0.0424391512169756;-0.4661246612466124;-0.6983655636164935
Unknown;0.7292254154916902;0.0553306342780027;0.1071264817506705
High;7.999840003199936e-05;0.8042328042328042;1.7022204073611658
Unknown;7.999840003199936e-05;0.6526315789473685;0.8017478411100044
Unknown;0.0644787104257914;0.45;0.9336593826376772
Unknown;0.2269154616907661;0.3547619047619048;0.3959705676064899
Medium;0.0169196616067678;-0.336734693877551;-1.1179922578794574
Medium;0.0601987960240795;0.391705069124424;0.5581427538230991
Unknown;0.121117577648447;-0.3205128205128205;-0.5896508506770238
Unknown;0.0340393192136157;0.5205811138014528;0.8513049293562329
Unknown;0.0078398432031359;0.6561743341404358;1.050576740304431
Low;0.6827863442731146;-0.0691244239631336;-0.1669566571989225
High;0.0080798384032319;-0.5808823529411765;-1.025263776244285
Unknown;0.3451930961380772;-0.3383458646616541;-0.3762128312492328
Medium;3.999920001599968e-05;0.7522123893805309;1.3523804357467204
Unknown;0.1091578168436631;0.33;0.4809864793689274
Unknown;0.4367512649747005;-0.2193877551020408;-0.2974615395612207
Medium;0.370192596148077;-0.2617079889807162;-0.290665580876408
Unknown;0.7386252274954501;0.0342935528120713;-0.0936139174455456
Unknown;0.252594948101038;0.2350746268656716;0.431019739679675
Unknown;0.2309953800923981;-0.2553191489361702;-0.5213719588673942
Unknown;0.9591408171836564;-0.1111111111111111;0.0342736267672463
Unknown;0.9340613187736244;-0.0563894523326572;0.0390403314933879
High;0.2261954760904782;0.1727941176470588;0.4591319387488463
High;0.99390012199756;-0.0493827160493827;0.0077116646860266
Low;0.8700225995480091;-0.0140845070422535;0.0591199301026108
High;0.376272474550509;0.1184371184371184;0.2552814580476509
High;0.0002399952000959;-0.8194444444444444;-1.831851899664056
Unknown;0.0004799904001919;-0.75;-1.777694766720702
High;0.0001199976000479;-0.7878048780487805;-1.6173936010473104
High;7.999840003199936e-05;-0.86328125;-1.9760152384377276
High;0.8835423291534169;-0.0295566502463054;-0.0426217143162399
Unknown;0.0175196496070078;-0.4285714285714285;-0.9586434401071728
Unknown;0.4748305033899322;-0.25;-0.1358343069580574
Unknown;3.999920001599968e-05;0.9080882352941176;1.7985945127314833
Low;0.0011599768004639;-0.1058514135437212;-1.3366713391869245
Unknown;0.0394392112157756;0.3517406962785114;0.5442443953995282
High;0.6705865882682346;-0.0482374768089053;0.1420984919894349
Unknown;0.4813503729925401;-0.2142857142857142;-0.2808849699156302
High;0.0485190296194076;-0.3915343915343915;-0.877604789586263
High;0.0024799504009919;0.4435483870967742;0.6366621323530852
Medium;0.0015999680006399;-0.4962962962962963;-0.8093867787474138
Unknown;0.6485070298594028;0.0389610389610389;0.1545962221635759
Medium;0.6695466090678186;-0.1143062544931703;-0.1207113771509467
Unknown;0.0008799824003519;-0.6780487804878049;-1.2205608730824722
High;0.0011599768004639;-0.7338820301783264;-1.4009969110798672
High;0.0116797664046719;0.3768707482993197;0.6632719497534599
Unknown;0.6397872042559148;-0.1555555555555555;-0.1647599174117462
Medium;0.0193196136077278;-0.3057471264367816;-0.816176414173993
High;0.8044639107217856;0.1160493827160493;0.0797616583765066
Unknown;0.4415511689766204;0.2492492492492492;0.2777693026126896
High;3.999920001599968e-05;0.6604816423213581;1.4152989224327015
Unknown;0.0338793224135517;0.4493827160493827;0.6792706910764027
Medium;3.999920001599968e-05;0.7017283950617283;1.330690710618824
Unknown;0.6832663346733066;0.0686274509803921;0.1665476817863663
Medium;0.0392792144157116;0.5035128805620609;0.8307778655814912
Control;0.2957140857182856;0.3372434017595307;0.3490961397985451
Unknown;0.0563588728225435;-0.1985815602836879;-0.9141707450815776
High;0.3873522529549409;-0.3192648059904697;-0.236852267214277
High;0.0828383432331353;-0.274703557312253;-0.5193595737017402
High;7.999840003199936e-05;0.7073170731707317;1.4955579190041053
Unknown;0.0049999000019999;-0.4401294498381877;-1.0203912548800729
High;0.1894762104757905;-0.1679012345679012;-0.4469893093537702
Unknown;0.6705865882682346;-0.1182795698924731;-0.1266955086237524
High;0.1992360152796944;-0.4565656565656565;-0.427953447243698
Unknown;0.6501069978600428;-0.08203125;-0.1762314776088875
Unknown;0.7782644347113058;-0.2624113475177305;-0.0922423814521291
Unknown;0.504189916201676;-0.1993769470404984;-0.1867984884166621
Low;0.9779004419911602;-0.0388888888888888;0.0173449487424699
High;0.0004399912001759;-0.6506024096385542;-1.3739844859874928
Control;0.3064738705225895;-0.2888888888888888;-0.3653301248188483
Unknown;0.3935921281574368;-0.1111111111111111;-0.2654024052721612
High;0.7021059578808424;-0.1678571428571428;-0.1476228453591796
High;0.1822363552728945;0.2745098039215686;0.4863129987445989
Low;0.8005439891202176;0.1666666666666666;0.1303943493068797
Medium;0.751704965900682;0.037037037037037;0.1818465942443065
Low;0.0394792104157916;-0.3565426170468187;-0.625453248897797
High;0.1545569088618227;-0.4259259259259259;-0.6135105276707485
Unknown;0.8631827363452731;-0.0576923076923076;-0.0194284935956963
High;0.0053198936021279;0.6212121212121212;1.4029526954828695
Unknown;0.0877182456350873;0.4064697609001406;0.5973701453650273
High;0.0207595848083038;0.3111111111111111;0.6118263026406592
Unknown;0.7418651626967461;-0.0817610062893081;-0.1196279240579045
Low;0.0092798144037119;-0.4829931972789115;-1.35904123071528
High;0.0559988800223995;0.3653846153846153;0.6010303394183143
High;3.999920001599968e-05;0.827485380116959;1.5517219939613454
Unknown;0.0885982280354392;-0.5037037037037037;-0.7316209653720369
High;0.0083598328033439;-0.5030864197530864;-0.8839687590909026
Medium;3.999920001599968e-05;-0.8554216867469879;-1.7007443071922357
High;0.1874762504749905;0.106060606060606;0.4870083389058633
Unknown;0.5941081178376433;0.0265734265734265;0.161112635939138
Medium;0.0154796904061918;-0.4545454545454545;-0.8595182905999201
High;0.117917641647167;-0.4411764705882353;-0.4982827084851068
Unknown;0.879902401951961;-0.0142857142857142;-0.0389607788725495
Unknown;0.24207515849683;-0.2962962962962963;-0.5064481926612052
High;0.2713545729085418;-0.2552552552552553;-0.4012954155883015
High;0.6618667626647468;0.1038461538461538;0.1957440557319239
Unknown;0.2574348513029739;-0.3596059113300492;-0.4662304871888689
High;0.6747465050698986;0.0360789652825051;0.1247680076689958
High;0.1553968920621587;-0.3142292490118577;-0.455999047294764
High;0.0364792704145917;-0.4523809523809524;-0.9776896426912076
Low;0.124997500049999;-0.6313253012048192;-0.5793627634767146
High;0.631667366652667;-0.1706349206349206;-0.1637699643388579
Unknown;0.3953520929581408;0.1564625850340136;0.3825346335388316
High;0.7425451490970181;0.0358126721763085;0.1093696215458423
High;0.2019959600807983;-0.525;-0.474886402142679
Unknown;0.6648267034659306;0.3559322033898305;-0.129197827425634
Unknown;0.0491590168196636;0.4179894179894179;0.6850343837699038
Medium;0.0002399952000959;-0.7236467236467237;-1.4190340528130798
High;0.6710265794684106;-0.0571428571428571;-0.1136176916589535
Low;0.1892362152756944;-0.0067842605156037;-0.4548915854962629
Unknown;0.1288374232515349;-0.2809917355371901;-0.447300689846924
Unknown;0.0739585208295834;0.2616161616161616;0.4724376410655653
High;0.8336633267334653;-0.0368159203980099;-0.059435229152781
Medium;0.7583448331033379;-0.2009685230024213;0.1464272503333011
High;0.0512389752204955;-0.3440984236831987;-0.5019058355547369
Medium;0.0169596608067838;-0.5476190476190477;-0.7914187912017298
High;0.2313953720925581;-0.1005917159763313;-0.3488105383356591
Unknown;0.3420731585368292;0.4166666666666667;0.4146861359753128
Unknown;0.3051138977220455;-0.3963963963963964;-0.4580119218779024
High;0.6315073698526029;0.103875968992248;0.1251072578802471
Unknown;0.0630387392252155;0.4115384615384615;0.7119588158968599
Unknown;0.0263594728105437;-0.7944862155388471;-1.1496267744693898
Unknown;0.0413591728165436;-0.4505050505050505;-0.690704812052629
High;0.4672706545869082;0.0014064697609001;-0.2476125118088831
High;0.0316393672126557;-0.4532019704433497;-0.8573438888597978
Unknown;3.999920001599968e-05;0.8064516129032258;1.934037774901096
Unknown;0.1637967240655186;-0.4507042253521127;-0.5466780114227983
Unknown;0.5700685986280274;0.0098452883263009;0.2359526283705657
Medium;0.5191896162076759;-0.1380145278450363;-0.2669313084867943
High;0.2836743265134697;-0.1826086956521739;-0.3148083902893906
High;0.6028679426411472;-0.0666666666666666;0.1963749254266618
High;0.0004799904001919;-0.6396396396396397;-1.1863098089718838
Unknown;3.999920001599968e-05;0.7887517146776406;0.7824058201650738
Unknown;0.8699026019479611;-0.2727272727272727;-0.0400216785303262
High;0.5582288354232915;0.0538461538461538;-0.2832687253603262
Low;0.3018339633207336;-0.5679012345679012;-0.3620808824163216
High;0.0190796184076318;-0.5220588235294118;-0.934355927938718
High;0.1106377872442551;-0.2238095238095238;-0.4465807645773172
High;0.0695586088278234;-0.171912832929782;-0.7975015810202619
Low;0.4176316473670526;0.2302106027596223;-0.195535653186839
High;0.0001599968000639;-0.5277777777777778;-1.80523862320578
Medium;0.1382372352552948;0.1333333333333333;0.4320547124096665
Medium;0.0866382672346553;0.1993464052287581;0.4991824029453913
High;0.250154996900062;0.2752941176470588;0.3847002954973936
High;0.1557568848623027;0.3149882903981265;0.3733477212901395
Unknown;0.8234235315293694;0.09375;0.0945990921065145
Medium;0.243035139297214;-0.4285714285714285;-0.4309996292130846
Unknown;0.7625447491050179;0.125;0.1840157699243249
Medium;0.0153996920061598;0.3102336825141015;0.6083001707011043
Medium;0.6965860682786345;0.0467836257309941;0.1628708441747599
High;0.0008799824003519;-0.5508241758241759;-1.0061596243871151
High;0.0026799464010719;0.4680086268871316;0.784940106255598
Medium;0.8909421811563769;-0.0666666666666666;0.0526416216678633
High;0.0869582608347833;-0.2166666666666666;-0.6409936201181646
Medium;0.3316333673326533;0.1169590643274853;0.2858338617388287
Unknown;0.0001199976000479;-0.8126463700234192;-1.741088894301349
Unknown;0.749105017899642;-0.3205128205128205;-0.0900845222850201
Medium;0.4305913881722366;0.148711943793911;0.2208587772494544
Medium;0.2956740865182696;-0.2337962962962963;-0.3301246377766721
High;0.9623007539849204;-0.0066666666666666;0.0881004420078015
High;0.5774284514309714;-0.1129186602870813;-0.1782930745632004
High;0.1687166256674866;-0.4744724302246426;-0.4568275400210619
Unknown;0.3890722185556289;-0.2083333333333333;-0.3711977862865612
High;0.2230355392892142;0.2176308539944903;0.3833925959252363
High;0.1416371672566548;0.4181818181818181;0.5706252568755985
High;0.9837803243935122;0.0043290043290043;-0.0185733866737538
Unknown;0.5687086258274835;-0.270935960591133;-0.1673870384789137
Unknown;0.1392372152556948;0.3333333333333333;0.6101700841653882
Unknown;0.0083598328033439;-0.5775034293552812;-1.232933585745926
Unknown;0.0089998200035999;-0.5297029702970297;-0.8596581833381449
Medium;0.3363532729345413;0.2571428571428571;0.3765319588052897
Low;7.999840003199936e-05;0.668235294117647;1.2962137848139414
Low;3.999920001599968e-05;-0.5650349650349651;-1.3795340235781424
High;0.2180356392872142;0.2871287128712871;0.3729392621206795
Low;0.0249595008099838;-0.3083429450211457;-0.7668596433058079
High;3.999920001599968e-05;0.8170289855072463;1.7423779682481737
Unknown;0.1132377352452951;-0.2863247863247863;-0.5144272019483129
High;0.2010359792804144;0.3490566037735849;0.3786004832224066
Unknown;0.1507169856602868;-0.1521739130434782;-0.7390629695798576
Control;0.4808703825923481;-0.437037037037037;-0.3135219422020457
Medium;0.3622327553448931;0.1623931623931624;0.3122865775550982
Medium;0.2125957480850383;-0.4603174603174603;-0.6317921897471896
Unknown;0.0015599688006239;-0.6108374384236454;-1.342668700396934
Control;0.0499190016199676;0.4438775510204081;0.6805444354232676
Low;0.1555168896622067;-0.2666666666666666;-0.4794332836192706
Unknown;0.1621567568648627;0.2189922480620155;0.4176907939884922
High;0.4730305393892122;-0.1571428571428571;-0.2704105694415983
High;0.0764784704305913;0.4164133738601823;0.6838312927279145
Unknown;0.745305093898122;0.044776119402985;0.1445597066672955
High;0.0521989560208795;-0.4788732394366197;-0.7247279409769207
Low;0.0192796144077118;-0.7739130434782608;-1.376910594025731
Unknown;0.1317973640527189;-0.149519890260631;-0.5554865590174032
High;0.2745145097098058;-0.4518518518518518;-0.4965350812351128
Medium;0.0109997800043999;0.4377104377104377;0.7483203919391291
Unknown;0.1499970000599988;0.3159722222222222;0.5288867880383481
High;0.0019599608007839;-0.6273504273504273;-1.227293637285709
High;0.6770664586708266;-0.276555023923445;-0.1129071986600698
Unknown;0.0730785384292314;-0.3746031746031746;-0.6481389523405338
High;0.7003059938801224;-0.5064935064935064;-0.0979041946773095
High;0.5417491650166997;-0.2494758909853249;-0.211196428333508
High;0.2301953960920781;0.1857142857142857;0.4452764214885687
Medium;0.0003599928001439;0.5817774458551157;1.0662836666725954
High;0.240355192896142;0.2238095238095238;0.4520507845846351
Low;0.0081598368032639;0.5542406311637081;0.704509792660703
High;0.0359992800143997;-0.4249394673123486;-0.6176017061382789
Unknown;0.0918381632367352;-0.1601307189542483;-0.5644170026936455
Unknown;0.0002799944001119;0.7264367816091954;1.2477453128532587
High;0.5729085418291634;0.2425373134328358;0.2054221210864195
Unknown;0.9639807203855922;-0.0585480093676815;0.0511959691653083
Medium;0.880822383552329;0.0075187969924812;0.0667167432892697
Unknown;0.7894642107157857;0.0833333333333333;0.10989315176523
Medium;0.1852362952740945;-0.4697674418604651;-0.4653629128541212
Unknown;0.4616707665846683;0.0283687943262411;0.3692363096535531
Unknown;0.2044759104817903;-0.1972789115646258;-0.3414583288837451
Unknown;0.4426311473770524;0.2207792207792207;0.3183723532040815
Unknown;0.0269594608107837;0.3564356435643564;0.6122403416300218
High;0.1119577608447831;0.2907153729071537;0.5566909057271963
High;0.0465990680186396;-0.5448717948717948;-0.8716556437526629
Unknown;0.5990680186396272;-0.2642642642642642;-0.1225871342923473
Medium;0.0734785304293914;-0.3877551020408163;-0.7331561483008522
High;0.0131997360052798;-0.6440281030444965;-1.0831104170312045
High;0.0017599648007039;0.6207792207792208;1.3541987627474372
High;0.0350392992140157;-0.3808219178082191;-0.7874553560600452
High;0.2903541929161417;0.1491228070175438;0.376773523921771
Unknown;0.2579548409031819;-0.2328767123287671;-0.4022057015830425
High;0.0527989440211195;-0.4264705882352941;-0.7482200964750073
Unknown;0.0127597448051038;0.4158576051779935;0.6687775868597083
Medium;0.9592608147837044;0.1423611111111111;-0.0353032035500285
Unknown;0.9114217715645688;0.1533333333333333;0.07030703133719
High;0.5333893322133557;0.102880658436214;0.2215905731138253
Medium;0.0033599328013439;-0.3507462686567164;-1.4025573326717624
Medium;0.0091598168036639;-0.1119617224880382;-1.0837554803286211
Low;0.7219455610887783;-0.1021021021021021;-0.1230585694825006
High;0.6523869522609548;-0.1321462043111527;-0.1400942575447847
High;0.1583968320633587;-0.173076923076923;-0.7370663556396001
High;0.3473930521389572;-0.3636363636363636;-0.284326053261685
Unknown;0.5304293914121717;0.0506172839506172;0.2198402015843739
High;0.0033199336013279;-0.6820276497695853;-1.1684034325057664
High;0.1349573008539829;-0.3636363636363636;-0.4267166401838573
High;0.8903021939561209;0.1985815602836879;0.1029381471066231
High;0.0540389192216155;0.2111111111111111;0.4688023364104948
Unknown;0.999780004399912;-0.2148148148148148;0.1041670218529597
Unknown;0.4548309033819324;-0.2445482866043613;-0.2144312985610371
Unknown;0.0223995520089598;0.5347222222222222;0.675076532497848
High;0.0126397472050558;0.5595238095238095;0.9429834665262724
High;0.1419171616567668;0.2912801484230056;0.4693675027951737
Unknown;0.5808283834323313;0.0767441860465116;0.2116710092125887
Unknown;0.9440211195776084;0.1516049382716049;0.0290391419360723
Unknown;0.3171936561268774;-0.4327272727272727;-0.4815106470860075
Unknown;0.0595588088238235;0.2991452991452991;0.4922760107027123
Unknown;0.5250694986100278;-0.3090909090909091;-0.1559257331073754
Unknown;0.0726785464290714;-0.2972972972972973;-0.6051385435870581
Unknown;0.3188736225275494;0.3137254901960784;0.4370904438261576
High;0.0475190496190076;-0.4609375;-0.7609767081397784
Unknown;0.0062398752024959;0.6602564102564102;0.9838519599182094
Unknown;0.0285994280114397;-0.3772727272727272;-0.8565530520653688
High;0.3189936201275974;0.1841269841269841;0.3080120684000041
Unknown;0.0762784744305113;-0.4649350649350649;-0.7538312118477293
High;0.0079198416031679;-0.5609195402298851;-1.025976393568011
Unknown;0.0210795784084318;0.6022727272727273;0.9176733951469164
High;0.0240795184096318;-0.3113636363636363;-0.7423455315862794
Unknown;0.9372612547749044;-0.3043478260869565;0.0086547830813799
Low;0.126157476850463;0.1959876543209876;0.5279670214896369
Low;3.999920001599968e-05;-0.7727272727272727;-1.4567892594552772
Low;0.8645827083458331;-0.0689310689310689;-0.01662992563242
Medium;0.0002799944001119;-0.7451851851851852;-1.365456800662644
Unknown;0.0051598968020639;-0.5501405810684161;-0.9327298787700216
High;3.999920001599968e-05;0.9102564102564102;1.4726345515223354
Unknown;0.3866722665546689;0.261437908496732;0.3966888337846356
High;0.9191416171676566;0.0884353741496598;0.0620535470849892
High;0.6764664706705866;0.0084175084175084;0.132455970579258
Unknown;0.1745965080698386;-0.0571696344892221;-0.4250845935006621
Medium;0.0561588768224635;0.3188691650230111;0.5235859944750251
High;0.0270394592108157;-0.4689655172413793;-0.753699465618453
Medium;0.7238255234895302;-0.0612244897959183;0.1490885619764487
High;0.0002799944001119;-0.7100694444444444;-1.375200701659209
Medium;0.5555488890222195;-0.148051948051948;-0.1923277781521243
Unknown;0.369072618547629;0.21875;0.3333601397140854
Unknown;0.2089158216835663;0.2631578947368421;0.4491496020851919
High;0.6898262034759305;0.0507177033492822;0.14588598458384
Unknown;0.0015999680006399;0.6376811594202898;1.1297652094973645
Unknown;0.373992520149597;-0.4202898550724637;-0.3897794607037652
Medium;0.4807503849923001;-0.1283292978208232;-0.2032458366567526
Medium;0.0642787144257114;0.3805555555555555;0.6021172260659562
High;0.3645127097458051;-0.0339506172839506;0.3260840409262741
High;0.1634767304653906;0.3274647887323944;0.4734297431664422
Medium;0.0001999960000799;-0.8490566037735849;-1.90657615883857
Medium;0.755744885102298;0.164021164021164;0.1375125030242937
Unknown;3.999920001599968e-05;0.8076923076923077;2.330333688987797
High;0.502309953800924;0.0014430014430014;-0.2400370432310948
Low;0.0001599968000639;-0.726984126984127;-1.502207407395989
Unknown;0.4011519769604608;-0.1500600240096038;-0.2388972752278583
High;0.2354352912941741;0.3187702265372168;0.3630109391294786
Medium;0.0753984920301594;-0.2153846153846154;-0.8366420703338013
High;0.0340793184136317;-0.362962962962963;-0.7210408384320602
High;0.9129017419651608;0.053030303030303;0.031348341083711
Unknown;0.9619807603847924;0.0533910533910533;0.0253524337539036
Medium;0.1427571448571028;-0.1915708812260536;-0.5532756073412665
Medium;0.8052238955220895;0.1056910569105691;0.0715484958245229
Unknown;0.0088798224035519;0.4786516853932584;0.7344732613351431
High;0.0031599368012639;-0.5047619047619047;-0.828186328442706
Medium;0.0951180976380472;0.3209876543209876;0.5697874365101391
Unknown;0.0890382192356152;0.2125;0.4542029086467862
Unknown;0.1911961760764784;-0.3265306122448979;-0.5778477966736115
Medium;0.245595088098238;-0.2966292134831461;-0.3910471260318671
Medium;0.500069998600028;-0.1234567901234567;-0.2344074787173213
High;0.0020799584008319;0.3985196727697702;0.5847039965564339
High;3.999920001599968e-05;0.7459546925566343;0.9312429671490228
High;0.114637707245855;0.3179723502304147;0.5563648501507077
Unknown;0.0047599048019039;0.5027372262773723;0.644810022693227
Low;0.0103997920041599;0.3217286914765906;0.6118530067781441
High;0.1705965880682386;-0.2229885057471264;-0.4686571477309963
Unknown;0.2615147697046059;-0.5351089588377724;-0.4261391856611459
Unknown;0.0737585248295034;-0.375886524822695;-0.8549995793400126
High;0.5799884002319954;-0.0210355987055016;0.1857535888263954
High;0.6000679986400272;0.4547619047619047;0.1323541951044803
Medium;0.0001599968000639;-0.7111111111111111;-1.5974364767586324
Unknown;0.7689046219075618;-0.054054054054054;-0.0992119032257068
High;0.3822323553528929;-0.1769423558897243;-0.228763272004438
Low;0.4227115457690846;0.1075268817204301;0.2289895283995198
Medium;0.0028399432011359;0.4406028368794326;0.7612362736515134
Low;7.999840003199936e-05;0.6923076923076923;1.0322127938911243
Medium;3.999920001599968e-05;0.7736842105263158;1.5495580880495567
High;0.1356772864542709;0.228235294117647;0.4815853932136133
Unknown;0.3396332073358533;-0.0389610389610389;-0.3402709134160003
Unknown;0.3854322913541729;-0.3190635451505016;-0.2537088272453705
Unknown;0.1677166456670866;-0.2008113590263691;-0.3688277974446182
High;0.0035199296014079;-0.7267267267267268;-1.239719936223378
Unknown;0.0008799824003519;0.6481481481481481;1.2945282347708644
Unknown;0.0073598528029439;-0.3760765550239234;-1.1370817273500191
Unknown;0.3958720825583488;0.0932203389830508;0.2190044211795687
Medium;0.2031159376812463;-0.2962962962962963;-0.4518287475990878
Low;0.0093998120037599;-0.5527426160337553;-0.9685354455697944
Medium;0.9062618747625047;-0.4538461538461538;0.1737765409332166
Medium;0.0548389032219355;0.3782051282051282;0.7074772516612116
Unknown;0.6626667466650668;0.0516853932584269;0.1726672048952824
Unknown;0.3511929761404772;0.2;0.4078587572299113
Low;0.1047979040419191;-0.4583333333333333;-0.6644073531560112
Unknown;0.615187696246075;0.0157657657657657;0.1681685500106519
High;0.7321453570928581;0.0554216867469879;0.1206022647793418
High;0.0048799024019519;-0.7006802721088435;-1.271000547330899
Medium;0.0469190616187676;0.375;0.7344898951672202
High;0.0537189256214875;-0.4097222222222222;-0.7176841929561948
High;0.0033999320013599;-0.654320987654321;-0.9892359556071588
Unknown;0.1512769744605107;0.2890625;0.5378534958856344
High;0.2030759384812303;0.2612612612612612;0.4351325958299104
Medium;0.2403951920961581;0.2727272727272727;0.3753921343479426
High;0.0100397992040159;-0.5609284332688588;-0.8183673958999188
Unknown;0.0017199656006879;0.409814323607427;0.7813985840856925
High;0.250714985700286;0.023076923076923;-0.4478203020884069
High;0.0002799944001119;-0.7803030303030303;-1.6018897145934938
Unknown;0.6892262154756905;-0.1896103896103896;-0.1346579171930154
High;0.6433871322573549;0.0918367346938775;0.2062716508471698
High;0.0456790864182716;-0.4828660436137071;-0.6414619043172912
Unknown;0.4359112817743645;-0.1842105263157894;-0.3409059978856017
Medium;0.1496370072598548;0.3115942028985507;0.6495854305230137
High;0.2104357912841743;-0.2352389878163074;-0.4093322812706904
High;0.4657106857862843;0.2109375;0.2475853900731454
Medium;0.0090798184036319;0.4634920634920635;0.397460872690081
Medium;3.999920001599968e-05;-0.9027777777777778;-1.9316092841936792
Unknown;0.115677686446271;-0.126865671641791;-0.6384535927937457
Unknown;0.5964280714385712;-0.0825082508250825;-0.1567348537088447
Medium;0.1357972840543189;-0.245014245014245;-0.376420033994751
Medium;0.3135937281254375;0.0809523809523809;0.3598496275730682
High;0.3017139657206856;0.1206349206349206;0.3169427508765712
Unknown;0.254154916901662;0.1150097465886939;0.4115088722149979
High;0.2314353712925741;-0.4337662337662337;-0.5092131645859301
Unknown;0.4889102217955641;-0.1037037037037037;-0.2892528469162636
Unknown;0.2609547809043819;-0.3383333333333333;-0.3490154692257823
Medium;0.0019599608007839;-0.75;-1.2481959683335453
High;0.1649567008659826;-0.3931818181818182;-0.4756634449052159
High;0.6930261394772105;-0.0033333333333333;-0.1253645741753863
High;0.0358792824143517;-0.6606965174129353;-0.6398426885490884
Low;0.3880322393552129;0.0776470588235294;-0.2799551810064282
Unknown;0.0699586008279834;-0.6728110599078341;-0.8186487441490502
Medium;0.4649107017859643;-0.2882205513784461;-0.2731215565108889
High;0.4247515049699006;-0.0444964871194379;-0.2277525180853484
Medium;0.5795484090318194;-0.1076923076923077;-0.200747027053236
Low;3.999920001599968e-05;0.618380062305296;1.003480989274847
High;0.5981480370392592;0.0800653594771241;-0.1034944260384352
Low;0.1543169136617267;0.2488262910798122;0.4659812486735755
High;0.0023999520009599;-0.5381944444444444;-1.4752395814037726
Low;0.7957440851182976;-0.0809523809523809;0.1009955379580735
Medium;0.0037599248015039;0.6691729323308271;1.0758833360432047
Unknown;0.1095978080438391;0.425;0.7546680966034615
Unknown;0.0144797104057918;-0.6464891041162227;-1.1193057733292926
Low;0.4180716385672287;0.1705685618729097;0.2391252040548082
Unknown;0.4580708385832283;-0.336734693877551;-0.1425662648561794
High;0.116877662446751;0.3469387755102041;0.671772102682524
Unknown;0.0141997160056798;-0.5444444444444444;-0.9305408822497326
High;0.1470370592588148;0.0721804511278195;0.3916930828663814
High;0.0005599888002239;-0.6617647058823529;-1.1938126121525372
Medium;0.996220075598488;-0.03003003003003;0.0059309213053491
Low;0.246315073698526;0.3984375;0.4084338587665451
Unknown;0.0022799544009119;0.571764705882353;0.8535207448787865
High;0.0993580128397432;-0.3301435406698564;-0.5304115031892548
High;0.0026399472010559;-0.915032679738562;-1.791558090577701
Low;0.1703965920681586;0.3104838709677419;0.5355457332993705
Unknown;0.0021199576008479;-0.4916512059369202;-0.968056098397346
Medium;0.0961980760384792;-0.26171875;-0.6928887972442704
Unknown;3.999920001599968e-05;0.7045454545454546;1.048940233073712
Unknown;0.0400791984160316;0.4430992736077482;0.6232519245183745
High;0.7191056178876423;-0.0581113801452784;-0.0957191884226911
Low;3.999920001599968e-05;-0.8074433656957929;-1.7362775719431118
High;0.4186316273674526;-0.0353535353535353;-0.2961487110567017
Unknown;0.7669846603067939;-0.0612244897959183;0.1467381807187389
Unknown;0.4239515209695806;-0.363855421686747;-0.2566732076112006
Unknown;0.8106637867242655;0.0065359477124183;0.119110338600678
Unknown;0.0148797024059518;0.5333333333333333;0.9610715161961662
High;7.999840003199936e-05;-0.3774680603948896;-1.296849526765695
Unknown;0.2767544649107017;-0.2411347517730496;-0.4799075073700328
Unknown;0.9773404531909362;-0.0313390313390313;0.0201423662274575
Unknown;0.0407591848163036;0.2913385826771653;0.5262954842217279
Unknown;0.2964740705185896;0.3443072702331962;0.368649192250284
Low;0.1347573048539029;0.5403348554033486;0.4933511826729084
Low;0.0003999920001599;0.7659574468085106;1.2904641976702476
Medium;0.0357192856142877;-0.1658536585365853;-0.6813550007951461
Unknown;0.9552608947821044;-0.0476190476190476;0.0641992430202768
Unknown;0.4627507449851002;0.2936507936507936;0.2177036242851728
High;0.0118797624047519;-0.8503401360544217;-1.4137639246513818
Unknown;0.2715945681086378;-0.5963718820861678;-0.4514908093640686
Medium;0.7731845363092739;-0.3333333333333333;-0.0621737026908274
Unknown;0.0469990600187996;0.6357142857142857;0.7066461743067654
Low;0.0033599328013439;-0.4222222222222222;-1.1123997888479855
High;0.8657026859462811;-0.1779448621553884;0.1458138133741695
High;0.0002799944001119;0.7192982456140351;1.4139310872581905
High;0.0003199936001279;-0.6604477611940298;-1.4843578047548516
High;0.7341453170936582;-0.0348583877995642;0.0962915445970869
High;0.0151996960060798;-0.5835351089588378;-1.0091378837307303
Medium;0.0877582448351032;-0.3771043771043771;-0.5151171610391008
Unknown;0.8504629907401852;-0.0070257611241217;-0.0320537819150893
Unknown;0.4607507849843003;-0.1108910891089108;-0.2350403592710681
High;0.1919161616767664;-0.3333333333333333;-0.5724153080905401
Low;0.0001199976000479;-0.8607142857142858;-2.101726351669817
Unknown;0.2251554968900622;-0.22;-0.5638628100309534
Unknown;0.883022339553209;-0.0806697108066971;-0.0469900707868911
Unknown;0.4103117937641247;0.1007462686567164;0.3379721106271082
High;0.4347513049739005;0.2371794871794871;0.3451882372331598
Low;3.999920001599968e-05;-0.7387640449438202;-2.142056518573735
High;0.0366792664146717;0.3942307692307692;0.5804161758867072
Low;0.5512689746205076;0.0318302387267904;0.1843586710938775
Unknown;0.2170756584868302;0.1965811965811965;0.4357826294425327
High;7.999840003199936e-05;0.5384615384615384;0.938137942098338
Medium;0.0574788504229915;0.3135313531353135;0.5676902080397708
High;0.8227835443291134;-0.3242105263157894;-0.0289076941260626
Unknown;0.9384212315753684;-0.2508710801393728;0.0024638345625697
Low;0.0027199456010879;0.6;0.6895329122450031
High;0.4828303433931321;0.0807692307692307;0.2709523335394939
Unknown;0.2072758544829103;0.2765072765072765;0.3624875073759852
Unknown;0.0265194696106077;-0.546875;-0.8327661997015897
Unknown;0.0675186496270074;0.3411764705882353;0.8218700025849495
Low;0.499030019399612;0.319047619047619;0.2183518621024705
High;0.3979920401591968;-0.3553459119496855;-0.2573750115164565
High;0.0004799904001919;-0.9111111111111112;-2.3121037195530887
Unknown;0.5889882202355953;-0.1968787515006002;-0.150785396238797
Unknown;0.4612707745845083;-0.107070707070707;-0.2313712881010817
High;0.0001199976000479;-0.7659574468085106;-1.3512013745591591
Unknown;0.1904361912761744;-0.3484848484848485;-0.6109245618070679
Low;0.0031999360012799;0.5895522388059702;0.9963942932222272
Medium;0.1362372752544949;-0.2619047619047619;-0.5122720648079971
Low;0.0069198616027679;-0.6857142857142857;-1.1909515168945752
Unknown;0.0594388112237755;0.3002114164904862;0.563038419797466
Unknown;0.0970780584388312;-0.4407713498622589;-0.5920396257428614
Unknown;0.0573988520229595;-0.1181229773462783;0.6484486508363334
High;0.0571188576228475;0.518796992481203;0.6993661434417918
Low;0.0489190216195676;0.4402985074626865;0.78659364439948
High;0.2110757784844303;0.3333333333333333;0.6027152941081131
Unknown;0.8560228795424092;0.0130718954248366;0.0040934084344232
High;0.9304613907721846;0.065;0.023980178353275
Unknown;0.0252794944101117;0.5620915032679739;0.9517068398720072
Control;0.3346733065338693;-0.2994152046783626;-0.2603742565707099
High;0.877742445151097;0.1908831908831909;0.0335082120045729
High;0.7194656106877863;0.0616770616770616;0.1187730716744654
Unknown;0.1815163696726065;0.25;0.5131744064579847
High;0.0381192376152476;0.2765072765072765;0.5356174122142345
High;0.3585128297434051;-0.1176470588235294;0.3547443639009887
Medium;0.0037999240015199;0.696969696969697;1.0469804817066837
Medium;0.3046739065218695;-0.2804597701149425;-0.1321941493325546
Control;0.0003199936001279;0.6923076923076923;1.303816278617984
Unknown;0.0070398592028159;0.6148148148148148;1.2341025651323454
Low;0.0036399272014559;-0.6759259259259259;-1.168560562668549
Low;0.0437191256174876;0.4372093023255814;0.6770828267534157
Unknown;0.6786264274714505;0.2384615384615384;0.1463047125128871
High;0.0051198976020479;-0.6;-1.0279109549130672
Unknown;0.7860642787144257;-0.0278219395866454;0.0771869924933687
Unknown;0.2144357112857743;-0.1474358974358974;-0.5516449941118842
Medium;0.9280214395712084;-0.0651162790697674;-0.0005447987627095
High;0.0230795384092318;-0.4216524216524216;-0.847078304063707
Low;0.0011199776004479;-0.7118055555555556;-1.2114608329047911
Unknown;0.1093578128437431;-0.6086956521739131;-0.7897193845195571
Low;0.2234755304893902;-0.3618233618233618;-0.44498719033677
High;0.6690666186676266;0.0216049382716049;0.1698177280465622
Unknown;0.5972680546389072;-0.1700680272108843;-0.2337661690767652
High;0.3255134897302054;0.1853658536585365;0.3330847884655705
Unknown;0.625947481050379;-0.4019607843137255;-0.1257383267793893
Unknown;0.0048799024019519;-0.4201058201058201;-0.7996710766116387
Medium;0.0996380072398552;-0.3611111111111111;-0.6396047937179828
High;0.8700225995480091;-0.0997067448680351;-0.047789625350863
High;0.0208395832083358;0.2563868613138686;0.5921731530177522
High;0.0660786784264314;-0.5919117647058824;-0.8083039802093137
High;0.0154396912061758;0.6625514403292181;0.9009643212591212
Medium;0.1543569128617427;-0.3241758241758242;-0.4298199141167043
Low;0.0213195736085278;0.4528985507246377;0.8659064212163716
Medium;0.0329993400131997;0.4720867208672086;0.6127569450150325
Control;0.0074798504029919;0.612590799031477;0.7765667382869321
Medium;0.1415171696566068;0.3439153439153439;0.5844012435707868
High;0.1436371272574548;-0.4456521739130434;-0.5694128926396856
Unknown;0.0029199416011679;0.4454828660436137;0.6747409552889044
High;0.2249555008899822;-0.5080645161290323;-0.3554235537625568
Unknown;0.0027199456010879;0.75;1.244896173085897
Medium;0.9516209675806484;-0.063625450180072;0.0033480153705582
Unknown;0.0005999880002399;-0.6503496503496503;-1.2812992356993218
High;0.2906341873162537;-0.2487562189054726;-0.2821631776507474
High;0.5708285834283314;0.0753968253968253;0.2244210653056653
High;0.0003599928001439;-0.7057471264367816;-1.551058123338557
Low;0.3832323353532929;-0.007716049382716;0.2755477665742051
High;0.1036379272414551;0.3623188405797101;0.7143097184204363
High;0.0127197456050878;-0.5880281690140845;-0.9877683300775848
Unknown;3.999920001599968e-05;0.979591836734694;1.830372422133933
Unknown;0.4879502409951801;-0.0641025641025641;-0.2836785441538821
Medium;0.4254314913701726;0.1388888888888889;0.2012285510424022
Medium;0.0379592408151837;0.4162729658792651;0.5331748864152931
Unknown;0.5456690866182676;-0.1644444444444444;-0.1958175136243223
High;0.0001199976000479;-0.75;-1.2180854328292623
Unknown;0.0084398312033759;-0.5145278450363197;-0.8502606571337439
High;0.3025939481210375;-0.20997920997921;-0.3222978468082538
Medium;0.3505529889402212;-0.3450704225352112;-0.3502518938781887
Low;0.0035199296014079;0.6145833333333334;1.0119228139580392
Unknown;0.4151516969660607;0.2039215686274509;0.2615327757685211
High;0.0986780264394712;-0.3925925925925926;-0.5807261026894296
High;0.7878642427151457;-0.12109375;-0.0434791611775223
Unknown;0.4852302953940921;0.1418439716312056;0.3198614431770966
Unknown;0.1383172336553269;0.0641025641025641;-0.4567033756379581
High;0.2301953960920781;-0.6209150326797386;-0.3196977529938076
Medium;0.0175196496070078;-0.4486215538847117;-1.2810678716590744
High;0.0599188016239675;0.3364197530864197;0.6500872907674946
High;0.121117577648447;-0.3844884488448845;-0.4886777929739996
Medium;0.0398392032159356;0.4609375;0.7829702966220148
Medium;0.6662666746665067;-0.0372093023255813;0.1517809640656993
High;0.0008799824003519;-0.6658823529411765;-1.3375928874397054
Low;0.3158736825263494;0.1591591591591591;0.3548049380040478
High;0.1033579328413431;-0.1128871128871128;-0.681164723805619
Low;0.8200635987280255;-0.0226537216828478;0.083478068843992
Unknown;0.4267514649707006;0.1666666666666666;0.3207434089821464
High;0.8226235475290494;-0.0755555555555555;-0.0656554164370586
Unknown;0.117277654446911;-0.2;-0.7385336176649485
Unknown;0.240555188896222;0.2961876832844575;0.3706238713171882
Unknown;0.1959160816783664;0.4146341463414634;0.4142602731816523
Medium;0.0318393632127357;0.4061895551257253;0.6687571096112112
High;7.999840003199936e-05;-0.4588377723970944;-1.4144453471106209
Medium;0.7931041379172417;-0.125;-0.1369794670257487
Unknown;0.0001199976000479;-0.77734375;-1.5506594961757605
Unknown;0.3562728745425091;-0.1759197324414715;-0.2716345684918392
Unknown;0.6793064138717225;0.0286225402504472;0.1354337864269834
Medium;0.1107977840443191;0.1548717948717948;0.408871584392503
Medium;0.2937541249175016;-0.2867647058823529;-0.3990410774421022
Unknown;0.7945441091178177;0.0246305418719211;0.1002815340034474
Medium;0.866102677946441;-0.0266343825665859;-0.0590407623286937
Unknown;0.3947921041579168;0.1816091954022988;0.289175367804484
Low;0.0116397672046559;-0.6;-1.108310243723167
High;0.0003999920001599;0.573549257759784;0.899038903917657
Medium;0.0053198936021279;0.5114784205693297;0.7627961603819426
Medium;0.376112477750445;-0.1050228310502283;-0.3140402451485199
Unknown;0.4061118777624447;0.105177993527508;0.2574858810946878
High;0.3368332633347333;-0.1085043988269794;-0.3083300680188948
Unknown;0.8268634627307454;0.0434782608695652;0.1344959125138808
High;0.0013199736005279;-0.534448160535117;-0.9600909349102
High;0.0005999880002399;-0.7908496732026143;-1.9551056207635893
Medium;0.0685986280274394;-0.3646922183507549;-0.5575070376478324
High;0.4298314033719325;0.1250836120401337;0.2294725554750251
Unknown;0.1323308270676691;-0.6296296296296297;-1.0440286705249044
High;0.750984980300394;-0.1343873517786561;-0.0927986495874106
High;0.4413111737765244;0.1576923076923077;0.240991139713334
Unknown;3.999920001599968e-05;0.7886658795749705;1.079283486916503
Medium;0.0015999680006399;-0.6115384615384616;-1.154111062400617
Low;0.4507909841803164;-0.1987179487179487;-0.3337073451486559
Unknown;0.7889042219155616;0.0246913580246913;0.0951022636891957
Unknown;0.1456770864582708;-0.1416861826697892;-0.4347565283863199
High;0.0022399552008959;-0.5354239256678281;-0.9041768633467256
High;3.999920001599968e-05;0.7440476190476191;1.3585289080147342
High;0.2101157976840463;-0.4743589743589743;-0.3563773948002269
Low;0.4625107497850043;-0.1022727272727272;0.3253597342616119
Unknown;0.7123457530849383;0.00390625;0.171347149313342
Medium;0.0002399952000959;0.6753246753246753;0.8184935502636708
High;0.0213995720085598;0.271264367816092;0.7291518487940928
High;0.3465130697386052;-0.36328125;-0.362982581509059
Medium;0.5494290114197716;0.2366071428571428;0.233361621963536
Unknown;0.2054758904821903;0.360655737704918;0.6553454164974113
Medium;0.0004399912001759;0.5398159263705482;0.5218772341986804
Unknown;3.999920001599968e-05;0.6862745098039216;1.3991185952514071
Low;3.999920001599968e-05;-0.8035714285714286;-1.6449021776433217
Low;3.999920001599968e-05;-0.7717391304347826;-2.281854009234184
High;0.0657586848263034;0.2715318869165023;0.5387557591510721
High;0.5127497450050998;-0.0068587105624142;-0.2345484644631867
High;0.0103997920041599;-0.4545454545454545;-0.8135277238883857
Medium;0.0387192256154876;0.309452736318408;0.273380461600208
Unknown;0.3138737225255495;-0.5686274509803921;-0.4431263550331265
High;0.6955460890782185;0.0726817042606516;0.221199463948857
High;0.9419811603767924;0.0625;0.0319056484701077
High;0.7845043099138017;0.0904255319148936;0.1074058830246507
High;0.988860222795544;0.1511627906976744;-0.0027706247453314
High;0.2379152416951661;0.2292545710267229;-0.4201635216055177
Medium;0.0082798344033119;-0.5441176470588235;-0.8864252711573166
Unknown;0.2059958800823983;0.2807881773399014;0.4957106739732118
Unknown;0.1847963040739185;-0.357037037037037;-0.4799486895841601
Medium;0.1053978920421591;0.2572463768115942;0.5538022304236832
Low;0.0011999760004799;-0.6036036036036037;-1.1541840410607471
Unknown;0.0504389912201755;0.3353535353535353;0.5055763062226447
Unknown;0.6415071698566028;-0.0814814814814814;0.2372331101330569
Medium;0.0167996640067198;-0.1367521367521367;-0.806467811853694
Unknown;0.7773844523109538;0.0275689223057644;0.1179862962823082
Unknown;0.6384672306553869;0.1867057673509286;0.1725156368522717
Unknown;0.0295994080118397;0.2794642857142857;0.4582282342509135
Unknown;0.6511869762604748;0.0771604938271604;0.1651483580872028
Unknown;0.0309193816123677;-0.5614754098360656;-0.8809579486868317
High;0.0154796904061918;-0.4583333333333333;-0.8937592239822797
Low;0.1032779344413111;0.3993055555555556;0.6066359241222226
Low;0.8565028699426012;-0.0630841121495327;-0.0349550928831667
Unknown;0.8429031419371612;-0.0316205533596837;0.096099268692745
Unknown;0.0973180536389272;-0.6053067993366501;-0.6574897203604181
Unknown;0.0767184656306873;0.4557823129251701;0.7298440747962147
Medium;0.8263834723305534;-0.0488400488400488;0.0703430896600928
Unknown;0.0015999680006399;0.5909090909090909;0.9193456335784465
Low;0.2207555848883022;0.2302325581395349;0.3707847113751579
Unknown;0.9213015739685206;-0.0794392523364486;0.0602400040483451
Unknown;0.4202315953680926;0.1007025761124121;0.3287074772229514
Unknown;0.883462330753385;-0.0425531914893617;0.123640948144101
Medium;0.9439411211775764;0.0357142857142857;-0.0373873045924786
High;0.0092798144037119;0.4191229331416247;0.7041073388109435
Medium;0.4165116697666046;0.1641791044776119;0.2909223790725266
Medium;0.2752344953100938;0.2613636363636363;0.3979542873539906
High;0.0029999400011999;0.6458333333333334;1.0652342044645504
High;0.0148397032059358;-0.5631349782293179;-0.8440272824666861
Control;0.3543129137417252;0.2199546485260771;0.3760867727287306
High;0.2191156176876462;0.1381180223285486;0.2929129228481099
Unknown;0.7700645987080258;-0.0864197530864197;0.1952469079969035
Unknown;0.0094398112037759;0.5471014492753623;0.9648931734916172
Unknown;0.0010399792004159;0.6857142857142857;1.05302022373558
High;0.5752684946301074;0.1369047619047619;-0.1544161775186514
Unknown;0.8553828923421531;-0.0098522167487684;0.085463215080415
Unknown;0.0159596808063838;0.3846153846153846;0.617005540956729
Unknown;0.0829183416331673;-0.5609756097560976;-0.6309759673770159
Medium;0.1337973240535189;-0.5483870967741935;-0.6583406223071411
High;0.115477690446191;-0.5068493150684932;-0.6421417724514068
Medium;0.6026279474410512;-0.2333333333333333;-0.1562576328340717
Unknown;0.1997560048799024;-0.3726708074534161;-0.5560298796203963
Medium;0.1380372392552148;0.2;0.4584716279430208
Unknown;0.2253554928901422;0.3;0.3298163976842218
High;0.3965520689586208;-0.2222222222222222;-0.3214927985980301
High;0.0003999920001599;-0.7344877344877345;-1.5193684574839947
Low;0.3590728185436291;0.1068931068931069;0.2953207755361691
High;0.8668226635467291;-0.0647773279352226;-0.0348846515374893
Medium;0.0001031991744066;0.9761904761904762;1.4062076991290984
High;0.0289594208115837;0.5328798185941043;0.6271456858359531
Unknown;0.5645887082258355;0.1083333333333333;-0.1727574056583392
High;0.5884682306353873;-0.1566820276497695;-0.1961743559898086
Unknown;0.1856762864742705;0.2312925170068027;0.5487033738523707
High;0.1328773424531509;-0.4115384615384615;-0.5729115470394783
High;0.0021599568008639;0.7065217391304348;0.9190192626089402
Unknown;0.1004379912401752;-0.4926108374384236;-0.7221629547495765
Unknown;0.742265154696906;-0.069069069069069;-0.1051419219477643
Unknown;0.9726605467890642;-0.0398860398860398;0.0212747193619761
Unknown;0.1104777904441911;-0.5714285714285714;-0.6596243435877123
Medium;0.0041199176016479;-0.552297165200391;-0.9649018605661154
High;0.5678286434271315;-0.3125;-0.1763390962062505
High;0.0740785184296314;-0.4566744730679157;-0.7484596758257822
Unknown;0.3663126737465251;-0.4;-0.2958823999779185
High;0.4463110737785244;-0.0462962962962962;-0.2839798369304092
High;0.0923581528369432;0.2722772277227723;0.5080803462842992
Medium;0.2145957080858382;-0.2731707317073171;-0.4459175494370929
Unknown;0.0527989440211195;0.4159544159544159;0.5539643457615895
Unknown;0.0688386232275354;0.4009661835748792;0.620826333424715
High;0.0126397472050558;-0.6068181818181818;-0.8838724127073246
Unknown;0.7905841883162337;-0.2244897959183673;-0.0761848715732472
High;0.125477490450191;0.241860465116279;0.4653482020152787
High;0.1348773024539509;0.2878787878787879;0.4587495065669738
High;0.2073558528829423;0.1691691691691691;0.3905791317879819
High;0.0014799704005919;-0.5602450646698435;-0.9895310474988912
High;0.3786324273514529;0.2222222222222222;0.3116710351329869
Unknown;0.0802383952320953;-0.3922518159806295;-0.5208639248274348
Unknown;0.0633187336253275;-0.3863636363636363;-0.7664008000438931
Low;0.6606667866642667;0.0585858585858585;0.1237214570951768
Unknown;0.0011999760004799;-0.6438356164383562;-1.013967262159045
Unknown;0.0101197976040479;0.6977777777777778;1.0617062524090517
Unknown;0.0365992680146397;0.6238095238095238;0.8814692777665515
High;0.1281974360512789;0.2648059904697072;0.4302429692060943
Low;0.3066738665226695;0.1792592592592592;0.3682280732606348
Low;0.614507709845803;0.1176470588235294;0.1727732567428236
Low;0.2693946121077578;-0.3333333333333333;-0.3791343513313082
High;0.3449531009379812;-0.4842767295597484;-0.4083058018447296
High;0.3203535929281414;0.2833723653395784;0.406203544529541
Unknown;0.0009599808003839;-0.5904306220095694;-1.3474518634031636
Unknown;0.3592728145437091;-0.2645502645502645;-0.364563453848963
Low;0.0708385832283354;-0.5896103896103896;-0.7464343870872213
Unknown;0.1358372832543349;-0.4066666666666667;-0.681692478325581
High;0.1854362912741745;0.3506944444444444;0.4652255151111095
High;0.0027599448011039;0.4631410256410256;0.8322475318361628
Unknown;0.6804263914721705;0.096938775510204;0.1688160020690599
Medium;0.0005199896002079;-0.6396396396396397;-1.3951589776616482
Unknown;0.754704905901882;0.1896103896103896;0.164885837029703
Unknown;0.3311133777324453;-0.2316715542521994;-0.3116575087213787
High;0.0829183416331673;-0.3990147783251231;-0.6852683139289739
High;0.8854622907541849;0.0415248468345813;-0.006324850311293
Unknown;0.0008799824003519;0.6953125;1.317454297749317
Unknown;0.1439971200575988;-0.4320987654320987;-0.650043033858285
Unknown;0.4674306513869722;-0.2880562060889929;-0.2805771155116305
High;0.495710085798284;0.0653753026634382;0.1930874223019694
High;0.0055198896022079;-0.5515151515151515;-0.8499772780685916
Medium;0.2513149737005259;-0.0622073578595317;0.3314854888928591
Medium;0.0001199976000479;0.6340852130325815;1.103326082767802
High;7.999840003199936e-05;0.6543456543456544;1.0838271203509764
High;0.0142797144057118;-0.2450592885375494;-0.947708022347292
Unknown;0.3874722505549889;-0.1379310344827586;-0.2890729387702132
Medium;0.9296614067718646;0.0976190476190476;0.0190394457305063
High;0.9067018659626808;-0.0255102040816326;-0.0677818340837752
High;0.0002399952000959;0.6790697674418604;1.2813223620880554
Unknown;0.3815523689526209;0.1987179487179487;0.3733680147099649
Unknown;0.2213955720885582;0.3205128205128205;0.5314365945151309
High;0.0021999560008799;0.5246913580246914;1.1065178812124403
Low;0.0056798864022719;-0.511520737327189;-1.2792409741862898
Unknown;0.1683566328673426;-0.4025974025974026;-0.5741913378093171
Unknown;0.0645987080258394;-0.3958333333333333;-0.8508933783095455
High;0.3580728385432291;0.3009259259259259;0.2856631822829943
Low;0.9599408011839764;-0.0390243902439024;0.0281147113254937
Medium;0.0047999040019199;0.496031746031746;0.8435080033691124
High;0.2905141897162057;0.0955555555555555;-0.347805188173044
High;3.999920001599968e-05;0.9423076923076924;2.1537410580912835
High;0.0001999960000799;-0.7425287356321839;-1.4116129783744595
High;0.1423971520569588;0.3103448275862069;0.5766807369798442
Low;0.4444311113777724;-0.3070175438596491;-0.2552642692494372
Unknown;0.3921921561568768;-0.3506944444444444;-0.317539797077686
Medium;0.2913541729165416;0.270440251572327;0.4624949121544645
Medium;0.9349813003739924;-0.2698412698412698;0.0898080874335128
High;0.0005599888002239;-0.8012820512820513;-1.135185373482785
Unknown;0.5367892642147157;-0.2493946731234866;-0.2366216231634483
Medium;0.0069998600027999;0.4545454545454545;0.8469508169581301
High;0.2263954720905582;0.0825242718446602;0.3659849513859388
High;0.0591188176236475;0.3544212796549245;0.5662842487158578
Unknown;0.1654766904661906;0.0775547445255474;0.3311701274137793
Unknown;0.6913461730765385;-0.0404411764705882;-0.1225453018617014
Unknown;0.0153996920061598;-0.5163934426229508;-0.9015278000346296
Unknown;0.0006399872002559;-0.5392857142857143;-1.476702245605803
Unknown;0.0617187656246875;0.4871794871794871;0.5955301576531049
Low;0.0914781704365912;0.5555555555555556;0.661081042404149
Unknown;0.9574208515829684;-0.0652173913043478;-0.0054240115286511
Medium;0.990260194796104;-0.2699055330634278;0.0503679834453041
Unknown;3.999920001599968e-05;0.7635327635327636;1.1662462263002875
Unknown;0.0032399352012959;-0.5959741193386053;-0.9728722418024152
High;7.999840003199936e-05;0.6617161716171617;1.1337661153867045
Medium;0.0449591008179836;-0.5880281690140845;-0.9169109491923904
High;0.0514789704205915;-0.2396694214876033;-0.5806280153557581
High;0.1873162536749265;0.2832080200501253;0.4859794921281991
High;0.248315033699326;0.2496392496392496;0.4071883850304601
High;0.2727945441091178;0.2727272727272727;0.4313978314752245
Unknown;0.1541969160616787;-0.3741496598639456;-0.5986778013228417
High;0.2795544089118217;-0.0652173913043478;-0.5044129214932891
High;0.0004399912001759;0.5185185185185185;0.6824008277218404
Low;0.0027199456010879;0.4489795918367347;0.6503685443763038
Unknown;0.0993180136397272;-0.2407407407407407;-0.804794729053242
Medium;0.0195596088078238;0.564327485380117;0.6322130203578951
High;0.0093598128037439;0.5338345864661654;1.0592673175723966
Unknown;0.9600207995840084;-0.0234375;0.0317761812174078
High;0.8621427571448571;-0.0258823529411764;0.0655751365665513
Low;0.0001199976000479;-0.7887640449438202;-1.5846347697602337
High;7.999840003199936e-05;-0.7838196286472149;-1.4068738675418508
Medium;0.5259894802103958;-0.2558139534883721;-0.1653372918888405
High;0.0715585688286234;-0.440809968847352;-0.5440860929851131
Unknown;0.2247155056898862;0.2302325581395349;0.4046740353951754
Unknown;0.9814603707925842;-0.1031746031746031;0.0113400032518527
High;0.1590368192636147;0.1862745098039215;0.3510194036974574
Unknown;0.1365172696546069;-0.2464646464646464;-0.4850666757153433
High;0.0002399952000959;-0.6480938416422287;-1.1416038254892555
Medium;0.1041179176416471;-0.3103448275862069;-0.6724669352038385
High;0.8519029619407612;0.1484375;0.1014154175074776
Unknown;0.120077598448031;-0.4599459945994599;-0.5347829597743083
Low;0.0005599888002239;0.5426573426573427;0.8958000183217911
Low;0.0034799304013919;0.4598765432098765;0.8794753883214176
Medium;0.0205595888082238;-0.4779874213836478;-0.7892326162653315
Unknown;0.9602207955840883;0.1384615384615384;0.0735106011492777
Unknown;0.0098798024039519;-0.5045045045045045;-0.923884967649667
Medium;0.0130397392052158;0.3896713615023474;0.8401763746235247
High;0.0009199816003679;0.4208651399491094;0.8409098869761732
High;0.1757964840703186;-0.4207119741100323;-0.4139989007533801
Medium;0.0268794624107517;-0.4436090225563909;-1.009541393101522
Unknown;0.1647167056658866;-0.3566176470588235;-0.5605638496455188
High;0.1527569448611027;-0.3602693602693603;-0.4539148504724367
High;0.5819083618327634;-0.2131336405529953;-0.1407642239478998
High;0.0912781744365112;0.3462282398452611;0.3250855682522746
Unknown;0.2640347193056139;-0.3021978021978022;-0.4606785164406215
Unknown;0.0098398032039359;-0.4117647058823529;-1.2313200421702133
Unknown;0.0143997120057598;-0.4931129476584022;-0.705988329146309
Unknown;0.4578708425831483;0.0258373205741626;0.2483360951804629
High;0.2232355352892942;0.5644444444444444;0.5565541763181627
Unknown;0.7155456890862183;-0.1407407407407407;-0.1470942899750223
Unknown;3.999920001599968e-05;0.803921568627451;1.1916235550736851
Unknown;0.8621427571448571;-0.0961538461538461;-0.050477907118002
Unknown;0.8137437251254975;-0.0471014492753623;-0.0812179872588176
Medium;0.0031999360012799;0.61;0.8999509576174248
High;0.0131997360052798;0.6049382716049383;0.90549854149574
High;0.0001599968000639;0.6841138659320477;0.96825930852495
Unknown;0.4519509609807803;0.1481481481481481;0.3065287220877726
Unknown;0.5168296634067319;-0.1805555555555555;-0.2720542872517775
High;0.6644667106657867;0.07421875;0.2205008529099258
Unknown;0.0023599528009439;-0.6547619047619048;-1.2488964078795146
High;0.0577988440231195;0.1656565656565656;0.4472703423519279
Medium;0.0028399432011359;-0.6268292682926829;-1.1551383076267594
Unknown;0.4678706425871483;0.1938775510204081;0.3070366153218182
Unknown;0.4846303073938521;-0.2342857142857143;-0.2699193141600978
Medium;0.0280794384112317;-0.3391984359726295;-0.7476010500569232
Unknown;0.116997660046799;-0.5066666666666667;-0.7143411449987117
High;0.4708705825883482;-0.0422535211267605;-0.2695325696316706
High;0.1402371952560948;-0.2195985832349468;-0.4409715809909709
Unknown;0.246515069698606;-0.2365339578454332;-0.3264320690957654
Unknown;0.3312733745325093;0.2181069958847736;0.3035869532616553
Unknown;7.999840003199936e-05;-0.6720987654320988;-1.2318566336174028
Unknown;0.0014399712005759;0.5702479338842975;0.9045123337238272
Medium;0.626747465050699;-0.1125356125356125;-0.1406535986421704
Low;0.0728385432291354;0.4404761904761904;0.6970506094567228
Unknown;0.0754784904301913;-0.132716049382716;-0.6955337648209551
Unknown;0.5230695386092278;0.2;0.3155119873252113
Medium;0.3505929881402372;-0.2609970674486803;-0.2654771837846831
Unknown;0.5795484090318194;-0.1437908496732026;-0.2397957068400911
High;0.0989980200395992;-0.2549019607843137;-0.704301684846099
Low;0.4810303793924121;0.1816091954022988;0.2495554751700152
Unknown;0.8674226515469691;0.1171875;-0.0296467870286778
Unknown;0.0291594168116637;-0.6;-1.1702350605286735
Low;0.0868382632347353;-0.3234811165845648;-0.7714148841569383
High;0.0574788504229915;0.3714285714285714;0.6829694453867197
Unknown;0.4747162022703818;0.3333333333333333;0.413403080944114
High;0.8127437451250975;0.003003003003003;0.1117649285010792
Unknown;0.0009999800003999;-0.6231343283582089;-1.7296762847506342
Unknown;0.5886282274354513;-0.1376623376623376;-0.1889887747447368
High;0.4516309673806524;0.1171875;0.2893493149272186
High;0.874742505149897;-0.2103174603174603;0.0926261608332924
High;0.0053998920021599;0.6601307189542484;1.0768771850485286
Low;0.1400771984560308;-0.1836734693877551;-0.6880295251945203
High;0.374592508149837;0.0840336134453781;0.2450600674301125
Low;0.3396332073358533;-0.3919753086419753;-0.3325005047129004
Medium;0.7259054818903622;0.0115532734274711;0.1209752000293073
Unknown;0.1003979920401592;0.4347826086956521;0.7274396859448697
High;0.4693106137877242;0.1017543859649122;0.2318133891674835
High;0.3040339193216135;-0.4852941176470588;-0.2919274214129686
Unknown;0.4523509529809403;0.2;0.3651133733604174
Unknown;0.1405971880562389;-0.4133986928104575;-0.4696367893316994
High;0.3093138137237255;-0.2419093851132686;-0.3125820737931299
Unknown;7.999840003199936e-05;0.7355072463768116;1.5496908837702936
High;0.1775964480710385;-0.4230769230769231;-0.5290893161446953
Medium;0.4625507489850203;0.2160493827160493;0.2884152359381431
High;0.0022399552008959;0.4204545454545454;0.7551715643990156
High;0.0294794104117917;-0.4565217391304347;-0.9368724430712404
High;0.0009999800003999;-0.5955555555555555;-1.096901469197162
Medium;0.0744785104297914;0.4423076923076923;0.65246556319901
High;0.1329573408531829;-0.1883802816901408;-0.3950432225055542
Unknown;0.5558288834223315;0.1538461538461538;0.3258216424610043
Low;0.7259854802903942;0.2;0.2027648545492065
Low;0.0350392992140157;-0.6023529411764705;-0.7358447159644895
Unknown;0.5277094458110838;-0.1527777777777778;-0.245181652013783
High;0.0401591968160636;-0.3825757575757575;-0.7899473351257106
Medium;0.9743805123897522;-0.0763888888888889;0.0683240046441265
Unknown;0.6393072138557229;0.1320754716981132;0.2076735524555577
High;0.2545949081018379;-0.1843711843711843;-0.3292004898106806
Unknown;0.878062438751225;-0.0256410256410256;-0.0269564467959348
Low;7.999840003199936e-05;0.6478468899521531;1.0392575350487807
High;0.7997040059198816;0.0735294117647058;-0.0885861237603725
Unknown;0.0132397352052958;-0.5357142857142857;-0.974535495131738
Unknown;0.378232435351293;0.2746913580246913;0.3227330838368054
Unknown;0.0004799904001919;0.5865168539325842;0.8633529170158797
High;0.0011599768004639;-0.6919540229885057;-1.2242067646669064
Unknown;0.1537969240615187;0.2916666666666667;0.5313889988581615
Unknown;3.999920001599968e-05;0.6811428571428572;2.672684267564428
High;0.0195996080078398;-0.5238095238095238;-0.8459004742938376
Medium;0.0565988680226395;0.4505928853754941;0.6460929772372594
High;0.2817143657126857;-0.2142857142857142;-0.4090930552356175
Unknown;0.2892342153156937;-0.3071428571428571;-0.3933429358806458
Unknown;0.0384792304153916;0.1993720565149136;0.6179401345801053
High;0.1940361192776144;-0.4099099099099099;-0.4837524851315194
Unknown;3.999920001599968e-05;1.0;2.7502459832428667
Low;0.5765484690306194;-0.0615384615384615;-0.2099660291666918
Low;0.0741985160296794;0.3888888888888889;0.6707840095852641
Low;3.999920001599968e-05;0.9989583333333332;2.6897559662792285
Unknown;0.239035219295614;-0.1598639455782313;-0.3340776463967087
Unknown;0.9637407251854962;-0.0466666666666666;-0.0100002280477178
Unknown;0.0012399752004959;-0.7313131313131314;-1.156735619075944
Unknown;0.0003599928001439;0.7424242424242424;1.0479684126142168
Medium;0.0075198496030079;-0.5414141414141415;-0.875205843928737
High;0.6412271754564909;-0.189695550351288;-0.1769893132757575
Unknown;0.0153596928061438;0.4347826086956521;0.7163265479794915
Unknown;0.0308393832123357;-0.5795795795795796;-0.8286309312020771
High;0.1463170736585268;-0.3188405797101449;-0.5340944878804071
Unknown;0.0521989560208795;-0.4536340852130325;-0.7852030964631455
Medium;0.0429991400171996;0.4195121951219512;0.4816388915558021
Unknown;0.7371852562948741;-0.0566037735849056;0.1558210601801702
Low;0.623587528249435;0.119047619047619;0.1988868422731963
Low;0.0013599728005439;0.7142857142857143;1.2693967949449063
Medium;0.0893182136357272;0.3768115942028985;0.6135487691912063
Low;0.7215455690886182;0.058027079303675;0.1144625972650599
High;0.4653906921861562;-0.08;-0.2533395693673863
Unknown;0.6545069098618027;-0.1088911088911089;-0.1370666910295459
Unknown;0.0688786224275514;0.3863636363636363;0.6581983895958982
Medium;0.0065998680026399;-0.3473684210526316;-1.3402104766129046
Unknown;0.0133997320053598;-0.3965183752417795;-0.8263478833353369
High;0.0715585688286234;-0.3981481481481481;-0.6536336377075455
High;3.999920001599968e-05;-0.8651685393258427;-1.9986526182561923
High;0.0217595648087038;-0.4085684430512016;-0.7878347413052585
Unknown;0.1381972360552789;-0.2822966507177033;-0.4813488771240733
Medium;0.0477990440191196;0.2300785634118967;0.5986097227954085
High;0.0032399352012959;-0.44;-0.9716199331936228
Unknown;0.0001199976000479;0.6683501683501684;1.045807552771442
Medium;0.9186616267674648;0.0108024691358024;0.0423060984165141
High;0.496310073798524;-0.4234234234234234;-0.1862358947218214
Low;0.0385192296154076;0.4970760233918128;0.7885097781145978
High;0.1657966840663186;0.2450980392156862;0.4227297485421387
Unknown;0.0017199656006879;0.4946949602122016;0.879838545923592
High;0.4246715065698686;0.3880597014925373;-0.2546525210594774
High;0.6846663066738665;0.1181818181818181;0.1350985817670903
Medium;0.0289594208115837;-0.419047619047619;-0.6166439624289377
High;3.999920001599968e-05;-0.8874458874458875;-1.9606370570708265
Unknown;0.4668706625867482;0.0989345509893455;0.2628300961895828
High;0.238035239295214;0.240981240981241;0.4147690269754528
Low;0.0029199416011679;0.4640522875816993;0.8605408536875584
Unknown;0.8154236915261694;-0.1046153846153846;0.0864203356909404
Medium;0.6084678306433872;-0.1194968553459119;-0.2046954204900172
Medium;0.0006399872002559;0.5115995115995116;0.6983238827169302
Unknown;0.5083498330033399;-0.0101010101010101;-0.2186743632594734
Unknown;0.1265974680506389;-0.3217568947906026;-0.5167641710892201
Unknown;0.1838363232735345;0.2119815668202765;0.5069010305005672
Unknown;0.4557508849823004;-0.1481481481481481;-0.322043800093276
Unknown;0.0053198936021279;-0.4392857142857143;-0.7693180580047738
High;0.990620187596248;0.0433333333333333;-0.0057436064196392
Unknown;0.1548769024619507;0.3673469387755102;0.6181139333159273
Unknown;0.4042719145617087;-0.2285714285714285;-0.3061402340360246
Unknown;0.9727405451890964;-0.0311111111111111;0.0247527623860674
Low;0.0002399952000959;0.6146458583433373;0.7924423048190561
High;0.1108777824443511;-0.4216417910447761;-0.6256568943842735
Unknown;0.7241455170896582;0.0015873015873015;-0.0858650616398883
High;0.0241995160096798;-0.38;-1.1753128353555966
High;0.5285494290114198;-0.4717494894486045;-0.1723835100466621
Unknown;0.0319993600127997;0.61;1.003683162779328
Unknown;0.4753904921901562;-0.208955223880597;-0.1367269116933202
Low;0.0452790944181116;0.3972602739726027;0.5167222818704155
Unknown;3.999920001599968e-05;0.940620782726046;2.45432444010398
High;0.1597168056638867;0.2008168822328114;0.3979796756900896
Unknown;7.999840003199936e-05;-0.7659259259259259;-1.4157478802102892
Medium;0.5279094418111637;0.3921028466483012;0.2418966359127862
Low;0.0259594808103837;0.4256854256854256;0.7559279063808102
Unknown;0.0463990720185596;-0.4285714285714285;-0.841090999316678
High;0.1101577968440631;0.3422222222222222;0.6177176134722502
High;0.5677086458270835;0.0665859564164648;0.1694305063816272
Unknown;0.0059598808023839;0.5905797101449275;0.9817625658307448
High;0.9343813123737524;0.0;-0.0029879351973781
High;0.0917181656366872;0.2839506172839506;0.5998440173423025
Unknown;0.0478390432191356;0.5639097744360902;0.7620672462227343
Unknown;0.4071518569628607;0.0592592592592592;0.3986499397358349
Medium;0.4109117817643647;-0.3036971830985915;0.2228629903112507
High;0.1524369512609747;0.2967651195499297;0.5080653415976872
Unknown;0.2703945921081578;0.1573747353563867;0.3154533896153613
High;0.3204335913281734;-0.3450363196125908;-0.2804309216659236
Unknown;0.870902581948361;-0.1481481481481481;-0.0351499678352912
Unknown;0.2210355792884142;-0.3089700996677741;-0.4902989967651395
Unknown;0.1553568928621427;0.264069264069264;0.4931181325174128
Medium;0.0001199976000479;-0.6651399491094148;-1.2275737975219116
Unknown;0.0411991760164796;-0.4038461538461538;-0.6661924932824299
Medium;0.1421971560568788;-0.1774891774891775;-0.5320793363308857
Medium;0.0007199856002879;0.598705501618123;0.8294767686304787
Unknown;0.0117597648047039;0.4591194968553459;0.7422484409961551
Unknown;0.0045199096018079;-0.6359550561797753;-1.0788366593811922
Medium;0.8525429491410171;0.0670339761248852;0.0598320744776077
Unknown;0.8163436731265374;0.2269230769230769;0.1246264465463345
High;0.0524389512209755;-0.1045454545454545;-0.7798631079168742
Low;3.999920001599968e-05;-0.6662087912087912;-1.3084642008092275
Unknown;0.4118717625647487;-0.1992753623188405;-0.2945720741453836
High;0.0401191976160476;0.3012048192771084;0.6352877676772428
Unknown;0.1011579768404632;-0.4301470588235294;-0.6427714626562141
Medium;3.999920001599968e-05;-0.6410256410256411;-1.1797887692158973
Medium;0.0029599408011839;-0.934640522875817;-1.76105237767209
Unknown;0.0551988960220795;0.4444444444444444;0.6299423411810975
Unknown;0.3331133377332453;-0.2638888888888889;-0.421441109494389
Medium;0.1307573848523029;0.2733333333333333;0.4905303042536502
High;0.1787164256714865;-0.2860998650472334;-0.3970265682815361
Unknown;0.9401811963760724;-0.0424242424242424;0.0384389396631355
Medium;0.2737145257094858;-0.2811059907834101;-0.4405349981429711
High;0.0047199056018879;0.4459948320413436;0.7575549580509353
Medium;0.0361592768144637;-0.3194444444444444;-0.8019387196205717
Low;0.7609847803043939;0.1405128205128205;0.0776984703575607
Unknown;0.1682366352672946;0.3475177304964539;0.5714877639260078
High;0.1720765584688306;0.362962962962963;0.4723096347782586
Unknown;0.1900361992760144;-0.3544776119402985;-0.5190218898988419
Unknown;0.7224655506889862;-0.0223880597014925;-0.1271255978082705
Low;0.2205155896882062;-0.1414141414141414;-0.4103300484703491
Low;0.0096798064038719;-0.4141414141414141;-1.1765300594177712
High;0.0911181776364472;0.3302034428794992;0.5766702727402174
Low;0.3785924281514369;-0.3623188405797101;-0.3258725304232271
High;0.0862782744345113;0.2440944881889764;0.46530691516914
High;0.2889142217155657;0.0179894179894179;0.2892772992172123
Low;0.9483410331793364;-0.2080200501253132;-0.0459381544104575
Unknown;0.0261194776104477;0.5510204081632653;0.7423991310215857
Control;0.1446771064578708;0.4814814814814814;0.6091938924783612
Medium;0.7200255994880103;-0.0795454545454545;-0.1197958802684134
High;0.5306293874122517;-0.1711924439197166;-0.1682775617107722
Medium;0.0006799864002719;-0.8081761006289309;-1.1353798510242938
Unknown;0.0338793224135517;0.574025974025974;0.672178287422239
Unknown;0.1739165216695666;0.3128205128205128;0.6415792916853461
High;0.0001599968000639;-0.896551724137931;-1.9140408205021768
Unknown;7.999840003199936e-05;-0.8046875;-1.844027051664044
Medium;0.1443171136577268;-0.438423645320197;-0.6281645909126633
High;0.2035159296814063;-0.3636363636363636;-0.4314877336120847
High;0.0429591408171836;-0.2469982847341338;-0.6979441956869135
Unknown;0.8424231515369692;-0.119047619047619;-0.0640417687711817
Unknown;0.0078398432031359;0.6462585034013606;0.8731612720771144
Unknown;0.0223995520089598;-0.5061728395061729;-0.8846432329007634
Low;0.4114717705645887;0.3988603988603988;0.2938416039433547
High;0.0013199736005279;0.5053128689492326;0.8538713654720171
Unknown;3.999920001599968e-05;0.68;1.217975237933573
Medium;0.8417431651366972;-0.1598997493734336;0.0620812752402012
High;0.9440611187776244;0.2025862068965517;0.0145664593473776
High;0.98990020199596;0.1560283687943262;0.0697116864469055
High;0.6709065818683626;-0.1074285714285714;-0.0904242342954736
Unknown;0.5967080658386832;-0.2549019607843137;-0.2187187506381186
High;0.0183196336073278;0.6923076923076923;0.862895262604522
Unknown;0.0146397072058558;0.3797979797979798;0.6842526407162046
High;0.0157196856062878;-0.3731884057971014;-1.0663175877895452
High;0.0014799704005919;0.55188246097337;0.6645537027306031
Low;0.7993840123197536;-0.0886075949367088;0.1228298289375964
High;0.0095198096038079;-0.6086956521739131;-1.2189882627232689
High;0.0031199376012479;0.5330143540669856;0.8559551186772777
High;0.0006799864002719;-0.6210526315789474;-1.3475499547475631
Unknown;3.999920001599968e-05;0.8024691358024691;1.651667965520467
Unknown;0.0019199616007679;0.7324263038548753;0.9084898292124968
Unknown;0.0004799904001919;0.6944444444444444;0.9589327329889836
Unknown;0.2851942961140777;-0.2959183673469387;-0.4373534102762133
Unknown;0.3277534449311013;0.3466666666666667;0.4056087756086021
Low;0.0611587768244635;-0.4806201550387597;-0.8622800133144882
Unknown;0.0279594408111837;0.44140625;0.652982914378265
Medium;0.0688386232275354;-0.2376933895921237;-0.7203528665032497
High;0.8778224435511289;-0.0712250712250712;0.0523689188255167
Unknown;0.1405171896562068;0.3733333333333333;0.626224414138955
Low;0.0002799944001119;0.6923076923076923;0.7784646266862322
Low;0.987980240395192;-0.0698412698412698;0.0061432351707699
High;0.0097198056038879;-0.5021097046413502;-0.9126097774282488
Unknown;0.2663546729065418;-0.4222222222222222;-0.4984329549095723
Unknown;0.0010399792004159;0.3673469387755102;0.7384932995664548
High;0.2303153936921261;0.3277777777777778;0.4140738974082421
Low;3.999920001599968e-05;0.5978494623655914;0.97077469372588
Unknown;0.6117077658446831;0.0666666666666666;-0.2034639495900449
Medium;0.0269194616107677;0.1518072289156626;0.6287666746218884
Unknown;0.3485930281394372;0.1138211382113821;0.4212196426174824
Low;0.2770744585108298;-0.1333333333333333;-0.3703256536643847
Unknown;0.8919021619567609;-0.0718954248366013;-0.0683337632868011
High;0.0438791224175516;0.3254437869822485;0.5487922264333996
Unknown;0.0534389312213755;0.315;0.6604273598395847
Low;0.0100797984040319;0.3969230769230769;0.5338003886649256
Medium;0.3991920161596768;-0.3433333333333333;-0.2549244787737141
High;0.0651586968260634;0.4428152492668621;0.4481414394569269
Low;0.8358632827343453;0.0068027210884353;0.1218268670575914
Unknown;0.0143197136057278;0.4712430426716141;0.701243153207877
Unknown;3.999920001599968e-05;0.9470404984423676;2.332125430331537
High;0.0973580528389432;-0.3695652173913043;-0.7562152040909405
High;0.4279114417711646;0.1320754716981132;0.3542372199545985
Medium;0.0032799344013119;0.4843373493975904;1.00535614908853
Unknown;0.0811983760324793;0.4353741496598639;0.7677715521738011
Low;0.0535589288214235;-0.4085213032581453;-0.8012074405880938
High;0.0552388952220955;-0.2613636363636363;-0.6953279633369204
High;0.0360792784144317;0.5319148936170213;0.9847999542377346
High;0.7706245875082498;-0.0522727272727272;0.1108878622314598
Control;0.7981040379192416;-0.056338028169014;-0.0691229991973764
High;0.0014799704005919;0.6468253968253969;1.2334772349289929
High;0.2596348073038539;0.1632183908045977;0.3839874643622242
High;0.0217595648087038;0.3837037037037037;0.7710495889442047
High;0.7838243235135297;-0.0538461538461538;-0.1196746217297924
High;0.0203195936081278;-0.6746987951807228;-0.8789448307714698
High;0.0559188816223675;-0.3673469387755102;-0.5648836356518088
High;3.999920001599968e-05;-0.420479302832244;-2.1847732888985214
Unknown;0.8701425971480571;-0.0251450676982591;-0.0392213632259886
Unknown;0.0859182816343673;0.2611218568665377;0.5461756361847881
High;0.3791124177516449;-0.1392;-0.2390592113566962
High;0.0513189736205275;0.3381877022653721;0.5752276848071775
Medium;0.0155996880062398;-0.5701754385964912;-0.9286221629328628
Unknown;0.0047599048019039;0.5845070422535211;0.8414425977722878
Unknown;0.4659506809863802;-0.2777777777777778;-0.2589642931683862
High;3.999920001599968e-05;-0.690625;-1.6620091408531783
Low;0.5444691106177877;-0.2719298245614035;-0.3121193742039568
High;3.999920001599968e-05;-0.8133333333333334;-1.444143421297531
Medium;0.116437671246575;0.2389380530973451;0.4549452481110406
High;0.0001999960000799;-0.7681818181818182;-1.2578652127100496
Low;0.0001199976000479;-0.6936936936936937;-1.4532665109131817
High;3.999920001599968e-05;-0.8444444444444444;-1.3723178947933194
Unknown;0.8884622307553849;-0.0890346766635426;0.0812538019289115
Medium;0.6658266834663307;-0.0780075187969924;-0.1154131810069601
Unknown;0.8169436611267774;0.0597014925373134;-0.0658134746677685
High;0.0688786224275514;0.3194444444444444;0.5558732030505116
High;0.0025999480010399;-0.66;-1.1302478371233708
Medium;0.3194336113277734;0.3776223776223776;0.2664730297689014
Low;0.7919041619167617;-0.125;-0.0563429943150473
Control;0.0864382712345753;0.2753623188405797;0.5496034119076542
Unknown;0.371432571348573;0.1901234567901234;0.3009627331642422
High;0.1654766904661906;0.1666666666666666;0.4562592473126214
Low;3.999920001599968e-05;0.7473435655253837;1.2640349039389818
Unknown;3.999920001599968e-05;0.8318670576735093;1.3469267121288466
High;0.2624347513049739;-0.3114754098360656;-0.4510683198833071
Unknown;3.999920001599968e-05;0.7378640776699029;1.1753835920096185
High;3.999920001599968e-05;0.7837209302325582;1.4039512240956633
Unknown;0.8193036139277214;0.0410583941605839;-0.0596712912319795
Unknown;0.0003999920001599;0.7230769230769231;0.8909892546160267
Unknown;0.240555188896222;-0.3580246913580246;-0.5144162531944024
Medium;0.6565068698626028;-0.2883116883116883;-0.1502804175686344
Unknown;0.3053938921221575;0.084084084084084;0.3770619772994574
Unknown;0.8467430651386972;-0.0098452883263009;-0.0412513942986573
High;0.0149597008059838;0.5426136363636364;0.7113851041580799
Medium;0.0019999600007999;0.738562091503268;1.1922307772854202
Medium;0.0346793064138717;-0.4545454545454545;-0.6980084550589339
High;0.3399532009359813;-0.2728337236533958;-0.264297408885749
High;0.0169996600067998;-0.3006993006993007;-0.6179506224031865
High;0.0002399952000959;0.798941798941799;1.2002359828889493
High;0.249595008099838;-0.3049242424242424;-0.3735577007965543
High;0.0603587928241435;0.4053030303030303;0.6708387860212461
Unknown;0.0404391912161756;0.3608247422680412;0.5979657523574881
Unknown;0.123957520849583;0.2821428571428571;0.5135759326538943
High;0.9866202675946482;0.2106643356643356;0.0212082633123977
Unknown;0.6922261554768905;0.0738916256157635;0.1962246023267531
High;0.0161996760064798;-0.7222222222222222;-1.3026778336782496
High;0.9742605147897042;-0.0423529411764705;0.0340700330493249
Low;0.4729505409891802;0.1282051282051282;0.2256554015142546
Low;0.0891582168356632;-0.1367521367521367;-1.2420003564324535
High;0.0064798704025919;-0.4039408866995074;-1.2187699549584636
Unknown;0.0051998960020799;-0.5071428571428571;-0.9993606390557144
Unknown;0.1363972720545589;-0.2323232323232323;-0.4782048964082043
Unknown;0.0023999520009599;-0.5984848484848485;-1.2537961157432869
Unknown;0.0387992240155196;0.5060532687651331;0.8385094176995757
Unknown;0.5457890842183156;-0.3596491228070175;-0.1937534125296058
Medium;0.8048239035219296;-0.1666666666666666;-0.0554790652454412
High;0.8952220955580888;-0.0567901234567901;0.0440243287940665
Unknown;0.0043599128017439;0.675;1.1205213595597945
Medium;0.4159916801663966;-0.2069767441860465;-0.2752917058691396
Unknown;0.1918761624767504;0.4679487179487179;0.5785676069094311
Unknown;3.999920001599968e-05;0.9576227390180878;2.689548562147327
Unknown;0.6505069898602028;-0.0577777777777777;-0.2228952212763491
Unknown;0.0706385872282554;-0.5584415584415584;-0.7504537053341075
Medium;0.7126257474850503;0.0502901353965183;0.1201505448032626
Unknown;0.0026399472010559;-0.7222222222222222;-1.317993028254553
High;0.0011599768004639;-0.7517564402810304;-1.2921853875623586
Unknown;0.871542569148617;-0.0577777777777777;0.0797554260514835
Medium;0.2316753664926701;0.3126984126984127;0.3655142904321581
Low;0.4613107737845243;-0.1323425336164189;-0.1795419406001955
High;0.244355112897742;-0.4925074925074925;-0.3832717976805122
Unknown;0.9745005099898002;-0.1296296296296296;0.1069101944491628
Unknown;0.5804683906321874;0.0696296296296296;0.2109853029847073
High;3.999920001599968e-05;-0.6104446012702893;-1.3126616002279716
Medium;0.0015599688006239;-0.6068376068376068;-1.0684360138331228
Control;0.1466370672586548;-0.4326241134751773;-0.670099924357592
Medium;0.0038399232015359;0.3790322580645161;0.6760963904547308
Unknown;0.121317573648527;-0.1993911719939117;-0.6034311208110045
Unknown;0.7137057258854823;0.2361111111111111;-0.1014516230389158
High;0.0007599848003039;0.6038277511961723;0.9558876060406468
High;3.999920001599968e-05;-0.6830065359477124;-1.413619210802929
High;0.3125937481250375;0.2746615087040619;0.3211748407132653
High;3.999920001599968e-05;-0.8615384615384616;-1.526071051732233
High;0.1679166416671666;-0.5321969696969697;-0.4830718584162085
Low;0.6043479130417392;-0.1908665105386416;-0.1389030049336604
Unknown;0.5413891722165557;-0.2;-0.2599809048192947
High;0.0003999920001599;-0.64453125;-1.190353892684761
High;0.0481190376192476;-0.3197278911564626;-0.5498067817932613
High;0.0624787504249915;0.4202898550724637;0.8312654891858419
High;0.5949881002379952;0.0206896551724137;-0.1616740514507413
Unknown;0.4102317953640927;-0.3571428571428571;-0.3045204616396103
Low;0.0123197536049279;-0.5614814814814815;-1.0974786818154618
Unknown;0.0074798504029919;-0.4289732770745429;-0.9647420604495328
Unknown;0.0234795304093918;-0.3669064748201439;-0.6307472793848911
Unknown;0.0055198896022079;0.696078431372549;0.9134403750448916
High;0.0044399112017759;0.5017182130584192;0.707602943835839
Medium;0.0008799824003519;0.5655502392344498;1.0072504299200182
High;0.0047199056018879;-0.6175115207373272;-1.5059329968500184
Medium;0.0031599368012639;-0.5647058823529412;-0.8510570208431102
Low;0.0021999560008799;0.5253012048192771;0.9275231167054622
Low;0.4473910521789564;0.0962962962962963;0.3501186907709341
High;0.6388272234555309;-0.1363636363636363;-0.1749312580148073
Medium;0.9695406091878164;-0.0019762845849802;0.0071523083227521
Low;3.999920001599968e-05;0.8324074074074074;1.2428794419536997
High;0.1940761184776304;-0.0838530838530838;-0.3751243133176649
Low;0.0004799904001919;-0.8656716417910447;-1.8304134890201629
Unknown;0.4191516169676606;-0.1843971631205673;-0.3484382650738814
High;0.5226695466090678;-0.1887755102040816;-0.2513749472750972
Medium;0.0249595008099838;0.3797909407665505;0.5959773648054861
High;0.2975940481190376;-0.3872053872053872;-0.3173222128274482
Unknown;7.999840003199936e-05;0.6484848484848484;1.2220478997214534
High;0.869182616347673;-0.1082981715893108;-0.011488875717476
Low;3.999920001599968e-05;0.909297052154195;2.023516176157675
Unknown;0.6141877162456751;-0.0255813953488372;0.1738683063884062
High;0.0243595128097438;-0.3167013167013167;-0.6612630267239143
Unknown;0.8308233835323293;-0.0864197530864197;-0.0756792662934607
Medium;0.0407991840163196;-0.3461538461538461;-0.611264802742539
Unknown;0.1320773584528309;-0.2302325581395349;-0.5723735370607258
Low;0.0002799944001119;-0.8466666666666667;-1.589808825907263
High;0.7838643227135458;0.0047058823529411;0.1061006491185338
Low;0.0640387192256154;-0.4479166666666667;-0.677003498900087
Unknown;0.7015859682806344;-0.0153061224489795;-0.1358619949185426
Medium;0.8398632027359453;0.0;-0.0757938649715563
Low;0.7893042139157217;-0.0272108843537414;0.2013360809390487
Unknown;0.1023979520409591;-0.2649572649572649;-0.5799200680739067
High;0.6045879082418352;0.2846153846153846;-0.1330922185091425
Unknown;0.8088638227235455;0.2012578616352201;0.0854647117427334
Low;7.999840003199936e-05;0.8134920634920635;1.3966617611578886
Low;0.0001199976000479;-0.5677966101694916;-1.2301346121622685
Unknown;0.24907501849963;0.2646370023419204;0.4564327992364165
High;0.7292654146917061;-0.0460829493087557;0.1707937347452837
Unknown;3.999920001599968e-05;-0.7885375494071146;-1.42377729367285
Unknown;0.0899982000359992;-0.375;-0.6749763104794109
Low;0.8303033939321214;0.0260989010989011;-0.0660653437988572
High;0.0441191176176476;0.3659259259259259;0.7487584567866715
High;0.0324793504129917;-0.4086021505376344;-0.7410607068386188
Medium;0.7803043939121218;-0.0629251700680272;-0.0663148883314812
High;0.3197136057278854;-0.1733615221987315;-0.3207590635405496
High;0.0666786664266714;0.1876543209876543;0.6093077584488648
Unknown;0.3274334513309734;-0.3149847094801223;-0.4103699944002227
High;0.3092338153236935;0.0979618671926364;0.2924999120426197
Unknown;0.2091558168836623;0.3415492957746479;0.4656735531112531
High;0.6709065818683626;-0.2071428571428571;-0.1206647110875023
High;0.9780204395912082;0.1373239436619718;-0.0048831995753803
Unknown;0.2615147697046059;-0.3348214285714285;-0.446004752668334
High;0.2249555008899822;-0.3634085213032581;-0.4932450738963914
Medium;0.0699586008279834;0.3464052287581699;0.5606260554067689
Unknown;0.1980360392792144;-0.3586497890295358;-0.4599606567402257
Control;0.0647187056258874;0.3363774733637747;0.6478906056078397
Unknown;0.6407871842563149;-0.1277591973244147;-0.1313309163711822
Low;0.0140797184056318;0.4586894586894587;0.6132916559089961
Medium;0.3848323033539329;0.3658536585365853;-0.2669233251934358
Low;0.0283994320113597;-0.4055555555555555;-0.7708600104506337
High;0.2021159576808464;-0.231990231990232;-0.3537443920884141
High;0.979460410791784;0.0182857142857142;-0.0054467682785758
High;0.0001599968000639;-0.7150890346766635;-1.3449420399027645
Unknown;0.0917581648367032;-0.3090909090909091;-0.574320233562081
Medium;0.0031199376012479;-0.5328798185941043;-1.378977432496315
High;0.0503589928201436;-0.44;-0.7913125241697108
Medium;7.999840003199936e-05;0.8202764976958525;2.2408745351678947
Low;0.8701425971480571;-0.0014814814814814;-0.0292937542158948
High;0.10882800608828;0.7887323943661971;1.0728042067537924
Low;0.7861442771144577;0.1597222222222222;0.0877767400185836
High;0.7956240875182496;-0.0340136054421768;-0.0747278101257294
Unknown;0.0266794664106717;0.6086956521739131;0.8380176612905896
High;0.2939941201175976;0.3178571428571428;0.297058145135283
Unknown;0.0037145650048875;0.9310344827586208;1.2282969450016423
Unknown;0.3330333393332133;-0.3910112359550561;-0.3212559622925356
Unknown;0.0087598248035039;-0.4607142857142857;-1.260855506878031
High;0.1330773384532309;-0.216;-0.417592800827441
Medium;0.7681046379072418;0.0505494505494505;0.1131498332881
Unknown;0.7287854242915142;0.0212765957446808;0.1529831842339803
Low;0.1499570008599828;-0.2805280528052805;-0.4469245545088551
Low;0.8085038299234015;-0.0780487804878048;-0.07206361066545
Unknown;0.0048799024019519;0.4722222222222222;0.8096494012639314
High;0.4895502089958201;-0.1308691308691308;-0.2041659112713057
High;0.0017199656006879;-0.7575757575757576;-1.420818242367775
High;0.6910661786764265;0.15220700152207;0.1365829241966881
Medium;0.6167476650466991;0.1020408163265306;0.2126567984796654
Unknown;0.0060798784024319;-0.7834757834757835;-1.142952601432334
High;0.0006799864002719;-0.7349397590361446;-1.3778738745668837
Unknown;0.0176796464070718;-0.4016666666666666;-0.7257075300359382
High;0.4609107817843643;-0.1477272727272727;-0.245883577856214
High;0.0013199736005279;0.6073500967117988;0.7599955435734315
High;0.0721985560288794;0.3680555555555556;0.4167121201179036
Low;0.1588368232635347;-0.4258823529411765;-0.4978620678426476
Unknown;0.0153996920061598;-0.3339920948616601;-0.7595095081387087
Unknown;0.0069198616027679;-0.4347826086956521;-1.3041453397044147
Unknown;0.0099598008039839;0.6051948051948052;0.8971717960744882
High;0.0177996440071198;0.5709876543209876;0.7944552884811453
High;0.0276394472110557;-0.3888888888888889;-0.9158126641484822
High;0.0484390312193756;0.2972972972972973;0.5323091909934283
High;0.8519829603407932;-0.0319634703196347;-0.07890904787109
Medium;0.0039199216015679;0.5133333333333333;0.7735869173935438
Unknown;0.7390252194956101;-0.0266343825665859;0.1575887182502404
Medium;0.3531929361412771;-0.4883040935672514;-0.1367737397171773
Unknown;0.4589108217835643;-0.301010101010101;-0.230273693180799
Unknown;0.0554788904221915;-0.3736263736263736;-0.5784141373757915
High;0.0027199456010879;0.6179775280898876;1.0815205232237324
High;0.0242795144097118;0.3511326860841424;0.5710365144311774
Medium;0.1606767864642707;-0.6422764227642277;-0.6676688693429083
Medium;0.0077998440031199;0.456;0.8244571939959459
High;0.761584768304634;-0.0157303370786516;-0.1117044416913404
High;0.0313193736125277;0.5228758169934641;0.8233582949658543
Unknown;0.7171456570868583;0.3188405797101449;0.2393203531221087
Low;7.999840003199936e-05;0.6144018583042973;1.0606415258603183
Medium;0.0073198536029279;-0.3511961722488038;-0.9056795542706304
Unknown;0.3981520369592608;0.053030303030303;0.2791299461448612
Unknown;0.0142797144057118;0.68;1.289715957783186
Unknown;0.4087118257634847;0.3076923076923077;0.3657772143370061
High;0.2346753064938701;-0.3238095238095238;-0.3995808731633569
Low;0.1736765264694706;-0.2516025641025641;-0.4039938437573398
Medium;0.0070398592028159;-0.4238095238095238;-0.900390009930949
High;0.0965980680386392;-0.3198529411764705;-0.6315075659471279
Unknown;0.0226795464090718;-0.4494117647058823;-0.7668489381353819
Medium;0.2932341353172936;-0.0964705882352941;-0.3540170957153615
Unknown;0.126037479250415;-0.473076923076923;-0.6188537186988468
Low;0.1903161936761264;-0.2928571428571428;-0.4968207425510522
Unknown;0.3434731305373892;-0.1136363636363636;-0.3174591738416114
Unknown;0.0738785224295514;-0.4700854700854701;-0.7000844193578782
Low;0.1702365952680946;-0.0385542168674698;-0.4757329243462983
Unknown;0.2769544609107818;0.2417582417582417;0.4430791871642766
High;0.4533109337813243;0.1523809523809524;0.2494594556101826
Unknown;0.121917561648767;0.4710144927536231;0.6032182744427902
Unknown;0.0193596128077438;0.5261904761904762;0.7672550838785386
Low;0.7449451010979781;-0.0790697674418604;-0.106747292619045
Unknown;0.874062518749625;0.0978260869565217;-0.0258272789235946
Low;0.2282754344913102;0.2104377104377104;0.3693059401247403
Unknown;0.880382392352153;0.3626760563380282;0.0905589795415958
Unknown;0.6745465090698186;0.1670702179176755;0.1644328151037046
High;0.0464390712185756;-0.4680851063829787;-0.8785068930241506
Unknown;0.0487190256194876;-0.5833333333333334;-0.8439676437462242
Unknown;0.3490330193396132;-0.2398648648648648;-0.3543392866959295
Unknown;0.5319493610127798;0.2335412335412335;0.1921242193002824
Unknown;0.3143937121257575;0.2585034013605442;0.4450310839667755
Unknown;0.2972740545189096;0.1970443349753694;0.4135477674405758
Medium;0.5831083378332433;-0.413926499032882;-0.1574108786741679
Unknown;0.2743945121097578;0.2390243902439024;-0.3460262482463213
Unknown;0.880142397152057;-0.1896103896103896;-0.0339301183048048
Unknown;0.2661946761064778;-0.3784461152882205;-0.4314168527641754
Medium;0.7365852682946341;-0.6328671328671329;0.0353749363594433
Unknown;0.9399812003759924;0.0548148148148148;0.0401028702106104
Low;0.0029199416011679;-0.5465116279069767;-1.051126927402596
Unknown;3.999920001599968e-05;0.7850467289719626;1.6059623832954748
Medium;0.9739805203895924;-0.0428571428571428;-0.0066707591401889
High;0.8110637787244255;0.1374269005847953;0.0783960835073412
High;0.6645467090658187;0.0456674473067915;0.1348122433794971
High;0.2861542769144617;0.1151202749140893;0.3101304228841455
Unknown;0.9522609547809044;0.1283292978208232;-0.006389060094368
High;0.994420111597768;-0.1861111111111111;0.1237093922441309
Low;0.0001599968000639;-0.5327102803738317;-1.539771810280766
High;0.0014799704005919;0.5718954248366013;1.060884977057626
High;0.0657186856262874;0.3469387755102041;0.7105669094819513
Unknown;0.0737185256294874;-0.4278350515463917;-0.6019329276805615
High;0.0254394912101757;-0.4620431115276476;-0.7171727187487088
Unknown;0.5095098098038039;-0.3022388059701492;-0.2287881028935599
High;0.8257434851302974;-0.0459259259259259;-0.0729925790774998
High;0.0022399552008959;0.5304695304695305;1.0211056476357054
High;0.5579488410231795;-0.2126200274348422;-0.2025905357232594
Unknown;0.5185096298074039;-0.2264150943396226;-0.2133333948776301
Unknown;0.3205135897282054;-0.213235294117647;-0.3690650589596619
High;0.1861962760744785;-0.2619047619047619;-0.5078215787254968
Unknown;0.0795584088318233;-0.4626506024096385;-0.600130848528651
High;0.0037599248015039;-0.8571428571428571;-1.6849212745370776
High;0.1938361232775344;-0.2951388888888889;-0.4794934338464353
Unknown;0.747585048299034;0.2779220779220779;0.154611431400742
High;0.5389892202155957;-0.303030303030303;-0.2135651743568229
High;0.0139197216055678;-0.7213930348258707;-1.0377036866742608
High;0.2294754104917901;-0.2192771084337349;-0.4037911317846719
Unknown;0.0004799904001919;0.7285714285714285;1.220914354140081
High;0.2380041011619959;0.4320987654320987;0.5611350160863229
Medium;0.0003599928001439;0.4449648711943794;0.8281075280643564
High;0.0333993320133597;-0.2589285714285714;-1.1706492872835963
Low;0.5217095658086838;-0.2361111111111111;-0.330618846381059
Low;0.3503529929401412;0.3787878787878788;0.417425512456085
High;0.0366792664146717;-0.5498442367601246;-0.7311199770664799
Unknown;0.7991040179196416;-0.0208105147864184;-0.0681288222697967
High;0.1130377392452151;0.3573033707865168;0.5316650259654908
Medium;0.3244735105297894;-0.1509872241579558;-0.2758150459538629
High;0.8429431411371773;-0.0716510903426791;0.1021952379144813
Unknown;0.3798324033519329;-0.3333333333333333;-0.3350709429479239
Unknown;0.8885022299554008;-0.1544715447154471;-0.0460198424164922
Unknown;0.3297134057318853;-0.1738461538461538;-0.2866118507923449
Low;3.999920001599968e-05;0.9032882011605416;1.590374772663533
Medium;0.3425531489370212;-0.0398351648351648;-0.2828243977867628
High;0.4680306393872122;-0.3571428571428571;-0.1624472234640624
High;0.5221895562088759;-0.1143695014662756;-0.1891959878980879
High;0.2546349073018539;0.2103174603174603;0.4241447279381777
High;3.999920001599968e-05;0.8253229974160207;1.4139140767481713
Unknown;0.0146797064058718;0.3485793485793486;0.6259559003205651
Unknown;0.5679486410271795;-0.0990566037735849;-0.1619782761844643
Low;0.2538749225015499;0.2412177985948477;0.4201624781942854
High;0.2774344513109738;0.1213592233009708;0.333408841385416
Unknown;0.0200795984080318;0.3167388167388167;0.5873578224044804
Unknown;0.7747845043099137;-0.1784511784511784;-0.0731116694176408
Low;0.1067978640427191;-0.2127659574468085;-0.4265837533478454
Unknown;0.8167836643267135;-0.0230414746543778;-0.1028383816098293
Low;0.0019599608007839;-0.5126811594202898;-1.0336368948940409
Medium;0.0073198536029279;-0.6047058823529412;-0.949408537199078
High;0.6111877762444751;-0.2442645074224021;-0.1369353417135936
High;0.0079198416031679;-0.597037037037037;-0.8717476649520743
High;0.2019559608807823;-0.1581632653061224;-0.5148450494619974
Medium;0.0043199136017279;0.5884615384615385;0.8743474210650546
High;0.0009199816003679;-0.5921532846715328;-1.0210423334706915
Unknown;0.5647087058258835;-0.0011686793922867;0.1558719847214242
Low;0.1605967880642387;0.2222222222222222;0.4923643540168099
Low;0.0401591968160636;-0.4512820512820513;-0.6756776522690744
High;0.0020799584008319;-0.7168949771689498;-1.0160921894530135
Unknown;0.0113597728045439;0.4771953710006807;0.6632427111852924
Low;0.1543169136617267;-0.1632653061224489;-0.6764645898709221
Medium;0.8276234475310493;-0.1619047619047619;-0.0530809201544123
Unknown;0.0090398192036159;0.4492063492063492;0.5429853751168549
High;0.0002799944001119;0.7678571428571429;0.9348316844308436
Medium;0.2263954720905582;0.1213151927437641;0.3373660391187073
High;0.9001019979600408;0.0201058201058201;0.0408080936281107
Low;0.0276794464110717;0.3835125448028674;0.6590379222449818
Unknown;7.999840003199936e-05;-0.7064471879286695;-1.8179204541628509
Unknown;0.0080398392032159;-0.6081871345029239;-0.980106680023126
High;0.0892782144357112;-0.3061224489795918;-0.9375388773585612
Unknown;0.8319833603327933;-0.0346766635426429;-0.0429456696281462
Unknown;0.0615587688246235;-0.5493827160493827;-0.7062866374873367
Medium;0.0348393032139357;-0.4033485540334855;-0.7104805876387466
Unknown;0.501069978600428;0.0460829493087557;0.2885685071824285
Unknown;0.1043579128417431;0.2300724637681159;0.4059740529551279
Unknown;0.0319593608127837;-0.4848484848484848;-0.8373225060014308
Low;0.0101997960040799;-0.5307888040712468;-0.7722810484470339
Unknown;0.0444791104177916;0.2608923884514436;0.515084647925776
Unknown;0.4534309313813723;0.2133333333333333;0.3346240498259005
Medium;0.2930341393172136;0.2204545454545454;0.3419320144208807
High;0.1044379112417751;0.1879084967320261;0.4731118857330056
Unknown;0.0006799864002719;-0.5932203389830508;-1.8410122662761124
Unknown;0.0050798984020319;0.435655253837072;0.7000667025124243
Unknown;0.1990360192796144;-0.3208430913348946;-0.5153562095790712
Unknown;0.0091198176036479;0.7948717948717948;1.0843165825643242
Medium;0.0117597648047039;0.6808510638297872;0.984722428155142
High;0.1707965840683186;-0.5;-0.6201789777951636
High;0.1473570528589428;0.3483483483483483;0.4766506076695508
High;0.2806743865122698;-0.2266666666666666;-0.465976208319385
Low;0.0079198416031679;0.3810444874274661;0.7633000032073592
High;0.4262714745705085;-0.68;-0.2555776735736318
Unknown;0.3531929361412771;-0.1280788177339901;-0.3685493591889738
Unknown;0.8276234475310493;-0.1654929577464788;-0.0290682271907925
High;0.0607187856242875;-0.6290726817042607;-0.8700547627539424
Unknown;0.0010799784004319;-0.5377176015473888;-1.1884744807670824
Low;0.0217995640087198;0.3039370078740157;0.6345192792123482
High;0.0014399712005759;-0.5873015873015873;-1.1767497427746514
High;3.999920001599968e-05;0.586971586971587;1.0367021747115586
High;0.8845823083538329;0.0337591240875912;-0.0361279433059609
Medium;0.0002399952000959;-0.611904761904762;-1.194245078366212
Medium;0.0859182816343673;-0.3279785809906292;-0.6190696261845684
High;0.1378372432551348;-0.2345679012345679;-0.4533465715718644
Unknown;0.9266614667706646;-0.0541125541125541;-0.0204420269128645
Medium;0.4059118817623647;0.2416666666666666;0.2531972592957814
Low;0.0374392512149757;0.3822222222222222;0.6879918008096577
Unknown;0.6530269394612108;0.0117845117845117;-0.1176133288411373
Unknown;0.2124357512849743;0.1714285714285714;0.4887593585376522
Unknown;0.2047159056818863;-0.046875;-0.494810090361622
High;0.0143997120057598;-0.3382352941176471;-0.8056780935655136
High;0.0207195856082878;0.3952941176470588;0.6415357225770586
Medium;0.8609427811443772;-0.1069182389937107;0.0070680160907465
High;0.0793984120317593;-0.1719939117199391;-0.6732111363480043
Unknown;0.2043559128817423;0.1643765903307888;0.3465797403434745
High;0.4565508689826204;0.1555555555555555;0.3677667642971911
Unknown;0.1440771184576308;-0.2929782082324455;-0.6354369211169383
High;0.0001199976000479;-0.8450363196125908;-1.6763604639496843
High;0.632707345853083;-0.0258928571428571;0.1452968730976172
Unknown;0.0446791064178716;-0.5352112676056338;-0.8147925482878102
High;0.0066798664026719;-0.6198347107438017;-0.9572515143661824
Low;0.4735105297894042;-0.2161716171617161;-0.1676430141764516
Unknown;0.0926781464370712;0.4824561403508772;0.6288243290956802
Medium;0.0019599608007839;-0.5928571428571429;-1.3705687089815388
Unknown;0.0012399752004959;-0.654320987654321;-1.2409422839782984
Medium;0.4655106897862043;0.1708126036484245;0.2653013886042165
High;0.7602647947041059;-0.0185728250244379;0.0982529036279008
Unknown;0.4027919441611168;-0.0070257611241217;0.3809456306605038
Unknown;0.1897233201581027;0.4761904761904761;0.7393320921087491
Medium;0.1742765144697106;0.2888888888888888;0.5677006174847046
Low;0.3767524649507009;-0.0781671159029649;0.2613987722436747
Unknown;0.1513569728605427;0.1732026143790849;0.4421532224788959
Medium;3.999920001599968e-05;-0.7666666666666667;-1.59730318218156
Low;0.636827263454731;-0.1288888888888889;-0.2173340407815183
Unknown;0.3084338313233735;-0.3673469387755102;-0.4521214718246734
High;0.3120337593248135;-0.2894736842105263;-0.357107584130033
Unknown;0.6613067738645227;-0.28;-0.152731070975503
Medium;0.0432391352172956;-0.3805970149253731;-0.8042408239548201
High;0.0382792344153117;-0.5028571428571429;-0.6369686401909846
Unknown;0.6549869002619948;0.0663265306122449;0.1786815198803741
Low;0.0002399952000959;0.6617790811339198;0.6922380179599144
High;0.0071998560028799;0.508235294117647;0.6909612167032986
High;0.0014399712005759;-0.5693069306930693;-0.9652170936410184
Unknown;0.0180796384072318;-0.7371794871794872;-1.2548524867961668
Unknown;0.1080778384432311;-0.167910447761194;-0.6627858503286381
High;0.9339413211735764;0.0012106537530266;-0.0250603094359749
Unknown;0.3961920761584768;0.2;0.4116893041173982
Unknown;0.6709065818683626;0.1635220125786163;0.2030210198166718
High;0.6923061538769225;0.1349527665317139;0.1232247048927565
Medium;0.0013199736005279;-0.6714285714285714;-0.8848848810004227
Unknown;0.7962240755184896;-0.0921985815602836;-0.0918604969716437
Medium;0.4020319593608127;0.3061224489795918;0.3365678084513684
High;0.0026799464010719;-0.5493827160493827;-1.1253118694365298
High;0.5880282394352113;-0.4248094248094248;-0.1420730857990939
Medium;0.0001599968000639;-0.6194331983805668;-1.0327022765522451
High;0.1858762824743505;-0.2184873949579832;-0.3761931321465764
Unknown;0.0001599968000639;0.80859375;1.698302985441016
High;0.0129597408051838;-0.236215112321307;-0.831153478210007
Unknown;0.2018359632807344;-0.365079365079365;-0.4709690099126177
High;3.999920001599968e-05;0.8961038961038961;1.6445878426673322
Unknown;0.3344733105337893;0.2743055555555556;0.348588897720242
Unknown;0.0003599928001439;0.4693877551020408;1.0572946061727635
Unknown;0.115717685646287;0.3076923076923077;0.5499694000596516
Medium;0.0402391952160956;-0.4807692307692308;-0.8125268947374149
Unknown;0.8059438811223776;-0.1153846153846153;-0.0725992052625504
Medium;0.0927181456370872;0.3260869565217391;0.4931704216781242
High;0.3456330873382532;-0.2166666666666666;-0.3181515626202047
Medium;0.0675186496270074;-0.4014814814814815;-0.6599939099931438
High;0.7146257074858503;0.0551670551670551;-0.0987957378955354
High;0.0025999480010399;0.3;0.8083666555788558
High;0.0299594008119837;0.1875;-0.9729127752222604
Low;0.3881922361552768;-0.2272727272727272;-0.3236681316475049
Unknown;3.999920001599968e-05;0.7285714285714285;1.2174350845854562
Low;7.999840003199936e-05;-0.8695652173913043;-3.734377006802263
Unknown;0.0809983800323993;-0.1140350877192982;-0.690710490329926
Low;3.999920001599968e-05;0.8682926829268293;1.3932407299955625
Low;0.0169996600067998;-0.5544794188861986;-0.9449743656369805
Medium;0.2955940881182376;0.2104166666666666;0.287653093825577
High;0.0882382352352953;-0.4333333333333333;-0.7107653719742623
Unknown;3.999920001599968e-05;0.7282502443792767;1.310627948702643
Low;0.0853582928341433;-0.6363636363636364;-0.6621823161240765
Unknown;3.999920001599968e-05;0.6933497536945813;1.0468449071622727
Low;0.0414791704165916;-0.7295918367346939;-1.105268561425353
High;0.2188356232875342;-0.2634146341463415;-0.4186922544926238
Unknown;0.0076398472030559;-0.5426997245179064;-0.9750171700804756
High;0.2631578947368421;-0.5818181818181818;-0.8445200712239418
Medium;0.5967880642387152;0.109090909090909;0.2392963380227596
Unknown;0.0596388072238555;-0.4988290398126463;-0.8216733162773212
High;0.123797524049519;-0.3461538461538461;-0.5976365133180208
Medium;0.0103597928041439;0.5410447761194029;0.4826158901145211
High;0.2225555488890222;0.1428571428571428;0.4924429144117296
High;0.5872682546349073;0.1257309941520467;0.1837064127908317
Medium;0.0312393752124957;-0.4508348794063079;-0.7006262554703829
Unknown;0.0219780219780219;-0.85;-1.3551281097023788
Unknown;0.8562228755424891;0.0688888888888888;-0.0236805835795218
Medium;0.0132797344053118;0.5690072639225182;0.9743749164624568
Unknown;0.1747165056698866;0.2954545454545454;0.5141789146453407
High;0.0736385272294554;0.3713235294117647;0.6286184150202492
High;0.6748265034699306;-0.3102453102453102;-0.1377108675491631
Unknown;0.283743842364532;0.3580246913580246;0.6650599164698766
Medium;3.999920001599968e-05;-0.8386605783866058;-2.3095035166572746
Low;0.5233095338093238;0.3114754098360656;0.2684517541747115
Low;0.0359992800143997;0.4714285714285714;0.604067115099583
Unknown;0.0052798944021119;-0.541871921182266;-1.0288184173050314
Unknown;0.3040339193216135;-0.2957516339869281;-0.3170336626495797
High;0.1059178816423671;0.3533333333333333;0.631738511357092
Medium;3.999920001599968e-05;0.6147157190635452;0.938512494121602
High;0.4645907081858363;-0.0009182736455463;-0.2263649148382507
High;0.7660246795064098;-0.0220588235294117;-0.1026620031787318
High;0.0981580368392632;-0.3197278911564626;-0.6708188897764676
Medium;0.0036799264014719;0.6123188405797102;0.9691978392441892
Low;3.999920001599968e-05;0.8809523809523809;2.051756846693602
Low;0.0822383552328953;-0.2447916666666666;-0.484080620387414
Unknown;7.999840003199936e-05;0.84375;1.352862063411719
Unknown;0.1417171656566868;-0.3862433862433862;-0.6155174998528267
Medium;0.0117197656046879;0.4777777777777778;0.9754912226916432
High;0.0473590528189436;0.3601953601953602;0.5699179711569723
High;0.0731585368292634;-0.3458333333333333;-0.5088945564900687
High;3.999920001599968e-05;0.6627634660421545;1.173085728220639
Unknown;0.6283074338513229;-0.1706349206349206;-0.1690575805624612
Unknown;0.3441531169376612;0.2391304347826087;0.422057107275033
High;0.2232355352892942;-0.3192307692307692;-0.4636802968566083
Medium;0.0899182016359672;0.352112676056338;0.632965939301703
Medium;0.0001599968000639;-0.7244897959183674;-1.7218845013474977
High;0.0114397712045759;0.3945679012345679;0.6710475392361864
High;0.0024399512009759;0.5722222222222222;1.0784378062866558
Medium;0.0387192256154876;0.5352112676056338;0.7408929122811451
Unknown;0.0780384392312153;-0.3371212121212121;-0.7403347460897262
Unknown;0.98670026599468;-0.1132075471698113;0.0258079495354793
High;0.7261054778904422;0.0749414519906323;-0.063173759107174
Unknown;0.8871822563548729;-0.1538461538461538;-0.0769645242114353
High;0.5727085458290834;0.1609977324263038;0.2374019910365886
High;0.0146397072058558;-0.5666666666666667;-0.9917648262175828
Unknown;3.999920001599968e-05;-0.8298611111111112;-1.4304386675632148
High;0.0003999920001599;0.5321969696969697;1.2482712994738616
Unknown;0.0086798264034719;0.3873626373626374;0.6853101369604546
High;0.0032799344013119;-0.4772727272727273;-1.3117167843066124
Medium;0.1875562488750225;-0.46484375;-0.5320859526510044
High;0.5923481530369392;-0.0679012345679012;-0.1944941579842067
Medium;0.2163556728865422;-0.3453453453453453;-0.4563012171556255
Low;0.0180796384072318;-0.2912912912912913;-0.9499362596306146
High;0.0318793624127517;-0.4129554655870445;-0.6661913904543106
High;0.73882522349553;0.2817460317460317;0.1221232067032082
High;0.0565988680226395;-0.5911330049261084;-0.8479597139393246
Medium;3.999920001599968e-05;0.7330210772833724;1.1365107711355733
High;0.9109817803643928;-0.064516129032258;0.0705421671157416
High;0.0159596808063838;-0.4864197530864197;-0.7719922512562368
Unknown;0.8869422611547769;-0.0577777777777777;0.0669535002103226
High;7.999840003199936e-05;0.8623188405797102;1.098611633837802
High;0.120757584848303;-0.3271889400921659;-0.5306640337575486
High;0.1398772024559509;-0.4642857142857143;-0.5847422616476763
Unknown;0.5344293114137717;-0.2103896103896103;-0.2246302206689782
High;0.3351932961340773;0.1043062200956937;0.3127847693153346
Low;0.7924641507169856;-0.2384615384615384;0.1312043702710336
Medium;0.0156396872062558;-0.2459770114942528;-0.8664033676924777
High;0.2929541409171816;-0.2466666666666666;-0.4625999235167312
High;0.987660246795064;0.0105386416861826;0.0075304076542975
Medium;0.0389992200155996;-0.5933333333333334;-0.9166501056624264
Unknown;0.2261954760904782;0.2612612612612612;0.4253106923706181
High;0.0001199976000479;0.5412087912087912;1.1256810775460795
High;0.2739145217095658;0.2023255813953488;0.3634515147203608
High;0.0062798744025119;-0.7638888888888888;-0.9161264519562468
Low;0.9687006259874804;0.06265664160401;-0.0294304563132579
Low;0.3624327513449731;-0.0147783251231527;0.3792850389432849
High;0.9215415691686166;0.1904761904761904;-0.0256021691092263
Unknown;0.3877922441551168;-0.3422222222222222;-0.4064602149744022
Low;0.0008399832003359;-0.58;-1.131949449541882
Unknown;0.9327013459730804;0.0065359477124183;-0.0333177221638741
High;0.5217895642087158;-0.0953320184089414;-0.190748997125242
High;0.4833903321933561;-0.1111111111111111;-0.3005503820863792
Unknown;0.996660066798664;0.0277777777777777;-0.0012588702032736
High;0.8229035419291614;-0.0544554455445544;-0.0578281480892314
Unknown;0.5797084058318833;-0.115079365079365;-0.216720813471072
High;0.0295194096118077;-0.6487804878048781;-0.8333937078692504
High;0.987420251594968;-0.2669245647969052;0.0242686740968009
High;0.8663826723465531;-0.1160493827160493;0.1033864232287557
High;0.0346393072138557;0.2934383202099737;0.5562453845223239
Medium;3.999920001599968e-05;0.8002812939521801;1.2532030262602856
Low;0.8055838883222336;-0.1305147058823529;-0.0326762690125444
Low;0.0212395752084958;-0.5280898876404494;-0.8133358418945521
Medium;0.3787124257514849;0.2698412698412698;0.3357028610314789
Unknown;0.0005199896002079;0.5239583333333333;1.0235206284985088
High;7.999840003199936e-05;-0.7300944669365722;-1.2453231324520595
High;0.3297534049319013;-0.1193415637860082;-0.2394567707477541
Low;0.2373152536949261;0.2387612387612387;0.37632567982015
High;0.0560388792224155;-0.0200956937799043;-0.7392455110106916
Unknown;0.8407031859362812;-0.0611111111111111;-0.0470804419380694
Unknown;0.1364372712545749;0.2885154061624649;0.5875463342444983
High;0.0005199896002079;-0.7551020408163265;-1.3812332354105288
Low;0.5352692946141078;-0.2746913580246913;-0.180770172635617
High;0.7144657106857862;-0.0548523206751054;-0.1280066629845565
High;0.8691426171476571;-0.1992263056092843;-0.0311558628392356
High;0.0445191096178076;-0.5157384987893463;-0.8952948455786145
Unknown;0.0111197776044479;-0.4446640316205533;-0.84416447799426
High;0.0026399472010559;0.5078053259871441;1.019396580038125
High;0.9574208515829684;0.0494117647058823;0.016856696178271
Low;0.0173996520069598;-0.2414715719063545;-0.9492626410272614
Unknown;0.0057598848023039;-0.3564814814814814;-0.8206775331542048
High;0.0077198456030879;0.5038051750380518;0.8660202382333574
Unknown;0.9217015659686806;-0.0246305418719211;0.0944482681601202
Medium;0.1051578968420631;-0.1196172248803827;-0.5730210854779533
Medium;0.0047999040019199;-0.8666666666666667;-1.228416361086916
High;0.490470190596188;-0.1788715486194478;-0.1945802559506455
Unknown;0.3032339353212935;-0.2389937106918239;-0.4456609496604409
Unknown;0.0096798064038719;0.5181818181818182;0.8072175323142248
Medium;0.5916281674366513;-0.0534208059981255;-0.1278039709667922
Medium;0.3195536089278214;-0.4512471655328798;-0.3815778938281179
Unknown;0.9793004139917202;-0.0346153846153846;0.0208622693985578
Unknown;0.9722205555888882;-0.0326797385620915;-0.0086943027017435
High;0.6668666626667467;0.1282051282051282;0.1733860196365222
Unknown;0.9314613707725844;-0.0097902097902097;-0.0196449120288815
Low;0.3494730105397892;-0.1985815602836879;-0.4127301626646389
Unknown;0.875382492350153;0.0383333333333333;0.0897787871355718
Medium;0.0182796344073118;-0.5294117647058824;-1.268866120405301
Unknown;0.1343573128537429;0.3035714285714285;0.548710808808127
Unknown;0.0330393392132157;-0.3469879518072289;-0.7553605726157098
Medium;0.3101537969240615;-0.1837606837606837;-0.301566637494309
High;0.5383092338153237;-0.3857142857142857;-0.2184043943380765
High;0.1373172536549269;-0.29227761485826;-0.4826401542695394
High;0.0003599928001439;0.7339901477832512;0.8146657002872125
Low;0.632467350652987;-0.0384153661464585;-0.1304774360189331
Unknown;0.4087118257634847;-0.336405529953917;-0.3188203274892428
Medium;0.0202795944081118;-0.5772727272727273;-0.8173054051572094
Low;0.0233995320093598;0.4507575757575757;0.7760048285107944
Low;7.999840003199936e-05;-0.7166666666666667;-1.495710496631845
Unknown;0.9169016619667608;0.0336088154269972;0.0297176101443454
Medium;0.0882782344353113;-0.4340277777777778;-0.6522542564011458
Medium;0.0005199896002079;-0.7557392102846648;-1.1273521198827725
Unknown;0.2780744385112297;0.2261904761904762;0.4754415517684363
Low;0.2125957480850383;-0.3000977517106549;-0.4022071588528097
Medium;0.0001999960000799;0.6457304163726182;0.7827709379667469
High;0.2587148257034859;0.2210884353741496;0.322649824361735
Medium;0.5103097938041239;0.2765957446808511;0.2986410590485212
High;0.24887502249955;-0.3003663003663003;-0.3431822814073431
Unknown;0.2010759784804303;-0.5770833333333333;-0.3701945459013567
Medium;0.0171996560068798;-0.4836120401337793;-0.7460769063397205
Unknown;0.6054678906421872;-0.1176470588235294;-0.3357863171434268
Medium;0.7360652786944261;-0.0927643784786641;-0.0998504198483366
High;3.999920001599968e-05;0.625;1.1977414694769326
Unknown;0.0630387392252155;0.4416666666666666;0.6601198078804015
High;0.0026799464010719;-0.4800853485064011;-0.725160418714128
High;0.2355552888942221;-0.2573839662447257;-0.4147167300755867
High;0.0950380992380152;-0.7230769230769231;-0.7014103898505455
Low;0.0138397232055358;-0.4826388888888889;-0.9338373074316724
Medium;0.0029999400011999;0.4028103044496487;0.7638223919169771
High;0.0074798504029919;0.5643939393939394;0.7766234165702899
Medium;0.2127157456850863;-0.1264367816091954;-0.7137813493176753
Unknown;0.3490330193396132;0.2555555555555555;0.3400449897859173
High;0.499430011399772;-0.3393393393393393;-0.2269412806255601
Low;0.0338793224135517;-0.6153846153846154;-0.8064306656540432
High;0.6205075898482031;0.1640625;0.1917194853684183
High;3.999920001599968e-05;0.8888888888888888;1.8321966364756024
Low;0.0015599688006239;0.7026627218934911;0.6614075982648492
High;0.0152396952060958;-0.4582857142857143;-0.7661352198807879
Medium;0.3895522089558209;0.2572298325722983;0.3039511678217256
Unknown;3.999920001599968e-05;0.6190105181145306;0.7796432960557548
Unknown;0.0295994080118397;0.5;0.7711644113017546
Unknown;0.1893562128757424;-0.4876543209876543;-0.421717877503975
High;0.3441531169376612;0.1177685950413223;0.3049545642950349
High;7.999840003199936e-05;0.75311004784689;0.6865737853833191
Unknown;0.5260694786104277;-0.0975609756097561;-0.2386019481203646
High;0.9007019859602808;-0.0897887323943662;0.0563700281303911
High;7.999840003199936e-05;-0.5841013824884793;-1.1605139338672132
High;0.8027039459210816;-0.1005291005291005;-0.0634588871795121
Unknown;0.9503009939801204;-0.0277777777777777;0.0121813645984465
Low;0.7776244475110498;0.0363636363636363;0.0798575294296145
Medium;0.9299814003719924;-0.0204081632653061;-0.0306867533585914
High;3.999920001599968e-05;0.8538011695906432;1.1644813771426494
Unknown;0.5252694946101077;-0.3533834586466165;-0.2435454703607786
Medium;0.0027599448011039;-0.5904761904761905;-1.3509716490597463
Medium;0.0089598208035839;-0.6866359447004609;-1.2263686963919411
Medium;0.8159036819263614;-0.1202435312024353;-0.0671757856342743
Medium;0.0010799784004319;-0.5338491295938105;-1.153208392893036
High;0.3794324113517729;-0.0151515151515151;-0.2854315374902919
High;0.6572268554628907;-0.108695652173913;-0.1815245336452368
Unknown;0.0135597288054238;-0.2407407407407407;-1.2127091599843205
Unknown;0.0509189816203675;0.3369272237196765;0.7695568152619827
Low;0.0005199896002079;-0.5888888888888889;-1.2814623908227127
High;0.0866382672346553;-0.3448275862068966;-0.7659730212624362
Unknown;0.5247895042099158;0.1242138364779874;0.2078028964023995
High;0.3367132657346853;0.1622222222222222;0.3132034612718639
Unknown;0.3993520129597408;-0.1333333333333333;-0.3667582047214178
Low;0.9369412611747764;0.0671550671550671;0.036243911396619
Unknown;0.2193556128877422;-0.4613583138173302;-0.5178480151175963
High;0.0774384512309753;0.3302469135802469;0.6041342939420637
Low;0.2891942161156777;0.3133640552995391;0.4204447219539847
Unknown;0.370352592948141;-0.2222222222222222;-0.2925568270189398
High;0.0001199976000479;-0.825;-1.668194162184293
High;0.3805523889522209;0.1576354679802955;0.359468535889701
High;0.2017559648807023;-0.2385185185185185;-0.453928883369193
Unknown;0.0403191936161276;0.2742805755395683;0.4932233603503763
High;0.0002399952000959;-0.5806451612903226;-1.031990543101254
Low;0.9337013259734804;-0.04296875;-0.0186229034260431
High;0.6951460970780584;0.0714771953710006;-0.1035091239965605
High;0.0051998960020799;-0.782051282051282;-1.5083024078330378
High;0.0139197216055678;0.4857142857142857;0.906853731102873
Unknown;0.0037199256014879;0.6121951219512195;0.9145819368521868
High;0.0146397072058558;-0.4452380952380952;-0.6908534498213496
High;0.0003999920001599;-0.8263888888888888;-1.164312713615336
Unknown;0.0235195296094078;0.5333333333333333;1.1112150612726324
Unknown;0.1327573448531029;0.2884615384615384;0.5582646755775088
High;0.9436611267774644;-0.0618336886993603;0.0592631869873458
High;0.3150336993260135;0.1987179487179487;0.3812928064646756
Unknown;0.3222335553288934;0.0423076923076923;-0.3773051003305303
High;0.987340253194936;-0.0425029515938606;0.0165104503746874
Unknown;0.2346353072938541;0.1461988304093567;0.4087507788679291
Control;0.7075058498830024;0.0396825396825396;0.1558668507514721
High;0.1347973040539189;0.3476190476190476;0.6081344998826473
Low;0.0811983760324793;-0.4335664335664335;-0.577633379753587
High;0.0003199936001279;-0.5833333333333334;-1.1543323126264906
Unknown;0.5903481930361393;0.0;-0.1697009571501426
Low;0.2585548289034219;0.1568627450980392;0.3232121437266458
Medium;0.9194216115677688;0.3086419753086419;0.0881000790013494
High;0.7931841363172737;0.0;-0.0953183455618812
Unknown;0.1835563288734225;0.3333333333333333;0.5661188295832653
Medium;0.0973180536389272;0.2565656565656565;0.4804281520833232
Medium;0.1447571048579028;-0.3435897435897436;-0.522975848099361
Unknown;0.5396692066158677;-0.2465116279069767;-0.2922876709213422
Unknown;0.1112377752444951;-0.4271844660194174;-0.5237885780750684
Unknown;0.0878782424351513;-0.376984126984127;-0.6557480152666303
High;0.0003199936001279;-0.5445816186556928;-1.7544540886037494
Medium;0.0092398152036959;-0.4912280701754385;-1.0035561119026473
High;0.9682606347873044;0.0550847457627118;0.0427896610391119
High;0.0009199816003679;-0.8;-1.4700478819886986
High;0.0135997280054398;-0.537467700258398;-0.9140921394454248
Unknown;0.0810383792324153;-0.2424242424242424;-0.90808458880275
Unknown;0.0239995200095998;0.5;0.6183924302307391
Unknown;0.7062258754824904;0.0426065162907268;-0.1008674587468403
Unknown;0.8501429971400571;0.0;-0.0591851357280572
Unknown;0.8485830283394332;-0.0409090909090909;-0.0544564911869857
High;0.0001199976000479;-0.5785714285714286;-1.3933955320631228
Medium;0.0104397912041759;0.5390243902439025;0.821730291412488
High;0.0062398752024959;-0.6535947712418301;-1.2505928938814388
Unknown;0.2117557648847023;0.0041666666666666;-0.4979076269543137
High;0.9767404651906962;-0.1165980795610425;-0.0258355315532998
Unknown;0.4607107857842843;-0.3694444444444444;-0.248251738499784
High;3.999920001599968e-05;0.8;1.481155421587779
High;0.0951580968380632;-0.4303030303030303;-0.5626470203692571
High;0.0207595848083038;0.6;0.9212324881833704
Unknown;0.6981860362792744;0.0634328358208955;0.1513200964221847
Unknown;0.3484330313393732;0.1418439716312056;0.4264071799232076
Low;0.989260214795704;-0.0628087508821453;0.0324110581873312
Low;0.9473410531789364;0.1629629629629629;-0.0089529189073005
Medium;0.5938281234375312;0.0820895522388059;0.2112232798442629
Low;0.0022799544009119;0.4597902097902098;0.8035172454739216
Medium;3.999920001599968e-05;0.6651785714285714;0.950016393730934
Medium;0.9238615227695446;0.1003236245954692;0.0473547910954701
Unknown;3.999920001599968e-05;-0.7985185185185185;-2.2011048546308256
Unknown;0.0718785624287514;-0.3911007025761124;-0.803564135020676
High;0.1891162176756465;-0.2859259259259259;-0.4645268773391645
Unknown;0.3994720105597888;-0.3828571428571428;-0.3945978441688705
Low;0.0004799904001919;-0.6929824561403509;-1.1168456094483568
Unknown;0.0413191736165276;0.4927536231884058;0.7775165349689227
High;0.5232695346093078;0.0725806451612903;0.1838107869531449
Unknown;0.3624727505449891;0.2142857142857142;0.3718728737130994
High;0.6689466210675786;0.0432098765432098;0.1862532165199751
High;0.1605967880642387;-0.3044444444444444;-0.4845140697509131
Medium;0.0395192096158076;0.4317862165963432;0.7226821241950191
Medium;0.498030039399212;0.0397805212620027;-0.258157838646838
High;0.3535529289414211;-0.0874125874125874;-0.240782181805569
High;0.0263994720105597;-0.3530864197530864;-0.756481830386931
Medium;0.5155096898062039;-0.0588235294117647;0.2228346646929866
High;0.1530369392612147;-0.3308823529411764;-0.5382342694750998
Unknown;0.0001199976000479;-0.7658730158730159;-1.209993354717369
Unknown;0.0013599728005439;0.6352785145888594;0.9119516679258696
High;0.632227355452891;-0.1534883720930232;-0.1351249568732085
Unknown;0.365392692146157;-0.3957845433255269;-0.3562804294145684
Medium;0.7101057978840423;-0.122051282051282;-0.0979204699648361
Low;0.0328393432131357;0.5930735930735931;0.7828432321557701
Unknown;0.1059978800423991;-0.3362962962962963;-0.5845552554734195
Low;0.0700385992280154;0.305;0.5542116040148198
High;0.0001599968000639;0.4954954954954955;1.2680536708300914
Medium;3.999920001599968e-05;-0.8892857142857142;-2.034093072769564
High;0.9788204235915282;0.1796982167352537;0.0469700555115269
High;0.503589928201436;0.037037037037037;0.2587730582667007
High;0.3008339833203336;-0.1521739130434782;-0.3920771664741014
Low;0.0184796304073918;-0.4440298507462686;-0.9155154439862716
High;0.3792724145517089;-0.1993769470404984;-0.2664871406979351
High;0.0033599328013439;0.6681887366818874;0.9874977567085328
Unknown;0.0018399632007359;-0.3669354838709677;-1.7021258215990651
Unknown;0.5097098058038839;0.1303630363036303;0.2195329215227651
Unknown;0.367152656946861;0.2246376811594203;0.3381577204703231
Low;0.0321593568128637;-0.4363143631436314;-0.8210464477455413
