Dosage;p-value;Cliff's Delta;Cohen's D
Low;0.2919941601167977;0.3469387755102041;0.4699806990724643
Unknown;0.0047599048019039;-0.5703703703703704;-0.7764348771346091
Unknown;0.988380232395352;0.1533333333333333;-0.0293659250325758
High;0.0038399232015359;-0.4469696969696969;-0.6938440096165202
Unknown;0.0046399072018559;0.1784511784511784;1.0506123282020337
High;0.0053598928021439;-0.236745406824147;-0.6845371119061334
Unknown;0.6141077178456431;0.230392156862745;0.2049577480727043
High;0.7089458210835783;0.0408026755852842;0.0970836615422197
Low;3.999920001599968e-05;0.801920768307323;1.0980292867726078
Unknown;0.4535509289814203;0.1968954248366013;0.1635546350714838
Low;0.0055198896022079;0.6441102756892231;1.0654487973966953
Unknown;0.0138797224055518;-0.5310344827586206;-0.8019948648752285
High;0.0093198136037279;-0.5186567164179104;-0.9387496512417208
Unknown;0.238755224895502;0.2345679012345679;0.4262241691502934
High;0.0158796824063518;0.6635802469135802;0.9458550037701534
Unknown;0.5295094098118037;0.1177944862155388;0.2607387880614703
High;0.9167016659666808;0.2630490956072351;0.0078998781039167
Low;0.8718625627487451;0.4868686868686869;-0.0693372571847537
High;0.9384612307753843;0.2244444444444444;-0.0110814230117104
Unknown;0.0241995160096798;0.5192307692307693;0.9331686108302952
Unknown;0.0207595848083038;-0.4583333333333333;-0.8504256527384211
Low;0.3100737985240295;-0.0569800569800569;-0.301340907118293
Unknown;0.9238615227695446;0.0311111111111111;-0.0385093376469999
Unknown;0.5244295114097718;0.1752136752136752;0.181249233354786
Unknown;0.5237095258094838;-0.1614691614691614;0.1783564966265372
Unknown;0.0537989240215195;0.8174603174603174;0.9981144887399714
Medium;0.0005599888002239;0.7369614512471655;1.5607337647398478
Unknown;3.999920001599968e-05;-0.7805907172995781;-1.1616893248823787
Unknown;0.9065418691626168;0.1160493827160493;-0.0555572893088134
High;0.4087918241635167;0.0428571428571428;-0.2419685058024124
Medium;0.9176216475670488;0.0485436893203883;0.0318548748392549
High;0.9497810043799124;0.2591478696741854;-0.0408762439281326
Unknown;0.5451490970180597;0.1194379391100702;0.2428716219361238
Unknown;0.0303993920121597;-0.4128943758573388;-0.8080850784250051
High;0.3192736145277094;0.1081081081081081;-0.3797764190295716
Medium;7.999840003199936e-05;-0.7980295566502463;-2.088489537328194
High;0.7609447811043779;0.2609970674486803;0.0867973735787088
High;0.2692346153076938;0.0973597359735973;-0.3500791729305302
High;0.7631047379052419;0.3061224489795918;0.1125721391959332
Unknown;0.0007199856002879;0.7843137254901961;1.7069027978571334
High;0.114717705645887;0.5464285714285714;0.6274016450611645
Unknown;0.5592688146237075;0.1041162227602905;0.2410478723086223
Unknown;0.1869962600747985;-0.2651851851851852;-0.4256149270829508
Unknown;0.244515109697806;-0.2736077481840194;-0.4786157603141067
Unknown;0.0057598848023039;0.5886363636363636;0.9681945435511794
High;0.6281874362512749;0.28;0.1844829070411325
Unknown;0.0002799944001119;0.721025641025641;1.198596793237078
Unknown;0.0206795864082718;-0.5277777777777778;-0.8590719330898317
High;0.6811863762724746;0.0117647058823529;-0.1833234430526662
High;0.0081598368032639;-0.5192743764172335;-0.9717851326461212
Unknown;7.999840003199936e-05;-0.6146788990825688;-1.023004630330296
Low;0.500029999400012;0.5151515151515151;0.2026709848936357
Low;0.5699486010279794;0.4551282051282051;0.2261618272571636
High;0.9595413595413596;-0.0458715596330275;-0.1454584709555234
Unknown;0.5295894082118358;0.0041958041958041;-0.2081364239338626
High;0.1762364752704946;-0.1380145278450363;-0.5355194621710487
Unknown;0.365032699346013;0.2355072463768115;0.3409019174907375
Unknown;0.9826203475930482;-0.0988235294117647;-0.0106765711264737
High;0.7153856922861542;0.1742424242424242;-0.2011016202678782
Medium;0.4206315873682526;0.1543209876543209;-0.3940971498147294
High;0.9736205275894482;0.2677304964539007;-0.0485466094483803
Unknown;0.1100377992440151;-0.2403628117913832;-0.4458116792998081
High;0.9249015019699606;0.2023809523809523;-0.0082658158404512
Unknown;0.2557948841023179;-0.125;-0.295068276382383
Control;0.0001599968000639;0.696551724137931;1.3865372838594323
High;0.0437991240175196;-0.3125;-0.6350275344196774
Medium;0.1798364032719345;0.0937950937950937;0.4886831967082433
Unknown;0.0489190216195676;0.6388888888888888;1.1203735337907252
Unknown;0.3856307435254804;-0.2941176470588235;-0.4954601097562987
High;0.3844323113537729;0.1417445482866043;0.2702736014940007
Low;0.8301433971320573;0.0648148148148148;-0.1032735794492441
Unknown;0.6603709741917623;0.1071428571428571;0.2797994775951651
High;0.5523489530209396;0.1020408163265306;-0.2724167534756913
Unknown;0.0511189776204475;0.5566502463054187;0.9589254328861004
Unknown;3.999920001599968e-05;-0.7203703703703703;-1.4079390373792928
Unknown;0.5451890962180757;-0.1428571428571428;-0.2484291320282543
High;0.0056398872022559;-0.4277511961722488;-0.7244138677076748
Medium;0.0003599928001439;-0.4725925925925926;-1.505407862981614
High;0.7203855922881542;0.105050505050505;-0.1462917444179469
Unknown;0.6366672666546669;-0.173076923076923;-0.2240133767331524
Medium;0.378152436951261;-0.0985645933014354;-0.2949531099219038
Unknown;0.0417991640167196;0.4587251828631139;0.7210937088394146
Low;0.0771184576308473;0.6354816354816355;0.5868404758626233
Medium;0.8004639907201856;0.0890287769784172;-0.1071072718886335
Unknown;0.0033999320013599;-0.4609375;-1.2778617350429773
Low;0.5641087178256435;0.0842105263157894;0.1801445935715324
Unknown;0.5178696426071479;0.16;0.2852673225894593
High;0.0983180336393272;-0.1305970149253731;-0.5757981072776557
Unknown;0.8906621867562649;0.1012987012987013;-0.1273566724028235
Unknown;0.862662746745065;0.0;-0.0692540617355304
Unknown;0.8575428491430171;0.065359477124183;0.0435234610699852
High;0.6590668186636267;0.1351351351351351;0.1419822684449796
Low;0.4163116737665246;0.175;0.2889429481713285
Unknown;0.0919181616367672;-0.3111111111111111;-0.6052435652950942
High;0.5686686266274674;0.2857142857142857;0.1700440891478726
Low;0.4633107337853243;0.2108716026241799;-0.2651202165973487
Low;0.2940341193176136;0.1116071428571428;-0.2775163087571564
Unknown;0.6855862882742345;-0.1578947368421052;-0.1145371190469761
Unknown;0.1032779344413111;0.4444444444444444;0.7174479379327094
Unknown;0.2800743985120297;0.1241446725317693;0.3473048798976717
Medium;0.2002759944801104;-0.1909090909090909;-0.4021190613967805
High;0.5476690466190676;0.2961538461538461;-0.2710553063994435
Unknown;0.7204255914881702;-0.1928571428571428;-0.1130949628267226
Unknown;0.127477450450991;0.3261904761904762;0.5181676251910665
High;0.0751184976300474;0.2934472934472934;0.5201384994880236
Unknown;0.2783944321113578;0.270440251572327;0.4742768757836317
Unknown;0.123837523249535;-0.3;-0.5260829331229084
High;0.0065198696026079;0.3770992366412213;0.7885315328959985
Control;0.1958760824783504;0.0882694541231126;-0.3578080542826393
Medium;0.877062458750825;0.3839662447257383;-0.1047998647026726
High;0.0357592848143037;-0.1565656565656565;-0.5098433372212984
Unknown;0.8122237555248895;0.1377777777777777;0.104549953287864
Medium;0.0077198456030879;-0.2596153846153846;-0.7734907571958255
High;0.624507509849803;0.3362962962962963;0.1528190106766977
Unknown;0.0268794624107517;0.4924242424242424;0.835868160565709
Unknown;0.1633967320653586;-0.0148148148148148;0.6447033525118724
Medium;0.2946341073178536;-0.0476190476190476;-0.3157787721874753
High;0.883582328353433;0.1544117647058823;-0.0914796684610657
Unknown;0.6692666146677066;0.1224489795918367;0.1355644896311574
Unknown;0.4671506569868602;0.2578616352201258;0.266942328314751
Medium;0.8432231355372892;0.2337349397590361;0.0396308758320907
Medium;0.0100397992040159;0.5144230769230769;0.9340117341806372
Unknown;0.8495430091398172;-0.0098522167487684;-0.0949540987432792
Unknown;0.0040799184016319;-0.619482496194825;-1.0881010305490912
High;0.493110137797244;0.410377358490566;0.1985351360740137
High;0.0092398152036959;-0.2815808045165843;-0.6550070741709836
Unknown;0.9305013899722006;0.0211202938475665;0.016989614173068
High;0.0115197696046079;0.4283400809716599;0.8031835080343832
Unknown;0.0002399952000959;0.7413333333333333;1.1773158654524467
Medium;0.0069998600027999;-0.274818401937046;-0.6856172801944955
High;0.4536309273814524;0.2428571428571428;-0.3227584142688399
High;0.745905081898362;0.1380145278450363;0.0950431964356294
Unknown;0.1011979760404791;0.3202614379084967;0.7511105084685312
Unknown;0.3098738025239495;-0.1495601173020528;-0.3266906200030297
High;0.4274714505709885;0.3529411764705882;0.2849645567164878
Low;0.0036399272014559;0.5194805194805194;1.0725269252777072
High;0.0109997800043999;-0.5619047619047619;-0.8101737662372678
Unknown;0.1527969440611187;-0.1972789115646258;-0.6037633290510797
Unknown;0.0471990560188796;0.52;0.9235030404973544
Unknown;0.0353992920141597;0.6222222222222222;1.057789929992956
Unknown;0.9213415731685366;0.0298507462686567;-0.1931060640230739
High;0.6691466170676587;0.2181069958847736;-0.1920601421650118
High;0.5235095298094038;0.1319444444444444;-0.2758572465590823
Low;0.4436711265774684;0.198019801980198;-0.2538315040355186
Unknown;0.0005999880002399;-0.6382775119617224;-1.137622290462624
Unknown;0.0011599768004639;0.8364779874213837;1.8165523914242852
High;0.1263974720505589;-0.2207407407407407;-0.4886688451466806
High;0.245835083298334;0.6029055690072639;0.4931330218631791
Unknown;3.999920001599968e-05;0.6957328385899815;1.6449657521566354
Unknown;0.0007999840003199;0.4942396313364055;0.9258941001217176
High;0.0052398952020959;-0.2972350230414746;-0.7426949194333728
Unknown;0.6009479810403792;-0.0851063829787234;-0.2472244322326357
High;0.0891182176356472;-0.2607392607392607;-0.471675579259967
High;0.8034239315213696;0.4804318488529014;0.0445926797881002
Unknown;0.9319413611727766;0.0264550264550264;0.0467056406964438
Medium;0.0254794904101917;-0.4233766233766233;-0.7898825571550395
High;0.1540369192616147;0.3514739229024943;0.6503588939921556
High;0.5170696586068279;0.0378787878787878;-0.2708149414151951
Unknown;0.2155956880862382;-0.3148148148148148;-0.5410477767564671
Medium;0.1507969840603188;-0.1883289124668435;-0.4022583245276444
Unknown;0.2256754864902702;0.2415584415584415;0.4949383402926196
High;0.4334713305733885;0.1527777777777778;-0.3577152000824998
High;0.1402771944561108;-0.132716049382716;-0.4952517948389915
Unknown;0.1498770024599508;-0.2773109243697479;-0.504098860809866
High;0.0863182736345273;-0.4147465437788018;-0.703561405323872
Unknown;0.0053598928021439;-0.3934624697336562;-0.7892425676985205
High;0.2354352912941741;0.5882352941176471;0.3459018556248606
Unknown;0.0310793784124317;-0.3823953823953824;-0.676056214536342
High;0.4521509569808604;0.1377694470477975;-0.2926293196319394
Medium;0.7351052978940421;0.3040935672514619;-0.1527655946081912
Unknown;0.0079598408031839;-0.4612794612794613;-0.8101373417213416
High;0.5068698626027479;0.3155555555555555;0.3021259518523596
Low;0.0010799784004319;-0.6145833333333334;-1.162566287725935
Unknown;0.4310713785724285;0.2592592592592592;0.3182430894839583
Medium;0.0647187056258874;-0.0786163522012578;0.8839145456767185
Unknown;0.0103197936041279;-0.5545454545454546;-0.920028056618
Medium;0.1353572928541429;0.1723646723646723;-0.4339618125817921
Unknown;0.4597508049839003;-0.1578947368421052;-0.3000473646871396
High;0.2309553808923821;0.2653061224489796;0.3919361290667022
High;0.490030199396012;0.2744186046511628;-0.2657071430729976
High;0.1067978640427191;0.6477987421383647;0.7762007691573238
High;0.0029199416011679;-0.7090909090909091;-1.0528603625345478
Medium;0.8459430811383772;-0.0464310464310464;0.0458412767297008
Low;0.4128317433651327;-0.1103448275862069;-0.2894248652538458
High;0.3088338233235335;0.0980392156862745;-0.492562139391672
Unknown;0.5081498370032599;-0.0778164924506387;0.1294288332295343
High;0.0063598728025439;-0.286815415821501;-0.5754021550509716
High;0.5984680306393872;-0.0229885057471264;-0.2059836018746707
Medium;0.0007599848003039;-0.2888888888888888;-0.5967444092404623
Unknown;0.0782784344313113;-0.4285714285714285;-0.5786559272976786
Unknown;0.2037959240815183;-0.270509977827051;-0.4064339661981423
Unknown;3.999920001599968e-05;0.7779264214046823;1.562732425610457
High;0.0880382392352153;0.3283582089552239;0.5790706606013842
Unknown;0.124837503249935;0.3006993006993007;0.4528466819521345
High;0.0039199216015679;0.7037037037037037;1.2590096016546273
Low;0.0067998640027199;-0.3873239436619718;-0.9800976716964442
High;0.4405511889762205;-0.0555555555555555;-0.2440341024759872
High;0.5775484490310194;0.1689922480620155;-0.1796191754470124
Low;0.1725965480690386;0.025;-0.3440522036383855
Medium;0.8641827163456731;0.2612612612612612;0.0361617521244081
Unknown;0.9175016499670008;-0.1617224880382775;0.0184791078145936
High;0.4249515009699806;-0.1367521367521367;-0.5742426048563959
Low;0.3131937361252775;-0.0013262599469496;-0.3003776841604791
High;0.5775084498310034;0.2426966292134831;0.1630848067216646
Unknown;0.0011199776004479;-0.7200577200577201;-1.2919294998336193
High;0.0434791304173916;0.5915915915915916;0.8230789797403993
High;0.118477630447391;-0.0461538461538461;-0.562181633693032
Unknown;0.3353532929341413;-0.2836879432624113;-0.3592269090066232
Unknown;0.7880642387152257;0.1644444444444444;-0.2168341552870687
High;0.378512429751405;0.5898617511520737;0.343828920028429
Low;0.6613067738645227;0.4006968641114982;0.1012167072267453
Unknown;0.3399532009359813;-0.4831591173054588;-0.2725501754958929
Unknown;0.1924761504769904;0.4426229508196721;0.5381849744200934
High;0.6876262474750505;0.1666666666666666;0.129664306965113
Unknown;0.6512669746605068;0.0507936507936507;0.1267727254685788
Low;0.374952500949981;0.405152224824356;0.4414291313527758
High;0.1957960840783184;0.0055555555555555;-0.4626899670221336
Unknown;0.0083598328033439;0.4254594962559564;0.8061363916403229
Medium;0.372712545749085;0.3766233766233766;0.3065320620437949
Unknown;0.0198396032079358;0.6737588652482269;1.087606066277373
Unknown;3.999920001599968e-05;0.817925194071983;1.961620043579717
High;0.5680286394272115;0.3817330210772833;0.2053727795614101
High;0.1304373912521749;-0.1066666666666666;-0.4939236890394047
High;0.24907501849963;0.0672963400236127;0.3347449423490116
Medium;0.6082278354432912;0.4077901430842607;-0.150753840417551
High;0.0156796864062718;-0.424860853432282;-0.5413185658775895
Medium;0.0054798904021919;0.6666666666666666;1.1437781127222704
Medium;0.9721405571888562;0.3087557603686636;-0.0147915552882005
Medium;0.9734205315893684;0.2415254237288135;-0.0342137116310953
Medium;0.502709945801084;0.2368421052631578;-0.2671935066186268
Low;0.3641527169456611;0.0916666666666666;-0.3422819987972387
High;3.999920001599968e-05;-0.9574468085106383;-2.304967007655329
Unknown;0.3042739145217095;0.157051282051282;0.3171693238064985
High;0.3376732465350693;0.102112676056338;-0.3860542415325732
Unknown;0.7441451170976581;0.048;0.1465137281394408
High;0.8610227795444091;0.2649253731343283;-0.1174941064053767
High;0.5719885602287954;0.3873873873873873;0.1801603188509414
High;0.1575968480630387;-0.1403508771929824;-0.2575335498509019
High;0.0921181576368472;0.0146198830409356;-0.577115598727046
High;0.2798344033119337;-0.2131147540983606;-0.428719940400431
High;0.987980240395192;0.0714285714285714;-0.0530060496092966
Medium;0.8515429691406172;0.1654929577464788;-0.0915947351380798
High;0.4055918881622367;-0.0773558368495077;-0.3144768122682888
High;0.0064398712025759;0.6137931034482759;1.0505985670128628
High;0.7799444011119777;0.3644067796610169;0.0525493518809745
Medium;0.0001999960000799;-0.7585733882030178;-0.7064668362729334
High;0.8377432451350973;0.2507122507122507;0.0515822268266465
Medium;0.5935481290374193;0.5526315789473685;0.0893014097789622
High;0.0629187416251675;0.346031746031746;-0.4623321768462181
Low;0.98610027799444;0.1417142857142857;-0.0196666372770139
High;0.115917681646367;-0.1762589928057553;-0.3448653639848232
Medium;0.4355512889742205;0.1383399209486166;-0.3794889067762667
High;0.117237655246895;0.1062091503267973;-0.4495945500208622
Medium;0.3623927521449571;0.3770491803278688;0.324522467742342
Unknown;0.0029199416011679;0.6706349206349206;1.2630649648704837
High;0.1393572128557428;0.0330882352941176;-0.4968176078913536
Unknown;3.999920001599968e-05;-0.8394332939787486;-1.7721730031020768
Unknown;0.0525189496210075;-0.3142112125162972;-0.5582638675839167
High;0.6081478370432591;0.1037037037037037;0.2266125481325461
High;0.8191436171276575;0.3211567732115677;-0.1206399636057983
High;0.3167536649267015;0.5432098765432098;0.4435450674116206
High;0.7802243955120898;0.2935064935064935;-0.2455138101018354
Unknown;0.2109957800843983;-0.2736077481840194;-0.5098810846466514
Medium;0.864822703545929;0.2685185185185185;-0.0965660541481244
Medium;0.1859162816743665;0.0373134328358208;-0.4760149278192009
High;0.743505129897402;0.3061224489795918;0.0720587759237641
High;7.999840003199936e-05;0.8886198547215496;2.404463775222273
Unknown;0.3361932761344773;0.2679738562091503;0.4195049750481233
Unknown;0.4071118577628447;0.2127659574468085;0.3610286221605602
High;0.1091178176436471;-0.2288037166085946;-0.4059513958938251
High;0.4357912841743165;0.2883116883116883;-0.361404005087378
High;0.7125457490850183;-0.0178571428571428;-0.1119330905120555
Medium;0.9004219915601688;0.18359375;-0.0938658147332352
Medium;0.120477590448191;-0.2855902777777778;-0.4204354759352058
Unknown;0.2572748545029099;0.173469387755102;0.454353662407497
Medium;0.9668206635867282;0.2258823529411764;-0.0441871402736951
Medium;0.1398772024559509;0.3766233766233766;0.5858752098113323
High;0.9197416051678966;0.150492264416315;-0.0727969342780534
High;0.0250394992100158;-0.4498229043683589;-0.5393106747190047
Medium;3.999920001599968e-05;-0.98;-2.1263493959419684
Low;0.3247535049299014;-0.0277777777777777;-0.475051683935791
Unknown;0.3187936241275174;-0.22;-0.4441724385299204
Medium;0.624667506649867;-0.0062893081761006;0.1956268359700877
Unknown;0.0265994680106397;-0.3488063660477453;-0.6372627328178788
High;0.1891562168756624;0.3003003003003003;0.4644085560959676
Low;0.3398332033359332;0.1688311688311688;-0.4650068379693298
Unknown;0.114317713645727;0.353968253968254;0.5206344536198023
Unknown;3.999920001599968e-05;0.9471153846153846;2.8725563200522584
Low;0.2711545769084618;-0.1643192488262911;-0.396266757322483
Unknown;0.4690706185876283;-0.0919003115264797;-0.2275247916420614
Medium;0.1987160256794864;0.0509490509490509;-0.4106725274195998
High;0.0487990240195196;0.6033755274261603;0.804876969816421
High;0.0066798664026719;-0.375;-0.6533231878532662
Unknown;0.7178656426871463;-0.1020408163265306;-0.1426479391928721
High;0.3221935561288774;-0.1588571428571428;-0.27727310133691
Medium;0.1724765504689906;0.4824191279887482;0.5025161336846239
High;0.0202395952080958;-0.4126984126984127;-0.5133947880655103
Unknown;0.4363112737745245;0.1680327868852459;0.2847881961274013
Medium;0.122637547249055;-0.3785714285714285;-0.5019341253183202
Unknown;0.124557508849823;0.4123456790123457;0.5238526630565535
Unknown;0.0001199976000479;0.7894736842105263;1.6553267457738614
Unknown;0.0049999000019999;-0.54337899543379;-1.156212994187714
High;0.0463590728185436;-0.3635116598079561;-0.6709981592342118
High;0.1608367832643347;-0.28125;-0.5041180114884203
Medium;0.116997660046799;-0.2885802469135802;-0.491400657645377
Unknown;0.4097518049639007;0.0695792880258899;0.2558458060610206
Unknown;0.0128397432051358;0.7318840579710145;1.300340149026752
Low;0.1725965480690386;0.2675324675324675;0.5913666672474956
High;0.3268734625307494;0.0166177908113391;-0.3366270272398881
High;0.0112397752044959;-0.4345114345114345;-0.6215504097735615
Unknown;0.0391992160156796;-0.4055299539170507;-0.7006466934363881
Unknown;0.9110204081632652;0.0208333333333333;0.0731245237390571
High;0.4004719905601888;0.1024531024531024;-0.3375139345319768
Unknown;0.0241195176096478;-0.5362318840579711;-0.9492418293474904
High;0.8933821323573529;0.4807692307692308;0.0841933132281109
High;0.0150396992060158;-0.3767482517482518;-0.6304576267478766
Low;0.5760684786304274;0.1771771771771771;0.1848856286127809
Unknown;0.0031199376012479;0.4098765432098765;1.024663142044421
High;0.0207195856082878;-0.46;-1.0474992155376888
Low;0.5926681466370672;0.1590909090909091;-0.2240121325330197
High;0.6926261474770504;0.1682098765432098;-0.1731696309522803
High;0.9115417691646168;0.3444444444444444;0.0118115889012729
High;0.0865582688346233;-0.1636363636363636;-0.6776973782863722
Unknown;0.0717585648287034;0.46484375;0.7517532423480965
High;0.8384632307353853;0.003731343283582;-0.1181825745862131
High;0.1122377552448951;0.2983333333333333;0.4862215561685374
Medium;0.0509989800203995;0.1764705882352941;0.7557432153663739
High;0.4574708505829883;-0.1836734693877551;-0.3323802270582744
High;0.0084798304033919;0.39;0.8151873021796924
Unknown;0.0138397232055358;0.5116279069767442;0.8045153717857052
Unknown;0.0343993120137597;0.1860744297719087;0.6186383720333296
Unknown;0.0026799464010719;0.5238095238095238;1.0215187997333333
Unknown;0.1325173496530069;-0.2805555555555555;-0.5236178322423917
Unknown;0.5188296234075318;-0.12;-0.2334205008126991
Unknown;0.6081078378432432;0.0274170274170274;-0.1873283425652796
High;0.1335173296534069;-0.0330532212885154;-0.3945618101965553
High;0.0060798784024319;0.5710594315245479;0.7958567260275339
Low;0.8489830203395932;0.2176870748299319;-0.0919642144560183
Medium;0.7981440371192576;0.1734939759036144;-0.1283493723189981
Unknown;0.3817123657526849;-0.2224824355971897;-0.3414732127382576
Medium;0.8074638507229855;0.2417582417582417;0.045851567557776
Unknown;0.0341993160136797;0.5431818181818182;0.8087879189801787
Control;0.6441071178576429;0.5428571428571428;0.1199597633719975
High;0.0007599848003039;-0.7428571428571429;-0.7384010241116045
Unknown;0.0002799944001119;-0.6323676323676324;-1.088922442171802
Low;0.0619187616247675;-0.1632453567937438;-0.557177676972825
Control;3.999920001599968e-05;-0.9565217391304348;-1.7763867191247444
Unknown;0.1690766184676306;0.5986394557823129;0.720781995273126
High;0.0112797744045119;-0.4356060606060606;-0.4895513722507174
High;0.0009599808003839;-0.4358974358974359;-0.924257477072108
Unknown;0.0536789264214715;0.4621578099838969;0.7307013647470835
Medium;0.9336613267734646;0.2324561403508772;-0.0812672043084368
High;0.0701985960280794;0.0526315789473684;-0.6046508633335976
High;0.4203515929681406;-0.040983606557377;-0.2882978739438913
Unknown;0.0238795224095518;0.5767195767195767;0.9358746845221584
High;0.5113497730045399;0.0718954248366013;0.2797448977445351
Low;0.503709925801484;0.2068965517241379;-0.3032508906990485
High;0.7584248315033699;0.1679012345679012;-0.1463893046331694
Unknown;0.4488310233795324;-0.2177777777777777;-0.3672103490768487
Unknown;0.4591508169836603;-0.0549450549450549;-0.2376179407169897
Low;0.5739085218295634;0.1273046532045654;-0.1722867408512211
High;0.4350712985740285;0.0327635327635327;-0.2531659119267156
Unknown;0.3369132617347653;0.1729957805907173;0.3392649252136557
Unknown;0.0034399312013759;0.5466666666666666;1.096926553446578
High;0.1597168056638867;-0.25;-0.5042704623247193
Medium;0.6880662386752265;0.24375;-0.1434052776887709
Unknown;0.4801503969920601;0.1777777777777777;0.3201378608307391
High;0.377592448151037;0.1241217798594847;-0.3837402669724696
Medium;0.2955940881182376;0.5477941176470589;0.4000721304307497
High;0.751104977900442;0.1083333333333333;-0.1472625511261511
High;0.8406231875362493;0.2611940298507462;-0.1297943621929427
Unknown;0.0640387192256154;-0.38544474393531;-0.7175646366234022
Unknown;0.4428711425771484;0.341991341991342;0.2636503348717694
Low;0.1423971520569588;0.2619047619047619;0.5890235645430444
Unknown;0.0024399512009759;-0.5388940955951266;-0.9985082523425116
Medium;0.1052378952420951;-0.2404040404040404;-0.4132918960377726
Low;0.0577988440231195;-0.4338624338624338;-0.6475594307601095
Unknown;0.0475190496190076;0.6518518518518519;0.9682581485598932
High;0.1622767544649107;0.4179894179894179;0.5823742651713468
High;0.0337993240135197;-0.3033492822966507;-0.5665468500522542
Unknown;0.0017599648007039;-0.5545454545454546;-0.9431553982262364
Medium;0.242995140097198;0.0491803278688524;-0.4959618134855278
Low;0.3531129377412452;0.1696696696696696;-0.3073623057550362
Medium;0.0033199336013279;-0.4561403508771929;-0.7259887619049226
High;0.0851982960340793;-0.0833333333333333;-0.5051574484137704
Unknown;0.0388792224155516;0.5622119815668203;0.9050374326024002
High;0.8820623587528249;0.1823361823361823;0.0263685074722431
Low;0.5887882242355152;-0.0136986301369863;-0.2190958346353497
Unknown;0.0196796064078718;-0.4453125;-0.9280051309512812
High;0.9377812443751125;0.2867132867132867;-0.0563805630103462
High;0.0146797064058718;-0.3448275862068966;-0.8606045783266696
Unknown;0.121477570448591;-0.2266666666666666;-0.6411118183957324
Medium;0.0010399792004159;-0.7666666666666667;-1.324258163409872
High;0.5407091858162837;-0.1132686084142394;-0.1878472511843877
Unknown;0.7401051978960421;0.0167427701674277;-0.1137515776546628
High;0.7881442371152577;0.1468253968253968;-0.1221834625871976
High;0.116637667246655;0.4540816326530612;0.671118892523076
Unknown;0.0319993600127997;-0.4053030303030303;-0.7859098121564624
Unknown;0.1847163056738865;-0.2949308755760368;-0.4429513296029767
Unknown;0.0291194176116477;-0.5076923076923077;-0.7244029194265181
High;0.6146677066458671;0.2826086956521739;-0.1968028062005061
Medium;0.5163896722065558;0.3489736070381232;0.2001237241055879
Medium;0.6499070018599628;0.4246031746031746;-0.23782882700135
High;0.1921961560768784;-0.0219780219780219;-0.3710167358797141
Low;0.5840683186336273;0.0485611510791366;-0.1768062742679067
High;0.3068738625227495;0.0014064697609001;-0.3643563615879966
High;0.6103477930441391;0.1932584269662921;0.1461072786714156
High;0.2958740825183496;0.0787671232876712;-0.4072670114086794
Unknown;0.5217895642087158;-0.1496296296296296;-0.1935494476366327
Unknown;0.0976780464390712;0.5377777777777778;0.7855706945430898
Medium;0.9185416291674168;0.2949245541838134;-0.1483469608644018
Medium;0.0668386632267354;0.0351648351648351;-0.5559632320488281
Medium;0.5251094978100438;0.3928571428571428;0.2258666365596016
Unknown;0.0004799904001919;-0.6938775510204082;-1.6300124298505634
Low;0.0627987440251195;0.2224264705882352;0.5474518494578324
Medium;0.1501169976600468;-0.0511363636363636;-0.456481450641296
Unknown;0.0275194496110077;0.5384615384615384;0.9188973387251818
Low;0.0107197856042879;-0.2765957446808511;-0.6971989057890803
Unknown;0.0092798144037119;0.7845433255269321;1.0627086248244877
Unknown;0.0742385152296954;-0.4337662337662337;-0.7010085059875867
Unknown;0.0159196816063678;-0.6009070294784581;-1.0062017017613225
High;0.4779504409911801;0.1768231768231768;-0.2547034127325919
Unknown;0.7941441171176576;0.0282485875706214;0.1007593230052468
Low;0.0155996880062398;-0.2363636363636363;-0.6473186673954011
High;0.997940041199176;0.3348946135831381;-0.0305016685619008
Unknown;0.0176796464070718;0.6014492753623188;1.1722226188173896
Medium;0.6781864362712746;0.4133333333333333;-0.0458802314428732
Unknown;0.2773544529109418;0.3066666666666666;0.5131822841431922
Medium;0.0402791944161116;-0.1039886039886039;-0.5536313846452534
High;0.0591588168236635;-0.3111111111111111;-0.532381811944953
High;0.9715405691886162;-0.0357142857142857;-0.0327466571864982
Low;0.8971020579588408;0.4037145650048875;-0.0991717394049511
Unknown;3.999920001599968e-05;0.798202614379085;1.5479401833962905
Unknown;0.5122297554048919;0.2044444444444444;0.2182461584285577
Unknown;0.0431591368172636;-0.4696969696969697;-0.7218256654855443
Medium;0.1948361032779344;-0.0224719101123595;-0.4235128758642874
Medium;0.253794924101518;-0.16;-0.3445414395134907
High;0.8980620387592249;0.1573849878934624;0.0405338467154264
Unknown;0.0301593968120637;-0.473076923076923;-0.6714006182981983
High;0.1551168976620467;-0.032139577594123;-0.4628001640140725
Medium;0.1570368592628147;0.3594470046082949;0.5759302866516328
Unknown;0.3833523329533409;0.0409590409590409;0.2736259820876343
Unknown;0.9127417451650968;0.0427350427350427;0.025164648341289
Unknown;0.7853842923141537;0.0318772136953955;0.0720620416846418
Unknown;0.997140057198856;-0.0416666666666666;-0.0097037534899058
High;0.0721585568288634;-0.5095238095238095;-0.5763653212378326
Unknown;0.8932621347573049;0.1066433566433566;0.0259372477536175
Low;0.0043599128017439;0.5111111111111111;1.0875238340588986
Unknown;0.1567168656626867;-0.4101307189542483;0.4937048685061939
Medium;0.3019939601207976;-0.1343873517786561;-0.3307079406463054
High;0.1520769584608307;0.0476190476190476;-0.5707506344577135
Unknown;0.0002399952000959;-0.6086434573829532;-0.9504901198227296
Unknown;0.7573048539029219;0.1324110671936759;0.0732427352847756
Unknown;0.0183996320073598;0.4583333333333333;0.9234411036030888
Unknown;0.5786684266314673;0.2304147465437788;0.2082241921397676
Unknown;0.0437991240175196;-0.5070422535211268;-0.7505751807907459
Unknown;0.2603947921041579;-0.1111111111111111;-0.3392750255945438
Medium;0.1685566288674226;-0.2154963680387409;-0.3806823253911153
Medium;0.0324393512129757;0.660482374768089;0.7904736244300267
Unknown;0.0001599968000639;0.644318983768525;1.2587551315037244
High;0.0113597728045439;-0.4213750850918992;-0.5819375498336413
High;0.9565408691826164;0.0616666666666666;-0.0290943755644431
High;3.999920001599968e-05;-0.873015873015873;-2.092207860118252
Unknown;0.6619467610647787;0.3448275862068966;-0.0005151729069916
High;0.8463030739385212;0.2317073170731707;0.0505653364524591
High;0.0343593128137437;0.5111111111111111;0.7652311906337554
Unknown;0.2593948121037579;0.1884753901560624;0.3203383873540416
Unknown;0.0087198256034879;-0.3022875816993464;-0.7418143290657753
Unknown;0.3569928601427971;0.1115384615384615;0.3465723827581134
Low;0.1045179096418071;-0.1980676328502415;-0.5321037045994373
Low;0.7420651586968261;0.2230769230769231;0.0929943484327453
High;0.3479530409391812;0.0576441102756892;-0.3950866098603356
Unknown;0.0370392592148157;0.7191283292978208;1.0335672665929947
Medium;0.9301813963720724;0.4643874643874643;-0.0074727093232491
High;0.4717905641887162;0.4827044025157233;0.2035441692623014
Unknown;0.244115117697646;-0.3108298171589311;-0.4163910647392811
High;0.7829443411131778;0.2955974842767295;0.0603610961245774
High;0.246195076098478;-0.2396313364055299;-0.4647864262204976
Medium;0.3258734825303493;0.0493827160493827;-0.3485995584004197
Unknown;0.2556748865022699;0.0986394557823129;0.3559163982895797
Low;0.0116397672046559;-0.3731884057971014;-0.9213787377184632
Medium;0.0069198616027679;0.7704918032786885;1.3301498281152346
High;0.7874242515149698;0.6918238993710691;-0.0131227232083575
Low;0.0648387032259354;-0.362962962962963;-0.7698611380780501
Unknown;0.0101197976040479;0.4932614555256064;1.006219392804066
Unknown;0.0007199856002879;-0.6063492063492063;-1.0309434370197998
Unknown;0.2298354032919341;-0.2887112887112887;-0.3868988913573407
Unknown;0.1991560168796624;-0.2342857142857143;-0.4333215780331689
High;0.8373832523349533;0.1666666666666666;0.0612530300943434
High;0.3974720505589888;0.1813953488372093;0.2892957042155267
Unknown;0.9495010099798004;-0.173076923076923;-0.0610734635828515
Medium;0.0737585248295034;-0.0696278511404561;-0.4569891826375387
Low;0.0942381152376952;-0.2421652421652421;-0.5222251498328014
High;0.1686766264674706;-0.2055702917771883;-0.3644676794820259
Unknown;0.4775504489910201;-0.2316715542521994;-0.2164615026864489
Medium;0.0678386432271354;-0.0372168284789644;-0.5142317947797392
High;0.0204395912081758;0.1772268135904499;1.0581067557013013
Unknown;0.3089538209235815;-0.2266666666666666;-0.4737174320106435
Unknown;0.0001599968000639;0.8639455782312925;1.800958716006062
Unknown;0.6566268674626508;-0.1038961038961039;-0.1430569034663497
High;0.1257174856502869;-0.2237762237762237;-0.4002003003014495
High;0.0935581288374232;-0.3141025641025641;-0.6692293945455229
High;0.4791904161916762;-0.077511961722488;-0.2404824120951501
Unknown;0.2859142817143657;-0.3483709273182957;-0.4362178630530057
Medium;0.1316373672526549;-0.2175824175824176;-0.4579878465622455
High;0.1619167616647667;-0.0217391304347826;-0.5168570647681427
Low;0.0406791864162716;-0.2236286919831223;-0.6449515151828171
Medium;0.0006399872002559;-0.4831560283687943;-0.8147740798282028
High;0.0005999880002399;0.8148148148148148;2.0108739133418583
Medium;0.0317993640127197;-0.1226415094339622;-0.5089733454905901
Medium;0.0492390152196956;0.0638489208633093;-0.4170574658938463
High;0.4310713785724285;0.5147058823529411;0.2887136850904145
Unknown;0.4041119177616448;-0.1586206896551724;-0.2708810965081271
Medium;0.6509469810603787;0.2231404958677686;-0.190675401031895
Medium;0.0005999880002399;0.8231292517006803;1.7276417848362724
High;0.5879082418351633;0.4479166666666667;0.0812022615511095
Unknown;0.4731505369892602;0.1625;0.0956350870476472
High;0.0229595408091838;-0.2853260869565217;-0.4432489140037925
Low;0.7971040579188416;0.2735042735042735;-0.137180564310332
Unknown;0.0305593888122237;-0.4855072463768116;-0.792480377160266
Unknown;0.8352232955340894;-0.0799031476997578;-0.0873961942872182
Low;0.0287194256114877;-0.1742424242424242;-0.5977754239699113
Unknown;0.2657146857062858;0.3656716417910448;0.4366562279584974
Unknown;0.0354792904141917;0.2268292682926829;0.8994101884074671
High;0.0038799224015519;-0.4277777777777777;-0.5522758150322791
Medium;0.3372332553348933;0.3957845433255269;0.2677197903522429
Unknown;0.0020799584008319;0.5007518796992482;0.8251516994397722
Medium;0.115437691246175;0.4479418886198547;0.637646028116174
Unknown;0.3221935561288774;0.5140845070422535;0.3519141191825221
Unknown;3.999920001599968e-05;-0.7903614457831325;-1.4695155999442548
Unknown;0.6937061258774825;-0.1111111111111111;-0.1233720159606315
Low;0.9609407811843764;0.2769230769230769;-0.0462938451938263
High;0.3237535249295014;0.5006321112515802;0.2802708386459406
High;0.6638667226655467;-0.1088888888888888;-0.1504237825294852
High;0.2389952200955981;-0.1133333333333333;-0.3915144504665844
Low;0.7709445811083778;0.1343283582089552;-0.1278397765348916
Low;0.0037199256014879;-0.230392156862745;-0.5382758452767789
Unknown;0.0646387072258554;0.2051282051282051;0.941799070873364
Unknown;0.0007599848003039;-0.7339901477832512;-1.265031644233668
Unknown;0.0013999720005599;0.8461538461538461;2.3468383113804765
Unknown;0.8571028579428411;-0.0935960591133004;0.0249246885696509
Medium;0.1765164696706065;-0.0866510538641686;-0.5453950695527363
High;0.3478330433391332;0.168560606060606;0.3024201070117818
Unknown;0.4463910721785564;0.2881562881562881;0.1877369699869128
Low;0.3435931281374372;0.3157894736842105;0.3793861829074225
High;0.9244215115697686;0.3155555555555555;-0.0808009375652313
Unknown;0.502789944201116;0.3540051679586563;0.1705809419705223
Low;3.999920001599968e-05;-0.4109014675052411;-1.0287548028605966
Unknown;0.887022259554809;0.0631229235880398;0.054235012904511
Unknown;0.1738365232695346;-0.2935064935064935;-0.480729609249499
Unknown;0.0046399072018559;-0.6428571428571429;-1.2249401733701115
Low;0.1622367552648947;0.017094017094017;-0.4065711799359592
Medium;0.2988340233195336;0.1961538461538461;0.3945107148066762
Low;0.2601147977040459;0.0482866043613707;-0.3680172485793875
Low;0.0613187736245275;0.5307086614173229;0.5591329363119035
High;0.9331413371732564;0.2;0.0048993567457296
Unknown;0.2777544449111018;-0.167816091954023;-0.3603014050250648
High;0.1533569328613427;0.2113821138211382;0.3985943773146777
Unknown;0.0088798224035519;0.6;1.429978714293268
Unknown;0.0153996920061598;0.5705128205128205;1.02162854193491
Unknown;0.368232635347293;0.3768115942028985;0.3596044604292184
Low;0.9247015059698808;0.5977496483825597;-0.0734027674977315
Unknown;0.4083118337633247;0.1475409836065573;0.3239024374109487
High;0.8511829763404732;0.064516129032258;0.0581647759923037
High;0.1277174456510869;0.4265418146593477;0.3950167849767965
High;0.630747385052299;0.3662551440329218;-0.1914704560547516
Unknown;0.0081598368032639;-0.5785714285714286;-1.0043214464779575
High;0.367552648947021;-0.061050061050061;-0.2622433458644935
Unknown;0.982940341193176;0.1134751773049645;-0.1132652641044744
Unknown;0.0646787064258714;-0.4710144927536231;-0.6984268457620115
Low;0.0431591368172636;0.4626506024096385;0.7386143076597813
Unknown;0.4699906001879962;-0.1721518987341772;-0.2591053115884083
High;0.2650746985060299;0.435672514619883;0.3961623305412783
High;0.6560668786624267;0.3703703703703703;0.1127386293927846
Medium;0.1715165696686066;-0.0570291777188328;-0.388172580755687
High;0.0280794384112317;-0.3298611111111111;-0.7018918870324539
High;0.2084358312833743;0.5521531100478468;0.4146378828541541
Unknown;0.983020339593208;-0.004040404040404;-0.0005087265186987
Medium;0.0525589488210235;-0.0256097560975609;-0.5955545410596508
Low;0.5623087538249235;0.0289710289710289;-0.1786132418189454
High;0.2031559368812623;0.3220064724919094;0.4016331853295349
Medium;0.5455890882182356;0.5772151898734177;0.1828504136942573
Unknown;0.8356232875342493;-0.0632911392405063;-0.1016588276541516
Medium;0.2668346633067339;0.0516853932584269;-0.3710965651635247
Unknown;0.0193996120077598;0.5202156334231806;1.091698311687313
High;0.0420791584168316;-0.2830188679245283;-0.8046837378668524
High;0.3869922601547969;-0.1626168224299065;-0.3339119836623174
Medium;0.0091998160036799;-0.362962962962963;-0.742237792142148
Unknown;0.7693846123077538;0.0771604938271604;0.1019226027445855
Unknown;0.6535069298614028;0.2275132275132275;0.1469951112539055
Low;0.4482710345793084;0.3507462686567164;0.3227999754937054
High;0.2127157456850863;0.2524271844660194;0.4241082184590575
Unknown;0.0006799864002719;0.8211382113821138;1.452097130564586
High;0.49595008099838;0.0414634146341463;-0.2415379654294868
Unknown;0.0232795344093118;0.3818181818181818;0.7227057556476578
High;0.630627387452251;0.0352112676056338;-0.2248222938376169
Unknown;0.0002399952000959;0.8142076502732241;1.6940556816354393
High;0.0144797104057918;-0.4649122807017544;-0.7138286964896586
Low;0.0142397152056958;0.4367588932806324;0.7719428683228025
Unknown;0.7301053978920422;0.096938775510204;0.1410393888211409
Unknown;0.1001979960400792;0.4382566585956416;0.6739646602596167
High;0.4414311713765724;0.0773694390715667;-0.3660924404976431
Low;0.0499590008199836;0.4622314622314622;0.6472617056481058
Medium;0.3841523169536609;0.0735632183908046;-0.3191119900729813
Unknown;0.1721565568688626;-0.1521164021164021;-0.3897379685293985
High;0.377072458550829;0.0492610837438423;-0.3896926750643532
High;0.4894302113957721;0.019047619047619;-0.3236954903353873
High;0.5883082338353233;0.2722222222222222;-0.230557699245276
Unknown;0.0255194896102077;-0.4096573208722741;-0.6845105585747585
Unknown;0.1921961560768784;-0.2167832167832167;-0.4110207018569856
High;0.4329513409731805;0.1261261261261261;-0.2898711417806172
Medium;0.0006799864002719;0.6521739130434783;1.3463636436534412
High;0.9826203475930482;0.125;-0.0214401043880071
High;0.1869562608747825;-0.2196969696969697;-0.3866933023184739
Unknown;0.74922501549969;-0.0493827160493827;-0.1795606657671396
High;0.0287194256114877;-0.3645484949832775;-0.4860488265417979
Unknown;0.3492730145397092;0.36;0.4481123536064889
Unknown;0.0028799424011519;0.717391304347826;1.1838989434177905
Unknown;0.0123997520049599;-0.5500685871056241;-0.8843674973705158
Low;0.0041999160016799;-0.4382022471910112;-0.7405309708808142
Medium;0.377352452950941;0.0035714285714285;-0.3440574284317463
Unknown;0.2042359152816943;-0.2444444444444444;-0.5105517022145319
Medium;0.5169896602067958;0.45;0.2290376101052149
Unknown;0.6603067938641227;-0.0784313725490196;-0.1978649403184803
Medium;0.7943441131177377;0.2285714285714285;-0.11146442342014
Unknown;0.0113197736045279;-0.4710485133020344;-0.8038768098891852
High;0.1032379352412951;-0.0505050505050505;-0.5080188434939215
Unknown;0.6397072058558829;0.2518518518518518;0.1844710065669214
High;0.2681946361072778;-0.072289156626506;-0.3780126799988596
Low;0.0329593408131837;-0.2807881773399014;-0.787294516269638
High;0.0804383912321753;-0.0264105642256902;-0.4554018412029701
Medium;0.0014399712005759;-0.3301565690946222;-0.8020046133351156
High;0.3204735905281894;-0.1954022988505747;-0.3298795648044922
Low;0.6147877042459151;0.247191011235955;0.1557278988172484
High;0.4658306833863322;0.0347222222222222;-0.3101955065520064
High;0.0335593288134237;0.6857142857142857;0.9654015013390196
High;0.8338233235335293;0.0676691729323308;-0.133875913441519
Unknown;0.0140797184056318;0.7307692307692307;1.0115543162500786
High;0.114997700045999;0.3043478260869565;0.6147217274173654
High;0.371112577748445;0.1333333333333333;-0.3234344267949666
High;3.999920001599968e-05;-1.0;-2.386040177663817
High;0.9442211155776884;0.273076923076923;-0.145022397214413
High;0.0110397792044159;-0.3762993762993763;-0.5252222935072021
Medium;0.8820623587528249;0.1715210355987055;-0.0734661497387599
High;0.1287174256514869;-0.4542897327707454;-0.5524675786896448
Unknown;0.5986680266394672;-0.1111111111111111;-0.2277249289554995
Unknown;0.0280394392112157;-0.4330985915492957;-0.7948814622810757
High;0.1790764184716305;-0.0376470588235294;-0.4440396376376291
High;0.7963040739185216;0.3974025974025974;-0.1402712727309465
Unknown;0.0010399792004159;-0.7592592592592593;-1.4610151599931782
Unknown;0.0069198616027679;-0.4597839135654262;-0.7806303695252097
Unknown;0.0001599968000639;0.9135802469135802;2.5025025463028707
Unknown;0.4417911641767165;0.0951653944020356;0.2095511431007489
Medium;0.0326393472130557;-0.04921968787515;-0.5501064590781195
Unknown;0.4001919961600768;0.2138047138047138;0.2498363702040395
Unknown;0.0003199936001279;-0.6303630363036303;-1.1240750420000172
Medium;0.0189196216075678;0.332089552238806;1.0410999420965696
Unknown;0.3525129497410051;-0.3402777777777778;-0.3982993896102431
Unknown;0.2897142057158857;-0.2893081761006289;-0.4552815814799765
High;0.0723585528289434;-0.2741433021806853;-0.4687731052717602
High;0.497070058598828;0.4347290640394088;-0.204199749692075
Low;0.3565128697426051;-0.0441595441595441;-0.2973216912483041
Unknown;0.0011599768004639;0.6502463054187192;1.368027835291361
Medium;0.0120797584048319;0.691358024691358;1.3376674335875571
High;0.0135597288054238;-0.4285714285714285;-0.8439631688890551
Unknown;0.0003199936001279;0.6015325670498084;1.0861678817007747
High;0.3977920441591168;0.0928853754940711;0.2697233697766379
Low;0.3097538049239015;-0.1466666666666666;-0.5158621486938503
Unknown;0.0027199456010879;-0.5467836257309941;-1.1070476744321769
High;0.1913961720765584;0.264367816091954;0.4375452046170921
High;0.2844743105137897;-0.1091549295774647;-0.4044540367017564
Unknown;0.2611147777044459;-0.2300469483568075;-0.3996118850695055
Unknown;0.0163196736065278;-0.5253012048192771;-0.8007606354186345
High;0.0001199976000479;-0.7383966244725738;-1.416983685779566
High;0.5717085658286835;0.3333333333333333;0.2364046256797114
Unknown;0.4498834498834498;0.1428571428571428;0.4442881280024355
Medium;0.0728385432291354;-0.1851851851851851;-0.7556417874424275
High;0.4162316753664927;-0.0841423948220064;-0.2600948273389377
Unknown;0.7830243395132097;0.064039408866995;0.068562245037616
Unknown;0.2831943361132777;0.1875;0.402084407190016
Low;0.9167816643667128;0.1311111111111111;0.0017910805229435
High;0.3192736145277094;-0.1390243902439024;-0.3344927357871525
High;0.8809023819523609;0.3708513708513709;-0.0882737251886719
High;0.9511409771804564;0.3974358974358974;-0.0530347814379549
Low;0.0333193336133277;-0.2849002849002849;-0.6841845653919822
High;0.6854262914741706;0.2088888888888889;-0.2527240326280875
High;3.999920001599968e-05;-0.8941798941798942;-1.73103021648694
Unknown;0.0027199456010879;0.6538461538461539;1.3442988426004938
Unknown;0.0003199936001279;0.5942760942760943;1.237774488561701
Medium;0.983580328393432;0.1576994434137291;-0.0365363486408405
High;0.6803863922721546;0.2109375;-0.1939957192053744
Unknown;0.0638787224255515;0.5072463768115942;0.804012585507687
Medium;0.1342773144537109;-0.4518518518518518;-0.6163316793998997
High;0.1821563568728625;-0.0854800936768149;-0.3611474636625783
High;3.999920001599968e-05;-0.6267247639796659;-0.7139491989516962
Low;0.1469970600587988;-0.2882882882882883;-0.4508792178505685
Unknown;0.3639927201455971;0.107890499194847;0.3181623703256466
Low;0.8450230995380092;0.2748717948717948;0.0133937811496664
Unknown;0.2998740025199496;0.2032967032967033;0.3039430377755581
High;3.999920001599968e-05;-0.7686453576864536;-1.720945484592096
High;0.0751184976300474;-0.1141141141141141;-0.5901907041372436
Low;0.8249435011299774;0.1952380952380952;0.063022777359995
Unknown;0.1297574048519029;-0.3439024390243902;-0.4666077826480529
Unknown;0.9066218675626488;0.0384615384615384;0.0297098521494474
Low;0.0265194696106077;-0.1671554252199413;-0.6525476560611073
Unknown;0.0002799944001119;-0.6307403936269915;-1.083696879434528
Unknown;0.4661106777864442;0.1683501683501683;0.213100955277748
Unknown;0.0348393032139357;-0.3884711779448621;-0.6246412395991683
Unknown;0.8855022899542009;0.1245421245421245;0.032242243265771
Medium;0.4516309673806524;0.1769230769230769;-0.2907446199634129
High;0.4672706545869082;0.3178082191780822;0.2300504380301971
Unknown;0.0331193376132477;0.3300653594771242;0.6957539956783295
High;0.5044699106017879;0.3984732824427481;-0.2161692715511655
Unknown;0.2646747065058699;-0.2261904761904762;-0.3451903455956603
Medium;0.2142857142857142;0.5555555555555556;0.9436542785397596
High;0.0674786504269914;-0.209090909090909;-0.5687382312630069
Unknown;0.0054398912021759;-0.6103896103896104;-1.1370278649777816
Unknown;0.367512649747005;0.2154566744730679;0.2521976183217507
High;0.0011199776004479;0.6024390243902439;1.081685715866147
Medium;0.9485810283794324;0.4846153846153846;-0.0051380429696898
Unknown;3.999920001599968e-05;-0.8260869565217391;-1.6454728044601905
Medium;0.5932281354372912;0.3361823361823361;-0.2330081913207542
Unknown;7.999840003199936e-05;0.7239057239057239;1.97881759265516
High;0.0435591288174236;-0.2569444444444444;-0.8649173729090736
High;0.4030319393612128;0.1049382716049382;-0.4046195814134213
Unknown;0.0018399632007359;-0.7647058823529411;-1.2251184508698807
Medium;0.0026399472010559;-0.4231237322515213;-0.5018518824038243
Medium;0.4758704825903482;0.1629629629629629;0.3229908691845876
High;0.3546729065418691;0.2995391705069124;0.3776025096443964
High;0.4615507689846203;-0.2596153846153846;-0.2233886053298561
Unknown;7.999840003199936e-05;-0.6572916666666667;-0.972769556882656
Unknown;0.0117197656046879;0.6949152542372882;1.1010633513592225
Unknown;0.5457490850182997;0.1111111111111111;0.2762682038531079
High;0.3478730425391492;-0.0163934426229508;-0.4051308168999066
Unknown;0.0002399952000959;-0.8047619047619048;-1.2763220119783365
Unknown;3.999920001599968e-05;-0.9344262295081968;-1.3367056263506554
Unknown;3.999920001599968e-05;-0.7457912457912458;-1.2592205067149744
Unknown;0.3967520649587008;0.3049645390070922;0.371066867504165
High;0.3139537209255815;0.4595588235294117;0.3759797859582242
Unknown;0.3191536169276614;-0.2745098039215686;-0.4308334726935386
Medium;0.0473990520189596;0.6392857142857142;0.8442283533388453
High;0.0431591368172636;-0.3520309477756286;-0.5177081950261563
High;0.0997180056398872;-0.2894117647058823;-0.4638144508175156
Unknown;0.118837623247535;-0.1557971014492753;-0.6338608443547791
High;0.2230355392892142;0.2198902163383919;0.2971822336073587
Unknown;0.1406371872562548;0.2949494949494949;0.4741594172311042
Unknown;0.5438691226175476;0.2193877551020408;0.2531072828652336
Medium;0.9247815043699126;0.2807881773399014;0.0089070495410591
High;0.0474790504189916;-0.3056501021102791;-0.4842616095038276
Medium;0.0063198736025279;-0.4951644100580271;-0.8745084115047747
Unknown;0.0092798144037119;0.5005500550055005;1.0734995614140053
Unknown;0.5755084898302034;0.5252525252525253;0.1631459237293126
Unknown;0.0209195816083678;-0.5079365079365079;-0.9408241528988232
Unknown;0.2214755704885902;-0.24;-0.5299800788660872
High;0.1446371072578548;0.0629213483146067;-0.4563097135833441
Unknown;0.2331953360932781;-0.2666666666666666;-0.5213225935297298
Unknown;0.9573408531829364;-0.1306818181818181;0.0054368412515064
Medium;0.6395072098558029;0.1339563862928348;0.1396700767597648
High;0.8315433691326174;0.0841423948220064;0.0506568559444205
High;0.9547009059818804;0.1961259079903147;-0.0622364089714629
Unknown;0.126877462450751;0.2761904761904762;0.5257365758434093
Unknown;0.0614787704245915;0.33203125;0.6730657471923646
High;0.0643987120257594;-0.1759036144578313;-0.5746075313857401
Low;0.6329073418531629;0.5190476190476191;0.1665570264118569
Medium;0.7797044059118817;0.1704545454545454;0.0634762071124187
High;0.9117017659646808;0.2355555555555555;-0.0836125072956627
Unknown;0.4160316793664126;0.2142857142857142;0.4110642148844445
Medium;0.0006399872002559;-0.5024255024255024;-0.7692996237994424
Low;0.8284234315313693;0.1231231231231231;-0.1140403017565437
Unknown;0.0001999960000799;0.8192161820480405;1.5005328517841487
Low;0.0043199136017279;-0.3363636363636363;-0.8266979950112364
Low;0.1702765944681106;0.0015197568389057;-0.3445418246563443
Low;0.0055198896022079;0.5639943741209564;1.074361166082897
Low;0.0433991320173596;-0.115530303030303;-0.5733669894652276
Low;0.123757524849503;0.1658986175115207;0.6493103510019664
Unknown;0.3605698005698006;0.3695652173913043;0.5071812998672144
Medium;0.502989940201196;0.3055555555555556;0.2019890017343823
High;0.3311133777324453;0.0047846889952153;-0.32112909817807
Unknown;0.0092798144037119;0.7095323741007195;0.8288491422770597
Unknown;0.0736385272294554;-0.5564516129032258;-0.9362420377654388
Unknown;0.3395932081358372;0.1811263318112633;0.3429897998726822
High;0.0846383072338553;-0.2948717948717949;-0.4943323580650047
Medium;0.0961580768384632;-0.129973474801061;-0.4549533746732141
Unknown;0.0001199976000479;-0.6041958041958042;-1.1666516395369722
Medium;0.9701805963880722;0.0;-0.029099351478266
Unknown;0.6546269074618508;0.1944444444444444;0.1851987787405349
Unknown;0.9614607707845844;0.0326797385620915;-0.0254903119616364
High;0.3405931881362373;-0.2040816326530612;-0.4368875723316476
High;0.6022679546409072;-0.065359477124183;-0.1394287351078102
Medium;0.2946741065178696;0.3641975308641975;0.3796692772395241
High;0.0163196736065278;-0.0198019801980198;-0.5906118695465231
Low;0.998540029199416;0.2152777777777778;-0.1320700290094151
Unknown;0.1977960440791184;-0.0508203281312525;0.3542006761511882
High;0.2010359792804144;0.0891566265060241;-0.4188230589554726
Unknown;0.9256474519632414;0.0294117647058823;0.0639921672367028
Unknown;0.4574308513829723;0.1981566820276497;0.2915315653342026
High;0.5541489170216596;0.062049062049062;-0.2179041456195287
High;0.7528249435011299;0.3492822966507177;-0.1248406504068161
High;0.3578328433431331;0.2707292707292707;0.2894882554610941
Medium;0.1801163976720465;-0.0376470588235294;-0.4064516220728064
Unknown;0.1719565608687826;0.2392857142857143;0.3907356895227086
High;0.4641907161856763;0.3204819277108434;0.2325538560964117
High;0.0183596328073438;0.7164179104477612;0.9516341556992292
High;0.1040379192416151;0.6231884057971014;0.6663786952565998
Medium;0.2927941441171177;-0.0678571428571428;-0.4074038570714531
Medium;0.1345173096538069;0.013953488372093;-0.4810750621820775
High;0.1259174816503669;-0.1936619718309859;-0.544155130959824
Medium;0.3333933321333573;0.238095238095238;0.422783072157925
Low;0.5312693746125078;-0.0275229357798165;-0.2089873061045958
Unknown;0.9700205995880082;0.0444444444444444;0.0059566388995605
Unknown;0.0023999520009599;0.3485540334855403;1.3091829986953272
Unknown;0.0704385912281754;0.5677321156773212;0.7209722691260049
Unknown;0.6613067738645227;-0.0517241379310344;-0.3009342145351829
High;0.7299054018919622;0.1741716227697536;0.0878389996505809
High;0.0016399672006559;-0.2792022792022792;-0.8643086681427499
Unknown;3.999920001599968e-05;0.6661367249602543;1.053347027557707
High;0.2393877551020408;-0.2340425531914893;-0.7677333282949895
High;0.0460390792184156;0.5145797598627787;0.7599145077883279
Unknown;0.0006799864002719;-0.7579365079365079;-1.1675759359391682
Unknown;0.0160396792064158;-0.4852941176470588;-0.9215815988299908
High;0.3209935801283974;-0.1241830065359477;-0.4590076568719189
Low;0.4461910761784764;0.0039525691699604;-0.2593950202724339
Unknown;0.7665846683066339;0.1782945736434108;-0.2519885768230553
Unknown;0.1722365552688946;-0.3421052631578947;-0.5538168126133531
Medium;0.5055898882022359;0.1333333333333333;-0.2495189543740507
Low;0.5583088338233235;0.2192192192192192;0.1960735963360405
Medium;0.239555208895822;-0.232183908045977;-0.3851756437886751
Unknown;0.1643167136657267;-0.3220338983050847;-0.554346081721901
High;0.0001599968000639;-0.460431654676259;-0.9523621260182004
Medium;0.0927981440371192;-0.1674074074074074;-0.5331133869377683
High;7.999840003199936e-05;0.5274725274725275;1.2376272330527152
Unknown;0.0796784064318713;-0.3135802469135803;-0.4898634806896763
Medium;0.4541109177816443;0.148314606741573;-0.2891366232850086
High;0.0721185576288474;-0.0288461538461538;-0.4938064453337349
Unknown;0.4094718105637887;0.2115384615384615;0.3579056105258849
Medium;0.0666786664266714;-0.3310344827586207;-0.4891189418689473
Unknown;0.5943481130377393;-0.1860465116279069;-0.2851013293271138
High;0.2620347593048139;-0.1272727272727272;-0.3555241514994327
High;0.3069538609227815;0.1076923076923077;-0.5957811364510375
Control;0.0939181216375672;0.3974358974358974;0.7232876517465966
High;0.6888662226755465;0.0961038961038961;-0.1907337144518869
Medium;0.252594948101038;0.0369630369630369;-0.3626860007908645
Unknown;3.999920001599968e-05;0.3802588996763754;2.0174638928425934
Unknown;0.0033199336013279;-0.585820895522388;-1.03479733634155
Unknown;0.0096798064038719;0.505;0.8266604139931553
Medium;0.2292754144917101;-0.1083333333333333;-0.405512025450154
Medium;0.0174796504069918;0.5447761194029851;0.980444964681212
Unknown;0.3403131937361253;-0.238095238095238;-0.3850864447756427
Unknown;0.0597588048239035;-0.3625730994152046;-0.6037972073423727
Unknown;0.6063478730425391;0.2444444444444444;0.2191003946174023
Unknown;0.365952680946381;0.1739130434782608;0.4008519229008964
Unknown;0.1989160216795664;0.2571428571428571;0.5108478114980415
Medium;0.0001599968000639;0.7012578616352201;1.448371185429806
High;0.7641447171056579;-0.0914285714285714;-0.1118716690327214
High;0.0521589568208635;0.4216867469879518;0.7606431236058074
Low;0.7686646267074658;0.292834890965732;-0.112341410798489
Unknown;0.6997060058798824;-0.0649350649350649;-0.1405121003696731
Medium;0.368592628147437;-0.0837304288631722;-0.2006361536720949
Unknown;0.1025179496410071;-0.0711805555555555;-0.3998320416788074
Medium;0.7013059738805224;0.1611111111111111;-0.1732279719521819
Medium;0.4793504129917401;0.0586419753086419;-0.2358321595401195
High;0.3157136857262855;-0.0080128205128205;-0.3283845362180892
Unknown;0.0063598728025439;0.6811594202898551;1.1754915776754828
High;0.4513909721805564;0.2098765432098765;-0.268718387264873
Unknown;0.9087018259634808;-0.0328022492970946;-0.0399207847552534
High;3.999920001599968e-05;0.9691358024691358;4.170391176539381
Low;3.999920001599968e-05;0.8055555555555556;1.8080041492133363
Low;0.9027819443611128;0.1130434782608695;-0.0628944516635446
Unknown;0.1828363432731345;0.2507936507936508;0.4585887437009638
Medium;7.999840003199936e-05;0.7380952380952381;1.339307589007231
Medium;0.6475870482590348;0.0145631067961165;-0.1690534908898359
Medium;0.6109077818443631;0.3272727272727272;-0.1911361920681785
Medium;0.9231015379692408;0.1791044776119403;0.0039893945109912
Medium;0.0029999400011999;-0.3520987654320988;-0.7670789961341817
Unknown;0.0078798424031519;-0.6020408163265306;-0.925421114759708
Unknown;0.5519089618207635;-0.1505474452554744;-0.158744441270752
Medium;0.1318773624527509;-0.4335839598997493;-0.652526328220135
High;0.0679586408271834;0.4607142857142857;0.735447565639988
Unknown;0.3875522489550209;0.3529411764705882;0.3683786593974
Medium;0.0013199736005279;-0.4507177033492823;-0.7559328496740021
High;0.74602507949841;0.1414634146341463;-0.1513213097059894
Unknown;0.9457010859782804;0.0951219512195122;-0.0040791344075442
High;0.7143457130857382;0.3971291866028708;-0.1384536228787259
Unknown;0.0007999840003199;-0.7536945812807881;-1.333798329445267
Unknown;0.5076698466030679;0.1471415182755389;0.2146581935633294
Unknown;0.0464790704185916;0.3575498575498576;0.5932928200023468
High;0.5837883242335153;0.0577777777777777;-0.228809373919554
High;0.3194736105277894;0.4484848484848485;0.3187175959915213
Low;0.0003999920001599;0.5796930342384888;0.9057261370601892
Medium;0.874062518749625;0.0980945659844742;0.020615041159439
High;0.1534369312613747;0.3943329397874852;0.4210739773489986
Unknown;0.0001599968000639;0.7625570776255708;1.6866408936803492
Unknown;0.0007999840003199;0.6825396825396826;1.2924064885851645
Unknown;0.5415491690166196;0.0117733627667402;0.1394341150254553
High;0.7444651106977861;0.2124183006535947;0.0789345617302111
Control;0.5363092738145238;0.1013071895424836;0.1921979067611631
High;0.4572708545829083;-0.0783410138248847;-0.3450604676320563
Unknown;0.6981460370792584;-0.0793650793650793;-0.1465200678768758
Medium;0.3463930721385572;0.0625;-0.3897722221531632
Unknown;0.5855882882342354;0.3741258741258741;0.0779988158253123
Medium;0.1842363152736945;0.345679012345679;0.4923431357987547
Medium;0.4499910001799964;0.0311688311688311;-0.287010987954402
Unknown;0.0013999720005599;-0.5516107823800132;-0.999951887527757
Unknown;0.1097178056438871;0.4102564102564102;0.7153540778405075
Unknown;0.866102677946441;-0.0188679245283018;-0.1039393244346337
Unknown;0.0425991480170396;-0.3385416666666667;-0.6372935067984834
Unknown;3.999920001599968e-05;0.7411764705882353;1.6430987001671498
Unknown;0.9139417211655768;-0.201058201058201;0.0327703768864183
Unknown;0.251914961700766;-0.0961538461538461;0.449050045484152
Unknown;0.0001199976000479;-0.7368421052631579;-1.5155462592491664
High;0.9505009899802004;0.1861111111111111;-0.0135113329655508
Medium;0.0519189616207675;0.6312056737588653;1.0050975531691209
High;0.74362512749745;0.1681681681681681;0.1019669877616109
High;0.2300753984920301;0.570924488355681;0.3694463808186284
Low;0.4846703065938681;0.24609375;-0.2985899875217336
Medium;0.0752384952300954;0.4390243902439024;0.649399708505188
Unknown;0.751504969900602;-0.0541176470588235;0.0922076009488517
Unknown;0.1455570888582228;-0.358974358974359;-0.6317850297494427
High;0.5813483730325394;0.1737400530503978;0.1545728146692383
High;0.6538669226615468;0.1268292682926829;-0.1774738211547245
Unknown;3.999920001599968e-05;-0.7827260458839406;-1.6453404533244385
Unknown;0.0212795744085118;-0.4264705882352941;-0.7175381344925057
Low;0.6520669586608268;0.4253164556962025;0.1308450519761137
Unknown;0.2631547369052619;0.2160312805474095;0.3559170631635988
High;0.8188636227275454;-0.2976190476190476;-0.2312987011865312
High;0.3649927001459971;0.218369259606373;-0.3151041479648367
High;0.0005599888002239;0.6925418569254186;1.477740536562871
Low;0.9449811003779924;0.2222222222222222;-0.0599410078998263
Unknown;0.0593588128237435;-0.5377777777777778;-0.8258914570021456
High;0.3045139097218056;0.1233333333333333;-0.3095075194885054
High;0.0063998720025599;-0.349527665317139;-0.5970264654847368
Unknown;0.6597068058638828;-0.1382113821138211;-0.1884569470663007
Medium;0.1827963440731185;-0.0709876543209876;-0.4015820942222012
Low;0.3529129417411651;-0.0585365853658536;-0.3192022866878887
Low;0.7156656866862663;0.1830065359477124;0.1061804572389227
High;0.4205115897682046;0.0380952380952381;-0.3645633762864812
High;0.1306373872522549;-0.1923076923076923;-0.4217528997688327
Unknown;0.983020339593208;0.0432098765432098;-0.0198755655752448
Unknown;0.0003599928001439;-0.8581560283687943;-1.7776148693169578
Medium;0.7717045659086819;0.3387314439946018;0.0594399547821223
High;0.4782304353912922;0.0289855072463768;-0.3018024344435861
Unknown;3.999920001599968e-05;-0.6386138613861386;-1.2348797876561566
High;0.3024739505209896;0.2482269503546099;0.467903990996402
High;0.1026379472410551;0.6215277777777778;0.6793973165790554
Unknown;0.3984720305593888;-0.2333333333333333;-0.3278063145678209
Low;0.7137457250854983;0.012531328320802;-0.2034615052036749
High;0.1060778784424311;0.2884615384615384;0.672233055460529
High;0.4316713665726685;-0.019753086419753;-0.2722654601952416
High;0.7455050898982021;0.0819277108433735;-0.1323900677284217
Unknown;0.500589988200236;-0.1111111111111111;0.2261807695014545
Medium;0.115797684046319;0.1092745638200183;0.5455867952249465
Unknown;0.0003199936001279;0.5879518072289157;1.2078614631889495
High;0.0071198576028479;0.6343656343656343;1.0036941532986152
Unknown;3.999920001599968e-05;0.7514792899408284;1.555045875908182
High;0.0974380512389752;-0.0869565217391304;-0.5928672324853538
Medium;0.2150356992860143;-0.2505854800936768;-0.493137815247419
Low;0.7165056698866022;0.2898550724637681;0.0680454668001436
High;0.0118797624047519;0.5245901639344263;0.9454255587589566
Unknown;0.0261594768104637;0.3247058823529412;0.9274967644725134
High;0.2225955480890382;0.4962962962962963;0.4455555477932573
High;3.999920001599968e-05;-1.0;-1.897746384133884
Medium;0.2872742545149097;0.0256410256410256;-0.4717155741154329
High;0.4819103617927641;0.053012048192771;-0.2718066200726988
High;0.0556788864222715;-0.1466666666666666;-0.5407927929451878
Unknown;0.9560608787824244;-0.3020833333333333;-0.086039553730283
Medium;0.8929021419571609;0.2293706293706293;0.0138808961405671
High;0.2064758704825903;-0.1666666666666666;-0.3523548530916249
High;0.0306793864122717;0.5246478873239436;0.974196189024119
Unknown;0.6100677986440272;-0.2435897435897435;-0.2393213945035868
Unknown;0.118797624047519;0.4375;0.7393650547364295
High;0.9633407331853364;0.2222222222222222;-0.0565784210320363
High;0.7597048059038819;0.1178947368421052;-0.1338873649237393
Unknown;0.8289834203315933;0.1007462686567164;0.0760852955383385
Unknown;0.0038399232015359;-0.4852941176470588;-1.022231869955634
High;0.9478210435791284;0.3333333333333333;-0.0650425254020881
Low;0.6912261754764905;0.1790123456790123;0.1732340876612839
Low;0.9806603867922642;0.0493827160493827;0.0039423464876679
High;0.6148277034459311;-0.0215924426450742;-0.1911923985930661
Unknown;0.125077498450031;-0.3138888888888889;-0.5621081915880317
Unknown;0.2064358712825743;0.2453703703703703;0.4865393051827719
Low;0.1383572328553429;-0.0115511551155115;-0.4426338870360106
Unknown;0.0002799944001119;-0.6501501501501501;-1.088074426833764
High;0.8711825763484731;0.1417910447761194;-0.0908797410161234
Unknown;0.4311113777724445;0.5277777777777778;0.263262380292067
High;7.999840003199936e-05;-0.9197530864197532;-1.6077859375844068
High;0.4492310153796924;0.1333333333333333;0.2683360995920155
High;0.6993460130797384;0.0045454545454545;-0.1571422531135425
Medium;0.1702765944681106;-0.1349862258953168;-0.4149451904276627
High;0.0179196416071678;-0.3000977517106549;-0.6452833727621091
High;0.2622747545049099;0.1628551628551628;0.3330519353373953
Medium;0.0510789784204315;-0.272289156626506;-0.5791243441419401
Medium;0.0045999080018399;-0.367983367983368;-0.6663520809133247
Unknown;0.8363032739345213;0.0416666666666666;0.0771810875662029
High;0.2751944961100778;-0.2277777777777777;-0.4682857793170538
Unknown;0.0016399672006559;0.5972629521016618;0.978378286427182
Low;0.0032399352012959;-0.3628498727735369;-0.6486742926883433
Low;0.0538389232215355;-0.0620915032679738;-0.5333810750477588
Medium;0.0813183736325273;-0.2619047619047619;-0.6645144007962466
Unknown;0.2245955080898382;-0.2682274247491639;-0.3563851875110049
Unknown;0.2563548729025419;0.1719298245614035;0.3096149191420775
High;0.243555128897422;-0.0425240054869684;-0.4163058803485561
Unknown;0.2139557208855823;0.2447058823529412;0.4182972049204397
Unknown;0.0836783264334713;0.5222222222222223;0.8853248764738251
High;0.5224695506089878;0.0592592592592592;-0.2552091165086402
Unknown;0.1085178296434071;0.2638352638352638;0.444595333311308
High;0.2743545129097418;0.04;-0.4808086167515656
High;0.7975040499190016;0.3008241758241758;-0.0180059324654589
Unknown;3.999920001599968e-05;-0.8049242424242424;-1.6949519612707038
High;0.4241115177696446;0.3873517786561264;0.2460187694410917
Unknown;0.6973860522789544;0.0526315789473684;0.1249176674296684
High;0.5417491650166997;0.1919191919191919;-0.2366423924551555
Medium;0.1049979000419991;0.1377777777777777;-0.501512841306106
Unknown;0.7325853482930341;-0.0306122448979591;-0.2197892539143441
Unknown;0.3296734065318694;-0.1212121212121212;-0.3678353396538413
Medium;0.98130037399252;0.35;-0.1135551357607549
Medium;7.999840003199936e-05;-0.788135593220339;-0.985471553639508
High;0.4261514769704606;0.3713450292397661;0.0844331197311906
Medium;0.9545409091818164;0.3580246913580246;-0.0560713775389924
Medium;0.0008799824003519;-0.5321637426900585;-1.0854473113565692
Unknown;0.2710345793084138;0.0845588235294117;-0.432038013022491
Unknown;3.999920001599968e-05;-0.795;-1.604448422527165
Medium;0.6019479610407792;-0.0096021947873799;-0.2236440715248656
High;0.0473590528189436;0.2996515679442508;0.6156111509896874
High;0.2715945681086378;-0.0416666666666666;-0.4377330817934508
Low;0.2431082331174838;-0.3636363636363636;-0.7119046513522157
Unknown;0.1627967440651187;0.286231884057971;0.5367245478507249
High;0.0027199456010879;-0.2309523809523809;-0.7494140161375757
Unknown;3.999920001599968e-05;-0.6981132075471698;-1.337689546222357
High;0.0569188616227675;-0.2590799031476997;-0.4067662668401036
High;0.6898262034759305;0.041637261820748;-0.1575251815955694
Low;0.3941121177576448;-0.2101449275362318;-0.386040523361169
Low;0.2132757344853103;0.16;-0.5281644227136989
Unknown;0.0015599688006239;0.6171875;1.240378936592848
High;0.0019599608007839;-0.6543778801843319;-1.2600098392249164
High;0.2835543289134217;0.0398550724637681;-0.4027261711237438
Unknown;0.1540369192616147;0.0817610062893081;0.6854023001306622
Low;0.50614987700246;0.1470588235294117;-0.2998939858384216
High;0.6901061978760424;0.1111111111111111;0.1460348082233717
Unknown;3.999920001599968e-05;0.8916666666666667;1.6048639306210313
Unknown;0.0235595288094238;-0.3632478632478632;-0.6270018388990161
Medium;0.0306793864122717;-0.1818181818181818;-0.5850808828363636
Unknown;0.9433411331773364;0.0170731707317073;0.0212714167863031
High;0.5747085058298834;-0.1041666666666666;0.1436778002618164
Unknown;0.0297994040119197;0.5751633986928104;0.7457204742312776
Medium;0.2223555528889422;0.2568475452196382;0.3366495406429726
Unknown;0.0048799024019519;0.5064935064935064;0.9248076022603626
High;3.999920001599968e-05;0.9758812615955472;4.915777265065997
High;0.3356332873342533;0.1963470319634703;0.3412019405364087
Low;0.3016739665206696;-0.0378510378510378;-0.2982711016383844
Unknown;0.9736205275894482;0.1553030303030303;0.0034301483261474
Control;0.0510789784204315;-0.5428571428571428;-0.7476204235845001
Medium;0.7937441251174977;0.4142857142857143;-0.1478323854391197
Unknown;0.7366252674946501;0.0133333333333333;0.1162730906869655
High;0.8534229315413692;0.1794871794871795;-0.1080095481984051
High;0.3288334233315333;0.0633802816901408;-0.370679263161662
High;0.2643547129057418;-0.0906976744186046;-0.3777096895336848
High;0.4109117817643647;0.3333333333333333;0.2456493123266867
High;0.8292634147317054;0.1146245059288537;-0.1008835553642833
Low;0.1723965520689586;-0.06006006006006;-0.423169333909063
High;0.499830003399932;0.2493368700265252;-0.2176290416999002
Low;0.0001199976000479;-0.7558139534883721;-1.3215452472015756
High;0.8028639427211456;0.1072522982635342;-0.1115663753667276
High;0.7059858802823944;0.1893203883495145;-0.2029561985748786
Low;0.5247895042099158;0.0800653594771241;-0.2197753832361048
Unknown;0.1919161616767664;0.2935064935064935;0.5417567809802665
Medium;0.5662286754264915;0.1746031746031746;-0.2423872523674866
Unknown;0.5609087818243635;0.1045751633986928;0.2561105959634152
Unknown;0.249155016899662;-0.3529411764705882;-0.5061383702781911
Low;0.9260214795704086;0.1037037037037037;-0.0366467466766951
Medium;0.7228655426891463;0.354679802955665;0.1212341569182971
Unknown;0.0052398952020959;-0.475;-0.909050932675383
High;0.2644747105057899;0.5775941230486685;0.3666721383394702
Unknown;0.1585168296634067;-0.0510204081632653;-0.3803846622526232
Medium;0.4872302553948921;0.2193675889328063;0.2207110821583869
Medium;3.999920001599968e-05;-0.6818181818181818;-1.4597728672398955
Unknown;0.0047999040019199;-0.6143856143856143;-0.9620957743758634
Unknown;3.999920001599968e-05;-0.7557997557997558;-1.4255432877583316
High;0.2040359192816143;0.3061224489795918;0.5127725415350423
Unknown;0.0133997320053598;-0.4929577464788732;-0.9602474511218616
High;0.8443831123377532;0.3558368495077356;-0.1053367280875444
Medium;0.0991580168396632;0.4924242424242424;0.5671971678956662
High;0.6124677506449872;-0.1088911088911089;-0.1609535202824655
Unknown;0.9435411291774164;0.1022222222222222;-0.026538384946095
Low;0.0607587848243035;0.1347517730496454;1.140355738387814
Medium;0.1639967200655986;-0.0720930232558139;-0.4950355851391239
High;0.9291414171716564;0.2424242424242424;-0.0743439944348963
High;0.0141597168056638;0.7264957264957265;0.9903888656853388
High;0.503709925801484;0.1348837209302325;-0.2652147561943362
Unknown;0.0065598688026239;-0.4111498257839721;-0.7252044069363636
Unknown;0.0008799824003519;-0.6415094339622641;-1.656748187321006
High;0.877382452350953;0.0216049382716049;-0.0594425461374039
Medium;0.7143857122857543;0.3060240963855422;0.0956113649355336
Low;0.3974720505589888;0.1411411411411411;-0.3095225400355203
Unknown;0.0866382672346553;0.365079365079365;0.7376841133497726
High;0.7997440051198976;0.6111111111111112;0.0215267933974142
Unknown;3.999920001599968e-05;0.786472148541114;1.517734044712323
Medium;0.9017419651606968;0.246485473289597;-0.0668205500426834
Unknown;0.0010799784004319;-0.6945812807881774;-1.512997850764114
High;0.493230135397292;0.125;-0.3224358603437409
High;0.2366752664946701;0.2942528735632184;0.4074078805536535
Unknown;0.9062618747625047;0.0615384615384615;-0.1671281366394465
Medium;0.3477530449391012;-0.146358066712049;-0.2735774424650334
Low;0.626867462650747;0.3396868618107556;0.1114289130587009
Low;0.0938381232375352;-0.1736111111111111;-0.6815413918695992
High;0.0175596488070238;-0.488479262672811;-0.6112729303021489
High;0.7997040059198816;0.2397094430992736;-0.1493673951712725
Medium;0.8907821843563128;0.1786216596343178;-0.0713617679773686
Medium;0.4859102817943641;0.368547418967587;-0.2214499474816424
Low;0.0385592288154236;-0.0755244755244755;-0.5389160656032228
Medium;0.7817043659126818;0.09375;-0.1385515013464938
High;0.2053558928821423;-0.2006172839506173;-0.4414103867374223
Low;0.4463110737785244;0.3198529411764705;-0.307475862967194
High;0.3404731905361893;0.0153061224489795;-0.4200493965433909
High;0.4549909001819963;0.0;-0.3645988628767974
Unknown;0.3866322673546529;0.1485507246376811;0.3297952968809929
High;0.5530289394212116;-0.0009182736455463;-0.2047717548856385
Medium;0.0010399792004159;0.7536231884057971;1.5422541038294186
High;3.999920001599968e-05;-0.6305555555555555;-0.9337338809551484
Medium;0.8374232515349693;0.4412955465587044;-0.0899943193983183
Medium;0.0137597248055038;-0.292834890965732;-0.4983379858450312
High;0.2619947601047979;0.4440298507462686;0.4313440681208882
Medium;0.3258734825303493;0.5111940298507462;0.3731304123150089
Medium;0.2243955120897582;0.425;0.4170336395489091
Unknown;0.1003579928401432;-0.3733333333333333;-0.7139369417545598
High;0.3169136617267654;0.5023041474654378;0.4064549453478608
High;0.0023199536009279;0.65625;1.813818175631604
High;0.0951980960380792;0.5;0.6798895552395741
High;0.7276254474910502;0.3503575076608784;0.0852800473908293
Medium;0.0754784904301913;0.6924924924924925;0.5406653766399414
Low;0.0010399792004159;-0.4775641025641026;-0.684397655704203
Medium;0.0010799784004319;-0.5151515151515151;-0.8393040891210933
Unknown;0.0105597888042239;-0.6440281030444965;-0.9617958609597632
Unknown;0.0704785904281914;0.2401913875598086;0.6033425878019288
Unknown;0.6501869962600748;-0.09284332688588;-0.1498290190899722
High;0.9109817803643928;0.1354166666666666;0.0107862035797977
Unknown;0.0651186976260474;-0.5201612903225806;-0.7285942326154258
Medium;0.2242755144897102;-0.1543209876543209;-0.5249333692624351
High;0.3358332833343333;0.2292545710267229;-0.3585126922633217
High;0.0513189736205275;-0.1411764705882353;-0.548543878673629
Unknown;0.2212355752884942;-0.2592592592592592;-0.4332697177574185
High;0.507509849803004;0.0857142857142857;-0.23540654850427
Medium;0.2889942201155976;0.5301587301587302;0.3294239002401699
Unknown;0.4859102817943641;-0.12890625;-0.275918425117038
Low;0.3059138817223655;0.3936899862825789;0.3613878688284985
Unknown;0.0009199816003679;0.5984354628422425;0.9903186710374992
Unknown;0.0237595248095038;0.4975609756097561;0.7848871939763564
High;0.8933021339573208;0.2696629213483146;0.0120881089526878
Medium;0.8150636987260255;0.2196428571428571;-0.1131299119660774
Medium;0.4415511689766204;0.2623762376237624;0.2252912974857886
Unknown;0.0452390952180956;0.2755555555555555;0.7437107445977599
Low;0.0197996040079198;0.5488215488215489;0.8453652031807318
Medium;0.0150396992060158;0.4775828460038986;0.9494458719159964
Low;0.5361092778144437;-0.1770833333333333;-0.2345227863383386
Medium;0.0018799624007519;0.5506535947712419;1.0289728594620968
High;0.865982680346393;0.4238875878220141;-0.1121763364062403
Unknown;0.1304773904521909;-0.3715277777777778;-0.5767541016649721
Low;0.5686686266274674;0.0619047619047619;-0.2097361993768612
High;0.2929541409171816;-0.105177993527508;-0.3215255989003427
Medium;3.999920001599968e-05;0.8969654199011997;2.92645995166448
High;0.24547509049819;0.3024118738404452;0.377119334613887
Unknown;0.0217195656086878;-0.4045307443365696;-0.624613951179557
Medium;3.999920001599968e-05;-0.9943019943019944;-1.948199441459672
High;0.0002399952000959;0.8933333333333333;1.8994976039027107
Medium;0.0016399672006559;0.7037037037037037;1.4746531139812828
Unknown;3.999920001599968e-05;0.8112244897959183;1.5388354321317084
High;0.8191436171276575;0.278169014084507;-0.1161349372365468
High;0.0791984160316793;-0.3191489361702128;-0.7381361147619723
Unknown;3.999920001599968e-05;0.8267326732673267;1.8656791742249548
High;0.2567548649027019;-0.1031746031746031;-0.3635319396882972
Unknown;0.3593528129437411;-0.1604477611940298;-0.3393794437036396
Unknown;0.7154656906861863;-0.2;-0.168580533946225
Medium;0.0677586448271034;0.5233644859813084;0.6471562654036345
Medium;0.7017859642807144;0.2383838383838384;-0.1660786847577872
Unknown;0.0318793624127517;0.5123456790123457;0.8216142515486747
Unknown;0.488590228195436;-0.1428571428571428;-0.1988726004249619
Unknown;0.0555588888222235;-0.2339181286549707;-0.7326472555000517
High;0.4318713625727485;0.0135396518375241;-0.2727149450515549
Unknown;7.999840003199936e-05;-0.7350746268656716;-1.5631798729729538
High;0.3882322353552929;-0.0637037037037037;-0.3169457460531305
High;0.0158796824063518;0.3818770226537217;0.7280098171499485
Medium;0.0768784624307513;0.1038251366120218;0.9026122101575677
Low;0.8297434051318974;0.4276094276094276;-0.0915995482018892
Low;0.4166716665666686;0.4551282051282051;0.236055779563917
High;0.4685506289874202;0.084010840108401;-0.2898520580935173
Unknown;0.3645127097458051;-0.1322537112010796;-0.2691933616815104
High;0.0082798344033119;0.5714285714285714;0.9653045962000256
Unknown;0.3067938641227175;-0.1368421052631579;-0.3116002420410795
Unknown;0.0690386192276154;-0.45;-0.8312575301179388
Unknown;0.3254734905301893;0.2071428571428571;0.329434933324007
Medium;0.2267954640907181;0.2806122448979591;0.4744556578366904
Medium;0.2829543409131817;0.1059907834101382;-0.4637678703040775
Unknown;0.0099998000039999;-0.4757834757834758;-0.915895198049116
Unknown;0.0092798144037119;0.6174334140435835;1.2900231436513898
Unknown;7.999840003199936e-05;0.8498789346246973;1.5941720494356872
Low;0.6849863002739945;0.2672811059907834;0.1359348904588799
High;0.1586368272634547;-0.088235294117647;-0.5033613868807227
Unknown;0.6576268474630508;0.0476190476190476;-0.2152340758775786
Medium;0.0017599648007039;-0.4753476611883691;-0.6689255918070951
Unknown;0.0066398672026559;-0.4966666666666666;-0.8076567819631341
Unknown;0.4269514609707805;0.3469387755102041;-0.3538706985616567
Medium;0.8257034859302814;0.3057851239669421;-0.099495830507782
Unknown;0.0114797704045919;0.2866941015089163;1.0521990409274455
Unknown;0.9663406731865364;0.0522388059701492;0.0005466221124559
Unknown;0.3234735305293894;0.2553191489361702;0.4273566660903914
Unknown;0.1093578128437431;0.3933933933933934;0.6032877210633761
Unknown;0.0003599928001439;-0.2332657200811359;-1.1337523563662513
High;0.0792784144317113;-0.4926470588235294;-0.6155314867494917
High;0.0496390072198556;-0.3148148148148148;-0.511811465230552
Low;0.1076378472430551;0.1338028169014084;-0.5762061141824548
High;0.3144737105257895;-0.1001221001221001;-0.2838866269441328
High;0.616827663446731;0.0972222222222222;-0.2446418668163337
Unknown;0.5539489210215796;0.1022727272727272;0.2275389784293702
High;0.119637607247855;-0.0146341463414634;-0.4934070886737448
High;0.0174396512069758;0.65234375;1.0025689398466169
High;0.8891422171556569;0.0689655172413793;0.0623769024811836
Unknown;0.0016399672006559;0.6571428571428571;1.198842861774801
Unknown;0.0019599608007839;0.6698113207547169;1.2423543277953462
Unknown;3.999920001599968e-05;0.8382352941176471;1.6433822900780826
Low;0.9147817043659128;-0.0453648915187376;0.0320547767285543
Unknown;7.999840003199936e-05;0.6014405762304922;1.1093249956542897
High;0.8101837963240736;0.2467532467532467;0.0951839310240633
Unknown;0.0243595128097438;0.638095238095238;0.9730048621426708
High;0.3362332753344933;-0.1322751322751322;-0.3975840575304801
High;0.0861182776344473;-0.3076036866359447;-0.4932743673546746
Medium;0.4336313273734525;0.3216931216931217;0.2100468184330862
Unknown;0.0514789704205915;0.2820037105751391;0.67666365514036
Medium;0.5159496810063798;-0.0323508267433501;0.1799932115207057
Unknown;0.5897882042359153;0.0146341463414634;0.1894512677197032
High;0.8625027499450011;0.223593964334705;-0.1111504971197593
High;0.0025199496010079;0.4693877551020408;0.8417543948196571
Unknown;0.0342793144137117;0.6177777777777778;1.127247006142564
Medium;0.1921961560768784;-0.0666666666666666;-0.4276689388695907
High;0.0005199896002079;-0.654320987654321;-0.8793579308051521
Unknown;0.6588668226635467;-0.075075075075075;-0.1609080596880588
High;0.0002799944001119;-0.5965258586656139;-0.8048121069095187
Unknown;0.0018399632007359;-0.5975308641975309;-0.959590741239593
Medium;0.0001999960000799;-0.568395061728395;-0.8741375781183216
Unknown;0.0072798544029119;0.2875816993464052;1.0585646681681826
Medium;3.999920001599968e-05;-0.8313817330210773;-1.9875358522812847
Control;0.3241135177296454;-0.1818181818181818;-0.3249327468578492
Unknown;0.2344753104937901;-0.0283687943262411;0.5110658214439519
High;0.2358752824943501;-0.1409121851599727;-0.3312749835106276
High;0.3997120057598848;-0.0177865612648221;-0.2770424344937888
High;0.0168796624067518;0.6536585365853659;0.9353692783460332
Unknown;0.0663186736265274;-0.3414239482200647;-0.5581209756483864
High;0.2574748505029899;0.0;-0.3885682787371222
Unknown;0.0307593848123037;-0.407624633431085;-0.3702051492934197
High;0.7042259154816903;0.1313131313131313;0.1105281848680528
Unknown;0.0639987200255994;0.35546875;0.7324353071238308
Unknown;0.24987500249995;0.4468085106382978;0.5165069202523763
Unknown;0.243155136897262;-0.2227414330218068;-0.3564553001166625
Low;0.7892642147157057;0.1638888888888889;0.0618618851658223
High;3.999920001599968e-05;0.891566265060241;1.9413383672969848
Control;0.0339593208135837;-0.4027777777777778;-0.742214963715164
Unknown;0.0002799944001119;-0.6372549019607843;-1.112601458975918
High;0.253754924901502;0.0821428571428571;-0.4382371365671629
High;0.0001199976000479;0.803921568627451;1.831797408571958
Low;0.0504389912201755;0.5303030303030303;0.8356498903194244
Medium;0.7786244275114498;-0.1666666666666666;0.0901347507207595
Low;0.0760784784304313;-0.2881152460984393;-0.4663474728655948
High;0.4188716225675487;-0.0308641975308641;-0.3991000630530016
Unknown;0.374672506549869;-0.0961538461538461;-0.3422031903382455
High;0.0411591768164636;0.5;0.852510485253301
Unknown;0.622147557048859;0.0492264416315049;-0.2392779755386029
High;0.2257954840903182;-0.2317460317460317;-0.3237077385701429
Unknown;0.7117857642847143;-0.0817610062893081;-0.1448369572827913
Low;0.0567588648227035;-0.3741496598639456;-0.7540384147313425
High;0.9075018499630008;0.1314102564102564;0.0085711648319138
High;0.0012799744005119;0.6695906432748538;1.4468758151872383
Unknown;0.0434791304173916;-0.562962962962963;-0.6351131522105343
High;0.9061018779624408;0.3472222222222222;0.0117138425590486
Medium;0.3305533889322213;0.2433734939759036;-0.3483541436049135
High;0.49555008899822;0.0757575757575757;0.2460299730201892
Unknown;0.8905421891562169;-0.0181818181818181;0.0369588311782036
Medium;0.5535889282214356;0.2560296846011132;-0.0087800116034708
High;0.8218635627287454;0.1470588235294117;-0.1077616172899251
Unknown;0.6500269994600107;-0.05;0.0853851019132022
Unknown;0.5542289154216916;0.1543209876543209;0.2603236018258606
High;0.7047059058818823;0.3513513513513513;-0.1653711249648115
High;0.2727945441091178;-0.0846153846153846;-0.4234469488948378
Unknown;0.4625507489850203;-0.1576354679802955;-0.3042859071290041
High;0.0127197456050878;-0.3478556841388699;-0.641268439323019
High;0.5355492890142197;0.3181818181818182;0.1887306056301927
High;0.6191476170476591;0.0523809523809523;-0.2352652202439836
Low;0.3248335033299334;0.344578313253012;0.3318997265820999
High;0.0855982880342393;-0.1825396825396825;-0.5984539512671029
Unknown;0.9187016259674806;-0.0476190476190476;0.0234300530820078
High;0.9265014699706006;0.032139577594123;0.0320948145348497
High;0.0128797424051518;0.6;0.9815902892596032
Unknown;7.999840003199936e-05;0.6222760290556901;2.176518474976922
Unknown;0.0052398952020959;0.6931216931216931;1.3433974576971357
Medium;0.0291994160116797;0.7521367521367521;0.8974679455036607
High;0.0021199576008479;-0.4339285714285714;-0.7246716482155502
Low;0.2289154216915661;0.457259158751696;0.4034334752345096
Unknown;3.999920001599968e-05;0.6847697756788665;1.3880229030556996
Unknown;0.4615507689846203;-0.1727272727272727;-0.1997658053363024
High;0.5495890082198356;-0.0368159203980099;-0.170047393312932
Medium;0.0545189096218075;-0.2590799031476997;-0.715081188860022
High;0.0006399872002559;0.4863514033064206;0.8713196405688404
Medium;0.0067998640027199;-0.4904761904761904;-0.6905372788119342
High;0.745585088298234;0.04930966469428;-0.1248055930628826
Unknown;0.0038799224015519;0.6666666666666666;1.1362637630852614
Unknown;0.0045199096018079;0.8288288288288288;1.638921900590604
High;0.5156296874062519;0.2258397932816537;0.1585275222223737
Unknown;0.1538369232615347;0.1153846153846153;0.5560885271465957
Unknown;0.0122397552048959;-0.4486215538847117;-1.085030264498202
Unknown;0.2832343353132937;-0.1898989898989899;-0.3378224740875731
High;0.1388772224555509;0.5246132208157525;0.5613207984383273
High;0.1375972480550389;0.0443349753694581;-0.601405493734868
Unknown;3.999920001599968e-05;-0.718475073313783;-1.1215094507956378
Unknown;0.0003199936001279;-0.7112676056338029;-1.209704286495378
Unknown;0.2657146857062858;0.3023909985935302;0.3867939503797805
Medium;0.498790024199516;0.360774818401937;-0.3262670238489292
High;0.7114257714845703;0.3016722408026756;0.0743244460790688
High;0.1905161896762064;-0.175;-0.4551869914542468
High;0.0585588288234235;0.5495495495495496;0.7005503049189425
Unknown;0.0004399912001759;-0.6762688614540466;-1.1535525876419783
Unknown;0.0003199936001279;-0.7156673114119922;-0.7253523662078365
High;0.0063598728025439;-0.7384615384615385;-1.3755822281047336
Low;0.993780124397512;0.1203703703703703;-0.0516417337365938
High;0.2789544209115818;-0.0919117647058823;-0.400290982124484
High;0.0031599368012639;-0.3166666666666666;-0.5955942966947164
High;0.2348353032939341;0.0411622276029055;-0.4968018734173473
Low;0.6537469250614988;0.1103848946986201;-0.2079677683743259
High;0.8518629627407451;0.3395061728395062;0.022646239324151
Medium;0.237835243295134;0.006060606060606;-0.4018731109446883
Medium;0.2386752264954701;-0.0196078431372549;-0.3695983218489472
High;0.6777064458710825;0.0494117647058823;0.1420960525430622
High;0.0018399632007359;-0.2505854800936768;-0.8418790781272778
Unknown;0.6469470610587789;0.1041666666666666;0.1595540822437399
Medium;0.0689586208275834;0.6243386243386243;0.8131346056555663
Unknown;0.1674766504669906;0.4652777777777778;0.6197249609601133
Medium;0.9209015819683606;-0.0459307010475423;-0.0189361148431972
Medium;0.0326793464130717;-0.3362573099415205;-0.6327251809043855
High;0.3927521449571008;0.0535714285714285;-0.2856157504770705
High;0.8345433091338174;0.3012221423436376;0.0281258727030544
Medium;0.622027559448811;0.204040404040404;-0.1985542193939024
High;0.0003199936001279;-0.6642857142857143;-1.092791604352358
Medium;0.0429591408171836;-0.2426900584795321;-0.6642291672747577
Unknown;0.0027599448011039;-0.6627634660421545;-1.160333040308728
Unknown;0.0092398152036959;-0.6987179487179487;-1.168623156919625
Medium;0.3831123377532449;-0.0971896955503512;-0.249817155167589
Medium;0.0885982280354392;0.2986111111111111;0.563890711941279
High;0.5543889122217556;0.52;0.2269205231332138
High;0.4511909761804764;-0.0909090909090909;-0.24978018961386
High;0.3094338113237735;-0.1082368958475153;-0.2998412265580108
Unknown;0.0146397072058558;0.3819444444444444;1.133787961545068
High;0.0234395312093758;-0.3149678604224059;-0.600460950360479
High;0.7279054418911621;0.2675324675324675;-0.1897658264996821
High;0.4245915081698366;0.0303030303030303;-0.2943249089980802
Unknown;0.4065918681626367;0.5615763546798029;0.2818720572188177
Unknown;0.2738345233095338;0.4444444444444444;0.4911680663420812
Unknown;0.0040799184016319;0.5582990397805213;1.1557177933092315
Unknown;0.6859462810743785;0.061056105610561;0.1226979795481043
Medium;0.3437531249375012;-0.1333333333333333;-0.4006564783035791
Low;0.0560788784224315;0.6517647058823529;0.7384289387005539
Low;0.2345953080938381;-0.1076923076923077;0.3581567158958218
High;0.0019999600007999;-0.5511551155115512;-0.5900461868379454
Low;0.1869162616747665;-0.1818531334102268;-0.3405624600449548
High;0.0237595248095038;-0.4673913043478261;-0.8609193283658961
Unknown;0.5745885082298354;-0.0363247863247863;0.1655609248309878
High;0.6564268714625707;-0.1069182389937107;-0.1389239457523274
Unknown;0.0493590128197436;0.3768115942028985;0.9839302285593784
Control;0.0567588648227035;0.4444444444444444;1.0360028971332376
Medium;3.999920001599968e-05;0.8233618233618234;1.4239844389626335
Medium;3.999920001599968e-05;-0.7817460317460317;-1.8548972153782668
Unknown;0.0642387152256954;0.2807881773399014;0.8294869646941451
Control;0.1519969600607988;0.3265306122448979;0.5782465168656995
Low;0.0429191416171676;-0.3761904761904762;-0.510785253800653
Unknown;0.0713185736285274;0.501937984496124;0.5990744223128124
High;0.0831983360332793;-0.0392857142857142;-0.6080635922568156
High;0.0158796824063518;0.9513677811550152;1.280549000228037
Unknown;0.1612767744645107;-0.208955223880597;-0.496462629993971
High;0.5521889562208756;0.0739436619718309;-0.2424027365472449
Low;0.2041559168816623;0.3217391304347826;0.6025056913953156
Unknown;0.0011999760004799;0.6680384087791496;1.2096130259558346
High;0.0362392752144957;0.4814814814814814;0.9033506676910544
Medium;0.4240315193696126;0.3148148148148148;0.2433215744042144
Unknown;0.2147157056858862;0.2604166666666667;0.4866947761898111
High;0.4848703025939481;0.4700854700854701;0.2408131579726436
High;0.2270754584908302;-0.0545454545454545;-0.4024748188555155
Unknown;0.0646787064258714;0.3396825396825397;0.5726877618898162
High;0.0153996920061598;-0.3320964749536178;-0.6079578434586975
High;0.8219835603287934;0.429769392033543;0.0607622344320665
High;0.4601507969840603;0.4035714285714286;0.2677526434456977
Medium;0.1922361552768944;0.3293502613890963;0.4179138145449276
High;0.5957080858382833;0.5238095238095238;0.1914894963294398
Low;0.0477990440191196;-0.2715318869165023;-0.2931812857426147
High;0.4081918361632767;0.3462469733656174;-0.2401254454857478
Unknown;0.1533969320613587;-0.0718954248366013;0.4789091342759862
Unknown;3.999920001599968e-05;-0.896551724137931;-2.1579605311799
High;0.6444271114577709;0.2649253731343283;-0.1985551493073671
Unknown;0.617707645847083;0.0163934426229508;0.1778805820240289
Medium;0.0287994240115197;0.5488721804511278;0.9599935744696044
Unknown;0.0741185176296474;0.3055555555555556;0.7065147598418919
Medium;0.9301413971720566;0.0186046511627906;-0.0070429835258435
Unknown;0.9249415011699766;0.0921985815602836;-0.084600219322617
Unknown;0.5867082658346833;-0.354141656662665;-0.1575324128286442
Unknown;0.7143057138857223;0.148051948051948;0.1280666864239815
Unknown;0.1025579488410231;0.3465346534653465;0.5083157827421539
High;0.0737985240295194;-0.2602739726027397;-0.5793053297125459
High;0.0758384832303353;-0.2435897435897435;-0.7217849138389912
Unknown;0.0153996920061598;-0.5045045045045045;-0.7639756436029479
Medium;0.3799524009519809;-0.1122448979591836;-0.3826645878322256
High;0.2757544849103018;-0.0398126463700234;-0.4205491784257955
High;0.6620267594648107;0.174025974025974;0.1636327888282566
High;0.6417871642567149;0.0164383561643835;-0.1812519423755514
High;0.987020259594808;0.4064327485380117;-0.0224792643263772
Unknown;0.0861582768344633;-0.3485540334855403;-0.5942966091735078
High;0.5352292954140917;0.1764705882352941;-0.2783693402991712
Unknown;0.873622527549449;-0.0161812297734627;-0.0451347774360834
Medium;0.5769484610307793;-0.1736111111111111;-0.243899601119699
Unknown;0.3597128057438851;-0.2266666666666666;-0.3990598166404024
High;0.633067338653227;0.3251028806584362;0.0750594301263081
Medium;0.4871102577948441;0.0746268656716417;0.2379225906108328
Medium;0.9519009619807604;0.1980861244019138;-0.010031745855507
Low;0.0641587168256634;-0.2252252252252252;-0.5343181316944793
High;0.2033959320813583;0.0665417057169634;-0.410858554779291
High;0.0525589488210235;-0.4358974358974359;-0.665918299196766
High;0.0877182456350873;-0.2794612794612794;-0.4635861165262019
Unknown;0.5893082138357233;0.0864197530864197;0.1867414150628038
High;0.1989960200795984;0.0184331797235023;-0.5092404213980722
High;0.0037199256014879;-0.3624557260920897;-0.7192082875595168
High;0.8389832203355932;-0.2340425531914893;-0.0452243594102603
High;0.4220315593688126;0.2435185185185185;-0.1643339692808189
Unknown;0.5921481570368593;0.1629629629629629;0.2391308831826759
Unknown;0.1136777264454711;-0.2990654205607476;-0.4813974534867605
Unknown;0.2180756384872302;0.5798611111111112;0.4782132547623528
High;0.0060798784024319;0.6547619047619048;1.2489903463311034
High;0.5557888842223155;0.4638218923933209;0.1720689444628956
Unknown;0.6098278034439312;-0.2186046511627907;-0.2081975325144535
Unknown;0.2872342553148937;-0.1516049382716049;-0.2925038815333271
Unknown;0.0768784624307513;-0.5272727272727272;-0.8283249310772447
Unknown;0.1785164296714065;-0.2535612535612536;-0.3495118317655507
Unknown;0.0118797624047519;0.5291866028708134;0.8444802948171637
Unknown;0.5513089738205236;0.2407862407862407;-0.0014852113985976
Unknown;0.0278794424111517;-0.4967320261437908;-0.9788895608642604
High;0.3121937561248775;-0.21875;-0.3836193844211994
Unknown;0.0003599928001439;0.7884615384615384;1.7683741576933412
Unknown;0.0228395432091358;-0.5568181818181818;-0.7351117124605516
High;0.0064798704025919;-0.3031746031746031;-0.6689127805323332
Unknown;0.5233895322093558;-0.174025974025974;-0.2625885474778778
High;0.8567428651426972;0.4;0.0311046715340069
Unknown;0.0152396952060958;-0.5075757575757576;-0.7748954746065472
High;0.6592668146637067;0.375;-0.210373626277114
Unknown;0.0403191936161276;0.5869565217391305;0.8386929662380175
Low;0.0733185336293274;-0.3148148148148148;-0.5483364180138663
Low;0.4746705065898682;-0.0909090909090909;-0.2365568104101385
Low;0.3115537689246215;-0.1188811188811188;-0.3249555893685882
Medium;0.3270334593308134;0.2325925925925926;-0.3473255742540662
Unknown;0.5231095378092439;0.1152764761012183;0.2060909842072871
High;0.0286394272114557;0.6153846153846154;1.053766542796419
Unknown;0.619347613047739;-0.0522875816993464;-0.2531072871577147
High;0.1672366552668946;-0.2448979591836734;-0.6012741180393364
High;0.0120797584048319;-0.4326599326599326;-0.5442023782712052
Unknown;0.248195036099278;0.3983130271790066;0.401240301867637
Medium;0.6899862002759944;0.0677186061801446;-0.1600559945216354
High;0.4195516089678206;-0.0459770114942528;-0.2783417578170326
Medium;0.5330693386132277;-0.096938775510204;-0.2602529142870879
High;0.0229595408091838;0.0243055555555555;-0.596321155788765
Medium;0.4911501769964601;0.4909090909090909;0.2496761057618322
Unknown;0.0514389712205755;0.41796875;0.7314656172076498
Unknown;7.999840003199936e-05;-0.695906432748538;-1.537611053962074
High;0.0014799704005919;-0.5712918660287082;-0.96852226100941
Unknown;0.0015599688006239;-0.6739130434782609;-1.2076086965199422
Unknown;0.4559108817823643;-0.1956521739130435;-0.333565022285388
Medium;0.0084798304033919;-0.37409200968523;-0.5978020746267145
Medium;0.886342273154537;0.2972222222222222;-0.086419893166062
High;0.2318353632927341;0.4228395061728395;0.4227797299463858
High;0.6881462370752585;0.0598591549295774;-0.2034755278334718
Medium;0.6148277034459311;0.1886792452830188;-0.2380830998857415
Medium;0.3367532649347013;0.4867724867724867;0.3857178836021364
Unknown;0.1105977880442391;-0.2923076923076923;-0.6076227602082752
High;0.5118697626047479;0.1688311688311688;-0.2797426852914969
Low;0.0114397712045759;-0.2793650793650793;-0.6190726257482454
Unknown;3.999920001599968e-05;0.6242496998799519;1.7544000510189122
High;0.2230755384892302;-0.1666666666666666;-0.3505676127750632
Medium;0.9021819563608728;0.1346153846153846;-0.0585468719898137
High;0.0685586288274234;-0.0172839506172839;-0.5677393305358737
High;0.9017019659606808;0.1003787878787878;-0.1537457132932235
Unknown;3.999920001599968e-05;0.6825396825396826;2.040152962336204
Medium;0.121397572048559;0.2183908045977011;0.6217381167836035
Medium;0.0008399832003359;-0.3925667828106852;-0.8126489214034766
Unknown;0.0238795224095518;0.3752808988764045;0.7296034942793705
High;0.5081498370032599;-0.0404761904761904;-0.2053598566423469
Medium;0.0015199696006079;-0.4271604938271605;-0.738375052165598
Unknown;0.0883582328353432;0.0854166666666666;0.5305244289286342
Unknown;0.1512769744605107;-0.3469387755102041;-0.6067311320457123
Medium;0.0009599808003839;-0.4224719101123595;-0.8647539309745541
Medium;0.0813583728325433;0.0895061728395061;0.6747402383251061
High;0.0001599968000639;-0.514608492403584;-0.7428865902458273
High;0.2249555008899822;-0.2055016181229773;-0.3620379626424543
High;0.5080298394032119;0.2258064516129032;0.241737726610699
Unknown;0.0176396472070558;-0.3321167883211678;-0.6372902410976409
Low;0.0059998800023999;-0.1224489795918367;-0.6576309129261937
High;0.760544789104218;0.2528735632183908;0.0791526695701177
Unknown;0.0572788544229115;0.4576271186440678;0.7447825239085868
Unknown;0.0402391952160956;-0.5106382978723404;-0.9280176198817944
High;0.5947481050378992;0.1391585760517799;-0.2047288205479429
High;0.125557488850223;-0.1571428571428571;-0.6360804750832469
Medium;0.7707045859082818;0.4666666666666667;0.0697960844594295
Unknown;0.0256394872102557;-0.5705705705705706;-0.8422572437657975
High;0.8029839403211936;0.2350877192982456;-0.0925176470148748
Low;0.9024219515609688;0.2519201228878648;-0.1222863567463615
Medium;0.121837563248735;0.025709219858156;-0.3938382416337428
Low;0.999740005199896;0.4929765886287625;-0.1600722572731371
Medium;0.6933461330773385;0.543859649122807;0.0951991661613359
High;0.5708685826283474;-0.1647058823529411;-0.20990091619861
Unknown;0.0012799744005119;-0.6681096681096681;-1.2636648469476086
Unknown;0.0046799064018719;-0.5023411371237458;-0.7959053763986079
Unknown;0.1067978640427191;-0.214604462474645;-0.4196488664982191
High;0.0161196776064478;-0.3153153153153153;-0.7702090003188307
Unknown;0.0048399032019359;0.1172839506172839;1.330758778527759
Unknown;0.1678766424671506;-0.2822966507177033;-0.4444464935871935
Unknown;0.883582328353433;-0.1261770244821092;-0.0378221015685473
Medium;0.9611407771844565;0.2222222222222222;-0.0197568242116597
Low;0.121837563248735;-0.1926863572433192;-0.5150046125726254
Medium;0.1823163536729265;0.0192307692307692;-0.5169077087740733
Medium;0.3039139217215655;-0.25;-0.4527879500829918
Unknown;0.0727185456290874;0.3640449438202247;0.5788982695471665
Unknown;0.4165516689666206;-0.1333333333333333;-0.3625105430500063
Low;0.6535869282614347;0.2992424242424242;0.1576646077381006
Unknown;0.1829163416731665;-0.0788288288288288;-0.4040445347410235
High;0.7924641507169856;-0.1253012048192771;0.0674851107300524
High;0.8263034739305214;0.1088435374149659;-0.1361818268650949
Medium;0.8881822363552729;-0.1821428571428571;0.0187620465654126
High;0.8681826363472731;0.2569444444444444;-0.0909873226113736
High;0.9716205675886482;0.2024691358024691;-0.0822420382378464
Unknown;0.1086378272434551;0.25390625;0.6565769470163173
High;0.0279594408111837;-0.3637747336377473;-0.7488143355920209
Medium;0.4024719505609888;0.1781076066790352;-0.3086252887983015
High;0.370832583348333;0.1663442940038684;-0.2996022956206505
Unknown;7.999840003199936e-05;-0.7546419098143236;-1.5418893916164542
High;0.622867542649147;0.0461538461538461;-0.2112771867660105
High;0.7431051378972421;0.2613636363636363;0.1004714257008233
Unknown;0.5371092578148438;-0.1376623376623376;-0.2439931010540346
High;0.8866222675546489;0.2602040816326531;-0.1035392294075592
High;0.1783164336713265;0.205607476635514;0.4109505065572358
Unknown;0.2072758544829103;0.3771929824561403;0.5554015754582284
Medium;0.7595048099038019;0.1521739130434782;-0.1835780109125505
High;0.2079158416831663;-0.0178069353327085;-0.3999696102240699
High;0.6105477890442191;0.125;-0.2159902459960647
Medium;0.506909861802764;0.2338624338624338;-0.1962055279880374
Medium;0.4743105137897242;0.1277777777777777;-0.2697823664663532
Unknown;0.4138317233655327;0.2649253731343283;0.2861171575342756
Unknown;0.2252354952900942;0.3498349834983498;0.383152345243186
Medium;0.0034799304013919;-0.1082621082621082;-0.6122549101149637
Medium;0.0993180136397272;-0.0857142857142857;-0.5040799659608018
High;0.2158756824863502;-0.1587301587301587;-0.3583337269735046
Unknown;0.0328393432131357;0.4736842105263157;0.7892175442482501
High;0.6038679226415472;-0.1688311688311688;-0.2380948950420832
Unknown;0.5979080418391632;0.037037037037037;0.0864152662906688
Unknown;0.0142797144057118;-0.3716666666666666;-0.6566670592273642
Medium;0.2903941921161577;0.1176470588235294;-0.4244140193431608
High;0.9732605347893042;0.1454545454545454;-0.0459257795005042
High;0.1985160296794064;-0.2366666666666666;-0.3778418242967305
High;0.9391812163756724;0.16318407960199;-0.0072463585604928
Low;0.1771964560708785;-0.1152941176470588;-0.4356446621080067
Unknown;0.0408791824163516;-0.5023041474654378;-0.7815891944970266
Medium;0.0033999320013599;0.5037593984962406;1.5904594856183596
High;0.4146717065658686;0.0971896955503512;-0.2630332052236051
Medium;0.2055958880822383;-0.0115384615384615;-0.4696611733817947
Low;0.9020219595608088;0.3037383177570093;-0.067209760199876
High;0.1537169256614867;-0.0931372549019607;-0.4013790681962906
Low;0.2120357592848143;-0.0172143974960876;-0.4023672686578656
High;0.0741185176296474;0.6597222222222222;0.7495245424118218
Low;0.7207455850882982;-0.069047619047619;-0.1223503325222965
Medium;0.3096338073238535;0.1478696741854636;-0.4499518924338458
Unknown;0.0922381552368952;-0.4666666666666667;-0.7483897295808198
Unknown;0.0009599808003839;-0.7820823244552058;-1.3194492369366395
Low;3.999920001599968e-05;-0.8528428093645485;-1.0156302378814488
Unknown;0.8079038419231616;0.0765306122448979;0.0983340666067649
High;0.6521069578608428;0.3401360544217687;-0.2415047473744491
Unknown;0.6618267634647307;-0.1;-0.1594733728662567
High;0.8211435771284574;0.1177944862155388;-0.0933055869169405
High;0.0184396312073758;-0.3713235294117647;-0.7496846600238858
Medium;0.0448791024179516;0.5015015015015015;0.7707271329580773
Low;0.4262714745705085;-0.04296875;-0.3324544121417555
Unknown;0.0001999960000799;0.7341176470588235;1.334062298695441
High;0.0463190736185276;0.523444976076555;0.6688416387563383
High;0.6000679986400272;-0.065359477124183;-0.260904344160089
Low;0.2830743385132297;0.189516129032258;0.4072276745790975
Unknown;3.999920001599968e-05;-0.738404452690167;-1.2860554855430244
Medium;0.3444731105377892;-0.04296875;-0.3616926169476092
Unknown;3.999920001599968e-05;0.8333333333333334;2.0472531491810084
Unknown;0.8391032179356412;0.0799031476997578;-0.2387621426836717
High;0.3335533289334213;-0.1513317191283293;-0.2710597449033334
Low;0.1354372912541749;0.3009708737864077;0.4651471100553641
High;0.0259994800103997;-0.404040404040404;-0.7328891949502306
Unknown;0.0116397672046559;0.6530612244897959;1.0985562444219938
Unknown;0.634427311453771;0.5710843373493976;0.1634251778383374
Unknown;0.5204295914081718;0.2026143790849673;-0.2932600687323439
Unknown;0.3157536849263014;0.4047619047619047;0.4052970679847185
High;0.6974260514789704;0.2160278745644599;0.0857494891312925
Unknown;0.2137557248855023;0.3049645390070922;0.5370422171991771
Unknown;0.8714225715485691;0.017094017094017;0.0567933851412314
Unknown;0.3099138017239655;-0.179002624671916;-0.2741667447399263
Unknown;0.5931881362372753;0.0425240054869684;0.1833995573598118
Low;0.242115157696846;0.0136986301369863;-0.4390240007139124
Low;0.4382312353752925;0.8085106382978723;0.1841075135159685
Medium;0.0147597048059038;0.2902439024390243;1.0032833327887063
Unknown;0.366872662546749;0.1564625850340136;0.4002341320837299
Unknown;0.4624707505849883;0.1031746031746031;0.2093033956317217
High;3.999920001599968e-05;-0.8707482993197279;-1.7094227691869164
Unknown;0.1467570648587028;-0.3061224489795918;-0.476172119812001
Medium;0.6811063778724425;0.219047619047619;-0.2165853820223113
Unknown;0.0067198656026879;0.6535714285714286;0.932181698617397
Low;0.1570368592628147;0.3636363636363636;0.4620189098588775
High;0.49895002099958;0.238095238095238;-0.3096104123358467
High;0.0283994320113597;0.5087719298245614;0.8629053849411915
High;0.8603027939441211;0.4067164179104477;-0.0966735443478871
High;0.0063598728025439;0.0791575889615105;-0.5940429719017353
High;0.2194356112877742;0.0121065375302663;-0.4987484692003323
Medium;0.2874342513149737;-0.0252525252525252;-0.3292769476811626
Unknown;0.1679166416671666;-0.1709601873536299;-0.5760165450645839
Unknown;0.0098798024039519;-0.5564356435643565;-0.8721341017190999
High;0.49795004099918;0.2624113475177305;0.2794876664962745
Low;0.7121057578848423;0.1821428571428571;-0.1984363355502346
Unknown;0.1375572488550229;0.2133333333333333;0.6710100640117677
Unknown;0.2106357872842543;-0.2480974124809741;-0.4154279362807732
Unknown;0.0781984360312793;-0.4850746268656716;-0.6181134935964921
High;0.0745985080298394;-0.2179487179487179;-0.446825132880244
Low;0.882462350752985;0.0449438202247191;-0.1089980778215373
High;0.6009079818403632;0.1778846153846154;-0.1963060275286973
Low;0.8693426131477371;0.0026525198938992;0.0596781021444603
Unknown;0.5340293194136118;0.347008547008547;-0.2560228682557227
High;0.1674366512669746;-0.2153846153846154;-0.353860556868752
Medium;0.0035599288014239;-0.3828382838283828;-0.7468226243888133
High;0.3835523289534209;0.1031578947368421;-0.3068524888757219
Unknown;0.2773944521109577;0.1103368176538908;0.30637731805471
Low;0.118597628047439;0.0088888888888888;-0.4960985450978605
High;0.1055978880422391;0.3692307692307692;0.5925843663473467
Unknown;0.1689566208675826;-0.0173250173250173;0.4211198609347984
Unknown;0.8228635427291454;-0.0390625;-0.0825315026161039
Unknown;0.2775944481110378;-0.2235294117647059;-0.5333444201749218
Low;0.0341593168136637;-0.3261904761904762;-0.6704990245223652
High;0.2265154696906061;0.5188679245283019;0.3841183277781786
High;0.0001999960000799;-0.8962962962962963;-1.9443230877690605
Unknown;3.999920001599968e-05;0.6074429771908764;1.3572451445606932
Unknown;0.5391092178156437;0.0242424242424242;-0.2512661770431334
High;0.1721965560688786;0.5183752417794971;0.4633378992588559
Unknown;0.0489590208195836;0.5075757575757576;0.9320138748004552
Low;0.0004399912001759;-0.7126865671641791;-0.9942206803366608
Medium;0.1798364032719345;-0.1785714285714285;-0.4323919079901901
Low;0.0008799824003519;-0.5952380952380952;-0.7906419617111466
Unknown;0.9109017819643608;0.0253699788583509;0.0385273744934232
Unknown;0.1750364992700146;-0.2727272727272727;-0.4554655083578457
Unknown;3.999920001599968e-05;-0.8576051779935275;-1.9861424339296756
High;0.981420371592568;-0.1428571428571428;-0.0452393276507637
Low;0.2902741945161097;0.4813432835820895;0.4096134362619688
High;0.0053598928021439;-0.7422222222222222;-1.3927353155352258
Unknown;0.2085558288834223;0.0261437908496732;-0.5678271301678803
High;0.1941961160776784;-0.115;-0.4521102562950931
Unknown;0.0138397232055358;-0.5882352941176471;-0.6027556713050372
Control;3.999920001599968e-05;-0.6947368421052632;-1.3095482199934387
High;0.115357692846143;-0.0085470085470085;-0.447971007989412
High;0.6557468850622987;0.2404712404712404;-0.1508138488630956
Unknown;0.0016799664006719;0.6754385964912281;1.1707566776324043
High;0.0161196776064478;-0.3832293832293832;-0.5058306015257953
High;0.5229095418091638;0.2573529411764705;-0.2741862006437158
Medium;0.625107497850043;0.303030303030303;0.1629534707751736
Medium;0.2779144417111657;-0.0551724137931034;-0.3793382627494996
Control;0.1873962520749585;-0.0712250712250712;-0.4623441484745785
Unknown;0.0197596048079038;-0.5777777777777777;-0.9979576013430694
Low;0.1989560208795824;0.2345679012345679;0.476903131516371
Low;0.3031939361212776;0.1348837209302325;-0.364954656274007
Unknown;0.0001199976000479;-0.8346153846153846;-1.7137771601636915
High;0.9210615787684246;0.3428571428571428;0.0037310263209705
Unknown;0.4400311993760125;0.2527821939586645;0.0624915880729805
Unknown;0.0117197656046879;0.6923076923076923;1.2593246357061123
Medium;0.8909421811563769;0.1697674418604651;-0.0739590739024745
High;0.6822663546729065;-0.1396011396011396;-0.1558222714
Low;0.8364632707345853;0.0520833333333333;-0.110528105596044
Unknown;0.0325593488130237;-0.4710144927536231;-1.0078358111823078
Low;0.8685426291474171;0.0683760683760683;-0.0978254891506217
High;0.6817463650726986;0.1882716049382716;-0.2148048226431022
Unknown;0.8993420131597368;0.0476190476190476;-0.0743455083569118
High;0.6006679866402672;0.2902439024390243;0.1577176488138759
Unknown;0.9671806563868722;-0.142156862745098;-0.010860830830815
Unknown;0.0002399952000959;-0.5746031746031746;-1.1057223057658514
Medium;0.7915441691166176;0.3849206349206349;0.0712247516968821
High;0.8049039019219616;0.1847507331378299;0.0526188069668
High;0.0006799864002719;-0.5255474452554745;-0.9378065569416034
High;0.6082278354432912;0.4926470588235294;0.1751083588082052
High;0.4862302753944921;0.0150891632373113;-0.2696686824145404
Medium;0.0482790344193116;-0.2623626373626374;-0.5284300385762425
Low;0.0398792024159516;-0.3985507246376811;-0.7513005548489878
Medium;0.502789944201116;-0.0211382113821138;-0.1975933715222429
Control;3.999920001599968e-05;0.8353510895883777;2.130776147200834
Medium;0.0776784464310713;-0.201058201058201;-0.6669806819088334
High;0.4015119697606047;0.072463768115942;-0.3767903811515514
Unknown;0.0174396512069758;-0.4221183800623053;-0.6089396038435346
High;0.9027819443611128;0.3076036866359447;-0.0019159292759039
Unknown;0.0171996560068798;0.5705128205128205;1.212531648377326
Medium;0.7643047139057219;0.2064825930372149;-0.1152068003486257
Unknown;3.999920001599968e-05;-0.7262737262737263;-0.9319945328028312
High;0.4251514969700606;0.0029850746268656;-0.238022661974616
High;0.8675426491470171;0.2619047619047619;-0.091773974595023
High;0.0038799224015519;-0.3701149425287356;-0.8043668115919939
Low;0.633187336253275;0.1682098765432098;-0.1601529497151732
High;3.999920001599968e-05;-0.9130434782608696;-1.904331974170877
High;0.123637527249455;-0.2429577464788732;-0.5040532408202201
Unknown;0.3501529969400612;0.1836734693877551;0.3795603838885361
Unknown;0.3880322393552129;0.5064102564102564;0.3728095805336494
Medium;0.0180796384072318;-0.1790123456790123;-0.7029785959500109
Medium;0.0043999120017599;-0.1559055118110236;-0.6353899548654934
Unknown;3.999920001599968e-05;-0.7511111111111111;-1.2636467488602432
High;0.0602787944241115;0.5802469135802469;0.7043865531206461
Unknown;3.999920001599968e-05;0.6513317191283293;1.1820814636236976
High;0.0783184336313273;-0.2681912681912682;-0.4371048160018598
Medium;0.5349893002139957;0.204225352112676;-0.2846521122738887
Low;0.2633547329053419;0.5694444444444444;0.4281764840034969
Unknown;0.0111197776044479;-0.4843137254901961;-0.807626666136362
High;0.8149837003259934;0.3432098765432099;-0.1147832705660557
High;0.2377552448951021;-0.07421875;-0.4676150614247338
Unknown;0.2207555848883022;-0.2624113475177305;-0.537109649779029
Unknown;0.0359592808143837;-0.3176638176638177;-0.602322264524664
High;0.0130797384052318;-0.4052287581699346;-1.007248353887213
Medium;0.0395592088158236;-0.4285714285714285;-0.65158484120251
High;0.1354772904541909;0.5185185185185185;0.5672123575256823
High;0.0118397632047359;-0.3102310231023102;-0.6312913204588558
Medium;0.0341993160136797;-0.359375;-0.6838282775117017
Medium;0.8045439091218176;0.1720930232558139;-0.1213843918685491
High;0.0015999680006399;0.5929411764705882;0.970703674691897
Low;0.1549569008619827;-0.051051051051051;-0.4372207514915052
High;0.7113857722845544;0.3906093906093906;0.0926996619126893
Low;0.0022399552008959;-0.389967637540453;-0.8098032946679447
Unknown;0.9715805683886324;0.0047619047619047;-0.021098702651222
High;0.5285894282114357;0.1644444444444444;-0.2497212610454214
Unknown;0.867902641947161;-0.2222222222222222;0.036530722632024
Unknown;0.0001999960000799;-0.6304985337243402;-0.8383010934773689
Unknown;0.9464610707785844;-0.2219512195121951;0.0149983445229299
Medium;0.3903921921561569;0.1508704061895551;0.2772775594101596
High;0.3022739545209096;0.1198547215496368;-0.2961997663230059
Medium;0.0033999320013599;0.75;1.6241556056677455
Unknown;0.1343173136537269;-0.46484375;-0.5785072603690656
Unknown;0.8908621827563449;0.0635451505016722;-0.0349123088982892
Unknown;0.2823943521129577;0.3094812164579606;0.3218990783961782
Medium;0.0739585208295834;0.0707692307692307;-0.4368090774009972
Medium;0.9231415371692566;0.3823529411764705;-0.0686901018112677
Unknown;0.0906381872362552;-0.4187192118226601;-0.6415489025970543
Medium;0.744065118697626;0.2397094430992736;-0.1631892108610577
Unknown;0.6084678306433872;0.032183908045977;0.1628779949466391
Low;0.3140737185256295;0.1195402298850574;-0.385861063089525
High;0.2223955520889582;-0.2226720647773279;-0.3519519281938807
Medium;0.0689586208275834;-0.4416896235078053;-0.4835290200937704
Medium;0.0046799064018719;-0.4916286149162861;-0.9144077973440968
Unknown;0.0180396392072158;0.4563106796116505;0.7552705432128773
High;0.9188616227675448;0.3509286412512219;-0.0601079045606097
Unknown;0.0220395592088158;-0.4855072463768116;-0.8032248317947003
High;0.631307373852523;0.177257525083612;-0.1676255769660248
High;0.5505889882202356;0.2679738562091503;0.2548122872121685
Medium;0.7889842203155937;0.0394889663182346;-0.1037239962512321
High;0.1802363952720945;-0.0769230769230769;-0.3915078198841594
Unknown;0.0060150375939849;0.925925925925926;2.519910485476815
High;0.1994360112797744;-0.2391304347826087;-0.3905784248361281
High;0.0012399752004959;0.5461538461538461;0.9695132630969342
Unknown;3.999920001599968e-05;-0.7933884297520661;-1.4874925791734328
Medium;0.8562628747425052;0.1961538461538461;-0.1295504552888477
Low;0.2816343673126537;-0.2371794871794871;-0.4749772783588448
Unknown;0.0051198976020479;-0.5111111111111111;-0.9150821907852584
Unknown;0.2781544369112618;0.0655737704918032;0.3137402116623355
High;0.9401011979760404;0.4181184668989547;-0.0037193350417081
High;0.0712785744285114;-0.1738095238095238;-0.4574747049845569
High;0.7617447651046979;0.0192307692307692;-0.1758343775648845
Low;0.6363472730545389;-0.0795454545454545;-0.1870753156747973
Unknown;0.3801523969520609;0.015625;0.3309561389617686
Medium;0.0049199016019679;0.5298701298701298;0.928164509623551
High;0.0577588448231035;-0.2597701149425287;-0.5803441930866952
High;0.8040639187216255;0.18359375;-0.1272347258553701
Medium;0.4093118137637247;0.46875;0.3254733470949185
Unknown;0.5369492610147797;-0.1721311475409836;-0.3435327525961852
Medium;0.6537869242615147;-0.2180872348939576;0.104699699592502
Unknown;0.0024799504009919;0.5806938159879337;1.0886500743818857
Low;0.0115197696046079;0.4821428571428571;1.0459986895391031
Low;0.5399092018159637;-0.0036231884057971;-0.2583209604376449
High;0.8104637907241855;0.1268902038132807;0.0459286674114804
High;0.4518709625807484;0.2949245541838134;-0.3585490892311344
High;0.5197896042079159;0.3417508417508417;-0.2168503412540307
Medium;0.9162216755664888;0.1800995024875621;0.0072703380766009
Unknown;0.0061598768024639;0.5966386554621849;1.070607584675279
High;0.8647027059458811;0.4385964912280701;0.0442525030184869
High;0.4848303033939321;0.1640625;0.248821880697253
High;0.9570608587828244;0.1382978723404255;-0.0368976296282562
High;0.3444331113377732;0.3209302325581395;0.316048682559732
High;0.3942321153576928;-0.0661040787623066;-0.3088048051488254
Medium;0.6898262034759305;0.1911764705882352;-0.1780461258015
Unknown;0.0671186576268474;-0.3842364532019704;-0.7203651856559673
Unknown;0.0003599928001439;0.7007407407407408;1.352553217347968
Medium;0.0049999000019999;-0.5507246376811594;-0.7420216682730436
Low;0.5650286994260115;0.3194733194733195;-0.1899559608124079
Unknown;0.6027479450410992;-0.0505050505050505;-0.1624190612647103
Unknown;0.2362352752944941;-0.3185185185185185;-0.4684887732013019
Medium;0.6491870162596748;-0.0712250712250712;0.1183799097769584
Unknown;0.8885022299554008;0.0325814536340852;-0.0961496700763186
Unknown;0.3833523329533409;0.010752688172043;0.2774321426348414
Unknown;3.999920001599968e-05;-0.5803571428571429;-1.0247318659994098
Unknown;0.0005599888002239;-0.6080246913580247;-1.330585750661584
Unknown;0.7213055738885222;0.2663934426229508;0.1131151581305701
High;0.1571568568628627;0.3944444444444444;0.518736177377145
Low;0.4725505489890202;-0.0798611111111111;-0.3319060363793712
Low;0.4586708265834683;0.183411214953271;-0.2155773959792743
Unknown;0.4433111337773244;-0.1007905138339921;-0.2371326812832114
Unknown;0.0421991560168796;-0.4195688225538971;-0.7091916043272644
Unknown;0.6541069178616428;-0.1632653061224489;-0.1928595129782535
Medium;0.0006799864002719;-0.2893772893772894;-0.6339297059859041
Unknown;0.0112397752044959;-0.4644268774703557;-0.659645020115604
Low;0.0032399352012959;-0.3023255813953488;-0.8638499214247739
Unknown;0.2939141217175656;0.0669781931464174;-0.3277938085146525
Unknown;0.0041599168016639;0.667447306791569;1.0920509194430754
Unknown;0.0617187656246875;-0.5460992907801419;-0.6027421359899986
Medium;0.7359452810943781;0.3418367346938775;-0.1693134450939241
High;0.4226715465690686;0.2092020129403307;-0.2570008848672884
Medium;0.7209455810883783;0.0679933665008291;0.1390539136410865
Medium;0.6984260314793704;0.0492424242424242;-0.2191232746635414
High;0.5081498370032599;0.3888888888888889;0.2714498027588347
High;0.4226715465690686;0.3280116110304789;-0.2539672243499674
Control;0.9757804843903122;0.1337868480725623;-0.1356286219092493
High;0.0015199696006079;-0.3250398724082934;-0.5062046792359371
Unknown;0.1549569008619827;0.345679012345679;0.6388545326716153
Unknown;0.0005199896002079;0.644927536231884;1.667666062584409
Unknown;0.0611187776244475;0.6571428571428571;0.9040015923250272
High;3.999920001599968e-05;0.4154761904761905;2.111756412388069
Unknown;0.0147997040059198;0.4088669950738916;1.1135623459354982
Unknown;0.1046379072418551;-0.0145530145530145;-0.4478718196574665
Unknown;0.0735985280294394;-0.2609756097560975;-0.5677579379172556
Medium;0.622067558648827;0.336405529953917;0.1737268691467469
High;0.0285994280114397;-0.2359208523592085;-0.6867806004920121
Medium;0.630067398652027;0.1857142857142857;-0.2295989153297299
Unknown;0.622507549849003;-0.062111801242236;-0.2200449618440536
Medium;0.0341593168136637;-0.2161616161616161;-0.537352928245216
Unknown;0.0100797984040319;-0.475;-0.7554364832158647
High;0.0186396272074558;0.5;0.8795142427228438
High;0.2318753624927501;0.0505050505050505;-0.4400153479579114
Low;0.0870382592348153;0.2167832167832167;0.613594433117933
High;0.7370652586948261;0.3616734143049933;0.068893702781384
Medium;0.0203818369453044;0.6666666666666666;1.3220901141800234
High;0.6361872762544749;-0.0385487528344671;-0.2126459379208437
Unknown;0.5222295554088918;0.1145833333333333;0.2080409800969449
High;0.0006799864002719;-0.7419354838709677;-1.178190395974835
Unknown;0.3602327953440931;0.2857142857142857;0.4036764926647654
High;0.747985040299194;0.4346153846153846;0.1009282853735528
High;0.3592328153436931;0.0543478260869565;-0.3733033000708035
Unknown;0.8025039499210016;0.0246305418719211;0.0511684473248762
Unknown;0.9483810323793525;0.006006006006006;-0.0212435078194309
Unknown;7.999840003199936e-05;-0.7350427350427351;-1.2927408774342708
Unknown;0.0002799944001119;0.7817460317460317;1.8168314624152109
Medium;0.2151956960860782;0.0283479960899315;-0.3846466013389468
High;0.0053598928021439;0.56640625;1.0278880064645552
High;0.5742685146297074;0.1475409836065573;-0.2598321438883915
Unknown;0.0450790984180316;0.4928571428571429;0.6907458822769291
High;0.5635087298254035;0.1296296296296296;-0.2317674681301759
High;0.1589968200635987;-0.198019801980198;-0.3872024328993049
Medium;0.7945441091178177;0.4975609756097561;-0.1162358221848166
Unknown;0.1563568728625427;0.2307692307692307;0.5230601532695957
Unknown;0.0051198976020479;-0.5394524959742351;-0.698723297870571
High;0.4161116777664447;0.2636363636363636;0.2683198480967801
Unknown;0.0451990960180796;0.5578231292517006;0.9417082636864028
High;0.7374652506949861;0.2302325581395349;0.0985074651838203
High;0.2215155696886062;0.5151515151515151;0.4821895214852352
High;0.7947041059178817;0.003003003003003;0.0601271994941241
High;0.0075598488030239;-0.4186521443158611;-0.690169961705331
High;0.0119997600047999;0.4527777777777778;1.1152237295653769
Unknown;0.1437971240575188;-0.2445520581113801;-0.3828518005652646
Unknown;0.9361812763744723;-0.1818181818181818;0.017224951605595
Low;0.0001999960000799;-0.5141414141414141;-0.8264541293721386
Unknown;0.5536289274214515;0.0045662100456621;-0.2478279607104246
Unknown;0.0011999760004799;0.8222222222222222;1.354164866132472
Unknown;0.0200795984080318;-0.5095238095238095;-0.9895392467666304
High;0.7093458130837383;0.2648059904697072;0.0858363827118703
Low;0.7309053818923622;0.12;-0.140251454651081
Low;0.0194396112077758;0.6650326797385621;0.8703814859064877
Low;0.0011999760004799;0.45;1.672136380195462
High;0.6155876882462351;-0.1132075471698113;-0.2087906870195282
High;0.4661106777864442;0.4238875878220141;0.2792160141495876
Unknown;0.0072798544029119;-0.4679425837320574;-0.6900123007338095
Unknown;0.248355032899342;-0.3015873015873015;-0.4714874752747934
Low;0.119597608047839;-0.3454545454545454;-0.5641594955547019
Unknown;0.0415191696166076;0.2666666666666666;1.0204697525524615
High;0.3857122857542849;0.4201388888888889;0.2722439494186096
High;0.0132797344053118;0.2740384615384615;0.8007045068934912
Unknown;0.750464990700186;0.1275510204081632;0.1255458182618017
Medium;0.4281114377712445;0.3153153153153153;-0.3082571017690654
Unknown;0.0448791024179516;0.4493506493506493;0.8371015680550863
Unknown;3.999920001599968e-05;0.8435972629521017;2.1032273486124087
High;0.0022799544009119;0.6748768472906403;1.2455429526875268
High;0.5759484810303794;0.1763104152484683;-0.0804253674951185
Unknown;3.999920001599968e-05;0.81640625;1.8899619892395223
Unknown;0.3112737745245095;-0.2592592592592592;-0.4214298546412129
Unknown;0.6661866762664747;0.1662763466042154;0.1159380220437375
High;0.5614687706245876;-0.0641646489104116;0.15307785973848
High;0.2108357832843343;-0.0646464646464646;-0.4005643344611453
Medium;0.0005599888002239;-0.5505016722408027;-0.6915876713148613
Medium;0.0290394192116157;-0.2210526315789473;-0.4670689010534172
High;0.4773904521909561;0.1228771228771228;0.2312576331637708
High;0.1693566128677426;-0.1699604743083003;-0.4320064449060777
Unknown;0.0073998520029599;-0.4873563218390804;-0.5840203464545066
Medium;0.8991420171596568;0.3166666666666666;0.0165066098656593
High;0.3453930921381572;0.4285714285714285;0.3820217580696116
High;0.2957140857182856;0.4093023255813953;0.3555239058356036
Unknown;0.4557508849823004;-0.1474358974358974;0.3119451457876686
Unknown;0.0319593608127837;-0.5512820512820513;-0.974093491321818
High;0.3587928241435171;0.0401234567901234;-0.3425715782701453
Low;0.2752344953100938;0.5898617511520737;0.4499703476185682
Unknown;0.3352732945341093;0.2311688311688311;0.3948028669124012
Unknown;0.1115577688446231;-0.3819444444444444;-0.7470050793687016
High;0.0044799104017919;0.5;0.9281852548271036
Low;0.0462790744185116;-0.1170731707317073;-0.581930422973883
Medium;0.6407071858562828;0.1904761904761904;-0.1908740806779754
High;0.9170216595668088;0.2511111111111111;0.0112745148626852
High;0.1611167776644467;0.5897435897435898;0.685122041183939
High;0.3189136217275654;-0.0689655172413793;-0.3463172132553601
High;0.2885142297154057;0.2413793103448276;0.4387186772166233
Low;0.7969840603187937;0.0994152046783625;0.071568389419201
Unknown;0.5363492730145397;-0.1527777777777778;-0.2330635766960828
Medium;0.0083198336033279;0.7232704402515723;1.3658140268730994
Medium;0.5201495970080598;0.1609977324263038;-0.2817024986585806
High;0.4134317313653727;-0.0256410256410256;-0.4066764477350534
Unknown;0.0638787224255515;0.3656174334140435;0.8238371110623005
Medium;0.2603147937041259;0.5167464114832536;0.3654911737798399
High;0.1467170656586868;0.4029126213592233;0.4697965344446113
High;0.0004399912001759;-0.601725377426312;-0.7253919741489925
Unknown;0.7697846043079138;0.0492700729927007;0.0792431263121474
Unknown;0.0005199896002079;-0.6176470588235294;-1.4219242720299947
Unknown;0.9401811963760724;0.610655737704918;0.0154343353478668
Unknown;7.999840003199936e-05;0.675;1.993526684414116
Unknown;0.0009199816003679;0.75;1.5171583644296882
Low;0.4158316833663327;-0.074074074074074;0.3760326837480438
Unknown;0.7456250874982501;0.1739130434782608;0.1224708712154415
Medium;0.1606767864642707;0.0013495276653171;-0.3967185314855652
Unknown;0.1029179416411671;0.3618233618233618;0.5810786961187766
Unknown;0.0005599888002239;-0.6333572969086988;-0.9977687083907644
High;0.976380472390552;0.0016501650165016;-0.0103889608667569
Medium;0.8169836603267935;0.3309859154929577;-0.1462539165751541
High;0.9665406691866164;0.0979929161747343;-0.0295990049184902
High;0.9096618067638648;0.2882205513784461;0.0220739842492116
High;0.2768744625107497;0.062049062049062;-0.3870877419721378
High;0.4728305433891322;0.3662337662337662;0.2769038318124482
Unknown;0.0004799904001919;-0.7414965986394558;-1.40830211078407
High;0.1918361632767344;-0.0289855072463768;-0.5711896690138953
High;0.0005599888002239;-0.5248677248677248;-0.6299019788848206
Low;3.999920001599968e-05;-0.5102040816326531;-0.904112528994148
Unknown;0.1761564768704626;0.3024691358024691;0.6266182040627245
Medium;0.0869982600347993;-0.023391812865497;-0.4700898365079856
High;0.872822543549129;0.0977443609022556;-0.1102194396613711
Unknown;0.2037559248815023;0.28125;0.5030616661696605
High;0.3063938721225575;-0.1835294117647058;-0.3307785031536369
Low;0.0014399712005759;0.7101123595505618;1.274691139617701
High;0.0303993920121597;-0.3275862068965517;-0.4388248745118611
Medium;0.0110397792044159;0.4129198966408269;0.6708272916114969
High;0.0320393592128157;-0.3364485981308411;-0.5434794805120917
Unknown;0.7121457570848583;0.1441860465116279;0.1154249953146036
Unknown;0.2835143297134057;0.0793650793650793;0.4132869853582993
High;0.1064378712425751;0.2312091503267974;0.4118577781886599
Unknown;0.117317653646927;0.3373737373737374;0.513740465789312
High;0.5443091138177236;0.3958944281524926;0.1753242811131516
Medium;0.4734305313893722;0.458128078817734;0.2559887498863726
High;0.375992480150397;0.5078125;0.3275611015238633
Unknown;0.0857182856342873;-0.3789378937893789;-0.5587235147088844
Low;0.3811123777524449;0.3104895104895105;0.2518147413095271
Low;0.2725145497090058;-0.0771604938271604;-0.3415756121787713
Medium;0.0054398912021759;0.5172955974842768;0.9454220625154356
Unknown;0.0052398952020959;-0.5038461538461538;-0.9881885791012972
Unknown;0.0029199416011679;-0.5615615615615616;-0.8314364788621834
Medium;0.0103997920041599;-0.3615023474178404;-0.8899081573777405
High;0.2316353672926541;0.1114503816793893;0.3349228554024012
High;0.2696746065078698;-0.2297734627831715;-0.335217008248876
Medium;0.0276394472110557;-0.3684210526315789;-0.7801959189095071
Unknown;0.0515989680206395;0.2316176470588235;0.8118966613824491
High;3.999920001599968e-05;0.7255892255892256;1.8405568498569096
High;0.3457530849383012;0.0887096774193548;-0.2375783552102827
High;0.0002399952000959;-0.597678916827853;-0.7513338380194787
Unknown;0.8097838043239135;0.0494505494505494;-0.1588273578940679
Unknown;0.4917501649967;0.1360294117647058;0.2550975476912284
Unknown;0.6485870282594348;0.1662075298438934;0.1362251054150455
Unknown;0.0449191016179676;-0.3588516746411483;-0.5785865256422823
High;0.5999480010399793;-0.0488888888888888;-0.2773631053469801
Unknown;0.0316393672126557;-0.5851851851851851;-0.9932715050966174
Unknown;0.0183596328073438;0.5571895424836601;0.8520920319504359
Unknown;0.4739505209895802;-0.2403846153846154;-0.4078936381440851
Unknown;3.999920001599968e-05;0.8079710144927537;1.9546871505327952
Medium;0.2693146137077258;0.09;-0.3555738090520339
High;0.4843903121937561;0.2530864197530864;0.286367077741496
High;0.1419171616567668;-0.3002754820936639;-0.4722506797772384
Unknown;0.0023199536009279;0.6507936507936508;1.2372480255569915
Unknown;0.4195516089678206;0.3194444444444444;0.3425754105630686
High;0.3947521049579008;-0.1015625;-0.3369130822737666
Unknown;0.0779184416311673;0.4246031746031746;0.7480828224136349
High;0.742945141097178;0.306060606060606;-0.1249380336170694
Medium;0.3983920321593568;0.1219512195121951;-0.3009874552358109
Unknown;3.999920001599968e-05;0.9438775510204082;1.8577101649967045
Unknown;0.8376632467350653;0.3314285714285714;-0.3122337047605046
Medium;0.0815583688326233;-0.2903225806451613;-0.4725000237296735
Unknown;7.999840003199936e-05;0.8733333333333333;1.9030821433428635
High;0.5649887002259955;0.1197183098591549;0.2184807010344799
High;0.0015199696006079;0.680047225501771;1.038030488044981
Unknown;0.0007599848003039;-0.5608899297423887;-0.9696602713027332
Unknown;0.0063998720025599;0.607681755829904;0.96921998807042
Unknown;3.999920001599968e-05;-0.8962962962962963;-2.12229954141244
Unknown;0.1084778304433911;-0.3506493506493506;-0.5270498162491646
Medium;0.4126317473650527;-0.0854700854700854;-0.243009696184041
Low;0.0256394872102557;-0.3809523809523809;-0.6519830333380731
Unknown;0.0638787224255515;-0.382716049382716;-0.4838282208847613
Unknown;0.1486370272594548;-0.3806451612903225;-0.6561165766878342
Medium;0.0200795984080318;-0.3626588465298143;-0.5974143281566473
Unknown;0.8463830723385533;0.0457516339869281;-0.0840635717753287
High;0.4551908961820763;-0.1932773109243697;-0.3074437163946216
Low;0.1559168816623667;-0.4413793103448276;-0.4641263164074269
Unknown;0.0071598568028639;0.6171875;1.0661835729431328
Unknown;0.2602347953040939;-0.3333333333333333;-0.5449991374518802
Low;0.0206795864082718;-0.5303776683087028;-0.7375147214450748
High;0.6926661466770665;0.1428571428571428;-0.1852112336016412
Unknown;0.4277605779153767;-0.3333333333333333;-0.4688267514780234
High;0.0947181056378872;-0.054054054054054;-0.564438900143497
Unknown;0.0016399672006559;0.5970149253731343;1.3225756856843351
Unknown;0.6014279714405711;0.0961038961038961;0.2114826954891309
High;0.121677566448671;0.43359375;0.6209060269183289
High;3.999920001599968e-05;0.8293650793650794;1.6175169796362994
High;0.2155956880862382;0.4901960784313725;0.5581497858398887
Low;0.4495110097798044;0.3527696793002915;0.3067966561004138
High;0.3066338673226535;-0.0216086434573829;-0.2984519210705423
Low;0.9698206035879282;-0.0216049382716049;-0.0462404918238508
Medium;0.632587348253035;0.2105263157894736;0.1076149352329334
Unknown;0.4138317233655327;0.4347826086956521;0.3521304409018488
High;0.5953080938381232;0.0684210526315789;-0.1934501229296076
High;0.0399592008159836;-0.2095588235294117;-0.6832899098099815
Unknown;0.3817123657526849;0.2195121951219512;0.4121363729726273
Unknown;0.0080798384032319;0.5196078431372549;0.8713053987882619
High;0.5405891882162357;0.1715210355987055;-0.2285107943881482
Unknown;0.0001199976000479;0.7065217391304348;1.8475744577788549
High;0.5266694666106678;0.2269230769230769;-0.2526940848055088
Medium;0.0246395072098558;-0.4567901234567901;-0.8807420645637685
High;0.0834383312333753;-0.1580578512396694;-0.4498154519527875
High;7.999840003199936e-05;0.7862318840579711;2.1244938133038223
High;0.0391192176156476;-0.3133333333333333;-0.5433283533935259
Medium;0.1075978480430391;-0.1538461538461538;-0.6258415154112904
High;7.999840003199936e-05;-0.5625;-0.6226068272415488
Unknown;0.868062638747225;0.0256410256410256;-0.0992578293413723
Low;0.3511529769404612;0.6733333333333333;0.3721422307388943
Low;0.8875422491550169;0.1976470588235294;-0.0734124295501004
Unknown;0.0037999240015199;0.6736111111111112;1.4016885310767215
High;0.7140257194856103;0.1742424242424242;-0.1766898723654502
Medium;0.0741185176296474;-0.3194444444444444;-0.757699258916857
Unknown;0.7251054978900422;-0.0314465408805031;-0.1624900654397937
High;0.2660746785064298;0.2722832722832722;0.3206220957936163
Unknown;0.4477110457790844;0.1489951489951489;0.2182299345706475
Low;0.2557948841023179;-0.0717703349282296;-0.3615351059103903
High;0.6198276034479311;0.0772058823529411;-0.2119243861643867
Unknown;0.0701985960280794;-0.3821428571428571;-0.5126614819303817
Unknown;0.0036399272014559;-0.5185185185185185;-1.0007140648463595
Unknown;0.9132617347653048;0.0449438202247191;-0.0521574780994702
High;0.877342453150937;0.0804597701149425;-0.0900130306934252
Unknown;0.5672686546269075;-0.3055555555555556;-0.261716146651445
Unknown;0.5095098098038039;-0.1302857142857142;-0.1854239685760158
High;0.3210735785284294;-0.0595238095238095;-0.3927785673709754
Medium;0.0253994920101597;0.4011857707509881;0.7014876793256274
High;0.8201835963280735;0.25;-0.1220042306609439
Unknown;0.0370792584148317;-0.5892857142857143;-0.7177823047840147
Unknown;3.999920001599968e-05;-0.7425431711145997;-1.3792533126100608
High;0.0010399792004159;-0.7567567567567568;-1.0579714035964978
Unknown;3.999920001599968e-05;-0.7882117882117882;-2.091901434992628
Low;0.250954980900382;0.1115384615384615;-0.4491668233130241
Low;0.9715005699886002;-0.0634920634920634;-0.0050474063636378
Low;7.999840003199936e-05;0.828125;1.4321894559464623
Unknown;0.0054398912021759;-0.4308390022675737;-0.8036023180056734
Unknown;0.2112357752844943;-0.2511111111111111;-0.4142236248202811
Unknown;0.2219155616887662;0.1838383838383838;0.3890308177467755
Unknown;0.2152756944861102;0.3409090909090909;0.46276447771199
Medium;0.9519009619807604;0.0969696969696969;-0.0472445877723863
High;0.1045979080418391;-0.0210772833723653;-0.6265548629484049
Unknown;0.5655486890262195;-0.0711462450592885;-0.1918500621927926
Unknown;0.3341133177336453;-0.2462462462462462;-0.253965543913242
High;0.4681106377872442;0.2971014492753623;-0.2881921868821044
Unknown;0.0003199936001279;0.6491228070175439;1.972236453743608
Medium;0.0426391472170556;-0.3195121951219512;-0.5460711684092409
Unknown;0.0264394712105757;-0.3962264150943396;-0.8707493931082146
Low;3.999920001599968e-05;-0.9523809523809524;-1.526637051510996
Low;0.0928381432371352;-0.3015873015873015;-0.6384181393337898
Medium;0.3537529249415012;0.1304347826086956;-0.3561175170324305
Low;0.8135437291254175;0.0309477756286266;-0.103139097941279
High;0.3345533089338213;0.5066666666666667;0.3198371495415409
Unknown;0.499990000199996;0.2787212787212787;0.1993955758697355
Unknown;0.0051598968020639;0.6022727272727273;1.0311485139712309
Medium;0.3597928041439171;0.2172248803827751;-0.3020072272330121
Unknown;0.0209995800083998;-0.4216634429400386;-0.7405127050164342
High;0.0044799104017919;-0.5216049382716049;-0.7070459528603934
High;0.2377552448951021;0.5617977528089888;0.4044914560458368
High;0.0123597528049439;0.2288401253918495;0.9856530907463498
Unknown;0.5368692626147477;0.1330143540669856;0.1999048449034609
Medium;0.0347993040139197;0.3340909090909091;0.6436244757109021
High;0.8145837083258335;0.1111111111111111;-0.1165061338299728
Unknown;0.0043599128017439;0.4865319865319865;0.8327392841927517
Medium;0.0009599808003839;-0.4645061728395062;-0.8872971166363995
High;0.7969040619187616;0.2702702702702703;-0.1256739764295011
Low;0.0004399912001759;0.7076023391812866;1.3903974288605214
High;0.0001599968000639;0.7418300653594772;1.3110532786313789
Unknown;0.3297534049319013;-0.149867374005305;-0.2721731182385749
High;0.5279094418111637;-0.085820895522388;-0.27959634700006
High;0.9217815643687126;-0.0227272727272727;0.0378698464599858
Medium;0.6439871202575949;0.1083333333333333;0.126596495768952
High;0.7404651906961861;0.0851370851370851;-0.1532674101232139
Unknown;0.0193196136077278;0.4977168949771689;0.8795482644952771
High;0.0271594568108637;0.5295815295815296;0.9301918313767152
Low;7.999840003199936e-05;-0.5392156862745098;-1.0620892932888542
Unknown;0.0069998600027999;0.4235897435897436;0.7569409851330045
Medium;0.3407531849363013;0.220125786163522;0.4075641385866693
Medium;0.4729905401891962;0.1330891330891331;-0.2251826141290595
Unknown;0.25147497050059;0.3535353535353535;0.3848923938287295
Unknown;0.8105837883242335;-0.1215526046986721;-0.077916829465181
Unknown;0.0918781624367512;-0.336405529953917;-0.69803983377806
Unknown;0.1860362792744145;-0.3407407407407407;-0.5804470453575339
Unknown;0.124077518449631;0.2678571428571428;0.3918174267528705
High;0.0028799424011519;-0.255;-0.8207646360768975
Unknown;0.0855582888342233;0.4693877551020408;0.7429414476955096
Unknown;0.0019999600007999;0.6178571428571429;1.2960230334160217
Unknown;0.0451190976180476;-0.5288888888888889;-0.9308418475726148
Low;0.0178396432071358;0.4717887154861945;0.8041877403025273
High;0.0375592488150237;-0.1417910447761194;-0.6216080912609208
Unknown;3.999920001599968e-05;0.8587301587301587;2.72072445805682
High;0.1576768464630707;-0.2266666666666666;-0.6184032479277969
High;0.2797144057118857;0.0837304288631722;-0.3283462392299818
Unknown;0.3202735945281094;-0.25;-0.434751439201777
Unknown;0.0021999560008799;-0.6753731343283582;-1.2237196248948512
Low;0.7326653466930662;-0.0654490106544901;-0.1457188463311503
Unknown;0.0005599888002239;0.4035087719298245;1.064039080377294
High;0.7855042899142017;-0.0810074880871341;-0.087632966396655
Unknown;0.0002399952000959;-0.7362962962962963;-1.3077226247889695
Medium;0.0735985280294394;0.342516069788797;0.5620441375693673
Low;0.3082338353232935;0.1341991341991342;0.3625592137562713
Unknown;0.1129977400451991;0.4337662337662337;0.654719556452164
High;0.7633047339053219;0.5911111111111111;0.0620479684190154
High;0.0003999920001599;0.7058111380145279;1.1778479588109814
Unknown;0.872262554748905;0.2789855072463768;-0.202640318241839
High;0.505629887402252;0.3203125;0.2302329185542978
High;0.0291194176116477;-0.1728395061728395;-0.6766218678397619
Unknown;0.6915461690766185;0.1929824561403508;0.142676225971791
Unknown;0.377032459350813;0.3851851851851852;0.3510358335769711
Medium;0.2239555208895822;-0.1056338028169014;-0.3046217998709463
High;0.1783164336713265;0.3839662447257383;0.50739330699789
Unknown;0.0030399392012159;-0.5314043754410727;-0.900205163906651
High;0.0770784584308313;0.3934624697336562;0.5231705015908523
Unknown;0.5375892482150357;-0.2169312169312169;-0.2501081541845567
Unknown;0.0397192056158876;-0.388704318936877;-0.7487585682392773
Unknown;0.7618247635047299;-0.0216450216450216;-0.1048752634220925
Medium;7.999840003199936e-05;-0.5053435114503817;-0.8005419181702256
Unknown;0.0183196336073278;0.5560897435897436;0.7759676298047171
Medium;0.0044799104017919;0.5728715728715729;0.9545638981281028
Medium;0.8155836883262335;-0.0080906148867313;-0.2009750542139343
Unknown;0.252434951300974;-0.2012578616352201;-0.3068603733617399
Unknown;0.0361192776144477;0.3820224719101123;0.698126028788783
Medium;0.369992600147997;0.2396694214876033;-0.2919500822115676
Unknown;0.0047599048019039;0.5038461538461538;1.1548863741741495
High;0.6629467410651787;0.0113636363636363;-0.1675309278366501
Low;0.0078398432031359;-0.2692307692307692;-0.7182901743974962
Unknown;0.0130397392052158;-0.5217391304347826;-0.9484433724323592
High;0.1308773824523509;-0.0746987951807229;-0.512569475600091
Unknown;0.0753184936301274;-0.3382352941176471;-0.6813048138931206
Medium;0.878782424351513;0.1586971586971587;-0.0795218345183991
Medium;0.1134777304453911;-0.3856209150326797;-0.6832660437125654
Unknown;0.0183996320073598;0.4084084084084084;0.8422319415196597
Unknown;0.0059198816023679;0.5763888888888888;1.3165456928429449
Medium;0.0780784384312313;-0.2844444444444444;-0.543396353036343
High;0.0631587368252634;-0.175438596491228;-0.4900012291064574
Unknown;0.0013599728005439;-0.5242424242424243;-0.8149137839807437
Medium;0.4878302433951321;0.2534562211981567;-0.3278447878766756
High;0.7183056338873223;0.0894056847545219;-0.1172996142180161
Medium;0.8400231995360092;0.3;-0.1161428229754397
Low;0.6649467010659786;0.1384615384615384;0.099698993072287
Unknown;0.8620227595448091;-0.0425531914893617;-0.0830602576102282
High;0.246035079298414;0.0725925925925926;-0.4142375833067445
Unknown;0.0003199936001279;-0.6977611940298507;-1.3847291326733948
Unknown;0.0009999800003999;0.7238805970149254;1.26640234678887
Low;0.2129957400851983;0.4343434343434343;0.4142171323470153
Low;0.8161036779264415;0.3131313131313131;-0.1468939026261826
High;0.7215055698886023;0.270735524256651;0.114143088718597
Low;0.2835543289134217;-0.3333333333333333;-0.3903104407165866
High;0.0054798904021919;-0.4666666666666667;-0.7281088168494025
High;0.0094798104037919;-0.2158730158730158;-0.5822529128599152
Low;0.9611407771844565;-0.012531328320802;-0.0092702758259381
Unknown;0.0981580368392632;0.3809523809523809;0.8005117676532228
Control;0.251794964100718;0.3580246913580246;0.507983879305483
Medium;0.7673046539069218;0.3;0.0702331507557124
High;0.6647467050658987;0.3825265643447462;-0.1465945894144672
Medium;3.999920001599968e-05;-0.5786163522012578;-0.832770611345267
Unknown;0.0004399912001759;-0.7038961038961039;-1.0733041544186006
Unknown;0.1966760664786704;0.3948717948717948;0.6325699330620708
High;0.7871042579148417;0.1083743842364532;-0.1496855264367071
Unknown;0.7220655586888263;0.11328125;0.1352430460358335
Medium;0.0032399352012959;-0.6650246305418719;-1.133668640397269
High;0.2337553248935021;0.2121212121212121;-0.3826889555462981
High;0.8894222115557688;0.1955403087478559;0.0356082957766654
Unknown;0.2620347593048139;0.1984126984126984;0.4247311481110231
Unknown;0.0953180936381272;0.3877551020408163;0.659060060173834
Unknown;0.1705565888682226;-0.2993827160493827;-0.468067094957426
Low;0.7723045539089218;-0.1367521367521367;-0.0973384410279381
High;0.1119177616447671;0.2632821723730815;0.4438487056149386
Unknown;7.999840003199936e-05;-0.6635897435897435;-0.8609561697919826
Medium;0.0079998400031999;0.4235588972431077;0.6972304484812227
High;0.6436671266574668;0.0344827586206896;-0.2117356671518839
High;0.0001599968000639;-0.8439716312056738;-1.8010184339015125
High;0.8355032899342013;0.1782857142857143;-0.1076135950184834
Unknown;0.4032719345613088;-0.0718954248366013;0.3117724166813806
High;0.1407171856562868;-0.2564102564102564;-0.655280082426427
Unknown;0.1780764384712305;0.1373737373737373;0.3767741066504455
High;0.3997920041599168;0.144927536231884;-0.3637869030798514
High;0.7425051498970021;0.371900826446281;-0.1014693235516069
Low;0.0548389032219355;0.3822784810126582;0.6988700532581698
High;0.0006799864002719;-0.7028985507246377;-1.3177687932901505
High;0.1975960480790384;-0.0258373205741626;-0.398538138174095
High;0.2885542289154217;-0.0909090909090909;-0.3422061469560066
Unknown;0.8287834243315134;0.3278463648834019;0.0360168445454532
Unknown;0.7146257074858503;0.0612244897959183;0.1434317661565463
Unknown;0.0571588568228635;-0.3395061728395062;-0.6643501320527169
Unknown;0.0356792864142717;0.6530612244897959;1.077738599412353
Unknown;0.7028659426811463;-0.1333333333333333;-0.1714112475363683
Low;0.3964720705585888;0.1317829457364341;-0.3498443964873924
Unknown;0.0008799824003519;-0.68359375;-0.9742976891880728
Medium;0.0757184856302874;0.3389592123769339;0.6711612214584002
High;0.0017599648007039;-0.2849002849002849;-0.6688608506058269
Unknown;0.4312713745725085;-0.0866666666666666;-0.3493361170463358
Low;3.999920001599968e-05;0.7685500340367597;2.0760722491440484
Low;0.2015959680806384;-0.0687830687830687;-0.3382491556688147
High;0.1743565128697426;-0.3023909985935302;-0.4751069070504353
Unknown;0.9333413331733366;-0.0222222222222222;-0.0441926410796227
Unknown;0.0112397752044959;-0.4153661464585834;-0.6949078684702211
High;3.999920001599968e-05;-0.9111111111111112;-2.08809894034752
Low;0.5425091498170037;0.0903225806451612;-0.1828194471748855
Unknown;0.0605587888242235;-0.3866666666666666;-0.6645470543922849
Medium;0.4192716145677087;0.380722891566265;0.2622467844442324
Unknown;0.0800383992320153;-0.3252032520325203;-0.7510074033016328
Low;0.0365992680146397;-0.3555555555555555;-0.578291760257713
Unknown;0.0733185336293274;-0.4967320261437908;-0.857961651785065
High;0.3890722185556289;0.0900723208415516;-0.2506301192994652
Unknown;0.0061598768024639;-0.57;-0.9614081921350826
Low;0.3437931241375172;0.3323076923076923;0.2533628304372233
Medium;0.0139597208055838;0.4133333333333333;0.8317530582162626
High;3.999920001599968e-05;0.7771260997067448;2.280658270015709
Low;0.3840723185536289;-0.2018140589569161;0.3716889912577015
Unknown;3.999920001599968e-05;0.7866419294990723;1.4767016595462128
Unknown;3.999920001599968e-05;0.6557632398753894;1.5905502516146277
High;0.0954380912381752;-0.3115942028985507;-0.720355757829206
High;0.0005199896002079;0.8867924528301887;2.12195474733062
Medium;0.0238395232095358;-0.344578313253012;-0.6545622913263461
Unknown;0.5496290074198517;-0.2040816326530612;-0.268083331896893
Low;0.0947981040379192;-0.18796992481203;-0.6572167476135464
High;0.0363992720145597;0.4954545454545455;0.7703291301650321
High;0.2285154296914061;0.3900709219858156;0.5437126499947487
High;0.0006399872002559;0.5522727272727272;1.2159172071992104
Control;0.0019999600007999;0.6866197183098591;1.2601754450360791
High;3.999920001599968e-05;-0.9087301587301588;-2.0128818619708198
High;0.6027479450410992;0.1172413793103448;0.1503841411654022
High;0.3379132417351653;0.0844444444444444;-0.3463503911982593
High;0.1936761264774704;-0.1115384615384615;-0.4894937895664136
High;0.0214795704085918;0.4385542168674698;0.7458491240030246
High;0.3089938201235975;-0.0336134453781512;-0.2960896219934129
High;0.3291934161316773;0.4357298474945534;0.1753241822580596
Unknown;0.8259834803303934;-0.11605415860735;-0.0793876704115585
Unknown;0.0439991200175996;-0.3655705996131528;-0.6207469780724449
High;0.0004399912001759;-0.4773333333333333;-0.6846172673748256
High;0.1987160256794864;-0.1699029126213592;-0.3607241439874313
Medium;0.4735905281894362;0.0467836257309941;-0.2966461299458806
Unknown;0.1517969640607188;-0.2992957746478873;-0.5391396656329278
Unknown;0.6729065418691627;-0.0588235294117647;-0.1554520784208468
High;0.0009599808003839;-0.3302083333333333;-0.7827688082103096
Low;0.8527429451410972;0.1228070175438596;0.1037251142339919
High;0.117677646447071;-0.26;-0.4493956159127475
Medium;0.126637467250655;-0.0891763104152484;-0.4215013448865721
High;0.3520329593408132;0.4704545454545454;0.3115711647176755
Low;0.8048239035219296;0.2792792792792792;0.0619948487374444
High;0.99270014599708;0.2888888888888888;-0.0294164973288966
Unknown;3.999920001599968e-05;-0.9081537019681348;-1.9816108423685788
Medium;0.6944661106777864;0.2565789473684211;0.0885828580239674
Unknown;0.0001999960000799;-0.7761194029850746;-1.1679689700495084
High;0.8343433131337373;0.2037037037037037;-0.0957244669790394
High;0.0527189456210875;-0.28;-0.827143583354383
Medium;0.7833443331133377;0.5559440559440559;-0.118217392279886
Low;0.9692606147877042;0.278125;-0.0427094365959042
Control;0.0218795624087518;0.7282608695652174;1.0128667580665012
Unknown;0.0121997560048799;-0.5012345679012346;-0.8911006899979899
High;0.1439571208575828;-0.288095238095238;-0.4631449943640504
Low;0.8015439691206175;0.2243211334120425;-0.0981418757242025
Unknown;0.9172216555668886;0.0889540566959921;0.0138471941247936
High;0.3118337633247335;0.0772833723653395;-0.42192240960172
Unknown;0.9377412451750964;0.1731391585760517;-0.0697378487083611
High;3.999920001599968e-05;-0.9302325581395348;-1.9445227623132992
Unknown;0.9196616067678648;-0.0638686131386861;-0.0291502917348102
Unknown;0.0001999960000799;0.7576923076923077;1.5367165949154582
Unknown;0.0932381352372952;0.3086419753086419;0.8046369919798548
Medium;0.2293954120917581;-0.4857142857142857;-0.508920070266999
Unknown;0.0685986280274394;0.3393393393393393;0.6375875712111713
Unknown;0.0909181816363672;-0.4261603375527426;-0.5732751008857931
High;0.3848723025539489;0.0321969696969696;-0.2843340816609015
Medium;0.1977560448791024;-0.326797385620915;-0.4086594889542451
Medium;0.2006759864802704;0.0505050505050505;-0.4091284529154033
High;0.9464210715785684;0.3103044496487119;-0.0483077295407329
High;0.6516669666606668;0.0055944055944055;-0.1449012075182117
High;0.0002799944001119;0.8201058201058201;1.96743622672086
High;0.6793464130717386;-0.1837121212121212;-0.183029115661062
High;0.9625807483850324;0.2083333333333333;-0.0176854523402437
Unknown;0.755984880302394;0.0328022492970946;-0.1162792759375752
Unknown;0.9240215195696088;0.0035714285714285;-0.0469232333139087
High;0.4046319073618528;0.0874125874125874;-0.2290964853307302
Unknown;0.1657966840663186;0.3891625615763547;0.5952435329312814
High;0.4155916881662366;0.0277777777777777;-0.4067575069109509
High;0.0038399232015359;-0.5411764705882353;-0.6445456523221499
Low;0.0189996200075998;-0.0352564102564102;-0.6363845862459149
Low;0.742385152296954;0.0512820512820512;-0.3306517475306388
High;3.999920001599968e-05;-0.8571428571428571;-1.5465816746470935
Unknown;0.0721585568288634;-0.3976190476190476;-0.5479037579529418
Unknown;0.2176356472870542;-0.2617079889807162;-0.3918697813672023
Unknown;0.4706305873882522;-0.3423076923076923;-0.2724780351830454
Unknown;0.7941841163176736;-0.0556900726392251;-0.0962409598722898
Unknown;0.6811463770724585;0.2251461988304093;0.1187762793554066
Medium;0.0020399592008159;-0.6363636363636364;-0.9595789767875292
High;0.0026399472010559;-0.465679012345679;-0.5464310302302066
Unknown;0.5837883242335153;0.1;0.2369828311140149
Medium;0.5405491890162196;0.1860465116279069;0.19945211595629
Unknown;0.238755224895502;0.3012820512820512;0.5139365415746241
Unknown;0.0095198096038079;-0.4242894056847545;-0.7063784618736306
Unknown;0.5519889602207956;-0.1555555555555555;-0.3054635561131946
Unknown;0.2276754464910702;-0.3558441558441558;-0.4864327060015933
Medium;0.1060778784424311;-0.1856866537717601;-0.4640195063991706
Unknown;0.3488330233395332;0.3518518518518518;0.3829148205027345
High;0.0003199936001279;-0.7330210772833724;-1.3786198025151382
Unknown;0.0724385512289754;0.5022222222222222;0.9136256253952508
Medium;0.0004799904001919;-0.5603174603174603;-0.6912362672469671
Low;0.8959020819583609;0.1790516631280962;-0.0569787546754412
High;0.2727945441091178;-0.0449550449550449;-0.3679145449939796
Unknown;0.0588788224235515;0.3888888888888889;0.9653046424774634
Unknown;0.248835023299534;-0.1881481481481481;-0.4063464294208738
High;0.493670126597468;0.5172900494001411;0.1914708126702158
Medium;0.5891482170356593;0.2934472934472934;-0.2320520266449448
Control;0.1278774424511509;0.6312056737588653;0.6936006814174283
Medium;0.3112337753244935;0.1589861751152073;-0.3128803512448612
Unknown;0.0292794144117117;0.4490106544901065;0.7645855756910314
Unknown;0.4435911281774364;-0.1875;-0.3307915807163396
High;0.0405191896162076;-0.3645933014354067;-0.4696874445681839
High;0.4519109617807644;-0.0032679738562091;-0.256060576415672
High;0.618747625047499;0.4622823984526112;0.1375446032345952
High;0.7976240475190496;0.1384615384615384;-0.1177012065591465
High;0.9383012339753204;0.3106060606060606;-0.055956709645156
Low;0.3527129457410852;0.2786885245901639;-0.2743557372559594
Unknown;0.0201595968080638;0.62;1.238072277931518
High;0.3640727185456291;0.0390625;-0.369287163992759
High;0.0305593888122237;-0.2925170068027211;-0.4818837587248106
High;0.5250694986100278;0.1884057971014492;-0.3173769883698352
High;0.0737185256294874;0.5793103448275863;0.6439833418646225
Unknown;0.3453930921381572;0.2928571428571428;0.3376724708760842
Low;0.0692386152276954;-0.28;-0.6076797795970066
Unknown;0.0001199976000479;-0.7187060478199718;-1.3224975702027326
Unknown;3.999920001599968e-05;0.5341726618705036;1.200181420861044
Unknown;0.118437631247375;-0.349673202614379;-0.5641599182838304
High;0.2286354272914541;-0.0137457044673539;-0.3642605168641674
Medium;0.0695186096278074;0.3511961722488038;0.5944690867382869
High;0.3604327913441731;0.2119815668202765;-0.4007651353505937
Medium;0.1887562248755024;-0.1623529411764706;-0.423618661603165
Low;0.1123577528449431;0.5975903614457831;0.5769701935137916
Low;0.0989180216395672;-0.2740740740740741;-0.6875236772042387
High;0.9483010339793204;0.0871212121212121;-0.0375633440414865
Medium;0.5337093258134837;0.308300395256917;0.1787121019133784
Low;0.0013599728005439;0.6435185185185185;1.0657063202096708
High;0.0071598568028639;-0.3957033957033957;-0.6168328105539612
Low;0.0436391272174556;-0.4552238805970149;-0.5507357584609148
Unknown;0.5568688626227476;0.2340425531914893;0.2490814932762524
High;0.4711905761884762;0.0306122448979591;-0.3298339581812616
Medium;0.6678266434671306;0.1672473867595819;0.116754593010749
High;0.0010399792004159;-0.5;-0.7787321082682989
Unknown;0.0655186896262074;0.1414141414141414;0.6316103153948719
High;0.4138717225655487;0.189873417721519;-0.3291254016489656
Low;0.0633987320253594;-0.2709750566893424;-0.4308861996529681
Unknown;0.6135877282454351;0.0837209302325581;0.1799214157665626
High;0.0025199496010079;-0.3555093555093555;-0.744681940515904
Unknown;0.6737865242695146;0.191358024691358;-0.2111398788899469
Medium;0.8557028859422812;0.3342175066312997;0.0300124118726486
Unknown;0.7880242395152097;0.1209302325581395;0.0714851625941158
Low;0.0217195656086878;-0.5333333333333333;-0.6657770297091954
High;0.0373192536149277;-0.3176470588235294;-0.5979549049534758
Low;0.9120617587648246;0.1319444444444444;-0.000974637736463
Unknown;0.1765564688706226;0.2551020408163265;0.5711622274782722
Medium;0.75422491550169;0.1604938271604938;0.1243254822123565
Low;0.0063198736025279;0.6326530612244898;1.1059453813972984
Unknown;0.621227575448491;-0.0284900284900284;-0.1808014799198724
High;0.0001199976000479;-0.7730769230769231;-1.332615618516067
Unknown;0.0119597608047839;0.6226415094339622;1.0738913885143326
Low;0.115077698446031;-0.4246031746031746;-0.5974684755882388
Low;0.741585168296634;0.2518159806295399;-0.1287262495090556
Unknown;0.0014799704005919;0.7049180327868853;1.1761569747382037
High;0.8926621467570649;0.3686635944700461;-0.1031803669570825
Unknown;3.999920001599968e-05;0.9644268774703556;3.610870380255706
Unknown;0.0665586688266234;0.5;0.7249707446705587
Low;0.741465170696586;0.4972527472527472;0.0294884167951071
High;0.6029479410411792;0.6237037037037036;0.1478345514399856
High;0.3955920881582368;0.5542521994134897;0.2632166148913055
Medium;0.117437651246975;0.369047619047619;0.492625090049673
High;3.999920001599968e-05;0.7061310782241015;1.3842278034861153
High;0.0337593248135037;-0.3654320987654321;-0.7420267021909219
Unknown;0.0641987160256794;0.2171253822629969;0.8046319478883469
High;0.6006679866402672;0.2794214332675871;0.1347616698286164
Unknown;0.0010799784004319;0.7605633802816901;1.2659847785862997
High;0.0001999960000799;0.7107142857142857;1.919630643638385
High;0.8835023299534009;0.2746478873239437;-0.0927899664624597
Unknown;0.0705185896282074;-0.4151785714285714;-0.7186184476877504
High;0.6382272354552909;0.1428571428571428;-0.21448735652553
Medium;0.0005599888002239;-0.5049019607843137;-0.8541197181337716
Unknown;0.114757704845903;0.4542897327707454;0.5744148902699009
Control;0.7313453730925381;0.0441400304414003;0.124454979592511
Unknown;0.0048399032019359;-0.51438127090301;-0.7272656625349181
Low;0.2019959600807983;-0.245014245014245;0.6884157980036668
Medium;0.0068798624027519;0.2288037166085946;0.9761691691586172
Low;0.3411531769364612;0.1361111111111111;-0.3678294368632662
High;0.0188396232075358;-0.293040293040293;-0.536329629329292
High;0.0071598568028639;-0.3222857142857143;-0.6800551995318473
High;0.4726305473890522;0.4432989690721649;0.2171422290430007
Unknown;0.0299194016119677;0.0977272727272727;0.8409016121591414
Medium;0.5179896402071958;0.0385487528344671;-0.3151913598131948
High;0.1509969800603988;0.0548148148148148;-0.4955361235361236
Medium;3.999920001599968e-05;-0.967741935483871;-2.0637256111494224
Low;0.246515069698606;-0.4775308641975309;-0.3122709642396787
High;0.0045662100456621;0.9295774647887324;3.271204138100593
Low;0.0919981600367992;0.65625;0.6996456071850118
High;0.2717145657086858;-0.1037414965986394;-0.342247402562788
Unknown;0.0231995360092798;0.4818840579710144;0.7038513701739356
High;0.250314993700126;0.1904761904761904;0.3326960590056801
Unknown;0.8024926686217009;0.1551724137931034;0.0923970381223426
Unknown;0.0109997800043999;-0.5460674157303371;-0.8281105248164753
Unknown;0.0648387032259354;-0.4;-0.6972988758679096
High;0.0403191936161276;-0.2091428571428571;-0.5234199984850241
Medium;0.240155196896062;-0.2285714285714285;-0.3998944140482209
Unknown;0.5829883402331953;0.1276595744680851;0.1936115167007747
Low;0.6887062258754825;0.466996699669967;0.0979104278112596
Low;0.2301153976920461;0.1756097560975609;-0.3840645427464214
Unknown;0.8153436931261375;0.1078431372549019;0.0653457032959519
High;0.3568728625427491;0.0429570429570429;-0.3133052177061733
High;0.1479170416591668;-0.2992424242424242;-0.5145347100535189
High;0.0092798144037119;0.6073059360730594;0.9968325030941072
Medium;0.3845123097538049;0.1655328798185941;0.3552874216449846
Unknown;0.9254614907701846;-0.5299145299145299;-0.0233392175815888
High;0.378432431351373;0.1325301204819277;-0.3110655755284294
Unknown;0.8656626867462651;-0.0133333333333333;-0.0724633350152524
High;0.7061058778824424;0.1931818181818181;-0.14462645857061
High;0.0039999200015999;-0.3597678916827853;-0.5929857560631413
High;0.0827983440331193;-0.3263888888888889;-0.5392629564268695
Low;0.4474310513789724;-0.2752941176470588;0.2404767949725786
Unknown;3.999920001599968e-05;-0.7944664031620553;-1.4584424284669366
Unknown;0.0001199976000479;-0.7971014492753623;-1.7137016519226402
Unknown;0.4743505129897402;-0.1896103896103896;-0.2905917609455024
High;0.0568788624227515;-0.3858024691358024;-0.6441500578875992
High;0.9363412731745364;0.0185185185185185;0.0328671297498763
High;0.0944381112377752;-0.227997227997228;-0.4615534874807596
High;0.1859962800743985;-0.1780821917808219;-0.4425811458449178
Medium;0.4770704585908282;-0.0433333333333333;-0.2353478427919962
Unknown;0.0993980120397592;0.3075060532687651;0.8140337157946486
Medium;0.0002399952000959;-0.7368421052631579;-1.162684386009704
Unknown;0.3165536689266214;0.0101010101010101;0.32064720606567
Unknown;0.0079598408031839;-0.4203296703296703;-0.7592208688484906
High;0.7649047019059618;0.3595505617977528;-0.1314593660568791
High;0.2675946481070378;-0.0436893203883495;-0.3211760014473268
Medium;0.0683986320273594;0.3414634146341463;0.8512622632017777
Medium;0.1693966120677586;0.112;-0.4504998561249914
High;0.9829803403931922;0.0943820224719101;-0.0319519797215825
High;0.2597148057038859;0.3137254901960784;0.5115898755155142
Unknown;0.8435031299374013;0.2536231884057971;-0.0030903106431907
Low;0.0045599088018239;-0.3809523809523809;-0.7934828764549055
Medium;0.3358332833343333;0.0220095693779904;-0.3415193616400154
Unknown;0.0799984000319993;0.3920454545454545;0.574304754320464
Unknown;0.5134697306053879;0.2;0.3056143578212932
Unknown;0.2635547289054218;-0.3461538461538461;-0.4854926773156682
High;0.3569928601427971;0.2761904761904762;-0.3131945531342302
Low;0.2777144457110858;0.0352564102564102;-0.3328040032193451
Medium;0.247395052098958;-0.0380952380952381;-0.3523414100130665
High;0.0294394112117757;-0.3198529411764705;-0.7250174988258902
Unknown;0.8491830163396732;0.0305882352941176;0.0646772503866074
Medium;0.0279194416111677;-0.3976470588235294;-0.5480354558655779
Unknown;0.1645167096658066;-0.3653846153846153;-0.5357383230291478
Low;0.4493110137797244;0.0535714285714285;-0.2919793558244875
Unknown;0.0081198376032479;-0.5181818181818182;-0.9197225096964904
Unknown;0.1065178696426071;0.396011396011396;0.6674853247164352
Low;0.3894322113557729;-0.0746987951807229;-0.303286289551637
Unknown;0.5670686586268274;-0.0274725274725274;-0.2489997329198413
High;0.6664266714665706;0.1428571428571428;-0.1896168203582078
Unknown;0.1593168136637267;0.5217391304347826;0.6569673589909583
Unknown;0.2885942281154376;0.15;0.3563305356083246
Low;0.0519189616207675;-0.4395348837209302;-0.662431890010765
Unknown;0.2201555968880622;0.1594202898550724;0.4664793752442726
Low;3.999920001599968e-05;0.4377104377104377;1.8769805081081723
Unknown;0.0001199976000479;0.7852112676056338;1.7150657668196494
Unknown;0.0006799864002719;-0.7191283292978208;-1.3247462738205902
High;0.1728765424691506;0.0;-0.6010830505913051
Unknown;0.4696706065878682;-0.1742424242424242;-0.2776477486065287
Unknown;0.7741845163096738;-0.0067567567567567;-0.1135141528936527
Unknown;0.6050678986420271;0.0727650727650727;0.1507587894181334
Unknown;0.2546749065018699;0.1904761904761904;0.5048971770018041
Unknown;0.0067998640027199;0.6009852216748769;1.1465119562655255
Medium;0.3312333753324933;0.390715667311412;0.3079727724023867
Unknown;3.999920001599968e-05;0.8317073170731707;1.6108186736247023
Unknown;0.1771164576708465;-0.1948051948051948;-0.3769396395099341
Unknown;0.5285494290114198;-0.1929824561403508;0.2356571214152534
Medium;0.0191196176076478;-0.2167832167832167;-0.6050507599862922
Unknown;0.0741985160296794;0.2592592592592592;0.6371853816547703
Low;0.5274294514109718;0.0744186046511627;-0.2602890831376752
Unknown;0.1675966480670386;-0.2289719626168224;-0.4234706409924042
Medium;0.7793044139117218;0.2071428571428571;-0.1163233320295235
High;0.4163516729665407;0.4152046783625731;-0.2917543662335745
High;0.9210615787684246;0.2142857142857142;-0.0502124544052061
High;0.8401831963360733;0.3127147766323024;0.0303026661657608
Unknown;0.9539409211815764;0.0411622276029055;-0.0350597179396983
High;0.5696286074278515;-0.0055555555555555;-0.241489959517306
Low;0.0099598008039839;0.2367601246105919;1.0885613658643225
High;0.0861182776344473;0.3366013071895425;0.5345333355687224
High;0.0452390952180956;0.4744897959183674;0.8833207780572397
Unknown;0.0017999640007199;-0.5945017182130584;-0.8381883985171719
High;0.9859402811943762;0.39456419868791;-0.0376425234797967
Unknown;0.0092398152036959;0.5895522388059702;0.9543213714426736
High;0.1107977840443191;0.197037037037037;-0.5470712569925633
High;0.0385592288154236;0.4685314685314685;0.7623902266930173
High;0.0535589288214235;-0.0864197530864197;-0.641988267036541
Unknown;0.2584348313033739;-0.2641509433962264;-0.4362564856671539
Unknown;0.8381032379352413;0.0845588235294117;-0.1409263478101737
High;0.5929481410371793;0.5079365079365079;0.1727425964126234
Unknown;0.6205075898482031;0.3301204819277108;0.1490633710886441
High;0.2985540289194216;0.0714285714285714;-0.4300257531085188
High;0.9277414451710966;0.1631944444444444;-0.1326900947196143
Unknown;0.6407071858562828;-0.3454545454545454;-0.1916063662349154
High;0.0381192376152476;-0.1212121212121212;-0.7386176558627261
High;0.4229115417691646;0.3399668325041459;0.283432147268578
High;0.2266754664906702;-0.0795180722891566;-0.4118698986093134
Unknown;3.999920001599968e-05;0.8714285714285714;2.407719778821481
High;0.0045796308954203;0.7777777777777778;1.7559520443487129
Medium;0.2120757584848303;0.4028103044496487;0.2570418343667465
High;0.3176336473270534;0.0446428571428571;-0.4334112199338265
Low;0.2548749025019499;-0.2916666666666667;-0.7299448757820077
Low;0.3612327753444931;0.3484848484848485;0.3142164281043267
High;0.0014399712005759;-0.5389408099688473;-0.5986655462581325
Unknown;0.1779164416711665;-0.2464403066812705;-0.4216444833941094
High;0.6001879962400752;0.0674157303370786;-0.2099003212907768
Medium;0.3399932001359972;0.0592334494773519;-0.2949384865801442
High;0.0016799664006719;-0.3987538940809969;-0.86073075639032
Unknown;0.7575048499030019;0.0141843971631205;0.0900019766785569
Unknown;0.7875042499150017;-0.1788617886178861;-0.1779034133319091
Unknown;0.6017479650406992;0.2046153846153846;0.1413428460474801
Low;0.1599968000639987;0.4410058027079304;0.4784598874804057
Medium;0.0037999240015199;-0.1868131868131868;-0.7325448543999767
High;0.4398712025759485;-0.0666666666666666;-0.2763883606989306
High;0.0009199816003679;-0.3333333333333333;-0.9224536370478916
High;0.5450290994180116;-0.0317460317460317;-0.2484254856087753
High;3.999920001599968e-05;-0.689922480620155;-1.0401649452794726
Unknown;0.5933081338373233;0.0533610533610533;-0.1974437096144353
Unknown;0.9120617587648246;-0.0172955974842767;-0.0355392841519056
Low;0.2215155696886062;0.3395784543325527;0.4965142689402958
High;0.7384252314953701;-0.0307443365695792;-0.1256620550522776
Unknown;0.9201815963680726;0.0;-0.0267625028529926
Unknown;0.0904781904361912;0.4713804713804714;0.5476553454426017
Low;0.8957020859582808;0.2845744680851064;0.0090557779980204
Unknown;0.6805863882722346;0.1105990783410138;-0.2558520826196854
Low;0.0051598968020639;0.5235507246376812;0.8906429672848787
Medium;0.1452770944581108;0.4494117647058823;0.5229868495538583
High;0.8988620227595449;0.1390013495276653;-0.0513352356911163
High;0.7197856042879143;0.1733333333333333;-0.1606604040073903
High;0.3964720705585888;0.0459183673469387;-0.377789148146447
Medium;0.0028799424011519;0.6038461538461538;1.07595043714038
High;0.7377052458950821;-0.260948905109489;-0.1108969608293782
Unknown;0.0119597608047839;-0.2473704713673548;-0.6644689195794181
Low;0.250434991300174;0.2492492492492492;0.4163980010259369
Low;0.2652746945061098;0.3374358974358974;0.3056634401939194
High;0.9417011659766804;0.3028919330289193;-0.0042398020451229
Unknown;3.999920001599968e-05;0.9714091218515998;2.637110932800661
Low;0.0982380352392952;-0.3197278911564626;-0.6276776731682653
Medium;0.1667966640667186;0.0095238095238095;-0.5464695928797093
Unknown;3.999920001599968e-05;0.8476190476190476;1.7330663462462692
High;0.5978280434391312;0.0;-0.2369227660557277
Medium;0.7741045179096419;0.2573696145124716;0.0461137543374495
High;0.5529089418211636;0.2867724867724868;-0.1942762701090022
Low;0.1068778624427511;-0.2562724014336917;-0.4734107658387171
Unknown;0.1743165136697266;-0.3278463648834019;-0.4906570952119768
Unknown;0.1660766784664306;-0.2748538011695906;-0.4708462565842768
High;0.3916721665566688;0.5034013605442177;0.3739531908618539
Unknown;0.0115597688046239;-0.486410496719775;-0.7552381288631141
Unknown;0.8969020619587609;0.1049382716049382;0.0397193377355753
Medium;0.0945581088378232;-0.1750380517503805;-0.5464700419211208
Unknown;0.989540209195816;-0.1428571428571428;-0.0290478068661547
Unknown;3.999920001599968e-05;0.9836956521739132;3.553484430887929
Unknown;0.0009999800003999;-0.6363636363636364;-1.2984271258700513
Low;3.999920001599968e-05;-0.50941475826972;-1.1095840515723776
Unknown;0.0040799184016319;-0.4446194225721784;-0.774497497758423
Unknown;0.2925541489170216;0.0133333333333333;0.4637632496539901
Medium;0.6478670426591469;0.2409090909090909;-0.17877278418192
High;0.4107517849643007;-0.0277777777777777;-0.2807824796808817
Unknown;0.0011599768004639;0.5883777239709443;1.8319101001316511
Unknown;0.1681566368672626;-0.1959858323494687;-0.3789536895600606
Unknown;0.0018399632007359;0.65807962529274;1.3477761919678872
Unknown;0.0297994040119197;0.5192307692307693;0.8233074119827025
Medium;0.0027199456010879;-0.6950354609929078;-1.1661936653034224
High;0.0299194016119677;-0.358974358974359;-0.8664104339255705
High;0.1700365992680146;-0.021021021021021;-0.3835977938845532
High;0.6605467890642187;0.0333333333333333;-0.2446338490931416
Low;0.0024799504009919;0.6247582205029013;1.3155802338003308
High;0.4475110497790044;0.1348148148148148;-0.2988144856828987
Unknown;0.4008719825603488;0.2019704433497537;0.3357469284136215
Unknown;0.9790604187916242;0.3661971830985915;-0.0774778460360551
High;0.6905061898762025;0.1328320802005012;-0.2078741017619721
Unknown;0.490430191396172;0.230174081237911;0.2091251718190327
Low;0.0485190296194076;0.3690288713910761;0.5969311617139126
High;0.4336713265734685;-0.1053391053391053;-0.2987641833391403
High;0.0005199896002079;0.6534996534996536;1.10487347077189
High;0.5301493970120598;0.0702554744525547;-0.1875653575147019
Medium;0.8584628307433851;0.2619047619047619;-0.1097916559841268
Medium;0.0355192896142077;0.6546184738955824;0.8757508132352153
High;0.5673086538269234;0.1876543209876543;0.1878306449187025
Unknown;0.9162616747665048;-0.2756132756132756;-0.044644832715262
Medium;0.0107197856042879;-0.4283333333333333;-0.7588813492313847
Low;0.505789884202316;-0.0288888888888888;-0.2455091244109161
Unknown;0.8082638347233055;-0.0151515151515151;-0.0711336669254024
Unknown;0.0229595408091838;0.5285714285714286;1.054083783785119
Unknown;0.1881962360752785;0.3046875;0.5060169618025554
High;0.2025159496810064;-0.1650326797385621;-0.3648056244057431
High;0.7310253794924102;0.0376470588235294;0.0877494974394217
Medium;0.1805163896722065;0.6415094339622641;0.6210944458140816
High;0.2361152776944461;0.0319634703196347;-0.421303130485197
Unknown;0.0002399952000959;-0.5623409669211196;-0.943454278706686
High;0.7774244515109697;0.4311111111111111;0.0307992943109351
Unknown;0.8053038939221215;-0.0460048426150121;-0.1015112006280167
High;0.6144677106457871;0.1525423728813559;-0.2364409446724202
High;0.1980360392792144;0.0491071428571428;-0.336441565534364
Unknown;0.5687486250274995;-0.1197183098591549;-0.2139447088235827
High;0.5877082458350833;0.2047750229568411;-0.2277371535674041
Low;0.1822363552728945;0.0379537953795379;-0.395153376257146
Unknown;3.999920001599968e-05;0.9181286549707602;2.0758141332773805
Medium;0.3131937361252775;0.15;-0.4016601151611346
Unknown;0.9815803683926322;0.0216049382716049;-0.0017932365126026
Medium;0.0999580008399832;-0.0646766169154228;-0.5823075149573602
High;0.6074278514429712;0.1554252199413489;-0.1798961469911056
Unknown;0.6019079618407632;0.3864168618266979;-0.2105784359105221
Unknown;0.5849802371541502;0.3333333333333333;0.4236492149779357
Medium;0.2785544289114218;0.3703703703703703;0.46832878312133
Low;0.8847023059538809;0.0673854447439353;-0.0629652114449734
Unknown;0.2193156136877262;0.511437908496732;0.4052226897827162
Medium;0.7333453330933382;0.2444444444444444;0.1006341740645216
Low;0.5841883162336753;-0.04;-0.3325211657529607
Unknown;0.6653866922661547;0.2244897959183673;-0.1687751999213426
High;0.865982680346393;0.4005847953216374;0.0255339841234605
Unknown;0.0437991240175196;0.4066666666666667;0.8918402041422937
Medium;0.1064378712425751;-0.2798507462686567;-0.5483288234575265
High;0.2701545969080618;0.1508571428571428;-0.3190347546581698
Unknown;0.0339593208135837;0.4846938775510204;0.866457965185386
Low;0.4691506169876602;0.0009775171065493;-0.2690031847551903
High;0.1424771504569908;-0.0352941176470588;-0.485084368648588
High;0.371672566548669;0.1122112211221122;-0.2947952934867255
Unknown;3.999920001599968e-05;-0.8717948717948718;-2.747209323864805
Unknown;3.999920001599968e-05;-0.8171641791044776;-1.276208112353088
High;0.7689046219075618;0.1440677966101695;0.059693888777679
Unknown;0.0077998440031199;0.7363636363636363;1.1470907919418163
Unknown;0.5685086298274035;-0.3270440251572327;0.0923069049700451
High;0.9487410251794964;0.2456140350877192;-0.0486826993138854
Medium;0.8148637027259454;0.4571428571428571;0.0644941949972425
Unknown;0.3623527529449411;0.1702127659574468;0.3920117938504624
Medium;0.5100297994040119;0.0068027210884353;-0.2830817144385845
High;0.6891062178756425;0.1697530864197531;-0.167926967161884
High;0.9133017339653208;0.2363132363132363;-0.0629741809473963
Medium;0.0015599688006239;-0.4089068825910931;-0.8344910675414634
High;0.1080778384432311;0.1524609843937575;0.5023650390951279
Unknown;0.9239015219695608;0.01171875;-0.0464290992667497
High;0.0067598648027039;0.5003403675970047;1.0355207198614682
Unknown;0.6659066818663627;0.3428571428571428;0.1280725999450999
High;0.2162356752864942;0.4233766233766233;0.5130539063951356
Unknown;0.0473590528189436;0.3298611111111111;0.6742758068502265
Unknown;3.999920001599968e-05;-0.953617810760668;-2.3956924480621904
Unknown;0.0088398232035359;-0.5299145299145299;-0.9640860405752388
Medium;0.4610707785844283;0.0076923076923076;-0.3206162164873375
Unknown;0.0382392352152956;0.5128205128205128;0.9031282596025216
Medium;0.8366232675346493;-0.0790513833992094;-0.0486315499006732
High;0.117757644847103;0.5785714285714286;0.5713757758612089
Medium;0.7087458250834984;0.5288888888888889;0.0964699952059175
High;0.0450790984180316;0.2494172494172494;0.6462054468195918
High;0.3097538049239015;-0.0614285714285714;-0.2919651240898019
High;0.1473170536589268;0.0220588235294117;-0.5247391758233801
Low;0.630187396252075;0.3674242424242424;0.1519713947162901
Unknown;0.0005999880002399;-0.5968253968253968;-1.120328903923682
Low;0.9211015779684406;0.0434782608695652;-0.1835370126201189
Unknown;0.5888282234355313;0.0409356725146198;0.1917062695623684
Low;0.0271594568108637;0.5658536585365853;0.856447859977612
Low;0.0981180376392472;-0.2058111380145278;-0.6079371702459824
Medium;0.0247995040099198;-0.1895833333333333;-0.5054430712748288
High;0.0222795544089118;0.5761904761904761;1.037592475394831
Unknown;0.3488330233395332;-0.1163245356793743;-0.3017668449095134
Low;0.2610347793044139;-0.2575757575757575;-0.4486247530960569
Unknown;0.6913861722765545;-0.0504926108374384;-0.1193857642311964
Low;0.0967980640387192;-0.2959183673469387;-0.6630247663950496
High;0.0040399192016159;0.6195121951219512;1.0574268020611417
Unknown;0.4827503449931001;-0.0743801652892562;-0.2239176767591842
High;0.1641604010025062;0.6545454545454545;0.6594615239314005
Medium;0.0440791184176316;-0.2987012987012987;-0.7847488962773143
Unknown;0.4509909801803964;0.1990632318501171;0.3026632052992835
High;0.8611427771444571;0.1115384615384615;-0.093627844044471
Medium;0.6078678426431471;0.1940298507462686;-0.257929695567144
High;0.5268294634107318;0.3497536945812808;0.2329509900867541
High;0.0006799864002719;-0.6461988304093568;-1.1939365590915747
Medium;0.998740025199496;0.2782931354359926;-0.03684386325612
Unknown;0.0199800199800199;0.7;1.5146745968363449
Unknown;0.0329593408131837;-0.4311111111111111;-0.6514308166791763
Medium;0.1832363352732945;0.2784503631961259;0.5172024340100713
Unknown;0.113877722445551;-0.3522727272727273;-0.5920799194150606
High;0.0025199496010079;0.4889705882352941;1.2243024789478725
High;0.0186396272074558;-0.4834054834054834;-0.5979946644967208
Unknown;0.905911330049261;0.0123456790123456;-0.0443495706634283
Medium;0.3254334913301734;0.0745814307458143;-0.3782999312829514
Low;0.1094378112437751;0.4098360655737705;0.6606453087248645
Low;0.2625547489050219;-0.1178571428571428;-0.4311457712999721
Unknown;0.0382792344153117;-0.3940886699507389;-0.7087133372359788
Unknown;0.1974760504789904;0.1944444444444444;0.3942339697202263
High;0.5036699266014679;-0.04;-0.3060933724755046
Medium;0.3421531569368612;0.1464882943143812;-0.2845450585723134
High;0.6468670626587468;0.0853994490358126;-0.1833203596903979
High;0.4838303233935321;0.1985294117647058;-0.3178602452359944
High;0.7348253034939302;0.0612244897959183;-0.1723365475785777
Medium;0.0063998720025599;0.6666666666666666;1.2609047604421046
Low;0.0045999080018399;0.6111111111111112;1.3528505295135476
Low;0.3332733345333093;0.0479166666666666;-0.2834806702455321
Unknown;0.5114697706045879;0.2083333333333333;0.2451981000809784
Unknown;0.7843443131137378;-0.0846560846560846;-0.0977040327687792
Medium;0.3892322153556929;0.0944444444444444;-0.3120365442027361
High;0.0725985480290394;-0.1746031746031746;-0.478404901855907
High;0.4719905601887962;0.321875;-0.2227797738624894
High;0.0019599608007839;0.5011709601873536;1.0992904557808931
Unknown;0.6506669866602668;-0.0952380952380952;-0.1805278892823147
Unknown;0.9720205595888082;0.0434782608695652;0.0163550301332565
High;0.7358652826943461;0.273076923076923;-0.267379742831796
Medium;0.7289854202915942;-0.0774647887323943;-0.1366268379137096
Medium;0.0638387232255354;-0.2244897959183673;-0.7027463767409416
High;0.0018399632007359;-0.4775308641975309;-0.5171232996157569
High;0.8939421211575769;0.1138888888888888;-0.0827554272742082
Medium;0.755984880302394;0.0070422535211267;-0.151655332220556
Unknown;3.999920001599968e-05;0.7310606060606061;2.660374672471713
Unknown;0.0220395592088158;0.6855345911949685;1.08111280017718
High;0.0022799544009119;-0.4836065573770491;-0.6608782365424796
Unknown;0.0205995880082398;0.5769230769230769;1.0042725745074277
High;0.74822503549929;-0.0113378684807256;0.0860355549498273
High;0.254834903301934;0.1428571428571428;-0.4777233132346098
Unknown;0.1294774104517909;0.2569444444444444;0.5679017755698711
High;0.0041599168016639;0.4810606060606061;1.0252246578964013
Unknown;0.0001599968000639;-0.6401098901098901;-1.0051733534396177
High;0.371592568148637;0.125;-0.3607145141276043
Medium;0.7880642387152257;0.33203125;-0.2248582341195117
High;0.3147137057258855;-0.0493827160493827;-0.3726460766450047
Medium;0.9041419171616568;0.1831831831831832;-0.1212409138194414
Low;0.1084378312433751;0.3723723723723723;0.6214886613603665
High;0.3081938361232775;0.3576248313090418;0.0392252032039335
High;0.8533029339413212;0.2182539682539682;-0.1079317796243388
High;0.6961860762784744;0.3497536945812808;-0.1895151204002063
Medium;0.0040799184016319;-0.4309133489461358;-0.5283912488027434
High;0.0001199976000479;0.8847926267281107;2.319552244235809
High;0.4062718745625087;0.2074074074074074;-0.2977319073105077
Unknown;0.0056798864022719;0.5733333333333334;1.5240589999208431
High;0.0013599728005439;0.717391304347826;1.7082938832115604
High;0.4711905761884762;0.2626728110599078;-0.3108866636734081
High;0.6054278914421711;0.2040816326530612;-0.3170710957241728
Unknown;0.5646687066258674;-0.1948051948051948;0.2268887557865494
High;0.3984720305593888;-0.1272727272727272;-0.2776234029114869
Low;0.8611827763444732;0.3615384615384615;-0.1198702353063931
Medium;0.0831983360332793;-0.2229885057471264;-0.5452724470802047
High;0.3931521369572608;-0.1466666666666666;-0.395023889832291
High;0.1456770864582708;-0.2072599531615925;-0.3784209735515448
Medium;0.0151596968060638;-0.58;-0.9058106728374936
Unknown;0.4526309473810523;-0.2192192192192192;-0.2643812892402326
High;0.3538329233415331;-0.1263736263736263;-0.2739366346142152
High;0.4623507529849403;-0.0372093023255813;-0.2666528716597135
High;0.8353432931341374;0.4722222222222222;0.0564668239889101
Low;0.7927841443171136;-0.2330827067669172;0.1304343479389318
Low;0.4825503489930201;0.1527093596059113;-0.3124280387164816
High;0.0658786824263514;0.6333333333333333;0.8468469757844812
Unknown;0.5595088098238036;0.1377777777777777;0.2736669301284661
Low;0.3509529809403812;-0.075;-0.2931075936240772
Unknown;0.0197196056078878;0.6470588235294118;0.9331421297308784
High;0.0341993160136797;0.517422748191979;0.7053540811187087
High;0.0691586168276634;0.4577777777777778;0.8800214558061934
Unknown;0.0255994880102397;-0.3194444444444444;-1.0261129795856736
High;0.9523409531809364;0.5346534653465347;-0.2033715615132648
Unknown;0.3269534609307813;0.246031746031746;0.3620725074395843
High;0.4179116417671646;-0.0853658536585365;-0.2923422994528445
High;0.8259434811303774;0.299806576402321;0.0029111436474933
High;0.1538369232615347;0.5209876543209877;0.5022792642030366
High;0.7856642867142657;0.3427821522309711;0.0669124252534434
Medium;0.8872222555548889;0.4711673699015471;0.0204290328063809
Low;0.1095578088438231;-0.0542279411764705;-0.3904585698847869
Low;0.9366612667746644;0.247191011235955;-0.0095883144194073
Medium;0.49935001299974;0.2261904761904762;-0.2720245982109415
Unknown;3.999920001599968e-05;-0.6427083333333333;-1.0653336434533889
High;0.5393892122157556;0.0040485829959514;-0.1926150331795134
High;0.0102797944041119;0.3683127572016461;0.6307197667828893
Low;0.4090318193636127;0.0309690309690309;-0.2739075297801193
High;0.5113097738045239;0.2038277511961722;-0.2266859972348515
Unknown;0.746265074698506;-0.1722222222222222;-0.0933348669194371
Unknown;0.5936281274374513;-0.103641456582633;-0.2167822989839525
High;0.3657526849463011;0.0022675736961451;-0.4025587411903646
Low;0.9583808323833524;0.2731481481481481;-0.0513801552663812
High;0.7777844443111138;0.5161744022503516;0.0675813517485057
High;0.9616207675846484;0.230174081237911;-0.0111228615821062
High;0.123677526449471;-0.3171912832929782;-0.5549144065810507
Unknown;0.747505049899002;-0.025691699604743;-0.1041355856957261
High;0.0752784944301113;-0.2157943067033976;-0.5429818689972327
High;0.1952760944781104;-0.0705882352941176;-0.4268108439266475
Low;0.491510169796604;-0.0127090301003344;-0.2201610428043358
Unknown;0.0038799224015519;0.5879629629629629;0.935491309527774
High;0.2945941081178376;0.1993911719939117;0.3764331030990225
Unknown;0.368112637747245;0.1625615763546798;0.2402056692328465
Medium;0.2057158856822863;-0.2842105263157894;-0.4065689735579209
Medium;0.7379852402951941;0.3555555555555555;0.0889503460895388
High;0.0140797184056318;-0.3841536614645858;-0.5125019756548813
Unknown;0.0018399632007359;0.5723270440251572;1.6258703937332484
Unknown;0.0001599968000639;0.7272727272727273;1.472454593108265
Medium;0.1112777744445111;-0.0890346766635426;-0.4982752485724904
Medium;0.1310373792524149;-0.0022675736961451;-0.6258276708662109
Unknown;0.9108217835643287;0.0346153846153846;-0.0514747868713999
Unknown;0.7711045779084418;-0.0196078431372549;0.1189038384794096
High;0.0573588528229435;-0.2709632709632709;-0.4564602721396632
Unknown;0.2053158936821263;0.6867132867132867;0.4540123241557131
Low;3.999920001599968e-05;-0.9645390070921984;-1.6881659254097627
Unknown;0.6365872682546349;0.175;0.1555715714877589
Medium;3.999920001599968e-05;-0.9558823529411764;-1.382227977220586
Unknown;0.0085198296034079;-0.5392857142857143;-1.0110546135170615
Unknown;0.0291994160116797;0.4385542168674698;0.7523515831931152
Medium;0.5454690906181876;0.2464387464387464;0.169319482399699
High;0.0587188256234875;0.638095238095238;0.8377531395887432
High;0.0003599928001439;-0.5210166177908113;-1.0393352563753038
High;0.6113077738445231;-0.0049261083743842;-0.2937548771776669
Low;0.1633967320653586;0.39015606242497;0.4248117109213781
Unknown;0.369912601747965;-0.1705069124423963;-0.3561734648826749
Medium;0.8476630467390652;0.1295454545454545;-0.1044531799125879
Low;0.8387832243355133;0.0113636363636363;0.0759632036275391
Low;0.2369952600947981;-0.019047619047619;-0.4097299208754896
Unknown;0.0830783384332313;0.1955922865013774;0.5191004954318902
Medium;0.1847563048739025;-0.2152777777777778;-0.4742150384696919
Medium;0.1516369672606548;-0.0615243342516069;-0.4399708972141573
Unknown;0.0311193776124477;-0.5476190476190477;-0.7506506219446916
Low;0.1271974560508789;-0.2082111436950146;-0.4351309394625678
Medium;0.0195196096078078;0.6372618207480593;0.7981918978982849
High;0.9288614227715446;0.2857142857142857;-0.0537759531209687
Medium;0.9682606347873044;0.1985815602836879;0.0083060468653045
High;3.999920001599968e-05;-0.5445665445665445;-1.106002494884963
Unknown;0.1357172856542869;0.196875;0.3992915344693411
Medium;0.0046799064018719;-0.1959866220735786;-0.7204023926883533
Unknown;0.0259594808103837;0.6764705882352942;1.5630807432830058
Medium;0.0591188176236475;-0.2708719851576994;-0.5688597935674514
High;0.0086398272034559;0.1888111888111888;0.8659698067195802
Unknown;0.0494790104197916;0.4277777777777777;0.6982795210261764
High;0.0001999960000799;0.5576102418207681;1.0232621936889497
High;0.6882262354752905;0.4036568213783403;0.1128404856811097
High;0.9251014979700406;0.2937062937062937;-0.0015518045142037
Low;0.8892622147557049;0.2118055555555555;-0.1179996224004496
Medium;0.5596688066238675;-0.009367681498829;-0.1928716258015674
High;0.121877562448751;-0.1174242424242424;-0.5686581176530344
Medium;0.0680386392272154;0.6494252873563219;1.0546317662699398
Unknown;0.998020039599208;0.0444444444444444;-0.1166214528491514
High;3.999920001599968e-05;-0.7927927927927928;-1.292402336343629
Low;0.1102377952440951;-0.3782051282051282;-0.5731212483439589
High;0.0055198896022079;-0.31640625;-1.1980920515471567
High;0.4347113057738845;0.1472222222222222;0.2808019141427106
Low;3.999920001599968e-05;0.9289940828402368;3.023915491666309
High;0.1538769224615507;0.12;-0.3957496245985346
Medium;0.4462310753784924;0.1111111111111111;-0.3184142729562745
Unknown;0.0004799904001919;-0.5169458511881574;-0.8670347875670039
Unknown;0.0117597648047039;0.5703125;0.9958012093867532
Unknown;0.6926261474770504;-0.3935185185185185;-0.1336199452997931
High;0.9726605467890642;0.0640495867768595;0.003666922628304
High;0.0117997640047199;-0.462200956937799;-0.6086016644046659
Unknown;0.4347113057738845;-0.1890243902439024;-0.3032104158184371
High;0.9236215275694486;0.2341549295774647;0.0026582850128587
High;0.8231835363292734;0.5633640552995391;0.0039709182365547
High;0.0138797224055518;-0.3756613756613756;-0.5112648797066531
Unknown;0.5704685906281874;0.3645833333333333;0.1818936692015327
Low;0.9081418371632568;-0.3393939393939394;-0.0174298901869233
Medium;0.2197156056878862;0.5782312925170068;0.5157662978648299
High;0.0617187656246875;0.3508771929824561;0.7075584883359217
Unknown;0.5145497090058199;0.162907268170426;0.2633683594503511
Medium;0.0907981840363192;-0.2571428571428571;-0.6441316305778373
Medium;0.1936361272774544;0.4423963133640553;0.541801711839029
Medium;0.8037439251214976;0.0502283105022831;-0.1164191249794251
Medium;0.0664786704265914;-0.2959381044487427;-0.5365424112122122
High;0.0298794024119517;-0.4924242424242424;-0.6944203944185662
High;0.2945941081178376;-0.4130434782608695;-0.4651934514620086
Unknown;0.0899582008359832;0.1226851851851851;0.7007236189872538
Unknown;0.9298214035719286;-0.0242587601078167;0.0203893505046023
Low;0.3504729905401892;0.3266666666666666;-0.3160011020446719
High;0.247315053698926;0.0443349753694581;-0.4915806532942051
Unknown;0.4371512569748605;0.2169811320754717;0.2300792348403236
High;0.4082718345633087;0.1866666666666666;-0.3415882426142114
Unknown;0.9039019219615608;-0.0884353741496598;-0.1520358669146349
Low;0.0009999800003999;0.6117216117216118;1.0893470798835905
Unknown;0.6443471130577388;0.0210772833723653;0.1995269778559512
High;0.618547629047419;-0.1265432098765432;-0.1777907891715567
Low;0.9156216875662486;0.0;0.0554911422912985
Unknown;0.3178736425271494;-0.0709876543209876;-0.3585766896230601
High;0.7359052818943621;0.3535714285714286;-0.2009885097333039
High;0.6703465930681386;0.1477832512315271;-0.2216510071696605
High;0.0839583208335833;-0.1259259259259259;-0.5674898604131821
Unknown;0.0819983600327993;0.2994604316546763;0.4692280977783777
High;0.2011959760804784;0.2016129032258064;-0.3676635473797703
Low;0.9465810683786324;-0.08984375;0.0059277182784284
High;0.0628387432251355;0.3424098025867937;0.5466378011627673
High;0.0010399792004159;0.7435897435897436;1.6724927109526773
High;3.999920001599968e-05;-0.9071428571428573;-1.8688597550681687
Unknown;0.6447071058578828;0.1756097560975609;0.1515279445487682
High;0.0859582808343833;0.4726190476190476;0.5235034685181478
High;0.625187496250075;0.34375;0.1661335898798668
Unknown;0.0301993960120797;-0.4666666666666667;-0.931321391085266
Unknown;0.0321593568128637;0.5192307692307693;0.9093803468995058
High;0.1440371192576148;0.0063965884861407;-0.5791784759766583
High;0.7805443891122178;0.2564102564102564;0.0931360125376453
Unknown;0.8003439931201376;0.0576923076923076;0.1133450148006054
High;0.1603967920641587;-0.204250295159386;-0.2679078266542237
Unknown;0.0575588488230235;0.5380116959064327;0.746791947680144
Control;0.1329573408531829;-0.1666666666666666;-0.4716608594018918
High;0.2132757344853103;0.2904761904761905;0.4954192105739692
Low;0.0973980520389592;0.3118881118881119;0.4921513525490262
High;0.0187196256074878;-0.2044025157232704;-0.6513976262550935
Unknown;0.0014399712005759;-0.562152133580705;-1.0161933185232557
Low;0.3992320153596928;0.2240896358543417;0.2375169539934785
Medium;7.999840003199936e-05;-0.7860082304526749;-1.3402380762437318
High;0.9105417891642168;0.239766081871345;-0.0957664065276185
Unknown;0.7782644347113058;0.0;-0.1245923935831337
Medium;0.1110777784444311;-0.0747474747474747;-0.4789294668552162
Medium;0.1514369712605748;0.2854700854700854;0.5065487364271726
Unknown;7.999840003199936e-05;0.972093023255814;2.4826007246153843
Unknown;0.0103997920041599;-0.4449838187702265;-0.7686173967395176
Unknown;0.4823503529929401;0.1666666666666666;0.2616748928887517
High;3.999920001599968e-05;-0.8847736625514403;-2.830191847546024
Medium;0.1472770544589108;-0.2163742690058479;-0.4686332195152052
High;0.119957600847983;0.4067796610169492;0.5794763874557719
High;0.5539889202215955;0.0714285714285714;-0.2727466572186898
High;0.8983420331593368;0.3540051679586563;0.0129914845569509
Unknown;0.8616227675446491;0.0;-0.1343247504747286
Unknown;0.0007199856002879;-0.7238095238095238;-1.2132961299610483
Unknown;0.0644787104257914;0.4887218045112781;0.7905533805691981
Unknown;0.6890662186756265;-0.1;-0.1693160041875918
Unknown;0.3363132737345253;0.1931818181818181;0.3233276484710062
High;0.8377032459350813;0.1261904761904762;-0.1075524297374241
Medium;0.748065038699226;0.375609756097561;-0.1491512066099042
High;0.0003199936001279;-0.7647058823529411;-1.6097255843998306
Unknown;3.999920001599968e-05;0.8958333333333334;2.675389152475019
High;0.3147537049259015;0.3772290809327846;0.3577776118100235
Unknown;0.0172796544069118;-0.5305555555555556;-0.7243829464364191
High;0.0307193856122877;-0.3619047619047619;-0.5894807339434097
High;0.0113997720045599;-0.4404040404040404;-0.5159790728106365
High;0.2754744905101898;0.35;0.4084480602156334
Unknown;0.6510669786604268;0.0522388059701492;0.1792329647609752
Unknown;0.0382792344153117;-0.5106382978723404;-0.8265617369594779
Low;0.0404791904161916;0.0698659139026111;-0.5551675768959398
Low;0.7022659546809064;0.1703703703703703;-0.2597770550995028
Medium;0.0007599848003039;0.6828358208955224;1.3572263565170932
Low;0.0713585728285434;-0.1363636363636363;-0.3955230886588959
Medium;0.7179856402871942;0.1629464285714285;-0.1302680463319344
Medium;0.2812343753124937;-0.0728155339805825;-0.3445610335835862
Unknown;0.4195916081678366;0.0933333333333333;0.2619309880613621
Unknown;0.8788624227515449;-0.0538641686182669;-0.0689901012581584
High;0.8037039259214815;0.362962962962963;0.0650375840762141
Unknown;0.7452650946981061;-0.0971428571428571;-0.159851514360956
Low;0.7304253914921701;0.5526315789473685;0.0942857365985526
Unknown;0.4346313073738525;0.2681159420289855;0.1210717031148338
High;0.0001199976000479;-0.5506912442396313;-0.8736551405848723
Unknown;0.25327493450131;-0.2193877551020408;-0.4614651271364078
High;0.0775984480310393;-0.1481481481481481;-0.5862295338882749
High;0.1521569568608627;-0.2844444444444444;-0.429931956695308
Medium;0.0027199456010879;0.7609001406469761;1.2980080588802676
Medium;0.7225055498890022;0.1440329218106996;-0.1641333175028287
High;0.8185836283274335;0.2517482517482518;-0.0822203778481098
High;0.7799044019119618;0.0444444444444444;-0.1046569731680527
Medium;0.1551168976620467;-0.3897058823529412;-0.5209164482470806
High;0.5402691946161077;0.1727941176470588;-0.262001205153165
Unknown;0.2267554648907022;-0.25;-0.4560050952633162
Unknown;0.0076798464030719;-0.4575596816976127;-0.7960015193231236
High;0.0010399792004159;-0.4837209302325581;-0.7671786386195865
Unknown;0.0496390072198556;-0.3536299765807962;-0.7385002599345333
Medium;0.0337993240135197;-0.2758974358974358;-0.4361454537473154
Low;0.0033599328013439;-0.5844155844155844;-0.7670083233569038
Unknown;0.0314793704125917;-0.4488888888888889;-0.4769441660588269
Low;0.6505869882602348;0.17;-0.1727645926164271
High;0.6085878282434352;0.1864171864171864;0.1420461530180416
Medium;0.493190136197276;0.0857142857142857;-0.3338411461169853
High;0.8113837723245535;0.1632373113854595;-0.1195311555862669
High;0.2955540889182216;-0.0696296296296296;-0.3499753223376456
High;0.1582368352632947;0.1376811594202898;-0.5180942355410859
Low;0.2964740705185896;0.0335820895522388;-0.4158040396636526
High;0.2559948801023979;0.2087227414330218;-0.357252907988661
High;0.2243955120897582;0.5342465753424658;0.449693821046273
Unknown;0.0170796584068318;-0.5362903225806451;-0.861081953487002
Unknown;0.2802343953120937;-0.1716171617161716;-0.3337291517461985
Unknown;0.5642287154256915;-0.1775362318840579;-0.2329658202055828
Low;0.7445851082978341;0.4363143631436314;0.0924685872169961
