Dosage;p-value;Cliff's Delta;Cohen's D
Low;0.119397612047759;0.3333333333333333;0.7428244834319503
Unknown;0.0001199976000479;0.7012345679012346;1.1717833405719011
Unknown;0.4740305193896122;0.2933333333333333;0.313206994793721
High;0.9612207755844884;-0.2225378787878787;0.0319525632983524
Unknown;0.5234695306093878;-0.207070707070707;-0.1965118312636597
High;0.1020379592408151;0.1464566929133858;0.4326160944107707
Unknown;0.0492390152196956;0.571078431372549;0.7963810870047334
High;0.2759144817103658;-0.2749163879598662;-0.3238526217751951
Low;3.999920001599968e-05;0.7310924369747899;1.2961089826041483
Unknown;0.0006399872002559;0.5147058823529411;0.9428179567942244
Low;0.2603947921041579;0.3082706766917293;0.4561977083427945
Unknown;0.0202395952080958;0.4689655172413793;0.7423193224761312
High;0.9803003939921202;-0.0783582089552238;0.0688483516612108
Unknown;0.9464210715785684;-0.0679012345679012;-0.0209126055747357
High;3.999920001599968e-05;0.8487654320987654;1.5074817660362718
Unknown;0.0001199976000479;0.7944862155388471;1.420385762960486
High;0.4837503249935001;0.0454780361757105;0.1957805145975125
Low;3.999920001599968e-05;0.7696969696969697;1.3692931595442055
High;0.0077998440031199;0.3777777777777777;0.7135418542404822
Unknown;0.4617507649847003;0.1692307692307692;0.2776708310372542
Unknown;0.0021199576008479;0.6053240740740741;1.0341363017494616
Low;0.0405191896162076;0.5334757834757835;0.6442668388247967
Unknown;0.4389512209755805;-0.2266666666666666;-0.3486927863785071
Unknown;0.5881082378352432;-0.0306267806267806;0.1655554649081868
Unknown;0.0258794824103517;-0.3395703395703395;-0.703064442113413
Unknown;0.998740025199496;0.0138888888888888;-0.0206971515492138
Medium;0.0159196816063678;-0.5827664399092971;-0.9004829158903505
Unknown;0.8375432491350173;0.0337552742616033;0.0858692474947536
Unknown;0.3466730665386692;0.0567901234567901;-0.3160896776886691
High;0.0047599048019039;0.3886904761904762;0.6836442353808814
Medium;0.0295194096118077;0.284789644012945;0.6379131215268692
High;0.0484390312193756;0.2511278195488722;0.5039321428119731
Unknown;0.6633067338653227;-0.180327868852459;-0.238129688385734
Unknown;0.1932361352772944;0.1440329218106996;0.4662188862215284
High;0.0178396432071358;0.4369369369369369;0.8248218677050008
Medium;3.999920001599968e-05;0.8817733990147784;1.9681592104260657
High;0.9216615667686646;-0.2277614858260019;0.0198402518992992
High;0.0021999560008799;0.3844884488448845;0.8241206905699748
High;0.876582468350633;0.0068027210884353;0.0982799954887076
Unknown;0.0071998560028799;0.7352941176470589;0.9717203958538386
High;0.5385892282154356;0.0178571428571428;0.2447869655215197
Unknown;0.0296794064118717;0.6319612590799032;1.1103399496833668
Unknown;0.0039599208015839;0.6918518518518518;1.1133496482385996
Unknown;0.3388332233355333;0.234866828087167;0.3913370800547898
Unknown;0.0059198816023679;0.5159090909090909;0.9118792981166416
High;0.2550748985020299;0.2888888888888888;0.5098065186038258
Unknown;0.0009999800003999;0.52;0.813980074946081
Unknown;0.0080798384032319;0.5555555555555556;1.0463929769537963
High;0.3226335473290534;0.1447058823529411;0.3345152015309409
High;3.999920001599968e-05;0.8594104308390023;1.2891918475873645
Unknown;3.999920001599968e-05;0.6704304869442484;0.9802658749967904
Low;0.0043199136017279;0.6912878787878788;0.7800712958558842
Low;0.996180076398472;-0.1858974358974359;0.049474228944642
High;0.1621621621621621;-0.3302752293577982;-1.1901211772904616
Unknown;0.0157596848063038;0.4153846153846154;0.6420715672195852
High;0.4010319793604128;-0.0968523002421307;-0.3301631961563514
Unknown;0.0001599968000639;0.782608695652174;1.1961300340855068
Unknown;0.6464670706585868;0.1011764705882353;0.1203859500840457
High;3.999920001599968e-05;0.928030303030303;1.2413156390869808
Medium;0.0416391672166556;0.4845679012345679;0.7387654178524335
High;0.9092218155636888;0.00177304964539;-0.0221055737840034
Unknown;0.3878722425551489;0.1791383219954648;0.2466012637325181
High;0.8879822403551929;-0.1011904761904761;0.0647316028969236
Unknown;0.9359812803743924;-0.0505514705882352;0.0271145283160868
Control;0.2236355272894542;-0.2804597701149425;-0.4081549773591717
High;0.0269194616107677;-0.3229166666666667;-0.7057030455069575
Medium;0.0287194256114877;0.6681096681096681;0.8870744933669422
Unknown;0.0294394112117757;0.5381944444444444;1.0775502620101545
Unknown;0.4324143692564745;0.3529411764705882;0.4307017540306145
High;0.119397612047759;0.2180685358255451;0.4423457615611481
Low;0.0092398152036959;0.4953703703703703;0.849160395764169
Unknown;0.4305884524285582;0.1904761904761904;0.5001977722736123
High;0.0250794984100318;-0.4013605442176871;-1.1622989499291785
Unknown;0.4217915641687166;0.0985221674876847;0.2958703163264403
Unknown;0.9129817403651928;-0.1189814814814814;-0.019475637570238
Unknown;0.9042619147617048;0.0175438596491228;-0.1316176104209162
High;0.0230395392092158;0.4449760765550239;0.6913179512182923
Medium;0.1555168896622067;-0.6725925925925926;-0.5724347361102196
High;0.0088798224035519;0.3878787878787879;0.6900817779617646
Unknown;0.9627007459850804;0.0673076923076923;0.0063178716222492
Medium;0.0389192216155676;0.3990430622009569;0.6543183684884414
Unknown;0.0415591688166236;-0.3625914315569488;-0.6986031013763057
Low;0.0118397632047359;0.2924462924462924;0.5384024565940371
Medium;0.0429991400171996;0.2873201438848921;0.5571463632030662
Unknown;0.882902341953161;0.078125;0.0184895988048328
Low;3.999920001599968e-05;0.775438596491228;0.9830457626879971
Unknown;0.9457410851782964;-0.18;-0.041969646976047
High;0.0653186936261274;0.3227611940298507;0.669188101261995
Unknown;0.5100697986040279;-0.0753246753246753;-0.2978650821544004
Unknown;0.0882782344353113;-0.4153846153846154;-0.6347312580560539
Unknown;0.1563568728625427;0.2892156862745098;0.4554625928818113
High;0.0131197376052478;-0.506006006006006;-0.9546368042210496
Low;0.0029199416011679;0.6916666666666667;1.0220696903350956
Unknown;0.124397512049759;-0.2027777777777777;-0.5747414047501054
High;0.0141997160056798;0.4090909090909091;0.9186947429981168
Low;0.0083198336033279;-0.2867853795688847;-0.971954319537666
Low;0.0028399432011359;0.4290178571428571;0.7606233493597929
Unknown;0.0121597568048639;0.3394062078272604;0.7286955342179747
Unknown;0.4784304313913721;0.25;0.2954646466262967
Unknown;0.0027599448011039;-0.4125122189638319;-0.9476646189174484
Medium;0.0011599768004639;0.5295454545454545;1.0998692872417732
High;0.0090398192036159;0.4807692307692308;1.2052171776343794
Unknown;0.8837423251534969;-0.1226190476190476;0.0610210616382037
Unknown;0.9673406531869364;0.0976190476190476;0.03656302692595
High;0.0511989760204795;0.2699430199430199;0.5518029969195735
Unknown;3.999920001599968e-05;0.889937106918239;1.1294478280425222
Unknown;0.0639587208255834;0.4075;0.5926307597688704
High;0.0435591288174236;0.3857506361323155;0.5733724833939768
Control;0.3590328193436131;0.2032520325203252;0.2551843069227648
Medium;0.0105997880042399;0.6033755274261603;0.8115417253302172
High;0.1913161736765264;0.0348484848484848;0.3525351839127058
Unknown;0.0901581968360632;-0.3066666666666666;-0.8903947537754376
Medium;0.0024399512009759;0.3818681318681318;0.6703513633806667
High;0.8023039539209216;-0.0518518518518518;-0.0783049180375808
Unknown;0.0006799864002719;0.678030303030303;1.3400119719629866
Unknown;0.0265194696106077;-0.5037037037037037;-1.0531445780782709
Medium;0.1332773344533109;0.0023809523809523;0.4093068325986413
High;0.1703965920681586;-0.3786764705882353;-0.5383997828239123
Unknown;0.6463070738585228;-0.0748299319727891;-0.1830082861492428
Unknown;0.0587588248235035;0.4811320754716981;0.8345124594374935
Medium;0.2097158056838863;0.253012048192771;0.4084891175864412
Medium;7.999840003199936e-05;0.5721153846153846;1.2769358778775703
Unknown;0.0847583048339033;-0.2561576354679803;-0.6482469353515279
Unknown;0.3382732345353093;0.1445966514459665;-0.3049340821847559
High;0.0007599848003039;0.4882075471698113;0.8217772204185191
High;0.0077598448031039;0.378969654199012;0.6983761306742376
Unknown;0.0009599808003839;0.6170798898071626;0.9426136282085706
High;0.0775984480310393;0.2680161943319838;0.5145762396405555
Unknown;3.999920001599968e-05;0.7813333333333333;1.642085895011535
Medium;0.985180296394072;0.0405569007263922;-0.004936781175551
High;0.985580288394232;0.0071428571428571;0.0100180559710902
High;7.999840003199936e-05;0.8837772397094431;1.4444937735191126
Unknown;0.1348373032539349;0.3333333333333333;0.6707686084165095
Unknown;0.5527889442211156;0.1075268817204301;0.1979323766506094
High;0.2007559848803023;0.3988970588235294;0.4483735892566309
Low;0.0107597848043039;-0.536178107606679;-0.8406407314248036
High;0.3935921281574368;-0.0523809523809523;0.3461776825772652
Unknown;0.3375132497350053;-0.2698412698412698;-0.3819903575697548
Unknown;0.1461570768584628;0.3733333333333333;0.6161619928364506
Unknown;0.1036379272414551;-0.4074074074074074;-0.663569543815719
Unknown;0.367312653746925;0.1940298507462686;0.3491469240734797
High;0.0046799064018719;0.5802469135802469;0.7153103273524334
High;0.0012399752004959;0.625;1.0074478186421498
Low;0.0019199616007679;0.5297029702970297;0.8823895510758701
Unknown;0.0678786424271514;0.354066985645933;0.5739972535663345
Unknown;0.379072418551629;0.2327044025157232;0.3584214443834203
High;0.0101197976040479;0.5081481481481481;0.869664895591192
High;0.0004399912001759;-0.7167070217917676;-1.5195191993893489
Unknown;0.0595988080238395;-0.5575139146567718;-0.5679946083762999
Unknown;0.1540769184616307;0.2448156682027649;0.4008531061130495
High;0.0157996840063198;0.1019585253456221;0.6079706876512518
Unknown;0.9509009819803604;0.0460992907801418;0.0198725014520272
High;0.9119417611647768;0.1418581418581418;0.0089524474131332
High;0.2933541329173416;-0.1855600539811066;-0.3090042817416319
Unknown;0.1707565848683026;0.3465608465608465;0.5319249792258426
Medium;3.999920001599968e-05;0.9324675324675324;1.6030422921429623
High;0.2271154576908461;-0.2698412698412698;-0.4896433582976158
High;0.0055198896022079;0.7272727272727273;1.1815784898288382
Unknown;0.0004799904001919;0.8148148148148148;0.8529109569773091
Medium;0.1417171656566868;-0.2970822281167108;-0.4345622473991571
Unknown;0.0867582648347033;-0.3142857142857143;-0.7352149716560942
High;0.0002799944001119;-0.6944444444444444;-1.6864774729863807
High;0.0556788864222715;0.3703703703703703;0.6485013877499405
Unknown;0.0048799024019519;0.5854341736694678;0.890942846075412
High;0.3887522249555009;0.1889400921658986;0.345396538665447
Unknown;0.0156396872062558;0.5048426150121066;0.7164038934397201
High;0.4129517409651806;0.0105438401775804;0.2151049532508761
Unknown;0.865742685146297;-0.0129870129870129;-0.0577441526865271
High;0.2387152256954861;-0.4245548266166823;-0.3819502570173808
Medium;0.0170796584068318;0.435672514619883;0.6538662684840078
Unknown;0.5959080818383632;-0.1313131313131313;-0.1590393291600264
High;0.2045959080818383;-0.6088888888888889;-0.7065833016010727
Low;0.9587808243835124;-0.2604166666666667;0.011043231178148
Unknown;0.0295994080118397;0.5158730158730159;0.8164104644155242
Medium;3.999920001599968e-05;-0.8569182389937107;-2.015337602688425
Unknown;0.0088398232035359;0.4590909090909091;0.7580574910665918
Medium;0.3663126737465251;0.2471509971509971;0.2635424946216802
Unknown;0.0001599968000639;-0.9047619047619048;-1.548975424744788
High;0.0192796144077118;0.3933209647495361;0.6751340363641694
High;0.0081998360032799;0.3662790697674418;0.6564194986155505
High;0.0155196896062078;-0.5283018867924528;-1.1422493630250756
High;0.0346393072138557;0.6831168831168831;1.0990092601453345
Medium;3.999920001599968e-05;-0.6881496881496881;-2.1408936657626843
Low;0.0005999880002399;0.6816091954022988;0.8198825204600478
High;0.2012359752804944;-0.7026143790849673;-0.5516091031130014
Unknown;0.0045199096018079;0.5150987224157956;0.8132069888724688
High;0.866662666746665;-0.0961460446247464;0.0528441210364595
High;0.0003199936001279;0.7218390804597701;1.210338183240426
Medium;0.3911121777564448;0.1493540051679586;0.2342137632417067
Unknown;0.0058798824023519;0.5896103896103896;1.048380372124084
Unknown;0.5856282874342513;0.0432372505543237;0.1896697089230759
Unknown;0.0081998360032799;0.3759197324414716;0.7910792497863858
High;0.1049579008419831;0.3694029850746269;0.5952353981473292
Unknown;3.999920001599968e-05;0.8041958041958042;1.1173608439683589
High;0.5246695066098678;-0.0666666666666666;0.3000826280178746
Low;0.509309813803724;-0.1285211267605633;0.2667470663291129
High;0.9105417891642168;0.0509259259259259;-0.0325084075804469
High;0.0008799824003519;0.4754521963824289;0.8238300386999988
Low;0.0001999960000799;0.6361607142857143;1.1185116948565834
Medium;0.0027999440011199;0.5375375375375375;0.8857907215315163
Unknown;7.999840003199936e-05;0.323444976076555;1.942195750356028
High;0.0344393112137757;-0.7435897435897436;-1.380015716859568
Low;0.8965820683586329;-0.1425729442970822;0.0432930475899319
High;0.0035199296014079;-0.6202247191011236;-1.0875602299773572
Unknown;0.2558348833023339;0.5209235209235209;0.3933328624911457
High;0.0019199616007679;-0.466966966966967;-1.3754256185014813
High;0.370112597748045;0.1365384615384615;0.3376783070077722
Unknown;0.3911521769564609;0.1453900709219858;0.3721385970418817
Unknown;0.7695046099078019;-0.0933333333333333;-0.1355971523792094
High;0.6531069378612427;-0.140552995391705;-0.1561120561486202
Low;0.0083598328033439;0.3443670150987224;0.694760323943295
Unknown;0.2886742265154697;0.3281068524970964;0.3002390268180812
Unknown;0.5298294034119317;0.1943793911007025;0.2567443409577759
High;0.7259054818903622;0.0766666666666666;0.0964267922563661
Unknown;0.5957880842383152;0.1814814814814815;0.1377673896643536
Low;0.9387812243755124;-0.0538641686182669;-0.021023443049154
High;0.0032399352012959;0.5625;0.7544386623755139
Unknown;0.5209495810083798;0.0612661674608577;0.1952052933960682
Medium;0.9087818243635128;-0.1226551226551226;0.0458936702861165
Unknown;0.0128397432051358;0.5212765957446809;0.9166298498315176
Unknown;0.374832503349933;0.1679604798870854;0.2582806946063075
High;0.1858762824743505;-0.4941451990632318;-0.5884648746008685
High;0.0545589088218235;-0.3288888888888889;-0.603656161286237
High;0.0491990160196796;-0.3630460448642267;-0.5802425746280155
Medium;0.9337413251734964;-0.0743243243243243;0.0266914444676219
High;0.0054798904021919;0.4397031539888683;0.7486118370427945
Medium;0.0293994120117597;0.4863945578231292;0.7211615074004452
Medium;0.4422711545769084;-0.097926267281106;0.2262236591671566
Medium;0.0005599888002239;0.6265889830508474;0.9006498762148546
Medium;0.0008799824003519;0.5921052631578947;1.0196206053630554
Low;0.380392392152157;0.1527777777777778;0.3057663780563178
High;3.999920001599968e-05;-0.8936170212765957;-2.025399487131376
Unknown;0.6772664546709066;0.1538461538461538;0.1317014198462227
High;0.0024399512009759;-0.823943661971831;-1.3117104299438416
Unknown;0.748185036299274;0.108;0.1365870232132723
High;0.0703585928281434;0.2369402985074626;0.6348488248777643
High;3.999920001599968e-05;0.7597597597597597;1.249460748417554
High;0.7899842003159937;-0.0204678362573099;0.1123980579628109
High;0.6641067178656427;0.0804093567251462;-0.0676633051156602
High;0.0945981080378392;-0.3747072599531616;-0.712252867456714
High;0.1875562488750225;-0.4625;-0.5418132600158148
Medium;0.1731965360692786;0.380281690140845;0.4558800846408038
High;0.3079538409231815;-0.3178621659634318;-0.3640303038838982
High;0.0003599928001439;-0.7632183908045977;-1.4439798064318952
High;0.0011999760004799;0.4243341404358353;0.7819812432369673
Medium;0.7195856082878342;-0.3388203017832647;-0.1056662082411213
High;0.0083998320033599;-0.5954415954415955;-0.9323366430902404
Medium;0.248555028899422;-0.3830409356725146;-0.4547990873522362
High;0.5653486930261394;-0.0269841269841269;-0.1616310872686314
Low;0.1851962960740785;0.1748571428571428;0.3683311179756092
High;0.5633487330253395;0.1600719424460431;0.1560991160208098
Medium;0.0359592808143837;0.4100790513833992;0.4168507682570617
High;0.0903181936361272;0.3635620915032679;0.5212490045586312
Medium;0.0067998640027199;-0.5300546448087432;-1.3487377182882194
Unknown;0.7543049139017219;-0.3908730158730158;-0.1350984844783166
High;0.0068798624027519;0.5955882352941176;0.8898295769753001
Unknown;0.7044659106817863;0.0194805194805194;0.1116744177455617
Unknown;0.0111597768044639;-0.4289439374185136;-0.667344187641108
High;0.0003199936001279;-0.9037037037037036;-1.827779932309659
High;0.0286794264114717;0.4063926940639269;0.6795294967543422
High;0.0586388272234555;0.5;0.6973552438180018
High;0.9647807043859122;-0.174025974025974;0.0206261711192661
Unknown;0.7638647227055458;-0.2663438256658595;-0.0549972943733691
Medium;0.3863922721545569;0.1296296296296296;0.3114506883527878
Medium;0.0355192896142077;0.4869402985074627;0.7631319156992344
High;0.6731465370692586;-0.1238095238095238;-0.1192121320551679
High;7.999840003199936e-05;-0.7869249394673123;-2.240073572713144
Unknown;0.4619507609847803;0.3464052287581699;0.2881710136054562
Unknown;0.8039039219215616;-0.0957446808510638;-0.1103288996132359
High;0.6993860122797544;-0.0586527293844367;0.1106041431157207
High;0.0058798824023519;0.6077922077922078;0.932997336985581
High;0.0007999840003199;0.5857142857142857;0.8969690215421228
Medium;0.0226795464090718;0.501953125;0.8766885171456789
Medium;0.1289174216515669;0.12890625;0.3802123614019969
Unknown;0.7940241195176097;0.1147959183673469;0.0865607235856356
Medium;0.0700785984280314;0.4070588235294117;0.4952011570949533
Medium;0.5527089458210835;-0.135064935064935;-0.2121037632193798
High;0.2691146177076458;-0.1308016877637131;-0.4050483669445084
High;0.6999060018799624;-0.1086186540731995;-0.1067060336344137
Medium;0.0012399752004959;0.2533333333333333;2.239350075216248
Low;0.0049199016019679;0.6284722222222222;1.133671651597863
Unknown;3.999920001599968e-05;0.92;1.3000394050624924
Medium;0.4020719585608288;-0.4182389937106918;-0.2783264669736113
Unknown;0.0073998520029599;0.4874005305039788;0.7682941255315028
High;0.0763984720305593;-0.3663663663663664;-0.7216003239449782
Low;0.0164396712065758;0.6363636363636364;0.8062429167289131
Unknown;0.4549109017819643;0.1095238095238095;0.2318439105856649
Unknown;0.2157156856862862;0.2243589743589743;0.3790446956757311
Low;0.0791584168316633;0.5884194053208138;0.6970610863619776
Unknown;0.8387032259354813;-0.0467289719626168;0.0625969535921293
Medium;0.0005999880002399;0.6143856143856143;1.0580611380343474
High;0.0148797024059518;-0.3473980309423347;-0.9475852687625916
High;0.6103077938441231;0.1311728395061728;0.1551077636244001
Unknown;0.0973580528389432;-0.4448979591836735;-0.6763419488206066
High;0.1793164136717265;0.0537142857142857;0.3585626845054736
Medium;0.0091998160036799;0.5274261603375527;0.7023500065478472
High;0.628627427451451;0.0555555555555555;0.15954280556706
Unknown;3.999920001599968e-05;0.8340163934426229;1.5052636799149113
Medium;0.1692766144677106;-0.1642857142857142;-0.4723396278886217
Unknown;0.75642487150257;-0.2246913580246913;-0.1395242174478508
Unknown;0.1907961840763185;0.200501253132832;0.5496604646141922
Unknown;0.0045199096018079;0.624048706240487;1.0109348904114706
High;0.1689966200675986;0.2729766803840878;0.504229606005463
High;0.242995140097198;0.455078125;0.27565433630059
Medium;0.0035599288014239;0.412037037037037;0.7361453151587383
Unknown;7.999840003199936e-05;0.6423948220064725;0.9672249600342409
Unknown;0.0006799864002719;-0.7391304347826086;-1.0979753526509477
Low;0.8367832643347133;0.0701298701298701;-0.0979606513708531
High;0.0555188896222075;0.1075268817204301;0.5501819147993623
High;0.0003599928001439;0.5398475398475399;0.87764710812871
Unknown;0.0961180776384472;0.26036866359447;0.6966556981504386
Unknown;0.9306122448979592;0.0;0.1382535063055415
High;0.0075198496030079;0.5209235209235209;0.777182827697181
Unknown;0.0459990800183996;0.4710144927536231;0.8640798710193623
High;0.5174296514069718;-0.1903846153846153;-0.2388919962841291
High;0.2665946681066378;0.0113636363636363;-0.29352029391336
Low;0.6817063658726825;0.1471471471471471;0.1274509126056806
Unknown;0.0137197256054878;-0.508641975308642;-0.6851869276158399
High;3.999920001599968e-05;0.9466666666666668;1.2392323677917174
Low;0.0008799824003519;0.6856060606060606;1.0259471499055208
High;0.3479930401391972;0.1720679012345679;0.2866140978823515
High;3.999920001599968e-05;-0.7380952380952381;-2.262521223115184
High;3.999920001599968e-05;-0.8935064935064935;-2.443793888678392
Unknown;0.501429971400572;-0.0078125;-0.2495075074278335
High;0.3017139657206856;0.1716417910447761;0.3910509714104127
High;0.3472730545389092;-0.2733333333333333;-0.2784181031371243
Medium;0.0235595288094238;-0.5882352941176471;-0.7466914521027292
High;0.9622607547849042;-0.1224489795918367;-0.0541058825860118
High;0.6522669546609068;0.12;0.1417564797916574
Unknown;0.4674706505869883;0.1267441860465116;0.2321761568794007
Unknown;0.0046799064018719;0.4315726290516206;0.7953782975783028
Unknown;0.0053598928021439;-0.5619047619047619;-0.7711351644035254
Unknown;7.999840003199936e-05;0.7944444444444444;1.2005621605475982
Unknown;0.4070318593628127;0.0874074074074074;0.2832214793676986
Unknown;0.0320393592128157;0.4516594516594516;0.7497453591985407
High;0.2045559088818223;0.2324929971988795;0.3452712226571158
High;0.0412791744165116;-0.2175710594315245;-0.5786139721512601
Low;0.7230655386892262;0.0884353741496598;0.1639331092833748
Medium;0.0011599768004639;0.5590361445783133;0.8573849365739037
Unknown;0.1528769424611507;-0.3653395784543325;-0.5882851736582363
Medium;0.0938381232375352;0.2699175824175824;0.4486666675489488
Unknown;0.0051198976020479;0.2704545454545454;1.0221759718968393
Control;0.4598708025839483;-0.5142857142857142;-0.2668062041812992
High;0.0001199976000479;0.8666666666666667;1.4918924511978338
Unknown;0.0002799944001119;0.6543456543456544;1.0593370766043635
Low;3.999920001599968e-05;0.9130009775171064;1.0835523461002623
Control;0.2037159256814863;0.1485507246376811;-0.718854435568181
Unknown;0.0138397232055358;-0.6054421768707483;-1.2718774373450932
High;0.3035939281214376;0.209280303030303;0.3261934421429708
High;0.0007599848003039;-0.5769230769230769;-1.081747558704558
Unknown;0.0103597928041439;-0.677938808373591;-1.0746946457025173
Medium;0.0243995120097598;0.4692982456140351;0.7614913017996972
High;0.0006799864002719;-0.6286549707602339;-1.2705469427188585
High;0.0045599088018239;0.5497658079625293;0.7994087529753383
Unknown;1.0;-0.0158730158730158;-0.0348700286015575
High;0.8847023059538809;-0.0915032679738562;-0.0891958563121381
Low;0.0831583368332633;0.4039408866995074;0.6317224952942602
High;0.0017999640007199;0.6901234567901234;1.005526355536815
Unknown;0.1077578448431031;-0.5733333333333334;-0.7867417732163573
Unknown;0.0593188136237275;0.2187812187812187;0.5973546324796185
Low;0.0007599848003039;0.6488147497805092;0.9397659189544684
High;0.0294794104117917;-0.5049857549857549;-0.6768592926051827
Unknown;0.2768744625107497;0.2081575246132208;0.3808289179739129
Unknown;0.6154676906461871;0.0488888888888888;0.1788651180741704
High;0.99630007399852;0.0588235294117647;0.0014704058013067
Medium;0.0013199736005279;0.5838541666666667;0.931071309489838
Unknown;0.0101997960040799;0.6222222222222222;1.0342596613423496
High;0.0122397552048959;0.6112412177985949;0.8633856122259221
Medium;0.0038399232015359;0.6066176470588235;0.990339057658274
High;0.745785084298314;-0.3;-0.0798970192796467
High;0.6052678946421072;0.2070895522388059;0.2048906497369721
Unknown;0.0013999720005599;0.660377358490566;1.5083608510350988
Unknown;0.1828763424731505;0.2886002886002886;0.4542710182342375
Low;0.620107597848043;-0.2428571428571428;-0.1912042869775824
Unknown;3.999920001599968e-05;0.8856607310215557;1.717510154500108
Medium;0.8933821323573529;0.0661616161616161;0.0513482185148837
Low;0.117557648847023;0.1719576719576719;0.6509728447430212
Unknown;0.4033519329613407;0.1814814814814815;0.3721366496745884
High;0.8651026979460411;0.2486772486772486;0.1042344731785475
High;0.1597968040639187;0.2631578947368421;0.4172585285255191
Unknown;0.9370212595748084;-0.075;-0.0225785037418435
Medium;0.2837943241135177;0.2786885245901639;0.4304286164682713
Low;0.2670346593068138;0.2177177177177177;0.3335123138859883
Medium;0.5439491210175796;0.1356275303643724;0.1796661287148586
High;3.999920001599968e-05;0.7785947712418301;1.1192704772876807
Unknown;0.0001999960000799;0.8225806451612904;1.014475143450736
High;0.2876342473150537;0.2165242165242165;0.3772867036445183
Low;0.0001599968000639;0.7671232876712328;1.005846810306212
Unknown;0.0571988560228795;0.357421875;0.7624402912826246
High;0.0036399272014559;0.4995004995004995;0.6809386292767675
High;0.0080798384032319;0.6009852216748769;0.9969537331658206
Unknown;0.0001999960000799;0.8666666666666667;1.2365902862556128
Medium;0.0002399952000959;-0.6642857142857143;-2.462308075274057
High;0.0021199576008479;0.5655339805825242;0.7717738366840116
Unknown;0.0003199936001279;0.6712328767123288;1.494548965871313
High;0.0649987000259994;-0.2341269841269841;-0.7755862985388505
High;0.6886262274754504;0.0459183673469387;0.1666880940083375
Unknown;0.0321193576128477;0.5890151515151515;0.8945270874038515
Unknown;0.0373192536149277;0.5552995391705069;0.6840588588859936
Unknown;0.73882522349553;-0.0884615384615384;0.1390176572768686
High;0.8415031699366012;-0.0721343873517786;-0.0634812127598138
Medium;0.0036799264014719;0.4946236559139785;0.9183979160504574
Medium;0.0076798464030719;0.4841269841269841;1.1163042264725538
High;0.7520249595008099;0.0041208791208791;0.1039235985503409
Low;0.2580748385032299;0.1178057553956834;0.296825269914663
High;0.6865062698746025;-0.1589310829817159;0.1728713149455551
High;0.0740385192296154;-0.1550561797752809;-0.5332174493363252
High;0.1039979200415991;0.3065068493150685;0.585373035253629
Unknown;0.1701565968680626;0.3037037037037037;0.4870863192338784
Unknown;0.0003599928001439;0.9022222222222224;1.6304326213478952
Medium;0.1837963240735185;0.1604938271604938;0.4258551262269727
Medium;0.1416371672566548;0.3736263736263736;0.4877992962743961
Medium;0.8458630827383452;0.0446428571428571;0.0909889651223853
Unknown;0.9263814723705526;0.1496598639455782;0.05621385079618
Low;0.24727505449891;-0.2068014705882352;-0.3090934355571856
Medium;0.0154396912061758;0.4185606060606061;0.7853767042634433
Unknown;0.613267734645307;-0.0224358974358974;0.248263861621248
Low;0.0392392152156956;0.3404255319148936;0.6103364705068635
Unknown;0.7062258754824904;0.2412177985948477;0.0894936793132062
Unknown;0.4715905681886362;0.2415584415584415;0.3080220769252821
Unknown;0.0642787144257114;0.4648526077097505;0.6733731259677719
High;0.0010399792004159;0.6143856143856143;0.978412553870044
Unknown;0.7367452650946981;0.1789077212806026;0.1394933075719412
Low;0.0029999400011999;0.4555555555555555;0.8099813281657474
High;0.0996380072398552;-0.3489461358313817;-0.7134589420355647
Unknown;0.0350392992140157;-0.3478260869565217;-1.0075435845636789
Medium;0.9279814403711926;0.0766666666666666;0.0187746591220037
Unknown;0.5143497130057398;0.3066666666666666;0.2043956610643124
Medium;0.3172336553268934;0.0705128205128205;0.2959151897502984
High;0.0003999920001599;0.6126984126984127;0.9161395942899284
High;0.7765044699106017;0.1125;0.0484826634576202
Low;3.999920001599968e-05;0.8162267839687195;1.255948277145683
Unknown;0.0267594648107037;0.4795751633986928;0.6214733109969404
Unknown;0.0722785544289114;0.3722222222222222;0.5794655831842614
Unknown;0.0259194816103677;0.3314393939393939;0.8849017329261413
Medium;0.0003999920001599;0.5910112359550562;1.033927186732301
Medium;0.241195176096478;-0.2781818181818182;-0.3784538168472968
High;3.999920001599968e-05;-0.9418886198547216;-1.8567878186384956
Unknown;0.0003999920001599;0.7461538461538462;1.250896577236505
High;0.8539029219415611;-0.1230486685032139;-0.0499921084611503
Medium;0.9170216595668088;-0.0092165898617511;0.0307505800962459
Unknown;0.1549969000619987;-0.2567432567432567;-0.4610441373670987
Unknown;0.2784344313113738;0.0714285714285714;-0.310963787882952
Unknown;0.1263974720505589;0.2715466351829988;0.4331183859621452
Unknown;0.0085198296034079;-0.4027777777777778;-1.0350461689360213
High;0.0016399672006559;0.4654761904761905;1.102033182407434
Unknown;0.4189516209675806;-0.1416083916083916;-0.2148254739780297
Low;0.1853162936741265;-0.3962962962962963;-0.4359917877896129
Unknown;0.7010659786804264;0.0081699346405228;-0.0994442762265536
Medium;7.999840003199936e-05;0.6630434782608695;0.8376671974253934
High;0.0043999120017599;0.6746031746031746;0.9595433588363912
Unknown;0.0392792144157116;0.2773109243697479;0.5481699354974592
Unknown;0.0015999680006399;0.5513833992094862;0.9795537440707336
Unknown;0.0015199696006079;0.6520833333333333;1.114869471610324
Unknown;0.7597048059038819;0.1566820276497695;0.0399917030164786
Unknown;0.0090398192036159;0.4859154929577465;0.9163123998287622
Unknown;0.1325973480530389;0.4266975308641975;0.4451186268818076
Medium;0.0073598528029439;0.4691283292978208;0.7000298902675924
Medium;0.0008399832003359;-0.7022263450834879;-1.2329753944100723
Unknown;0.1740365192696146;-0.3747353563867325;-0.3930299101052649
High;0.0623187536249275;0.2089857045609258;0.5276749352069025
High;0.0718785624287514;0.1925;0.532057081784751
High;0.9288614227715446;-0.5440115440115441;-0.0533523369362125
Unknown;0.0031199376012479;0.645320197044335;0.8847842667353195
High;0.0980780384392312;0.348780487804878;0.5287356081360818
High;3.999920001599968e-05;0.7611111111111111;1.404233289319912
Unknown;0.5368692626147477;-0.1122448979591836;-0.1756831330264353
Unknown;0.0008399832003359;0.5996732026143791;0.9878272976658172
Unknown;0.985540289194216;0.0384615384615384;0.0004687355482283
Low;0.9734605307893842;-0.1932367149758454;0.0103289722109118
Low;3.999920001599968e-05;0.8653846153846154;2.207359532461312
High;0.241995160096798;0.2155388471177944;0.4733506665109921
Unknown;0.9511809763804724;-0.3026634382566586;0.0263336432598242
Medium;0.3105537889242215;0.2706552706552707;0.3593702335696567
High;0.2806743865122698;-0.040880503144654;-0.3350702074900514
Unknown;0.0009999800003999;0.6666666666666666;0.8458044204398216
High;0.9645007099858004;-0.0495283018867924;-0.0048185885976219
High;0.2322753544929101;-0.5299539170506913;-0.510332943959687
Medium;0.620347593048139;-0.1049382716049382;0.1891161738776159
Unknown;0.3314333713325733;0.1921768707482993;0.299674510198999
Low;0.74122517549649;-0.1920289855072463;0.2254367595697436
Medium;0.0825183496330073;0.3676814988290398;0.5578784078701994
High;0.0853982920341593;0.3459119496855345;0.7400458889854689
Low;0.0125197496050079;0.6074074074074074;0.9919857535124506
Unknown;0.5635087298254035;0.105121293800539;0.236256944833107
Unknown;7.999840003199936e-05;0.6761904761904762;1.055603611303579
Unknown;0.4849503009939801;0.1888111888111888;0.2067358971405007
Unknown;0.0009199816003679;0.6314285714285715;1.040890345237576
High;0.2908741825163496;-0.4333333333333333;-0.4679206072264062
High;0.0071598568028639;0.3767441860465116;0.8950277180670764
Unknown;0.9795404091918162;-0.032051282051282;-0.0195959606350687
Medium;0.0105197896042079;0.2839135654261704;0.7130969490445808
Low;0.0143597128057438;0.4971509971509971;0.7689758267225127
High;0.2762344753104938;0.1604774535809018;0.31524580835532
Unknown;0.2780344393112138;0.1808406647116324;0.3421132329967766
Medium;0.0130397392052158;0.3131067961165049;0.7351423433354031
High;0.114397712045759;0.2506887052341597;0.5084751132284432
Unknown;0.0267994640107197;0.2622222222222222;1.4932038413459368
Unknown;0.0001199976000479;0.8843537414965986;1.0295239692675069
Unknown;0.0208395832083358;0.359925788497217;0.6529521896575853
High;0.0019199616007679;-0.5272727272727272;-1.0149504278819017
High;0.0015599688006239;0.717948717948718;1.2251384737473463
High;0.0007599848003039;0.5856459330143541;0.980456952795594
Unknown;0.0545989080218395;0.8245614035087719;0.9066791397863154
Medium;0.8079438411231775;-0.0285714285714285;-0.1029792460481173
High;0.1012779744405111;-0.286231884057971;-0.6466958103238486
Low;0.1012379752404951;-0.2827004219409282;-0.5843361787791946
Medium;0.0147197056058878;0.3484042553191489;0.5290602066741648
High;0.0003199936001279;0.837037037037037;1.1419319114661772
Medium;0.0109997800043999;0.3545597484276729;0.7323232137563439
Medium;0.7615447691046179;0.0422661870503597;0.0834335178363127
High;0.6534269314613708;0.3051470588235294;0.1110059592437713
Unknown;0.0002799944001119;0.6827586206896552;0.7911015483689615
Medium;0.0153596928061438;0.396694214876033;0.7132824035200817
Medium;0.0026799464010719;0.6870748299319728;0.9019894876106924
High;0.3882722345553089;0.1631944444444444;0.3338160766587213
Unknown;0.0009199816003679;0.825;1.0758175510109067
High;0.1821163576728465;0.2617753623188406;0.3499598715143102
Low;0.0091598168036639;0.4672364672364672;0.5180777461460203
Unknown;0.3670726585468291;0.1304347826086956;0.3375382715923566
Unknown;0.0427991440171196;0.6271186440677966;0.902464002121226
Low;0.0022399552008959;0.4431818181818182;0.9138382424532822
Unknown;0.6579468410631787;-0.0074626865671641;0.1767171304425068
Unknown;0.0634787304253915;0.3365853658536585;0.5819364282652504
High;0.0001999960000799;0.4648148148148148;0.9539999569281402
Medium;0.7177456450870983;-0.1024590163934426;-0.0916541775226379
Unknown;0.0372392552148957;0.2827067669172932;0.5301960572504553
Medium;0.0016399672006559;0.7506053268765133;1.326912207449623
Unknown;0.6373072538549229;0.1056338028169014;-0.1626954536416494
Unknown;0.0002399952000959;0.7614457831325301;1.251276700712716
Unknown;0.0776784464310713;-0.4375;-0.5704745360527256
Low;0.1867562648747025;-0.2307692307692307;-0.366523519429574
High;0.0087198256034879;0.4020227560050569;0.761617181335628
High;0.0016399672006559;0.5477777777777778;0.9673172842527852
High;0.0187596248075038;0.4955555555555556;0.6781150634321853
Low;0.0175596488070238;0.4496268656716418;0.6935415455227969
Low;3.999920001599968e-05;0.7655228758169934;1.3988614932547565
Unknown;0.0713985720285594;0.3276353276353276;0.6734302127704186
Unknown;0.0078798424031519;0.7044334975369458;1.0010801213874332
Unknown;0.0435991280174396;-0.6282051282051282;-1.1317326908740692
Unknown;0.4723905521889562;0.2758620689655172;0.3010876978172728
Medium;0.5494290114197716;-0.0866510538641686;-0.2297618912253058
High;0.0019199616007679;0.5984848484848485;0.8090841555552467
Unknown;0.8901421971560569;-0.0775335775335775;0.0338200637708564
Low;0.7695446091078179;0.0921052631578947;0.1193417873276341
High;0.0037999240015199;0.6888888888888889;0.7268227926543778
Unknown;0.0283194336113277;0.2713178294573643;0.5896003502580017
Low;0.0001199976000479;-0.7218728162124388;-1.109018438844687
Unknown;0.8326633467330653;-0.2292358803986711;0.1592261830514422
Unknown;0.0002799944001119;0.7532467532467533;1.0743835532255563
Unknown;0.3252334953300934;0.3333333333333333;0.3952110158778417
Low;3.999920001599968e-05;0.7564102564102564;1.391722430714268
Medium;0.0545989080218395;-0.0192307692307692;-0.8568414568451452
Low;0.0382392352152956;0.322429906542056;0.6011066059418482
Low;0.0001599968000639;-0.6834645669291338;-1.1733411363175883
High;0.6106677866442671;-0.1666666666666666;-0.1850308693183331
Unknown;0.7697846043079138;0.096551724137931;0.1228142087096089
High;0.0347193056138877;0.3252032520325203;0.5070334095098372
Unknown;0.9788604227915442;-0.1481481481481481;0.02531258406361
Unknown;0.0004399912001759;0.8237179487179487;1.170678785920905
Unknown;0.3380732385352293;-0.2536231884057971;-0.4196593222921093
Low;0.2652746945061098;-0.1842475386779184;0.3924785692724999
Unknown;0.0628787424251515;-0.3536299765807962;-0.8127528858584459
High;0.0294394112117757;-0.5622119815668203;-0.9017491293348998
High;0.1923561528769424;-0.2453987730061349;-0.3253268102994472
High;0.0004799904001919;0.6721536351165981;0.909669396716978
Unknown;0.1331973360532789;0.4482142857142857;0.5901262236887617
High;0.2753944921101578;0.1422466422466422;0.3056539117567073
Unknown;0.8477030459390812;0.0815602836879432;0.0816532370367889
Unknown;0.0027999440011199;0.6068840579710145;1.0087871674396118
Low;0.0018399632007359;-0.5421686746987951;-1.1128015909527813
Unknown;0.620827583448331;0.0215189873417721;0.1747221993669834
High;0.0005999880002399;0.695906432748538;0.9090997375372836
High;0.1966760664786704;0.2399691358024691;0.3898418105817251
Medium;3.999920001599968e-05;0.6750663129973474;0.9426044730351244
High;0.0004399912001759;0.6944444444444444;0.9120880102089636
High;0.4622707545849083;0.1406698564593301;0.2390093901307878
Unknown;0.0083998320033599;0.5454545454545454;1.0546689341143007
Medium;0.0073998520029599;0.4304878048780488;0.724278164777957
Low;0.0035599288014239;0.5454545454545454;0.737603031797888
High;0.6584268314633708;-0.076051779935275;0.1511172442256986
Medium;0.8452230955380893;-0.0658227848101265;0.0462043585654008
Unknown;0.0375192496150077;0.4392405063291139;0.6848822080730129
Medium;0.249195016099678;0.1337078651685393;0.3855000304025607
Unknown;0.1968360632787344;0.353099730458221;0.5182655512958015
High;0.0001199976000479;0.9182389937106918;1.5061999293221486
High;0.1781564368712625;-0.1607476635514018;-0.6216297218693991
Medium;0.120677586448271;-0.2790123456790123;-0.5438259603858581
Unknown;0.0003999920001599;0.6666666666666666;1.336283539953446
Unknown;0.0817183656326873;0.5485008818342152;0.6598192757142154
Low;0.0139197216055678;0.3992537313432835;0.9740696227261584
High;0.2277954440911181;-0.2402912621359223;-0.3720279015432224
Unknown;0.0673986520269594;0.4796747967479675;0.6647791975344781
High;0.4297114057718845;0.0621951219512195;0.272206193619932
Unknown;0.0007599848003039;-0.6404040404040404;-0.8142684751630227
High;0.0076798464030719;0.5123239436619719;0.9760455680222084
Unknown;0.6931061378772424;-0.1183970856102003;-0.134541323349641
High;0.0294794104117917;0.7602339181286549;0.7862104088464403
Low;0.0041199176016479;0.4624505928853755;0.8204352477637766
Unknown;0.7867042659146817;0.0025510204081632;-0.0768327498399604
Unknown;0.1462370752584948;0.1234866828087167;0.5732105430728539
High;0.0763584728305434;0.6025145067698259;0.6393265060428098
Low;0.1313173736525269;0.194040194040194;0.4414801488668276
Medium;3.999920001599968e-05;0.8080459770114943;1.1339765349696136
Unknown;0.0102797944041119;0.4298941798941799;0.6984502394918715
High;0.0080398392032159;0.6083743842364532;0.9368022493024442
High;0.3797924041519169;-0.2023809523809523;-0.3577850549527381
High;0.0009999800003999;0.6291666666666667;1.040383972549133
Unknown;0.3830723385532289;0.2624610591900311;0.2731817587860582
Unknown;3.999920001599968e-05;0.6503496503496503;1.7624530195534407
High;0.8247435051298974;-0.0735735735735735;0.0877379403055798
Medium;0.0033599328013439;-0.5153985507246377;-0.9241294906396988
High;0.0013999720005599;0.5910714285714286;1.1727012007627142
High;0.0397192056158876;0.3929924242424242;0.6342699315254322
Unknown;0.0450790984180316;-0.5370370370370371;-0.8103733471997883
High;0.0315193696126077;0.328428093645485;0.6049073010545528
Unknown;0.3949521009579808;0.0;-0.380589857392669
Unknown;0.0002799944001119;0.717391304347826;1.3201020817065163
Unknown;0.0429191416171676;0.3251028806584362;0.7355872461132184
Low;0.5312693746125078;-0.3314606741573033;-0.1759956275151665
Medium;0.4077918441631167;-0.4357142857142857;-0.2647441054334826
Unknown;0.6614667706645867;-0.0666666666666666;-0.1736118972886139
Medium;0.0001199976000479;0.775;1.2202700561360265
Unknown;0.0717985640287194;0.4836601307189542;0.7764392611747658
Medium;0.4734305313893722;0.092063492063492;0.2247777266682238
Unknown;0.762384752304954;0.0297339593114241;0.1178640376473996
High;0.0034399312013759;0.6252525252525253;0.8956624118979766
Unknown;0.7090658186836263;0.0888888888888888;-0.1438505546679156
High;7.999840003199936e-05;0.6855421686746987;1.2924828731230509
Low;0.7837443251134977;-0.064039408866995;0.1240640908395721
High;3.999920001599968e-05;0.7148859543817527;0.982330367627174
Medium;0.8043039139217215;0.2089857045609258;0.0834017667325607
High;0.0001199976000479;0.696551724137931;1.2175698773491015
Low;0.7005859882802344;0.0067415730337078;0.1421477515321638
High;0.0368392632147357;0.5017361111111112;0.7419883030564566
High;0.8288634227315453;0.0928571428571428;-0.0791030362306031
High;0.4074718505629887;0.037593984962406;0.340731023840192
Unknown;0.0357192856142877;0.4942307692307692;0.7804358917632167
High;0.0323593528129437;-0.5652173913043478;-0.8918678716588749
High;0.0407991840163196;0.5194444444444445;0.704223341151114
High;0.877382452350953;-0.0047619047619047;0.0573271021185471
High;0.0032799344013119;0.5384615384615384;1.0418201072956197
High;0.2822343553128937;0.2626472626472626;0.321684682325161
Medium;0.5407491850162996;0.1779935275080906;0.17896674996303
High;0.3298734025319493;0.150492264416315;0.3423006662475604
Unknown;0.9657806843863124;-0.1693121693121693;0.0427723767565245
Unknown;0.4485510289794204;0.1725352112676056;0.2895172727920108
High;3.999920001599968e-05;0.86;1.338020735677012
High;3.999920001599968e-05;-0.9896103896103896;-2.3737776925177063
Unknown;0.0115997680046399;0.6141975308641975;1.058377351171038
Unknown;0.0042799144017119;0.3637454981992797;0.7556359312268416
Unknown;0.0001599968000639;-0.8765432098765432;-1.7698182530955964
Unknown;0.9014219715605688;0.0010178117048346;0.0426024972805772
Medium;0.5939081218375633;0.1476590636254501;0.1544390389726939
Unknown;0.3037939241215175;-0.0681818181818181;-0.3169345558524314
Unknown;0.3079938401231975;0.1914191419141914;-0.3133325652739586
Medium;0.9597808043839124;0.1940298507462686;0.125688321515493
Unknown;0.7672646547069059;-0.0486111111111111;-0.128715917875555
Unknown;0.0853982920341593;-0.5786163522012578;-0.8838320087355079
High;0.0001599968000639;0.6464174454828661;1.0958042167891469
High;0.0666386672266554;0.312192118226601;0.4503409546154212
Low;3.999920001599968e-05;0.7428774928774928;1.3369218242168366
Unknown;0.2183956320873582;0.3768472906403941;0.4866909757240198
Medium;0.0955980880382392;-0.4876543209876543;-0.5469647261747121
High;0.9745805083898322;0.1785714285714285;0.0053562673804312
Unknown;0.0189196216075678;0.4185823754789272;0.6897566146176529
High;3.999920001599968e-05;-0.8735177865612648;-2.1141356719379587
Low;0.0008799824003519;0.84;1.0373583902050745
Unknown;3.999920001599968e-05;0.7953216374269005;2.0157404885584165
High;0.1107177856442871;0.1850574712643678;0.4853369328824478
High;3.999920001599968e-05;0.8063380281690141;1.509962956173743
Unknown;0.0119597608047839;-0.5242566510172144;-0.9541256309371858
Unknown;0.0007999840003199;0.6337349397590362;1.026732894308369
High;0.0030399392012159;-0.7215189873417721;-1.3528196315324357
High;0.9087018259634808;-0.0816993464052287;-0.0272050693995051
Unknown;0.2249417249417249;0.2857142857142857;0.7958280581055408
Medium;3.999920001599968e-05;-0.9660493827160492;-3.1078218711681
High;0.500029999400012;0.1067961165048543;0.2129910355367249
Unknown;0.9598208035839284;-0.0369458128078817;0.0129811875454706
Unknown;0.0219595608087838;-0.412109375;-0.7481377146554894
Low;0.0265194696106077;0.3511111111111111;0.6270765265303002
High;0.4736705265894682;0.1902439024390244;0.2443520397529985
High;0.244115117697646;0.3621933621933622;0.4078447338027488
High;3.999920001599968e-05;0.8814102564102564;1.2744551211596644
Low;0.0625987480250395;0.2492877492877493;0.677683875784614
High;0.9566608667826644;0.0177777777777777;-0.0362179618480837
High;3.999920001599968e-05;-0.9523809523809524;-3.4894827515186564
Unknown;0.0739185216295674;-0.5032051282051282;-0.805333489687652
Unknown;0.8189836203275934;0.0042087542087542;-0.0791248086275719
Medium;0.0564788704225915;-0.3821892393320965;-0.6180477768579206
High;3.999920001599968e-05;0.8359375;1.205327011797991
Unknown;0.0425191496170076;0.5;0.8609999695315192
Medium;0.5710685786284274;-0.0407407407407407;-0.2277151808689697
High;0.6837463250734985;0.0831381733021077;0.126354133336887
High;0.6395872082558349;-0.1031227305737109;-0.1169703102921305
Low;0.376352472950541;0.3543543543543543;0.2711937642121074
Unknown;0.124717505649887;-0.355877616747182;-0.5637921748500192
Low;0.0334393312133757;0.3497435897435897;0.5887704663659502
Unknown;0.0098798024039519;0.385989010989011;0.7042067644008234
High;0.2553148937021259;-0.3972602739726027;-0.4024136070478543
High;0.2309953800923981;0.1411411411411411;0.4132650929814314
Low;0.755984880302394;-0.2857142857142857;0.0981867496994866
Unknown;0.0340793184136317;0.6146341463414634;0.727183173126799
Unknown;0.3917921641567168;-0.0615384615384615;0.2881753675508445
Low;0.0028799424011519;0.4877810361681329;0.8141163163309352
Unknown;0.24347513049739;0.310215557638238;0.3667106508866332
Unknown;0.3824723505529889;0.0934343434343434;0.2576561934905511
Unknown;0.7435851282974341;-0.0194235588972431;0.1083772416674362
Unknown;0.0088398232035359;0.4078144078144078;0.7011095210732138
Medium;0.3256334873302534;-0.3211538461538462;-0.3643980081998487
High;0.5537489250214995;-0.0082191780821917;0.2167990444666795
Unknown;0.0005599888002239;0.6356209150326797;0.9333585646432792
High;0.0001199976000479;0.6524173027989821;0.8870728622583868
Unknown;0.0319593608127837;0.3171768707482993;0.5629297486485406
Medium;0.9047619047619048;0.0;-0.1103019865435208
High;0.4371912561748765;-0.4772727272727273;-0.2601726577210948
Unknown;0.2395952080958381;-0.4701298701298701;-0.4804072301753994
Unknown;0.9576208475830484;-0.0585480093676815;-0.0112633166992944
High;3.999920001599968e-05;0.8146341463414634;1.830776727401548
Medium;0.0115997680046399;0.4423076923076923;0.8839390545778892
Unknown;0.120917581648367;-0.4673913043478261;-0.6593696617019719
Medium;0.0246395072098558;0.5185185185185185;0.7953196848713909
Unknown;0.874742505149897;-0.0909090909090909;0.0708449712593446
High;0.3649927001459971;-0.4166666666666667;-0.3568731718493725
High;0.0165996680066398;0.6419753086419753;1.0201930932391308
Unknown;3.999920001599968e-05;0.937908496732026;1.565396373726286
Medium;0.3928721425571488;-0.1561866125760649;-0.216554582728825
Medium;0.1594368112637747;0.5111111111111111;0.6493567638677936
High;0.9378612427751444;0.3018433179723502;0.057436573073784
High;3.999920001599968e-05;0.8092948717948718;2.032519155171528
Unknown;0.0222395552088958;0.34375;0.6097349306824206
Unknown;0.372472550548989;-0.2687651331719128;-0.3316799264387542
Unknown;0.3451130977380452;0.2708333333333333;0.4153281846531209
High;0.0027199456010879;0.667447306791569;1.123669951849008
Unknown;0.5829083418331633;-0.1142857142857142;-0.2108764880156025
Unknown;0.0007599848003039;0.5971896955503513;1.5227947407987252
Unknown;7.999840003199936e-05;0.7390572390572391;1.215634066950491
Unknown;0.8837423251534969;0.1631205673758865;-0.0388205204317037
High;7.999840003199936e-05;0.6875;1.5755918019178985
Unknown;0.2025959480810383;0.3137254901960784;0.5262673182804812
Medium;0.0033999320013599;0.6125;1.028867384720215
High;0.0035999280014399;0.5986460348162476;0.6387610845814824
High;0.0289994200115997;0.1094117647058823;0.6767880282950325
Unknown;0.7181856362872743;0.0181159420289855;-0.1271083608445937
High;3.999920001599968e-05;-0.6964804649660962;-1.4108418013676454
Unknown;0.3117937641247175;-0.2898989898989899;-0.3238173580889606
Unknown;0.8951420971580568;0.0918367346938775;0.0384987407360532
Medium;0.0005999880002399;0.7216748768472906;1.3374561959324125
High;0.0016399672006559;0.4703880190605854;0.8312614333280143
Medium;0.2531549369012619;-0.0029013539651837;0.3709166252234802
Unknown;0.8897022059558809;-0.1067106710671067;0.0597725557063402
Unknown;0.0930781384372312;-0.5292929292929293;-0.5879453259217153
Unknown;0.3079138417231655;0.2063492063492063;0.4140902568435024
Unknown;0.0002799944001119;0.7766666666666666;1.3777973322122932
High;0.0084798304033919;-0.6078651685393258;-0.8973137980109279
Unknown;0.4454310913781724;0.4;0.3133332951682703
Unknown;0.0626387472250555;0.3465909090909091;0.661275143527306
Medium;0.4388312233755325;0.072429906542056;0.2410268089981053
High;0.0713985720285594;0.2516181229773462;0.5132021415879437
High;0.0253994920101597;0.3510895883777239;0.7771467295210804
Unknown;0.0111597768044639;0.4761904761904761;0.8395380488568479
Unknown;0.5814683706325874;0.11328125;-0.1528539084333201
High;0.1455170896582068;-0.3506024096385542;-0.5149929852363921
Low;0.0952780944381112;0.3809523809523809;0.6587188078999847
Medium;0.1324373512529749;-0.1897727272727272;-0.5177385683637695
High;0.994340113197736;0.0933333333333333;0.016832156788634
Unknown;0.4033119337613248;0.2357142857142857;0.4096900491372082
Medium;0.2644747105057899;0.4677754677754678;0.3302873509101819
Low;0.5547889042219155;0.03003003003003;0.234936723106051
Unknown;0.241115177696446;-0.5297092288242731;-0.3452114529901091
Low;0.3123937521249575;0.1420454545454545;0.3392800412064033
Low;0.8017039659206816;0.3085106382978723;0.0498800723434376
Low;0.253234935301294;0.3389592123769339;0.4018373454378234
Low;0.2837143257134857;0.2111742424242424;0.3403546759314984
Low;0.1791964160716785;-0.3617511520737327;-0.5677722198960975
Unknown;0.125014245014245;-0.5434782608695652;-0.8527620331656904
Medium;0.0109197816043679;0.4256535947712418;0.6496335878292254
High;0.0353192936141277;0.3435406698564593;0.6329654887535673
Unknown;0.0816383672326553;-0.3482142857142857;-0.4784227678584928
Unknown;0.5921481570368593;0.2258064516129032;0.2782453966428614
Unknown;0.0001199976000479;0.7473363774733638;1.1313982148050057
High;0.0065198696026079;0.3739316239316239;0.6998057375716095
Medium;0.0477590448191036;0.2619363395225464;0.5588066021147975
Unknown;0.0326393472130557;0.6398601398601399;0.7709091439069916
Medium;0.2721145577088458;-0.1488095238095238;-0.3510557815110096
Unknown;0.0977180456390872;0.4097222222222222;0.716751537107318
Unknown;0.251034979300414;-0.4967320261437908;-0.5159188662213963
High;0.7260654786904261;-0.0680272108843537;0.1795244324859353
High;0.3886722265554689;0.1397058823529411;0.2237762699201482
Medium;0.2029959400811983;-0.066358024691358;-0.4609580427364503
High;0.0002799944001119;0.6064356435643564;0.807669958435601
Low;0.7280254394912101;-0.1805555555555555;-0.1363025434485728
Unknown;0.6913861722765545;-0.0456182472989195;-0.0960838808217829
High;0.0003999920001599;0.6855421686746987;1.3019461522895523
Unknown;0.2649958228905597;0.5882352941176471;0.5939328912139354
Unknown;0.3877522449551009;0.0921658986175115;0.3494474476709507
High;0.876542469150617;0.0634920634920634;0.0582492757859463
High;0.7161856762864742;-0.1827751196172248;0.1356338521611439
High;0.2628347433051339;-0.3076923076923077;-0.3640298399044506
Medium;0.0098798024039519;0.46;0.7947400866052964
Unknown;0.0061998760024799;0.4607142857142857;0.6885555169601634
High;3.999920001599968e-05;0.7373493975903614;1.29993045980945
High;0.0033199336013279;0.5671641791044776;0.7608583563348846
High;0.7831043379132417;0.0905797101449275;0.1455990996653237
Medium;0.6048679026419471;0.0571428571428571;0.1959123521334178
Medium;0.5855082898342033;0.2302325581395349;0.1742050686710461
High;0.1415971680566388;0.0387323943661971;0.5982104039787755
Medium;0.8217435651286974;-0.0612244897959183;0.2038620932534164
Low;0.2251954960900782;-0.168960244648318;-0.370896832925932
Unknown;0.238555228895422;0.4888888888888889;0.6352851914155013
Unknown;0.122957540849183;-0.4322678843226788;-0.5639110850056019
Unknown;0.0265594688106237;0.4794520547945205;0.796094485183734
Unknown;0.2069558608827823;-0.5517241379310345;-0.6882834057264856
High;0.0142797144057118;-0.2149532710280373;-0.8659108451317873
High;0.9517009659806804;0.1282051282051282;-0.0190302941282571
Unknown;0.0003999920001599;-0.5139109697933227;-0.8384032129257146
High;0.0331632653061224;-0.6453900709219859;-1.3802768231076952
High;0.3117137657246855;0.2495711835334476;0.3274905620300902
Unknown;0.0002799944001119;0.7420634920634921;0.9697953739717045
Unknown;0.0139997200055998;-0.5735294117647058;-1.0510078497836797
High;0.0993980120397592;0.7189542483660131;0.8830144871866632
Low;0.0002399952000959;0.7055335968379447;1.0016308831686094
Unknown;0.0095198096038079;0.6937984496124031;1.1421416298763634
Unknown;0.6110677786444271;0.175438596491228;0.2169406504567523
Medium;0.0822383552328953;0.3666666666666666;0.5408227047748861
Low;0.4128717425651487;0.063063063063063;0.3006805581556407
Medium;0.5513889722205556;0.093103448275862;0.2019624105058841
Unknown;0.744785104297914;-0.0944309927360774;0.1190409135439034
High;0.0006399872002559;0.4235611510791366;0.7099733572037729
Medium;0.0003999920001599;0.68;1.1410914067979052
High;0.0603987920241595;-0.3199023199023199;-0.5691328329906138
Unknown;0.0943181136377272;-0.2819753086419753;-0.4682543606061278
Medium;0.0003199936001279;0.6786516853932584;1.0218280337393109
High;3.999920001599968e-05;-0.7438186813186813;-1.5692175957720436
Unknown;0.0047999040019199;0.4358974358974359;1.3407628988159863
Medium;0.1628367432651347;-0.1068965517241379;-0.4710809426624872
Unknown;0.124597508049839;0.4069767441860465;0.7595067975384285
High;0.0375992480150397;0.1161616161616161;0.602886228042793
High;0.5976280474390512;-0.4;-0.2925790991919244
Control;0.0299594008119837;-0.9423076923076924;-1.293043758857216
High;0.0063598728025439;0.6155844155844156;1.038347961859985
Medium;0.124477510449791;0.2887112887112887;0.4753790822420631
Unknown;0.0775584488310233;-0.3398058252427184;-0.5386477079259279
Unknown;0.0017199656006879;0.6044776119402985;1.110720354952086
Unknown;0.0021199576008479;0.4241666666666667;1.1773080997396872
Medium;0.2026359472810543;0.1305555555555555;0.4314845791362378
Medium;0.0016799664006719;0.6268656716417911;1.0301210444497386
Unknown;0.0192396152076958;0.5047619047619047;0.8533722899835294
Unknown;0.4311113777724445;-0.1228070175438596;-0.2767184500280663
Unknown;0.1391972160556789;0.3185185185185185;0.6625701505126069
Unknown;0.0401191976160476;-0.4927536231884058;-0.7936626975039069
Unknown;0.3407931841363172;0.3506493506493506;0.3863153532028375
Medium;0.0222795544089118;-0.6698113207547169;-0.9020294019615608
High;0.4697506049879002;-0.2388571428571428;-0.2011920426314058
High;0.6627467450650987;-0.0602409638554216;-0.1396440796716516
Low;0.0011199776004479;0.5498442367601246;1.1151549573160682
Unknown;0.6430671386572269;0.0533910533910533;0.1713394456151991
Medium;0.2942741145177096;0.0660313138189244;0.3014866543042737
Unknown;3.999920001599968e-05;0.7044270833333334;1.1289004180707989
Medium;0.0103197936041279;0.5652777777777778;0.9273637369331686
Medium;0.0191596168076638;0.3587962962962963;0.6780434702584263
High;0.0001599968000639;0.657051282051282;0.980702880339283
Unknown;0.0034399312013759;0.6956521739130435;0.971076223529806
High;3.999920001599968e-05;0.825925925925926;1.2284469631583212
Unknown;0.0034799304013919;0.53514526710403;0.8585940853907943
High;0.0003599928001439;-0.8364197530864198;-1.6765583117419236
Low;0.0910381792364152;0.1480582524271844;0.50583788156424
Low;0.0034799304013919;0.5063545150501673;0.8444576315292202
Unknown;0.0621987560248795;0.3396825396825397;0.6041914742355583
Medium;0.0961180776384472;0.1746031746031746;0.6044531222403181
Medium;0.0013199736005279;0.5186084142394822;0.7659264261394715
Medium;0.0158396832063358;0.3965909090909091;0.9112984572907876
Medium;0.1942761144777104;-0.1996268656716417;-0.5088177197207849
Medium;0.2702345953080938;-0.2059259259259259;-0.298584771442147
Unknown;0.0565188696226075;0.8010204081632653;0.7371516658696654
Unknown;0.0007999840003199;0.5255474452554745;0.8848126092236908
Medium;0.870662586748265;-0.112781954887218;-0.0629849144681622
High;0.3063138737225255;0.1571428571428571;0.3805002950374898
Unknown;0.377752444951101;-0.3006535947712418;-0.3581660144151087
Medium;0.6541469170616587;-0.0583732057416267;-0.1463877951995128
High;0.0004799904001919;0.6634146341463415;0.8260769977543717
Unknown;0.2034759304813903;-0.2670731707317073;-0.4247321485947692
High;0.0131597368052638;0.4114832535885167;0.6625579086453581
Unknown;0.0002799944001119;0.7783251231527094;1.2683478968942483
Unknown;0.5225895482090358;0.0459231490159325;0.2126733567392527
Unknown;0.3244735105297894;0.2179487179487179;0.2876006133194438
High;0.1609967800643987;0.2014814814814814;0.4412717507480554
High;0.0135997280054398;0.5787878787878787;0.7869467840185305
Low;0.7664246715065699;0.1292798110979929;0.0796996479209375
Medium;0.0026399472010559;-0.4671841919548342;-0.8986023041753103
High;0.4309513809723805;0.1469893742621015;0.2263951229987202
Unknown;0.1758364832703346;0.3150684931506849;0.4859341977430685
Unknown;0.0932781344373112;-0.3988095238095238;-0.6420403899242328
Unknown;0.0003999920001599;0.4503311258278146;0.899605118766258
High;3.999920001599968e-05;0.946078431372549;2.133123699314873
Control;0.9295414091718166;-0.190359477124183;-0.0434725612511867
High;0.4196316073678526;-0.4377880184331797;-0.3090843856119386
Unknown;0.0920381592368152;0.219047619047619;0.5854138414310586
Medium;0.0281594368112637;0.4742647058823529;0.6926468815078737
Unknown;0.0469190616187676;-0.4423076923076923;-0.5479982307234984
Medium;0.8195836083278334;0.1820987654320987;0.1179351858476615
Medium;0.0026399472010559;0.3876623376623376;0.8325574672943519
Unknown;0.7235855282894342;0.1623931623931624;0.1122246365474118
Unknown;0.2595948081038379;-0.1987179487179487;-0.4861602189978849
Unknown;0.0075198496030079;0.6509433962264151;1.0311812732701249
Unknown;0.0369192616147677;0.4609375;0.6771907147071805
Unknown;0.0234795304093918;0.3694117647058823;0.7066227075067031
Unknown;0.5089498210035799;-0.1693121693121693;-0.2308214456337869
Unknown;0.9487010259794804;0.0576923076923076;-0.0178456864700928
Unknown;0.0003999920001599;0.7032163742690059;1.1251123778780523
High;0.8490630187396252;0.2055555555555555;0.0980870020567051
Medium;0.3425531489370212;-0.2588652482269503;-0.4119285437355874
High;7.999840003199936e-05;-0.7957957957957958;-1.6795339324504166
High;3.999920001599968e-05;0.8023994354269584;1.0862249788843508
Low;0.0084398312033759;0.576171875;1.020812477844036
Medium;0.3570728585428291;-0.0548780487804878;-0.3073388119578109
Unknown;3.999920001599968e-05;0.7847058823529411;1.7286828939823828
Unknown;0.0139597208055838;0.6089743589743589;0.8100504023496992
High;0.0101197976040479;0.4549071618037135;0.6250638229205534
High;7.999840003199936e-05;0.7146341463414634;1.0665871930724116
Unknown;0.3875122497550049;0.0148448043184885;0.2572703330821628
Unknown;0.1597968040639187;0.6895424836601307;0.5400385443823291
Low;0.6886662266754665;0.2848101265822785;0.1981015369559343
Unknown;0.0578388432231355;0.3431085043988269;0.5904877603797435
High;0.0777584448311033;0.5357142857142857;0.9362233735655322
High;0.0565988680226395;0.2596063730084348;0.602859725448323
High;0.2153556928861422;-0.1385083713850837;0.4667152991691247
Low;0.3421931561368773;0.2322222222222222;0.3203977987481864
Unknown;0.0056398872022559;0.76;0.8923928904579317
High;0.7679846403071938;0.1333333333333333;-0.0573966400033384
High;0.6373872522549549;0.136302294197031;0.1378021420942433
Unknown;0.0008799824003519;0.7195121951219512;0.9489181028838192
Medium;0.0100397992040159;0.3518518518518518;0.7188902346561348
Low;0.3405531889362213;0.0292682926829268;0.3249806808070871
Low;0.0535989280214395;0.196078431372549;0.78039497036516
High;0.1789164216715665;0.0880952380952381;0.5107213011992775
High;0.0002399952000959;0.50997150997151;0.9321996152384714
Unknown;0.2565948681026379;-0.2314814814814814;-0.4585402518032732
Unknown;0.0017599648007039;0.7411347517730497;1.0280256938201602
Medium;0.4893102137957241;0.0074224021592442;0.2125091513016068
High;0.0042799144017119;0.5851449275362319;0.8783330159941165
Unknown;0.757944841103178;0.08003300330033;0.0973114450997785
High;0.4725905481890362;-0.3120567375886525;-0.2728771226454136
High;0.114357712845743;0.3333333333333333;0.5549877893525644
Unknown;0.0353192936141277;0.5041666666666667;0.761360003214041
Low;0.0510389792204155;0.4135338345864661;0.7658220013100233
High;0.0023999520009599;-0.7269230769230769;-1.2870867831798245
High;0.0013199736005279;0.5864197530864198;0.8902553140512978
High;0.0098798024039519;0.4963855421686747;0.7949742276461419
Unknown;0.5722285554288914;-0.0966810966810966;-0.1954048145556671
Medium;0.9161416771664568;0.032139577594123;-0.0233770101773221
Unknown;0.8817023659526809;-0.116867469879518;-0.0421682795030848
High;0.0001199976000479;-0.7082917082917083;-1.5973953059933437
Unknown;0.8397432051358973;-0.0946745562130177;-0.0482246526401799
High;0.0564388712225755;0.4311594202898551;0.5119616834091462
Medium;0.2771144577108458;0.0163934426229508;0.4406903454600143
Low;3.999920001599968e-05;0.6757246376811594;1.072862398064851
High;0.9509009819803604;0.0614754098360655;0.021814054795434
Unknown;0.0185196296074078;-0.3364705882352941;-0.8345101243874417
High;0.2582348353032939;0.3259259259259259;0.3981515247861625
High;0.0086398272034559;-0.4708994708994709;-1.2042306667842149
Medium;0.6766264674706506;0.3141025641025641;0.2065002246542782
High;0.1472370552588948;-0.3975903614457831;-0.4979794669355669
High;0.3899522009559809;-0.2325;-0.2591678589418082
Unknown;0.2767144657106858;0.4444444444444444;0.3725438877122529
Medium;0.0244795104097918;0.3237762237762238;0.5744625487359251
High;0.0003999920001599;0.5739795918367347;0.9550723911520724
High;0.0004399912001759;-0.7605633802816901;-1.4274664285927243
Unknown;0.3815123697526049;0.2756410256410256;0.380790447272649
Unknown;0.0698386032279354;-0.5555555555555556;-0.8090001648544267
High;0.0096398072038559;0.6291291291291291;0.7839867065815241
High;0.9479810403791924;0.1094736842105263;0.0279196470515994
Unknown;0.6006679866402672;0.1287313432835821;0.2037292748155972
Unknown;0.0049199016019679;0.5735294117647058;1.0394268277044605
High;0.6904261914761705;0.125;0.1581238327837359
Low;0.247235055298894;0.3395061728395062;0.5108210549665708
Low;0.114357712845743;0.3728395061728395;0.5056449931547711
High;0.751104977900442;0.0458839406207827;0.0958376188656835
Unknown;0.0152796944061118;0.4805555555555555;0.8089303123707168
Unknown;0.0825183496330073;0.449074074074074;0.6698254543925262
Low;0.1007179856402872;0.2846534653465346;0.4785880288079949
Unknown;0.3974320513589728;-0.2132132132132132;-0.2575722304578735
High;0.1772364552708945;0.2462686567164179;0.498926201710015
Unknown;0.0927581448371032;0.25;0.5192681176458603
High;0.0266394672106557;-0.7962962962962963;-1.1891590933299898
High;0.0136397272054558;0.7055555555555556;1.028706233593476
High;3.999920001599968e-05;0.7954545454545454;1.3125741150737291
Medium;0.0030399392012159;0.5436179981634527;0.9635199690813604
High;0.0719585608287834;0.3225806451612903;0.5781008256868813
High;0.9031819363612728;-0.0942480942480942;-0.0188649142062611
Medium;0.7808243835123297;-0.0421686746987951;0.0288037654084406
Medium;0.0328393432131357;0.3465003465003465;0.6388475699980185
Unknown;0.745145097098058;-0.1121794871794871;-0.1022340335017205
High;0.7359452810943781;0.1555555555555555;0.1725398376429046
Unknown;0.2537149257014859;-0.281524926686217;-0.3148838722945666
Low;0.0397192056158876;0.3175572519083969;0.5059267079608735
Low;0.2950740985180296;0.4011437908496732;0.3162402762154063
Medium;0.0044399112017759;0.5880952380952381;0.9646822877431982
Unknown;0.0009199816003679;0.7859531772575251;1.0812873987573142
Unknown;0.0013199736005279;0.4636591478696741;0.8581765104022223
High;0.0031999360012799;0.5816186556927297;1.1096044896508377
Unknown;0.3097538049239015;0.1376470588235294;0.3389709960606619
Unknown;0.2965140697186056;0.3777777777777777;0.5215843048059245
High;0.0359192816143677;0.3259259259259259;0.5976664068906951
Unknown;0.0742385152296954;-0.267052767052767;-0.4878939681903904
High;0.7340253194936102;0.2133333333333333;0.2005354894159652
High;0.0001999960000799;0.6016483516483516;0.8238641637900447
Unknown;0.0005199896002079;0.6496212121212122;1.1297876790405892
High;7.999840003199936e-05;0.7154150197628458;1.3374693865844212
Unknown;0.0769184616307673;0.2947368421052631;0.5764136490429702
High;0.0517589648207035;-0.3506493506493506;-0.7631759235017075
Medium;3.999920001599968e-05;0.7566666666666667;1.1383042228470484
Unknown;0.1075978480430391;0.3698979591836734;0.586345514268271
Unknown;0.4244315113697726;0.3143939393939394;0.2706058275058386
Medium;0.0011599768004639;0.6269230769230769;0.9466955048930727
Medium;0.0373592528149437;0.423728813559322;0.767286496443592
High;0.2659146817063659;0.0994152046783625;0.3877408353090388
Medium;0.0847983040339193;0.3888888888888889;0.7306232570916672
Medium;0.3850722985540289;-0.0906432748538011;-0.3137770856840587
Unknown;0.0118397632047359;0.7830882352941176;0.9902576932182712
Unknown;3.999920001599968e-05;0.9483333333333334;2.6840794345944774
Medium;0.626787464250715;0.2085048010973937;0.056365959800346
High;0.5860682786344273;0.2421602787456446;0.1561412276101499
High;0.0001199976000479;0.8315972222222222;1.2105252864601437
Low;0.1386370644465001;-0.5454545454545454;-1.0034507555908725
Unknown;0.0969580608387832;0.3242753623188406;0.6006004902093034
High;0.0433991320173596;0.1363095238095238;0.5194642257247178
Unknown;0.0802783944321113;0.3828616352201258;0.6404330867852028
High;0.0073598528029439;0.6592009685230025;0.7653983712868766
High;0.0152396952060958;0.4375441072688779;0.544980464583677
Low;0.6388272234555309;-0.3260869565217391;-0.1784980017544332
Low;0.5383892322153557;-0.1366666666666666;-0.2599981539388535
Unknown;0.4382712345753085;0.224609375;0.3012290645087976
High;0.0001199976000479;0.783410138248848;1.253730204023101
High;0.0007199856002879;-0.7101449275362319;-1.27226012397292
Unknown;0.0423191536169276;-0.4276729559748428;-0.8053153879562663
Low;0.0529589408211835;-0.4117647058823529;-0.7341566786674841
High;0.0806783864322713;-0.0721500721500721;-0.5907240358255857
Unknown;0.0493590128197436;0.4166666666666667;0.7231131473156721
Unknown;0.0495990080198396;0.6047008547008547;0.5763142897532412
Medium;0.3169936601267974;-0.1136363636363636;-0.3063586285807692
Unknown;0.7096658066838664;0.1;0.1215240316641269
High;0.0089598208035839;-0.3974358974358974;-0.8963688545459219
Unknown;0.1387972240555189;-0.0629084967320261;0.5134764620366749
Medium;0.0270394592108157;0.1855297157622739;0.55050440426508
Unknown;0.2009559808803823;0.2257742257742257;0.4085452197315007
High;3.999920001599968e-05;-0.7495361781076066;-1.5007216351134378
High;0.3286734265314693;-0.4946727549467275;-0.3506071631083675
Low;0.9272214555708884;-0.0347985347985348;0.0319509283648935
Unknown;0.0209995800083998;0.4185606060606061;1.037688852059642
Control;0.6974260514789704;0.1224489795918367;0.1920118585650441
Medium;0.0471190576188476;0.675;0.830773997461404
Unknown;0.6035879282414351;0.0459259259259259;0.1803370783599836
High;0.243915121697566;0.2735042735042735;0.5246138457540132
High;0.0255994880102397;-0.5651408450704225;-0.9165198181057208
High;0.6684266314673707;-0.0465116279069767;0.1586730435011561
High;0.4094318113637727;0.0233644859813084;0.2583587461508524
High;0.3673526529469411;0.3596837944664031;0.2918825605418328
Low;0.2274754504909902;0.2912912912912913;0.418771978300623
High;0.0126797464050718;0.4177718832891247;0.6612292015743982
Low;0.996220075598488;0.1430232558139534;0.0061709309954928
High;0.8575028499430012;0.0929519918283963;0.0621129084510467
High;0.6108277834443311;0.0380258899676375;0.1729669900982364
Low;0.0041999160016799;0.5408496732026143;0.8359030873394238
Unknown;0.0452390952180956;-0.4701298701298701;-0.8389883178486004
Medium;3.999920001599968e-05;0.8095238095238095;1.498823249209617
Unknown;0.3379932401351972;-0.3333333333333333;-0.414008949824385
Unknown;0.0958380832383352;0.4411764705882353;0.8529537180455746
Low;0.0543189136217275;0.5580246913580247;0.6930880979011197
Medium;0.0047599048019039;0.625615763546798;0.975953923820962
Unknown;0.7725845483090338;0.0316666666666666;0.0929252557404467
High;0.6002679946401072;0.0376492194674012;-0.1612557772234938
Unknown;0.2137957240855182;0.1782553729456384;0.3510770885699528
Medium;0.0478390432191356;0.3577075098814229;0.5907582528762088
Medium;0.0522389552208955;-0.1515151515151515;-0.6464506003659838
Unknown;0.0259994800103997;0.5074925074925075;0.6848392385680404
Unknown;0.0257194856102877;0.405982905982906;0.6133278161412039
High;0.0021199576008479;0.6683673469387755;1.0680028344216397
Unknown;0.0087598248035039;0.5651408450704225;0.8321590228599605
High;0.2361552768944621;0.2095639943741209;0.4088756342383282
Medium;7.999840003199936e-05;0.6941287878787878;1.2807518761349526
High;0.0382792344153117;0.3856143856143856;0.5074406697229447
Unknown;0.0101197976040479;0.6888888888888889;1.0752906371760842
Low;0.0652786944261114;-0.5319148936170213;-0.876611415126097
Medium;0.8007039859202816;-0.0848837209302325;-0.0735555853281372
High;0.0058798824023519;0.6439393939393939;0.8317025384771825
High;0.0064398712025759;0.5071225071225072;0.7737900832602427
High;3.999920001599968e-05;0.7127906976744186;1.049179009030769
Unknown;0.628947421051579;0.2171893147502903;0.1267904435337494
Unknown;0.0167196656066878;-0.2955974842767295;-1.2201005716332347
High;0.0568388632227355;0.2708333333333333;0.5779192710866742
Medium;0.0629987400251994;0.2650602409638554;0.5489150373442948
Low;0.0053998920021599;-0.5480480480480481;-1.0480525312508526
Unknown;0.3223935521289574;0.2063492063492063;0.4359196222274611
High;3.999920001599968e-05;-0.7932098765432098;-1.0562205589114702
Unknown;0.5401091978160437;0.2287798408488063;0.1628494359209591
Medium;0.9376212475750484;0.0927835051546391;-0.0044884804503476
Unknown;0.1681566368672626;0.4827586206896552;0.6059109891225309
High;0.1496370072598548;0.46875;0.5516917622989387
High;0.0001599968000639;-0.5264367816091954;-1.5331188105741422
Unknown;0.1889162216755665;0.3192307692307692;0.4846962443168763
Medium;0.0044799104017919;0.4499659632402995;0.7629216239312197
Low;0.7253054938901222;-0.0381211708645337;0.1150819350328086
Low;0.8230235395292094;0.0069444444444444;-0.1352583163302352
High;0.0016799664006719;0.6152073732718893;1.0884853253676745
High;0.0325193496130077;0.4382566585956416;0.8352045585300027
Medium;0.0408391832163356;-0.3558368495077356;-0.7669978130480702
Medium;0.0241995160096798;0.3553421368547419;0.6118806718731049
Low;3.999920001599968e-05;-0.5020979020979021;-0.9879631754802448
Medium;0.8647427051458971;-0.0546875;-0.0376711999941472
High;0.2557948841023179;0.2654320987654321;0.3981166296891333
Low;0.0736785264294714;0.4926470588235294;0.6577860908646431
High;0.0165596688066238;0.4923469387755102;0.9055927849675436
High;0.2790344193116137;-0.345679012345679;-0.4951941402152043
Unknown;0.0907981840363192;-0.1141304347826086;-0.6969518114640669
High;0.248635027299454;0.1744719926538108;0.3530792234958005
Medium;0.0025199496010079;0.6413043478260869;0.930481231042913
High;0.1937161256774864;-0.0027777777777777;0.3318908443352445
Medium;0.0056398872022559;0.3684210526315789;0.7074619844265786
Medium;0.9125817483650328;0.0560747663551401;0.0350976312570301
High;0.0009199816003679;0.7145522388059702;0.844240484621393
Medium;0.1525169496610068;-0.0970149253731343;-0.4876432961793137
Medium;0.0057198856022879;0.4409090909090909;0.8355101436547188
Unknown;0.3908321833563328;-0.0666666666666666;-0.3649023199830769
High;0.0002399952000959;-0.8433179723502304;-1.9419038711613583
High;0.0156396872062558;-0.5833333333333334;-1.029762234604456
High;0.0963580728385432;-0.273076923076923;-0.6564418203621003
High;0.0510389792204155;0.3054136874361593;0.5688322210052246
Medium;3.999920001599968e-05;0.9585585585585584;2.2386771545003485
Low;0.0001999960000799;0.7123397435897436;1.226628637653168
Medium;0.0093598128037439;0.4975562072336266;0.8183761012631041
Unknown;0.244715105697886;0.2927400468384075;0.4646690493101783
Unknown;0.3912321753564928;0.215311004784689;0.2660958865564052
Unknown;0.2273954520909581;0.2137330754352031;0.3822252893039701
High;0.0009999800003999;0.50625;0.715523120030077
Unknown;0.498790024199516;-0.1169354838709677;-0.2529511644851096
Medium;0.8871022579548409;-0.2314814814814814;-0.0879866206594769
High;7.999840003199936e-05;-0.5808720112517581;-2.116722258046868
High;0.0005999880002399;0.64;1.0184105118901572
Unknown;0.5455890882182356;-0.094017094017094;-0.2101247797890964
High;0.0912781744365112;0.3369047619047619;0.5732328289650019
Medium;0.1363972720545589;0.1666666666666666;0.441449066753236
Unknown;0.1029579408411831;-0.61328125;-0.6613015255825178
Low;0.0004799904001919;0.6748971193415638;0.998619392749012
Unknown;0.3183136337273254;-0.2229465449804432;-0.282380102768807
Unknown;0.0510789784204315;0.3036585365853658;0.5214733763991722
High;0.983340333193336;0.0123595505617977;0.0257934026535232
Medium;0.0004399912001759;0.5491071428571429;0.8934510842579058
Medium;0.0053198936021279;0.3968646864686468;0.7474425996939268
Unknown;0.864382712345753;0.0355555555555555;0.0630391040669341
Low;0.5967080658386832;-0.0303030303030303;-0.1602652129261582
Medium;0.8959420811583768;-0.1520467836257309;-0.0364458860140841
Low;3.999920001599968e-05;0.8645833333333334;1.005798587644808
Medium;0.5224695506089878;-0.2083333333333333;-0.1921797259417731
High;0.6088278234435311;0.2107728337236534;0.1588575887794586
Unknown;0.0165996680066398;0.7395833333333334;1.1185314270627238
Low;0.3625927481450371;0.1630952380952381;0.3087733886175558
High;0.991860162796744;-0.0954692556634304;0.0112656995348941
Medium;0.0001599968000639;-0.7275935074100212;-1.470896039743142
High;0.0105197896042079;0.4137291280148423;0.6848465371443013
Unknown;0.2039159216815663;0.2135922330097087;0.3853276725480369
Medium;0.0014399712005759;-0.5868945868945868;-1.256014359911797
High;0.0532789344213115;-0.6711111111111111;-0.6963130069176666
Medium;0.0529189416211675;0.4592592592592592;0.8773235802946886
Unknown;0.0156396872062558;-0.6709183673469388;-0.957862016045832
High;0.0299194016119677;0.5633802816901409;0.6970808007045367
High;0.3301133977320453;0.3617021276595745;0.4103435463985805
Unknown;0.0063598728025439;0.4207920792079208;0.7206225455427228
High;0.1699166016679666;0.2579365079365079;0.4890990090762492
Unknown;0.0615587688246235;0.5205223880597015;0.6906062199793999
Unknown;0.2853142937141257;0.7155555555555555;0.3921453096220104
Medium;0.5324693506129877;0.0225856697819314;0.1345374961441695
Medium;0.0291194176116477;0.3777777777777777;0.6034301958861483
Unknown;0.0218795624087518;-0.4598765432098765;-0.8263815277801569
Unknown;0.0004799904001919;-0.6461412151067324;-1.1279235509291
Unknown;0.1718365632687346;0.0614035087719298;0.5169762650334477
High;0.0433591328173436;0.3849129593810445;0.5986949378067373
Unknown;0.8810223795524089;0.0522388059701492;0.0765454625629087
High;3.999920001599968e-05;0.6962962962962963;0.9263262292746628
High;0.0135197296054078;-0.4385113268608414;-0.7976621084166079
Medium;3.999920001599968e-05;-0.9781420765027322;-4.239633702760117
Low;0.1295974080518389;0.2356902356902357;0.467130146041775
Low;0.0031199376012479;0.5088141025641025;0.8155501294025534
High;0.0535989280214395;0.3644986449864498;0.5883238885355839
Unknown;0.4172716545669087;-0.1497975708502024;-0.2344818029205649
High;0.0014799704005919;0.7248677248677249;1.341289210167735
Unknown;0.3147137057258855;-0.3385964912280702;-0.3105148696265377
Unknown;0.3783524329513409;0.2;0.4164306939791825
Unknown;0.8541029179416412;-0.0428571428571428;-0.0564912838698857
Medium;0.243315133697326;0.3239795918367347;0.4787680053157827
Medium;0.0015599688006239;0.6774193548387096;1.0852621567208218
Unknown;0.0931181376372472;-0.2008547008547008;-0.6090444183827541
Unknown;0.0047599048019039;0.6537530266343826;0.8979252581323607
Unknown;0.242395152096958;0.387409200968523;0.4577959222712881
Low;0.751704965900682;-0.0714285714285714;-0.0814162985671794
High;0.0003599928001439;0.6764705882352942;1.0513484853581945
Unknown;0.0122797544049119;0.6015037593984962;1.043601706777889
Medium;0.0044399112017759;-0.5594184576485461;-0.8657205754485362
Unknown;0.9743005139897202;-0.0683333333333333;0.0175650116221133
Unknown;0.1731965360692786;0.3775510204081632;0.5517030332102236
Medium;0.9662606747865042;0.0206611570247933;-0.012618133116091
Unknown;0.2760744785104297;-0.2263374485596707;-0.3777582352407916
Unknown;0.4076718465630687;-0.1641791044776119;-0.308395591603079
Unknown;0.0058798824023519;0.624113475177305;0.9373720716611136
Unknown;3.999920001599968e-05;0.8978978978978979;1.976590636907919
Unknown;0.877342453150937;0.1565922920892495;0.0260511300535469
High;0.118717625647487;0.375;0.5992169229321335
High;0.1542369152616947;-0.0023148148148148;0.4298923550779956
Low;0.0046799064018719;0.6056338028169014;1.0228017665945
High;0.2879542409151817;0.1379731379731379;0.2947842641754492
High;3.999920001599968e-05;0.8888888888888888;1.8056768247746853
Unknown;0.0003599928001439;0.7537878787878788;1.3776212622331956
High;0.0008799824003519;-0.7;-1.273702540165017
High;3.999920001599968e-05;0.845703125;1.5239433384120018
High;0.0001199976000479;0.8349753694581281;1.8876638992361583
Unknown;0.0328393432131357;-0.6339285714285714;-0.7587640326082126
Unknown;0.0601187976240475;0.4882075471698113;0.6190577435194207
Unknown;0.0005599888002239;0.7058823529411765;1.148292045806108
Low;0.0021999560008799;-0.621301775147929;-1.1946409897931909
Unknown;0.5105497890042199;-0.1470588235294117;-0.1718477121381442
High;0.0178396432071358;-0.2411873840445269;-0.8799760019028294
Unknown;0.5474290514189716;-0.169047619047619;-0.2389100540645448
High;0.1950360992780144;0.3095238095238095;0.4953155597307042
High;0.0001599968000639;-0.6088709677419355;-1.1035621702976062
Medium;0.0029999400011999;0.3962962962962963;0.6629741870194684
Unknown;0.1789164216715665;0.2504638218923933;0.4191884643815594
Medium;0.5594688106237875;-0.2609633357296909;-0.168313086734465
Unknown;0.0085998280034399;0.5365853658536586;0.894008500290315
High;3.999920001599968e-05;0.8024691358024691;1.3406961955024126
High;0.4828303433931321;-0.064625850340136;-0.1984220380011065
Unknown;0.2687946241075178;-0.4266666666666667;-0.5290195301487423
Medium;0.0002399952000959;0.6505747126436782;1.0954839835380037
High;0.0049999000019999;0.7012345679012346;1.0092566897526316
Unknown;0.0790384192316153;0.4474474474474474;0.6232876886456508
High;3.999920001599968e-05;0.7568101065929728;1.225785381119331
Unknown;0.6716265674686507;-0.2666666666666666;-0.1147488586902317
Medium;0.1843163136737265;-0.1471604938271604;-0.3625683409127259
Unknown;0.8528629427411452;-0.0326797385620915;0.0764966121591312
Medium;0.0033199336013279;-0.6651053864168618;-1.3155711201658078
Control;0.3581128377432451;-0.1348973607038123;-0.298593876826728
Unknown;0.2648347033059339;0.2340425531914893;0.4801232144587378
High;0.6107477850442992;0.1068754254594962;0.1477500418446553
High;0.0109597808043839;0.3705533596837945;0.7299770739869026
High;0.8891022179556409;-0.0719512195121951;-0.0435168823974082
Unknown;0.0170396592068158;0.4004854368932038;0.7605951459187092
High;0.0002399952000959;0.6481481481481481;0.9233237348337804
Unknown;3.999920001599968e-05;0.6999022482893451;0.8525951389207541
High;0.4499910001799964;0.0242424242424242;0.2516805681895468
Unknown;0.2820743585128297;0.28515625;0.4036782633824561
Unknown;0.3911121777564448;0.2127659574468085;0.3569675926109194
Unknown;0.6319473610527789;-0.2336448598130841;-0.1323232794528078
Low;0.0009199816003679;0.5694444444444444;0.8849375974734786
High;0.0099998000039999;0.4385542168674698;0.8122934139744666
Control;0.0213995720085598;0.5222222222222223;0.881113638144183
Unknown;0.0325993480130397;0.2704248366013072;0.5959151125404156
High;0.0268394632107357;-0.7;-1.1203695137145144
High;0.7001059978800424;-0.0566448801742919;-0.1405660672484745
Low;0.1114377712445751;0.3409090909090909;0.6727662187355699
Medium;0.8663826723465531;-0.1450617283950617;-0.0054920957484682
Low;0.0900381992360152;-0.2719087635054021;-0.491842143848225
High;0.4129117417651647;0.3919753086419753;0.368714074054989
Unknown;0.1072778544429111;0.3730769230769231;0.6160041576101305
High;0.1623967520649587;-0.2373737373737373;-0.6108908170854468
Unknown;0.5455490890182196;0.1195499296765119;0.2187867252376927
High;0.4717505649887002;0.0259259259259259;0.1993338424761567
Unknown;0.4687906241875162;0.3459119496855345;0.3017672160159538
Low;0.6176676466470671;0.0680272108843537;0.2176436940034954
High;0.0042799144017119;0.4150641025641026;0.6939929383059565
High;3.999920001599968e-05;-0.8304093567251462;-2.5029451014987245
Unknown;0.0016799664006719;0.7333333333333333;1.1311117304988878
High;0.0480790384192316;0.3634259259259259;0.5668200641299723
Medium;0.0011599768004639;0.5891566265060241;0.8298211755349928
High;0.1385172296554069;0.4128787878787879;0.5328980883016802
Unknown;0.1031979360412791;0.2853146853146853;0.47847935675564
Medium;0.0003599928001439;-0.297773654916512;-1.402122546418727
High;0.0037199256014879;0.5098039215686274;0.7621486394965534
Unknown;0.1386372272554548;0.175;0.5830268118982455
Unknown;0.0445591088178236;0.5246913580246914;0.7911406281840465
High;0.4339113217735645;0.087087087087087;-0.2650731889198015
High;0.5865482690346193;-0.2403846153846154;-0.0435530245224693
Unknown;0.0002799944001119;0.7438423645320197;1.8761166661132824
High;0.4290714185716285;0.1225323349217154;0.2348455777610803
High;0.24547509049819;0.0237154150197628;0.354988003880544
High;0.0005599888002239;0.8047619047619048;1.6862721358506416
Low;3.999920001599968e-05;0.8240963855421687;0.6855481769453268
High;0.0039199216015679;0.6071428571428571;0.8778164591579054
Unknown;0.0028399432011359;0.6394557823129252;1.4192465201674602
High;0.6134277314453711;0.0982552800734618;0.165593974551512
High;0.0720385592288154;-0.2097222222222222;-0.6834826933568834
Unknown;0.5045899082018359;-0.3995157384987893;-0.2654434680811706
Unknown;0.251754964900702;0.328042328042328;0.4648987178992922
Medium;7.999840003199936e-05;0.698005698005698;0.9743998909599758
High;0.4761904761904761;0.0950892857142857;0.1898795205767224
Low;0.4838303233935321;0.1777476255088195;0.2293534702139701
Unknown;0.0165596688066238;0.5974025974025974;0.7123003204686615
Unknown;0.3939921201575968;0.1959595959595959;0.229264955225477
High;0.0170396592068158;0.3661691542288557;0.6085986314503921
Medium;0.6765464690706186;0.1888619854721549;-0.1920872892797777
High;0.5479090418191637;-0.0815071126489811;-0.1576331600396134
Medium;0.0566388672226555;-0.1559523809523809;-0.6930804536089276
High;0.0549189016219675;0.4944115713346482;0.5128056525064665
Unknown;0.1387972240555189;0.3541666666666667;0.6224490513997847
Unknown;0.9387412251754964;0.0315315315315315;-0.0120179489861509
High;0.99810003799924;-0.0708010335917312;0.016865316302565
Unknown;0.1559168816623667;-0.2961538461538461;-0.5147927363047093
Unknown;0.0047999040019199;0.5739348370927319;1.0170090892295751
Unknown;0.0545189096218075;0.3212121212121212;0.621018791637294
High;0.121917561648767;0.2925457102672292;0.5073527839304149
High;0.3456730865382692;0.2019704433497537;0.3785222130414125
Unknown;0.4915901681966361;0.0987292277614858;0.2245753852465799
Unknown;0.6095478090438191;-0.0827464788732394;-0.2078086693224688
Unknown;0.9258214835703286;-0.0492264416315049;-0.0586751514944201
Medium;0.0704385912281754;0.5447941888619855;0.7010582136423106
High;0.0031199376012479;0.4849498327759197;0.7318317484081234
High;0.2693146137077258;-0.35;-0.3984926069444732
High;0.0002799944001119;0.7477477477477478;1.153086082413281
Unknown;0.0042799144017119;0.7023319615912208;1.0392426943754294
Unknown;3.999920001599968e-05;0.9245647969052224;1.6018973210541363
High;0.0677586448271034;-0.5846153846153846;-1.002274937673574
Low;0.0157596848063038;0.4783950617283951;0.8357525509930918
High;0.508869822603548;0.0073529411764705;0.2453606362567166
High;0.0001599968000639;0.5982142857142857;0.8647620577624605
High;0.0067598648027039;0.3389830508474576;1.141732889828487
Low;0.0012799744005119;0.4618736383442265;0.6368048435224152
High;0.0634787304253915;0.3981481481481481;0.6474689400136768
Medium;0.7864242715145697;-0.2222222222222222;-0.0911677368333868
Medium;0.5639887202255955;-0.0678104575163398;-0.1791560524539487
High;0.6000279994400112;0.1258823529411764;-0.1630530832118702
High;3.999920001599968e-05;0.8612412177985949;1.3112051950466377
Unknown;0.6919461610767784;0.1163194444444444;0.1506357533541076
Medium;0.0026399472010559;0.6587301587301587;1.0686029630396852
Unknown;0.8127837443251135;0.0694444444444444;0.1293737836964357
Medium;0.0022799544009119;-0.5028203062046737;-0.8120883035038383
Medium;0.0072798544029119;0.4941520467836257;0.8600508505964002
High;0.0003199936001279;0.6037087912087912;0.7939312420797142
High;0.2373952520949581;0.203450754852624;0.3458019870608653
Medium;0.0110797784044319;0.4898989898989899;0.7798692698417367
High;0.7284654306913861;-0.1297619047619047;-0.1489255337216847
Medium;0.9263014739705204;0.141812865497076;0.057983019276499
Unknown;0.0011599768004639;0.7236533957845434;1.2634188917458808
Unknown;0.8006639867202656;0.141025641025641;0.1230384718391002
Medium;0.1539569208615827;0.3553864168618267;0.3914373299999532
Medium;0.2259154816903661;0.2939814814814814;0.3851264013099906
High;0.9015819683606328;0.1966666666666666;0.077683298984333
High;0.0183196336073278;0.3913875598086124;0.6803579883933982
High;0.2917541649167016;0.136147038801906;0.3070685971175636
Unknown;0.4153916921661567;-0.2916666666666667;-0.3614801194325194
High;0.0093998120037599;-0.4894398530762167;-0.5739331187323213
High;0.0234795304093918;0.5038961038961038;0.9468937525686476
High;0.75882482350353;-0.1544011544011544;-0.1045772292909564
Unknown;0.5835483290334194;0.1009852216748768;0.2090092095029713
Unknown;0.625027499450011;0.2708333333333333;0.1677933092701686
Unknown;0.0155996880062398;0.5775034293552812;0.923518687219524
Unknown;0.2070758584828303;-0.2425742574257425;-0.3887712972209434
Medium;0.5395092098158036;0.1047619047619047;0.2608708595383792
Low;3.999920001599968e-05;-0.88;-2.4093558534621797
Low;0.0106397872042559;0.4125874125874126;0.7745118014287279
High;7.999840003199936e-05;0.6047854785478548;0.8971490071860556
Low;0.0040399192016159;0.2079969242599;1.11258276875574
High;0.0056398872022559;-0.5398550724637681;-1.0328042589414013
Unknown;0.0995980080398392;0.2735042735042735;0.5093912317567127
High;0.0585588288234235;-0.4025157232704403;-0.5901311746612442
Unknown;0.0766384672306553;0.2898550724637681;1.1431147573258518
Control;0.2635947281054379;-0.2666666666666666;-0.532331890000896
Medium;0.0046799064018719;0.4672364672364672;0.9678132252076668
Medium;0.7736645267094658;-0.0773809523809523;-0.1259691024293408
Unknown;0.9216215675686488;-0.0394088669950738;-0.0274504359203947
Control;0.6463070738585228;-0.1020408163265306;-0.2134317612437681
Low;0.5849483010339793;-0.0952380952380952;-0.1842171525384334
Unknown;0.0247595048099038;0.3643410852713178;0.710723386949328
High;0.2678346433071338;0.1678571428571428;0.4146592438776711
High;3.999920001599968e-05;0.9513677811550152;2.170776182472796
Unknown;0.0002399952000959;0.7052238805970149;1.1724284041885271
High;0.0031999360012799;0.6197183098591549;1.0368194269741475
Low;0.6456270874582508;-0.1130434782608695;-0.2289475200262619
Unknown;0.1751164976700466;0.1220850480109739;0.4857827781855344
High;0.0032799344013119;0.7111111111111111;1.378228286748898
Medium;0.1005179896402072;0.3063973063973064;0.4937268774275085
Unknown;0.8243035139297215;-0.1423611111111111;-0.0877497347501534
High;0.1599968000639987;0.2307692307692307;0.4942960487454347
High;0.0621587568248635;0.4277511961722488;0.5431734866253549
Unknown;0.0722785544289114;0.4682539682539682;0.6622555209968424
High;0.0412791744165116;0.2884972170686456;0.5633648386848483
High;0.0298394032119357;-0.4067085953878406;-0.8216743557710124
High;0.6564268714625707;-0.0446428571428571;-0.1402635934194847
Medium;0.4136717265654687;-0.0351008215085885;-0.2394016139814571
High;3.999920001599968e-05;-0.9642857142857144;-2.342079712973033
Low;0.0201595968080638;0.4871794871794871;0.6203705420484189
High;0.0047999040019199;0.3855932203389831;0.6144592254798965
Unknown;0.0015999680006399;0.4852941176470588;1.0287336544210184
Unknown;0.0060398792024159;0.5057471264367817;0.9108503339256177
High;0.5094698106037879;0.1548507462686567;0.2724494324870339
Unknown;0.1072378552428951;-0.3840749414519906;-0.5330188629408429
Medium;0.0001999960000799;0.7744360902255639;1.3657759483661438
Unknown;0.634547309053819;-0.1269841269841269;-0.1794176808182879
Medium;0.0046799064018719;-0.5906976744186047;-1.1502987623950227
Unknown;0.3833923321533569;-0.4964539007092198;-0.3752243271624479
Unknown;0.2766744665106698;-0.0824329731892757;-0.2770057138943869
Unknown;0.8205435891282175;0.0363636363636363;0.1106678129840165
Unknown;0.0149197016059678;0.5511551155115512;0.7797359783626469
High;0.0002799944001119;0.6910197869101978;1.011414986375064
High;0.8425431491370172;-0.0416666666666666;0.1129820116162972
Unknown;0.2696346073078538;0.5885885885885885;0.4049351010386401
Medium;0.4643907121857563;0.135204081632653;-0.2963319128542203
High;0.1897562048759024;0.297423887587822;0.5044751439172446
High;0.0001599968000639;-0.8649350649350649;-2.3170551730868296
High;0.6890662186756265;-0.1726027397260274;-0.1295009791320075
High;0.0009199816003679;0.6593567251461988;0.8328159515521844
Unknown;0.0001599968000639;0.726027397260274;1.0706467538274584
High;0.5228295434091318;0.0202205882352941;0.2539704499279276
Unknown;0.0008799824003519;0.5550161812297735;0.958385500494344
Medium;0.3098338033239335;-0.5069444444444444;-0.3844615895370014
Unknown;0.1991960160796784;0.2866666666666667;0.5323318359182191
High;0.8366232675346493;0.0438957475994513;0.069224778756591
Medium;0.2781944361112777;0.1231343283582089;0.3948299157038627
Medium;0.0302793944121117;0.0880382775119617;0.7996928951969569
Low;0.6726665466690667;0.1246246246246246;0.1794758729597124
High;0.3934721305573888;0.232427366447985;0.2690856730464648
High;0.1922761544769104;0.1474358974358974;0.5413830304754688
High;0.1511169776604468;0.1338383838383838;0.4169191344729605
Unknown;0.1022379552408951;0.6802469135802469;0.5768827319503724
High;0.0002799944001119;0.8018433179723502;1.1130702253064908
High;7.999840003199936e-05;0.7148760330578512;1.1437255716006427
High;0.2782744345113098;0.1347517730496454;0.4441508554174281
High;0.3557928841423171;0.2018518518518518;0.2466081305944644
Unknown;0.4051518969620608;-0.2518518518518518;-0.3553522582020418
Unknown;0.0568788624227515;0.3644859813084112;0.5881696342684234
Unknown;0.123477530449391;0.3506944444444444;0.5699262293330988
High;0.0082798344033119;-0.5595238095238095;-1.0087338518965432
High;0.0401991960160796;0.3144712430426716;0.5543153210568431
Unknown;0.0013199736005279;0.6581395348837209;1.038144306290813
Unknown;0.3380332393352133;0.0874074074074074;-0.2615476614664559
Unknown;0.0174396512069758;0.6436363636363637;1.0142400312473348
Unknown;0.0044399112017759;0.4202279202279202;0.6907061730991719
Unknown;0.0053598928021439;0.5760765550239234;0.7492185232880798
Unknown;0.2074358512829743;0.1793611793611793;0.4044135590677705
Unknown;0.1568768624627507;-0.3660130718954248;-0.626444085007582
High;0.0731985360292794;0.43359375;0.6201375370931846
Unknown;0.1045979080418391;-0.3974358974358974;-0.6687314560525235
Unknown;0.7431051378972421;0.0363636363636363;0.1261568854663525
High;0.2673946521069578;0.2134920634920634;0.3310242035479033
Unknown;0.0315993680126397;0.4337662337662337;0.8499519359112349
High;0.0070398592028159;0.5471264367816092;1.0232134221295333
Unknown;0.74742505149897;-0.0700757575757575;0.1406007363820552
High;0.0023199536009279;0.4920454545454545;0.8594537237312033
Unknown;3.999920001599968e-05;0.822463768115942;1.1770854099460792
Low;0.2217155656886862;-0.3996913580246913;-0.3183517230817905
Low;0.0002399952000959;0.6069023569023569;1.0088899492452563
Low;0.3973120537589248;-0.0779220779220779;-0.2655771211164139
Medium;0.0193996120077598;0.4607407407407407;0.8007256860743871
Unknown;3.999920001599968e-05;0.7441424554826617;1.310022091731691
High;0.0003999920001599;-0.8717948717948718;-1.0782847212936113
Unknown;0.7353452930941381;0.1111111111111111;0.0775234962037635
High;0.0291594168116637;-0.5340136054421769;-0.9527264633682954
High;0.4605507889842203;0.0159932659932659;0.2281178611725823
Unknown;0.3212335753284934;-0.5164011246485474;-0.3305734688702822
Medium;0.0524789504209915;-0.3583168967784352;-0.582817028819082
High;0.0009599808003839;0.7034482758620689;1.276906441328208
Medium;0.0444791104177916;0.3622448979591837;0.6315419184942069
High;0.0335593288134237;0.5173611111111112;0.7174022390917623
Medium;0.0802383952320953;-0.1896103896103896;-0.7611792835338076
Unknown;0.0001999960000799;0.728515625;1.1726902188638082
Unknown;0.50314993700126;-0.2090643274853801;-0.2441500674077066
High;0.6062278754424911;-0.1291866028708134;-0.1608328386649899
Unknown;0.4703105937881242;-0.3007246376811594;-0.2920818834021513
Unknown;0.124397512049759;0.5072463768115942;0.6471834521426383
Medium;0.0096798064038719;-0.5272397094430993;-0.7594030275354147
Medium;0.75262494750105;-0.1027777777777777;0.1252696328044319
High;0.8114237715245695;0.2731481481481481;0.13188118501745
High;0.0202395952080958;0.4753521126760563;0.6011609602432073
Medium;0.0008399832003359;0.7641509433962265;1.2797931679212962
Medium;0.3854322913541729;-0.0396825396825396;-0.3488937789679041
Unknown;0.3931921361572768;-0.4346153846153846;-0.3162432419995603
High;0.1608367832643347;0.3621933621933622;0.4869752011996985
Low;0.0007199856002879;0.5523809523809524;0.8898686216895502
Unknown;0.2010759784804303;-0.1776710684273709;-0.3642936124709415
High;0.6978260434791305;0.0938511326860841;0.1191647215474303
Medium;0.2806343873122537;0.25;0.4063334425224376
High;0.0174796504069918;0.3604938271604938;0.6718985048897098
High;0.0036799264014719;0.3958333333333333;0.759370375885744
Unknown;0.0098398032039359;-0.4372294372294372;-0.9455813374254372
Medium;0.0201595968080638;-0.5095785440613027;-0.9334562339916608
Medium;0.1954360912781744;-0.2897793263646922;-0.371421354423065
Unknown;0.7505449891002179;0.3348314606741573;0.0876703577247561
High;3.999920001599968e-05;0.7196428571428571;0.9825471874178772
Medium;0.127557448851023;0.4518518518518518;0.4740289271703901
Unknown;0.75402491950161;0.2072916666666666;-0.0685900693999395
Unknown;0.0004799904001919;0.7687074829931972;1.547110529982341
Medium;0.1819163616727665;0.4292134831460674;0.455596793146077
Medium;0.0018799624007519;-0.6712962962962963;-1.4314500868257998
High;0.0161196776064478;0.3728087261394624;0.6127055047703027
High;0.2774344513109738;0.2459546925566343;0.3293155953002668
High;0.0173596528069438;-0.5829493087557603;-0.9163757692282284
Unknown;0.0002399952000959;0.5141423357664233;0.6327718406697598
Low;3.999920001599968e-05;0.6230492196878752;1.0529095165625082
High;0.0009199816003679;0.5724137931034483;0.9661626192367077
Unknown;0.0067598648027039;0.7336561743341404;1.0040975009905475
Unknown;0.1636767264654706;0.3617021276595745;0.6358163635702956
High;0.0065998680026399;0.4385113268608414;0.7128124070189373
High;0.2139157216855663;-0.1;0.4934628090967086
Medium;0.0001599968000639;0.4938271604938271;1.276361249978081
Unknown;3.999920001599968e-05;0.8423423423423423;1.525955590371298
High;0.0217195656086878;0.33734335839599;0.5997732398317194
Low;0.3065138697226055;0.1643625192012288;0.2936083168858045
Medium;0.0175596488070238;0.4468085106382978;0.5905978194929444
Low;0.3848723025539489;0.1284280936454849;0.2576901497270065
Medium;0.2852742945141097;-0.3807017543859649;-0.3352946101737989
High;0.7299454010919781;-0.188235294117647;-0.0961075678411815
Unknown;0.6454670906581869;0.2871572871572871;0.1605117162034416
Unknown;0.117477650446991;0.431438127090301;0.4711980291005949
Unknown;0.6808263834723306;0.0470588235294117;0.0879514404332626
High;0.1819163616727665;0.4414414414414414;0.4727791370901177
Unknown;3.999920001599968e-05;-0.7685185185185185;-1.7318613077842449
Unknown;0.0009199816003679;0.7578947368421053;1.5215161355476443
Unknown;0.9706605867882644;0.0367231638418079;-0.0002244564888734
Medium;3.999920001599968e-05;0.801994301994302;1.1804256588892583
Low;0.0005999880002399;0.6216596343178622;1.0108339713664871
Medium;0.4055118897622047;0.4557692307692307;0.2057740446341119
Medium;0.1735965280694386;-0.375;-0.397763230756027
Unknown;0.1683966320673586;-0.348314606741573;-0.4155896307030868
Unknown;0.8419831603367932;-0.0666666666666666;-0.0710373149629616
Low;0.1061578768424631;0.3541666666666667;0.5632434157870287
Unknown;0.239755204895902;0.2218468468468468;0.3699916708167444
High;0.6843863122737546;0.136144578313253;0.1243768217544141
High;0.0154796904061918;0.5374149659863946;0.92585131610851
Medium;0.4080318393632127;-0.3267857142857143;-0.308033852555078
High;0.9083418331633368;-0.0694444444444444;-0.0351643310297334
High;0.0017999640007199;0.6;0.6523382537125744
Unknown;0.0109597808043839;-0.54296875;-0.9358717712056164
High;0.3453130937381252;-0.2012012012012012;-0.3291291451633732
Medium;0.6016679666406672;-0.1345083487940631;-0.1652914402638333
High;0.8342233155336893;-0.0618955512572533;0.0868459145539
Unknown;0.1409171816563668;-0.2506631299734748;-0.4334755761637376
High;0.0695986080278394;0.3653846153846153;0.7641643125549135
High;0.0002399952000959;0.7821969696969697;0.8830964660932488
Unknown;0.0176796464070718;0.5766233766233766;0.9159421778530822
High;3.999920001599968e-05;0.8673469387755102;1.6303353029276468
High;0.2037959240815183;-0.3637071651090343;-0.3944279256256373
Unknown;0.0022399552008959;0.706140350877193;1.2844310450655054
Medium;0.0933981320373592;-0.4130434782608695;-0.8023635117339423
High;0.0009199816003679;0.6204311152764761;0.9142216685059092
High;0.0700385992280154;0.419921875;0.7061428082821635
Medium;0.9383412331753364;0.083068783068783;0.0192778797998413
Medium;0.0002799944001119;0.7125;1.112546302813951
Unknown;0.1112377752444951;0.0373134328358208;0.7219343331199454
Unknown;0.4596708065838683;-0.08003300330033;-0.2255871324552486
Medium;0.0792784144317113;0.2749287749287749;0.4405092099301871
Medium;0.2049559008819823;0.2476190476190476;0.4242745525416935
High;0.0001999960000799;0.6515873015873016;0.99945810464897
Unknown;0.2613547729045419;-0.175438596491228;-0.3877302191685915
High;0.7112257754844903;0.2;0.1740471645219468
Unknown;0.9629407411851764;-0.0222222222222222;-0.0360288973361845
Unknown;7.999840003199936e-05;0.6308333333333334;1.01339539709934
Medium;0.3878722425551489;0.3069852941176471;0.289477750765781
High;0.0081198376032479;0.4818181818181818;0.7804468545885064
High;0.0317993640127197;0.3316666666666666;0.6695747810908279
High;0.0269594608107837;0.5945273631840796;0.6405705763156249
Low;0.0358792824143517;0.1658823529411764;0.646740002995946
Unknown;0.1040779184416311;0.3778801843317972;0.6592577603972425
Medium;0.0578788424231515;-0.2531328320802005;-0.7738284176518109
High;0.0887982240355192;0.1270491803278688;0.4665877017448703
Medium;0.0019199616007679;0.6903846153846154;1.1860128534216865
Low;0.4491910161796764;-0.0420560747663551;0.2343895426779727
High;0.0001599968000639;-0.5841503267973857;-1.0928516178325176
Low;0.6415871682566349;0.1267605633802817;0.1632938166391392
High;0.0016399672006559;-0.6996527777777778;-1.3855126642519786
Low;0.0001199976000479;0.7726190476190476;1.2703815479067886
Medium;0.2624747505049899;0.0601503759398496;0.5341892128445596
Unknown;0.9072618547629048;-0.225;-0.03884126659094
Unknown;0.0003199936001279;0.7723970944309927;1.5220278741426183
Low;0.1027979440411191;0.4501672240802675;0.4806683211518003
Unknown;0.0958380832383352;0.6173469387755102;0.7437716447758227
High;0.7033859322813544;0.0374149659863945;0.1970240989056935
Unknown;0.0105197896042079;0.5944444444444444;0.9487070311891428
High;0.4225515489690206;-0.2055137844611528;-0.2117839447808214
High;0.8493830123397532;-0.0698529411764705;0.0954108615041593
Medium;0.1311973760524789;0.2237237237237237;0.5112237832260391
Low;0.2584348313033739;0.1875;0.4329755524005634
Unknown;0.125357492850143;-0.4776470588235294;-0.5238222060457208
High;0.0003599928001439;0.507177033492823;0.9443102139994196
High;0.0003199936001279;0.8888888888888888;1.558397143172708
Low;0.0075198496030079;-0.5866935483870968;-1.044238525458132
Unknown;3.999920001599968e-05;0.7588126159554731;1.421244130366978
Medium;0.8556628867422652;0.09375;0.1074239406319469
Unknown;0.49315013699726;-0.2443181818181818;-0.213127275073474
Unknown;0.0016799664006719;0.7191283292978208;0.7419343893457693
High;0.2771144577108458;-0.2790556900726392;-0.3097029472553572
Low;0.0001199976000479;0.6351132686084142;1.0548586467040872
High;0.0130797384052318;0.5;0.914497165120186
Unknown;0.5319893602127957;-0.2142857142857142;-0.2653817659830032
Unknown;7.999840003199936e-05;0.8566265060240964;1.1323353002922918
Unknown;0.0761584768304634;0.3954248366013072;0.7353312554842703
Unknown;0.7083058338833224;0.0285714285714285;0.1475297746703274
High;0.8606227875442491;-0.1080139372822299;-0.039632713059773
Unknown;0.1931561368772624;0.3971631205673759;0.5969026106678847
Unknown;0.0331593368132637;-0.3433048433048433;-0.7711949840166947
Unknown;3.999920001599968e-05;0.6818897637795276;1.123736327181499
Unknown;0.0957580848383032;-0.2345679012345679;-0.6354811383787744
Low;0.0050398992020159;0.7549467275494672;0.6553146932250901
Low;0.5839483210335793;-0.425531914893617;-0.2245171320898464
Medium;0.0723585528289434;-0.3853658536585366;-0.6394574093065302
Unknown;0.3321133577328453;-0.3639455782312925;-0.3741354774407303
Unknown;0.9193416131677368;-0.1179138321995464;0.0149272573362886
High;0.0245995080098398;0.935374149659864;1.1310893761209435
Unknown;0.0005599888002239;0.8049886621315193;1.1542021792552404
Medium;3.999920001599968e-05;0.9214285714285714;1.1736851289609576
Unknown;3.999920001599968e-05;0.9285714285714286;2.237225598025381
Low;0.9251414971700566;-0.1353535353535353;-0.0302453925097778
High;0.0011999760004799;0.7293233082706767;1.0761960674381106
High;0.0003199936001279;0.7593984962406015;1.2784023891471648
High;0.117357652846943;0.1305970149253731;0.7339573020069233
High;0.0013599728005439;0.3326071169208424;0.7137536145560772
High;0.0853982920341593;0.3535108958837772;0.5273277919213399
Medium;0.9222215555688886;0.1338383838383838;0.056139332949092
Unknown;0.4181116377672446;0.234192037470726;0.3269600535492259
Unknown;0.0020799584008319;0.4475247524752475;1.153380914747054
High;0.626387472250555;0.0460992907801418;0.2544460013914818
Low;0.0006799864002719;0.7035714285714286;1.142612839049981
Unknown;0.120557588848223;0.4166666666666667;0.7874625650516898
Unknown;0.996980060398792;0.0563165905631659;-0.0045922923573454
Unknown;0.0721585568288634;0.3880597014925373;0.5723148766463078
High;0.9125417491650168;0.1666666666666666;0.0771003020599745
Low;0.2217955640887182;-0.1938202247191011;-0.4645865989806605
High;0.2833543329133417;-0.3084935897435897;-0.3314981666465545
Low;0.241555168896622;0.4993368700265252;0.3435009860936031
Unknown;0.3893922121557568;0.1316239316239316;0.3134315272988718
High;0.0317193656126877;0.2687179487179487;0.4891614990391591
Medium;0.0131997360052798;0.3085808580858086;0.7004889493491472
High;0.0001599968000639;0.6673684210526316;1.0059925407749413
Unknown;0.0029199416011679;0.537746806039489;0.8819263066046092
Low;0.1487170256594868;-0.2177777777777777;-0.475982399157851
High;0.0069998600027999;0.5423076923076923;0.9722641415333028
Unknown;0.5378292434151317;-0.1122661122661122;-0.1894088511971699
Unknown;0.0021999560008799;0.65234375;1.0856345288421354
Unknown;0.0047199056018879;0.7588235294117647;1.3564498100102385
Low;0.5529089418211636;0.5345238095238095;0.2403029206351488
High;0.0769584608307833;0.360062893081761;0.5429123966085625
High;0.0002799944001119;-0.7333333333333333;-1.0719071696135236
Unknown;0.989780204395912;-0.1764705882352941;0.0127883910277371
Unknown;0.2648747025059498;0.0989898989898989;0.3545322438320324
High;0.3061138777224455;-0.1779497098646034;-0.3315957186571877
Unknown;0.5905881882362353;0.1590909090909091;0.2329005089568045
Low;0.4376712465750685;-0.373134328358209;-0.2841339210493502
Medium;0.2256354872902542;0.2833333333333333;0.4038639649154918
Low;3.999920001599968e-05;0.7833333333333333;1.8915080400187012
Unknown;0.0207595848083038;0.4545454545454545;0.5926959827093069
Unknown;0.8235835283294334;-0.046831955922865;-0.0662907729592463
Unknown;0.1027579448411031;0.3592233009708738;0.4708718971341746
High;0.6685066298674026;0.2932330827067669;0.1632927965830791
Low;3.999920001599968e-05;-0.9552238805970148;-3.367005554144447
High;7.999840003199936e-05;-0.9377777777777778;-2.719035997283769
Unknown;0.0006399872002559;0.7581699346405228;1.0877873880355848
High;0.2918341633167337;0.13125;0.3513284261123707
Unknown;0.6302673946521069;0.1568627450980392;0.2125578533690505
Control;0.0027599448011039;-0.4707602339181286;-1.0187295512053922
High;0.0001999960000799;0.6396011396011396;1.07701293661125
High;0.0445991080178396;-0.1614691614691614;-0.5895132330405093
Unknown;0.0931181376372472;-0.5460526315789473;-0.7466904404345505
High;7.999840003199936e-05;0.6715176715176715;1.1470175934909166
High;0.9410211795764084;0.1691176470588235;0.0602342173745186
Medium;7.999840003199936e-05;-0.8333333333333334;-1.753747432610173
Medium;0.0047199056018879;0.5172413793103449;0.7250730364168382
Control;0.0871982560348793;0.3689458689458689;0.5869934648342788
Unknown;0.6609467810643788;0.0222222222222222;-0.2149954191293936
Low;0.3117937641247175;0.0941358024691358;-0.3582978175655308
Low;0.2999940001199976;0.3046511627906976;0.350766950379028
Unknown;7.999840003199936e-05;0.7653846153846153;1.0643070059429809
High;0.8486630267394653;-0.0285714285714285;0.0741081012301312
Unknown;0.0100397992040159;0.3457869634340222;0.6158157478773357
Unknown;0.2923541529169416;-0.3333333333333333;-0.4566389069992484
Medium;0.0692786144277114;-0.2860465116279069;-0.6138195663380912
High;0.0055998880022399;0.584045584045584;1.05218154397429
Low;0.0323593528129437;0.4756944444444444;0.685713510909237
Unknown;0.1817963640727185;-0.463768115942029;-0.6339990086616494
Low;0.0814783704325913;0.4444444444444444;0.5624921733355142
High;0.0005599888002239;0.6419753086419753;0.955646257599064
Unknown;0.7897842043159137;-0.1700680272108843;-0.0794568395213953
High;0.1514369712605748;0.2719512195121951;0.4440104808282112
Unknown;0.0057598848023039;0.4019607843137255;0.7856554182179112
Unknown;0.0050398992020159;0.5507936507936508;0.8053107177968301
Medium;0.0003999920001599;0.7123015873015873;0.9983630341259891
High;0.0069598608027839;0.4330400782013685;0.7204456761471263
High;0.3058738825223495;-0.2472627737226277;-0.2743389145870827
High;0.0585988280234395;-0.2794117647058823;-0.7517226556747242
High;0.0018799624007519;0.6104252400548696;0.7993911447055735
Medium;0.0014399712005759;0.5171703296703297;0.8516728228299009
Low;0.0002399952000959;-0.717391304347826;-1.6565265204668265
Medium;0.0160796784064318;0.3723577235772358;0.5210673348786997
Control;0.1041979160416791;-0.5302663438256658;-0.651983136529717
Medium;0.1795164096718065;0.2724867724867725;0.4548057765289839
High;0.7962240755184896;-0.0326086956521739;-0.0812132974850127
Unknown;0.254154916901662;0.1674454828660436;0.3500597919852271
High;0.0007599848003039;0.5408986175115207;0.8879979187724834
Unknown;0.1645167096658066;-0.3525641025641026;-0.615612053006395
Medium;0.0050798984020319;0.3889555822328931;0.6885522090316788
Unknown;3.999920001599968e-05;0.8161838161838162;1.4368281288072449
High;0.3215935681286374;0.3378109452736318;0.2718897033760061
High;0.0018399632007359;0.6111111111111112;0.8402068208554735
High;0.8212235755284895;0.0655172413793103;0.0873926468152778
Low;0.0073998520029599;0.3503086419753086;0.8578474174678989
High;0.0268794624107517;-0.6014492753623188;-1.2253185272156053
High;0.2168356632867342;0.1126760563380281;0.4488207440771045
Unknown;0.1545569088618227;0.3214285714285714;0.5737106417744303
Unknown;0.118237635247295;0.4294871794871794;0.7123530602384444
Medium;7.999840003199936e-05;0.8611111111111112;1.685510745086635
Medium;0.0625587488250235;0.300262467191601;0.5110540613744411
Unknown;3.999920001599968e-05;0.7866666666666666;1.1671042013181885
High;0.0931181376372472;0.3533950617283951;0.5168194978055218
Unknown;0.2123557528849423;-0.2639225181598063;-0.3635803997906274
High;0.5094698106037879;0.3853083853083853;0.2131560716316968
Medium;0.0062398752024959;0.4577464788732394;1.035296492779759
Low;0.0021599568008639;0.6458333333333334;1.148600033677872
Unknown;0.8497830043399132;0.0333333333333333;-0.0446499250901538
High;0.1619567608647827;-0.0395061728395061;-0.5061573758703672
High;0.0509189816203675;0.486328125;0.7308307620958366
Unknown;0.0739985200295994;0.4326241134751773;0.6996414263950184
Unknown;0.3965120697586048;0.047008547008547;-0.2468118384850398
High;0.2136357272854543;0.7222222222222222;0.3620497108745997
Medium;0.3038739225215495;-0.3709273182957393;-0.4195765837699335
High;0.3090738185236295;-0.2037037037037037;-0.3624045683848875
High;7.999840003199936e-05;0.518976897689769;1.0840485729501197
Medium;0.0031199376012479;0.60546875;0.9796056717164272
Medium;3.999920001599968e-05;0.7488372093023256;1.0853443834315264
High;0.0003599928001439;0.6870588235294117;1.135456411555775
Low;0.0107197856042879;0.5105105105105106;0.6726071225836769
High;3.999920001599968e-05;0.7172827172827173;1.43776156900897
Low;0.3517529649407012;0.0865695792880258;0.2812841482000454
Unknown;0.1353572928541429;-0.3952380952380952;-0.5941372925303239
High;0.0077998440031199;0.5674074074074074;0.8595340009898064
Unknown;0.6856262874742505;0.0148148148148148;-0.1581336835815875
Unknown;0.0660786784264314;0.4056695992179863;0.55472109343097
Unknown;0.868062638747225;-0.1353658536585366;-0.0441747459270189
Medium;0.1294774104517909;0.2736943907156673;0.4933229386362739
High;0.0001199976000479;0.7391041162227603;1.0757482431702694
Medium;0.5544689106217876;0.0208333333333333;-0.248204648692901
Unknown;0.0003599928001439;0.73828125;1.2093138156846277
Unknown;0.0003999920001599;0.5765886287625418;1.101875761962957
Unknown;0.0001599968000639;0.6243291592128801;1.163653529725996
Medium;0.0005199896002079;0.4815384615384615;0.7350833172815783
Medium;7.999840003199936e-05;0.7959558823529411;1.5650631890924311
Unknown;0.0768384632307353;0.5246305418719212;0.6634564574182258
Medium;0.0073198536029279;0.5108958837772397;0.9942399568343718
Unknown;0.8586228275434491;0.0275862068965517;0.0645648376333185
Low;0.6107077858442831;-0.0206896551724137;-0.0999086945368561
High;0.7732645347093058;0.0863697705802968;0.0906119826025938
Medium;0.8369832603347933;-0.0385674931129476;-0.0639416748015438
Medium;0.2247555048899022;0.2054794520547945;0.4368901309427308
Unknown;0.9731005379892402;-0.0809061488673139;-0.0149866724164211
High;0.1419571608567828;-0.396871945259042;-0.4903250853054142
Unknown;0.8036639267214656;-0.0615942028985507;-0.1614444503462273
High;0.0015199696006079;0.4889632107023411;0.7818493519217113
High;0.2002759944801104;0.2254901960784313;0.4985647331207913
Medium;3.999920001599968e-05;0.6957026713124274;1.1407312150179838
High;0.1921561568768624;-0.3197324414715719;-0.3830268904790417
Unknown;0.0015037593984962;-1.0;-2.383910937391839
High;0.116037679246415;0.3359683794466403;0.4907801267260935
High;0.5628687426251475;-0.0923076923076923;-0.1724391769066597
Unknown;0.2007159856802864;0.1812278630460448;0.3510638342563185
Medium;0.0006799864002719;0.7365384615384616;1.3364844905891144
Low;0.1873562528749425;0.2756410256410256;0.5744504786639433
Unknown;3.999920001599968e-05;0.7617283950617284;0.8917940179787089
Unknown;0.245635087298254;0.2107728337236534;0.3231379036854748
High;0.0023199536009279;0.4732868757259001;0.7431408815689067
High;0.871942561148777;-0.1339285714285714;0.0898262415929039
High;0.0381192376152476;0.5512820512820513;0.7827081507004116
Low;0.2316353672926541;-0.106060606060606;-0.4015347650114336
Unknown;0.4447511049779004;0.1796875;0.2891586312331206
Medium;0.0077598448031039;0.3909090909090909;0.7483462344607472
High;0.1606367872642547;-0.3310344827586207;-0.479958725746237
High;0.4167116657666846;0.265625;0.3171503974886533
Medium;0.0641987160256794;0.4129464285714285;0.6513480970188713
Unknown;0.5347093058138838;-0.1475409836065573;-0.344020761443886
Medium;0.0297194056118877;0.3113245298119247;0.4572229222135986
Unknown;0.2142757144857102;-0.2202111613876319;-0.3686261862579137
Low;0.0011599768004639;0.6357142857142857;0.9709985428448829
Low;0.0404391912161756;0.5253623188405797;0.7574732664188664
High;0.6319873602527949;-0.0539119000657462;0.1549142349383826
High;0.6425871482570349;-0.130315500685871;-0.1622827845416481
High;0.0004399912001759;0.5715488215488216;0.9453826761197712
Medium;0.0599988000239995;0.2303482587064676;0.4820810769140318
Unknown;0.0671586568268634;0.8431372549019608;0.9662087336596726
High;0.1575968480630387;-0.5087719298245614;-0.6223369551611843
High;0.3362732745345093;-0.13671875;-0.3605801885295587
High;0.0021599568008639;0.6648936170212766;1.1149969708731735
High;0.0464390712185756;0.2825581395348837;0.5627608623069108
High;0.0037599248015039;-0.6075949367088608;-1.1755446742099118
Medium;0.0021999560008799;0.6323529411764706;0.9278674333577736
Unknown;0.2557948841023179;0.3719211822660098;0.4504942552170664
Unknown;0.0109197816043679;0.5555555555555556;0.9922533071708868
Medium;0.0171196576068478;0.5;0.8258273229235552
Low;0.0013999720005599;0.5509355509355509;0.9387418718601964
Unknown;0.3935521289574208;0.2181818181818181;0.2729860489489498
Unknown;0.4238715225695486;-0.2666666666666666;-0.3417552409948958
Medium;0.0003599928001439;-0.4465811965811966;-1.2731911005330336
Unknown;0.3619527609447811;-0.3032581453634085;-0.3608711258989779
Unknown;0.2163956720865582;0.1231671554252199;0.4071670438655546
Unknown;0.3436331273374532;0.2558035714285714;0.2494215730035735
Unknown;0.5890282194356112;0.1820987654320987;0.1754873921756728
Unknown;0.5789884202315954;0.110655737704918;0.2135723238319081
High;0.0005999880002399;0.6986111111111111;1.1632243473567303
Low;0.0001199976000479;0.78125;1.2613707744543383
Low;0.5469090618187636;-0.0023364485981308;0.1707306891866417
Unknown;0.4870702585948281;-0.033596837944664;-0.2495957947228863
Unknown;0.0001199976000479;0.7777777777777778;1.1955711665001412
Unknown;0.4881902361952761;-0.3537414965986394;-0.2393244009221987
Medium;0.0001999960000799;0.6391941391941391;1.1390372428767652
Unknown;0.0305193896122077;0.4762845849802372;0.6828193595946399
Low;0.5383492330153397;-0.1174418604651162;-0.1906017715280847
Unknown;0.1055578888422231;0.1277258566978193;0.4708081784464784
Unknown;0.1039579208415831;-0.3419203747072599;-0.3424021663984806
Unknown;0.9615407691846164;0.0283687943262411;-0.0368456033476089
Medium;0.0708385832283354;0.3954081632653061;0.609705804908414
High;0.0067598648027039;0.4076204169662114;0.7503456345695726
Medium;0.0122397552048959;0.4626865671641791;0.8066258897191529
Medium;0.0573188536229275;-0.5151515151515151;-0.7553101596171509
High;0.2617547649047019;0.3125;0.4883977765304353
High;0.4724705505889882;0.3265602322206096;0.2073495298023529
Control;0.3958320833583328;0.2290249433106576;0.3406642769363313
High;0.3634327313453731;-0.0650717703349282;-0.218993573623085
Unknown;0.3946321073578528;0.3271604938271605;0.3424576697845823
Unknown;0.0490390192196156;-0.4909420289855072;-0.8077040355252773
Unknown;0.0307993840123197;0.719047619047619;1.0075980187954217
High;0.6038279234415311;-0.305952380952381;-0.153539619906895
Unknown;0.0537189256214875;0.5960591133004927;0.7466237495982627
Unknown;0.0041999160016799;0.4442134442134442;0.7438925656943884
Unknown;0.0043999120017599;0.5536585365853659;0.7242660852171706
Medium;0.0012399752004959;0.716589861751152;0.7834375938135095
High;0.0014799704005919;0.5814307458143074;1.0512005930795272
Medium;0.0002399952000959;0.7833333333333333;1.4049050490051498
Unknown;0.0027199456010879;0.6149068322981367;0.9415286024613456
Medium;0.3564728705425891;-0.2363636363636363;-0.2938454089180383
Unknown;0.0010399792004159;0.493452380952381;0.8144968576061058
High;0.5347893042139157;0.0416666666666666;0.2545440546948211
High;7.999840003199936e-05;0.8181818181818182;1.2983744274746811
Low;0.1839563208735825;-0.0249750249750249;-0.439542175642573
High;0.9138217235655288;-0.0904183535762483;-0.0205226765955732
Medium;0.0084107327141382;0.6428571428571429;1.2534325126879349
High;0.1555568888622227;-0.4603174603174603;-0.6143318169296539
Unknown;0.748865022699546;0.1447916666666666;0.1181701760619249
High;0.2175556488870222;0.3709677419354839;0.4841661067314435
Unknown;0.0463190736185276;0.5510204081632653;0.8791749838708744
High;0.0001599968000639;0.7423076923076923;1.5040131249075013
High;0.4766704665906682;-0.3061594202898551;-0.2312444644251594
Unknown;0.5614687706245876;0.0788177339901477;0.2528946303545888
Unknown;0.6395072098558029;0.2207207207207207;0.1604410604060279
Unknown;0.0006799864002719;0.7307692307692307;0.8144024516341608
Unknown;0.7257854842903142;0.115079365079365;0.145759381661176
Medium;0.0066798664026719;-0.5249266862170088;-0.8934215654916094
High;0.0240395192096158;0.44140625;0.8013523115479081
High;0.0326793464130717;0.4121779859484777;0.7401089938153659
Unknown;0.7229855402891943;-0.0071428571428571;0.0908225503589269
High;0.3911521769564609;0.3024691358024691;0.3023390672023948
High;3.999920001599968e-05;0.7334983498349835;0.996394376434195
Medium;0.2295954080918381;-0.1146341463414634;-0.3988348335012391
Unknown;0.6978260434791305;0.225071225071225;0.1229197764734674
Unknown;0.0281994360112797;0.2093397745571658;0.7446748999349603
High;0.6625467490650186;0.1125;0.1328323491230932
Unknown;0.0483190336193276;-0.4625850340136054;-0.8118250979426352
High;0.0006399872002559;0.6325581395348837;0.9540183610317872
High;0.3022739545209096;0.5587121212121212;0.3813906064186666
High;0.0032399352012959;0.6076076076076076;0.8605035663070981
High;0.8060638787224256;-0.0068073519400953;0.0847898736530236
High;0.0130397392052158;0.4819444444444444;0.917176094768895
Unknown;0.0368792624147517;0.3153753026634383;0.5788677000731509
Unknown;0.123517529649407;-0.571969696969697;-0.6189839115966291
Low;0.7953840923181537;-0.0409090909090909;0.075233125936632
Unknown;0.0165996680066398;0.5601217656012176;0.6611368755801255
Unknown;0.1302373952520949;-0.5111111111111111;-0.7229211265107706
Unknown;0.0056798864022719;0.6095238095238096;0.8822813247364366
High;0.1036379272414551;0.2552756977535738;0.4610503388705435
Low;0.3270334593308134;0.1644444444444444;0.3399999689929158
Low;0.0093598128037439;0.6323529411764706;0.7575563810365685
Low;0.6744265114697706;0.2166666666666666;0.1228672081938462
High;0.0008799824003519;-0.7232704402515723;-1.983872387235418
High;0.6307073858522829;-0.2037470725995316;-0.1871917375625371
Unknown;0.7321453570928581;0.0191387559808612;-0.109510019935645
Unknown;0.2673546529069419;-0.2645502645502645;-0.4628714335669787
Low;0.0014399712005759;0.8389610389610389;1.1504530436629106
Unknown;0.8243835123297534;0.0466666666666666;0.0578709609882966
High;0.0947981040379192;-0.3072916666666667;-0.410755202036274
High;0.0286394272114557;-0.4166666666666667;-0.7325239584904035
Unknown;0.8925821483570329;-0.086734693877551;-0.0489586092640811
Medium;0.0422391552168956;0.5435435435435435;0.6979294369506768
Unknown;0.9144617107657846;0.0441558441558441;0.0067687019131598
Unknown;0.0091198176036479;-0.4731182795698925;-0.881681263909852
High;0.6166676666466671;0.1871921182266009;0.2056931017892962
High;0.0016399672006559;0.4302246426140231;0.8719181678419572
Unknown;0.0104397912041759;-0.7265625;-0.9806143975955792
Unknown;0.0393592128157436;0.6172839506172839;0.935226833457316
Unknown;0.628267434651307;0.0515222482435597;0.1663427200247801
High;0.8767824643507129;0.0193704600484261;0.0446854106973357
High;0.0077198456030879;0.3525252525252525;0.5996856994211984
Medium;0.370152596948061;0.197324414715719;0.2619789845456024
Medium;0.4910701785964281;-0.1784461152882205;-0.1858401308223318
High;0.0202395952080958;-0.5034965034965035;-0.7560092336944508
High;0.0003999920001599;0.6383399209486166;1.4627592158369491
Unknown;0.0350792984140317;0.3252873563218391;0.6101759304805399
Medium;0.7782244355112897;0.3;0.1185615602031522
High;0.243395132097358;0.2933673469387755;0.4667952438135648
High;0.1387572248555029;0.1511627906976744;0.4271930966842123
Unknown;0.0193196136077278;-0.6602564102564102;-1.0250349130562215
Unknown;0.0622387552248955;-0.5384615384615384;-0.8304088173567609
High;0.0055198896022079;-0.595679012345679;-1.0885517334897907
Low;0.0306393872122557;0.4746543778801843;0.8872369837402041
Unknown;0.2820343593128137;0.3298701298701298;0.4349984197256657
Unknown;0.0695986080278394;0.0451388888888888;0.91627700738871
High;0.8869022619547609;0.1412037037037037;-0.0234516175110774
Low;0.8008239835203296;-0.1182926829268292;-0.0510940928647554
Medium;0.0045599088018239;-0.6488095238095238;-1.228153621726282
High;0.2011959760804784;-0.1077777777777777;-0.4250561295033961
High;0.113757724845503;-0.5032051282051282;-0.6764303819134767
High;0.0001199976000479;0.8137931034482758;1.475659836556524
High;0.0180796384072318;0.5960591133004927;0.8611373433393329
Low;0.7327853442931141;-0.0380116959064327;-0.1208399268461797
Unknown;0.0061598768024639;0.6041666666666666;0.8344547350475972
Medium;0.0022799544009119;-0.9056603773584906;-1.5910589475495995
Medium;0.3017139657206856;0.2562358276643991;0.4157796394541999
High;0.0450790984180316;0.4326923076923077;0.6594891324744027
Unknown;0.3987520249595008;0.1864406779661017;0.3443591049495233
Medium;0.0021199576008479;-0.5709728867623605;-1.0707980461424689
High;0.3910321793564129;0.1877022653721682;0.2675085177117574
High;0.0158396832063358;0.4284687275341481;0.6966530418969887
Unknown;0.248795024099518;-0.2340328467153284;-0.2728385068753892
Unknown;0.0041999160016799;-0.6397058823529411;-1.1715629935441396
Unknown;0.0165596688066238;0.5368852459016393;0.8418502789956549
Unknown;0.0128797424051518;0.5410714285714285;0.8559498486133461
Unknown;0.253794924101518;-0.3173076923076923;-0.4844310556903325
Low;0.0130397392052158;-0.5370370370370371;-1.1250130707677062
Unknown;0.1773964520709585;0.3804347826086957;0.5720727829635758
Medium;0.0001999960000799;0.5897435897435898;0.8829745104551705
Unknown;0.0002799944001119;0.7122507122507122;1.399716769169962
Unknown;0.1648767024659506;-0.1171818835370237;-0.4225833120718743
High;0.0002399952000959;-0.5618811881188119;-1.0776322134039398
Medium;3.999920001599968e-05;0.823943661971831;1.2774752701291672
High;0.1570768584628307;-0.2703659976387249;-0.4139826948898594
High;0.0005199896002079;0.6842105263157895;1.2593849230447711
High;0.3898722025559489;0.1197691197691197;0.3086436164674154
High;0.0075598488030239;-0.7740259740259741;-1.3999421753162375
Unknown;0.0066398672026559;0.5555555555555556;1.2083970681327387
High;0.4847503049939001;-0.1159420289855072;-0.301827710682559
High;0.6337873242535149;0.0264550264550264;0.1402708591772722
Low;3.999920001599968e-05;0.6156462585034014;1.179898933903016
Unknown;0.2805543889122217;0.2839506172839506;0.4708154048579203
Medium;0.5235895282094358;-0.1681286549707602;0.243087774812017
High;0.1279574408511829;-0.4862155388471177;-0.6878298701791645
Unknown;0.9194216115677688;0.04296875;-0.0431040194107484
High;0.1823163536729265;0.3647058823529411;0.4263438091516337
Low;7.999840003199936e-05;0.7876404494382022;1.2095066523107658
High;0.0220795584088318;0.139920424403183;0.6190161866850409
Medium;0.3092338153236935;0.1276485788113695;0.2794790693231337
High;0.1664766704665906;0.3535825545171339;0.42231386162279
Unknown;0.1905161896762064;0.2848837209302325;0.4491829758375739
Unknown;0.744745105097898;-0.0992063492063492;-0.1220932847462517
High;0.0002799944001119;-0.5416666666666666;-0.918848740909218
Unknown;0.7984640307193857;-0.0202020202020202;0.0763682337038365
High;0.0001999960000799;0.656891495601173;1.084295792614847
Medium;0.372952540949181;-0.4729064039408867;-0.3426135732082201
High;0.0006399872002559;0.9609375;2.6141630446054687
Unknown;0.497630047399052;0.1773177317731773;0.2195435368371304
Low;0.0020399592008159;0.4727272727272727;0.7021732955898936
Low;3.999920001599968e-05;0.8016975308641975;0.926694983576958
Medium;0.0017999640007199;-0.5526729559748428;-1.033700728700926
Unknown;0.0398392032159356;0.4307692307692308;0.7968762525199722
Unknown;3.999920001599968e-05;0.7852852852852853;1.1898954418304215
Medium;0.0001999960000799;0.7527386541471048;1.4014721024985903
High;0.0003199936001279;0.5618320610687023;0.9412376628888672
High;0.0637187256254874;-0.3810679611650485;-0.5983348953150461
Medium;0.0005999880002399;0.6967418546365914;1.3786891021935652
Unknown;0.1968360632787344;0.0073529411764705;-0.5008849562599021
High;3.999920001599968e-05;-0.6052188552188552;-1.6860190089442386
High;0.0457190856182876;0.2828341013824885;0.5660733483950846
High;0.0249995000099998;0.7030947775628626;0.8711027298817803
Unknown;0.0251594968100637;0.521978021978022;0.8316835788432808
Unknown;0.0221195576088478;0.5330882352941176;1.0419987226034266
Unknown;3.999920001599968e-05;0.6859504132231405;0.9906672800616854
Unknown;0.8570228595428091;-0.1607655502392344;0.0718306858202386
High;0.5860282794344113;0.12;0.2584035155544283
Unknown;0.5379892402151957;0.3333333333333333;0.2541375259526719
Unknown;0.2395952080958381;0.1135620915032679;0.3545651110692669
Unknown;0.367272654546909;-0.3269230769230769;-0.4729295149923
Unknown;0.1630767384652307;0.2282608695652173;0.5204693028908131
Medium;0.0568788624227515;0.3125;0.4856905554444446
High;0.0176396472070558;-0.6481481481481481;-1.009601221879887
High;0.0881582368352632;0.2764003673094582;0.527409988939259
Unknown;0.2551948961020779;0.2645502645502645;0.4624506531071821
Unknown;0.2231155376892462;-0.1180555555555555;-0.5794510704528922
High;0.8351432971340573;0.2421875;0.1111987532669772
Unknown;0.2309953800923981;-0.3571428571428571;-0.4556776001249123
High;0.0025999480010399;0.5116161616161616;0.7543466695955333
Medium;0.0043599128017439;0.625609756097561;0.991055877125551
Unknown;0.3873922521549569;-0.048469387755102;-0.3696686695978761
Unknown;0.3091938161236775;0.0;0.4268714373669787
Medium;3.999920001599968e-05;0.8377321603128055;1.4623407223168587
Unknown;0.2568348633027339;0.37;0.4893006756021945
High;0.3389532209355813;-0.3169014084507042;-0.3707429786462847
High;0.1442371152576948;0.1959858323494687;0.4082071552861158
Unknown;0.126437471250575;0.1539812646370023;0.4181071878894102
Unknown;0.1654766904661906;-0.2510288065843621;-0.4542479870184214
Unknown;3.999920001599968e-05;0.7283950617283951;1.584441132597524
Unknown;0.1551168976620467;0.2491145218417945;0.4620497477114016
Medium;0.5293494130117398;0.0555555555555555;0.186922643280806
Low;0.0120797584048319;0.5396825396825397;0.9249699987930374
Unknown;0.1958360832783344;-0.2561728395061728;-0.4711183939971385
Unknown;0.6427871442571148;-0.3419354838709677;-0.2153572464093432
Medium;0.8585428291434172;-0.2130987292277615;-0.023931731754138
Unknown;0.8853822923541529;0.0718954248366013;-0.193424365050917
High;0.0130397392052158;-0.5910364145658263;-1.0658203115740654
Low;0.0057198856022879;-0.3885057471264367;-0.7838336711367566
Unknown;0.0252794944101117;0.5;0.9266843157372876
Unknown;0.3908721825563488;0.2;0.407967141474323
Low;3.999920001599968e-05;-0.9129720853858784;-2.8282993513831163
High;0.0070398592028159;-0.6285714285714286;-1.0836565345628373
Unknown;0.4659442724458204;0.4;0.4369030750786196
High;0.9444211115777684;-0.0375375375375375;0.0559248964047409
Unknown;0.2101557968840623;0.3246268656716418;0.4671891664859016
Unknown;0.0044399112017759;0.7948051948051948;1.2960432952984269
High;0.1621967560648787;-0.30078125;-0.541744210715104
High;0.1985960280794384;0.6111111111111112;0.472988127234809
High;0.8487030259394812;0.0588235294117647;0.0918900430882975
Low;0.4753904921901562;-0.1661807580174927;-0.2735404685777596
High;0.0814783704325913;-0.0828331332533013;-0.5202861730878915
Low;0.745305093898122;0.3148148148148148;0.0850370789303019
Medium;0.6435471290574188;-0.0965982028241335;-0.089065352718369
Unknown;0.9671006579868404;-0.1050724637681159;0.0395214697802201
High;0.0484390312193756;0.231578947368421;0.5828058912149068
High;0.4363112737745245;0.2169117647058823;0.2543746751569911
Unknown;0.9300213995720086;-0.1024390243902439;-0.0322662892858088
Unknown;0.6533869322613548;-0.196078431372549;-0.1291603066669193
High;0.2966340673186536;-0.1132686084142394;-0.2788047154420295
Unknown;0.0664786704265914;-0.4166666666666667;-0.7807399472864751
High;0.0002799944001119;0.7692307692307693;1.1813126012228627
Medium;0.1025979480410391;0.7746913580246914;0.7393353332513007
High;0.0011599768004639;0.515495867768595;0.9182941619205508
High;0.0006399872002559;-0.5833333333333334;-1.365134432570486
High;0.0004799904001919;0.5955555555555555;1.0388691324284816
Medium;0.0722785544289114;0.4807692307692308;0.6434245555173848
High;0.5607087858242835;0.0;0.1598252971172228
Unknown;0.4866702665946681;-0.3846153846153846;-0.3941901632426349
Low;0.0308393832123357;-0.47;-0.8849091533928759
Low;0.0221595568088638;0.4352941176470588;0.7395959830265548
Unknown;0.6020679586408272;0.1180555555555555;0.2358198936976096
High;3.999920001599968e-05;0.8712121212121212;1.408510003448871
Medium;0.0463590728185436;0.6111111111111112;0.7142949897204512
Unknown;0.367512649747005;-0.2484276729559748;-0.3888514594767947
High;0.5923081538369233;-0.0335775335775335;-0.153964069844464
Unknown;0.0015999680006399;0.5952875952875953;0.816026691022444
Low;0.0024799504009919;-0.5818181818181818;-1.0169300807230055
High;0.120597588048239;0.4301470588235294;0.5093507099731092
Unknown;0.0685986280274394;0.3821428571428571;0.6785962113399103
Unknown;0.0733185336293274;-0.4351851851851852;-0.6123746883671835
Unknown;0.1284374312513749;0.248314606741573;0.4956689152299705
High;3.999920001599968e-05;0.7793103448275862;0.7086411549195104
Unknown;0.9209415811683768;-0.0069444444444444;0.0502598917352852
Unknown;0.0041599168016639;-0.2954285714285714;-0.8975338192949289
High;0.0003599928001439;0.7956349206349206;1.1913170448734771
Medium;0.0002399952000959;0.6818181818181818;0.9274058475885314
High;0.0019599608007839;0.6428571428571429;1.02959628232306
Unknown;0.5985080298394032;0.3571428571428571;0.2097109029179512
Unknown;0.0238395232095358;0.4654631083202512;0.6161841516282178
High;0.0381192376152476;0.539039039039039;0.7989721865865729
Unknown;0.3579528409431811;-0.5584415584415584;-0.2958941381943656
Low;0.1456370872582548;0.3153846153846154;0.5390068704434228
Low;0.0001199976000479;0.6111111111111112;1.3619450814091345
Low;0.0016399672006559;-0.7255208333333333;-0.911575413449321
Unknown;0.0005599888002239;0.4943310657596372;0.7774693224369108
Unknown;0.0553988920221595;0.5366666666666666;0.6756206297430317
Unknown;0.0003599928001439;0.6707070707070707;1.0344829062608516
Unknown;0.241235175296494;0.2329545454545454;0.4386270097091095
Medium;0.2592348153036939;0.3545454545454545;0.3627200112386309
High;0.6502269954600908;0.0538641686182669;-0.1090068455008884
Unknown;0.0737185256294874;0.325098814229249;0.550061453658968
Unknown;7.999840003199936e-05;0.7597597597597597;1.2810214028053668
High;0.1512769744605107;0.3097826086956521;0.4948527238848417
Unknown;0.0703985920281594;0.4185463659147869;0.672825768019848
Medium;0.5234295314093718;0.1451219512195121;0.0957075249988735
Unknown;0.0004399912001759;0.7735849056603774;1.2998751353508555
Low;0.0429591408171836;-0.2718253968253968;-0.8002358522074013
Low;0.1829563408731825;0.1269841269841269;0.4736049337400229
Medium;3.999920001599968e-05;0.7898550724637681;1.3457913767266496
Low;0.8295834083318334;0.1450676982591876;0.0724478196541779
High;0.1011579768404632;0.3266666666666666;0.5020396702135834
Unknown;0.6449871002579949;0.0769230769230769;0.1451661974947829
Unknown;0.2347153056938861;-0.5946969696969697;-0.4599919939734252
Medium;0.3399532009359813;0.1732057416267942;0.3014351607064774
Unknown;0.5253094938101238;-0.0512572533849129;-0.1851216725756693
High;0.1398772024559509;0.2268518518518518;0.4947943394625471
High;0.0003599928001439;0.7426966292134831;1.0163335317889952
High;0.1726365472690546;-0.0470219435736677;-0.4592575216359496
Unknown;0.5465490690186197;-0.1320574162679426;-0.1885373317139217
Medium;0.1409571808563828;0.324354657687991;0.4820112697833317
High;0.0010399792004159;-0.6666666666666666;-1.2199075029005435
Unknown;0.0399992000159996;0.3863636363636363;0.6023176269243651
Medium;0.0326393472130557;0.5108024691358025;0.736103262055223
High;0.0083598328033439;0.5;0.7948793355693733
Low;0.0012399752004959;-0.7485380116959064;-1.2601993102488065
High;0.0002399952000959;0.6928104575163399;0.8574664908933637
Unknown;0.2787944241115178;-0.2380636604774536;-0.3204734346173056
High;0.5663886722265554;-0.2723880597014925;0.1552492618942314
High;0.7057858842823144;0.1022727272727272;0.1294876654988956
Medium;0.2766744665106698;0.2178571428571428;0.308009461893007
High;3.999920001599968e-05;0.8124098124098124;1.2636879278234925
Unknown;0.6001079978400432;-0.0958904109589041;-0.181429750082547
High;0.1830363392732145;-0.3362193362193362;-0.4734408463284826
Low;0.752464950700986;-0.1209150326797385;0.1099038586330852
Unknown;0.8939021219575608;0.0548717948717948;0.0444046166429454
Medium;0.0334393312133757;-0.5094339622641509;-0.8179120527844871
Medium;0.1077178456430871;0.2002442002442002;0.4502484375878662
Unknown;0.0011599768004639;0.6551226551226551;1.111874145033087
Unknown;0.0367992640147197;0.466802860061287;0.6812218009971518
Unknown;0.7176656466870662;0.0714285714285714;0.1637905301237015
Unknown;0.370072598548029;-0.237037037037037;-0.3943107772859324
Unknown;0.1971560568788624;0.1401785714285714;0.3355671545981615
High;0.251234975300494;-0.3341666666666666;-0.3533340747619737
Unknown;0.8342233155336893;0.0068027210884353;-0.0992060916190937
Unknown;0.0151996960060798;-0.4714285714285714;-0.9761960712914564
Unknown;0.4702705945881082;0.2844444444444444;0.2347888552526417
Low;0.5661886762264755;-0.2749099639855942;-0.1546183307152281
High;0.0119997600047999;0.4813432835820895;1.0015589056819114
Unknown;0.0002399952000959;-0.5079365079365079;-1.361576104261874
High;0.0561988760224795;-0.54;-0.9089789872505812
High;0.0081198376032479;0.5125936010891763;0.7174048379421815
Unknown;0.2749545009099818;0.33;0.5236457906013368
Unknown;0.1862762744745105;0.3358208955223881;0.5074731047686581
Low;0.1399972000559989;-0.3257229832572298;-0.5854457418399129
Unknown;0.1916361672766544;-0.47638326585695;-0.3964868122517387
High;0.8769024619507609;0.0619469026548672;-0.0323080784193512
Unknown;0.0002399952000959;0.6888888888888889;1.324598781159386
Medium;0.0994380112397752;-0.4315886134067952;-0.5979885917925002
Low;0.1485170296594068;-0.2669552669552669;-0.4774347870154539
Unknown;0.0037599248015039;0.6623376623376623;0.9968501297713852
High;0.4777104457910842;0.1911111111111111;0.3959649121145574
High;0.0029199416011679;0.4013317191283293;0.8056442146939118
Unknown;0.0002799944001119;0.6992753623188406;1.049539323766508
High;0.247555048899022;-0.19921875;-0.4425789731748172
High;0.0035999280014399;-0.3419753086419753;-1.1657916208726589
Unknown;0.2275154496910061;-0.1979949874686716;-0.4910146585015805
Unknown;0.9157416851662968;-0.0074074074074074;0.0540814971853767
Medium;0.0694386112277754;0.4286971830985915;0.509252065588215
High;0.0369592608147837;0.2151898734177215;0.6051224635192584
Unknown;0.0461990760184796;0.3832039520112915;0.5852150004028513
High;0.2921541569168616;0.2076271186440678;0.2995615880507696
Unknown;0.8923421531569369;-0.1084656084656084;0.0468133716178367
Unknown;7.999840003199936e-05;-0.9053156146179402;-2.301092390007585
Unknown;0.0001599968000639;0.7157287157287158;1.2321049437065084
Medium;0.0010399792004159;-0.6880407124681934;-1.1177619167885509
Unknown;0.7109857802843943;0.21875;0.0992466171588335
Medium;0.3389132217355652;0.1688311688311688;0.3375312667395428
Medium;0.4334713305733885;-0.1286407766990291;-0.2377330196430017
Unknown;0.0065198696026079;0.4559748427672956;0.6107832310242597
Unknown;0.0075598488030239;0.5146067415730337;0.8213307781995686
Medium;0.5630687386252275;-0.2359963269054178;-0.1781567501315199
Unknown;0.7314653706925861;0.1076923076923077;0.088744814755595
High;0.4538309233815323;-0.4136363636363636;-0.243439355390298
Low;0.122037559248815;0.0947802197802197;0.4392622778027294
Unknown;0.0002799944001119;0.7644927536231884;1.3999925328309637
High;0.0796384072318553;0.3987951807228915;0.5899375801855444
Unknown;0.8955420891582169;0.2242647058823529;-0.0658150626549843
Medium;7.999840003199936e-05;0.6181566181566182;0.8425152179522247
Medium;0.0002399952000959;0.8169934640522876;1.5855739913339275
Unknown;0.2336353272934541;-0.2462462462462462;-0.4203440803102982
Unknown;0.1886762264754705;-0.1180555555555555;-0.642973673187443
Medium;0.1315973680526389;0.0888888888888888;0.4827986884602992
High;0.0031999360012799;0.407557354925776;0.7508579982871407
Unknown;0.0032399352012959;0.4893939393939394;0.7603861851598284
Medium;0.0003199936001279;0.7857142857142857;0.8061444352410653
High;0.3517529649407012;0.1090439276485788;0.2516985089735255
Medium;0.6808663826723466;0.1013888888888888;-0.128407775135503
Low;0.1637567248655027;-0.3630769230769231;-0.3994488819199226
Unknown;0.0350792984140317;-0.5567375886524822;-0.7987139065545076
High;0.0009199816003679;0.6311111111111111;1.0462299891721978
Unknown;0.0378792424151517;0.4085820895522388;0.7398166306490096
Unknown;0.1321573568528629;0.2891791044776119;0.5275440506428818
Low;0.0011599768004639;0.5176767676767676;1.147401713829787
Low;0.0004399912001759;0.7056277056277056;1.3440749515123545
High;0.7931041379172417;0.082942097026604;0.1064148496222093
Low;0.1023579528409431;0.391304347826087;0.6118122553851385
High;0.0689986200275994;0.1585301837270341;0.4790142892483902
High;0.3447931041379172;-0.1132275132275132;0.2646074123486859
Low;0.8083038339233215;0.0927318295739348;0.1075046159328113
Unknown;0.6780664386712266;-0.0884353741496598;-0.1926009315638437
Control;0.0624387512249755;-0.5679012345679012;-0.8517760329576213
Medium;0.6821463570728585;-0.0920454545454545;-0.1388484025357169
High;0.497630047399052;0.2343565525383707;0.1911145707501078
Medium;0.3613127737445251;0.2004716981132075;0.259737966826686
Unknown;0.242715145697086;0.2415584415584415;0.3840896754702695
Unknown;0.6661066778664426;0.0717948717948717;0.2183462713813456
High;0.0032799344013119;0.6502463054187192;0.9468718411943982
Unknown;7.999840003199936e-05;0.84765625;1.4152603356678055
Medium;0.9553008939821204;0.0443349753694581;-0.073839441270865
High;0.5250294994100118;0.107070707070707;0.211090070108527
High;0.2855142897142057;0.3036020583190394;0.335339502862418
Unknown;0.5680686386272275;0.1587301587301587;0.2009503535475835
Unknown;0.0016799664006719;0.6938775510204082;1.134544829516312
Unknown;0.9076218475630488;0.25;-0.0187523209213523
Low;3.999920001599968e-05;0.782051282051282;0.7579333683084243
High;3.999920001599968e-05;0.6865407319952774;1.14697978117066
Unknown;0.7357452850942982;-0.0317948717948717;-0.0832996819348482
Medium;0.247395052098958;0.1994987468671679;0.308341978501274
High;0.0561988760224795;0.4396551724137931;0.7304228163364165
High;0.0003999920001599;0.6099290780141844;2.3898843548217816
High;0.1655566888662226;-0.3382857142857143;-0.3970412189907445
Unknown;0.864822703545929;0.2483660130718954;0.083068791518649
High;0.0078398432031359;-0.6858974358974359;-1.0775320809331956
Unknown;0.0151996960060798;-0.2888888888888888;-0.6728254725596844
High;0.117917641647167;0.3876811594202898;0.5076010208642409
High;3.999920001599968e-05;0.852157943067034;1.449362203624922
Low;0.0284794304113917;0.5164556962025316;0.6763723191588555
High;0.0013599728005439;0.7318840579710145;1.5135933508365829
High;7.999840003199936e-05;-0.6440191387559808;-1.190819016850328
High;0.0001599968000639;0.7138755980861244;1.2794326760638723
Unknown;0.6694666106677867;-0.2647462277091906;-0.1382787780999174
Unknown;0.0018399632007359;0.6780045351473923;1.3642149452122567
Unknown;0.5410691786164277;0.287037037037037;0.2075608684790676
Unknown;0.747265054698906;0.1989795918367347;0.134776272547663
Unknown;0.0029199416011679;-0.7566666666666667;-1.5841814588948464
Low;0.7008259834803304;0.1007751937984496;0.1682547949968906
Unknown;0.2084758304833903;0.177734375;0.4675514777515595
Medium;0.6975060498790024;-0.2925457102672292;0.1181788887717969
High;0.1116377672446551;0.1581196581196581;0.4585924997204465
Unknown;0.2212355752884942;0.32;0.5433411866080855
Low;0.0887982240355192;-0.3995915588835942;-0.508426585547287
Low;0.4629107417851643;-0.1481481481481481;0.2116825695950006
High;0.0001599968000639;0.569620253164557;1.1015799338369827
Unknown;0.2872342553148937;0.4296296296296296;0.4668309234291832
Unknown;0.5403091938161236;0.0558223289315726;0.1770124283349489
High;0.0530389392212155;0.3388888888888889;0.7777470587037709
Low;3.999920001599968e-05;0.6596774193548387;0.914506593433934
Unknown;0.0003999920001599;0.6977777777777778;1.0920451235689883
Medium;0.3336333273334533;0.1975903614457831;0.3096339291590917
Unknown;0.122317553648927;0.3861788617886179;0.6530666936389499
Low;0.1490370192596148;-0.2377777777777777;-0.4902404294659329
Unknown;0.3476330473390532;0.1209150326797385;0.4095289528041243
High;0.0070798584028319;0.3957922419460881;0.7146156550124867
Unknown;0.0619187616247675;0.34;0.6597499067148032
Low;0.0001599968000639;0.5594871794871795;0.8802963573249001
Medium;0.0752784944301113;0.3233333333333333;0.5395551503300429
High;0.0012799744005119;-0.5698924731182796;-0.8197506725733413
Low;0.4185916281674366;0.1746031746031746;0.3250381882225271
Unknown;0.2255954880902382;0.199443413729128;0.3759784772106417
Unknown;0.0091998160036799;-0.7102803738317757;-0.8897914835311841
High;0.1381172376552469;0.3115942028985507;0.6724335636680853
High;0.0001199976000479;-0.9308176100628932;-1.9582154395540712
Medium;0.0002399952000959;0.6481927710843374;1.1819987395185554
Unknown;0.5043499130017399;-0.1020408163265306;-0.2921382428615126
Low;0.0842783144337113;0.4786967418546365;0.7004897318813972
High;0.0653186936261274;0.4295454545454545;0.5934426036066206
High;0.1278774424511509;-0.3333333333333333;-0.8149747914285601
High;3.999920001599968e-05;-0.8818181818181818;-2.214671319167476
Control;0.0001599968000639;-0.7852112676056338;-1.7646585463463964
High;3.999920001599968e-05;-0.992063492063492;-4.391673826652516
High;0.1676766464670706;-0.3045977011494253;-0.4867083135336646
High;0.0492390152196956;-0.4192592592592593;-0.7385777039200265
High;7.999840003199936e-05;0.8057692307692308;1.3826207369823935
High;0.1776764464710706;-0.272289156626506;-0.4548669472319526
High;0.1354772904541909;0.2472989195678271;0.4277319617200018
High;0.749585008299834;0.0588235294117647;-0.0943138557245497
Unknown;0.7756244875102498;0.0280464216634429;0.0982079479062938
Unknown;0.0142797144057118;0.5096711798839458;0.6662074190274313
High;0.1678366432671346;-0.1797333333333333;-0.3787458696428986
High;0.0241995160096798;0.3543689320388349;0.6308631889222074
Medium;0.0262394752104957;0.5833333333333334;0.8683551742257432
Unknown;0.3010739785204296;0.2007042253521127;0.3874802997036221
Unknown;0.615187696246075;0.0751633986928104;0.1928781248906893
High;0.0010399792004159;-0.8052083333333333;-1.1265455126224122
Low;0.6100677986440272;0.0175438596491228;-0.2506831443986059
High;0.0001199976000479;0.7266666666666667;1.0725287125001013
Medium;0.8476630467390652;-0.1000680735194009;0.0686420681513569
High;0.0673586528269434;-0.3272727272727272;-0.6307302301606523
Low;3.999920001599968e-05;0.8168168168168168;1.339097144722872
High;3.999920001599968e-05;0.8313131313131313;1.3191623197466376
Unknown;3.999920001599968e-05;0.8622305529522024;1.701453861675653
Medium;0.0264794704105917;0.2537593984962406;0.539771367245352
Unknown;0.1936761264774704;0.2425373134328358;0.4699033703179722
High;0.4106717865642687;0.095679012345679;0.2578664602278995
High;0.0037999240015199;0.5766666666666667;1.2386438027895663
Medium;0.0027599448011039;-0.6354895104895105;-0.7642128809613231
Low;0.0003199936001279;0.5598958333333334;0.7784033721476087
Control;0.0247195056098878;-0.5;-0.907908562324577
Unknown;0.2914341713165737;-0.2;-0.3598518495279305
High;3.999920001599968e-05;0.8011904761904762;1.5483663184506269
Low;0.0003599928001439;0.4852420306965762;1.0798007395974227
Unknown;0.3509129817403651;-0.1730205278592375;-0.3008033060631184
High;0.2219955600887982;0.2833723653395784;0.4853063303525289
Unknown;0.5529489410211795;-0.0250809061488673;0.206807181321122
High;3.999920001599968e-05;-0.9186046511627908;-2.770393715730895
Unknown;0.0606387872242555;0.2276459854014598;0.4507396778654276
Unknown;0.7700245995080098;0.2;0.070073216986454
Unknown;0.4101117977640447;0.3024691358024691;0.3473888918246617
Medium;0.5628287434251315;0.2441558441558441;0.213688088506429
Unknown;0.0013199736005279;-0.4684684684684684;-0.8943282885442341
Unknown;0.4113917721645567;-0.2292545710267229;-0.2871741486841716
High;0.0087198256034879;0.4706439393939394;0.6672930429128312
Medium;0.0001199976000479;0.8496732026143791;1.5488634716185632
Medium;3.999920001599968e-05;0.7988980716253443;0.9116346642177304
High;0.0103997920041599;0.4508196721311475;0.6755738083526643
High;0.0035199296014079;0.444055944055944;0.7360450842329933
High;3.999920001599968e-05;-0.9576719576719576;-1.5577575592595914
High;0.0041599168016639;0.4706439393939394;0.993615423146291
High;0.0009199816003679;-0.6515151515151515;-1.496468735699529
Unknown;0.9318213635727286;0.0271790065604498;-0.0219587880091541
Unknown;0.374752504949901;-0.0410714285714285;-0.3429504203542952
High;0.0002799944001119;0.5629370629370629;0.8697418191923271
Unknown;0.4739505209895802;0.1921182266009852;0.2831013861236572
High;0.0004399912001759;0.8333333333333334;1.5143630832686803
High;3.999920001599968e-05;0.7294117647058823;1.318757040632031
Low;0.0190796184076318;0.4399038461538461;0.709353600002076
Low;0.0237995240095198;0.7521367521367521;1.3409683963029255
High;0.0058798824023519;-0.8620689655172413;-1.484051497045394
Unknown;0.0111597768044639;0.4369047619047619;0.7899475654224363
Unknown;3.999920001599968e-05;0.743801652892562;1.0972594243702
Unknown;0.7655046899062019;0.2424242424242424;0.1253908532422927
Unknown;3.999920001599968e-05;0.7820823244552058;1.2649737179628973
Unknown;0.6099078018439631;0.4195906432748538;0.1606481360859625
Medium;0.6991060178796424;0.1647727272727272;0.1147619226755841
High;0.2911141777164456;0.1032098765432098;0.2878194886492008
Unknown;0.4105117897642047;0.15;0.3918420047307094
Medium;0.9799804003919922;0.0953488372093023;0.0195644511787245
Unknown;0.3333933321333573;0.2692307692307692;0.4084117045788082
Unknown;0.0387192256154876;-0.3431524547803617;-0.5688805120686709
Unknown;0.4874302513949721;0.1555555555555555;0.3468611786114406
Unknown;0.0091598168036639;0.6181818181818182;0.8935502312392527
Medium;0.1085978280434391;0.2553191489361702;0.4913660670206219
Unknown;0.0097998040039199;0.5740740740740741;0.8236929512301069
High;3.999920001599968e-05;0.8782201405152225;1.5735390419077346
Unknown;0.8915421691566169;-0.0533333333333333;0.1140297119638259
Medium;0.0299594008119837;-0.6746031746031746;-0.7509031557529526
Low;3.999920001599968e-05;0.6008492569002123;0.9989017153822296
High;0.0770384592308153;0.2497502497502497;0.5377179470444897
Unknown;0.5087898242035159;-0.1975308641975308;-0.28448237531521
Unknown;0.0003599928001439;0.7392592592592593;1.502666959795263
High;3.999920001599968e-05;0.7932251235003529;1.3078854347590037
Medium;7.999840003199936e-05;0.8490028490028491;1.2085626501234417
Control;0.1435171296574068;0.3617021276595745;0.6496308123824558
Medium;3.999920001599968e-05;0.7442396313364056;1.1168170692800614
Unknown;0.6289874202515949;-0.3683409436834094;-0.1458341478269405
Unknown;0.7160256794864103;-0.3159722222222222;-0.1804076197114783
High;0.0053598928021439;0.4478468899521531;0.7764328552124755
High;0.0033999320013599;0.468954248366013;0.808657643710676
High;0.0109597808043839;0.5406189555125726;0.7682997917163896
High;3.999920001599968e-05;0.7657342657342657;0.8640551246124188
High;3.999920001599968e-05;0.7566287878787878;1.135813695950556
Low;0.7399452010959781;0.0526932084309133;0.0961870225775417
Unknown;0.0232395352092958;-0.5733333333333334;-1.0639537323534738
High;0.0148797024059518;0.51171875;0.7994454249564796
High;0.0109997800043999;0.3384353741496598;0.5647231808522706
High;0.1621967560648787;-0.2318840579710145;-0.6579042163465254
High;0.0001599968000639;0.6988505747126437;0.9470769158624804
Unknown;0.0103197936041279;0.5321428571428571;0.91248176555848
Low;0.0001599968000639;0.7244444444444444;1.3600525232500495
Unknown;3.999920001599968e-05;0.8396624472573839;1.4257728566429135
Unknown;0.125637487250255;-0.2014388489208633;-0.4091930848731506
Unknown;0.0380392392152156;-0.511437908496732;-0.8135319814842656
High;0.4427511449771004;0.0395189003436426;-0.2277252252141483
Medium;0.0355992880142397;-0.3559808612440191;-0.6833811711798534
High;0.0291594168116637;0.4792626728110599;0.8273743349872081
Medium;3.999920001599968e-05;0.7;1.0390111547131553
Low;0.0001599968000639;-0.6807228915662651;-1.4304771937615963
Low;0.0442791144177116;0.4555555555555555;0.8749616479454404
High;0.8376632467350653;-0.0284090909090909;-0.0734955042907381
Medium;0.6343473130537389;0.0375494071146245;-0.1482302449495405
Low;0.884382312353753;-0.0259259259259259;0.0431125762343326
High;0.5118697626047479;-0.0838530838530838;0.2052542679003571
Low;0.4894702105957881;0.1996268656716417;0.2687061387028692
Unknown;0.0019599608007839;0.8014184397163121;1.4219971122856407
High;0.0076398472030559;0.5816326530612245;0.9224721581009324
Medium;0.0123597528049439;0.48664343786295;0.6756120608545584
High;0.0003599928001439;-0.7104377104377104;-1.141309065291095
Unknown;0.0671186576268474;0.6080808080808081;0.5818658780803574
High;0.9225415491690168;0.1673699015471167;-0.0148430008669893
Low;0.0013199736005279;0.4722222222222222;0.7314067958862572
Unknown;0.0012399752004959;-0.6651162790697674;-1.073896577048156
High;0.8425831483370333;-0.2023562023562023;-0.0468819316241142
Unknown;0.1122377552448951;-0.3518518518518518;-0.6930829535389594
Medium;3.999920001599968e-05;0.8812997347480106;1.5197518257379177
Unknown;0.0954380912381752;0.2744186046511628;0.5440823556236466
Low;0.0235595288094238;0.5033333333333333;0.8482807469015834
High;0.501309973800524;0.0870588235294117;0.2203269248693392
Low;0.0725185496290074;0.3975694444444444;0.6344314058564359
Unknown;0.8258634827303454;-0.0510204081632653;-0.0890321087993802
Medium;0.5415091698166037;-0.2438271604938271;-0.2677861894389531
Low;0.0199596008079838;0.5612244897959183;0.8700450328297017
Unknown;0.0652786944261114;0.245014245014245;0.6921959397603142
High;0.6477470450590989;-0.75;-0.2131294338902417
Unknown;0.5229095418091638;0.1132075471698113;0.3059232826277744
Low;0.0021599568008639;-0.5833333333333334;-1.1351573741950205
Low;3.999920001599968e-05;0.5980629539951574;1.0880899497559111
Unknown;0.366352672946541;0.1686182669789227;0.3571606236300283
High;0.5968680626387473;-0.0184331797235023;0.2583560112126062
Unknown;0.369552608947821;-0.3201581027667984;-0.2878319495340883
Unknown;0.1033579328413431;0.13671875;0.6780461582083864
Low;0.0023599528009439;0.4622252747252747;0.78575853395624
High;0.0071598568028639;-0.4503703703703703;-0.975559397953078
High;0.6846663066738665;-0.0830889540566959;-0.1109952359186475
Medium;0.5068698626027479;0.1394557823129251;0.2133979183317688
High;0.3537529249415012;-0.0898520084566596;0.296065562274674
High;0.0023599528009439;-0.2938271604938272;-0.9697087534746855
Unknown;0.5981480370392592;0.0993883792048929;-0.1883781628633183
High;0.2957140857182856;0.284681130834977;0.3067724271920916
Unknown;0.2659946801063979;0.2253521126760563;0.3880094795403039
High;3.999920001599968e-05;-0.7535714285714286;-1.749045872856663
High;0.374152516949661;0.0669014084507042;0.3460454421826253
Unknown;3.999920001599968e-05;0.8794642857142857;1.8343571752954897
High;0.3561528769424611;0.3533834586466165;0.3752421492969079
Medium;0.9233015339693206;-0.130718954248366;-0.0212930305807748
Unknown;0.3409131817363652;0.1814345991561181;0.334200936124934
Control;0.1078378432431351;0.2267884322678843;0.5674333495768934
Unknown;0.4557908841823163;-0.2434782608695652;-0.2195897367281506
Low;0.0416791664166716;0.2749287749287749;0.725592238189865
Medium;0.0246395072098558;0.3101045296167247;0.6082486767677218
Low;3.999920001599968e-05;0.7777777777777778;1.1126618259508712
High;0.4485510289794204;0.0671550671550671;0.2155118284164635
High;0.7189056218875622;0.1965714285714285;0.0898663454042652
High;0.0015599688006239;0.4423617619493908;0.9574849580269532
Unknown;0.0296794064118717;-0.3022727272727272;-0.78517457326476
Medium;0.0509589808203835;0.4421768707482993;0.7640475821009038
High;0.1026779464410711;-0.3451851851851852;-0.6338985640816026
Medium;0.0023199536009279;-0.7903225806451613;-1.7677077805965216
Low;0.1809963800723985;0.4607407407407407;0.3606631786759773
High;0.289193302891933;-0.380281690140845;-0.7356278561584476
Low;0.0354792904141917;0.5868055555555556;0.6642581224918978
High;0.0039199216015679;0.483843537414966;0.8215479536441714
Unknown;0.0601987960240795;-0.3423913043478261;-0.6353226840960884
High;0.0158796824063518;-0.4238095238095238;-0.6711421097662509
Unknown;0.0023949169110459;-0.8793103448275862;-1.8181933917366595
Unknown;0.0146397072058558;0.448314606741573;0.7385667015739237
Unknown;0.0552788944221115;0.0214285714285714;0.8189854894157764
High;0.0037999240015199;0.3331428571428571;0.7514041113294727
Medium;0.6473470530589388;0.2549450549450549;0.1300100327960619
Unknown;0.8770224595508089;0.0638297872340425;0.0817501794922892
Low;0.0061998760024799;0.485973597359736;0.8022652760701026
Low;0.2658346833063338;0.1414634146341463;0.3751787148105237
Unknown;0.499870002599948;-0.0988562091503268;0.1921962628758568
High;0.0520789584208315;-0.5074925074925075;-0.713551391539686
High;0.1069578608427831;0.2973484848484848;0.6190725499648715
High;7.999840003199936e-05;0.8401826484018264;1.5880514965095551
Medium;0.2055558888822223;-0.3990929705215419;-0.4733117599917996
Unknown;3.999920001599968e-05;0.7065527065527065;1.314653642794097
High;0.0071598568028639;0.5831325301204819;0.8898366424556969
Unknown;0.0039999200015999;0.4658333333333333;0.7799859443159723
High;0.4630707385852283;-0.1488636363636363;0.2603198900923966
High;0.3930721385572288;-0.5773694390715667;-0.2505879994921209
High;0.3991520169596608;0.2447916666666666;0.2361657380436813
Low;0.6044679106417872;0.0258823529411764;0.1789901016368385
Unknown;3.999920001599968e-05;0.8814229249011858;1.6356691476896383
Unknown;0.0031199376012479;0.6413043478260869;1.3379400345990329
Unknown;0.4501109977800444;0.0909090909090909;0.2855097759131548
High;0.6531469370612588;-0.066358024691358;-0.1554689667820748
High;0.0018799624007519;-0.6481481481481481;-1.233593610490349
High;0.9905001899962;0.0401940401940401;-0.0164920611376917
High;0.0214795704085918;0.4307458143074581;0.7354588773356626
Medium;0.0001999960000799;-0.59;-1.538730716478968
Unknown;0.9324613507729844;0.0968523002421307;-0.0245450996964424
Medium;0.3593128137437251;0.1739766081871345;0.182191642779966
Unknown;0.1695166096678066;0.2666666666666666;0.4491984991130396
Unknown;0.0085598288034239;0.4107142857142857;0.7497979930730918
High;0.0001999960000799;0.7;0.9329426262510612
High;0.0185996280074398;0.326051779935275;0.6500403609076563
Medium;0.3597528049439011;0.1869918699186991;-0.4008226113305742
Medium;0.0029999400011999;0.512;0.6329346697764334
High;0.0026399472010559;0.5943820224719101;0.743971180700287
High;0.3211535769284614;0.196078431372549;0.4364015908466299
Unknown;0.9627007459850804;-0.0289855072463768;-0.047083306106706
Low;0.2238355232895342;0.2868757259001161;0.3444952708526254
Medium;0.1004379912401752;0.2822966507177033;0.508937932410413
Unknown;0.8949021019579608;0.0047348484848484;-0.0534157657078241
Unknown;0.2352752944941101;-0.2977777777777777;-0.5661441301044388
Unknown;0.0822383552328953;-0.3653846153846153;-0.8473169718636726
High;0.2165956680866382;0.4;0.4094412803348412
Low;0.0452390952180956;0.3157051282051282;0.554703422092496
Medium;0.3066738665226695;-0.1301587301587301;-0.308691504677816
High;0.2893142137157257;0.2757352941176471;0.3941988610228169
Unknown;0.0035599288014239;0.4729411764705882;0.9271304463431792
Medium;0.2226755464890702;0.2352941176470588;0.3921256649297647
Unknown;0.0007599848003039;0.7346153846153847;1.2956370710964689
Low;0.0003999920001599;0.6821428571428572;1.021913897339329
Unknown;0.0001199976000479;0.7522727272727273;1.4625625942297256
Unknown;0.3519529609407812;0.0641025641025641;0.3324673829457737
Low;0.6787064258714826;0.0048192771084337;0.1395205689438269
Unknown;0.2992740145197096;0.2664835164835165;0.4185241430358229
High;0.0028399432011359;0.5428571428571428;0.9724113747496496
Unknown;0.6892662146757065;0.1159420289855072;0.0780924093528615
Unknown;0.1997960040799184;0.2047619047619047;0.4154590991649311
Low;0.0792384152316953;-0.3395348837209302;-0.6116270401776991
Unknown;0.1858362832743345;-0.3134057971014493;-0.5094439881612421
Low;0.0007599848003039;-0.5580808080808081;-1.0145885296293713
Unknown;0.3881122377552449;-0.2852112676056338;-0.3227315446280187
Unknown;0.9719805603887922;0.2009685230024213;-0.016739336558822
High;0.0480790384192316;0.3971631205673759;0.9043290791412794
Unknown;0.2691946161076778;-0.2159090909090909;-0.4154915819146644
Unknown;0.9214615707685846;-0.0135135135135135;-0.0247937542316787
Unknown;0.6675066498670027;-0.0408870408870408;0.118457849070049
Unknown;0.8694626107477851;0.1258503401360544;0.068403683138281
Unknown;3.999920001599968e-05;0.8275862068965517;1.6283055997786506
Medium;0.2687146257074858;0.5019342359767892;0.3638182045170182
Unknown;3.999920001599968e-05;0.6597560975609756;1.455760763426425
Unknown;3.999920001599968e-05;0.6766233766233766;1.194912834363408
Unknown;0.1415171696566068;-0.1979949874686716;-0.6337917830303272
Medium;0.0071998560028799;0.6005244755244755;0.8760372901076021
Unknown;0.9363012739745206;-0.1288888888888889;0.0418569886498071
Low;0.0091198176036479;0.4755813953488372;0.7338165981591711
Unknown;0.0333593328133437;-0.5179127725856698;-0.6947080693398169
Medium;0.0034399312013759;0.5821428571428572;0.9843079486440304
High;0.3331533369332613;-0.2134502923976608;-0.3454124603150077
High;0.0759184816303674;0.1692037470725995;0.4763356415145463
High;0.5543489130217396;0.1185567010309278;0.1832486056599387
Unknown;0.0986380272394552;0.3559322033898305;0.6621638202297782
High;0.1972360552788944;-0.1597222222222222;-0.4092118438194701
Low;0.9199416011679766;-0.0109034267912772;0.0348637040790366
High;0.4621907561848763;-0.1870915032679738;-0.2262192747665457
High;0.7669446611067778;-0.0816326530612244;-0.0993058390017413
Unknown;0.5140297194056119;0.0532646048109965;0.2113459410216511
High;0.0231195376092478;0.5051546391752577;0.6586900689819705
Unknown;0.0001599968000639;0.7481343283582089;1.4557398264105312
High;0.0102397952040959;0.5585185185185185;0.9796539151927284
High;7.999840003199936e-05;-0.6193806193806194;-2.177901823186424
High;7.999840003199936e-05;0.7914951989026063;1.3811411183224074
Unknown;0.9260614787704246;0.0157232704402515;-0.0286739108754555
Unknown;0.0230795384092318;0.7022058823529411;0.7804338363274856
High;0.6611867762644748;0.1984126984126984;0.1831678568013712
Unknown;0.0007999840003199;0.6253012048192771;1.0146447806312373
High;0.3154736905261894;-0.1488095238095238;0.403426036314001
High;3.999920001599968e-05;0.9045138888888888;1.3807816107799356
Unknown;0.4105117897642047;-0.3064935064935065;-0.322030673487798
High;0.0265194696106077;0.6325757575757576;0.9297003776577156
High;0.497070058598828;0.3233830845771144;0.255583237684186
High;0.0022399552008959;0.4831325301204819;0.8616328897628733
Unknown;0.6638267234655307;-0.1589285714285714;-0.1701719208858339
High;0.2883800410116199;0.3950617283950617;0.5654443224776886
Medium;0.0004799904001919;-0.8735362997658079;-1.266765171182242
High;0.7242655146897062;0.4955357142857143;0.1693947090679705
Low;0.116357672846543;-0.4583333333333333;-0.8412542260652732
Low;0.0168396632067358;0.6212121212121212;0.973973053184898
High;0.0609987800243995;0.3045171339563863;0.560685316642522
Unknown;0.7622247555048899;0.0887185104052574;0.0943611498875818
High;0.4040719185616288;0.0348314606741573;0.2906835468882308
Medium;0.7246255074898502;-0.09465737514518;0.1127180753201363
High;0.7643847123057539;0.1705607476635514;0.0703472299627752
Unknown;0.2393952120957581;0.4184397163120567;0.5465370343888231
Unknown;0.0626387472250555;-0.4308943089430894;-0.8662909504289364
Unknown;0.4117117657646847;-0.1807692307692307;-0.2442891503881392
Low;0.0057198856022879;-0.6856866537717602;-0.977355876144752
Medium;3.999920001599968e-05;0.7809065934065934;1.19725021533763
High;0.0006799864002719;0.5380952380952381;0.8156753782476129
High;0.1069178616427671;0.4652981427174975;0.557678989439206
High;0.9316213675726486;0.0892857142857142;0.0390023501399796
High;0.1294374112517749;0.2222222222222222;0.4143049740170558
Unknown;0.5991480170396593;0.2169092169092169;0.1773593095526622
Unknown;0.8243035139297215;0.0471698113207547;0.0637957560827141
Low;0.0947581048379032;-0.3629976580796253;-0.5730267324922889
High;0.1865962680746385;0.2378640776699029;0.3833056949284117
Unknown;0.247355052898942;-0.0919913419913419;-0.2883658794585526
Unknown;0.120517589648207;-0.2003367003367003;-0.4985455725908023
Low;0.0543989120217595;0.2039007092198581;0.4769459102763925
Unknown;0.3228335433291334;0.2027649769585253;0.4005184939610786
Low;0.0014399712005759;0.4945652173913043;0.918713366802379
Medium;0.0231195376092478;0.2705882352941176;0.6789679078366275
High;0.0103197936041279;0.407557354925776;0.6290215078903949
High;0.1944761104777904;-0.4103703703703704;-0.4770072175688498
High;0.3250334993300134;0.1913265306122449;0.389549266942489
Medium;0.1953160936781264;-0.4307692307692308;-0.502122006319939
High;0.0002399952000959;0.6113138686131386;0.981167809338984
Unknown;3.999920001599968e-05;0.5769380599922088;1.0200123947153372
Low;0.0831983360332793;0.2732732732732733;0.6412713989679979
Low;0.5746685066298673;0.063076923076923;-0.1432195525139601
High;3.999920001599968e-05;0.7686453576864536;1.5407049723760275
Unknown;0.252994940101198;-0.3226684819605173;-0.334706633191218
Low;0.0959580808383832;-0.3537414965986394;-0.7348896258910766
Medium;0.2562348753024939;0.2119047619047619;0.4493156068895135
Unknown;3.999920001599968e-05;-0.7428571428571429;-1.2060851742267125
High;0.1995960080798384;0.0607142857142857;0.4645892159223617
Medium;0.3567528649427011;0.1196145124716553;0.2591383517919093
High;0.0064798704025919;-0.3968253968253968;-0.7760760507890446
Low;0.0437991240175196;-0.4050179211469534;-0.6486546561270736
Unknown;3.999920001599968e-05;0.8847736625514403;2.2268364241708007
Unknown;0.0237595248095038;0.4327485380116959;0.6925953910596389
High;0.3341533169336613;-0.0476190476190476;-0.4334283462699177
Unknown;0.3815123697526049;0.3345829428303655;0.2723117767180253
Unknown;0.0098398032039359;0.6234567901234568;0.8686020463553512
Medium;0.0002399952000959;0.7168949771689498;1.1426640260561178
Unknown;0.879942401151977;0.3456221198156682;0.0711333525716224
Unknown;0.5559888802223956;0.1413043478260869;0.1547585668367097
Unknown;0.0001199976000479;0.7765151515151515;1.3659602429838316
Low;0.0007999840003199;0.5821882951653944;0.9309633917603144
Unknown;0.0001999960000799;0.4986876640419947;1.009777399755148
Unknown;0.1847163056738865;0.44;0.6008227867646261
Medium;0.2837143257134857;0.2988636363636364;0.3574056421208654
High;0.0165596688066238;0.2271241830065359;0.6637349359885627
Unknown;0.0131197376052478;0.4769975786924939;1.0474229846487892
Unknown;0.0179596408071838;-0.4734356552538371;-0.7202886608970174
Unknown;0.6656666866662667;-0.1475409836065573;-0.1652698113219264
Unknown;0.8554628907421852;0.2147435897435897;-0.1050709324800148
Medium;0.8412631747365052;0.1702127659574468;0.0959103773713795
High;0.9082618347633048;-0.0641025641025641;-0.0333075855436005
High;0.0155996880062398;0.4609609609609609;0.7324679397749669
High;0.7245855082898343;0.09;0.1730315904367879
Low;0.6078678426431471;-0.0135396518375241;0.1659499860854937
High;0.0003199936001279;0.6874074074074074;0.8981689249619035
Unknown;0.7879442411151777;-0.0886699507389162;-0.1239185442013409
Unknown;0.0011999760004799;0.7429577464788732;0.8596060896369928
High;0.0101997960040799;0.5413533834586466;0.8178848582263006
Unknown;0.0372792544149117;0.3636363636363636;0.6458064266582232
Low;0.4888702225955481;0.1244094488188976;0.1888821593364728
High;3.999920001599968e-05;0.8124098124098124;1.177956113575662
High;3.999920001599968e-05;-0.805959805959806;-1.5913028779935343
High;0.0007599848003039;0.4917883211678832;0.7728807597696828
Medium;0.0003199936001279;0.6547619047619048;1.0758182788579662
Medium;0.868862622747545;0.0655957161981258;0.0588029106784138
High;0.0009199816003679;0.5790123456790124;0.80023338176028
Unknown;0.0865182696346073;0.3062770562770562;0.4174526338856956
Medium;0.0628387432251355;0.2633333333333333;0.507201998247796
Low;0.0002399952000959;0.7377777777777778;0.980298181772762
Unknown;0.0159996800063998;0.3156565656565656;0.804602900900787
Unknown;0.0965180696386072;-0.3666666666666666;-0.6615833823907754
Unknown;0.0776384472310553;0.296875;0.6837819762031775
High;0.7931441371172576;-0.0482026143790849;0.0925964785007838
High;0.0411191776164476;-0.5517647058823529;-0.705273357752319
Medium;0.0030399392012159;0.660377358490566;1.1383845854675017
High;0.4843903121937561;0.2694063926940639;0.2562926838980772
Unknown;0.245395092098158;0.2854961832061068;0.3168439429732233
High;0.7054658906821863;0.1555555555555555;0.1925944682935024
Unknown;0.1375972480550389;0.4092009685230024;0.60437244423838
High;0.0003599928001439;0.7191283292978208;1.1238293689873498
High;0.9314213715725684;-0.0620535714285714;-0.007204073998699
Unknown;3.999920001599968e-05;0.8591549295774648;1.4474775131067488
High;0.0029599408011839;0.4820936639118457;0.9024911635876856
Low;0.0321593568128637;0.3506600660066006;0.5668580968940159
Unknown;0.1554768904621907;0.2207602339181286;0.4644547403037157
Medium;0.0001199976000479;0.7160714285714286;1.182942074609567
Unknown;0.0025599488010239;0.5925925925925926;1.0543513013468766
Medium;0.0008799824003519;-0.648424543946932;-1.2125134054020472
High;0.1637967240655186;-0.1886608015640273;-0.4647735005464713
Unknown;0.0545589088218235;0.4730679156908665;0.6476321867369309
Unknown;0.5454545454545454;-0.4285714285714285;-0.4027571423144418
Medium;0.0724785504289914;0.4444444444444444;0.7770059494341318
Low;0.0253594928101437;0.6132075471698113;0.7052644659864111
Unknown;0.0172796544069118;-0.457516339869281;-0.7784956591168753
Medium;0.0020799584008319;0.6041666666666666;0.92031634547993
Low;0.6925461490770185;-0.2266666666666666;-0.0932264553555065
Unknown;0.0121197576048479;-0.6122448979591837;-1.147938664981065
High;0.0059998800023999;0.5877192982456141;0.8890266614978486
Unknown;0.2877142457150857;0.4333333333333333;0.4663200812120568
Medium;0.0533189336213275;0.2649253731343283;0.7163354699909512
High;0.0072798544029119;0.3514285714285714;0.6628611447957617
Unknown;0.0326393472130557;0.75;0.9764506318275032
Low;0.2718745625087498;0.3186705767350928;0.3512023863639866
High;0.1824363512729745;0.2717647058823529;0.4157219953887781
High;0.0005999880002399;0.551980198019802;0.8512342182646818
Unknown;0.0367992640147197;0.8269230769230769;1.2292788118415867
Unknown;0.0002399952000959;0.7332089552238806;1.42887620007781
High;0.7204255914881702;-0.0284503631961259;-0.092315934287247
Unknown;0.4327113457730845;-0.0818181818181818;-0.3699287969039591
Unknown;0.2737945241095178;0.4213836477987421;0.4807570434874103
High;0.0851182976340473;-0.3043184885290148;-0.5159489312606412
Medium;3.999920001599968e-05;0.8595238095238096;1.2580013291719496
Unknown;0.2185956280874382;-0.0921985815602836;-0.5115770181762758
Medium;0.5552688946221076;0.2517006802721088;0.2557751161540582
High;0.0010799784004319;0.5864197530864198;1.075802761906908
High;0.0556788864222715;0.3756063756063756;0.570495853543783
Medium;0.2956740865182696;0.117408906882591;0.3092863391335414
High;0.2088358232835343;0.1710684273709483;0.3578107241211152
Unknown;0.0630387392252155;0.435546875;0.6874085352542862
High;0.0861582768344633;-0.3029271613342409;-0.4986134333272952
Unknown;0.9557008859822804;-0.0666666666666666;-0.0150889237042775
High;0.0022399552008959;-0.9064935064935064;-1.4793101208215809
Unknown;0.0640387192256154;0.4097222222222222;0.6369329333942735
Unknown;0.0865182696346073;0.2782931354359926;0.4562669123566962
Unknown;0.0001599968000639;0.717948717948718;1.4272900189094997
Medium;0.0015599688006239;0.6788461538461539;1.0333615992952316
Unknown;0.0082398352032959;0.6538461538461539;1.0005469750146565
Medium;0.0509989800203995;-0.5681818181818182;-0.5857704160099133
High;0.0004399912001759;0.530952380952381;0.8954096712791757
Medium;0.2542349153016939;-0.2696296296296296;-0.4120155717839758
High;0.993860122797544;0.0357420357420357;-0.004125702391844
High;0.0040799184016319;0.5442857142857143;0.6381607040052537
High;0.1982760344793104;-0.4742647058823529;0.5937400911402494
Low;0.0648787024259514;0.2765151515151515;0.6675734896818943
Unknown;0.0194796104077918;0.35;0.6528854754812815
Low;0.0590388192236155;0.4869565217391304;1.157216964423016
Unknown;0.0005599888002239;0.6374269005847953;1.4339690989543443
Low;0.0037999240015199;-0.5317073170731708;-1.0142854493769016
Low;0.0817183656326873;0.360774818401937;0.716981168457729
Medium;0.0480390392192156;0.2796875;0.514188560882711
High;0.0181596368072638;0.5571428571428572;0.9072682518558964
Unknown;0.1366772664546709;-0.3548387096774194;-0.4686565452669332
Low;0.0211195776084478;0.6893939393939394;0.8837981519639605
Unknown;0.9782604347913042;-0.1317733990147783;-0.0016068293566965
Low;0.2817143657126857;0.413265306122449;0.4305770198241985
High;0.3601527969440611;-0.0963414634146341;-0.300245931118473
Unknown;0.4335513289734205;-0.2378328741965105;-0.2428615817943124
High;0.2568922305764411;0.5272727272727272;0.5086621212322947
Medium;0.0003599928001439;0.8233766233766234;0.6976581418112981
Unknown;0.0058398832023359;0.585480093676815;1.2520800256190336
High;0.0019199616007679;0.5980769230769231;1.2126796533929294
Medium;0.1640367192656147;-0.2835820895522388;-0.4148998118124452
High;3.999920001599968e-05;-0.8669950738916257;-2.403393502910692
High;0.0507989840203195;-0.47953216374269;-0.7311452113613881
Medium;0.0192396152076958;0.3896103896103896;0.6666263814002232
Unknown;0.5234765234765235;0.45;0.4294352106149231
Unknown;0.375192496150077;0.4211111111111111;0.2963700510678961
Medium;0.1533969320613587;0.360774818401937;0.6000597028825235
Unknown;0.0153196936061278;0.4924242424242424;1.0031805807213672
High;0.250594988100238;-0.3841911764705882;-0.4356838048529576
High;3.999920001599968e-05;0.7821067821067821;1.160713387606492
Unknown;0.0014778325123152;0.9506172839506172;2.212930087362691
Medium;0.0101597968040639;-0.6012176560121766;-1.1841344981501094
Low;0.1945161096778064;-0.3653395784543325;-0.529422940990102
Low;0.24587508249835;0.0178571428571428;0.4301269497136335
Unknown;0.1439171216575668;0.4236453201970443;0.547230450918994
Unknown;0.0051598968020639;0.4934640522875817;0.8865011217631847
High;0.7479050418991621;0.0133333333333333;0.1776884021027132
Medium;0.0579188416231675;0.4026755852842809;0.5584855225505418
High;0.0659986800263994;0.2956841138659321;0.5140311576486092
High;0.3886722265554689;0.1084558823529411;0.3326885658702919
High;0.0065598688026239;0.7097505668934241;0.7930749615080463
Medium;0.0027599448011039;-0.6884057971014492;-1.2576148149236754
Low;3.999920001599968e-05;-0.8829365079365079;-2.064415677181142
Low;3.999920001599968e-05;0.70625;1.2905954043867638
Unknown;0.8255434891302174;0.0520833333333333;0.0893660432521001
Unknown;0.8973820523589529;0.238095238095238;-0.0837842375908616
Medium;0.3033139337213256;0.3583333333333333;0.368599903842524
High;0.0604387912241755;0.2368742368742368;0.4967098051992067
High;0.0953180936381272;0.3276041666666666;0.4556272311123683
High;0.3096338073238535;-0.297423887587822;-0.2887619317276023
Unknown;0.4796704065918681;-0.2063492063492063;-0.2624761066317915
Unknown;0.0425591488170236;0.7391304347826086;1.0300241353254171
High;0.2261154776904461;0.2519230769230769;0.4564449982785632
Medium;0.4024719505609888;-0.2693661971830985;-0.3131823122979126
Medium;3.999920001599968e-05;0.9056122448979592;1.6422421733557695
High;0.0021199576008479;0.5274074074074074;0.5885459451995892
High;0.0307593848123037;-0.3291666666666666;-0.8958459616282742
Medium;0.0064798704025919;-0.6408450704225352;-1.0953459772139291
Unknown;0.1401171976560468;-0.2992424242424242;-0.5633479428962663
Unknown;0.5959880802383952;-0.1194968553459119;-0.2530713513314634
High;0.2251554968900622;0.1188524590163934;0.3378750959387092
Unknown;0.4553108937821243;-0.0961538461538461;-0.311161215237047
High;0.0203195936081278;0.5736961451247166;0.9459639303053152
High;0.0372392552148957;0.5523809523809524;0.7910539904004039
Unknown;0.366512669746605;0.1892361111111111;0.3428530423013545
High;0.0015199696006079;-0.5587121212121212;-1.0174644520442475
Unknown;3.999920001599968e-05;0.7822802197802198;1.506033544199308
High;0.1487970240595188;-0.0587121212121212;0.6870900717597748
Medium;0.1701565968680626;0.33203125;0.4331691986366008
High;0.0074398512029759;0.4737654320987654;0.7124014868058572
Medium;0.0886782264354713;-0.3873873873873873;-0.6235494596691701
Low;0.0562388752224955;-0.3318318318318318;-0.5954187822010129
High;0.0481190376192476;-0.3630229419703104;-0.6039668857505411
High;0.0124797504049919;0.4583333333333333;0.7049346196225917
High;0.0017999640007199;0.6995073891625616;0.9049202989390228
Medium;0.0360792784144317;-0.4918032786885246;-0.6021699584531177
High;0.0001999960000799;-0.7972350230414746;-1.819526420007866
High;0.0499990000199996;0.3074074074074074;0.5993854565253356
Unknown;0.121957560848783;-0.4311111111111111;-0.8246934260366845
High;0.0124797504049919;-0.7427536231884058;-1.302776337706208
High;0.8969420611587768;-0.2972350230414746;0.1076951670236605
High;0.0167996640067198;0.5714285714285714;0.8432340329098403
Unknown;0.6575468490630187;-0.1532467532467532;-0.1767689668320161
High;0.0010799784004319;0.5971291866028708;0.9279321439589644
Low;0.7713845723085538;-0.1;-0.1032575114555895
Medium;0.0776384472310553;-0.4;-0.6355757124313511
High;0.0001199976000479;0.8033333333333333;1.2715116907173127
High;0.0028799424011519;0.3940281030444965;0.673270247056066
Medium;0.0097198056038879;0.5833333333333334;0.8453478205209896
Unknown;0.98230035399292;0.075075075075075;-0.0080629072749917
High;0.1740365192696146;-0.4546703296703296;-0.4083057020161348
High;0.7837443251134977;0.2186046511627907;0.1279722998050433
High;3.999920001599968e-05;0.9513888888888888;1.689203488685933
Low;0.0735585288294234;0.3934837092731829;0.5649522320933374
Low;0.0511189776204475;0.4137931034482758;0.7594621074176231
High;0.3040339193216135;-0.2023809523809523;-0.413992786723014
Unknown;0.0915581688366232;0.4311111111111111;0.8956051581851275
Low;0.0497190056198876;0.2975;0.5875829413332004
Unknown;0.0002799944001119;-0.738562091503268;-1.51990195384313
High;0.1628367432651347;-0.2537804076265614;-0.4076511753569425
High;0.0001199976000479;0.9377777777777778;0.8219120946482972
Unknown;0.0410791784164316;0.5069444444444444;0.8737828497795389
High;0.0540389192216155;0.3226072607260726;0.4547763929337929
Unknown;0.5267894642107158;0.119047619047619;0.248856515900675
High;0.0002799944001119;0.6536585365853659;1.138319850806611
High;0.0001599968000639;0.690522243713733;0.7616598661528895
High;0.0123997520049599;0.4345679012345679;0.6554385876584896
High;0.9030619387612248;-0.0356955380577427;-0.0303060545614662
Medium;0.0111597768044639;0.5161744022503516;0.6581768433010247
Low;0.2155956880862382;0.1047794117647058;0.3255405387620801
Low;0.0002799944001119;0.6831460674157304;1.0475426331000792
Medium;0.0070798584028319;-0.6408730158730159;-1.0139733247598677
Unknown;0.1992360152796944;-0.1770833333333333;-0.3569459999079478
High;0.630907381852363;-0.0843454790823211;-0.137139237641831
High;0.5773484530309394;-0.2818930041152263;-0.1319689651222126
Low;0.5837883242335153;0.1848151848151848;-0.1926347309397333
High;0.1558768824623507;-0.0564593301435406;0.4870902785854749
Unknown;0.5851882962340753;-0.1361111111111111;-0.1567138003669006
Unknown;0.9736605267894642;-0.0308123249299719;-0.014396915945825
High;0.0005599888002239;0.7573696145124716;1.0730625972764685
Low;3.999920001599968e-05;0.8094135802469136;1.2502019187585216
High;0.7311453770924582;0.0070323488045007;0.1361738775413759
High;3.999920001599968e-05;0.6721470019342359;1.2861427868718218
High;0.0148397032059358;-0.1961259079903147;-1.046321503659611
Unknown;0.0001999960000799;0.6561264822134387;1.0218405953024792
High;7.999840003199936e-05;-0.6391184573002755;-1.6405697683084002
High;0.0780784384312313;0.4176470588235294;0.5522189985139115
Low;0.0975580488390232;0.3117056856187291;0.4945277302525941
Unknown;0.3070338593228135;0.1212962962962962;0.2697838886079591
High;0.8309833803323934;0.1628614916286149;0.0983861706835492
Unknown;0.978340433191336;0.270935960591133;0.0036002651147577
Medium;0.2055558888822223;0.5023923444976076;0.3796698327452106
Medium;0.0002799944001119;0.7765432098765432;1.1723438983622296
High;0.0090398192036159;0.2557022809123649;0.604028045772324
Unknown;0.0107597848043039;-0.3993710691823899;-1.198304185822661
Unknown;0.0377192456150877;-0.3613636363636364;-0.6125452656484407
Medium;0.2693146137077258;0.2164948453608247;0.3452214189695964
Medium;0.1067178656426871;0.5215419501133787;0.6508903761760014
Unknown;0.4866702665946681;-0.2384615384615384;-0.2770033537033795
Unknown;0.2204755904881902;-0.4313725490196078;-0.5519261421039783
High;0.1984360312793744;0.3264033264033264;0.3946107554334752
Unknown;0.4374312513749725;0.1972027972027972;0.2498616942836648
Low;0.0015199696006079;-0.8723404255319149;-2.067952668891615
Unknown;0.9379412411751764;0.0866666666666666;0.0418630205170568
Medium;0.3135537289254215;-0.2555147058823529;0.3199913151575234
Unknown;0.7589848203035939;0.0482142857142857;0.1474720003203999
Unknown;0.0236395272094558;0.3855421686746988;0.8377831795884174
Medium;0.2127557448851023;0.1873219373219373;0.3659719110492272
High;0.0031999360012799;0.6952380952380952;0.8560339253679371
High;0.0215595688086238;-0.6060606060606061;-0.842501500434078
High;0.0662786744265114;0.6059113300492611;0.6139232570081877
Low;0.0751984960300794;0.2881152460984393;0.4910204004801811
Unknown;0.4023919521609568;0.064516129032258;0.3224848143638205
Medium;0.0024399512009759;0.5375;0.9143825191077172
Low;0.5605487890242196;0.2196969696969697;0.213697365562343
Low;0.0001599968000639;0.6928571428571428;1.2055298018541358
Unknown;0.0328793424131517;-0.2672176308539944;-0.6118300026466903
Medium;0.0130397392052158;0.5052083333333334;0.8150350721769218
Medium;0.0073198536029279;0.588613406795225;0.8268759517509945
Unknown;0.2929141417171657;0.2976190476190476;0.4549004149517873
Low;3.999920001599968e-05;0.7409579667644184;1.1784709888846605
Medium;0.1675966480670386;0.2187720536344389;0.363797585650653
High;0.120557588848223;0.2352607709750566;0.4344032058351069
Medium;0.5950280994380113;-0.2127659574468085;-0.2263045598182743
High;0.8369432611347773;-0.2283272283272283;-0.0492093324489494
Unknown;3.999920001599968e-05;0.7067708333333333;1.2367532214390191
Medium;0.3835523289534209;0.1010033444816053;0.2579047366520346
Unknown;0.1718365632687346;-0.4558823529411764;-0.7534003317686283
Medium;0.239955200895982;-0.24860853432282;-0.382652599218395
High;7.999840003199936e-05;-0.5983391608391608;-1.2149626630869332
Unknown;0.0394792104157916;0.5347222222222222;0.7610339444799502
High;0.5443891122177557;-0.2820056899004267;0.1618827325796956
High;0.2864342713145737;0.3347398030942334;0.3558164547960004
High;0.0009199816003679;0.5692307692307692;0.7193733976794218
Low;0.0034399312013759;0.5833333333333334;0.8445337808682704
Medium;0.617027659446811;-0.072599531615925;-0.1403212073111137
High;0.0270794584108317;0.4261363636363636;0.7009489564800673
Medium;0.0684786304273914;0.4655172413793103;1.0393964395940112
Unknown;0.0157996840063198;0.4685185185185185;0.7721433023729427
High;0.0230395392092158;-0.3678678678678678;-0.9909608498500374
Low;0.6084678306433872;-0.0897435897435897;0.267105827437354
High;0.0010799784004319;-0.45703125;-1.5445959323783929
High;3.999920001599968e-05;-0.925;-2.540307708425092
Low;0.0037599248015039;-0.533284023668639;-0.789433176584927
High;0.1952360952780944;-0.1674285714285714;-0.3740128061545473
Medium;0.1967560648787024;0.6864535768645358;0.4969210978568972
Unknown;0.4177516449671006;0.1663420335021425;0.2085453060185722
Unknown;0.0765984680306393;0.421875;0.6533807689855786
Unknown;0.0003599928001439;0.7121913580246914;1.043352497012438
High;0.6449471010579788;-0.2396694214876033;-0.1427806421636424
High;0.0119597608047839;0.4861244019138756;0.4961912212483739
Unknown;0.2698346033079338;0.2134146341463414;0.4301667592019219
High;0.0006799864002719;0.4810739436619718;0.7494426961698095
High;0.2845143097138057;0.0311059907834101;0.2989294114336296
High;0.0833583328333433;0.1375661375661375;0.4539352331023522
Unknown;0.7271854562908742;0.0746527777777777;-0.1188449952821914
Low;0.0075598488030239;0.5297979797979798;0.8030080317070585
Medium;0.7120257594848103;-0.1791383219954648;0.1721324965708432
High;3.999920001599968e-05;-0.9005847953216374;-1.9152729864123317
Unknown;0.9120617587648246;-0.0025062656641604;-0.0330952461047862
Medium;0.4811103777924441;0.3214285714285714;0.2969110748585277
Medium;0.0011999760004799;0.695852534562212;1.161225148990961
Medium;0.0591588168236635;0.4155251141552511;0.6472011511467876
Medium;0.3792324153516929;-0.1150870406189555;-0.2880465154835522
High;0.4549909001819963;-0.0606060606060606;-0.2323622207352598
High;0.1535569288614227;0.5434782608695652;0.6228801631659105
Unknown;0.0746385072298554;-0.0590277777777777;-0.90068834548123
Unknown;0.123157536849263;0.2668463611859838;0.6155050073406492
Low;0.4870702585948281;-0.2444444444444444;-0.228609191617152
High;0.0107197856042879;0.6502463054187192;1.0186098215165684
Unknown;0.5305493890122197;0.0424528301886792;0.1862993424265366
High;0.1701165976680466;0.2055555555555555;0.4483076176644728
Unknown;0.8909021819563608;-0.0333333333333333;-0.0371252199094932
Low;0.5700685986280274;-0.0396825396825396;-0.1576149109870247
Unknown;0.0514389712205755;0.7915690866510539;0.9016844508176264
High;0.8131437371252574;-0.1388888888888889;-0.0757815941513636
Low;0.4570308593828123;-0.2188940092165898;-0.2942390078872803
Unknown;0.0034399312013759;0.6157407407407407;0.822870999566415
High;0.0373592528149437;0.7625;0.7923818300580296
High;0.0001999960000799;0.770935960591133;1.1065300386235746
High;0.5749085018299634;0.0844444444444444;0.20506771706221
Unknown;0.0001199976000479;0.5719424460431655;0.9552093657949166
High;0.0075198496030079;0.4470046082949309;0.6589732090819639
Low;0.0471990560188796;-0.421875;-0.766052126687685
High;0.114077718445631;-0.3873383253914227;-0.4455686429479195
High;0.0001999960000799;0.8269230769230769;1.4052400105340614
High;3.999920001599968e-05;-1.0;-3.172340374283156
Unknown;0.0002399952000959;0.7341463414634146;1.3371986392407271
High;0.0036799264014719;0.4886904761904762;0.7458470736865934
High;0.0283194336113277;0.5121527777777778;0.7618035974543951
Unknown;0.0324393512129757;-0.5222222222222223;-0.95306076881784
Unknown;0.3541129177416451;-0.2427884615384615;-0.3583204075235127
High;0.9470210595788084;-0.0149253731343283;-0.066091554987922
High;0.125797484050319;0.4230769230769231;0.6001429193002555
Unknown;0.8167036659266814;0.0192307692307692;0.0849501525183437
High;0.0147597048059038;0.3382526564344746;0.5938130026097733
Unknown;0.0019999600007999;0.5453216374269005;1.0590937966458875
Control;0.2006359872802544;-0.2936507936507936;-0.4660106487603577
High;0.2245155096898062;-0.2571428571428571;-0.4917079776117433
Low;0.2405951880962381;-0.0041958041958041;0.3386235072326862
High;3.999920001599968e-05;0.764937106918239;1.3478496344342772
Unknown;3.999920001599968e-05;0.6419294990723562;1.1599384530334644
Low;0.628587428251435;0.0301120448179271;0.13477603413255
Medium;3.999920001599968e-05;-0.8683127572016461;-2.078276941738181
High;0.0092398152036959;0.6257309941520468;0.8762878520170002
Unknown;0.493390132197356;0.2133333333333333;0.2960428365821896
Medium;0.5694686106277874;0.3666666666666666;0.173666398767965
Medium;3.999920001599968e-05;0.7623931623931623;1.1647320537202015
Unknown;0.7188256234875302;-0.0883720930232558;-0.1701553881770399
Unknown;0.8219435611287774;0.1407766990291262;0.0579374292247959
Unknown;0.0161996760064798;0.4801587301587302;0.793497176590733
High;0.0024399512009759;0.5692729766803841;1.366409793045653
Medium;0.0945981080378392;0.3230994152046784;0.5674651478626208
High;0.4429111417771644;0.1122881355932203;0.2993508652146299
High;0.0109197816043679;0.5523809523809524;0.7971445151778328
High;0.3143137137257255;0.2532299741602067;0.339982764544143
Unknown;0.8630227395452091;0.0505050505050505;0.0908427340377457
Unknown;0.4773904521909561;0.1214285714285714;0.2853119184467329
Unknown;0.7807843843123138;-0.0576441102756892;-0.0896387290384835
Unknown;0.9470210595788084;-0.02;-0.0196298581984199
Unknown;0.0055998880022399;0.4556818181818182;0.8542591409464827
High;0.0467590648187036;0.3380952380952381;0.6386447362228107
Medium;0.0230795384092318;0.4414634146341463;0.756426316686249
High;0.0001999960000799;0.9084967320261438;1.5238826453127263
Unknown;0.2618347633047339;-0.2166666666666666;-0.4225927592661651
High;0.8183036339273214;0.2181069958847736;-0.0503790453997662
Unknown;0.0340793184136317;0.4222222222222222;0.8386785161248632
High;0.0950380992380152;0.3412698412698413;0.4905838130983709
High;0.6716665666686666;0.105050505050505;0.1394151529110328
High;0.0125197496050079;0.4892857142857142;0.8551711519579074
Unknown;0.0225595488090238;0.5485074626865671;0.7791536097096058
Unknown;0.7902641947161057;0.0070921985815602;0.1333411695986348
Low;0.7140257194856103;-0.2589978828510939;-0.0824022603776498
Low;0.3082338353232935;0.0814814814814814;0.4477659916152836
Medium;0.4310713785724285;-0.2574626865671642;-0.2850658046896654
Low;0.0023599528009439;0.3531468531468531;0.7560722587840703
Medium;0.0555188896222075;0.3370535714285714;0.5145485884088641
Medium;0.5264294714105718;-0.1407766990291262;-0.1847718451997647
Unknown;0.0186396272074558;0.1585185185185185;1.0230192165815828
Unknown;0.49955000899982;0.1311475409836065;0.2946907778891384
High;3.999920001599968e-05;0.7777777777777778;1.0151672436168515
Unknown;0.4628307433851323;0.2914285714285714;0.3646940369628344
Low;0.0063198736025279;0.5307017543859649;0.7969611194132683
Unknown;0.0807583848323033;-0.5;-0.6194868306854852
High;0.0457990840183196;0.3974654377880184;0.5925138385034914
Unknown;0.1803163936721265;0.4489795918367347;0.5457101087795139
High;0.0051598968020639;0.4722222222222222;0.8940805339012944
High;0.0005199896002079;0.6666666666666666;0.8622186396891706
Medium;0.0115997680046399;0.4444444444444444;0.7852525646069032
Medium;0.0001999960000799;0.7338820301783264;0.951281050342304
High;3.999920001599968e-05;0.7587412587412588;1.1890874750507956
High;0.0029199416011679;0.5777777777777777;0.8678397810213734
Medium;0.0001199976000479;-0.6727941176470589;-1.801843134386912
High;0.1600767984640307;0.2830882352941176;0.5060482865475904
Unknown;3.999920001599968e-05;0.9325396825396826;1.7221007184160726
Unknown;0.6772264554708906;0.0311671087533156;-0.1110233810171065
High;0.0281994360112797;0.4395348837209302;0.6147358856887347
Unknown;0.0184396312073758;0.5925058548009368;1.0833854733919206
Medium;0.0028799424011519;0.5164102564102564;0.7557379726828128
Low;0.0075198496030079;0.4848484848484848;0.749189691980629
Unknown;0.8106237875242495;0.0859259259259259;0.0855012365734542
Low;0.0001599968000639;0.6791666666666667;1.0405881247976465
High;0.0115997680046399;-0.3665973665973666;-0.8941905490730448
Medium;3.999920001599968e-05;0.8589285714285714;1.009287990675817
High;0.0045199096018079;-0.5500685871056241;-1.265735487061692
High;0.0072398552028959;0.5140740740740741;0.735655793040838
High;0.0601187976240475;0.3677536231884058;0.6306546548866933
Low;0.990180196396072;-0.0652985074626865;0.054623425426051
High;0.255634887302254;-0.2336448598130841;-0.3498039665552665
High;0.0004399912001759;-0.741248097412481;-1.33618285798025
Unknown;0.3481930361392772;-0.0080645161290322;-0.3273134763504979
Unknown;0.5622287554248915;0.3127062706270627;0.1560214802541332
Unknown;0.0166396672066558;0.5362318840579711;0.9774957912970464
Low;0.1121577568448631;0.4336043360433604;0.5605985773765612
