Dosage;p-value;Cliff's Delta;Cohen's D
Low;0.0381192376152476;0.4353741496598639;1.2016956902131004
Unknown;0.0044399112017759;0.5358024691358024;0.9186073078190844
Unknown;0.2566748665026699;0.2733333333333333;0.4981302487039307
High;0.6155876882462351;-0.2196969696969697;0.1774886319702876
Unknown;0.4680706385872282;-0.2457912457912457;-0.2261214478431132
High;0.1720365592688146;0.1328083989501312;0.3722589466009254
Unknown;0.0267994640107197;0.5833333333333334;0.8863544486924887
High;0.1552768944621107;-0.2949832775919732;-0.4307305692953773
Low;3.999920001599968e-05;0.7274909963985594;1.284588297400022
Unknown;0.0156396872062558;0.4354575163398693;0.659315143548865
Low;0.3984320313593728;0.238095238095238;0.340007813112794
Unknown;0.0296394072118557;0.3931034482758621;0.7152531917364452
High;0.7869442611147777;-0.1828358208955224;-0.0654739988321358
Unknown;0.9172616547669048;-0.0339506172839506;0.0325464467740162
High;3.999920001599968e-05;0.8672839506172839;1.615874299562741
Unknown;0.0011599768004639;0.7192982456140351;1.291642193990624
High;0.3247135057298854;0.0801033591731266;0.2704595126703928
Low;3.999920001599968e-05;0.802020202020202;1.5809707353272635
High;0.0187196256074878;0.3577777777777777;0.6877245586109956
Unknown;0.7205855882882343;0.0;-0.1256098641090657
Unknown;7.999840003199936e-05;0.7951388888888888;1.3831228159360176
Low;0.0234795304093918;0.4829059829059829;0.7193025246084864
Unknown;0.3178336433271334;-0.36;-0.464555057307446
Unknown;0.5316293674126518;-0.0384615384615384;0.1863642295431797
Unknown;0.0525989480210395;-0.3319473319473319;-0.585077655261937
Unknown;0.3929121417571649;0.1805555555555555;0.3105347046395716
Medium;0.0763584728305434;-0.6009070294784581;-0.6819760251058182
Unknown;0.881542369152617;-0.0112517580872011;-0.0446032072324899
Unknown;0.9742605147897042;0.0962962962962963;-0.0088659294609228
High;0.0153996920061598;0.3422619047619047;0.634112634646529
Medium;0.4811903761924762;-0.0032362459546925;0.2235370230083924
High;0.2283954320913581;0.1152882205513784;0.3277831280758493
Unknown;0.6803463930721385;-0.2365339578454332;-0.2197164638277558
Unknown;0.2333153336933261;0.130315500685871;0.4258451843774047
High;0.0297194056118877;0.4414414414414414;0.7611735555451928
Medium;0.0887982240355192;0.4926108374384236;0.6903761614902612
High;0.6321873562528749;-0.396871945259042;-0.1370696928056957
High;0.0019999600007999;0.3877887788778877;0.8486713760356691
High;0.8442631147377052;-0.1394557823129251;-0.0682904074402879
Unknown;0.0963580728385432;0.4542483660130719;0.6937109127982577
High;0.7333053338933221;-0.1678571428571428;-0.04987381785803
Unknown;0.0496390072198556;0.5690072639225182;1.005698855666059
Unknown;0.0086798264034719;0.6385185185185185;1.0110837519668954
Unknown;0.2016359672806544;0.3414043583535109;0.5301180139514438
Unknown;0.1464770704585908;0.2693181818181818;0.4789660914930059
High;0.2020359592808144;0.3066666666666666;0.5979519101402165
Unknown;0.0011999760004799;0.5225641025641026;0.8123791326623891
Unknown;0.0049199016019679;0.5520833333333334;1.1104116362274483
High;0.4886702265954681;0.0258823529411764;0.2430576169364932
High;0.0005599888002239;0.7052154195011338;0.9708293004751394
Unknown;3.999920001599968e-05;0.803105151729005;1.277189396704606
Low;0.0001999960000799;0.6856060606060606;1.072586286635448
Low;0.5333893322133557;-0.4358974358974359;-0.2552282076044079
High;0.1575757575757575;-0.4770642201834862;-1.1090174341631325
Unknown;0.0016799664006719;0.5916083916083916;0.8525611228222241
High;0.5324293514129718;-0.1283292978208232;-0.2370906915053289
Unknown;0.0025999480010399;0.6068840579710145;0.9757681798431193
Unknown;0.4264314713705726;0.1635294117647059;0.2598475940745772
High;3.999920001599968e-05;0.8787878787878788;1.1661482656152795
Medium;0.0797984040319193;0.4012345679012346;0.6899183799893951
High;0.7078658426831463;0.0992907801418439;0.1198201472061479
Unknown;0.4026719465610688;0.1729024943310657;0.2404450367272373
High;0.9266214675706486;-0.0634920634920634;-0.0205481771488037
Unknown;0.7735445291094178;0.0124080882352941;0.0824721623991345
Control;0.3327133457330853;-0.2781609195402298;-0.3251134191523291
High;0.0354792904141917;-0.358974358974359;-0.7112638592936971
Medium;0.0387192256154876;0.6940836940836941;0.8483069428470161
Unknown;0.1381172376552469;0.4930555555555556;0.6823115799602392
Unknown;0.3341687552213868;0.3823529411764705;0.5704093038122352
High;0.2044359112817743;0.10202492211838;0.3709694880294424
Low;0.0058798824023519;0.529320987654321;0.9540175325588736
Unknown;0.6983296933156972;0.1428571428571428;0.242220783688296
High;0.0167596648067038;-0.4149659863945578;-1.124927167275543
Unknown;0.5172296554068918;0.0738916256157635;0.2408246571058908
Unknown;0.118277634447311;0.2347222222222222;0.4079202773140863
Unknown;0.8559028819423612;0.1478696741854636;0.0152584428376265
High;0.0173996520069598;0.4181818181818181;0.7216985280092274
Medium;0.0969580608387832;-0.7037037037037037;-0.6810102031825006
High;3.999920001599968e-05;0.6717171717171717;1.0718167754117116
Unknown;0.8989020219595608;0.0641025641025641;-0.0488553315684995
Medium;0.24227515449691;0.308133971291866;0.3775472459011239
Unknown;0.0134797304053918;-0.4921630094043887;-0.8280848159816705
Low;0.5543489130217396;-0.1434511434511434;0.191776414693975
Medium;0.0713185736285274;0.2792266187050359;0.4845867784831761
Unknown;0.5638287234255315;0.10546875;0.1834207216827403
Low;3.999920001599968e-05;0.7605263157894737;1.150913824788695
Unknown;0.8628627427451451;-0.16;-0.1028488514621719
High;0.0741985160296794;0.291044776119403;0.6692186419508498
Unknown;0.2773944521109577;-0.1896103896103896;-0.4311295818949683
Unknown;0.0610387792244155;-0.3865384615384615;-0.6827076955760583
Unknown;0.0787184256314873;0.3284313725490196;0.5899180040551179
High;0.0120397592048159;-0.5165165165165165;-0.9392012521185512
Low;0.0008399832003359;0.7055555555555556;1.1383385584553012
Unknown;0.0645187096258074;-0.2152777777777778;-0.706966661997028
High;0.0103597928041439;0.4359925788497217;0.9584165202861068
Low;0.0075598488030239;-0.3214620431115276;-0.9691082612166814
Low;0.0005599888002239;0.5464285714285714;0.9617162467164831
Unknown;0.0016399672006559;0.4622132253711201;0.9032529499576416
Unknown;0.6785464290714186;0.3055555555555556;0.1786371968730177
Unknown;0.0039999200015999;-0.3157380254154447;-0.9235065665746548
Medium;0.0005599888002239;0.6454545454545455;1.1344400042410436
High;0.0155596888062238;0.4346153846153846;1.0850675029986991
Unknown;0.9558208835823284;-0.0630952380952381;-0.0187753743275522
Unknown;0.6902661946761065;0.1476190476190476;0.1427843259855748
High;0.1016779664406711;0.2371794871794871;0.4719939444126935
Unknown;7.999840003199936e-05;0.9245283018867924;1.19142857639172
Unknown;0.0620387592248155;0.38875;0.6033389581629234
High;0.0203595928081438;0.4310432569974555;0.6597194591971723
Control;0.508309833803324;0.0336817653890824;0.1783851622546159
Medium;0.0631987360252794;0.2475386779184247;0.6023950691834058
High;0.369952600947981;0.0262626262626262;0.2483747731270122
Unknown;0.2045959080818383;-0.2088888888888889;-0.6248252531766935
Medium;0.0164796704065918;0.382554945054945;0.6138423965920378
High;0.8383432331353373;-0.04;-0.0659163446989106
Unknown;0.0002799944001119;0.7689393939393939;1.522672923318596
Unknown;0.0768784624307513;-0.437037037037037;-0.7948511497131465
Medium;0.1287574248515029;0.0297619047619047;0.4156479483203519
High;0.2944741105177896;-0.2775735294117647;-0.402960373315366
Unknown;0.8948221035579288;0.0068027210884353;-0.0465784812784438
Unknown;0.0459990800183996;0.4842767295597484;0.9099721654679366
Medium;0.1072778544429111;0.2783132530120482;0.5019908747932228
Medium;0.0025999480010399;0.4655448717948718;1.0482952634511082
Unknown;0.3137537249255014;-0.2561576354679803;-0.400268691570149
Unknown;0.7225055498890022;0.1933028919330289;0.1158400599756144
High;3.999920001599968e-05;0.7531446540880503;0.9929367497034424
High;0.0078798424031519;0.3987297106563162;0.7410273330250898
Unknown;0.0027599448011039;0.5748393021120294;0.8555803128764463
High;0.0555988880222395;0.3222672064777327;0.5749411698844681
Unknown;3.999920001599968e-05;0.7893333333333333;1.920615349383935
Medium;0.499190016199676;0.1228813559322034;0.1916101938913416
High;0.7113457730845383;0.1119047619047619;0.1564877326675506
High;3.999920001599968e-05;0.8886198547215496;1.2339093935294696
Unknown;0.0591988160236795;0.3986928104575163;0.9001101362662413
Unknown;0.4080318393632127;0.2434017595307918;0.26858100539227
High;0.2108357832843343;0.3639705882352941;0.4525355871597294
Low;0.0125997480050399;-0.5677179962894249;-0.7872980702638227
High;0.2789944201115977;0.0428571428571428;0.4227625423179473
Unknown;0.242355152896942;-0.3469387755102041;-0.4820078315887952
Unknown;0.0137997240055198;0.6;0.9971969560703756
Unknown;0.0848783024339513;-0.4222222222222222;-0.6166038119776162
Unknown;0.4582708345833083;0.1007462686567164;0.2918510600877148
High;0.0287994240115197;0.3950617283950617;0.651967680792942
High;0.0047999040019199;0.609375;0.8955336637900351
Low;3.999920001599968e-05;0.6864686468646864;1.024522035422072
Unknown;0.0101197976040479;0.5119617224880383;0.824486385220043
Unknown;0.124677506449871;-0.3742138364779874;-0.7279917218923864
High;0.0031599368012639;0.5644444444444444;0.9602996546962757
High;0.0102797944041119;-0.5544794188861986;-1.0628885647715287
Unknown;0.123077538449231;-0.5324675324675324;-0.4708107594573276
Unknown;0.2243155136897262;0.2949308755760368;0.3486110532823363
High;0.0431991360172796;0.1785714285714285;0.5185009319948681
Unknown;0.874382512349753;0.0283687943262411;0.0625131477269643
High;0.7940641187176256;0.4325674325674326;0.063451573449663
High;0.2279954400911981;-0.2165991902834008;-0.3543732854478768
Unknown;0.120957580848383;0.3888888888888889;0.585272508827797
Medium;3.999920001599968e-05;0.9324675324675324;1.6798293210067274
High;0.4783504329913401;-0.1587301587301587;-0.2875100295285319
High;0.0001999960000799;0.7803030303030303;1.665975833798624
Unknown;0.0005599888002239;0.8518518518518519;1.0886123246616126
Medium;0.5539089218215636;-0.3076923076923077;-0.1775138015235759
Unknown;0.0721985560288794;-0.3766233766233766;-0.7528240412930804
High;3.999920001599968e-05;-0.7083333333333334;-2.0852085195591354
High;0.0255994880102397;0.4537037037037037;0.7612128899751263
Unknown;0.0052798944021119;0.5854341736694678;0.9393536210726008
High;0.2644747105057899;0.2096774193548387;0.4465244994966969
Unknown;0.0229995400091998;0.4303874092009685;0.6763978316442167
High;0.3620727585448291;0.0776914539400665;0.2387767635311794
Unknown;0.3229135417291654;-0.1544011544011544;-0.3500200869986746
High;0.0576388472230555;-0.486410496719775;-0.6311946676963405
Medium;0.0105597888042239;0.4868421052631579;0.6347489766277903
Unknown;0.886462270754585;-0.0361952861952862;0.0544374358226087
High;0.1486770264594708;-0.6177777777777778;-0.7959718271447265
Low;0.876502469950601;-0.2395833333333333;-0.035755377063716
Unknown;0.0006399872002559;0.7328042328042328;1.3558808599324228
Medium;3.999920001599968e-05;-0.8694968553459119;-1.7685341312434686
Unknown;0.0779184416311673;0.3511363636363636;0.5506935077086036
Medium;0.5486690266194676;0.0733618233618233;0.1717915288278317
Unknown;0.0026799464010719;-0.8972431077694235;-1.3404804012830074
High;0.0017999640007199;0.525974025974026;0.8680314469726966
High;0.0690386192276154;0.3023255813953488;0.5587737715314886
High;0.0502789944201116;-0.3773584905660377;-0.9170820746004528
High;0.251594968100638;0.5844155844155844;0.449959564369792
Medium;3.999920001599968e-05;-0.8128898128898129;-2.2911881720523413
Low;0.0315993680126397;0.432183908045977;0.6110640764694307
High;0.3042739145217095;-0.4869281045751634;-0.3704218271162106
Unknown;0.0285194296114077;0.4140534262485482;0.6240999291363003
High;0.9461810763784724;-0.1651115618661257;-0.0072631811094272
High;3.999920001599968e-05;0.8160919540229885;1.5236763802118416
Medium;0.7176256474870503;0.1416020671834625;0.09824494593477
Unknown;0.0045999080018399;0.625974025974026;1.0814306235650732
Unknown;0.1520769584608307;0.2749445676274945;0.4481591490852357
Unknown;0.0264794704105917;0.3016722408026756;0.6578530433415106
High;0.9274614507709846;0.0615671641791044;0.0361672807525321
Unknown;3.999920001599968e-05;0.9272727272727272;1.646847996323033
High;0.2771944561108778;0.2148148148148148;0.4795385032592946
Low;0.9165816683666328;-0.3644366197183099;-0.019317770616946
High;0.9566608667826644;0.0216049382716049;-0.0191247298295722
High;0.0003199936001279;0.5121447028423772;0.8751483893144658
Low;7.999840003199936e-05;0.6263392857142858;1.122430615854353
Medium;0.0003599928001439;0.7327327327327328;1.0168816302185957
Unknown;7.999840003199936e-05;0.3177033492822966;2.035424247353348
High;0.0283194336113277;-0.7435897435897436;-1.320410293079619
Low;0.0357192856142877;0.2433687002652519;0.5840852779917771
High;0.0034399312013759;-0.6179775280898876;-1.0524840705039444
Unknown;0.0322793544129117;0.5728715728715729;0.7530251872434831
High;0.0020799584008319;-0.4804804804804805;-1.3836866400805876
High;0.0689186216275674;0.3346153846153846;0.6041036779294884
Unknown;0.8509829803403932;-0.1418439716312056;0.1110341167471373
Unknown;0.6516269674606507;-0.1288888888888889;-0.2297133236057501
High;0.5211095778084438;-0.2672811059907834;-0.2423224369942565
Low;0.0585588288234235;0.2799070847851335;0.5186803375147714
Unknown;0.2209155816883662;0.2624854819976771;0.3471253390568328
Unknown;0.7421851562968741;0.0772833723653395;0.1392940969611714
High;0.6623067538649227;0.1;0.1243452861164024
Unknown;0.2202755944881102;0.2359788359788359;0.3412700392917602
Low;0.7325853482930341;-0.1967213114754098;-0.1318023155847102
High;0.0268394632107357;0.3777777777777777;0.6811955832864866
Unknown;0.3114337713245735;0.2042205582028591;0.298366112773483
Medium;0.490830183396332;-0.2207792207792207;-0.2390202877688685
Unknown;0.0117597648047039;0.4893617021276595;1.018936180298409
Unknown;0.0976780464390712;0.2717007762879322;0.4944636747279851
High;0.1339573208535829;-0.4473067915690866;-0.6721587383342036
High;0.0375192496150077;-0.4455555555555555;-0.6201833911300465
High;0.0431991360172796;-0.3140495867768595;-0.6047380098545672
Medium;0.5297894042119158;-0.2118441971383148;-0.1591099259641584
High;0.0001199976000479;0.6651205936920223;0.8865819266397676
Medium;0.0530789384212315;0.5068027210884354;0.6271432205473328
Medium;0.245395092098158;0.048963133640553;0.3284951169151432
Medium;3.999920001599968e-05;0.6498940677966102;1.0245202688226458
Medium;0.0132797344053118;0.47953216374269;0.8672972975913343
Low;0.5219095618087638;0.1333333333333333;0.2226911056349528
High;0.0002799944001119;-0.7659574468085106;-1.5109567639658004
Unknown;0.248355032899342;0.3573717948717949;0.3527545736677474
High;0.0036399272014559;-0.8345070422535211;-1.2510703248506136
Unknown;0.9449011019779604;0.136;-0.0361320302650991
High;0.0003199936001279;0.7182835820895522;1.2341813935588526
High;3.999920001599968e-05;0.7717717717717718;1.3211447656409658
High;0.6321073578528429;0.0175438596491228;0.183408513868721
High;0.6175476490470191;0.1198830409356725;-0.1365966981466814
High;0.0471190576188476;-0.3911007025761124;-0.8254540017717404
High;0.1326773464530709;-0.3785714285714285;-0.613539088047074
Medium;0.118037639247215;0.3767605633802817;0.5199166487130665
High;0.0893982120357592;-0.459915611814346;-0.6343519309789439
High;0.0001199976000479;-0.8011494252873563;-1.511888939182277
High;3.999920001599968e-05;0.7058111380145279;1.1064358418871554
Medium;0.50294994100118;-0.2949245541838134;-0.2307212783932318
High;0.0206395872082558;-0.5925925925925926;-0.8515193319819613
Medium;0.1985560288794224;-0.4853801169590643;-0.4920881944278561
High;0.3257934841303174;-0.0269841269841269;-0.2708076617083456
Low;0.126757464850703;0.2434285714285714;0.4279144237123794
High;0.3269934601307974;0.185251798561151;0.2611243228774266
Medium;0.0469590608187836;0.3774703557312253;0.465234957078254
High;0.0344793104137917;0.4354575163398693;0.6223137060560763
Medium;0.0136397272054558;-0.5191256830601093;-1.1415926071696554
Unknown;0.7075858482830344;-0.3293650793650793;-0.157331683627762
High;0.0092798144037119;0.5477941176470589;0.9037849932184792
Unknown;0.4493110137797244;0.063164108618654;0.2135949352917583
Unknown;0.5893882122357553;-0.074315514993481;-0.1628860472142986
High;0.0003999920001599;-0.8888888888888888;-1.7745957699876405
High;0.1108777824443511;0.3318112633181126;0.5240625500344754
High;0.0986780264394712;0.4567901234567901;0.6512997314638461
High;0.6429071418571629;0.0623376623376623;0.2352297358846441
Unknown;0.6985860282794344;-0.2445520581113801;-0.1029604809296261
Medium;0.8131437371252574;-0.0246913580246913;0.1207779252755281
Medium;0.0961180776384472;0.4402985074626865;0.6217327752447888
High;0.2634747305053899;-0.1988095238095238;-0.3160155437205841
High;0.0003599928001439;-0.738498789346247;-1.903252896713938
Unknown;0.74822503549929;0.2222222222222222;0.0622933326688274
Unknown;0.8554628907421852;-0.1170212765957446;-0.0797030377894208
High;0.4977500449991;-0.1161440185830429;-0.190600619548015
High;0.0041199176016479;0.625974025974026;0.9711067378046212
High;3.999920001599968e-05;0.6309523809523809;1.024146562584039
Medium;0.0402391952160956;0.412109375;0.7764980145238476
Medium;0.1373172536549269;0.1857638888888889;0.3828233798785858
Unknown;0.504029919401612;0.2015306122448979;0.2462852390909047
Medium;0.0195196096078078;0.4952941176470588;0.6710753962518858
Medium;0.6046279074418511;-0.0493506493506493;-0.1832819663442227
High;0.2208755824883502;-0.1870604781997187;-0.4516208735257313
High;0.8933821323573529;-0.0838252656434474;-0.0378884850153648
Medium;0.0003599928001439;0.7333333333333333;2.7051283751710358
Low;0.0038799224015519;0.6388888888888888;1.203802922245498
Unknown;3.999920001599968e-05;0.92;1.456723348465713
Medium;0.7230655386892262;-0.2515723270440251;-0.0994538417147624
Unknown;0.0020399592008159;0.5517241379310345;0.9360433346886868
High;0.118837623247535;-0.2702702702702703;-0.6221873035925012
Low;0.2252354952900942;0.2727272727272727;0.4859787150017808
Unknown;0.1897962040759185;0.2515873015873016;0.4001512604568407
Unknown;0.5370292594148117;0.1794871794871795;0.186851207202942
Low;0.0993580128397432;0.593114241001565;0.6560287553161358
Unknown;0.743745125097498;-0.1207165109034267;-0.1038107393336972
Medium;0.0012799744005119;0.6023976023976024;1.0514484356273723
High;0.0139597208055838;-0.3389592123769339;-0.9765903809539008
High;0.2848343033139337;0.25;0.3257995612550441
Unknown;0.0800383992320153;-0.4285714285714285;-0.7038488860655747
High;0.4564708705825883;-0.0725714285714285;0.222374321123402
Medium;0.0007199856002879;0.6877637130801688;1.0359184229863243
High;0.7756644867102658;-0.096031746031746;0.0994109397828157
Unknown;3.999920001599968e-05;0.7766393442622951;1.5141448007832476
Medium;0.4967500649987;0.2166666666666666;0.2305939496653937
Unknown;0.6633467330653386;-0.254320987654321;-0.166953067927512
Unknown;0.9272614547709046;0.012531328320802;0.0244924142284661
Unknown;0.0173196536069278;0.4885844748858447;0.8306633459223
High;0.0668386632267354;0.2784636488340192;0.6697413993839867
High;0.0412791744165116;0.60546875;0.8777699520496198
Medium;0.0007599848003039;0.5077160493827161;0.8899801688992836
Unknown;3.999920001599968e-05;0.6828478964401294;1.0706271109766972
Unknown;0.0007999840003199;-0.7898550724637681;-1.127996256793795
Low;0.8429431411371773;0.0649350649350649;-0.0801643954566095
High;0.1832363352732945;0.1661779081133919;0.3976898213674301
High;3.999920001599968e-05;0.7283437283437283;1.0027060904845573
Unknown;0.0832783344333113;0.2949308755760368;0.7348283958779622
Unknown;0.9616326530612244;-0.0416666666666666;0.0718660834473287
High;7.999840003199936e-05;0.7604617604617605;1.1864585282757552
Unknown;0.0641187176256474;0.463768115942029;0.8301512883114075
High;0.2602747945041099;-0.3211538461538462;-0.4312375730911774
High;0.371992560148797;0.0257867132867132;-0.2382407328366252
Low;0.9570608587828244;0.042042042042042;-0.0022037710321202
Unknown;0.2315153696926061;-0.1432098765432098;-0.3917483250222122
High;3.999920001599968e-05;0.9933333333333332;1.9349732606019348
Low;0.0004799904001919;0.7367424242424242;0.9530303559815348
High;0.7473450530989381;0.1574074074074074;0.099511727455144
High;3.999920001599968e-05;-0.7452380952380953;-2.0924754944127346
High;0.0246395072098558;-0.4883116883116883;-0.8954595965028802
Unknown;0.2873142537149257;-0.109375;-0.4107822726119388
High;0.9177416451670968;-0.0261194029850746;-0.0332654596774995
High;0.8031439371212575;-0.0875;-0.0204678147516574
Medium;0.0542789144217115;-0.5364705882352941;-0.629920952356535
High;0.8958220835583288;-0.0748299319727891;0.0300420077158302
High;0.7789444211115778;0.0191666666666666;0.0839540544112554
Unknown;0.2315953680926381;0.2069767441860465;0.4136776303905326
Unknown;0.0168796624067518;0.3475390156062425;0.66450053254008
Unknown;0.0008399832003359;-0.7011904761904761;-1.0521155766605037
Unknown;3.999920001599968e-05;0.7930555555555555;1.3280374388331018
Unknown;0.2786344273114537;0.0133333333333333;0.3948867921943059
Unknown;0.0174396512069758;0.4834054834054834;0.8568920963278074
High;0.1304773904521909;0.2285714285714285;0.4115193835574693
High;0.0167996640067198;-0.3188630490956072;-0.6816897017678267
Low;0.6884662306753865;0.0680272108843537;0.1833215088264249
Medium;0.0019599608007839;0.5421686746987951;0.9377537118150951
Unknown;0.1513169736605268;-0.2927400468384075;-0.6052831419456558
Medium;0.0141997160056798;0.3949175824175824;0.6137223033957928
Unknown;0.0002799944001119;0.2954545454545454;1.5598356472890824
Control;0.3033539329213415;-0.3910714285714285;-0.3882135861294751
High;0.0001199976000479;0.8904761904761904;1.705410734334328
Unknown;0.0003199936001279;0.6223776223776224;1.1006261827235724
Low;0.0007599848003039;0.6001955034213099;0.8854643130200948
Control;0.247395052098958;0.1884057971014492;-0.5549643630239236
Unknown;0.0043599128017439;-0.6258503401360545;-1.3973382375129448
High;0.615667686646267;0.0643939393939393;0.1635880161281545
High;0.0009599808003839;-0.5573549257759784;-1.02929307932067
Unknown;0.0234795304093918;-0.537842190016103;-0.8954689287740208
Medium;0.0270394592108157;0.4078947368421052;0.7560001821370587
High;0.0047999040019199;-0.6754385964912281;-0.908774403598012
High;3.999920001599968e-05;0.7084309133489461;1.256841412143839
Unknown;0.7760244795104098;0.1481481481481481;0.0925356533942951
High;0.7649447011059779;0.0065359477124183;0.0622994202458032
Low;0.25047499050019;0.2561576354679803;0.454807330194148
High;7.999840003199936e-05;0.7567901234567901;1.1683073143569107
Unknown;0.1338773224535509;-0.5111111111111111;-0.7248481422709735
Unknown;0.1285974280514389;0.2407592407592407;0.4825030681411751
Low;3.999920001599968e-05;0.7866549604916594;1.6837291286972953
High;0.0515589688206235;-0.4544159544159544;-0.6048324645623463
Unknown;0.1424771504569908;0.220815752461322;0.51462329187866
Unknown;0.0285594288114237;0.4322222222222222;0.7400454060896422
High;0.2221555568888622;0.1948529411764706;0.435358901384153
Medium;0.0017599648007039;0.4973958333333333;0.8739240575174255
Unknown;0.0144397112057758;0.6222222222222222;1.0317092895214666
High;0.0075598488030239;0.65807962529274;0.9760083346641872
Medium;0.2909941801163976;0.213235294117647;0.4021710951497
High;0.7613847723045539;-0.2069444444444444;-0.0797826411331317
High;0.6735465290694186;0.2350746268656716;0.1698238339553948
Unknown;0.0007999840003199;0.6819407008086253;1.7518618764751757
Unknown;0.0867582648347033;0.352092352092352;0.5749434346446102
Low;0.1769164616707665;-0.4023809523809524;-0.5502575248664895
Unknown;7.999840003199936e-05;0.8444236176194939;1.6333495512783398
Medium;0.996860062798744;0.0313131313131313;0.0084182258513514
Low;0.4629507409851803;0.1746031746031746;0.2918280077495469
Unknown;0.5698686026279475;0.0444444444444444;0.2580146110103476
High;0.2179956400871982;-0.6137566137566137;-0.5171046507447946
High;0.9411011779764404;-0.0143540669856459;0.0383735682049736
Unknown;0.870422591548169;-0.0363636363636363;0.0615893163345569
Medium;0.2589548209035819;0.2880562060889929;0.4541111125822716
Low;0.0656386872262554;0.3738738738738739;0.5201053910975942
Medium;0.5693086138277235;-0.1356275303643724;-0.169486532477335
High;3.999920001599968e-05;0.8022875816993464;1.3324671990926469
Unknown;0.0001199976000479;0.8341013824884793;1.4016954160542
High;0.370792584148317;0.2307692307692307;0.3191307026418352
Low;0.0011999760004799;0.6210045662100456;1.0076618530915336
Unknown;0.1498770024599508;0.171875;0.5748500225358927
High;0.0035999280014399;0.5584415584415584;0.7696749518206322
High;0.0147197056058878;0.5763546798029556;0.9695982221813906
Unknown;3.999920001599968e-05;0.9733333333333334;1.7305282699465545
Medium;0.0001599968000639;-0.6714285714285714;-2.4897152849893973
High;0.0087598248035039;0.4741100323624595;0.7135423405267857
Unknown;0.0019999600007999;0.5464231354642314;1.1628509485983156
High;0.0850782984340313;-0.2539682539682539;-0.7091759461004066
High;0.7286254274914502;-0.0943877551020408;-0.1405375875234964
Unknown;0.0946781064378712;0.4412878787878788;0.6703619284196984
Unknown;0.0339193216135677;0.6221198156682027;0.7854807396500149
Unknown;0.638427231455371;0.0487179487179487;0.1737392091871393
High;0.6444671106577868;-0.1007905138339921;-0.1434455850766896
Medium;0.0029199416011679;0.5454545454545454;0.9163416164685176
Medium;0.0045199096018079;0.4841269841269841;1.2082756366243184
High;0.8373832523349533;-0.0144230769230769;-0.0589789334137312
Low;0.0169596608067838;0.4294064748201439;0.6320790850488348
High;0.7028659426811463;-0.1279887482419128;0.1603849138612867
High;0.1969160616787664;-0.0730337078651685;-0.3975641179354914
High;0.1310373792524149;0.2020547945205479;0.5276655259899267
Unknown;0.4796704065918681;0.1466666666666666;0.2543259855934722
Unknown;0.0003199936001279;0.8666666666666667;1.5099665508969642
Medium;0.5261494770104598;-0.1234567901234567;0.2318110445424328
Medium;0.0843183136337273;0.3604395604395604;0.5755749372681565
Medium;0.4381912361752765;-0.2214285714285714;-0.2914687552598226
Unknown;0.7131457370852583;-0.0986394557823129;-0.1520160068053852
Low;0.5612287754244915;-0.1493566176470588;-0.1502930927853295
Medium;0.0056798864022719;0.4696969696969697;0.919675695066508
Unknown;0.6079878402431952;0.0705128205128205;0.2359842949495134
Low;0.0011199776004479;0.5077369439071566;0.93516036473953
Unknown;0.6432671346573069;0.2786885245901639;0.1123713960406543
Unknown;0.74622507549849;-0.0753246753246753;-0.1181628557733917
Unknown;0.0242795144097118;0.5102040816326531;0.8250782464337227
High;0.0236795264094718;0.3946053946053946;0.7140378355139256
Unknown;0.637507249855003;-0.1939736346516007;-0.1550198401479705
Low;0.0093198136037279;0.4828282828282828;0.7384322995948045
High;0.1318373632527349;-0.2833723653395784;-0.6461116351401738
Unknown;0.0689586208275834;-0.2681159420289855;-0.836650758757944
Medium;0.8432231355372892;-0.0666666666666666;-0.0170610366993167
Unknown;0.5169896602067958;0.2577777777777778;0.2853686160108685
Medium;0.1713165736685266;0.146011396011396;0.4024989406951756
High;0.0114397712045759;0.4468253968253968;0.7164438219677067
High;0.6726665466690667;0.4428571428571428;0.1295893608265113
Low;3.999920001599968e-05;0.7751710654936461;1.1319109995343335
Unknown;0.0011199776004479;0.5776143790849673;0.8496371328451293
Unknown;0.5461890762184757;0.0833333333333333;0.2073913660493129
Unknown;0.0266794664106717;0.6136363636363636;0.976974822413573
Medium;0.0001999960000799;0.6955056179775281;1.235315373755948
Medium;0.3918321633567329;-0.1309090909090909;-0.2732619420629208
High;7.999840003199936e-05;-0.9515738498789348;-2.1433545005659886
Unknown;0.0001599968000639;0.8038461538461539;1.4530621228544764
High;0.9522609547809044;-0.0541781450872359;0.0276506127959793
Medium;0.625987480250395;0.0599078341013824;0.1801453843345064
Unknown;0.121117577648447;-0.3146853146853147;-0.4954950031596166
Unknown;0.624907501849963;0.1471306471306471;-0.1260273221989123
Unknown;0.2569148617027659;0.2296340023612751;0.3236239863623192
Unknown;0.0312793744125117;-0.3638888888888889;-0.7999848729263502
High;0.0016399672006559;0.5119047619047619;1.1300497196036274
Unknown;0.5256694866102678;-0.1171328671328671;-0.1704642399737995
Low;0.2157156856862862;-0.4024691358024691;-0.411382219761405
Unknown;0.9174616507669848;0.1633986928104575;-0.0151673308647717
Medium;0.0422391552168956;0.3438735177865613;0.5970703324458406
High;0.0115997680046399;0.58994708994709;0.8734663507766575
Unknown;0.0505589888202235;0.2671068427370948;0.525602288976768
Unknown;0.0057598848023039;0.5148221343873518;0.8800103613948509
Unknown;0.0034799304013919;0.6416666666666667;0.9759171295186986
Unknown;0.4822303553928921;0.2857142857142857;0.273384297035225
Unknown;0.0091598168036639;0.5070422535211268;0.9635570153011738
Unknown;0.0744385112297754;0.4575617283950617;0.5253182450025379
Medium;0.0021199576008479;0.5223970944309927;0.8202610273689572
Medium;0.0077198456030879;-0.6382189239332097;-1.035933169717767
Unknown;0.0687186256274874;-0.4354269583627382;-0.497485086777742
High;0.0155596888062238;0.3451327433628318;0.6514627207299003
High;0.2960340793184136;0.1675;0.3215051836266608
High;0.9326613467730646;-0.5122655122655123;-0.0800321712058169
Unknown;0.0941981160376792;0.354679802955665;0.6525912371185117
High;0.0139597208055838;0.424390243902439;0.7405887801518051
High;3.999920001599968e-05;0.7733333333333333;1.4021631358967963
Unknown;0.9407011859762804;0.0336134453781512;0.018130414180865
Unknown;0.0131597368052638;0.4901960784313725;0.7882555368464151
Unknown;0.9643807123857524;0.1076923076923077;-0.017093736193766
Low;0.7679846403071938;-0.214170692431562;-0.0905329951730684
Low;3.999920001599968e-05;0.9;2.4367172784459328
High;0.2218755624887502;0.2681704260651629;0.4955801455398377
Unknown;0.9571808563828724;-0.2397094430992736;0.0316993827755913
Medium;0.5960280794384112;0.1581196581196581;0.1955658314295717
High;0.0047199056018879;-0.4088050314465409;-0.98916302458121
Unknown;0.0005999880002399;0.6765119549929677;1.0116662951823672
High;0.6929061418771625;-0.0966981132075471;-0.1183661548017841
High;0.2633547329053419;-0.5230414746543779;-0.4721903387739566
Medium;0.6168676626467471;-0.0629629629629629;0.1855596333988487
Unknown;0.4058718825623487;0.1717687074829932;0.2574601533231038
Low;0.3129937401251975;0.1431159420289855;0.3757286557657749
Medium;0.2368352632947341;0.2037470725995316;0.4541385059327581
High;0.1409571808563828;0.3018867924528302;0.6362725754292264
Low;0.0036799264014719;0.6962962962962963;1.300004140041436
Unknown;0.7634247315053699;0.1482479784366576;0.1083072133345627
Unknown;7.999840003199936e-05;0.7238095238095238;1.250071391981791
Unknown;0.0091998160036799;0.4645354645354645;0.7968428888011038
Unknown;7.999840003199936e-05;0.7514285714285714;1.3613636804471836
High;0.3012339753204935;-0.48;-0.4641077668215817
High;0.0097198056038879;0.3686046511627907;0.8556149385598197
Unknown;0.9779404411911762;-0.0448717948717948;0.0067195955612416
Medium;0.0055598888022239;0.3193277310924369;0.7778889012441054
Low;0.0064798704025919;0.5555555555555556;0.8133428340737068
High;0.0269994600107997;0.25;0.6032042306764699
Unknown;0.3413931721365573;0.1681329423264907;0.301434085240271
Medium;0.0006799864002719;0.5590614886731392;0.959500615379794
High;0.1869962600747985;0.2359963269054178;0.4250296237864646
Unknown;0.0733585328293434;0.3777777777777777;1.3834983374897731
Unknown;0.0009999800003999;0.7857142857142857;1.0509476744621158
Unknown;0.0948381032379352;0.2597402597402597;0.52686674106906
High;0.0007999840003199;-0.5552447552447553;-0.9890436359523525
High;0.0038399232015359;0.6602564102564102;1.1628763811934066
High;0.0007199856002879;0.5502392344497608;1.02107679165243
Unknown;0.0099598008039839;0.8395989974937343;1.199512339911793
Medium;0.8929821403571928;0.0384615384615384;0.0226516065890751
High;0.0234795304093918;-0.5688405797101449;-0.9435835057475866
Low;0.6921461570768584;-0.2658227848101265;-0.1486155508490917
Medium;0.0063598728025439;0.4636524822695035;0.6537644096682601
High;0.0001999960000799;0.8592592592592593;1.1608015416338198
Medium;0.0224395512089758;0.3443396226415094;0.6788353913416455
Medium;0.8996620067598649;-0.0152877697841726;-0.0317313136910618
High;0.4245515089698206;0.3786764705882353;0.289088741002805
Unknown;0.0001599968000639;0.6816091954022988;1.022312806534702
Medium;0.0517589648207035;0.3085399449035813;0.6015449181431178
Medium;0.0013599728005439;0.6961451247165533;1.034743531730023
High;0.7417051658966821;0.0034722222222222;0.1587444401888986
Unknown;0.0217595648087038;0.6375;0.8306259725762133
High;0.0490790184196316;0.3559782608695652;0.4918256391634619
Low;0.0174396512069758;0.4572649572649572;0.5424609198280936
Unknown;0.0969980600387992;0.2572463768115942;0.5944846749720157
Unknown;0.0281194376112477;0.6368038740920097;1.017334772778505
Low;0.0042799144017119;0.5378787878787878;0.8676858494415128
Unknown;0.7925041499170017;-0.0652985074626865;-0.0881325161594711
Unknown;0.5886282274354513;0.1463414634146341;0.1867582794678195
High;3.999920001599968e-05;0.8231481481481482;1.522113371591462
Medium;0.6581068378632428;-0.1065573770491803;-0.1195507132806098
Unknown;0.0906781864362712;0.244110275689223;0.4605785606002887
Medium;0.0021999560008799;0.7360774818401937;1.376260307678666
Unknown;0.5587088258234836;0.0704225352112676;-0.2116387547046143
Unknown;3.999920001599968e-05;0.8096385542168675;1.3962763057909953
Unknown;0.0732385352292954;-0.441358024691358;-0.5655709001910396
Low;0.123317533649327;-0.2271794871794872;-0.4210214965336347
High;0.0111197776044479;0.3780025284450063;0.7473490324302895
High;0.0209995800083998;0.4566666666666666;0.741050407779058
High;0.0029999400011999;0.6155555555555555;0.9661727314633028
Low;0.0054798904021919;0.5671641791044776;0.8258137804964384
Low;7.999840003199936e-05;0.6413398692810458;1.1694291491104314
Unknown;0.248035039299214;0.2877492877492877;0.4090278970880399
Unknown;0.0036399272014559;0.6995073891625616;1.1825042435177742
Unknown;0.0155596888062238;-0.6923076923076923;-1.3276000598258737
Unknown;0.994780104397912;-0.0443349753694581;0.0098603115447701
Medium;0.2185956280874382;0.2833723653395784;0.4594800388951956
High;0.0019599608007839;0.5956439393939394;0.8979607093520279
Unknown;0.8177436451270974;-0.0793650793650793;-0.0695206948926762
Low;0.5250694986100278;0.150375939849624;0.253945178892939
High;0.6557468850622987;-0.2933333333333333;-0.1504283513028292
Unknown;0.0181596368072638;0.3483204134366925;0.6384200186005118
Low;0.1132377352452951;-0.3581411600279525;-0.4046018185227645
Unknown;0.0399192016159676;0.4883720930232558;0.6998349198808997
Unknown;0.0010399792004159;0.7428571428571429;1.0534881854847884
Unknown;0.2264354712905741;0.3047619047619048;0.4889220430608419
Low;3.999920001599968e-05;0.7521367521367521;1.421908642047062
Medium;0.0256794864102717;-0.2442307692307692;-1.0483619327030511
Low;0.0801583968320633;0.190031152647975;0.5255279347478409
Low;0.2958740825183496;-0.2776902887139107;-0.2864710916723391
High;0.5791884162316754;-0.2296296296296296;-0.2134137807053484
Unknown;0.7066658666826664;0.1114942528735632;0.1490598859684053
High;0.0767184656306873;0.2711962833914053;0.4490154552746431
Unknown;0.2813943721125577;-0.3703703703703703;-0.4784202796947685
Unknown;0.0003199936001279;0.8076923076923077;1.2635883824846386
Unknown;0.4118717625647487;-0.2246376811594203;-0.3669715159085963
Low;0.1696366072678546;-0.0534458509142053;0.4988630193460704
Unknown;0.0597988040239195;-0.414519906323185;-0.8035843069627517
High;0.0059198816023679;-0.7142857142857143;-1.1361547697227814
High;0.1308373832523349;-0.2605747497578302;-0.3726851251212844
High;0.0254794904101917;0.429355281207133;0.628657263059525
Unknown;0.0072798544029119;0.6125;1.0168408150519146
High;0.3289934201315974;0.1141636141636141;0.2776282684105318
Unknown;0.4549909001819963;0.2411347517730496;0.3389735238788076
Unknown;0.0010399792004159;0.697463768115942;1.1878712000681066
Low;0.0104797904041919;-0.5228915662650603;-0.8494224602195539
Unknown;0.996460070798584;-0.0265822784810126;0.0042290844497088
High;0.0272794544109117;0.4444444444444444;0.6027749633572842
High;0.380392392152157;0.1983024691358024;0.2669716525489453
Medium;7.999840003199936e-05;0.6419098143236074;0.9645020165925142
High;0.0013999720005599;0.6423611111111112;0.991275972805248
High;0.4179916401671966;0.2258373205741626;0.2586428559441305
Unknown;0.0026399472010559;0.6464646464646465;1.2321564621983356
Medium;0.0109597808043839;0.4060975609756098;0.7462358779597514
Low;0.0283594328113437;0.2477522477522477;0.6142187553062082
High;0.8069438611227775;-0.0275080906148867;0.0895740880056283
Medium;0.8021039579208415;-0.1797468354430379;-0.0873710018018495
Unknown;0.0179996400071998;0.529113924050633;0.8016131140220006
Medium;0.7041859162816744;-0.4280898876404494;-0.105000700894834
Unknown;0.1366772664546709;0.3746630727762803;0.5974347672705363
High;7.999840003199936e-05;0.9025157232704404;1.5388033388818063
High;0.0587588248235035;-0.4355140186915888;-0.9133329257516332
Medium;0.0252394952100958;-0.4074074074074074;-0.7860107958823627
Unknown;0.0002799944001119;0.6790123456790124;1.5289473341099509
Unknown;0.0223195536089278;0.5590828924162258;0.8755904079361384
Low;0.0297194056118877;0.3899253731343283;0.8442001224433042
High;0.0669986600267994;-0.3462783171521035;-0.569112844460038
Unknown;0.4745105097898042;0.1544715447154471;0.336115532503934
High;0.737785244295114;0.023170731707317;0.1185957513957582
Unknown;0.0028399432011359;-0.4808080808080808;-0.76922573109508
High;0.0040399192016159;0.6126760563380281;1.0395739952697771
Unknown;0.9772204555908882;-0.052823315118397;-0.0047737275920373
High;0.0059598808023839;0.8128654970760234;1.0736523519702832
Low;0.0058798824023519;0.4673913043478261;0.7516732379779814
Unknown;0.6067478650426992;-0.0612244897959183;-0.1858094418472241
Unknown;0.0465590688186236;0.2493946731234866;0.790400900943842
High;0.0146397072058558;0.5551257253384912;0.7650834702105578
Low;0.3476330473390532;0.2363132363132363;0.2760463833666296
Medium;3.999920001599968e-05;0.7965517241379311;1.2555857172750986
Unknown;0.0421991560168796;0.3227513227513227;0.5589340277970497
High;0.0927581448371032;0.3399014778325123;0.6491286375451818
High;0.4317513649727005;-0.2047619047619047;-0.3190163907959756
High;0.0013199736005279;0.6444444444444445;1.0309772157565011
Unknown;0.6458270834583308;0.1503115264797507;0.1534763404291537
Unknown;3.999920001599968e-05;0.7182817182817183;1.8652110248511848
High;0.5999480010399793;-0.1351351351351351;-0.191742913668635
Medium;0.0023199536009279;-0.5163043478260869;-0.884474406846712
High;0.0011999760004799;0.5982142857142857;1.1616608505356254
High;0.0269594608107837;0.3901515151515151;0.6935076101040512
Unknown;0.0914381712365752;-0.4074074074074074;-0.6851794751717976
High;0.0013199736005279;0.4795986622073578;0.8717559203601914
Unknown;0.3108737825243495;0.0311111111111111;-0.485617179011567
Unknown;0.0011599768004639;0.7028985507246377;1.3424220639078626
Unknown;0.0294794104117917;0.3251028806584362;0.8245174755138703
Low;0.4623907521849563;-0.349438202247191;-0.2294246464213361
Medium;0.368312633747325;-0.4285714285714285;-0.2967508147913873
Unknown;0.8181836363272734;-0.0518518518518518;-0.0884215230233221
Medium;0.0001199976000479;0.8089285714285714;1.335648026378474
Unknown;0.1721165576688466;0.3464052287581699;0.6089421292946768
Medium;0.1822363552728945;0.2626984126984127;0.4011196030065582
Unknown;0.4841103177936441;-0.1142410015649452;-0.2475586225253061
High;0.0002799944001119;0.6505050505050505;1.124315189512583
Unknown;0.6471870562588748;0.0148148148148148;-0.1892368371400057
High;3.999920001599968e-05;0.8144578313253013;1.287517070981444
Low;0.6600267994640108;-0.0443349753694581;0.1822258062691829
High;0.0077998440031199;0.3307322929171669;0.6613851026162313
Medium;0.6364272714545709;0.0918992511912865;-0.1252160980261984
High;0.0003199936001279;0.6367816091954023;1.2004470826462836
Low;0.491270174596508;-0.1910112359550561;-0.2258790418073511
High;0.0570788584228315;0.5;0.6961156408950294
High;0.9061418771624568;0.1666666666666666;-0.0376431710392899
High;0.0142797144057118;0.5338345864661654;0.8991308435142362
Unknown;0.0995980080398392;0.3826923076923076;0.6132087639259147
High;0.0318793624127517;-0.572463768115942;-0.9253627779417326
High;0.2318753624927501;0.1125;0.4132369571824985
High;0.6543469130617388;0.1238095238095238;0.175183990505823
High;0.0323193536129277;0.4;0.7929767979066326
High;0.1324373512529749;0.2363132363132363;0.44297090615549
Medium;0.4268314633707326;0.1836569579288026;0.2393208245144646
High;0.117037659246815;0.350210970464135;0.5515529193482231
Unknown;0.618507629847403;-0.1798941798941798;-0.1943682212496958
Unknown;0.3954720905581888;0.1866197183098591;0.3211808011389748
High;3.999920001599968e-05;0.8505882352941176;1.3427055137151949
High;3.999920001599968e-05;-0.9376623376623376;-2.724821741525016
Unknown;0.0045599088018239;0.6604938271604939;1.2156664849977563
Unknown;0.0023199536009279;0.4477791116446579;0.7978496964314087
Unknown;0.0001599968000639;-0.8333333333333334;-1.74236325864984
Unknown;0.5789884202315954;0.1114503816793893;0.1529007936975777
Medium;0.9381412371752564;-0.0234093637454982;-0.0204096509871052
Unknown;0.3527529449411011;-0.1161616161616161;-0.2850353494266468
Unknown;0.5207095858082839;0.2334983498349835;-0.1826039423547636
Medium;0.993940121197576;0.1902985074626865;0.0568428533080638
Unknown;0.5910281794364113;0.0902777777777777;0.0799429113035462
Unknown;0.0118397632047359;-0.6729559748427673;-1.2842092015949609
High;3.999920001599968e-05;0.7305295950155763;1.3562109712822008
High;0.3091538169236615;0.1791871921182266;0.2887510277706512
Low;7.999840003199936e-05;0.7037037037037037;1.259317400946133
Unknown;0.1657966840663186;0.3300492610837438;0.5470717827498062
Medium;0.2022359552808943;-0.419753086419753;-0.3845729453528753
High;0.9311013779724404;0.1301020408163265;-0.0241158005669477
Unknown;0.0025199496010079;0.5105363984674329;0.9116988951102668
High;3.999920001599968e-05;-0.8656126482213439;-1.9139762799898112
Low;0.0010399792004159;0.84;1.0795635634207523
Unknown;0.0003199936001279;0.6432748538011696;1.1780836248339177
High;0.0771584568308633;0.1954022988505747;0.5707586172176524
High;0.0007999840003199;0.647887323943662;1.3080258540050187
Unknown;0.0130797384052318;-0.4773082942097026;-0.899518352834315
Unknown;0.0055198896022079;0.6289156626506024;0.9172408246309562
High;0.0175996480070398;-0.7412095639943741;-1.1281473963184137
High;0.0182796344073118;-0.6013071895424836;-1.0955176616663411
Unknown;0.1934731934731934;0.1904761904761904;0.8099621362195788
Medium;0.0001599968000639;-0.9382716049382716;-2.9509446008569813
High;0.3593128137437251;0.1472491909385113;0.2830198675145085
Unknown;0.5934681306373872;-0.1773399014778325;-0.2125945303098257
Unknown;0.1960360792784144;-0.25390625;-0.450374852461194
Low;0.1846363072738545;0.0444444444444444;0.4147943874471164
High;0.5451490970180597;0.15;0.2152360467728011
High;0.7180656386872263;0.2005772005772005;0.1445727514686749
High;0.0069598608027839;0.6217948717948718;0.8944755375246204
Low;0.0089198216035679;0.49002849002849;0.8974240157489689
High;0.9560208795824084;0.0133333333333333;-0.0333348006833635
High;3.999920001599968e-05;-0.9576719576719576;-3.5628925825210374
Unknown;0.0294794104117917;-0.5;-1.056435453452297
Unknown;0.3247935041299174;-0.143097643097643;-0.3036233010412045
Medium;0.0298394032119357;-0.4434137291280148;-0.7138122383107981
High;3.999920001599968e-05;0.84375;1.2387005748276816
Unknown;0.0603587928241435;0.5072463768115942;0.812356058106727
Medium;0.4057118857622847;-0.0851851851851851;-0.350977523338893
High;0.7050658986820264;0.1668618266978922;0.1097396146060625
High;0.986260274794504;-0.074074074074074;0.0076484850941255
Low;0.4347513049739005;0.3498498498498498;0.2741166925833163
Unknown;0.123797524049519;-0.2979066022544283;-0.5629388836467646
Low;0.0461190776184476;0.3497435897435897;0.556457994437485
Unknown;0.0124397512049759;0.3866758241758242;0.7194988439174859
High;0.1692766144677106;-0.4155251141552511;-0.4797257559472682
High;0.3167936641267174;0.1651651651651651;0.3443883975803178
Low;0.2981940361192776;-0.2761904761904762;0.4068696435664846
Unknown;0.0011199776004479;0.6414634146341464;1.1196660889522223
Unknown;0.5499090018199636;-0.2576923076923076;-0.1968985181276591
Low;0.0075998480030399;0.3880742913000977;0.7983916290005955
Unknown;0.117677646447071;0.3477038425492034;0.4897336117138126
Unknown;0.3999120017599648;0.106060606060606;0.25533316411312
Unknown;0.9045419091618168;-0.0701754385964912;-0.0226007313130473
Unknown;0.0059198816023679;0.4737484737484737;0.7471060742220711
Medium;0.3769924601507969;-0.3596153846153846;-0.3267114202146001
High;0.5375892482150357;-0.0465753424657534;0.220755136014181
Unknown;3.999920001599968e-05;0.8145424836601307;1.1496413789367343
High;0.0001199976000479;0.6407124681933842;0.9553794774566452
Unknown;0.0546789064218715;0.2431972789115646;0.5448231812566083
Medium;0.9523809523809524;0.1111111111111111;0.0205153743630759
High;0.4592708145837083;-0.325;-0.2461051021577738
Unknown;0.1931161376772464;-0.4233766233766233;-0.5286164225971914
Unknown;0.7920241595168097;-0.0983606557377049;-0.0784321113484319
High;7.999840003199936e-05;0.7731707317073171;1.73412563938099
Medium;0.0361992760144797;0.4192307692307692;0.728975915010098
Unknown;0.1064378712425751;-0.5253623188405797;-0.6691229981336668
Medium;0.0288394232115357;0.4672364672364672;0.7240042631146323
Unknown;0.6748265034699306;-0.1178451178451178;-0.1462784846059205
High;0.2662346753064938;-0.5416666666666666;-0.5157071192092528
High;0.0169596608067838;0.5925925925925926;0.997683709825262
Unknown;3.999920001599968e-05;0.9444444444444444;1.6177875942883817
Medium;0.3055938881222375;-0.1541582150101419;-0.2614515371030139
Medium;0.0558388832223355;0.5777777777777777;0.9199134014028748
High;0.0540389192216155;-0.4654377880184331;-0.8976359491732773
High;3.999920001599968e-05;0.7620192307692307;1.9713294736083733
Unknown;0.1363172736545269;0.2458333333333333;0.4121339735295125
Unknown;0.3897922041559168;-0.198547215496368;-0.3267631754499748
Unknown;0.1490370192596148;0.2569444444444444;0.6740652418669265
High;0.0045599088018239;0.6510538641686182;1.0935478230234357
Unknown;0.9285014299714006;0.0428571428571428;-0.0229783461606973
Unknown;0.0005599888002239;0.5644028103044496;1.6077660351594802
Unknown;3.999920001599968e-05;0.7710437710437711;1.4437717617804076
Unknown;0.9557808843823123;0.1560283687943262;0.0446887615570913
High;7.999840003199936e-05;0.6323529411764706;1.6543488580434125
Unknown;0.2577148457030859;0.326797385620915;0.4781160649325721
Medium;0.0011999760004799;0.6446428571428572;1.1729172222504125
High;0.0001599968000639;0.683752417794971;0.776551492963195
High;0.0008399832003359;0.6070588235294118;0.9519011077078844
Unknown;0.4588308233835323;-0.0960144927536231;-0.2745303637055979
High;3.999920001599968e-05;-0.6034872457216661;-1.2662807070289404
Unknown;0.2053158936821263;-0.3555555555555555;-0.4183014857991192
Unknown;0.5501889962200756;0.1581632653061224;0.232931666348536
Medium;0.0007599848003039;0.7142857142857143;1.3892069151598925
High;0.0027999440011199;0.4377127297481279;0.8106954915489657
Medium;0.3273134537309254;-0.02321083172147;0.3109932721509594
Unknown;0.5153096938061239;-0.1749174917491749;-0.2286564536086521
Unknown;0.502069958600828;-0.2080808080808081;-0.2045361743577981
Unknown;0.374312513749725;0.2116402116402116;0.3593938739811479
Unknown;7.999840003199936e-05;0.9133333333333332;2.066781913570792
High;0.0549989000219995;-0.1123595505617977;-0.6354233203772647
Unknown;0.3169936601267974;0.4888888888888889;0.4351311816203754
Unknown;0.2173556528869422;0.0738636363636363;0.416413560665857
Medium;0.3528729425411492;0.1658878504672897;0.2845829469270036
High;0.1462770744585108;0.1893203883495145;0.4329476621932178
High;0.1438771224575508;0.288135593220339;0.5699624516794635
Unknown;0.0504789904201916;0.4404761904761904;0.685412907025909
Unknown;0.638427231455371;0.09375;-0.1550337156942048
High;0.0971580568388632;0.3734939759036144;0.5458990202549108
Low;0.1889562208755824;-0.1523809523809524;-0.5451930386755014
Medium;0.2685146297074058;-0.0681818181818181;-0.3732329570011065
High;0.7253854922901541;0.2177777777777777;0.1927226691090692
Unknown;0.8601027979440411;-0.0285714285714285;0.1531737051219122
Medium;0.1440371192576148;-0.3437283437283437;-0.3926142609852363
Low;0.253914921701566;0.1876876876876876;0.3897152671939888
Unknown;0.4369912601747965;-0.3103666245259165;-0.2167316996995446
Low;0.244915101697966;0.1318181818181818;0.3855040888324716
Low;0.0179196416071678;0.385258358662614;0.6692226133889561
Low;0.7626647467050659;0.0562587904360056;0.130070997808492
Low;0.0210395792084158;0.3958333333333333;0.7118624702038271
Low;0.1773564528709426;-0.3456221198156682;-0.5633060893583655
Unknown;0.0657549857549857;-0.6086956521739131;-0.9089784310327976
Medium;0.0091598168036639;0.4656862745098039;0.6819069900310101
High;0.0327993440131197;0.3425837320574162;0.6275352578110875
Unknown;0.0659986800263994;-0.3352678571428571;-0.4977826488690813
Unknown;0.5069898602027959;0.4112903225806452;0.3223539586262051
Unknown;0.0002399952000959;0.6362252663622526;1.1946705327207028
High;7.999840003199936e-05;0.5861823361823362;0.9146515207533124
Medium;0.0221995560088798;0.2738726790450928;0.624971437931106
Unknown;0.0784784304313913;0.5251748251748252;0.6287463448396086
Medium;0.2713945721085578;-0.1577380952380952;-0.3525877616251732
Unknown;0.120717585648287;0.3055555555555556;0.6828728856379563
Unknown;0.6500669986600268;-0.2156862745098039;-0.1700070236054711
High;0.1111177776444471;0.3673469387755102;0.6278654966538448
High;0.0531189376212475;0.1401143790849673;0.5069973785413728
Medium;0.75262494750105;0.0092592592592592;-0.1199254003355998
High;3.999920001599968e-05;0.6938943894389439;0.9089281878079007
Low;0.9029819403611928;-0.0243055555555555;0.0685355537441919
Unknown;0.4012719745605088;-0.1164465786314525;-0.2138270311595731
High;0.0008399832003359;0.7168674698795181;1.3316046259009189
Unknown;0.1012531328320802;0.5294117647058824;0.9079646887429998
Unknown;0.4054318913621728;0.1612903225806451;0.3397512099149288
High;0.4672706545869082;0.1428571428571428;0.2587666834121845
High;0.9729805403891922;-0.1779904306220095;0.0270726629273852
High;0.4331113377732445;-0.3096903096903097;-0.2500987823969254
Medium;0.0486790264194716;0.3788235294117647;0.6325257474002272
Unknown;0.0149997000059998;0.4107142857142857;0.6313236548148401
High;3.999920001599968e-05;0.7927710843373494;1.1733803234979467
High;0.0005999880002399;0.6940298507462687;1.0168134666868696
High;0.7094658106837863;0.1014492753623188;0.1754495354888836
Medium;0.1801963960720785;0.2892857142857143;0.4577326306824011
Medium;0.9255014899702004;0.0441860465116279;-0.0430287935423326
High;0.4496310073798524;0.0457746478873239;0.267605447859071
Medium;0.8016239675206496;-0.1632653061224489;-0.0894505151425605
Low;0.0185996280074398;-0.4969418960244648;-0.7307300448183827
Unknown;0.1855962880742385;0.5222222222222223;0.7375990827127022
Unknown;0.0687586248275034;-0.4337899543378995;-0.653543961473821
Unknown;0.0158796824063518;0.512937595129376;0.8296071042771209
Unknown;0.2086758264834703;-0.5646551724137931;-0.709706853105208
High;0.1974760504789904;-0.1240441801189464;-0.414007790059535
High;0.5533489330213396;0.0569800569800569;-0.1791944657637807
Unknown;0.0280794384112317;-0.2611287758346582;-0.4649593235798232
High;0.0274489795918367;-0.6737588652482269;-1.3794705940121783
High;0.1663166736665266;0.281303602058319;0.441075259590669
Unknown;0.0002399952000959;0.7757936507936508;1.1560176727912728
Unknown;0.0114797704045919;-0.5367647058823529;-1.057961085708668
High;0.0071198576028479;0.7058823529411765;1.2109838418685177
Low;0.0004399912001759;0.6482213438735178;1.0066485026827867
Unknown;0.0558388832223355;0.4728682170542636;0.872973332371063
Unknown;0.8407431851362973;0.1842105263157894;0.0673446862308681
Medium;0.1923961520769584;0.308080808080808;0.4168774968224018
Low;0.0721985560288794;0.1396396396396396;0.5847314246929578
Medium;0.6505069898602028;0.1333333333333333;0.1615435481931366
Unknown;0.6851062978740425;-0.0895883777239709;-0.166461146842722
High;0.0001999960000799;0.4613309352517986;0.8508698853647652
Medium;0.0001199976000479;0.7244444444444444;1.289434099326523
High;0.0060798784024319;-0.3864468864468864;-0.8474782169996222
Unknown;0.0558388832223355;-0.2888888888888888;-0.5250819576944361
Medium;0.0002399952000959;0.7044943820224719;1.039610669138378
High;3.999920001599968e-05;-0.7582417582417582;-1.4880445234648043
Unknown;0.0374792504149917;0.3525641025641026;0.8966610041106717
Medium;0.3514329713405731;-0.0298850574712643;-0.3079062360242266
Unknown;0.2006359872802544;0.313953488372093;0.6819922403117261
High;0.0361592768144637;0.1101010101010101;0.6125149271238659
High;0.5333493330133398;-0.3538461538461538;-0.3396285458436403
Control;0.0328393432131357;-0.9423076923076924;-1.2786901219772793
High;0.0091998160036799;0.5766233766233766;1.0071224178511398
Medium;0.0597188056238875;0.3186813186813186;0.5719212513132829
Unknown;0.0553588928221435;-0.3042071197411003;-0.5774516617996577
Unknown;0.0063198736025279;0.4962686567164179;1.0092951952583942
Unknown;0.0034399312013759;0.44;1.072746513767741
Medium;0.0183596328073438;0.4277777777777777;0.7412032497249658
Medium;0.0051198976020479;0.6194029850746269;0.9673170389087804
Unknown;0.0103197936041279;0.5333333333333333;0.9810353557954566
Unknown;0.4719905601887962;-0.0964912280701754;-0.2527546023639796
Unknown;0.2933541329173416;0.2518518518518518;0.4622251076337761
Unknown;0.0399192016159676;-0.4855072463768116;-0.8250981280424741
Unknown;0.2313953720925581;0.3402597402597402;0.4808921587916227
Medium;0.0888782224355512;-0.4724842767295597;-0.6336689154617751
High;0.6513469730605388;-0.048;-0.1195320946251819
High;0.6866662666746665;-0.1060240963855421;-0.125601934409975
Low;0.0014399712005759;0.6261682242990654;0.9696658396958232
Unknown;0.3455130897382052;0.1659451659451659;0.3350066399201512
Medium;0.24947501049979;0.0830496936691626;0.3282357832975237
Unknown;3.999920001599968e-05;0.75;1.3271441890174005
Medium;0.0658786824263514;0.4305555555555556;0.6785970237659376
Medium;0.0047999040019199;0.4961419753086419;0.8222019065809912
High;0.0001999960000799;0.625801282051282;0.9108837829695448
Unknown;0.0671186576268474;0.4202898550724637;0.6774194003618947
High;0.0028399432011359;0.5320987654320988;0.7109561331895748
Unknown;0.0082398352032959;0.5032802249297095;0.7871230783208679
High;0.0011199776004479;-0.8333333333333334;-1.6216893095059026
Low;0.0589588208235835;0.2427184466019417;0.5740071454704277
Low;0.0012799744005119;0.557190635451505;0.9505261799650618
Unknown;0.0354792904141917;0.4031746031746032;0.7024333057234586
Medium;0.0705585888282234;0.2162698412698412;0.6481934674457904
Medium;0.0035599288014239;0.4514563106796116;0.81854732418411
Medium;0.0681586368272634;0.3863636363636363;0.6722788245774936
Medium;0.2984340313193736;-0.1641791044776119;-0.3961055102131975
Medium;0.4435511289774204;-0.1624691358024691;-0.2141567580871856
Unknown;0.0275194496110077;0.7933673469387755;0.8543934046927661
Unknown;0.0011199776004479;0.4297445255474452;0.852820805443091
Medium;0.245995080098398;-0.3884711779448621;-0.418561550278883
High;0.1969560608787824;0.2214285714285714;0.4724321315303484
Unknown;0.4853902921941561;-0.1568627450980392;-0.2713013559378714
Medium;0.6791464170716586;0.0258373205741626;0.1256444012825723
High;0.0016799664006719;0.6097560975609756;0.8345376512031317
Unknown;0.0869182616347673;-0.3378048780487805;-0.5565198873605326
High;0.0380792384152317;0.3014354066985646;0.6087759577150824
Unknown;0.0052398952020959;0.5788177339901478;1.0565226842018431
Unknown;0.1676766464670706;0.2502343017806935;0.435363967818112
Unknown;0.5941481170376592;0.1353276353276353;0.1593562273087621
High;0.4361512769744605;0.0755555555555555;0.2811188410678259
High;0.0041199176016479;0.6747474747474748;0.9422873009457192
Low;0.5689886202275954;0.0348288075560802;-0.1675677305695969
Medium;0.0030399392012159;-0.4488355681016232;-0.8786853076233773
High;0.7448251034979301;0.1345926800472255;0.0982596431575337
Unknown;0.5785084298314034;-0.1324200913242009;-0.1996454507703843
Unknown;0.0572788544229115;-0.3611111111111111;-0.7255990295378436
Unknown;0.0048399032019359;0.3815305371596762;0.7345095494827991
High;3.999920001599968e-05;0.8627450980392157;1.684769660105836
Control;0.124357512849743;-0.4060457516339869;-0.4599695840030066
High;0.5753884922301554;-0.3341013824884792;-0.2049463730015062
Unknown;0.0023199536009279;0.5714285714285714;0.9881511464448708
Medium;0.0141597168056638;0.5330882352941176;0.84302678370037
Unknown;0.7935441291174177;-0.1311188811188811;-0.0626142853363969
Medium;0.5759484810303794;-0.2993827160493827;-0.1722824886476472
Medium;3.999920001599968e-05;0.9025974025974026;1.5354791302517556
Unknown;0.4184716305673887;0.26232741617357;0.2373331627493654
Unknown;0.0971580568388632;-0.3205128205128205;-0.7369608368718623
Unknown;0.0003999920001599;0.779874213836478;1.3133152583183918
Unknown;0.0138397232055358;0.5755208333333334;0.8395874689489122
Unknown;0.1647167056658866;0.2988235294117647;0.4658969122867181
Unknown;0.252434951300974;-0.3492063492063492;-0.4942143274275999
Unknown;0.6379472410551789;0.0307692307692307;0.1722426143700076
Unknown;3.999920001599968e-05;0.8187134502923976;1.536308337559982
High;0.7905041899162016;0.1694444444444444;0.1117205826105729
Medium;0.4233115337693246;-0.2624113475177305;-0.3442053159634987
High;0.0002799944001119;-0.6891891891891891;-1.460875030506397
High;0.0013999720005599;0.6139731827805223;0.82905336495291
Low;0.0094798104037919;0.58203125;0.9764686548774864
Medium;0.374392512149757;-0.0390243902439024;-0.2954286111775532
Unknown;3.999920001599968e-05;0.8047058823529412;1.9027327472444036
Unknown;0.0358792824143517;0.532051282051282;0.8039813199078896
High;0.0001999960000799;0.6896551724137931;1.0018746874087274
High;0.0003199936001279;0.6439024390243903;1.0469684509458426
Unknown;0.5369892602147956;0.0904183535762483;0.1848534586656796
Unknown;0.0685586288274234;0.5669934640522876;0.6235861838462313
Low;0.8615827683446331;0.2063291139240506;0.0957868297229731
Unknown;0.0279594408111837;0.3988269794721407;0.6927329629779497
High;0.122997540049199;0.4166666666666667;0.8319142322804036
High;0.2058358832823343;0.2033739456419868;0.4048263162595505
High;0.4195116097678046;-0.1659056316590563;0.2504097974401131
Low;0.2897942041159176;0.2577777777777778;0.355450277033581
Unknown;0.0174796504069918;0.6355555555555555;0.935103677006336
High;0.5516689666206676;0.055;-0.1645142777613584
High;0.9503409931801364;0.117408906882591;0.0151712316178356
Unknown;0.0011599768004639;0.7804878048780488;1.051189891203732
Medium;0.0236395272094558;0.3356481481481481;0.6600138849642867
Low;0.5863082738345233;-0.048780487804878;0.1948973053441881
Low;0.2932741345173096;0.0580065359477124;0.3227140601967865
High;0.5197496050078998;0.0238095238095238;0.2930963974745491
High;0.0001999960000799;0.5227920227920227;0.9807281496721888
Unknown;0.3175136497270054;-0.2716049382716049;-0.4326795208856022
Unknown;0.0013599728005439;0.7730496453900709;1.194976223225909
Medium;0.1312773744525109;0.203778677462888;0.4228426260539468
High;0.0156796864062718;0.4673913043478261;0.798728100582919
Unknown;0.9177416451670968;0.0082508250825082;-0.0349038487163077
High;0.2250354992900142;-0.4822695035460992;-0.543955336599471
High;0.6917061658766824;-0.0277777777777777;0.1730262449566934
Unknown;0.0509989800203995;0.4083333333333333;0.7303141434833492
Low;0.0483990320193596;0.4686716791979949;0.7794713701378999
High;0.0019599608007839;-0.698076923076923;-1.3324137472967403
High;0.0146397072058558;0.4148148148148148;0.6819597837743352
High;0.0369192616147677;0.3650602409638554;0.6525296152317833
Unknown;0.6579868402631948;-0.0995670995670995;-0.1554693996574796
Medium;0.877742445151097;0.039485766758494;-0.0404407914305039
Unknown;0.2333153336933261;-0.2867469879518072;-0.4054775608181363
High;0.0001199976000479;-0.6783216783216783;-1.4967128076280292
Unknown;0.1735565288694226;-0.284681130834977;-0.4099685422689604
High;0.0551588968220635;0.4492753623188406;0.5829778894497175
Medium;0.0571188576228475;0.0679156908665105;0.8693759539573724
Low;3.999920001599968e-05;0.6924818840579711;1.1665417212689844
High;0.9232615347693046;0.1188524590163934;-0.0414393312964899
Unknown;0.0042799144017119;-0.44;-0.9826248181029762
High;0.6984660306793864;0.0696296296296296;0.1503417783046176
High;0.0276794464110717;-0.3015873015873015;-0.9245478308142008
Medium;0.8599028019439611;0.173076923076923;0.1020817670443436
High;0.1324373512529749;-0.4240963855421686;-0.5222827077310651
High;0.1864762704745905;-0.3291666666666666;-0.4149178121474144
Unknown;0.1569568608627827;0.4479166666666667;0.5472755669775854
Medium;0.0584388312233755;0.2643356643356643;0.5150699804259636
High;0.0001599968000639;0.6377551020408163;1.0969625925960689
High;0.0001599968000639;-0.7676056338028169;-1.5114785581176622
Unknown;0.239515209695806;0.3269230769230769;0.5130731843599531
Unknown;0.0581588368232635;-0.6111111111111112;-0.916153848841778
High;0.0118797624047519;0.536036036036036;0.7516065734975214
High;0.6505869882602348;0.1031578947368421;0.1515089732051423
Unknown;0.7098658026839463;0.126865671641791;0.1372353973206466
Unknown;0.0011199776004479;0.6286764705882353;1.3118110885781793
High;0.9567008659826804;0.0942028985507246;0.0129573823726371
Low;0.4472310553788924;0.2839506172839506;0.3320145325853653
Low;0.8692226155476891;-0.0753086419753086;-0.0583899847156887
High;0.5883882322353553;0.0229419703103913;0.1612480242331732
Unknown;0.0028399432011359;0.5736111111111111;1.0785088935877192
Unknown;0.0275194496110077;0.4629629629629629;0.8730731981458565
Low;0.1286374272514549;0.2202970297029703;0.424342093287432
Unknown;0.1423971520569588;-0.2575075075075075;-0.4583081865805225
High;0.2068758624827503;0.2406716417910447;0.4726564331088499
Unknown;0.1824363512729745;0.1743827160493827;0.4655157677461612
High;0.0057198856022879;-0.8333333333333334;-1.4768130814235931
High;0.0009199816003679;0.725;1.3163467706334926
High;3.999920001599968e-05;0.8363636363636363;1.2259089790156623
Medium;0.0469990600187996;0.2387511478420569;0.6379462023642998
High;0.0794384112317753;0.3548387096774194;0.5665925438631393
High;0.0096798064038719;-0.6167706167706167;-0.7879647161534673
Medium;0.9695806083878322;-0.0602409638554216;-0.0269169364372504
Medium;0.0221595568088638;0.2979902979902979;0.7135320557340357
Unknown;0.6427871442571148;-0.1602564102564102;-0.1591637823843934
High;0.4672706545869082;0.2666666666666666;0.3273859685883785
Unknown;0.502789944201116;-0.2297165200391006;-0.2068361408420999
Low;0.0004399912001759;0.4132315521628498;0.8714597797521256
Low;0.3619127617447651;0.3055555555555556;0.2804176080748261
Medium;0.0377192456150877;0.35;0.7720720158592668
Unknown;0.0001599968000639;0.7712374581939799;1.185370423545192
Unknown;0.0322393552128957;0.3233082706766917;0.5795354768483805
High;0.0011199776004479;0.5939643347050755;1.221702780020674
Unknown;0.5177496450070999;0.0964705882352941;0.208398938982069
Unknown;0.5397892042159157;0.3444444444444444;0.2678323154355501
High;0.0055598888022239;0.5024691358024691;0.7377473690839691
Unknown;0.0841183176336473;-0.2889317889317889;-0.4534105442959228
High;0.8942221155576888;0.2733333333333333;0.1413451164787749
High;0.0003999920001599;0.5631868131868132;0.8081728510305164
Unknown;0.0030399392012159;0.6079545454545454;0.987423168638118
High;0.0142397152056958;0.4693675889328063;0.7723952847720417
Unknown;0.1115177696446071;0.3473684210526316;0.5230509853106039
High;0.0890782184356312;-0.303030303030303;-0.6440565022016415
Medium;3.999920001599968e-05;0.7444444444444445;1.1597614602328086
Unknown;0.0974380512389752;0.3673469387755102;0.6356880440620936
Unknown;0.8280634387312253;0.106060606060606;0.0678874319202842
Medium;0.0009199816003679;0.7307692307692307;0.914997416608786
Medium;0.0241195176096478;0.4491525423728814;0.8687845845561396
High;0.0883982320353592;0.3143274853801169;0.5507591075342283
Medium;0.0881982360352792;0.3641975308641975;0.7336550987414302
Medium;0.6669466610667787;0.1345029239766081;-0.1632196827837304
Unknown;0.0045999080018399;0.8014705882352942;1.2177946260217896
Unknown;3.999920001599968e-05;0.9425;2.6529344267366524
Medium;0.5529089418211636;0.2757201646090535;0.168137273258243
High;0.2519949601007979;0.2665505226480836;0.3198766597246096
High;0.0001999960000799;0.7986111111111112;1.2741669409376604
Low;0.1001541782300339;-0.5757575757575758;-1.0303333377629311
Unknown;0.3068738625227495;0.1014492753623188;0.3862942637186835
High;0.1430371392572148;0.1380952380952381;0.4055221643175747
Unknown;0.0257594848103037;0.3144654088050314;0.7039712774925767
High;3.999920001599968e-05;0.7342615012106537;1.1287237669165595
High;0.0008799824003519;0.5377558221594919;0.8678415439877515
Low;0.3010339793204136;-0.463768115942029;-0.4654990015384416
Low;0.8409031819363613;-0.0866666666666666;-0.0700606242365231
Unknown;0.4199516009679806;0.16015625;0.3064783322165387
High;0.0005599888002239;0.7649769585253456;1.1662801814943458
High;0.0036799264014719;-0.6159420289855072;-1.3431193586090378
Unknown;0.0219595608087838;-0.4779874213836478;-0.9519037022255982
Low;0.0137197256054878;-0.5110294117647058;-0.8477607764100521
High;0.0203595928081438;-0.2871572871572871;-0.6145565800220628
Unknown;0.0650786984260314;0.3291666666666666;0.6903878878771386
Unknown;0.0150796984060318;0.6054131054131054;0.7082655095624767
Medium;0.375792484150317;-0.1245791245791245;-0.2711393140419549
Unknown;0.4528709425811483;0.1195121951219512;0.2439356577799664
High;0.0127197456050878;-0.3621794871794871;-0.8187316908900415
Unknown;0.7291854162916742;-0.2908496732026144;0.0862802635903079
Medium;0.0164796704065918;0.2180878552971576;0.5980078667671594
Unknown;0.0245195096098078;0.4515484515484515;0.7510503336462967
High;3.999920001599968e-05;-0.6920222634508348;-1.3103467759166494
High;0.4246315073698526;-0.4094368340943683;-0.2723056958014528
Low;0.7342653146937062;0.0732600732600732;0.1044353132260112
Unknown;0.0186396272074558;0.4147727272727273;1.068240866484091
Control;0.5417091658166837;0.1510204081632653;0.2943458596535978
Medium;0.0333993320133597;0.5982142857142857;0.8595065463071818
Unknown;0.7155056898862022;0.114074074074074;0.1203861003753262
High;0.1705165896682066;0.3162393162393162;0.622490469365994
High;0.0013999720005599;-0.6091549295774648;-1.2267737790105484
High;0.1304773904521909;0.1151162790697674;0.4546955065603953
High;0.0989980200395992;0.2959501557632398;0.4847878608578804
High;0.2020759584808303;0.3557312252964427;0.4166933308297242
Low;0.1705565888682226;0.3798798798798798;0.4867289643902834
High;0.0078398432031359;0.4675066312997347;0.7522402912348998
Low;0.7157456850862983;0.1558139534883721;-0.1066639296497998
High;0.5881082378352432;0.0265577119509703;-0.1775778273500363
High;0.4922301553968921;0.0792880258899676;0.2220631909696303
Low;0.0017199656006879;0.505718954248366;0.8737166928945919
Unknown;0.0526789464210715;-0.4701298701298701;-0.8299763281592395
Medium;0.0005199896002079;0.6666666666666666;1.1776232699724276
Unknown;0.3835523289534209;-0.2941176470588235;-0.3810788212058578
Unknown;0.0166396672066558;0.4901960784313725;1.3610487490193932
Low;0.0307593848123037;0.5456790123456791;0.7560643828973702
Medium;0.0022399552008959;0.6896551724137931;0.9035317583042332
Unknown;0.5473090538189236;0.0616666666666666;0.1877318461310898
High;0.1539169216615667;-0.2497704315886134;-0.4606962306860507
Unknown;0.5509489810203796;0.0948166877370417;0.1731920297308029
Medium;0.0557588848223035;0.3903162055335968;0.5993527032378232
Medium;0.0535189296214075;-0.2196969696969697;-0.6515760542362541
Unknown;0.0111597768044639;0.4245754245754246;0.7570949813425061
Unknown;0.0288394232115357;0.3492063492063492;0.6004012072959921
High;0.0012799744005119;0.6989795918367347;1.1370350891705965
Unknown;3.999920001599968e-05;0.7605633802816901;1.2572504787103116
High;0.6071878562428752;0.1659634317862166;0.186970188662828
Medium;3.999920001599968e-05;0.8077651515151515;1.475218279974738
High;0.4208315833683326;0.0039960039960039;0.2686198968105968
Unknown;0.0309193816123677;0.4844444444444444;0.9418550454913728
Low;0.0527189456210875;-0.5177304964539007;-0.8752027281555104
Medium;0.743185136297274;-0.0430232558139534;-0.1080997012727685
High;0.0105597888042239;0.615530303030303;0.7754892715315951
High;0.0310793784124317;0.3988603988603988;0.6826047310875054
High;3.999920001599968e-05;0.8441860465116279;1.1203211135069775
Unknown;0.4521509569808604;0.2653890824622532;0.2027788970455135
Unknown;0.0377592448151037;-0.2641509433962264;-1.0048643895953968
High;0.0338393232135357;0.2885802469135802;0.6509524530286546
Medium;0.0634787304253915;0.1481927710843373;0.574980215625731
Low;0.0050798984020319;-0.5195195195195195;-1.0457470559238675
Unknown;0.0546789064218715;0.4444444444444444;0.7259047371955749
High;3.999920001599968e-05;-0.7808641975308642;-0.9642245198289856
Unknown;0.2697546049079018;0.3925729442970822;0.3249758765758306
Medium;0.2224755504889902;-0.2155576382380506;-0.3928983669814797
Unknown;0.0442391152176956;0.6995073891625616;0.9742114837799628
High;0.9652206955860884;-0.0138888888888888;0.0697833754697386
High;0.0003599928001439;-0.542528735632184;-1.3452020554821795
Unknown;0.1364372712545749;0.3692307692307692;0.5501040098178241
Medium;0.0004799904001919;0.552076242341729;0.9152280180531158
Low;0.6645067098658027;0.0980258679373723;0.1329452839208441
Low;0.9287814243715126;0.0520833333333333;-0.0606968358150354
High;0.0002399952000959;0.7511520737327189;1.290118457056229
High;0.0234795304093918;0.4285714285714285;0.9597537164974668
Medium;0.0997180056398872;-0.2770745428973277;-0.5844642064082133
Medium;0.0126397472050558;0.4057623049219688;0.6796468886385901
Low;0.0001199976000479;-0.5062937062937063;-0.9265158504090316
Medium;0.990020199596008;-0.017578125;0.0204001880028894
High;0.0053598928021439;0.5725308641975309;0.9724479092240732
Low;0.1451970960580788;0.4558823529411764;0.5378050382377708
High;0.0073598528029439;0.5739795918367347;1.0316996544585757
High;0.1883162336753265;-0.3734567901234568;-0.6098219673280175
Unknown;0.124397512049759;-0.0960144927536231;-0.6145397396086072
High;0.2216355672886542;0.3507805325987144;0.3772683437445149
Medium;3.999920001599968e-05;0.802536231884058;1.4361289510307842
High;0.7825043499130018;-0.1921296296296296;0.0847072741567733
Medium;0.0414391712165756;0.2496626180836707;0.5533347978926823
Medium;0.5589088218235635;0.1565420560747663;0.1795263418200014
High;0.0015599688006239;0.6529850746268657;0.8898285074997003
Medium;0.0770384592308153;-0.3022388059701492;-0.604434026645325
Medium;0.0012799744005119;0.5965909090909091;1.001071521633012
Unknown;0.7844643107137858;-0.04;-0.1163987177548995
High;7.999840003199936e-05;-0.9170506912442395;-2.066609700796171
High;0.0174796504069918;-0.546875;-0.9778300867467604
High;0.0983180336393272;-0.3730769230769231;-0.6362621409485332
High;0.0205995880082398;0.3340143003064351;0.6965367353181278
Medium;3.999920001599968e-05;0.9591591591591592;2.715247500496446
Low;0.0005199896002079;0.6137820512820513;1.1826499014360117
Medium;0.0111197776044479;0.4682306940371456;0.8020894230474334
Unknown;0.114197716045679;0.6814988290398126;0.7329928165496823
Unknown;0.6724265514689706;0.0985645933014354;0.1167614587760256
Unknown;0.8972620547589049;-0.0435203094777562;0.0558676448785846
High;0.0831583368332633;0.0489583333333333;0.4410876533322418
Unknown;0.984620307593848;0.0685483870967741;-0.0009225088238315
Medium;0.3890722185556289;-0.2592592592592592;-0.3713040819924163
High;0.0001999960000799;-0.5133614627285513;-1.6807342336527713
High;0.0003199936001279;0.6929411764705883;1.0996621597851086
Unknown;0.755264894702106;-0.0341880341880341;-0.1103563333217567
High;0.1041179176416471;0.3452380952380952;0.5539707776138216
Medium;0.3192736145277094;0.1198412698412698;0.3055630377816171
Unknown;0.0792784144317113;-0.5859375;-0.7103802515086192
Low;0.0071198576028479;0.5459533607681756;0.8504947453531001
Unknown;0.2949541009179816;-0.2164276401564537;-0.3069906641450939
Unknown;0.0926781464370712;0.3121951219512195;0.4979173278102713
High;0.990260194796104;-0.0044943820224719;0.0181165077603956
Medium;0.0005999880002399;0.5517857142857143;0.9426913442384705
Medium;0.0023599528009439;0.4678217821782178;0.7470213771856808
Unknown;0.624027519449611;-0.1155555555555555;-0.1563982748908142
Low;0.5701085978280435;-0.0521885521885521;-0.1749523518049379
Medium;0.98310033799324;-0.0350877192982456;0.0094605794642989
Low;3.999920001599968e-05;0.8732638888888888;1.013817761689873
Medium;0.0120797584048319;-0.4232026143790849;-0.7859732827088182
High;0.0039199216015679;-0.7236533957845434;-1.2817313927830067
Unknown;0.0014399712005759;0.75;1.3955476558313094
Low;0.2897542049159017;0.2678571428571428;0.3535606889734656
High;0.7939841203175937;-0.0064724919093851;0.0817902879128139
Medium;0.0011199776004479;-0.7043048694424842;-1.158741869647562
High;0.0035599288014239;0.4935064935064935;0.8154219862471985
Unknown;0.2244755104897902;0.2402912621359223;0.3705770924832907
Medium;0.0003599928001439;-0.5242165242165242;-1.5270486207167953
High;0.2142757144857102;-0.4666666666666667;-0.4140513363815937
Medium;0.0823583528329433;0.4666666666666667;0.8039158800463089
Unknown;0.0692786144277114;-0.548469387755102;-0.7865595540742973
High;0.0005999880002399;0.6742957746478874;1.1207858694306312
High;0.2736345273094538;0.3581560283687943;0.4747291473951344
Unknown;0.0001199976000479;0.6823432343234324;1.1727023366817562
High;0.2169156616867662;0.25;0.4614012228194095
Unknown;0.0023599528009439;0.6380597014925373;1.088075345683802
Unknown;0.1850762984740305;0.7066666666666667;0.533942567710266
Medium;0.5145497090058199;0.0093457943925233;0.192477718872836
Medium;0.0045199096018079;0.4797979797979798;0.7996096957492181
Unknown;0.4404711905761885;-0.2314814814814814;-0.2762957105280085
Unknown;0.0003199936001279;-0.6050903119868637;-1.110222525433438
Unknown;0.2792744145117097;0.0058479532163742;0.38966673424004
High;0.0143597128057438;0.4777562862669245;0.7377458544793193
Unknown;0.9761004779904402;-0.126865671641791;0.0182364246873555
High;7.999840003199936e-05;0.7407407407407407;0.9986750591667064
High;0.0246795064098718;-0.3705501618122977;-0.7224709415167028
Medium;3.999920001599968e-05;-0.9781420765027322;-4.482789630430379
Low;0.1706365872682546;0.2247474747474747;0.4225270014340492
Low;0.0125197496050079;0.4543269230769231;0.7105846902659099
High;0.1483570328593428;0.1991869918699187;0.4806799184658161
Unknown;0.6673066538669227;-0.0317139001349527;-0.1211195570342641
High;0.0003999920001599;0.7936507936507936;1.5747993256624704
Unknown;0.4354312913741725;-0.2578947368421053;-0.2419380426559086
Unknown;0.2566348673026539;0.4666666666666667;0.5417707990566396
Unknown;0.6538269234615308;-0.0023809523809523;0.1501292021467273
Medium;0.9759004819903602;0.1326530612244898;-0.006962760985453
Medium;0.0004799904001919;0.7649769585253456;1.1969623162541116
Unknown;0.0486390272194556;-0.292022792022792;-0.7561530133004305
Unknown;0.0009999800003999;0.7530266343825666;1.3382914110996111
Unknown;0.0021599568008639;0.6949152542372882;1.2859000904903262
Low;0.6611467770644587;-0.1382488479262673;-0.1533335804905759
High;0.0061998760024799;0.6305147058823529;0.8968057310647035
Unknown;0.0265594688106237;0.5488721804511278;0.916542569310843
Medium;0.0734785304293914;-0.4740834386852086;-0.5277160607056626
Unknown;0.6879462410751785;0.05;0.1298394774965248
Unknown;0.2759544809103817;0.3520408163265306;0.4412947614034565
Medium;0.630107397852043;-0.0027548209366391;-0.1597934310925603
Unknown;0.0754784904301913;-0.3909465020576131;-0.6073460731916885
Unknown;0.6671466570668587;-0.1044776119402985;-0.1613256894509313
Unknown;0.0182396352072958;0.6028368794326241;0.9293888185276477
Unknown;3.999920001599968e-05;0.8558558558558559;1.884844200290277
Unknown;0.7725845483090338;0.1221095334685598;0.0635031828029714
High;0.0749985000299994;0.3933823529411764;0.6903470931252721
High;0.1910761784764304;-0.0146604938271604;0.3981217225690028
Low;0.0008399832003359;0.7200704225352113;1.300467992903848
High;0.2142757144857102;0.115995115995116;0.3460642881761123
High;7.999840003199936e-05;0.7708333333333334;1.4211755579578924
Unknown;0.0377992440151197;0.5795454545454546;0.772722978277024
High;3.999920001599968e-05;-0.7414634146341463;-1.5647338605543375
High;0.0001199976000479;0.7734375;1.3083233261132865
High;0.0002399952000959;0.8177339901477833;1.829182481257936
Unknown;0.0148797024059518;-0.6535714285714286;-0.8651199452163869
Unknown;0.1007979840403192;0.4693396226415094;0.5739396890357932
Unknown;0.0001199976000479;0.8198529411764706;1.5729646377171145
Low;7.999840003199936e-05;-0.6291913214990138;-1.6155420274760006
Unknown;0.8109037819243615;-0.04921968787515;-0.0444247231707073
High;0.0162396752064958;-0.3153988868274582;-0.8419580517111453
Unknown;0.4258314833703326;-0.1761904761904762;-0.3228542417362153
High;0.6372272554548909;0.1058201058201058;0.2128376210207401
High;0.0006799864002719;-0.5662442396313364;-0.9688413292670036
Medium;0.0303593928121437;0.373015873015873;0.5436150733152342
Unknown;0.1319173616527669;0.2504638218923933;0.4710445041149596
Medium;0.2907141857162856;-0.295470884255931;-0.3151069809047876
Unknown;0.0612787744245115;0.4951219512195122;0.6569172862374257
High;0.0001199976000479;0.7050754458161865;1.1701182160064858
High;0.5398292034159317;-0.0421768707482993;-0.1737315813795691
Unknown;0.2274354512909741;-0.4577777777777778;-0.5949030278695852
Medium;0.0002399952000959;0.6896551724137931;1.1283108476186654
High;0.0057198856022879;0.6691358024691358;1.04814907985946
Unknown;0.0378792424151517;0.4804804804804805;0.7431085547045085
High;3.999920001599968e-05;0.8235294117647058;1.5830988958590937
Unknown;0.8900621987560249;-0.0691358024691358;0.065067944456699
Medium;0.9453410931781364;-0.0395061728395061;-0.0151785517719052
Unknown;0.9617407651846964;-0.0261437908496732;0.0189288273371387
Medium;0.0181996360072798;-0.5737704918032787;-1.0469683425117773
Control;0.5303493930121398;-0.0410557184750733;-0.1999732461267359
Unknown;0.2137557248855023;0.2836879432624113;0.5431624665092054
High;0.6786264274714505;0.0830496936691626;0.1219900382722187
High;0.0045199096018079;0.458498023715415;0.8106817384258918
High;0.6485070298594028;-0.0060975609756097;0.1559602961651747
Unknown;0.0707185856282874;0.273462783171521;0.5724610240344604
High;0.0001599968000639;0.7530864197530864;0.9990905984725216
Unknown;0.0008399832003359;0.5757575757575758;0.8949271891030314
High;0.7351052978940421;-0.0434343434343434;0.130859874558799
Unknown;0.2775544489110217;0.30859375;0.4088062224602136
Unknown;0.3467930641387172;0.2340425531914893;0.4138164383370092
Unknown;0.4392312153756925;-0.2679127725856697;-0.2296430191577932
Low;0.0021999560008799;0.5541666666666667;0.9084601829903836
High;0.3419531609367812;0.0397590361445783;0.3190406833554412
Control;0.0084798304033919;0.5611111111111111;1.0105101276597928
Unknown;0.0344393112137757;0.332516339869281;0.5953671941332107
High;0.0058798824023519;-0.8107142857142857;-1.4092135776312142
High;0.9725005499890004;0.0196078431372549;-0.0200624023346948
Low;0.2056358872822543;0.2765151515151515;0.5574220960793446
Medium;0.9788604227915442;-0.1512345679012345;0.0550038923813903
Low;0.0434391312173756;-0.3307322929171669;-0.5805792051319674
High;0.5077498450030999;0.2716049382716049;0.3042363091825508
Unknown;0.1578368432631347;0.3942307692307692;0.5478521302926963
High;0.6681066378672427;-0.1414141414141414;-0.2044893162607742
Unknown;0.3193536129277414;0.2109704641350211;0.3533517106043363
High;0.0869582608347833;0.1777777777777777;0.4442876448581571
Unknown;0.4348713025739485;0.2641509433962264;0.3301435714858476
Low;0.3565128697426051;-0.2108843537414966;-0.4079375494382034
High;0.0017199656006879;0.5088141025641025;0.8207746550830076
High;3.999920001599968e-05;-0.7222222222222222;-1.9667221296319424
Unknown;0.0059998800023999;0.662962962962963;1.045854503104794
High;0.7284254314913702;0.0262345679012345;0.1109533166483063
Medium;0.0214395712085758;0.3614457831325301;0.6752111232207557
High;0.0743985120297594;0.3863636363636363;0.6350079569962519
Unknown;0.1510769784604308;0.2825174825174825;0.4236022707066839
Medium;0.0002799944001119;-0.3784786641929499;-1.3575802346071348
High;0.0058398832023359;0.4485294117647059;0.7471698858368773
Unknown;0.0953180936381272;0.1821428571428571;0.7348363059823034
Unknown;0.0310393792124157;0.5555555555555556;0.8663803125762363
High;0.2725545489090218;-0.018018018018018;-0.3802267530583059
High;0.6733865322693546;-0.2365384615384615;-0.048769939212144
Unknown;0.0004399912001759;0.7536945812807881;1.7968538909073994
High;0.374192516149677;0.1701837985023825;0.2626644449945632
High;0.3482730345393092;0.042490118577075;0.3009427472549111
High;0.0001999960000799;0.819047619047619;1.8506507718080525
Low;0.0003599928001439;0.6734939759036145;0.7025762486660595
High;0.0021999560008799;0.6607142857142857;0.9672211362178474
Unknown;0.0017999640007199;0.6326530612244898;1.6428926516861673
High;0.3940321193576128;0.1248852157943067;0.2744021669775743
High;0.0800383992320153;-0.2111111111111111;-0.6562147758825756
Unknown;0.505069898602028;-0.3656174334140435;-0.2719284298119127
Unknown;0.0543589128217435;0.4656084656084656;0.7685371991149698
Medium;0.1503569928601427;0.1367521367521367;0.491733372133492
High;0.4467510649787004;0.1142857142857142;0.202469099611574
Low;0.7350652986940261;0.0868385345997286;0.1118634673758099
Unknown;0.0441191176176476;0.6033057851239669;0.6256640703712439
Unknown;0.1082378352432951;0.3757575757575757;0.4394737007623249
High;0.0092798144037119;0.4139303482587064;0.6701971542907625
Medium;0.9353812923741524;-0.1840193704600484;-0.0560449224328965
High;0.1874362512749745;-0.2068435217224144;-0.3306079470465854
Medium;0.0416391672166556;-0.1571428571428571;-0.7472566625218895
High;0.0419591608167836;0.4635108481262327;0.5780531029044982
Unknown;0.0161196776064478;0.5902777777777778;1.0665643199091095
Unknown;0.7861442771144577;0.036036036036036;-0.1029470666393592
High;0.9539009219815604;-0.083204134366925;-0.0017411226864042
Unknown;0.4848303033939321;-0.1711538461538461;-0.2727176040029872
Unknown;0.0199996000079998;0.4135338345864661;0.8874293809216598
Unknown;0.0919981600367992;0.2848484848484848;0.5472987821732593
High;0.1360372792544149;0.2531645569620253;0.5115297197090802
High;0.7114657706845863;0.0886699507389162;0.162845702780312
Unknown;0.0602787944241115;0.3607038123167155;0.6098141693289109
Unknown;0.1286774264514709;-0.3327464788732394;-0.5570993322486818
Unknown;0.979580408391832;-0.1111111111111111;0.0013391552320846
Medium;0.0286394272114557;0.6077481840193705;0.8349328598728905
High;0.0015599688006239;0.5357859531772575;0.7693606934110956
High;0.2367552648947021;-0.3555555555555555;-0.4305756910066516
High;0.0027199456010879;0.6066066066066066;0.8357542892370642
Unknown;0.0007999840003199;0.7338820301783264;1.2253547870876684
Unknown;3.999920001599968e-05;0.9052224371373307;1.4495892474015828
High;0.0886782264354713;-0.4846153846153846;-0.8851689350703043
Low;0.0439991200175996;0.4012345679012346;0.7087422171884303
High;0.6326273474530509;-0.0091911764705882;0.1758038763796383
High;3.999920001599968e-05;0.7738095238095238;0.976371472985318
High;0.0008799824003519;0.6053268765133172;1.1238835915193928
Low;0.0025599488010239;0.3983297022512709;0.6136828637131883
High;0.2078758424831503;0.2901234567901234;0.4450197507696224
Medium;0.9160616787664246;-0.0929292929292929;0.04007601012731
Medium;0.6560268794624108;-0.0490196078431372;-0.1385990821293347
High;0.8106637867242655;0.1505882352941176;-0.066698339926198
High;3.999920001599968e-05;0.8553864168618267;1.674489228387873
Unknown;0.5541889162216755;0.1111111111111111;0.2233422907278039
Medium;0.0029999400011999;0.6402116402116402;1.131910438219782
Unknown;0.7528249435011299;0.1215277777777777;0.1559959343546547
Medium;0.0099998000039999;-0.4049153908138598;-0.6621703169014668
Medium;0.0079998400031999;0.5029239766081871;0.8546478024021709
High;0.0016799664006719;0.5206043956043956;0.7402494440015192
High;0.0523989520209595;0.3508267433501078;0.5679890593836915
Medium;0.0005599888002239;0.6585858585858586;1.1140167469312938
High;0.3299134017319653;-0.2;-0.323392301303433
Medium;0.7330253394932101;0.1608187134502924;0.1397396656059128
Unknown;0.0367592648147037;0.4660421545667447;0.8388080371945248
Unknown;0.8416631667366653;0.0576923076923076;0.0878751230657136
Medium;0.113597728045439;0.3161592505854801;0.4385802270793535
Medium;0.4429511409771804;0.1967592592592592;0.2362802052317293
High;0.9142617147657048;0.18;0.0984630335256557
High;0.0249595008099838;0.3138755980861244;0.6605542129675143
High;0.4319913601727965;0.1422736555479918;0.2277681442069661
Unknown;0.1821163576728465;-0.4166666666666667;-0.5400886247600661
High;0.0088798224035519;-0.5234159779614325;-0.5231252153521875
High;0.0245995080098398;0.548051948051948;0.9631528944252996
High;0.7104657906841864;-0.2034632034632034;-0.1296100811441652
Unknown;0.7195456090878183;0.0591133004926108;0.153027045853496
Unknown;0.4270314593708126;0.3055555555555556;0.3289420851499224
Unknown;0.0415991680166396;0.4430727023319616;0.7808146831098187
Unknown;0.0361992760144797;-0.3234323432343234;-0.6415426680139649
Medium;0.5275094498110038;0.1214285714285714;0.2659168970204104
Low;7.999840003199936e-05;-0.7658823529411765;-2.010386625733677
Low;0.1378372432551348;0.1552447552447552;0.4527279524094205
High;0.0001199976000479;0.6171617161716172;0.9912955971950922
Low;0.0091998160036799;0.101114955786236;0.9356287032678812
High;0.8096238075238495;-0.0815217391304347;-0.1158896423346328
Unknown;0.4273914521709566;0.1506410256410256;0.2463551193874796
High;0.0581588368232635;-0.3694968553459119;-0.58022127132099
Unknown;0.0552388952220955;0.3115942028985507;1.110660252356918
Control;0.3909121817563649;-0.237037037037037;-0.405920226328092
Medium;0.0030399392012159;0.4757834757834758;1.026150093647716
Medium;0.252154956900862;-0.2658730158730158;-0.4288969119929445
Unknown;0.2066358672826543;-0.3990147783251231;-0.5113383895487874
Control;0.9740605187896242;0.1454081632653061;-0.0741608201143046
Low;0.2579548409031819;-0.2416666666666666;-0.3799094732186309
Unknown;0.0078398432031359;0.436046511627907;0.8477072730812025
High;0.495310093798124;0.1464285714285714;0.2543842577277827
High;3.999920001599968e-05;0.9635258358662614;2.8297022293460827
Unknown;7.999840003199936e-05;0.7425373134328358;1.261094439253832
High;0.0017599648007039;0.6302816901408451;1.10082825087679
Low;0.238035239295214;-0.2434782608695652;-0.5604779109001802
Unknown;0.4142317153656927;0.1522633744855967;0.2885745332339724
High;0.0008399832003359;0.7555555555555555;1.5528963802496298
Medium;0.0477190456190876;0.3425925925925926;0.6036687777577875
Unknown;0.8050238995220096;-0.1423611111111111;0.0838157771250401
High;0.5259494810103797;0.094017094017094;0.2278977845731107
High;0.0777984440311193;0.4277511961722488;0.5175315914163163
Unknown;0.0294794104117917;0.3571428571428571;0.7019403962616309
High;0.120637587248255;0.196660482374768;0.4755671188184164
High;0.0948381032379352;-0.4171907756813417;-0.6047579317028615
High;0.994740105197896;0.075;0.0322060047071702
Medium;0.7139857202855943;0.1097834204630321;0.1076798624727234
High;3.999920001599968e-05;-0.961904761904762;-2.163167285536681
Low;0.0039199216015679;0.5364891518737672;0.8232450527450924
High;0.0101197976040479;0.3323244552058111;0.5926089342250395
Unknown;0.0173996520069598;0.3472222222222222;0.7574994705845634
Unknown;0.0009199816003679;0.6057471264367816;1.1366901013462305
High;0.2983940321193576;0.1865671641791045;0.3675993593347806
Unknown;0.0793184136317273;-0.4285714285714285;-0.5762474045489715
Medium;0.0002399952000959;0.7443609022556391;1.5436026923936057
Unknown;0.7142257154856902;-0.0714285714285714;-0.1394716837276984
Medium;0.0031199376012479;-0.5976744186046512;-1.2183652084030243
Unknown;0.5047899042019159;-0.425531914893617;-0.2763659959406341
Unknown;0.1593568128637427;-0.1908763505402161;-0.3478748917526209
Unknown;0.6803063938721226;0.0727272727272727;0.1843216250785971
Unknown;0.0038399232015359;0.6188118811881188;0.9215668745689668
High;0.0004799904001919;0.6438356164383562;1.0588649668081045
High;0.5963080738385232;-0.2371794871794871;-0.2147284049323171
Unknown;0.2541149177016459;0.4714714714714714;0.4190947877460048
Medium;0.0981180376392472;-0.3061224489795918;-0.7168727342330826
High;0.746905061898762;-0.180327868852459;-0.1073198129451746
High;0.3401531969360613;-0.1818181818181818;-0.3918220814599381
High;0.5642687146257075;-0.2246575342465753;-0.1964532556909556
High;0.0009599808003839;0.6491228070175439;0.9716412344079756
Unknown;0.0002799944001119;0.6925418569254186;1.147602443563015
High;0.9314213715725684;-0.0036764705882352;0.0529634944992188
Unknown;0.0005599888002239;0.6059870550161812;1.0369172512863336
Medium;0.2085158296834063;-0.5399305555555556;-0.4847647132419521
Unknown;0.2231555368892622;0.3533333333333333;0.5291702472017458
High;0.7173456530869382;0.0713305898491083;0.1312113873237825
Medium;0.8578628427431452;-0.0522388059701492;0.0957986323028824
Medium;0.0755584888302234;0.1511961722488038;0.6341663165067773
Low;0.8269434611307774;-0.0765765765765765;0.116025868600361
High;0.239915201695966;0.2867853795688847;0.3774050141259539
High;0.4736705265894682;0.1538461538461538;0.3270242221071448
High;0.2734745305093898;0.0959595959595959;0.3315553685622547
Unknown;0.0422391552168956;0.6641975308641975;0.7229160361918907
High;0.0003599928001439;0.7119815668202765;1.0619041417914217
High;3.999920001599968e-05;0.692443919716647;1.344956079566356
High;0.2380752384952301;0.1205673758865248;0.4941243353372155
High;0.0712385752284954;0.3296296296296296;0.4686049233052136
Unknown;0.3219135617287654;-0.2851851851851852;-0.4178547058686394
Unknown;0.0443191136177276;0.3146417445482866;0.6316121875464616
Unknown;0.0587588248235035;0.4756944444444444;0.7244165111853956
High;0.0102397952040959;-0.5376984126984127;-1.0307291588527752
High;0.0190796184076318;0.3914656771799629;0.6776856341216551
Unknown;0.0002799944001119;0.6813953488372093;1.237359528383172
Unknown;0.6643067138657227;0.1669135802469135;-0.1123368436762944
Unknown;0.0753184936301274;0.4836363636363636;0.8149154176273427
Unknown;0.0019999600007999;0.5028490028490028;0.8114512004605332
Unknown;0.0063598728025439;0.5492822966507177;0.7666842576834534
Unknown;0.8344233115337694;0.0343980343980344;0.0677694171755503
Unknown;0.1071578568428631;-0.5032679738562091;-0.7050159911543135
High;0.7129857402851943;0.12890625;0.1399043871342743
Unknown;0.3903121937561248;-0.25;-0.3636823080698685
Unknown;0.4578308433831323;-0.096590909090909;-0.2387869008371513
High;0.0135197296054078;0.315079365079365;0.5907781280992076
Unknown;0.0539989200215995;0.3402597402597402;0.7684319343479288
High;0.0283194336113277;0.5218390804597701;0.7869607922334126
Unknown;0.0331993360132797;0.4659090909090909;0.7535037616797657
High;0.0014799704005919;0.571590909090909;0.8743424809092485
Unknown;7.999840003199936e-05;0.7934782608695652;1.212205185528989
Low;0.4914301713965721;-0.2716049382716049;-0.2064777129886026
Low;0.0049999000019999;0.4629629629629629;0.8024984205708602
Low;0.4217115657686846;-0.0809190809190809;-0.2519787491243472
Medium;0.3513929721405572;0.2296296296296296;0.3313415868471925
Unknown;0.0001999960000799;0.6185567010309279;1.0566512207331715
High;0.0015599688006239;-0.842948717948718;-1.0787848295868454
Unknown;0.6545069098618027;0.261437908496732;0.1264654238613525
High;0.0534389312213755;-0.4897959183673469;-0.8552427638847848
High;0.49615007699846;0.0429292929292929;0.209073966878087
Unknown;0.0531189376212475;-0.6344892221180881;-0.6904998358386036
Medium;0.0399192016159676;-0.3451676528599605;-0.6032721317123791
High;0.0001999960000799;0.7264367816091954;1.5149252034900238
Medium;0.0221995560088798;0.4515306122448979;0.7343970083504502
High;0.1393172136557268;0.2855902777777778;0.4660098166394879
Medium;0.0843983120337593;-0.1844155844155844;-0.7441141133163949
Unknown;0.0001199976000479;0.7734375;1.4194226607004017
Unknown;0.8326233475330493;-0.097953216374269;-0.0961333814267763
High;0.8533829323413532;0.0076555023923444;-0.0509602831067199
Unknown;0.8647827043459131;-0.0688405797101449;-0.1276293752112983
Unknown;0.248995020099598;0.3985507246376811;0.5068296155617723
Medium;0.0048399032019359;-0.425544794188862;-0.8354683164512966
Medium;0.4627107457850843;0.0944444444444444;0.2686637512932633
High;0.6169876602467951;0.2762345679012346;0.2071518231716718
High;0.0177196456070878;0.4947183098591549;0.6634918348736897
Medium;0.0049199016019679;0.5314465408805031;1.0924197479960651
Medium;0.4842303153936921;-0.0026455026455026;-0.2742085815516646
Unknown;0.3226735465290694;0.0884615384615384;0.3646934221247311
High;0.0621587568248635;0.3275613275613275;0.646988031814983
Low;0.0151196976060478;0.365079365079365;0.6836119826586073
Unknown;0.1705565888682226;-0.1818727490996398;-0.3876427942514843
High;0.9013019739605208;0.1084142394822006;0.0355110478762711
Medium;0.3905921881562368;0.3134615384615384;0.3303136166883506
High;0.1823163536729265;0.1086419753086419;0.4322298192623163
High;0.0005599888002239;0.5738636363636364;0.950236434934958
Unknown;0.0137597248055038;-0.4372294372294372;-0.901269717325727
Medium;0.0120397592048159;-0.5095785440613027;-0.9855279328881924
Medium;0.1968360632787344;-0.2032520325203252;-0.3648654527598357
Unknown;0.627707445851083;0.3752808988764045;0.1412831044060418
High;3.999920001599968e-05;0.6470238095238096;0.9022707179224814
Medium;0.0279594408111837;0.5222222222222223;0.6638703551383397
Unknown;0.6393472130557389;0.2364583333333333;0.1421581018829111
Unknown;0.0012799744005119;0.7210884353741497;1.490224467518792
Medium;0.241955160896782;0.4786516853932584;0.393472388260664
Medium;0.0016399672006559;-0.5324074074074074;-1.4274900435269988
High;0.0019599608007839;0.3821581612777561;0.7818253715619989
High;0.0007999840003199;0.5016181229773463;0.8688548485395096
High;0.1430771384572308;-0.4216589861751152;-0.6116854789377956
Unknown;7.999840003199936e-05;0.5552007299270073;0.8493970531680989
Low;3.999920001599968e-05;0.6296518607442977;1.1271259611103903
High;0.0006399872002559;0.6540229885057471;1.0387515921673152
Unknown;0.0060798784024319;0.6707021791767555;1.0351733486529873
Unknown;0.3246335073298534;0.3546099290780142;0.4281909853816927
High;0.0052398952020959;0.5097087378640777;0.7526130131854223
High;0.1751564968700626;-0.0142857142857142;0.5703586051877165
Medium;0.0051598968020639;0.4506172839506173;0.9448991542806776
Unknown;3.999920001599968e-05;0.8438438438438438;1.5624324977533464
High;0.0167996640067198;0.3192982456140351;0.6213528568741323
Low;0.25347493050139;0.1827956989247312;0.3277631621477794
Medium;0.0071598568028639;0.4937943262411347;0.6590079833579188
Low;0.1613967720645587;0.2615384615384615;0.4129240111316449
Medium;0.6315073698526029;-0.2105263157894736;-0.1406235422894258
High;0.757944841103178;-0.1776470588235294;-0.086037536907672
Unknown;0.3364732705345893;0.1832611832611832;0.3392430584615477
Unknown;0.1265974680506389;0.4073578595317725;0.4551146981411254
Unknown;0.6757064858702826;-0.0503042596348884;-0.1146992618066281
High;0.496470070598588;0.2672672672672673;0.2491864474417082
Unknown;3.999920001599968e-05;-0.7623456790123457;-1.625994535034475
Unknown;0.0002799944001119;0.7167464114832536;1.6051756579136949
Unknown;0.876222475550489;0.0489642184557438;0.0463103357455362
Medium;3.999920001599968e-05;0.8276353276353277;1.3604398041523946
Low;0.0031999360012799;0.5527426160337553;0.9420222696913017
Medium;0.1654766904661906;0.473076923076923;0.5648707350319341
Medium;0.370632587348253;-0.3205128205128205;-0.2888423349758308
Unknown;0.1114377712445751;-0.349438202247191;-0.4463708063255207
Unknown;0.9561808763824724;-0.0074074074074074;0.0366098135399068
Low;0.3114337713245735;0.2291666666666666;0.3770684649145394
Unknown;0.2614747705045899;0.2364864864864864;0.3527857496391234
High;0.4871502569948601;0.1987951807228915;0.2235407324296957
High;0.0635187296254074;0.4659863945578231;0.7015378702534332
Medium;0.6371472570548589;0.1071428571428571;0.2105474049083112
High;0.3913521729565408;-0.3489583333333333;-0.3202359816559547
High;0.0384392312153756;0.3691358024691358;0.5294854092065996
Unknown;0.0131997360052798;-0.58203125;-0.8854703459651727
High;0.4856702865942681;-0.1156156156156156;-0.2553842451367627
Medium;0.6867462650746985;-0.1159554730983302;-0.1282254586990392
High;0.2687146257074858;-0.2756286266924564;-0.3610863559389686
Unknown;0.3825923481530369;-0.1293103448275862;-0.2596760346545426
High;0.0623987520249595;0.55;0.7566531161975433
High;0.6837463250734985;-0.0075757575757575;0.2045275154975148
Unknown;0.0100797984040319;0.6311688311688312;1.047247467423506
High;3.999920001599968e-05;0.9158163265306124;1.628931468183053
High;0.0852782944341113;-0.3808411214953271;-0.5396977532030584
Unknown;0.0039599208015839;0.6666666666666666;1.2776021599638794
Medium;0.123357532849343;-0.391304347826087;-0.7125279098078071
High;0.0097198056038879;0.5257731958762887;0.8106217234052076
High;0.0201195976080478;0.453125;0.8798074518540361
Medium;0.4393912121757565;0.1724867724867725;0.213015233165954
Medium;0.3640327193456131;-0.25;-0.319126362840003
Unknown;0.1278774424511509;-0.0522388059701492;0.7006657620145529
Unknown;0.4310313793724125;-0.1023102310231023;-0.2424751707945419
Medium;0.1081178376432471;0.2767094017094017;0.4041782782327732
Medium;0.2146757064858702;0.269047619047619;0.4148721946387653
High;7.999840003199936e-05;0.7619047619047619;1.1158922944412346
Unknown;0.3565928681426371;-0.1423001949317738;-0.3340200848057363
High;0.6729865402691946;0.1064935064935064;0.1878913923149941
Unknown;0.8184236315273694;0.037037037037037;-0.0915222515147793
Unknown;0.0001599968000639;0.6333333333333333;1.053462005062051
Medium;0.4847503049939001;-0.2720588235294117;-0.2605375840079545
High;0.0229195416091678;0.3931818181818182;0.73319854411264
High;0.1752764944701106;0.3233333333333333;0.4422626909604066
High;0.0240795184096318;0.4537313432835821;0.6315972455722143
Low;0.0235995280094398;0.2729411764705882;0.6648972517409408
Unknown;0.4408311833763325;0.2995391705069124;0.3061669981802841
Medium;0.0057198856022879;-0.5137844611528822;-1.1305665669788052
High;0.121037579248415;0.1522248243559719;0.4328300231309151
Medium;0.0024799504009919;0.6576923076923077;1.1641732717924649
Low;0.2836743265134697;0.0903426791277258;0.325152972366786
High;0.0003199936001279;-0.548202614379085;-1.2278932050808735
Low;0.4525109497810043;0.1924882629107981;0.2643258159716902
High;3.999920001599968e-05;-0.8993055555555556;-2.2629490454444747
Low;3.999920001599968e-05;0.7476190476190476;1.5141522131241467
Medium;0.0053598928021439;0.6441102756892231;0.747662252747378
Unknown;0.9401411971760564;-0.1;0.0547467788055835
Unknown;0.0096398072038559;0.5012106537530266;1.0342201435672256
Low;0.0428391432171356;0.4782608695652174;0.6096471652780451
Unknown;0.0295194096118077;0.5510204081632653;0.931353441196068
High;0.3882322353552929;0.1700680272108843;0.3820567487352727
Unknown;0.0117197656046879;0.5222222222222223;0.8761181605252799
High;0.7855042899142017;-0.1894736842105263;-0.0671369227746741
High;0.0738785224295514;-0.3694852941176471;-0.7198291762046076
Medium;0.0455990880182396;0.2612612612612612;0.6479866960531399
Low;0.1015979680406391;0.22265625;0.6155074674456934
Unknown;0.4511509769804604;-0.2588235294117647;-0.2416124119381986
High;7.999840003199936e-05;0.6976076555023923;1.0419112673457671
High;0.0003199936001279;0.8758169934640523;1.454594194835268
Low;0.0244795104097918;-0.5887096774193549;-0.8500425216899812
Unknown;3.999920001599968e-05;0.7755102040816326;1.5260589799405997
Medium;0.9243815123697526;-0.00390625;-0.0083473667244926
Unknown;0.9079018419631608;-0.0785984848484848;-0.0316627615709146
Unknown;0.0005599888002239;0.7699757869249395;0.857463624572747
High;0.1715165696686066;-0.3202179176755448;-0.3917086208838219
Low;0.0407991840163196;0.4158576051779935;0.5865769193718129
High;0.0764384712305753;0.3535353535353535;0.6656400220856994
Unknown;0.500429991400172;-0.2891156462585034;-0.2512057889918894
Unknown;0.0005199896002079;0.6795180722891566;0.9791702386234916
Unknown;0.0881182376352473;0.4052287581699346;0.736359384151987
Unknown;0.2019559608807823;0.3142857142857143;0.5183533678966811
High;0.5509089818203636;0.0905923344947735;-0.1597420234677991
Unknown;0.2879142417151657;0.4468085106382978;0.4894966520040406
Unknown;0.0411591768164636;-0.2777777777777778;-0.6999493704584476
Unknown;7.999840003199936e-05;0.6950131233595801;1.2851900724237573
Unknown;0.2565548689026219;-0.0685871056241426;-0.4064015074507235
Low;3.999920001599968e-05;0.7929984779299848;0.8900490304042733
Low;0.622027559448811;-0.4042553191489361;-0.199150674091967
Medium;0.0147997040059198;-0.4439024390243902;-0.864022630277698
Unknown;0.2548749025019499;-0.3401360544217687;-0.4368829073007491
Unknown;0.8133837323253535;-0.0561224489795918;0.0673518284633616
High;0.0233595328093438;0.8367346938775511;1.0137280523699452
Unknown;0.0013199736005279;0.7414965986394558;1.102004751242168
Medium;3.999920001599968e-05;0.8666666666666667;1.200694749317233
Unknown;3.999920001599968e-05;0.9392857142857144;2.757376404490589
Low;0.2366752664946701;-0.2202020202020202;-0.3850521558560713
High;0.0008399832003359;0.7393483709273183;1.15114302304435
High;0.0001999960000799;0.7744360902255639;1.509805849222526
High;0.4417511649767004;-0.0074626865671641;0.2599936587483373
High;0.0028799424011519;0.3071895424836601;0.6991503127747148
High;0.2653546929061419;0.2542372881355932;0.4249542343783246
Medium;0.4294314113717725;-0.3333333333333333;-0.2329551191678734
Unknown;0.3487530249395012;0.2552693208430913;0.3774921199633564
Unknown;0.0027599448011039;0.4534653465346535;1.0621913229658018
High;0.8438231235375292;-0.2092198581560283;-0.0668543645928485
Low;0.0184796304073918;0.3857142857142857;0.8160888534657366
Unknown;0.1649967000659986;0.2733333333333333;0.6957003801988926
Unknown;0.9402611947761044;0.0091324200913242;0.0214215604430435
Unknown;0.0328793424131517;0.3805970149253731;0.6743533474053681
High;0.7595448091038179;0.25;0.1576796749998554
Low;0.1729565408691826;-0.2275280898876404;-0.5165457439424174
High;0.4711905761884762;-0.2451923076923076;-0.2096235308744994
Low;0.121037579248415;0.513262599469496;0.4661608121443191
Unknown;0.3430731385372292;0.1316239316239316;0.3417214218590073
High;0.0004399912001759;0.517948717948718;0.7049333576348495
Medium;0.0046799064018719;0.3795379537953795;0.7892585621395769
High;0.0002799944001119;0.6652631578947369;1.0089033717314653
Unknown;0.0006799864002719;0.5563298490127758;0.9767520573184668
Low;0.2313553728925421;-0.1822222222222222;-0.4000155332532098
High;0.0239595208095838;0.5057692307692307;0.8693601187481718
Unknown;0.7599048019039619;-0.0699930699930699;-0.1024587905634644
Unknown;0.0016399672006559;0.71484375;1.120801025447235
Unknown;0.0083598328033439;0.6235294117647059;1.3631625520921593
Low;0.0839583208335833;0.5928571428571429;0.5207084344477398
High;0.0203195936081278;0.47562893081761;0.6986853991571341
High;3.999920001599968e-05;-0.9925925925925926;-1.5724077434483696
Unknown;0.8609827803443931;-0.1680672268907563;-0.0360008747909661
Unknown;0.4350312993740125;0.0828282828282828;0.2550989530689156
High;0.0711185776284474;-0.3307543520309478;-0.626748177224985
Unknown;0.9578608427831444;0.0075757575757575;0.0174463759666635
Low;0.6109477810443791;-0.0876865671641791;0.2079338281020783
Medium;0.5130297394052119;0.0833333333333333;0.2223399820095659
Low;3.999920001599968e-05;0.8047619047619048;1.8888350943051764
Unknown;0.0031199376012479;0.5496828752642706;0.7544282024871803
Unknown;0.4190716185676286;-0.1831955922865013;-0.2617942631001773
Unknown;0.0379992400151997;0.2305825242718446;0.5979824797635186
High;0.0171596568068638;0.6215538847117794;0.8664720064752119
Low;3.999920001599968e-05;-0.917910447761194;-2.992552556580648
High;0.0001199976000479;-0.9377777777777778;-2.9867986729340728
Unknown;0.0007199856002879;0.7777777777777778;1.229548007965354
High;0.1025979480410391;0.33125;0.5256410856004343
Unknown;0.3094738105237895;0.2581699346405229;0.4441086679331999
Control;0.0018799624007519;-0.4678362573099415;-1.0459310579616992
High;0.0002799944001119;0.6737891737891738;1.1498481717521436
High;0.0929981400371992;-0.1122661122661122;-0.4851752027081253
Unknown;0.0749585008299834;-0.5175438596491229;-0.7919055302338389
High;0.0001599968000639;0.6465696465696466;1.1844454306365466
High;0.7043859122817544;0.0110294117647058;0.1605775671823244
Medium;7.999840003199936e-05;-0.8295454545454546;-1.62810326237637
Medium;0.0088398232035359;0.4827586206896552;0.7021977361865287
Control;0.0034799304013919;0.51994301994302;0.9928937300304236
Unknown;0.9111017779644408;0.1111111111111111;0.0334771689118481
Low;0.2673146537069258;0.0185185185185185;-0.3946952201543384
Low;0.0122397552048959;0.4372093023255814;0.844465823253261
Unknown;3.999920001599968e-05;0.903846153846154;1.6237904873132676
High;0.3114337713245735;-0.2317460317460317;-0.3677079011672995
Unknown;0.0067198656026879;0.3680445151033386;0.6700745463743395
Unknown;0.2016759664806703;-0.4358974358974359;-0.5234767469667739
Medium;0.0498790024199516;-0.3069767441860465;-0.6575529326420811
High;0.0138397232055358;0.5641025641025641;0.9429267909594004
Low;0.2044759104817903;0.2690972222222222;0.4638580845807075
Unknown;0.0649587008259834;-0.6086956521739131;-0.9205067064849496
Low;0.0842783144337113;0.2535612535612536;0.5512210805897237
High;0.0005599888002239;0.6759259259259259;1.0320432494283664
Unknown;0.6389072218555629;-0.2925170068027211;-0.1887381267940036
High;0.0149997000059998;0.3804878048780488;0.6850427861136185
Unknown;0.0097198056038879;0.3668300653594771;0.7720528655661345
Unknown;0.0113197736045279;0.4751322751322751;0.7350789841933331
Medium;0.0007199856002879;0.7321428571428571;1.0263018548744771
High;0.0193196136077278;0.3958944281524926;0.709068471850021
High;0.4735905281894362;-0.1747262773722627;-0.1890862528120963
High;0.0166796664066718;-0.3345588235294117;-0.9775301665096486
High;0.0003599928001439;0.6954732510288066;1.038313368588012
Medium;0.0009999800003999;0.5439560439560439;0.8950468609160739
Low;0.0003599928001439;-0.644927536231884;-1.4652602911546797
Medium;0.0030799384012319;0.4308943089430894;0.7648728435026458
Control;0.2064758704825903;-0.4067796610169492;-0.504467249539771
Medium;0.0212795744085118;0.455026455026455;0.7636433102401318
High;0.1649567008659826;-0.5108695652173914;-0.547941066457018
Unknown;0.0411991760164796;0.338785046728972;0.6139103717852165
High;7.999840003199936e-05;0.5771889400921659;0.9980832472299102
Unknown;0.3445931081378372;-0.1923076923076923;-0.4172453761609888
Medium;0.0110397792044159;0.3733493397358943;0.6756970384210432
Unknown;3.999920001599968e-05;0.7852147852147852;1.3278887977484573
High;0.4312713745725085;0.2059701492537313;0.2225981094427085
High;0.0007999840003199;0.6130952380952381;0.9435303390782142
High;0.0879582408351832;-0.2367816091954023;-0.6124046630735116
Low;0.0055998880022399;0.3904320987654321;0.9537891667512176
High;0.0363192736145277;-0.5507246376811594;-1.1001909804102998
High;0.497030059398812;0.0035211267605633;0.2622382294452335
Unknown;0.0271994560108797;0.5561224489795918;0.8789716424390887
Unknown;0.2204355912881742;0.3525641025641026;0.5706350465537965
Medium;7.999840003199936e-05;0.8703703703703703;1.7784776463371612
Medium;0.0135197296054078;0.3874015748031496;0.682830919870702
Unknown;3.999920001599968e-05;0.7522222222222222;1.2073062975051672
High;0.6905061898762025;-0.0108024691358024;0.1734473012598634
Unknown;0.0253194936101277;-0.3934624697336562;-0.6543445746860227
High;0.2237155256894862;0.3749133749133749;0.347698033423232
Medium;0.0009999800003999;0.6795774647887324;1.249707597692569
Low;0.0012399752004959;0.7118055555555556;1.318792598908655
Unknown;0.9542609147817044;0.0323529411764705;0.0252182427496694
High;0.0650786984260314;-0.1654320987654321;-0.6897791721130202
High;0.0247595048099038;0.55859375;0.8402926707369499
Unknown;0.0675586488270234;0.4326241134751773;0.7610470966577101
Unknown;0.6665066698666027;0.0683760683760683;-0.125898260616702
High;0.2152756944861102;0.6568627450980392;0.3238635897602646
Medium;0.0862782744345113;-0.4736842105263157;-0.7276646751338303
High;0.4785904281914361;-0.1604938271604938;-0.2518648579347644
High;3.999920001599968e-05;0.5825082508250825;1.0714575959056487
Medium;0.0001999960000799;0.7890625;1.252215540966168
Medium;3.999920001599968e-05;0.8023255813953488;1.2351193503402211
High;0.0055598888022239;0.3905882352941176;0.8057829062244886
Low;0.0028399432011359;0.5945945945945946;0.7854489710025788
High;0.0001199976000479;0.6783216783216783;1.2984684094827377
Low;0.2127557448851023;0.1156957928802589;0.3748185875411098
Unknown;0.2167556648867022;-0.3666666666666666;-0.4960119790649942
High;0.0648787024259514;0.4059259259259259;0.6677921966688293
Unknown;0.3874722505549889;-0.1629629629629629;-0.37594663869955
Unknown;0.0090398192036159;0.5131964809384164;0.7788435250414077
Unknown;0.8473830523389532;-0.0365853658536585;0.0709477013109964
Medium;0.0089998200035999;0.4284332688588008;0.8685072106549421
High;0.0185996280074398;0.3983050847457627;0.6539224344075629
Medium;0.5838283234335313;0.0416666666666666;-0.2318796011693074
Unknown;0.0057998840023199;0.55859375;0.9714078937664046
Unknown;0.0001199976000479;0.4956521739130435;1.3686649387208605
Unknown;0.0001999960000799;0.627906976744186;1.207940474223911
Medium;0.0007599848003039;0.517948717948718;0.7991678176496261
Medium;7.999840003199936e-05;0.8345588235294118;1.7151411827980096
Unknown;0.0321193576128477;0.5517241379310345;0.8165842024853965
Medium;0.0364392712145757;0.4769975786924939;0.8233357297955054
Unknown;0.5897482050358993;0.057471264367816;0.1818661818438982
Low;0.2295954080918381;-0.2183908045977011;-0.4250235672949023
High;0.246755064898702;0.1794871794871795;0.3387485007717905
Medium;0.6014679706405872;0.172635445362718;0.1713486031646445
Medium;0.1395972080558389;0.213089802130898;0.5299726797562331
Unknown;0.8920621587568248;-0.0153721682847896;-0.0494292847964848
High;0.0965580688386232;-0.3812316715542522;-0.5590427552430651
Unknown;0.8182636347273055;-0.0398550724637681;-0.1267406768578161
High;0.0127597448051038;0.3438127090301003;0.6559509127331913
High;0.5186696266074678;-0.218954248366013;-0.2479956128722334
Medium;3.999920001599968e-05;0.7154471544715447;1.1905089574639525
High;0.1723565528689426;-0.2896321070234113;-0.4097302708346266
Unknown;0.0030075187969924;-0.9629629629629628;-1.739933215704287
High;0.0647187056258874;0.4258893280632411;0.5855415129386963
High;0.7694246115077699;-0.0307692307692307;-0.0863963690739815
Unknown;0.0099998000039999;0.4020070838252656;0.6562788429792591
Medium;0.0011599768004639;0.7230769230769231;1.323283367684028
Low;0.1613967720645587;0.3878205128205128;0.581182863445856
Unknown;0.0002399952000959;0.6370370370370371;0.9674552766468204
Unknown;0.619467610647787;0.056791569086651;0.1400721243227041
High;0.1097578048439031;0.1033681765389082;0.4268238093292765
High;0.0014399712005759;0.4767857142857143;0.6778721885147452
High;0.0664786704265914;0.4519230769230769;0.7367564829085805
Low;0.252034959300814;-0.2178030303030303;-0.417316870252753
Unknown;0.24407511849763;0.24609375;0.4370220949122667
Medium;0.0010399792004159;0.6;0.8780911124994164
High;0.4590308193836123;-0.1954022988505747;-0.2371114431845518
High;0.5737885242295154;0.107421875;0.2301219188704307
Medium;0.0429191416171676;0.421875;0.7331839536368306
Unknown;0.5921881562368753;-0.1147540983606557;-0.3103721919808004
Medium;0.0050798984020319;0.415766306522609;0.5862985589297308
Unknown;0.7904641907161857;-0.0512820512820512;-0.0779328468923607
Low;0.1680766384672306;-0.5464285714285714;-0.5503376967530247
Low;0.4603107937841243;0.3043478260869565;0.278112330665881
High;0.0677586448271034;0.2485207100591716;0.46323898654552
High;0.370552588948221;-0.1591220850480109;-0.3176164529976007
High;0.0021599568008639;0.5521885521885522;0.7819863278254499
Medium;0.0645587088258234;0.2547263681592039;0.4884236576208863
Unknown;0.0188796224075518;0.876750700280112;1.2072838393217262
High;0.123157536849263;-0.4987468671679197;-0.6653058788847811
High;0.3829123417531649;0.052734375;-0.3197836074890804
High;0.0014399712005759;0.6808510638297872;1.2784677144023853
High;0.0003599928001439;0.6093023255813953;0.7921956981713071
High;0.0035199296014079;-0.5963431786216596;-1.1954114112773184
Medium;0.0028799424011519;0.5974264705882353;0.9051340917061044
Unknown;0.2319553608927821;0.354679802955665;0.479568953805044
Unknown;0.0551588968220635;0.3881481481481481;0.7100178107651479
Medium;0.0023199536009279;0.6195652173913043;1.0668227196553337
Low;0.1693566128677426;0.3056133056133056;0.3979840839019791
Unknown;0.1800763984720305;0.2707070707070707;0.4290114501130463
Unknown;0.3791124177516449;-0.3111111111111111;-0.3623514092799688
Medium;0.0004799904001919;-0.4045584045584046;-1.1425221747444638
Unknown;0.243755124897502;-0.3784461152882205;-0.4534752845749904
Unknown;0.1053978920421591;0.1485826001955034;0.5627138983399232
Unknown;0.2202755944881102;0.365625;0.3283807387793691
Unknown;0.5212695746085079;0.2314814814814814;0.2064277758874045
Unknown;0.6757864842703146;-0.081967213114754;-0.1634215789706961
High;0.0003599928001439;0.6916666666666667;1.1819105759355937
Low;7.999840003199936e-05;0.8229166666666666;1.6515923711285818
Low;0.4869902601947961;0.0052570093457943;0.1916653525421421
Unknown;0.4628707425851483;-0.1205533596837944;-0.2544927020265915
Unknown;3.999920001599968e-05;0.7628524046434494;1.144071885609809
Unknown;0.6674266514669707;-0.1394557823129251;-0.1709390671363941
Medium;0.0006399872002559;0.5934065934065934;1.1069351388850632
Unknown;0.0005199896002079;0.6067193675889329;1.1242557057320537
Low;0.7128257434851303;-0.0651162790697674;-0.0991046910086454
Unknown;0.1355972880542389;0.2032710280373831;0.4400509708276228
Unknown;0.1931961360772784;-0.297423887587822;-0.3109419076883896
Unknown;0.9591008179836404;-0.0070921985815602;-0.044892798411547
Medium;0.0089998200035999;0.5204081632653061;0.8043910748648848
High;0.0062398752024959;0.4076204169662114;0.7745454189796102
Medium;0.0347193056138877;0.4228855721393035;0.7493020660781982
Medium;0.0928381432371352;-0.3579545454545454;-0.6249599487280235
High;0.1653166936661266;0.4097222222222222;0.6127411654190984
High;0.504269914601708;0.1690856313497823;0.1919594526063144
Control;0.2366352672946541;0.3242630385487528;0.4804441616282032
High;0.8078638427231455;-0.006060606060606;-0.0542666930259897
Unknown;0.374632507349853;0.2808641975308642;0.3790919954621645
Unknown;0.0643987120257594;-0.4818840579710144;-0.7330603983609816
Unknown;0.0040399192016159;0.8428571428571429;1.4822985811541582
High;0.0159596808063838;-0.3511904761904761;-0.6842920407426891
Unknown;0.0293194136117277;0.6206896551724138;0.8450198498651248
Unknown;0.0010399792004159;0.5031185031185031;0.8732860015710886
Unknown;0.0160396792064158;0.4536585365853658;0.6914164387199476
Medium;0.0233595328093438;0.4493087557603686;0.7322952827705744
High;0.0018799624007519;0.532724505327245;1.033318838114301
Medium;0.0004799904001919;0.7285714285714285;1.369396637508704
Unknown;0.1961160776784464;0.2732919254658385;0.5241050544839031
Medium;0.7760644787104258;-0.0787878787878787;-0.0834871086906645
Unknown;0.0006799864002719;0.5136904761904761;0.8857761992055825
High;0.7289454210915781;0.0238095238095238;0.1493553158006481
High;0.0025999480010399;0.6479076479076479;0.9651654350235376
Low;0.1118777624447511;-0.1278721278721278;-0.5372708810209653
High;0.7794644107117857;-0.0465587044534413;-0.0751903075495572
Medium;0.006501547987616;0.6666666666666666;1.4926336407241416
High;0.1597168056638867;-0.4557823129251701;-0.607314016443013
Unknown;0.8651426971460571;0.1427083333333333;0.0752524001403676
High;0.378032439351213;0.3870967741935484;0.3490703678991545
Unknown;0.0258394832103357;0.5578231292517006;0.9807674295399414
High;0.0001599968000639;0.7769230769230769;1.6193393274704984
High;0.6449471010579788;0.1159420289855072;0.2068192944379449
Unknown;0.8511429771404572;-0.0763546798029556;-0.0495212254669183
Unknown;0.5647887042259154;0.1666666666666666;0.2036080072760937
Unknown;0.0021599568008639;0.6723646723646723;0.9147190031552777
Unknown;0.7763044739105218;-0.0436507936507936;-0.0962962007352145
Medium;0.0010399792004159;-0.5425219941348973;-1.042802572377762
High;0.0213595728085438;0.44921875;0.8261728866932678
High;0.1015179696406071;0.360655737704918;0.6269923496205355
Unknown;0.7953840923181537;-0.075;0.0643722456264391
High;0.6545069098618027;0.4166666666666667;0.1462841425009523
High;3.999920001599968e-05;0.6897689768976898;1.0779482056126923
Medium;0.247315053698926;-0.0317073170731707;-0.3848617057806946
Unknown;0.4335113297734045;0.2905982905982906;0.2720269976955068
Unknown;0.0052798944021119;0.3848631239935587;0.9186649894174036
High;0.5235095298094038;-0.1670454545454545;-0.2174130937756587
Unknown;0.0507589848203035;-0.4965986394557823;-0.8321443517980319
High;0.0003999920001599;0.627906976744186;1.0508945552999869
High;0.114157716845663;0.5435606060606061;0.5446976471907667
High;0.0007199856002879;0.6546546546546547;1.0508440055482908
High;0.2397952040959181;-0.270932607215793;-0.3439433331752293
High;0.0043599128017439;0.4888888888888889;1.2615249912408708
Unknown;0.0560388792224155;0.2669491525423729;0.5330189321869466
Unknown;0.0537189256214875;-0.5795454545454546;-0.7874455748231873
Low;0.7903841923161536;0.0151515151515151;0.0761144602704077
Unknown;0.2916341673166536;0.0898021308980213;0.3727319097025214
Unknown;0.509669806603868;-0.2622222222222222;-0.2928128443094179
Unknown;3.999920001599968e-05;0.8928571428571429;1.3431729266321637
High;0.0244395112097758;0.404356705241661;0.6251376377526753
Low;0.2727945441091178;0.1896296296296296;0.383202903512937
Low;0.0005199896002079;0.7222222222222222;0.9828439411244748
Low;0.8498230035399292;0.15;0.0536430737526982
High;0.0015599688006239;-0.710691823899371;-1.7038566873691214
High;0.6878262434751305;-0.1709601873536299;-0.1524017693201251
Unknown;0.1897162056758864;-0.1253588516746411;-0.4215771434203971
Unknown;0.1913161736765264;-0.3333333333333333;-0.5613046294511187
Low;0.0597188056238875;0.3246753246753247;0.7369383366767767
Unknown;0.8456630867382652;-0.1133333333333333;-0.0985370509732483
High;0.1645967080658386;-0.3350694444444444;-0.3696615172679693
High;0.0753184936301274;-0.2003205128205128;-0.5894294381671216
Unknown;0.9510209795804084;-0.0459183673469387;-0.0281852181442248
Medium;0.1445171096578068;0.3558558558558558;0.5101592278896179
Unknown;0.8987820243595128;0.1012987012987013;0.0146445880162832
Unknown;0.0115197696046079;-0.4858260019550342;-0.8118083440861509
High;0.5170696586068279;-0.2019704433497537;-0.2234512827817037
High;0.0029999400011999;0.460857726344452;0.8423779450571598
Unknown;0.4488710225795484;-0.169921875;-0.2798891398782399
Unknown;0.0732785344293114;0.5555555555555556;0.8210389679129882
Unknown;0.6083078338433231;0.0866510538641686;0.1743761571411038
High;0.5981880362392752;0.0169491525423728;0.1461144994311494
High;0.1033579328413431;0.2151515151515151;0.4598631986557221
Medium;0.0007199856002879;0.5966555183946488;0.8064149332419474
Medium;0.9333813323733524;-0.0716791979949874;-0.0246543094316459
High;0.1766764664706706;-0.3086913086913087;-0.4364868720688815
High;0.0003199936001279;0.6561264822134387;1.5466689688325992
Unknown;0.0161996760064798;0.5114942528735632;0.7131775847215752
Medium;0.3044339113217735;0.3928571428571428;0.3375631402195616
High;0.1703565928681426;0.2704081632653061;0.5466678577380805
High;0.0059998800023999;0.4848837209302326;0.7025319738577398
Unknown;0.0292794144117117;-0.532051282051282;-1.0151390339341684
Unknown;0.0886382272354553;-0.4583333333333333;-0.7648238171350232
High;0.0060798784024319;-0.5771604938271605;-1.062484619374494
Low;0.0911981760364792;0.3870967741935484;0.6791642164290843
Unknown;0.6107077858442831;0.0753246753246753;0.196517191871036
Unknown;0.0777584448311033;-0.0625;0.9116789070461424
High;0.750904981900362;0.2824074074074074;0.1141938311460578
Low;0.7367452650946981;-0.1524390243902439;-0.0862400797977466
Medium;0.0175196496070078;-0.5515873015873016;-0.978629363899978
High;0.1924761504769904;-0.1244444444444444;-0.437615882040044
High;0.9233415331693366;-0.1858974358974359;0.0010525330942045
High;3.999920001599968e-05;0.7620689655172413;1.3347400004517789
High;0.0111997760044799;0.5665024630541872;0.9949607562528292
Low;0.6649867002659947;-0.0760233918128654;-0.1538934151755885
Unknown;0.0609587808243835;0.3993055555555556;0.6659988373400682
Medium;0.0013199736005279;-0.9056603773584906;-1.818619755322236
Medium;0.1533169336613267;0.3287981859410431;0.5691744003252514
High;0.8415431691366173;-0.0576923076923076;0.1503867650533083
Unknown;0.5235495290094198;0.1864406779661017;0.259629386555538
Medium;0.0019999600007999;-0.562200956937799;-1.0224720425576546
High;0.1439571208575828;0.3228155339805825;0.4423143862237735
High;0.0014399712005759;0.4665708123652048;0.9274642936243882
Unknown;0.3866322673546529;-0.1989051094890511;-0.2279479725366838
Unknown;0.0025599488010239;-0.6286764705882353;-1.193262877514902
Unknown;0.0470790584188316;0.5040983606557377;0.7315560252476209
Unknown;0.0929181416371672;0.3428571428571428;0.619712988458452
Unknown;0.3067538649227015;-0.2115384615384615;-0.4371858200508975
Low;0.0228395432091358;-0.4876543209876543;-1.0218091945707146
Unknown;0.1933561328773424;0.3695652173913043;0.557966166407228
Medium;0.0003999920001599;0.6045883940620783;0.9304297351622812
Unknown;3.999920001599968e-05;0.7806267806267806;1.7159563893566396
Unknown;0.1512369752604948;-0.1560028756290438;-0.4309224583427412
High;0.0007599848003039;-0.5099009900990099;-0.8801753930125673
Medium;7.999840003199936e-05;0.7869718309859155;1.1961386528811
High;0.0993180136397272;-0.2739079102715466;-0.4827792060557107
High;0.0002399952000959;0.6992481203007519;1.471655198720954
High;0.3382332353352933;0.1370851370851371;0.3371409896881941
High;0.0088398232035359;-0.7038961038961039;-1.4619689455363798
Unknown;0.0104797904041919;0.5192743764172335;1.1725171107884202
High;0.3986720265594688;-0.0507246376811594;-0.3713915664688189
High;0.4620307593848123;0.0671957671957672;0.2086135634482912
Low;3.999920001599968e-05;0.6746031746031746;1.3531861069067856
Unknown;0.6138677226455471;0.2469135802469135;0.1798336254200485
Medium;0.4363112737745245;-0.0818713450292397;0.2876799806787332
High;0.2886342273154537;-0.3132832080200501;-0.4351018387392675
Unknown;0.9692606147877042;0.05078125;-0.0089023983939394
High;0.0301193976120477;0.5505882352941176;0.6576914276949327
Low;0.126557468850623;0.2584269662921348;0.497978157026327
High;0.251914961700766;0.0477453580901856;0.3358398785756519
Medium;0.5160296794064119;0.1462532299741602;0.1801702858805655
High;0.3091538169236615;0.3504672897196261;0.3093497661540159
Unknown;0.0755184896302074;0.4465116279069767;0.6362625208457162
Unknown;0.6593868122637547;-0.0873015873015873;-0.1705279464893179
High;0.0001999960000799;-0.5298202614379085;-0.934162648786982
Unknown;0.8616627667446651;-0.0626262626262626;-0.0641210132035528
High;0.0003199936001279;0.6520039100684262;1.047234296896513
Medium;0.0542789144217115;-0.5467980295566502;-0.8510089530811425
High;3.999920001599968e-05;0.9921875;4.24957163797115
Unknown;0.629627407451851;0.1053105310531053;0.1580022145594072
Low;0.0002799944001119;0.5874125874125874;0.8925632838306349
Low;3.999920001599968e-05;0.8186728395061729;1.1625906042119811
Medium;0.0005599888002239;-0.574685534591195;-1.0989845683916162
Unknown;0.0336793264134717;0.4480769230769231;0.8300158183746229
Unknown;0.0113197736045279;0.4564564564564564;0.8545487679848702
Medium;0.0001599968000639;0.7621283255086072;1.478540665240189
High;0.0001599968000639;0.539440203562341;1.0253237895444651
High;0.0169196616067678;-0.4538834951456311;-0.7378317528983761
Medium;0.0006399872002559;0.6992481203007519;1.393492623346721
Unknown;0.1917561648767024;-0.0147058823529411;-0.5044186735848563
High;3.999920001599968e-05;-0.6961279461279462;-1.7632623495134234
High;0.0397992040159196;0.2574884792626728;0.5843160598009405
High;0.0009199816003679;0.7176015473887815;1.1229778717694288
Unknown;0.0535189296214075;0.4395604395604395;0.7536684155545301
Unknown;0.0112797744045119;0.5110294117647058;1.1961132975152644
Unknown;7.999840003199936e-05;0.657483930211203;1.057095104826996
Unknown;0.7101857962840743;-0.109090909090909;0.1318876419684131
High;0.0304793904121917;0.5466666666666666;0.8797344767991238
Unknown;0.7107857842843143;0.1629629629629629;0.1385893544600833
Unknown;0.0435991280174396;0.3333333333333333;0.5949421121761886
Unknown;0.2611947761044779;-0.3557692307692308;-0.596550830484601
Unknown;0.2103157936841263;0.2518115942028985;0.4718679789579569
Medium;0.0015199696006079;0.5216666666666666;0.8530206638380309
High;0.0291194176116477;-0.5864197530864198;-0.9514576762255804
High;0.0324793504129917;0.349862258953168;0.6720021729757245
Unknown;0.1489170216595668;0.3412698412698413;0.5920143213842113
Unknown;0.1681566368672626;-0.2569444444444444;-0.6368106116656549
High;0.6500669986600268;0.265625;0.2028751906778502
Unknown;0.0133197336053278;-0.5257936507936508;-0.9121988596479944
High;3.999920001599968e-05;0.8207070707070707;1.2039039760594232
Medium;0.0132797344053118;0.5390243902439025;0.8166589164964992
Unknown;0.3916721665566688;-0.125;-0.3573022048998975
Unknown;0.5249095018099638;-0.1542857142857142;0.276607115123596
Medium;0.0001999960000799;0.5913978494623656;1.0945248920022144
Unknown;0.5945881082378353;0.2;0.229481530488867
High;0.2648347033059339;-0.1813380281690141;-0.4360713342330775
High;0.5431891362172756;0.0956316410861865;0.1786854096417279
Unknown;0.1858762824743505;0.2043325526932084;0.3710681114649446
Unknown;0.2265154696906061;-0.1879286694101508;-0.4245260451259279
Unknown;3.999920001599968e-05;0.6814814814814815;1.5966792696101544
Unknown;0.0029199416011679;0.4828807556080283;0.9150052511357016
Medium;0.5327093458130837;0.0762108262108262;0.1848858998542049
Low;0.0010799784004319;0.6567460317460317;1.3083204978130918
Unknown;0.249955000899982;-0.2623456790123457;-0.4091900472856453
Unknown;0.4817103657926841;-0.3419354838709677;-0.3447945557695674
Medium;0.5893882122357553;-0.3822091886608015;-0.1485009181442346
Unknown;0.5968680626387473;-0.0686274509803921;-0.2808579256115914
High;0.0035599288014239;-0.6526610644257703;-1.2031676380111538
Low;0.0075198496030079;-0.3724137931034483;-0.7428028090209283
Unknown;0.0185596288074238;0.474609375;0.93126488341102
Unknown;0.499070018599628;0.1555555555555555;0.3244596203173382
Low;3.999920001599968e-05;-0.8981937602627258;-2.352358350173355
High;0.0081598368032639;-0.7038961038961039;-1.0909694433146886
Unknown;0.282249742002064;0.35;0.6282739880062211
High;0.987860242795144;-0.081081081081081;0.0590425250091812
Unknown;0.8603427931441371;-0.0634328358208955;-0.0612509574024317
Unknown;0.0047199056018879;0.7532467532467533;1.3434077972906873
High;0.123037539249215;-0.296875;-0.6050481129509337
High;0.0807183856322873;0.6071428571428571;0.6068289601461974
High;0.1328773424531509;0.4084967320261438;0.6354664810582721
Low;0.3627927441451171;-0.2128279883381924;-0.3680416476526256
High;0.0816783664326713;-0.1884753901560624;-0.5200645257056935
Low;0.9690606187876244;0.1280864197530864;-0.0325564610624296
Medium;0.6876662466750665;-0.1126444159178433;-0.0731137137166185
Unknown;0.7646247075058499;-0.0434782608695652;0.1508603659181716
High;0.0274394512109757;0.2350877192982456;0.6484229170883349
High;0.4488710225795484;0.1911764705882352;0.2604037219534311
Unknown;0.8179436411271774;-0.0146341463414634;-0.121948519348009
Unknown;0.2717545649087018;-0.2287581699346405;-0.333944545951634
High;0.1068778624427511;-0.2459546925566343;-0.4192985706776256
Unknown;0.2606347873042539;-0.2626811594202898;-0.4313001352827496
High;7.999840003199936e-05;0.7923076923076923;1.2478115096879117
Medium;0.0555188896222075;0.7654320987654321;0.8553864758479212
High;0.0001999960000799;0.5971074380165289;1.1336257771886356
High;3.999920001599968e-05;-0.782608695652174;-1.6495883687960486
High;0.0006399872002559;0.6111111111111112;1.0005728872573068
Medium;0.0382392352152956;0.5769230769230769;0.8357304391619962
High;0.9233415331693366;-0.0554577464788732;0.0293943607652728
Unknown;0.6717065658686826;-0.2564102564102564;-0.2567204192966793
Low;0.0258394832103357;-0.47;-0.9322264161925072
Low;0.0267994640107197;0.3435294117647058;0.7063180852813439
Unknown;0.8604627907441851;0.0590277777777777;0.0891078547902113
High;3.999920001599968e-05;0.8409090909090909;1.4540746074043367
Medium;0.0162796744065118;0.6180555555555556;0.8170715187722447
Unknown;0.3978320433591328;-0.2955974842767295;-0.3629546122984961
High;0.3935521289574208;-0.119047619047619;-0.2441005198976976
Unknown;0.0009199816003679;0.5564795564795565;0.8975668485583826
Low;0.0625187496250075;-0.3722488038277512;-0.5837782153974196
High;0.0632387352252955;0.4632352941176471;0.6080316290571316
Unknown;0.2531549369012619;0.2589285714285714;0.4318206483429571
Unknown;0.1354372912541749;-0.3194444444444444;-0.526070580617783
Unknown;0.0638387232255354;0.3033707865168539;0.6125454874365962
High;0.1431571368572628;0.1333333333333333;0.4538281868638047
Unknown;0.4284314313713726;0.0833333333333333;0.3008634604097144
Unknown;0.0750384992300154;-0.2354285714285714;-0.5148394226401604
High;0.0005199896002079;0.7896825396825397;1.2184191448186994
Medium;7.999840003199936e-05;0.8260869565217391;1.3544235771241886
High;0.0002399952000959;0.7063492063492064;1.1862103338240413
Unknown;0.6321073578528429;0.25;0.1840206318593914
Unknown;0.0039999200015999;0.5274725274725275;0.7715361951018843
High;0.0831983360332793;0.521021021021021;0.6601365274377238
Unknown;0.239515209695806;0.1678321678321678;0.3726646397729672
Low;0.0190396192076158;0.5038461538461538;0.793098711450598
Low;3.999920001599968e-05;0.7698412698412699;1.7879285799717164
Low;0.1686366272674546;-0.1661458333333333;-0.370656234340024
Unknown;0.0005999880002399;0.5011337868480725;0.8388134301113296
Unknown;0.0549589008219835;0.6866666666666666;0.7313787232822746
Unknown;0.0042799144017119;0.5424242424242425;0.8570061751503129
Unknown;0.0489190216195676;0.4204545454545454;0.6997139003435429
Medium;0.9731405371892562;0.1111111111111111;0.0274988986091338
High;0.4456710865782684;-0.1451990632318501;-0.26760021489256
Unknown;0.0042399152016959;0.549407114624506;0.8376151908289018
Unknown;0.0003199936001279;0.7057057057057057;1.1857941418844398
High;0.3200735985280294;0.2210144927536232;0.3694818668131936
Unknown;0.1002379952400952;0.3684210526315789;0.6451647437393716
Medium;0.3087538249235015;0.2902439024390243;0.2453442515540784
Unknown;0.0004399912001759;0.7789757412398922;1.39772081234198
Low;0.0866382672346553;-0.2738095238095238;-0.6516119280334907
Low;0.0702785944281114;0.2063492063492063;0.620401000903145
Medium;3.999920001599968e-05;0.8079710144927537;1.5258075447109642
Low;0.8350632987340253;0.1547388781431334;0.0675430889752407
High;0.1315573688526229;0.2577777777777778;0.4897444013992704
Unknown;0.627347453050939;0.1028971028971029;0.1505096028457722
Unknown;0.3943121137577248;-0.4318181818181818;-0.3190916971112251
Medium;0.7215455690886182;0.1588516746411483;0.1023314638603805
Unknown;0.0895982080358392;-0.3384912959381044;-0.569595085287171
High;0.5549889002219955;-0.0493827160493827;0.2167718836478505
High;0.3457930841383172;0.1865168539325842;0.3007177255286393
High;0.1294374112517749;-0.0783699059561128;-0.5079153978295438
Unknown;0.1769964600707985;-0.2555023923444976;-0.4418546331190876
Medium;0.0213195736085278;0.3636363636363636;0.763857567613009
High;0.0004399912001759;-0.5988888888888889;-1.1821615994267023
Unknown;0.0021199576008479;0.5176767676767676;0.9016267385629304
Medium;0.0075598488030239;0.6419753086419753;0.9959410230359502
High;0.0120797584048319;0.4534534534534534;0.7824038762527894
Low;0.0029599408011839;-0.672514619883041;-1.1094819048533957
High;0.0002399952000959;0.6879084967320261;0.9568126211686266
Unknown;0.5681886362272754;-0.0842175066312997;-0.1623015852661485
High;0.7855842883142338;-0.1902985074626865;0.0797094180454255
High;0.5917481650366992;0.1454545454545454;0.1824075493068352
Medium;0.632467350652987;0.2119047619047619;0.1336535174973374
High;0.0034399312013759;0.443001443001443;0.8693961387672243
Unknown;0.747145057098858;-0.0563165905631659;-0.1157100383255194
High;0.255114897702046;-0.2496392496392496;-0.4080878243312627
Low;0.1028779424411511;0.2785947712418301;0.4737632594933071
Unknown;0.6975460490790184;0.0758974358974359;0.1103463684991268
Medium;0.0465990680186396;-0.4276729559748428;-0.8965074993608358
Medium;0.1425171496570068;0.2136752136752136;0.4181928968824296
Unknown;0.0015599688006239;0.5887445887445888;1.1152129473041503
Unknown;0.0633187336253275;0.4177732379979571;0.6027410240179023
Unknown;0.4601907961840763;0.1013824884792626;0.3036361717942514
Unknown;0.4114717705645887;-0.2148148148148148;-0.3662322770508829
Unknown;0.9772604547909042;-0.0464285714285714;0.0148432256201504
High;0.1712765744685106;-0.2716666666666666;-0.4312264880874646
Unknown;0.9127017459650808;0.0340136054421768;0.0429732633879883
Unknown;0.0231195376092478;-0.4321428571428571;-0.8897327414833498
Unknown;0.3811123777524449;0.2977777777777777;0.2656010710211077
Low;0.9362212755744884;-0.1602641056422569;0.0317445156367133
High;0.0650786984260314;0.4085820895522388;0.7063902185614258
Unknown;0.0005599888002239;-0.5174603174603175;-1.199879452209249
High;0.0588388232235355;-0.54;-0.8709277879186721
High;0.0231995360092798;0.4111640571817563;0.6377285309028465
Unknown;0.1646367072658547;0.47;0.6774200645227708
Unknown;0.1620767584648307;0.3078358208955223;0.5301671789022777
Low;0.1972360552788944;-0.3272450532724505;-0.4970439612516187
Unknown;0.6702265954680906;0.0087719298245614;0.1323182102300715
High;0.7844243115137697;0.1531654186521443;0.0910159856522666
Unknown;0.0049199016019679;0.5614814814814815;1.0369338756791766
Medium;0.1828363432731345;-0.3085399449035813;-0.4555541305842266
Low;0.5835883282334353;0.023088023088023;-0.2179305452452198
Unknown;0.0064798704025919;0.638961038961039;0.8975070055626142
High;0.2844743105137897;0.2355555555555555;0.5219440211311969
High;0.0027999440011199;0.3934624697336562;0.8127350276751887
Unknown;7.999840003199936e-05;0.7681159420289855;1.2930481959189186
High;0.1401571968560628;-0.2890625;-0.5744390392927552
High;0.0067198656026879;-0.3703703703703703;-0.9532990852391195
Unknown;0.249355012899742;-0.1177944862155388;-0.4688464078906607
Unknown;0.6398272034559309;0.1037037037037037;0.236239942314237
Medium;0.0678786424271514;0.4110915492957746;0.507588275311597
High;0.0005199896002079;0.6821378340365682;0.9909757865162504
Unknown;0.0034799304013919;0.5052928722653494;0.8195815798476465
High;0.4777104457910842;0.1876513317191283;0.2084095725708075
Unknown;0.7997840043199136;-0.2248677248677248;-0.0021577164994552
Unknown;7.999840003199936e-05;-0.8837209302325582;-1.8468087642953093
Unknown;0.0002399952000959;0.6868686868686869;1.2692470272483685
Medium;0.0002799944001119;-0.6931297709923664;-1.224699410126955
Unknown;0.6207475850482991;-0.0721153846153846;-0.1696397342525505
Medium;0.3971520569588608;0.1803751803751803;0.3023079514950767
Medium;0.4474710505789884;0.0987055016181229;0.2347623571101671
Unknown;0.0001199976000479;0.6595911949685535;0.9083078444753012
Unknown;0.0305993880122397;0.4044943820224719;0.685685735576049
Medium;0.4601107977840443;-0.2350780532598714;-0.2319644934413298
Unknown;0.6997860042799144;0.1961538461538461;0.0813450030192916
High;0.1343573128537429;-0.4318181818181818;-0.4910753616198539
Low;0.5417491650166997;0.0322802197802197;0.1863241979207503
Unknown;0.0001199976000479;0.769927536231884;1.4700016308556652
High;0.0542789144217115;0.4024096385542168;0.6447270801231494
Unknown;0.2332353352932941;-0.2389705882352941;-0.4376428595777434
Medium;0.0031199376012479;0.5086625086625086;0.7184390838285813
Medium;0.0143197136057278;0.3627450980392157;1.2861981373988909
Unknown;0.6181476370472591;-0.1366366366366366;-0.1787974638511514
Unknown;0.1412771744565108;-0.15625;-0.6816395291688291
Medium;0.0256794864102717;0.26;0.6742008508239294
High;0.0008399832003359;0.4946018893387314;0.8466599655165752
Unknown;0.0021199576008479;0.4914141414141414;0.7866970182691407
Medium;0.0001999960000799;0.7857142857142857;0.8737983287865616
High;0.1066778664426711;0.3576227390180878;0.4335810212258993
Medium;0.6075078498430031;0.0222222222222222;-0.1666199083942769
Low;0.0744785104297914;-0.3917948717948717;-0.5215806502905006
Unknown;0.0490790184196316;-0.5567375886524822;-0.728317582411613
High;7.999840003199936e-05;0.8103703703703704;1.4026374129790302
Unknown;0.1777164456710865;0.2947761194029851;0.4972884581219904
Unknown;0.1531969360612787;0.3171641791044776;0.5240220295008234
Low;0.0005199896002079;0.632996632996633;1.1625252536081094
Low;0.0006799864002719;0.6897546897546898;1.26544987533329
High;0.4759904801903962;0.1173708920187793;0.2592726511369305
Low;0.2251154976900462;0.233695652173913;0.4575317219543615
High;0.0472790544189116;0.2241469816272966;0.5190248802333938
High;0.3367932641347173;-0.0952380952380952;0.2696683917583599
Low;0.8067438651226976;0.0275689223057644;0.1051496165231256
Unknown;0.9707405851882962;0.0136054421768707;0.0022885597828272
Control;0.0732385352292954;-0.5462962962962963;-0.8211986912546463
Medium;0.5670686586268274;-0.1079545454545454;-0.1978691696772941
High;0.4487910241795164;0.1711924439197166;0.2170229489259972
Medium;0.7307453850922981;-0.2492138364779874;-0.1051079392529382
Unknown;0.0756384872302553;0.3272727272727272;0.5823386373630185
Unknown;0.4639907201855963;0.1179487179487179;0.3525763418373727
High;0.0756784864302713;0.4532019704433497;0.6558370701801559
Unknown;0.0001199976000479;0.78515625;1.2633963177012288
Medium;0.5558688826223476;-0.2906403940886699;-0.2479077487101051
High;0.9532609347813044;-0.0181818181818181;0.0272719250008237
High;0.3069938601227975;0.1835334476843911;0.3245669489854684
Unknown;0.6304673906521869;0.1626984126984127;0.1590752464588863
Unknown;0.0001999960000799;0.7913832199546486;1.296497180552769
Unknown;0.7968240635187296;-0.0030864197530864;-0.0795994236297131
Low;0.0001199976000479;0.7720797720797721;0.938875078906095
High;7.999840003199936e-05;0.6782762691853601;1.238028975911062
Unknown;0.3949121017579648;0.1723076923076923;0.2361196979646703
Medium;0.1699966000679986;0.2446115288220551;0.3646709406116086
High;0.0651986960260794;0.418103448275862;0.7227922368905106
High;7.999840003199936e-05;0.7411347517730497;3.0702726488258727
High;0.119757604847903;-0.3045714285714285;-0.4418421858881811
Unknown;0.8777024459510809;0.065359477124183;0.0569869934498802
High;0.0078798424031519;-0.7243589743589743;-1.3785670025409162
Unknown;0.1679166416671666;-0.1732323232323232;-0.3820562394548525
High;0.3617527649447011;0.2065217391304347;0.3338621933058119
High;7.999840003199936e-05;0.8411386593204775;1.5583538641113983
Low;0.0106797864042719;0.4860759493670886;0.8324079144577059
High;0.0004799904001919;0.8188405797101449;1.61188901485625
High;0.0004399912001759;-0.4976076555023923;-1.0038104822884266
High;0.0009599808003839;0.6200956937799043;1.0374641864806178
Unknown;0.122877542449151;0.2565157750342935;0.5224673392362583
Unknown;0.0001999960000799;0.764172335600907;1.913636756237226
Unknown;0.2843143137137257;0.404320987654321;0.3822500791097222
Unknown;0.6935861282774345;0.2346938775510204;0.1675116241233741
Unknown;0.0099598008039839;-0.6233333333333333;-1.2494128574128467
Low;0.8168636627267455;0.1007751937984496;-0.1137135841050518
Unknown;0.1429571408571828;0.234375;0.5367694526454359
Medium;0.7836643267134658;-0.3066104078762307;-0.1115223291914821
High;0.0757984840303194;0.1673789173789173;0.5090093759578505
Unknown;0.1011979760404791;0.4;0.7652887383167989
Low;0.1495570088598228;-0.3737236215112321;-0.4324364192537461
Low;0.2158356832863342;0.1507936507936507;0.3310130804078455
High;0.0001199976000479;0.6708860759493671;1.1313743584720195
Unknown;0.3174336513269735;0.1703703703703703;0.4360548642734282
Unknown;0.367312653746925;0.0654261704681872;0.2553616004953767
High;0.0335193296134077;0.2888888888888888;0.8536873811584063
Low;3.999920001599968e-05;0.7322580645161291;1.2526356333694575
Unknown;0.0003599928001439;0.68;1.2457343324905212
Medium;0.0445191096178076;0.4530120481927711;0.662621967489287
Unknown;0.1269174616507669;0.4634146341463415;0.6803711838980074
Low;0.0742385152296954;-0.3211111111111111;-0.6084446489372817
Unknown;0.3016739665206696;0.1764705882352941;0.4465301105499425
High;0.0004799904001919;0.5213675213675214;0.887196679389703
Unknown;0.0437991240175196;0.365;0.729526732489853
Low;0.0001999960000799;0.5646153846153846;1.013683424458538
Medium;0.1864762704745905;0.1866666666666666;0.3967476793946839
High;0.0013199736005279;-0.5650048875855328;-0.9631237648651824
Low;0.4581108377832443;0.2018140589569161;0.2888985826719037
Unknown;0.0065598688026239;0.5352504638218923;0.7417910106092815
Unknown;0.247955040899182;-0.3956386292834891;-0.349388235129734
High;0.1791564168716625;0.2463768115942029;0.6014972108934279
High;7.999840003199936e-05;-0.9528301886792452;-2.163122115319889
Medium;0.0002799944001119;0.7036144578313253;1.2896740660723964
Unknown;0.7624247515049699;0.0408163265306122;-0.1470991067100203
Low;0.1317973640527189;0.4335839598997493;0.6162365563071596
High;0.1729165416691666;0.2613636363636363;0.4463172351728707
High;0.1697566048679026;-0.3049645390070922;-0.6921836750891737
High;3.999920001599968e-05;-0.8704545454545455;-2.099952124963684
Control;7.999840003199936e-05;-0.8133802816901409;-2.0042112052356518
High;3.999920001599968e-05;-0.992063492063492;-4.225953384024427
High;0.1828363432731345;-0.2804597701149425;-0.4601205129687636
High;0.0928381432371352;-0.3259259259259259;-0.6246374730643315
High;3.999920001599968e-05;0.8615384615384616;1.6530997951340962
High;0.0025199496010079;-0.655421686746988;-1.0487645218793913
High;0.255514889702206;0.2142857142857142;0.3253378528694578
High;0.1509569808603827;-0.0413943355119825;-0.5206568489017261
Unknown;0.7269854602907941;0.0038684719535783;0.1157714239921267
Unknown;0.0062798744025119;0.5357833655705996;0.7713822101359356
High;0.116557668846623;-0.2010666666666666;-0.4328956833433969
High;0.0173196536069278;0.4093851132686084;0.6899391391786783
Medium;0.0352392952140957;0.5453216374269005;0.8166596493093158
Unknown;0.0773584528309433;0.375;0.6278826107297154
Unknown;0.6538669226615468;0.0898692810457516;0.171737179506327
High;3.999920001599968e-05;-0.8473958333333333;-1.491123792092288
Low;0.874542509149817;-0.0175438596491228;0.0822923034155773
High;0.0016399672006559;0.6055555555555555;0.8895599348254739
Medium;0.2746745065098698;0.069434989788972;0.317947176321486
High;0.0193596128077438;-0.3965909090909091;-0.8220624631860688
Low;0.0003199936001279;0.7507507507507507;1.2407957922544557
High;3.999920001599968e-05;0.7373737373737373;1.0941886893182862
Unknown;3.999920001599968e-05;0.887535145267104;1.9522125663250272
Medium;0.0092798144037119;0.2006578947368421;0.6041580582891833
Unknown;0.2283954320913581;0.25;0.4480399638894864
High;0.2089958200835983;0.1797839506172839;0.3756157083755674
High;0.0142797144057118;0.5566666666666666;1.0147019251631832
Medium;0.0024799504009919;-0.6547202797202797;-0.8334721138644353
Low;0.0002799944001119;0.5875;0.8194567562529682
Control;0.0571988560228795;-0.4818840579710144;-0.7630230345479952
Unknown;0.381592368152637;-0.1604938271604938;-0.2963804510774299
High;3.999920001599968e-05;0.8261904761904761;1.508123231908009
Low;3.999920001599968e-05;0.589728453364817;1.6722940491719998
Unknown;0.6699066018679627;-0.0205278592375366;-0.1427658783396434
High;0.1890762184756305;0.1522248243559719;0.5166472468635178
Unknown;0.1405171896562068;0.1893203883495145;0.4277703349409778
High;3.999920001599968e-05;-0.9;-2.2552084137574333
Unknown;0.0181996360072798;0.3412408759124087;0.5567356726822149
Unknown;0.3005939881202376;0.5;0.3899144521396193
Unknown;0.5933881322373552;0.095679012345679;0.1810203931408699
Medium;0.494110117797644;0.1506493506493506;0.2607546474863308
Unknown;0.0023599528009439;-0.5195195195195195;-0.8747573911833065
Unknown;0.3280334393312134;-0.2109704641350211;-0.3314058268137915
High;0.0019999600007999;0.5558712121212122;0.8357565534215499
Medium;0.0001199976000479;0.8758169934640523;1.8304907458583752
Medium;0.0130397392052158;0.4334251606978879;0.6753976476800808
High;0.0252394952100958;0.4285714285714285;0.6248568195599513
High;0.0046399072018559;0.4916083916083916;0.7516275545143208
High;0.0001199976000479;-0.9576719576719576;-1.49358243728359
High;0.0261594768104637;0.3768939393939394;0.7765429531829976
High;0.0013599728005439;-0.6325757575757576;-1.4376639569557943
Unknown;0.6732665346693066;0.1255857544517338;0.1341004502849093
Unknown;0.5764284714305714;0.0125;-0.2470058853815963
High;0.0017599648007039;0.423513986013986;0.8018737582617937
Unknown;0.4361112777744445;0.2266009852216748;0.3081000507497086
High;0.0109197816043679;0.6423611111111112;0.9981027277930662
High;3.999920001599968e-05;0.7517647058823529;1.3804487949292583
Low;0.0015999680006399;0.5592948717948718;0.9154622263323982
Low;0.2354352912941741;0.4700854700854701;0.7275314094966293
High;0.0007599848003039;-0.8719211822660099;-1.888768347819901
Unknown;0.2171156576868462;0.2416666666666666;0.4142189498181909
Unknown;0.0001599968000639;0.6565656565656566;1.142693048740159
Unknown;0.7809843803123937;0.0037878787878787;-0.100596375501584
Unknown;3.999920001599968e-05;0.87409200968523;1.6056766528745845
Unknown;0.7293854122917541;0.3538011695906433;0.0915076944286728
Medium;0.7317453650926982;0.1401515151515151;0.1079065621618119
High;0.1369972600547989;0.1669135802469135;0.4010043654942042
Unknown;0.1066778664426711;0.4666666666666667;0.6898952331730399
Medium;0.6829863402731945;0.1813953488372093;-0.0980542867216879
Unknown;0.0303193936121277;0.6666666666666666;0.8274133070816042
Unknown;0.4811103777924441;-0.0258397932816537;-0.1924086204640066
Unknown;0.3405131897362052;0.28;0.4574584837424601
Unknown;0.0173196536069278;0.5324675324675324;0.8437785880253058
Medium;0.1069578608427831;0.2495164410058027;0.510078360100453
Unknown;0.3258734825303493;0.1790123456790123;0.411237242200927
High;3.999920001599968e-05;0.892271662763466;1.5444518503364433
Unknown;0.9160216795664088;-0.0977777777777777;0.0820268286611481
Medium;0.0164396712065758;-0.6714285714285714;-0.8449651790034484
Low;3.999920001599968e-05;0.5813871196036801;1.0178088240900418
High;0.119197616047679;0.2187812187812187;0.4903865493814181
Unknown;0.4312713745725085;-0.2222222222222222;-0.3401196066131132
Unknown;0.0001199976000479;0.7955555555555556;1.6472115122578426
High;3.999920001599968e-05;0.6450247000705717;1.1945931148154578
Medium;3.999920001599968e-05;0.8490028490028491;1.1877020709633572
Control;0.2328353432931341;0.3120567375886525;0.5322227081801005
Medium;3.999920001599968e-05;0.7425115207373272;1.210011624782612
Unknown;0.2783544329113417;-0.3759512937595129;-0.3879444091124996
Unknown;0.6717065658686826;-0.3125;-0.2059004959411858
High;0.0016399672006559;0.5014354066985646;0.8959101106236241
High;0.0535189296214075;0.2720588235294117;0.5648313376372902
High;0.0242795144097118;0.4990328820116054;0.7364246187380024
High;0.756544869102618;-0.3377622377622377;0.1171671245893219
High;3.999920001599968e-05;0.75;1.1455446104789668
Low;0.8912221755564889;0.0679156908665105;0.0382392552244264
Unknown;0.0145997080058398;-0.59;-1.1184655173547169
High;0.5230695386092278;-0.259765625;-0.2368685627956825
High;0.2209555808883822;0.1660997732426304;0.3296949815198072
High;0.2315553688926221;-0.2391304347826087;-0.543135423123197
High;3.999920001599968e-05;0.6471264367816092;1.024907361468675
Unknown;0.0287194256114877;0.4410714285714285;0.8156443004817718
Low;0.0026399472010559;0.5733333333333334;1.0223937805965864
Unknown;3.999920001599968e-05;0.9212376933895922;1.549838702479726
Unknown;0.0179196416071678;-0.3772482014388489;-0.6143334385755864
Unknown;0.1057978840423191;-0.3398692810457516;-0.5907481823374482
High;0.6778264434711305;0.2268041237113402;0.1411605972774676
Medium;0.2827543449131017;-0.2545454545454545;-0.3418432582091883
High;0.1359172816543669;0.3732718894009216;0.588319833376785
Medium;0.0002799944001119;0.6129411764705882;1.0415259899923084
Low;0.0009999800003999;-0.6240963855421687;-1.06791562190615
Low;0.0468790624187516;0.5037037037037037;0.8666063632376659
High;0.7758644827103458;-0.0681818181818181;-0.1042672095028916
Medium;0.6777064458710825;-0.0108695652173913;-0.1312642282387474
Low;0.3896722065558688;0.1328703703703703;0.2308539215804673
High;0.6847463050738986;-0.0921690921690921;0.1379901400822322
Low;0.7239055218895623;-0.0466417910447761;-0.1258629789221987
Unknown;0.0013199736005279;0.8936170212765957;1.5063507882920748
High;0.0061998760024799;0.6020408163265306;1.0071817675609185
Medium;0.0014799704005919;0.5725900116144018;0.8499028285230246
High;0.0002799944001119;-0.6902356902356902;-1.1274218634804307
Unknown;0.0034399312013759;0.6636363636363637;0.9442468380680852
High;0.9084218315633688;0.1223628691983122;0.052179079690288
Low;3.999920001599968e-05;0.8463718820861678;1.3010678699953928
Unknown;0.0136397272054558;-0.5151162790697674;-0.8503915716577148
High;0.1658766824663506;-0.3264033264033264;-0.4096592295347097
Unknown;0.1943561128777424;-0.2901234567901234;-0.5415244526275744
Medium;3.999920001599968e-05;0.8673740053050398;1.6956749402293534
Unknown;0.2152756944861102;0.1116279069767441;0.4153973789434598
Low;0.1099578008439831;0.3166666666666666;0.6490597292467564
High;0.2936741265174696;0.34;0.3467953986241505
Low;0.1531569368612627;0.3524305555555556;0.5319537539401578
Unknown;0.8319833603327933;-0.0612244897959183;-0.0905806092398562
Medium;0.4883902321953561;-0.228395061728395;-0.3067121127768221
Low;0.0274394512109757;0.5374149659863946;0.8864481577572996
Unknown;0.1672766544669106;0.2792022792022792;0.5090375756950052
High;0.3413131737365252;-0.7384615384615385;-0.307531359267589
Unknown;0.3254734905301893;0.2578616352201258;0.4158596106303426
Low;0.0056398872022559;-0.5436507936507936;-1.0026625728026566
Low;0.0031999360012799;0.423728813559322;0.802381766775113
Unknown;0.1692766144677106;0.2927400468384075;0.5677473537904218
High;0.5759084818303634;0.0184331797235023;0.2511586711659365
Unknown;0.0015999680006399;-0.6432806324110671;-1.0725616504298183
Unknown;0.1359572808543829;-0.00390625;0.6221030613811303
Low;0.0004799904001919;0.5343406593406593;0.9534928992747708
High;0.0127997440051198;-0.4666666666666667;-0.86851462616914
High;0.3950720985580288;-0.1329423264907135;-0.2687118236833608
Medium;0.6466670666586668;0.1003401360544217;0.1479317985119517
High;0.9153016939661208;-0.1649048625792812;-0.0228976003052054
High;0.0022399552008959;-0.3679012345679012;-0.9577036744225738
Unknown;0.6799064018719626;0.1070336391437308;-0.1603957597670651
High;0.2344353112937741;0.2163050624589086;0.3461933418309899
Unknown;0.1061578768424631;0.3556338028169014;0.5720451154235234
High;3.999920001599968e-05;-0.7714285714285715;-1.7285800694430546
High;0.2191156176876462;0.227112676056338;0.4172538360499437
Unknown;3.999920001599968e-05;0.8705357142857143;1.902228885407423
High;0.5231895362092758;0.2280701754385964;0.2732062290943488
Medium;0.9033419331613368;-0.1004901960784313;-0.0330494548150609
Unknown;0.5415891682166357;0.1420534458509142;0.2166178177936711
Control;0.0025599488010239;0.3424657534246575;1.300858894999374
Unknown;0.2070358592828143;-0.3585284280936455;-0.3787053469843335
Low;0.0064798704025919;0.3205128205128205;1.0333074613048978
Medium;0.0440391192176156;0.3321718931475029;0.5468616749767979
Low;3.999920001599968e-05;0.7486111111111111;1.1553652327118398
High;0.747385052298954;0.0586080586080586;0.0911814335256009
High;0.7625047499050019;0.2194285714285714;0.0652132740406119
High;0.0186396272074558;0.2314901593252108;0.6927570783536612
Unknown;0.0317993640127197;-0.3284090909090909;-0.741238703148843
Medium;0.1950760984780304;0.4240362811791383;0.5140941040899454
High;0.0367192656146877;-0.3792592592592592;-0.81310905194963
Medium;0.0048799024019519;-0.7741935483870968;-1.555560161520289
Low;0.1351572968540629;0.4676543209876543;0.4067933968690818
High;0.3356164383561644;-0.380281690140845;-0.6547063978711266
Low;0.0022399552008959;0.7170138888888888;0.9013601607746846
High;0.0017199656006879;0.5144557823129252;0.8948667138318664
Unknown;0.2765944681106378;-0.1105072463768116;-0.3594846871060523
High;0.0567588648227035;-0.2863095238095238;-0.5352807009690209
Unknown;0.0042521994134897;-0.8448275862068966;-1.455633989786917
Unknown;0.0343593128137437;0.3730337078651685;0.6787879407121703
Unknown;0.2237155256894862;0.0214285714285714;0.5004701824263188
High;0.0057998840023199;0.392;0.7451939931920885
Medium;0.6543869122617547;0.2439560439560439;0.1235835147943942
Unknown;0.7393452130957381;0.0709219858156028;0.1558721758984667
Low;0.0030399392012159;0.4801980198019802;0.8658563756410572
Low;0.2001959960800784;0.1524390243902439;0.4260509632086291
Unknown;0.0237195256094878;-0.0196078431372549;0.7830790524317474
High;0.0365992680146397;-0.4805194805194805;-0.748457383189081
High;0.5964680706385872;0.0833333333333333;-0.1943911846099494
High;7.999840003199936e-05;0.8462709284627092;1.7461076712404235
Medium;0.1038779224415511;-0.4240362811791383;-0.5759348111267099
Unknown;0.0001999960000799;0.6894586894586895;1.298020992338278
High;0.2965940681186376;0.0963855421686747;0.346918150400797
Unknown;0.0063998720025599;0.4883333333333333;0.7333453880261065
High;0.6003079938401232;-0.1977272727272727;0.1969269639673382
High;0.8396632067358653;-0.1760154738878143;0.0913081591096227
High;0.3308733825323494;0.2430555555555555;0.314748185951938
Low;0.9027019459610808;-0.0717647058823529;0.0475561788494485
Unknown;3.999920001599968e-05;0.8142292490118577;1.4931412925427134
Unknown;0.0155996880062398;0.5652173913043478;0.975540665464569
Unknown;0.1369972600547989;0.3324675324675324;0.6192685926909391
High;0.4345113097738045;0.1172839506172839;0.285368631570174
High;0.0019999600007999;-0.6666666666666666;-1.21023422822798
High;0.4659906801863963;0.2439362439362439;0.2083469103986714
High;0.0142797144057118;0.4885844748858447;0.8016647081197108
Medium;0.0007999840003199;-0.5133333333333333;-1.2952578125933258
Unknown;0.9362212755744884;0.0605326876513317;0.0398213302596457
Medium;0.4736305273894522;0.0891812865497076;0.2301146345226632
Unknown;0.1897562048759024;0.2161616161616161;0.4250852739627314
Unknown;0.0147197056058878;0.3804945054945055;0.70776936537187
High;3.999920001599968e-05;0.7820224719101123;1.3058237161152784
High;0.0055198896022079;0.4449838187702265;0.7765600411119319
Medium;0.6053878922421552;0.1463414634146341;-0.2087609016533199
Medium;0.0025599488010239;0.4973333333333333;0.8524190494813498
High;0.0014799704005919;0.6157303370786517;0.8209921883560098
High;0.1584768304633907;0.2745098039215686;0.6255310754506331
Unknown;0.8869022619547609;0.0253623188405797;0.0568543283677842
Low;0.0005599888002239;0.5435540069686411;0.9923670503573182
Medium;0.3819523609527809;0.1607655502392344;0.2835138734366116
Unknown;0.868702625947481;0.0274621212121212;0.0406351318382437
Unknown;0.5308293834123318;-0.1377777777777777;-0.2904493776715503
Unknown;0.0680786384272314;-0.4423076923076923;-0.8710139559841735
High;0.3881522369552609;0.2595238095238095;0.2881545224723973
Low;0.0888382232355353;0.296474358974359;0.4958570865054723
Medium;0.1560768784624307;-0.242063492063492;-0.4230042110611935
High;0.9440611187776244;0.0753676470588235;0.0194290139553033
Unknown;0.0042799144017119;0.4941176470588235;0.9445806769121304
Medium;0.4514309713805723;0.0105882352941176;0.2467704637011142
Unknown;0.0038399232015359;0.6307692307692307;1.1773425285972698
Low;3.999920001599968e-05;0.8892857142857142;1.258735176590606
Unknown;7.999840003199936e-05;0.7454545454545455;1.5348620857408184
Unknown;0.372712545749085;0.0014245014245014;0.3070230504649884
Low;0.8063838723225536;-0.1144578313253012;-0.0780783610408882
Unknown;0.2900741985160296;0.2967032967032967;0.4312059833972493
High;0.0020399592008159;0.580952380952381;1.0260931867995806
Unknown;0.4270314593708126;0.3152173913043478;0.3429779741119923
Unknown;0.0613987720245595;0.3297619047619047;0.587212690579411
Low;0.0296794064118717;-0.4511627906976744;-0.7239817820645498
Unknown;0.1734765304693906;-0.2898550724637681;-0.5192685650505577
Low;0.0127597448051038;-0.4595959595959596;-0.7276119666565842
Unknown;0.2833143337133257;-0.2447183098591549;-0.4043577214909032
Unknown;0.7283854322913542;0.1912832929782082;0.1446386525953845
High;0.0582388352232955;0.4042553191489361;0.8615864022153558
Unknown;0.0872782544349113;-0.3674242424242424;-0.6645620354300958
Unknown;0.6173076538469231;-0.0878378378378378;-0.1857744132797681
Unknown;0.8306633867322654;0.0575190575190575;0.0543102115663258
Unknown;0.626267474650507;0.1836734693877551;0.2142239618917016
Unknown;3.999920001599968e-05;0.8817733990147784;1.847942801069094
Medium;0.122357552848943;0.4197292069632495;0.5224531631989396
Unknown;0.0001199976000479;0.7365853658536585;1.4262935430082968
Unknown;0.0001199976000479;0.6603896103896104;1.198129387143601
Unknown;0.1065578688426231;-0.2731829573934837;-0.678386277476867
Medium;0.0001199976000479;0.6678321678321678;1.231707290160294
Unknown;0.8419031619367613;-0.0355555555555555;0.0828808511317942
Low;0.0364792704145917;0.3918604651162791;0.6057652282370759
Unknown;0.7727445451090978;-0.0116822429906542;-0.0795639227734996
Medium;0.0016399672006559;0.5642857142857143;1.0375006924425914
High;0.3019139617207655;-0.1666666666666666;-0.3681021379468833
High;0.0611187776244475;0.1539812646370023;0.5038193419068377
High;0.2667146657066859;0.1786941580756013;0.3418983064082459
Unknown;0.1473570528589428;0.4285714285714285;0.5817285434660759
High;0.1671566568668626;-0.2458333333333333;-0.4576659683312276
Low;0.0452790944181116;-0.3917445482866044;-0.629605898415583
High;0.752664946701066;0.0269607843137254;0.0973067272528921
High;0.7310653786924262;0.0510204081632653;0.1498277859066518
Unknown;0.9717005659886804;-0.0231958762886597;0.0251103396215747
High;0.0367192656146877;0.3683223992502343;0.6205563838795758
Unknown;0.0008799824003519;0.6772388059701493;1.2752452627621795
High;0.0053598928021439;0.6177777777777778;1.090890519739464
High;7.999840003199936e-05;-0.5684315684315684;-2.142496711865286
High;0.0001199976000479;0.7489711934156379;1.3404829401606195
Unknown;0.8125837483250336;-0.0251572327044025;-0.093992765523361
Unknown;0.0851182976340473;0.6286764705882353;0.6381935742036021
High;0.9346213075738484;-0.0019841269841269;-0.0040949798472955
Unknown;0.0014399712005759;0.5891566265060241;1.0279473592435102
High;0.2372352552948941;-0.238095238095238;0.4200417340358195
High;3.999920001599968e-05;0.9270833333333334;1.5913251696620063
Unknown;0.2906741865162697;-0.3974025974025974;-0.4193992754973761
High;0.0049599008019839;0.7007575757575758;1.2490727559369543
High;0.9041819163616728;0.0713101160862354;-0.0270200365284632
High;3.999920001599968e-05;0.7204819277108434;1.111443380876454
Unknown;0.1475570488590228;0.0410714285714285;0.5361953402894979
High;0.1874231032125769;0.5185185185185185;0.717324290836078
Medium;0.0006799864002719;-0.7927400468384075;-1.1763782595526735
High;0.2706345873082538;0.5803571428571429;0.4283770898396543
Low;0.0953580928381432;-0.5;-0.8484123417657119
Low;0.0002399952000959;0.8446969696969697;1.529124736601419
High;0.1455170896582068;0.2772585669781931;0.4410052174698055
Unknown;0.7043859122817544;0.0186199342825848;0.1155091715758342
High;0.0139997200055998;0.3955056179775281;0.6277974274977566
Medium;0.9025419491610168;-0.0911730545876887;0.0455812370030653
High;0.4800703985920281;0.2157320872274143;0.2147027869889502
Unknown;0.1554768904621907;0.425531914893617;0.6724765024082958
Unknown;0.1521569568608627;-0.3983739837398374;-0.6391827995478359
Unknown;0.5323093538129238;-0.1876923076923076;-0.1873239435284186
Low;0.0230795384092318;-0.6073500967117988;-0.7332573490813151
Medium;3.999920001599968e-05;0.7087912087912088;1.2004095926472351
High;0.0021199576008479;0.5428571428571428;0.8206769988685739
High;0.126237475250495;0.4936461388074291;0.5374054481383055
High;0.4348713025739485;0.3134920634920635;0.3036309816961557
High;0.0689586208275834;0.3891472868217054;0.5051234077801875
Unknown;0.2319953600927981;0.2772002772002772;0.3445027224999306
Unknown;0.9692206155876882;0.0180817610062893;0.005155643791718
Low;0.1109577808443831;-0.3466042154566744;-0.5608015792583328
High;0.1819163616727665;0.2880258899676375;0.4064794810650337
Unknown;0.8448631027379453;-0.0595238095238095;0.0471412217427908
Unknown;0.1499970000599988;-0.2508417508417508;-0.4521994757544127
Low;0.0641187176256474;0.212322695035461;0.4632681283666268
Unknown;0.3429931401371973;0.1797235023041474;0.3850599226333885
Low;0.0313993720125597;0.2726449275362319;0.601744225500979
Medium;0.4256314873702526;-0.1011764705882353;0.2730912040337253
High;0.0158396832063358;0.4008097165991903;0.6033176557067296
High;0.0090798184036319;-0.5703703703703704;-0.991675030955795
High;0.4427511449771004;0.2142857142857142;0.3134829797888261
Medium;0.372272554548909;-0.3576923076923077;-0.3351308253323914
High;0.0002799944001119;0.5798357664233577;0.9777005227404416
Unknown;3.999920001599968e-05;0.6349824698091157;1.135970815239449
Low;0.0051998960020799;0.3333333333333333;1.2170552743672487
Low;0.4884302313953721;-0.0241025641025641;-0.1841477837901818
High;0.0030399392012159;0.669710806697108;1.1680339614844957
Unknown;0.6203075938481231;-0.1599727705922396;-0.144042701373723
Low;0.0766784664306713;-0.3333333333333333;-0.7806917746440286
Medium;0.2988740225195496;0.2095238095238095;0.4190803672470783
Unknown;3.999920001599968e-05;-0.7158730158730159;-1.098468002319957
High;0.0155596888062238;0.4982142857142857;0.7574291737802095
Medium;0.3340733185336293;0.1655328798185941;0.2706180036282832
High;0.0106797864042719;-0.3608465608465608;-0.712637629886055
Low;0.0685986280274394;-0.3602150537634409;-0.5795798379419898
Unknown;3.999920001599968e-05;0.8161865569272977;1.6454682160873149
Unknown;0.0759184816303674;0.3304093567251462;0.5864076289253299
High;0.1441571168576628;-0.1496598639455782;-0.695404670158163
Unknown;0.1443971120577588;0.3570759137769447;0.4799989415327258
Unknown;0.0704785904281914;0.4953703703703703;0.6815030721181788
Medium;0.0003199936001279;0.7047184170471842;1.1808438734746969
Unknown;0.500509989800204;0.3456221198156682;0.2767066038693968
Unknown;0.2933141337173257;0.2115036231884058;0.2789261017529354
Unknown;0.0002799944001119;0.7897727272727273;1.3753003457681916
Low;0.0026799464010719;0.571501272264631;0.8636380001979943
Unknown;0.0003199936001279;0.4782152230971128;1.0030038458350223
Unknown;0.0918381632367352;0.5;0.7809546193495376
Medium;0.1743565128697426;0.3556818181818181;0.4458741020701948
High;0.0029999400011999;0.5400326797385621;0.85038406819688
Unknown;0.1467570648587028;0.3510895883777239;0.5805304591373398
Unknown;0.0753184936301274;-0.3547815820543093;-0.5182084028606663
Unknown;0.373152536949261;-0.2505854800936768;-0.3605174148230311
Unknown;0.983380332393352;0.3205128205128205;-0.0423278056389722
Medium;0.3219135617287654;0.3546099290780142;0.4324928823012323
High;0.3156336873262534;-0.4871794871794871;-0.4406101180913853
High;0.0038799224015519;0.551051051051051;0.8289266743298874
High;0.869422611547769;0.04;0.0938913934068811
Low;0.2135157296854063;0.1528046421663443;0.3995028196445311
High;0.0028799424011519;0.6414814814814814;0.8364443398862532
Unknown;0.4872702545949081;-0.1798029556650246;-0.2774317397077945
Unknown;0.0007999840003199;0.7235915492957746;0.9182376499127098
High;0.116917661646767;0.3483709273182957;0.5841805595426547
Unknown;0.4241515169696606;0.132495164410058;0.2611848982737557
Low;0.4106317873642527;0.152755905511811;0.2222507887596581
High;7.999840003199936e-05;0.8354978354978355;1.194002502094791
High;7.999840003199936e-05;-0.7505197505197505;-1.3369625200826294
High;0.0001599968000639;0.5857664233576643;0.8766020814133143
Medium;0.0039999200015999;0.5083333333333333;0.9353522898424784
Medium;0.6153476930461391;0.0334672021419009;-0.1865539662294209
High;0.0011999760004799;0.582716049382716;0.8651815155083764
Unknown;0.0690386192276154;0.2925685425685426;0.4433945747570765
Medium;0.0020399592008159;0.4225;0.8354904525120476
Low;0.0001999960000799;0.7422222222222222;1.2358081465641513
Unknown;0.0139197216055678;0.3392255892255892;0.7964989310517963
Unknown;0.1017179656406871;-0.3904761904761905;-0.6238126078335312
Unknown;0.2014359712805744;0.3203125;0.495706829922278
High;0.7944641107177857;-0.0620915032679738;-0.075765897509817
High;0.0566788664226715;-0.4964705882352941;-0.6648153298730064
Medium;0.0027199456010879;0.6477987421383647;1.2213733100945756
High;0.3800323993520129;0.3592085235920852;0.3194922089605013
Unknown;0.0485190296194076;0.3770992366412213;0.5242423882926065
High;0.5957080858382833;0.1466666666666666;0.2607657142082291
Unknown;0.2781944361112777;0.2687651331719128;0.4402212371975172
High;0.0035999280014399;0.6029055690072639;1.0125900627256743
High;0.8427831443371132;-0.0325892857142857;0.0625052647072456
Unknown;0.0002399952000959;0.8380281690140845;1.3502933546564084
High;0.0128397432051358;0.3939393939393939;0.7719267118464089
Low;0.0911181776364472;0.2821782178217821;0.4629905819033536
Unknown;0.0011599768004639;0.6403508771929824;0.847380741172261
Medium;0.0002399952000959;0.7214285714285714;1.1699525863411833
Unknown;0.0113997720045599;0.5555555555555556;0.8616345277118782
Medium;0.0011599768004639;-0.6202321724709784;-1.113291079711352
High;0.1092778144437111;-0.2795698924731182;-0.5352882370590337
Unknown;0.0585588288234235;0.4496487119437939;0.662206294186683
Unknown;0.616600790513834;-0.2857142857142857;-0.3692493301301368
Medium;0.0859982800343993;0.4592592592592592;0.761807469364308
Low;0.0001599968000639;0.6347708894878706;1.1095189053568844
Unknown;0.0223995520089598;-0.4395424836601307;-0.7314917652922772
Medium;0.2583948321033579;0.0902777777777777;0.387179173140657
Low;0.5426691466170677;-0.24;-0.2048159855143761
Unknown;0.0174796504069918;-0.564625850340136;-1.087496755283646
High;0.0061998760024799;0.6081871345029239;0.9293645624071646
Unknown;0.3057938841223175;0.3666666666666666;0.4476840197906556
Medium;0.1973960520789584;0.2966417910447761;0.4746029774258609
High;0.0172796544069118;0.2942857142857142;0.6208834858588552
Unknown;0.0184396312073758;0.8214285714285714;1.1479844405206705
Low;0.1565168696626067;0.3714565004887585;0.4673440968297439
High;0.1069578608427831;0.4164705882352941;0.521085565737617
High;0.0140397192056158;0.41006600660066;0.612746885189946
Unknown;0.0758784824303513;0.8012820512820513;1.0248267939180749
Unknown;0.0004399912001759;0.667910447761194;1.38368695924867
High;0.6359472810543789;-0.0714285714285714;-0.1274103590403846
Unknown;0.5168296634067319;-0.0636363636363636;-0.2985092493563198
Unknown;0.0912781744365112;0.5660377358490566;0.7732930754994992
High;0.0644387112257754;-0.2874493927125506;-0.5554640483904612
Medium;7.999840003199936e-05;0.819047619047619;1.3474952227668502
Unknown;0.2222755544889102;-0.1773049645390071;-0.4955844394080835
Medium;0.1838763224735505;0.4875283446712018;0.5167421643408497
High;0.0023199536009279;0.5648148148148148;0.9171888076545608
High;0.0144797104057918;0.4497574497574497;0.7234850709246716
Medium;0.8229435411291774;-0.0587044534412955;-0.0646921104240525
High;0.4047519049619008;0.1176470588235294;0.2314479146613569
Unknown;0.0027599448011039;0.6171875;1.1218546777401843
High;0.0033199336013279;-0.3778080326752893;-0.9048879563982516
Unknown;0.5261494770104598;-0.1619047619047619;-0.2250472466392566
High;0.0031599368012639;-0.8493506493506493;-1.3973099800146849
Unknown;0.0020399592008159;0.6354166666666666;0.906282724841594
Unknown;0.0012399752004959;0.5482374768089053;0.8185912751423489
Unknown;0.0001999960000799;0.698005698005698;1.4060097671266576
Medium;0.0009199816003679;0.676923076923077;1.0796584278232306
Unknown;0.0099598008039839;0.6282051282051282;1.028396389424706
Medium;0.0345193096138077;-0.5523715415019763;-0.5951837455669232
High;0.0862782744345113;0.3142857142857143;0.5550171378784807
Medium;0.123557528849423;-0.2637037037037037;-0.5687157278713552
High;0.9635007299854004;-0.0077700077700077;0.0037329142250744
High;0.0021999560008799;0.5542857142857143;0.8612335480830687
High;0.4271914561708765;-0.4889705882352941;0.2514447660568231
Low;0.0579988400231995;0.3409090909090909;0.6740115185757783
Unknown;7.999840003199936e-05;0.5857142857142857;1.1414510418571606
Low;0.7757444851102978;0.3173913043478261;0.1499909011400628
Unknown;0.0002399952000959;0.6637426900584795;1.4526497342371685
Low;0.0195996080078398;-0.5;-0.7889577189500427
Low;0.1013579728405432;0.3220338983050847;0.6783308999662577
Medium;0.0095598088038239;0.3583333333333333;0.6877013618391659
High;0.0141997160056798;0.5476190476190477;0.9353705402730788
Unknown;0.74782504349913;-0.0518084066471163;-0.1038211652895504
Low;0.0890382192356152;0.696969696969697;0.7462300907169842
Unknown;0.3341933161336773;0.0794334975369458;0.2669273560971015
Low;0.5987480250394992;0.2551020408163265;0.2178753865500909
High;0.2221955560888782;-0.173170731707317;-0.4117594815570642
Unknown;0.0385592288154236;-0.4022038567493113;-0.6832537690463273
High;0.5413533834586466;-0.2181818181818181;-0.0058628378207998
Medium;0.0001999960000799;0.8103896103896104;0.7660534702264197
Unknown;0.0037999240015199;0.629976580796253;1.3377167899274889
High;0.0005999880002399;0.6596153846153846;1.3968404153330165
Medium;0.2109957800843983;-0.2481343283582089;-0.4590723393172375
High;3.999920001599968e-05;-0.9408866995073892;-2.3236626393311437
High;0.0438391232175356;-0.4780701754385965;-0.7702672971481428
Medium;0.0296794064118717;0.3450834879406308;0.6456051941843645
Unknown;0.8411588411588412;0.2;0.1303666852266146
Unknown;0.3891522169556609;0.34;0.2698053811012423
Medium;0.0967580648387032;0.4188861985472155;0.7052823818874516
Unknown;0.0029999400011999;0.6136363636363636;1.353631988038891
High;0.6559468810623788;-0.2665441176470588;-0.1607840029975471
High;0.0002799944001119;0.6190476190476191;1.1355919371749117
Unknown;0.0014778325123152;0.9506172839506172;2.5463102330222176
Medium;3.999920001599968e-05;-0.8508371385083714;-2.3405247245467207
Low;0.1659966800663986;-0.3442622950819672;-0.5633993714833494
Low;0.1439971200575988;0.1857142857142857;0.5330059375761075
Unknown;0.493790124197516;0.1970443349753694;0.2626565279522084
Unknown;0.0035999280014399;0.5620915032679739;0.946103906405822
High;0.2873542529149417;0.2333333333333333;0.4557960060755612
Medium;0.0363592728145437;0.4287625418060201;0.622266769521114
High;0.0601187976240475;0.2433425160697888;0.5338489476803515
High;0.4021919561608768;0.1397058823529411;0.3228354873040679
High;0.0079198416031679;0.7414965986394558;0.7333586283539035
Medium;0.0061998760024799;-0.6739130434782609;-1.1540176051325193
Low;0.0001199976000479;-0.7380952380952381;-1.23007535871257
Low;3.999920001599968e-05;0.7479166666666667;1.4335299963290429
Unknown;0.3035539289214216;0.3003472222222222;0.3894995662054774
Unknown;0.4523909521809564;0.0158730158730158;-0.333084463942869
Medium;0.1306773864522709;0.3666666666666666;0.5343658530962397
High;0.0291994160116797;0.3235653235653236;0.5863967559213729
High;0.1668766624667506;0.2328125;0.377039496429833
High;0.6686666266674667;-0.0146370023419203;0.1293267192105399
Unknown;0.4665906681866362;-0.1646825396825396;-0.2728939509426779
Unknown;0.0248795024099518;0.7101449275362319;1.2321470096568807
High;0.2724745505089898;0.2115384615384615;0.4139129014010797
Medium;0.9403811923761524;0.0422535211267605;-0.0344974711706883
Medium;7.999840003199936e-05;0.8698979591836735;1.505543977772999
High;3.999920001599968e-05;0.677037037037037;0.9370563540939468
High;0.1829963400731985;-0.2513888888888889;-0.5101963916521204
Medium;0.0028799424011519;-0.6302816901408451;-1.2568284806059546
Unknown;0.0693186136277274;-0.3295454545454545;-0.6711079771293637
Unknown;0.5320693586128278;-0.1509433962264151;-0.2857393396726923
High;0.367592648147037;0.0971896955503512;0.2529822806849127
Unknown;0.3535529289414211;-0.1858974358974359;-0.4020022843436794
High;0.0189996200075998;0.4875283446712018;0.986602415237126
High;0.0626387472250555;0.4952380952380952;0.7095247192095415
Unknown;0.628107437851243;-0.1701388888888889;-0.1724832621050684
High;0.0020799584008319;-0.5189393939393939;-0.928917593790896
Unknown;3.999920001599968e-05;0.7870879120879121;1.5367494383073983
High;0.2895142097158056;-0.2178030303030303;-0.398296832133833
Medium;0.3594728105437891;0.19921875;0.3621502747271697
High;0.0040799184016319;0.5030864197530864;0.8635392303347945
Medium;0.0385592288154236;-0.515015015015015;-0.7607618085265471
Low;0.0134797304053918;-0.4564564564564564;-0.6916068036098896
High;0.0243595128097438;-0.3677462887989203;-0.6756057754195476
High;0.0001599968000639;0.7281746031746031;0.9911641385680414
High;0.3081938361232775;0.2980295566502463;0.4046325101686485
Medium;0.6735065298694026;-0.0333723653395784;-0.1167673210467431
High;7.999840003199936e-05;-0.815668202764977;-1.8334161070341195
High;0.1307973840523189;0.3086419753086419;0.4877610730618982
Unknown;0.0629987400251994;-0.4488888888888889;-0.9689438636631018
High;0.2831943361132777;-0.3876811594202898;-0.4765856188373006
High;0.5548689026219475;-0.4377880184331797;-0.2172882228384721
High;0.0576388472230555;0.5076530612244898;0.7589836971200306
Unknown;0.5552288954220915;-0.122077922077922;-0.235055155412956
High;0.0012399752004959;0.5961722488038278;0.9676445757530572
Low;0.8277834443311134;-0.0615384615384615;-0.0708180069285063
Medium;0.0382392352152956;-0.4586206896551724;-0.7413486937841601
High;0.0001199976000479;0.7666666666666667;1.5041857857960756
High;0.0001599968000639;0.5573770491803278;0.7749763404991448
Medium;0.0129597408051838;0.5866666666666667;0.7931019619126225
Unknown;0.5422691546169076;0.2252252252252252;0.2135839289915443
High;0.8035039299214016;-0.2300824175824175;-0.0518289543072541
High;0.4213515729685406;0.2511627906976744;0.2791288158430927
High;3.999920001599968e-05;0.9513888888888888;1.789233378525923
Low;0.0571988560228795;0.3609022556390977;0.6301565481647168
Low;0.0708385832283354;0.3940886699507389;0.7218110685804838
High;0.6017079658406832;-0.0809523809523809;-0.19982133222662
Unknown;0.0484390312193756;0.5066666666666667;1.057507154181735
Low;0.9054618907621848;0.03;0.0358376936215868
Unknown;0.0001999960000799;-0.7516339869281046;-1.5346564071729976
High;0.0993180136397272;-0.2833662064431295;-0.4818088064516789
High;3.999920001599968e-05;1.0;0.9653050965239012
Unknown;0.0305593888122237;0.4791666666666667;0.922402385278464
High;0.0307993840123197;0.3448844884488449;0.5106488718326687
Unknown;0.5357092858142837;0.119047619047619;0.2398296283715293
High;7.999840003199936e-05;0.7695121951219512;1.151560230456234
High;0.0006799864002719;0.6334622823984526;0.8458299429714424
High;0.0065998680026399;0.4641975308641975;0.6924712773689181
High;0.5241495170096598;0.0771653543307086;0.176519690570969
Medium;0.0019199616007679;0.6469760900140648;0.9277895696906056
Low;0.2640747185056299;0.1360294117647058;0.2956844001456443
Low;0.0005999880002399;0.648314606741573;1.056303014738964
Medium;0.0096398072038559;-0.7142857142857143;-0.9262852296839624
Unknown;0.8431431371372573;-0.0223958333333333;-0.0483144915214112
High;0.2257954840903182;-0.2186234817813765;-0.3544399612235568
High;0.2991140177196456;-0.3765432098765432;-0.2618642428452687
Low;0.9325413491730166;0.2277722277722277;-0.0519614973010937
High;0.3883922321553569;-0.1961722488038277;0.2546215910936366
Unknown;0.5209895802083958;-0.1277777777777777;-0.1887904487983775
Unknown;0.5549489010219796;0.0308123249299719;0.2182982055463896
High;0.0387592248155036;0.4104308390022675;0.7155168802770067
Low;3.999920001599968e-05;0.7885802469135802;1.3161367785249047
High;0.8534629307413851;0.0070323488045007;-0.0660676913011973
High;3.999920001599968e-05;0.6044487427466151;1.3221206665879135
High;0.0220795584088318;-0.2300242130750605;-1.0192521283238356
Unknown;0.0497990040199196;0.4199604743083004;0.6101314205983518
High;3.999920001599968e-05;-0.5968778696051423;-1.831377402422692
High;0.0802383952320953;0.3141176470588235;0.5797584026211335
Low;0.2753544929101418;0.2548494983277592;0.3263647362629125
Unknown;0.5829883402331953;0.1125;0.144344641316341
High;0.4687906241875162;0.2511415525114155;0.2706422025593002
Unknown;0.6706265874682507;0.3251231527093596;0.1780840983947529
Medium;0.2277554448911021;0.4851674641148325;0.3739832928723015
Medium;0.0012399752004959;0.582716049382716;1.0096430610935143
High;0.0003999920001599;0.5378151260504201;0.7447787123347119
Unknown;0.0164796704065918;-0.4276729559748428;-1.1102769730448463
Unknown;0.1095978080438391;-0.1909090909090909;-0.4942280171540998
Medium;0.1879562408751825;0.282099343955014;0.4097377039870261
Medium;0.0782384352312953;0.5147392290249433;0.6792390140938204
Unknown;0.4609107817843643;-0.2173076923076923;-0.2887739972989447
Unknown;0.1500369992600148;-0.3986928104575163;-0.6198955744552377
High;0.0770384592308153;0.3194733194733195;0.5293668331156047
Unknown;0.3189536209275814;0.158041958041958;0.3243179362969653
Low;0.0006799864002719;-0.8936170212765957;-2.1365536479691145
Unknown;0.7032259354812904;0.1133333333333333;0.1335646163372658
Medium;0.9266614667706646;-0.4503676470588235;0.0046507621656156
Unknown;0.4330313393732125;0.1803571428571428;0.2912736554758824
Unknown;0.0658786824263514;0.4144578313253012;0.6814335788211044
Medium;0.1584368312633747;0.1887464387464387;0.4057468117574219
High;0.0125597488050238;0.5904761904761905;0.8027809432519527
High;0.0040399192016159;-0.6099706744868035;-0.9945139508945096
High;0.0035599288014239;0.7635467980295566;0.9080173266194486
Low;0.0791584168316633;0.2713085234093637;0.4917804118757569
Unknown;0.3103937921241575;-0.0138248847926267;0.3971879895307348
Medium;0.0034799304013919;0.5079545454545454;0.8760485397979306
Low;0.0360392792144157;0.3712121212121212;0.8478421096091892
Low;0.0218395632087358;0.4476190476190476;0.6996918860444176
Unknown;0.1504769904601908;-0.2038567493112947;-0.3951440051426809
Medium;0.0247195056098878;0.5277777777777778;0.7743830854305502
Medium;0.993060138797224;-0.1129476584022038;0.0222135137309684
Unknown;0.3399932001359972;0.369047619047619;0.4142383903515836
Low;3.999920001599968e-05;0.6881720430107527;1.1783833970565551
Medium;0.0180396392072158;0.397318278052223;0.608036815369366
High;0.126757464850703;0.2392290249433106;0.4351660694876478
Medium;0.9338213235735284;0.0212765957446808;-0.0508331325664852
High;0.5329893402131958;-0.2008547008547008;-0.1726757453225859
Unknown;3.999920001599968e-05;0.6276041666666666;1.1238565927164643
Medium;0.743305133897322;0.0020066889632107;0.1044126947794819
Unknown;0.119357612847743;-0.4411764705882353;-0.8683456735700227
Medium;0.1569168616627667;-0.3098330241187384;-0.4683597800729725
High;0.0003199936001279;-0.5856643356643356;-1.0668187359316244
Unknown;0.0160796784064318;0.5916666666666667;0.8918982358073831
High;0.504869902601948;-0.4192745376955903;-0.1549288970842447
High;0.4860702785944281;0.2348804500703235;0.264147920652924
High;0.0211195776084478;0.3083916083916084;0.5865277029389855
Low;0.0189196216075678;0.4704861111111111;0.7533335324936606
Medium;0.4878302433951321;0.0216627634660421;0.2015877003646359
High;0.0020799584008319;0.5795454545454546;0.9990169624811608
Medium;0.0987180256394872;0.4770114942528735;0.7844688442459065
Unknown;0.0106797864042719;0.4888888888888889;0.8464629355470082
High;0.0196796064078718;-0.6096096096096096;-1.0045706905946503
Low;0.7371452570948581;-0.2532051282051282;-0.0844026445235985
High;0.0001599968000639;-0.72265625;-1.8304296354093892
High;3.999920001599968e-05;-0.9166666666666666;-2.322663642866703
Low;0.0028399432011359;-0.4689349112426035;-0.8898290896672155
High;0.1803163936721265;-0.2234285714285714;-0.3885508389045795
Medium;0.1744765104697906;0.741248097412481;0.5733999266427562
Unknown;0.0535589288214235;0.2380210362290611;0.5095453431660675
Unknown;0.0203195936081278;0.51171875;0.8747759421721286
Unknown;0.0003999920001599;0.6481481481481481;1.04289925122173
High;0.5203495930081399;-0.1838842975206611;-0.2046797454142079
High;0.0001599968000639;0.6803827751196172;0.7575699295296547
Unknown;0.3391932161356772;0.1615853658536585;0.3681331683827371
High;0.0003999920001599;0.528169014084507;0.821946852531124
High;0.8249435011299774;-0.157258064516129;-0.0427769131429541
High;0.0004399912001759;0.4470899470899471;0.7402400807331906
Unknown;0.8027439451210976;0.1111111111111111;0.0786184349789245
Low;0.0016799664006719;0.5585858585858586;1.0424693872563526
Medium;0.7251854962900742;-0.1972789115646258;0.1668623463307542
High;3.999920001599968e-05;-0.783625730994152;-2.4327174453480422
Unknown;0.7059458810823783;-0.0977443609022556;-0.1503776987178247
Medium;0.5969080618387632;-0.1119047619047619;-0.2003762057909467
Medium;0.0020399592008159;0.6451612903225806;1.0218653745716788
Medium;0.0398392032159356;0.4368340943683409;0.6969064200919516
Medium;0.0214395712085758;-0.5754352030947776;-0.6347900410848686
High;0.4491510169796604;0.0473484848484848;-0.2381366118964652
High;0.2838743225135497;0.3079710144927536;0.4671937769469044
Unknown;0.0518389632207355;-0.074074074074074;-0.9119626023036472
Unknown;0.0693586128277434;0.38544474393531;0.7283448399926762
Low;0.0232395352092958;-0.4977777777777777;-0.7977087345702887
High;0.0228395432091358;0.6354679802955665;0.9489427199776016
Unknown;0.3408731825363493;0.0896226415094339;0.2924801930272223
High;0.1314373712525749;0.2355555555555555;0.4929988128855215
Unknown;0.4570308593828123;-0.1833333333333333;-0.3248494636843914
Low;0.8442631147377052;-0.0219780219780219;-0.058390256635761
Unknown;0.0176396472070558;0.7845433255269321;1.0677495816873186
High;0.8162236755264894;-0.1095679012345679;0.1018182235513011
Low;0.7910241795164097;-0.0506912442396313;-0.1000717675792282
Unknown;0.0089598208035839;0.5462962962962963;0.8094769140345395
High;0.7222255554888902;-0.1321428571428571;-0.1412412088750037
High;0.0002799944001119;0.7733990147783252;1.2278826905857985
High;0.7910641787164256;-0.0029629629629629;0.095728111042682
Unknown;3.999920001599968e-05;0.6169064748201439;1.0311236484442636
High;0.370632587348253;0.0996543778801843;0.2510576310086914
Low;0.0466790664186716;-0.419921875;-0.7270332041144444
High;0.0218395632087358;-0.5221238938053098;-0.6339237701156082
High;0.1972360552788944;0.3782051282051282;0.5621999432510957
High;3.999920001599968e-05;-1.0;-3.528736532828058
Unknown;0.0001199976000479;0.7548780487804878;1.4576604204809915
High;0.0087198256034879;0.4404761904761904;0.7025717319758608
High;0.1117177656446871;0.3871527777777778;0.581654635467378
Unknown;0.0682386352272954;-0.5111111111111111;-0.7381795657921455
Unknown;0.4480710385792284;-0.1875;-0.2930665591370311
High;0.9191016179676408;0.0085287846481876;-0.0550179277186958
High;0.0728785424291514;0.4679487179487179;0.729758425345383
Unknown;0.498990020199596;-0.1211538461538461;-0.2566357027458679
High;0.0016799664006719;0.5236127508854782;0.6938158833048093
Unknown;0.0011999760004799;0.564327485380117;1.2170545805767643
Control;0.3505929881402372;-0.2896825396825397;-0.3543251073401823
High;0.369912601747965;-0.2476190476190476;-0.3625064975969789
Low;0.5385492290154197;-0.0412587412587412;0.1952453480721019
High;0.0001599968000639;0.6674528301886793;1.162962230563165
Unknown;3.999920001599968e-05;0.712430426716141;1.244740428358876
Low;0.3941921161576768;0.0714285714285714;0.2395635053962574
Medium;3.999920001599968e-05;-0.9094650205761317;-2.1025568084608106
High;0.0023999520009599;0.6681286549707602;1.0180839708287512
Unknown;0.3051938961220775;0.3333333333333333;0.4453309368449214
Medium;0.4211115777684446;0.4626262626262626;0.253967153990653
Medium;7.999840003199936e-05;0.7572649572649572;1.1589646753917522
Unknown;0.4314313713725725;-0.1627906976744186;-0.3831928692362579
Unknown;0.8387032259354813;0.0331715210355987;-0.0691400905286077
Unknown;0.0583988320233595;0.376984126984127;0.6812518977503099
High;0.0060398792024159;0.4513031550068587;1.2674651700097197
Medium;0.1823963520729585;0.2821637426900585;0.4640012927045007
High;0.5660686786264275;0.0042372881355932;0.2278677939447489
High;0.0517589648207035;0.4071428571428571;0.7077636202427741
High;0.994140117197656;-0.0361757105943152;-0.005244248339474
Unknown;0.5920681586368273;-0.1212121212121212;-0.2415138555480183
Unknown;0.2011159776804464;0.3238095238095238;0.5049763080632799
Unknown;0.6379072418551629;-0.162907268170426;-0.1759954819194021
Unknown;0.8923821523569528;-0.1;-0.0606778398397217
Unknown;0.0035199296014079;0.5295454545454545;0.939921155643522
High;0.8120237595248095;0.2142857142857142;0.0835702738800991
Medium;0.0135997280054398;0.4926829268292683;0.8500319193478035
High;0.0001999960000799;0.8954248366013072;1.5638183332004802
Unknown;0.2984740305193896;-0.3;-0.3904093953155117
High;0.8394632107357853;0.2139917695473251;-0.0436254723324083
Unknown;0.0355992880142397;0.4375;0.8723843802439393
High;0.0009199816003679;0.5476190476190477;1.0620139990380906
High;0.9126217475650488;-0.005050505050505;-0.0318037786333922
High;0.0058798824023519;0.575;1.0121313696940188
Unknown;0.0384392312153756;0.4925373134328358;0.7784178377028074
Unknown;0.6873862522749545;-0.0070921985815602;0.1820574932969965
Low;0.5927881442371152;-0.2088920254057868;-0.1412014226348355
Low;0.1998360032799344;0.2888888888888888;0.5820538652610888
Medium;0.3870722585548289;-0.2705223880597014;-0.3196274565272702
Low;0.0003199936001279;0.4986888111888112;0.960782211888198
Medium;0.0138397232055358;0.3621651785714285;0.686403265901263
Medium;0.625547489050219;-0.0590614886731391;-0.1381419226524558
Unknown;0.3388332233355333;-0.2088888888888889;0.3293470331729231
Unknown;0.865982680346393;-0.1475409836065573;-0.0369928170037795
High;3.999920001599968e-05;0.7674074074074074;1.1139737833710703
Unknown;0.3859522809543809;0.28;0.4162413785406473
Low;0.2721545569088618;0.1798245614035087;0.3805725667871268
Unknown;0.1888362232755344;-0.3623188405797101;-0.4558722555788544
High;0.0008799824003519;0.6491935483870968;0.9207240330940184
Unknown;0.0675186496270074;0.5306122448979592;0.7647954623017126
High;0.0041999160016799;0.5154320987654321;0.9776684456399056
High;0.0679986400271994;0.4922222222222222;0.5505190048736882
Medium;0.0008399832003359;0.6891701828410689;0.9982965552218602
Medium;0.0001199976000479;0.7421124828532236;1.1174781737134196
High;3.999920001599968e-05;0.6905594405594405;1.2116949920193925
High;0.0085998280034399;0.5111111111111111;0.7969281178457429
Medium;0.0001199976000479;-0.7058823529411765;-1.646488645707294
High;0.1911161776764464;0.2959558823529412;0.4792649637186604
Unknown;7.999840003199936e-05;0.9087301587301588;1.7704917419259618
Unknown;0.4148317033659326;0.1962864721485411;0.2403200120997023
High;0.0433191336173276;0.3790697674418604;0.5967840834452419
Unknown;0.0163596728065438;0.5409836065573771;1.1157970060111977
Medium;3.999920001599968e-05;0.6825641025641026;1.0188806140272122
Low;3.999920001599968e-05;0.7806637806637806;1.4351827214903743
Unknown;0.9176616467670646;0.0281481481481481;-0.0459622031826061
Low;7.999840003199936e-05;0.7283333333333334;1.270509857778322
High;0.0609587808243835;-0.2480942480942481;-0.6215090978776819
Medium;0.0033999320013599;0.6125;0.6668960364570781
High;0.0047199056018879;-0.5075445816186557;-1.2479501359678182
High;0.0037999240015199;0.5525925925925926;0.8286516546421145
High;0.0650386992260154;0.338768115942029;0.6631666593266261
Low;0.5832283354332913;-0.1287313432835821;-0.1831267973417935
High;0.1558368832623347;-0.2694704049844236;-0.4429195876501852
High;0.0005599888002239;-0.710806697108067;-1.274233649018869
Unknown;0.1016779664406711;-0.1290322580645161;-0.5282940480813408
Unknown;0.3953920921581568;0.3663366336633663;0.2750180893770397
Unknown;0.0063598728025439;0.6014492753623188;1.1214580393379463
Low;0.2048759024819503;0.3333333333333333;0.4468174351007591
