Dosage;p-value;Cliff's Delta;Cohen's D
Low;0.0416791664166716;0.4023144996596324;0.5992514839413108
Medium;0.0338393232135357;-0.5833333333333334;-1.001343749164251
Unknown;0.0014399712005759;-0.6855345911949685;-1.4705932010146432
Unknown;0.0709585808283834;0.5416666666666666;0.7799482996402238
Control;0.0916381672366552;0.3896713615023474;0.5933895282836138
Medium;0.0960780784384312;0.3833333333333333;0.7004718780960446
Medium;0.0007199856002879;0.8755760368663594;1.1858495641058089
Unknown;0.8272234555308894;0.3981481481481481;0.1254067242705908
Control;0.0037999240015199;0.6820987654320988;1.0662090955829455
Control;0.0091598168036639;0.5812807881773399;0.864241302578636
Unknown;0.0041599168016639;0.556923076923077;0.9845431338220634
High;0.0011599768004639;0.7884615384615384;1.3142633385237783
Unknown;0.3066738665226695;0.1580188679245283;0.3113636751618287
Low;0.5317893642127157;-0.0044444444444444;0.2917221497774171
Unknown;0.0991580168396632;0.5617283950617284;0.7039886580273274
Unknown;0.0680786384272314;-0.46875;-0.8111259672602936
Unknown;0.4205115897682046;-0.2753623188405797;0.263865824502463
Unknown;0.0927181456370872;0.4755555555555555;0.7743847326708759
Unknown;0.0626787464250715;0.3884711779448621;0.7647492561195532
Unknown;0.8110637787244255;0.0340136054421768;-0.0940808339665662
Unknown;0.0007599848003039;0.6507936507936508;1.6201368916749714
Unknown;0.0053998920021599;0.5071428571428571;0.9590509468353532
Low;3.999920001599968e-05;0.8625730994152047;1.7277307137445628
Control;0.1047579048419031;-0.2901234567901234;-0.7289088813784808
Unknown;0.0020799584008319;-0.75177304964539;-1.3215490698725476
Unknown;0.0257194856102877;-0.6340579710144928;-1.0351511707945835
Unknown;0.7077458450830983;0.0592592592592592;0.1796111601406263
Unknown;0.6343473130537389;0.0577777777777777;0.224395046097284
Unknown;0.503189936201276;0.25;0.3173506133604818
Unknown;0.628667426651467;-0.1481481481481481;-0.1747134617651992
Medium;0.0044399112017759;0.5362962962962963;0.997632298248282
Low;0.0475990480190396;0.4715909090909091;0.7187479740781163
Unknown;0.874222515549689;0.0476190476190476;-0.0340570242574953
Unknown;0.0045199096018079;-0.5198412698412699;-1.1000616180638902
Unknown;0.0023199536009279;0.8163265306122449;1.169299384877338
Unknown;0.0052798944021119;0.495049504950495;0.867238602265251
Unknown;0.0001999960000799;0.6844993141289437;1.4622501320122228
Control;0.0840783184336313;0.3171717171717171;0.5479337132899054
Control;0.0194396112077758;-0.5888888888888889;-1.1738326088563789
Medium;0.2379152416951661;0.1328125;0.4544448200410673
Unknown;0.1407571848563028;0.4044444444444444;0.6963253414511024
Unknown;0.0092398152036959;0.4308943089430894;0.992511613743886
Unknown;0.5781484370312594;-0.4133333333333333;-0.2277475385706863
Control;0.0197196056078878;0.5987654320987654;0.8427304997423789
Unknown;0.74462510749785;0.0754716981132075;0.1493471902525605
Unknown;0.0691186176276474;-0.6594202898550725;-0.8777386500468802
High;0.0285594288114237;0.5822222222222222;1.0799696232525016
Unknown;0.3881522369552609;-0.328042328042328;-0.3459653633445996
Control;0.4609507809843803;0.1403061224489795;0.3080554003517362
Control;3.999920001599968e-05;0.8701298701298701;1.9485802892786528
High;0.751264974700506;0.1041666666666666;0.1381502130331098
Unknown;0.0893182136357272;-0.4855072463768116;-0.7535155360463075
Unknown;0.7567448651026979;0.0;0.1830187584783456
Unknown;0.9451810963780723;0.1020408163265306;-0.0101867644710484
Unknown;0.0165196696066078;0.3619047619047619;1.1045002266845656
Unknown;0.0009199816003679;-0.8207792207792208;-1.1808596242838665
Unknown;0.1598368032639347;0.1493055555555555;0.5254386920772385
Unknown;0.1705965880682386;0.1229338842975206;0.4316096878159048
Unknown;0.0001999960000799;0.8055555555555556;1.9906948956480968
Unknown;0.6423471530569389;0.0847457627118644;0.1816477782868304
Unknown;0.0009199816003679;-0.7047619047619048;-1.1929483895521324
Unknown;0.0202395952080958;0.5059523809523809;0.7951311773039809
Unknown;0.0331193376132477;0.5933333333333334;0.8506317462273629
Control;0.2331153376932461;0.4647435897435897;0.5115871906977241
Unknown;0.0043199136017279;0.5372907153729072;1.0049727638943764
Control;0.0929581408371832;-0.5952380952380952;-0.748168170354832
Unknown;0.5417091658166837;0.1446540880503144;0.2578625602319159
Medium;0.885182296354073;-0.0130718954248366;0.0785070162909738
Unknown;0.1575968480630387;-0.4333333333333333;-0.562673910211987
Unknown;0.0077598448031039;-0.7185185185185186;-1.2610003312603089
Unknown;0.2207555848883022;-0.3605442176870748;-0.5796786579890282
Unknown;0.3874322513549729;-0.1259259259259259;-0.370950787494361
Unknown;0.0004799904001919;0.5304232804232805;0.8565470887789906
Low;0.0061198776024479;0.7028985507246377;0.900740892670392
Unknown;0.5767084658306834;-0.0972222222222222;0.2181145793357267
Unknown;0.380792384152317;-0.2638888888888889;-0.3814179462685183
Unknown;0.0001199976000479;0.5366639806607575;0.9071321920986688
Unknown;0.51114977700446;0.0266666666666666;-0.2747765598320485
Unknown;0.0109597808043839;0.6976744186046512;1.3024728158624943
Unknown;0.0008399832003359;-0.8260869565217391;-1.7744181422440035
Unknown;0.5190296194076118;-0.053030303030303;-0.290557856372108
Unknown;0.493190136197276;0.1914893617021276;0.3043241401133513
Unknown;0.0049199016019679;0.6182669789227166;1.109221541377686
Unknown;0.2969540609187816;-0.3925925925925926;-0.4587865183288697
Control;0.0221595568088638;0.4092827004219409;0.8476430731402342
Unknown;0.0154796904061918;-0.5763546798029556;-1.1039133377843795
Unknown;0.0013199736005279;-0.7515723270440252;-1.464706371663111
Unknown;0.0062398752024959;-0.5851851851851851;-1.19962437821838
Unknown;0.0108797824043519;0.5;0.8553033001103656
Unknown;0.0010781438675176;0.8666666666666667;2.41096014724597
Unknown;0.6463470730585388;0.0912698412698412;0.1710026068111759
Low;0.0319193616127677;0.4615384615384615;0.7877529940777691
Unknown;0.4186716265674686;0.3333333333333333;0.3649335262334389
Unknown;0.0003999920001599;0.782312925170068;1.4411026609412374
Unknown;0.1056378872422551;0.4583333333333333;0.714341777478879
Unknown;0.2598748025039499;-0.4097222222222222;-0.4722195587936304
Control;0.0014399712005759;0.71875;1.2496982748408272
Unknown;0.2142357152856943;0.3866666666666666;0.5962295325626927
Unknown;7.999840003199936e-05;0.7638888888888888;1.4165919084896743
Unknown;0.0996780064398712;0.2841068917018284;0.6147724202004019
Unknown;0.1459170816583668;0.3439153439153439;0.5897659978456712
Unknown;0.4596308073838523;-0.0915032679738562;-0.3210009739315606
Unknown;0.0755984880302394;0.5092592592592593;0.658596199647392
Unknown;0.3867922641547169;-0.1173076923076923;-0.3267090688265364
Unknown;0.0002399952000959;0.6173913043478261;1.094783891378689
Unknown;3.999920001599968e-05;0.7253086419753086;1.669974359391441
Unknown;0.1066778664426711;-0.4296296296296296;-0.7272725086388576
Unknown;0.8322633547329054;0.1088435374149659;-0.1594527816720306
Unknown;0.0466790664186716;0.5733333333333334;0.9423324919347998
Low;3.999920001599968e-05;0.7843137254901961;1.4085109374542495
Unknown;0.0010399792004159;0.5795454545454546;0.992618960258547
Unknown;0.0011199776004479;0.8347578347578347;1.238979105802444
Unknown;0.0131997360052798;0.7191283292978208;0.9955876952894668
Unknown;0.994740105197896;-0.0031446540880503;0.0066815248869048
Unknown;0.6122677546449071;-0.1670886075949367;-0.1691271454439743
Unknown;0.0183996320073598;0.4358974358974359;1.46492740363466
Low;0.0182396352072958;0.4861111111111111;0.8345706933723153
Unknown;0.0184396312073758;0.3333333333333333;1.2290746984616627
Unknown;0.0008799824003519;-0.7925925925925926;-1.7434674259227336
Unknown;0.0005599888002239;-0.7925925925925926;-1.8788166506189965
Unknown;0.118157636847263;0.1884615384615384;0.5575646941910692
Unknown;0.5631887362252755;-0.4389610389610389;-0.2183403222594514
Unknown;0.3017539649207016;-0.1606382978723404;-0.3423720584548461
Unknown;0.6004679906401872;0.1022222222222222;0.2542277306835265
Unknown;0.0206395872082558;0.5482456140350878;0.946681009353608
Unknown;0.5309893802123957;-0.2484848484848484;-0.3018362770731489
Unknown;0.1753564928701426;0.1333333333333333;0.6308862280763885
High;0.4021919561608768;-0.3333333333333333;-0.3966364009686673
Unknown;0.8972220555588888;0.108695652173913;-0.0414045751855707
Unknown;0.0003599928001439;0.8597402597402597;1.0718326945724526
Unknown;0.0237195256094878;0.4592592592592592;0.845833721125643
Unknown;0.9173016539669206;-0.2083333333333333;0.086809676928772
Unknown;0.2592348153036939;0.2977777777777777;0.5392476312306714
Low;0.1090778184436311;0.5289855072463768;0.7322580817146661
Unknown;0.0618787624247515;0.4333333333333333;0.6722059585125648
Unknown;0.0003599928001439;0.7532467532467533;1.4681253324280743
Unknown;0.0696386072278554;-0.3974025974025974;-0.7678520575639266
Unknown;0.0301593968120637;-0.4927536231884058;-1.0180510115373531
Unknown;0.6485070298594028;0.14;0.1980931986581613
Unknown;0.0262794744105117;-0.6;-1.0051250782665788
Control;0.1791564168716625;0.1851851851851851;0.5513274953771428
Control;0.1097178056438871;0.5220125786163522;0.5971659620240279
Unknown;0.0129197416051678;-0.673202614379085;-1.118183024964154
Unknown;0.6720265594688106;0.12;0.2067288732262297
Unknown;0.6240675186496271;0.220125786163522;0.1160992963795514
Unknown;0.8056638867222655;-0.1604938271604938;-0.1225165693067037
Medium;0.3795524089518209;0.1506734006734006;0.2713681400023332
Unknown;0.2255154896902061;0.4539007092198581;0.5320025220506579
Unknown;0.1531169376612468;-0.0121527777777777;0.5752817790758284
Unknown;0.0571588568228635;-0.4888888888888889;-0.8205951803811397
Unknown;0.1756364872702546;0.3928571428571428;0.5113774872168751
Control;0.0319993600127997;0.5518207282913166;0.8918260012356192
Unknown;0.6982260354792904;0.1635220125786163;0.1069629234529687
Unknown;0.0989980200395992;0.5408163265306123;0.7692008264087771
Unknown;0.0222795544089118;0.6133333333333333;1.1662313651332066
Unknown;0.5779084418311634;-0.1830065359477124;0.1130076646083645
Unknown;3.999920001599968e-05;0.8121878121878122;1.6759201856747794
Unknown;0.2155956880862382;-0.4206349206349206;-0.5577515771940902
Unknown;0.5588688226235475;0.0914239482200647;-0.1711400288083121
Unknown;0.0001199976000479;0.9022222222222224;1.735885429004433
Unknown;0.7097858042839144;-0.1012987012987013;-0.1444040844710417
Unknown;0.0949181016379672;-0.3594771241830065;-0.7363929149971395
Unknown;0.2106357872842543;-0.3688888888888889;-0.5920429799089642
Low;0.0016799664006719;0.7152777777777778;1.3692529639044646
Unknown;0.120277594448111;-0.4640522875816993;-0.675651916783543
Unknown;0.6101877962440752;0.0133333333333333;-0.2277253257523131
Medium;0.0089998200035999;0.5522388059701493;0.9340607631362612
Unknown;0.5947881042379153;0.010204081632653;0.1103464257729748
Unknown;0.8990620187596248;-0.0757575757575757;0.0667493140805926
Unknown;0.0223195536089278;0.6133942161339422;0.8950279226084266
Unknown;0.0013199736005279;0.634090909090909;0.9132057682614124
Unknown;0.0091198176036479;-0.5377777777777778;-1.6078494002436814
Unknown;0.4877102457950841;0.0;0.2916371709744658
Low;0.0032799344013119;0.7578692493946732;1.0325321520204076
Unknown;0.0073998520029599;0.5578231292517006;1.4024441600085047
Unknown;0.0391992160156796;-0.6133333333333333;-0.9666981215806724
Unknown;0.1801163976720465;-0.36;-0.6023830576729681
Unknown;0.6787864242715146;0.0705128205128205;0.1830381180821726
High;0.983820323593528;-0.1653846153846153;0.0098642493613094
Unknown;0.9318613627727446;0.0844444444444444;-0.0203466731734693
Unknown;0.1819163616727665;-0.3333333333333333;-0.6622420398247091
Low;0.0756784864302713;0.3714285714285714;0.720602942086706
Unknown;0.885662286754265;-0.0829268292682926;-0.0537450236420924
Low;0.1941961160776784;0.2648401826484018;0.4502652420228862
High;0.4491510169796604;-0.2259259259259259;-0.2553766127814516
Unknown;0.4561508769824604;-0.2814814814814815;-0.3341747084757501
Control;0.0076798464030719;0.5928571428571429;0.9083897625214884
Unknown;0.3212335753284934;-0.0672210672210672;0.291564550174695
Unknown;0.2870742585148297;-0.2108843537414966;-0.4494490860405569
Unknown;0.0014399712005759;0.6727272727272727;1.2113517811760557
Unknown;0.3209935801283974;-0.4844444444444444;-0.4633524586145149
Unknown;0.0013199736005279;-0.8074074074074075;-1.6009798922450516
Medium;0.0019999600007999;0.7777777777777778;1.3777127406576768
Unknown;0.0178796424071518;0.5037878787878788;0.8871948675360803
Medium;7.999840003199936e-05;0.8742138364779874;2.0098745455080063
Unknown;0.0135597288054238;0.8235294117647058;1.105638498850613
Unknown;0.2653146937061258;0.3201058201058201;0.4523895868808012
Unknown;0.5996280074398512;0.0833333333333333;0.2279325025883141
Unknown;0.6038679226415472;0.1896103896103896;0.1950407303105209
Control;0.6123077538449231;-0.074074074074074;-0.232991325386953
Unknown;0.3103137937241255;-0.2585034013605442;-0.3615914432063775
Unknown;0.1594368112637747;0.2866666666666667;0.6081853055364185
Unknown;0.0256794864102717;0.673469387755102;1.0281260980313536
Unknown;0.0398392032159356;0.5069444444444444;0.8373475449849032
Unknown;0.7315853682926341;-0.0072463768115942;-0.1434933843271098
Low;0.1328773424531509;-0.4492753623188406;-0.6773793429827999
Unknown;0.6924261514769705;-0.0666666666666666;-0.1724340814892395
Unknown;0.4203915921681566;-0.2056737588652482;-0.3505040747029457
Unknown;0.0827983440331193;0.4440298507462686;0.667627635373979
Unknown;0.1925961480770384;-0.2280701754385964;-0.5470906107405255
Low;7.999840003199936e-05;0.7307692307692307;1.2943564608733449
Unknown;0.0012799744005119;0.5430232558139535;1.0074957734345935
Unknown;0.5304293914121717;0.2023809523809523;0.2461533711568468
Low;0.1058778824423511;0.4740740740740741;0.6746678495072914
Unknown;0.2056358872822543;-0.4518518518518518;-0.564663312574561
Control;3.999920001599968e-05;0.9090909090909092;2.2465965207885032
Unknown;0.0059198816023679;0.6509433962264151;1.2427372778039705
Unknown;0.6468270634587309;0.1057692307692307;0.1730797246560728
Unknown;0.2054358912821743;-0.4044444444444444;0.5096194598228354
Unknown;0.5840283194336113;-0.2345679012345679;-0.2295024232634068
Low;0.0015599688006239;0.645021645021645;1.2126865317736764
Unknown;0.0120797584048319;0.6159420289855072;0.9817315927440003
Unknown;0.8970220595588089;-0.0444444444444444;0.0300999341168064
Unknown;0.0597988040239195;-0.3793103448275862;-0.7376404626658297
Unknown;0.0033199336013279;-0.6140350877192983;-1.2994433984688
Control;0.0017999640007199;0.6439393939393939;0.9921065882981722
Unknown;0.4397912041759165;0.3055555555555556;0.3435712602748199
Medium;0.3080338393232135;-0.3833333333333333;-0.4522753121813381
Unknown;0.8291034179316413;0.0266666666666666;0.14677187099321
Unknown;0.5276294474110518;-0.3985507246376811;-0.2797009049839614
Unknown;0.2141957160856782;-0.2977777777777777;-0.6014885795149812
Medium;7.999840003199936e-05;0.7806122448979592;1.3700655055991864
Unknown;3.999920001599968e-05;0.6842377260981912;1.3235096318768194
Unknown;0.2821543569128617;0.3733333333333333;0.4043353231993804
Unknown;0.8933821323573529;-0.0921985815602836;0.0446122931521039
Unknown;0.1779164416711665;0.4726190476190476;0.4772152679873592
Control;0.0107997840043199;0.5098522167487685;0.8691481175874683
Unknown;0.3098738025239495;0.1259259259259259;0.4438602889416061
Control;3.999920001599968e-05;0.7795950155763239;1.4291482585036257
Medium;0.0067198656026879;0.5528120713305898;0.9330571138490976
Unknown;0.5975080498390032;-0.1662921348314607;-0.1702303413039389
Unknown;0.4238715225695486;-0.0814393939393939;0.2710281491013307
Unknown;0.4455510889782204;-0.40234375;-0.2741138099799545
Unknown;0.0577188456230875;0.5066666666666667;0.7860596873107281
High;0.0001199976000479;0.8562091503267973;1.8788378236523453
Low;0.252714945701086;0.1224489795918367;0.4691714555001074
Unknown;0.0001199976000479;0.8962962962962963;1.9988756799617071
Low;0.0026399472010559;0.7006802721088435;1.0486927173627008
Unknown;7.999840003199936e-05;-0.8263888888888888;-2.132306210843629
Unknown;7.999840003199936e-05;0.9545454545454546;1.9017049060378464
Unknown;0.5661886762264755;-0.0985221674876847;-0.2345229031183797
Unknown;0.9529809403811924;-0.1458333333333333;0.0140690763097238
High;0.3615527689446211;0.1777777777777777;0.4126082229226429
Unknown;0.4207515849683006;-0.2404494382022471;-0.2709066948809578
Unknown;0.8235035299294015;-0.0266666666666666;-0.0832320738345712
Unknown;0.0848783024339513;0.4666666666666667;0.8412288323783071
Unknown;0.0101197976040479;0.5049226441631505;0.8151624269592869
Unknown;0.3748490598585475;0.3166666666666666;0.4877821910159787
Unknown;0.5318693626127478;0.1186440677966101;0.2561691618251833
Unknown;0.9134617307653848;0.076036866359447;0.0600381363838708
Unknown;0.378512429751405;0.1489361702127659;0.3894125750631126
High;0.0005199896002079;0.861904761904762;1.49596601426942
Unknown;0.1057578848423031;-0.5555555555555556;-0.6801544204157728
Medium;0.0016399672006559;0.6448412698412699;1.0837735061326703
Control;0.0061998760024799;0.7142857142857143;1.0618405188156113
Unknown;0.0873982520349593;-0.5106382978723404;-0.7967588581149715
Unknown;0.0124797504049919;-0.6370370370370371;-1.1309084649543684
Unknown;0.0862782744345113;0.3621794871794871;0.7798307210774322
Unknown;0.990060198796024;-0.0311111111111111;0.0036056827062973
Unknown;0.0031599368012639;0.6814814814814815;1.353292034299088
Unknown;0.0298394032119357;-0.5229591836734694;-0.8441341878920233
Control;0.7335453290934182;0.0471841704718417;-0.0968405562766113
Unknown;0.3365932681346373;-0.2943262411347517;-0.4208232987233788
Unknown;0.1607967840643187;0.2977777777777777;0.6724170390237328
Unknown;0.6852662946741065;-0.1768707482993197;-0.1905227822045109
Unknown;0.3005139897202056;-0.2941176470588235;-0.4507921551461084
Unknown;0.0394392112157756;0.41796875;0.7934213994580184
Medium;0.0039999200015999;0.6174242424242424;1.1169904067304808
Unknown;0.0020399592008159;0.4768518518518518;0.8855470724148374
Unknown;0.0131197376052478;0.5413533834586466;0.9488652162143484
Unknown;0.6535869282614347;0.2013888888888889;0.1841355784434557
Control;0.5070698586028279;0.2127659574468085;0.3072960057417462
Unknown;0.0472390552188956;0.5;0.892625325128071
Unknown;0.0264794704105917;-0.5466666666666666;-1.0123025154517404
Unknown;0.0513189736205275;0.7924528301886793;1.0523638420767465
Unknown;0.0421191576168476;-0.5401234567901234;-0.8525318066247214
Unknown;0.997980040399192;-0.1288888888888889;0.0167525105897324
Unknown;0.2091958160836783;-0.2164705882352941;-0.4207479613082598
Unknown;0.0018399632007359;-0.4991582491582491;-0.9687087317802668
Medium;0.0327193456130877;0.5193423597678917;0.674227030141662
High;0.9216615667686646;-0.0408163265306122;0.0436539842729336
Unknown;0.0385192296154076;-0.5911111111111111;-1.0227571701318383
Unknown;0.0351592968140637;0.4166666666666667;0.8567142848495658
Unknown;0.0473590528189436;0.057471264367816;1.0950476552241852
Unknown;0.8459830803383932;-0.3383458646616541;-0.1124919470003699
Unknown;0.0293194136117277;0.3765432098765432;1.2723497237802102
Unknown;0.1975960480790384;-0.4444444444444444;-0.5657541223482644
Unknown;0.97810043799124;-0.0204081632653061;-0.0145095723506192
Unknown;0.0218795624087518;-0.6347517730496454;-1.103256892823662
Control;0.0072398552028959;0.4696428571428571;0.9422560071934268
Unknown;0.0888782224355512;-0.5035460992907801;-0.7627274131084184
Unknown;0.0556788864222715;0.5352564102564102;0.9805746258121164
Medium;0.0053998920021599;0.6439393939393939;1.1883199987608868
Unknown;0.2966340673186536;-0.3333333333333333;0.3683397680538404
High;0.6969860602787944;-0.1304347826086956;-0.1657414427740365
Unknown;0.0005199896002079;-0.7283950617283951;-1.6003445700822343
Unknown;0.0028799424011519;-0.7481481481481481;-1.7560601884047435
Unknown;0.0403191936161276;-0.5786163522012578;-0.9503046246096613
Unknown;0.2052358952820943;0.3572607260726073;0.3839409736946634
Unknown;0.0455590888182236;0.5636363636363636;1.0488310459660344
Unknown;0.7149457010859783;-0.0638297872340425;-0.143896760256312
Low;0.0607987840243195;0.5466666666666666;0.8316825228615427
Unknown;0.0090398192036159;-0.6370370370370371;-1.1502317771452533
Unknown;0.0548789024219515;0.4466666666666666;0.9312471699387284
Unknown;0.3066738665226695;-0.3055555555555556;-0.450982197577322
Unknown;0.0721585568288634;0.3061224489795918;0.6833991427944127
Unknown;0.244715105697886;-0.2767295597484276;-0.5017695282793649
Unknown;0.1085178296434071;0.419753086419753;0.6549678013675692
Control;0.0154796904061918;0.5307692307692308;0.916503829096246
Unknown;0.0537189256214875;-0.6622222222222223;-0.9318406718632508
Unknown;0.623027539449211;-0.1330049261083744;-0.1979767460038761
Unknown;0.2050758984820303;0.6284722222222222;0.5793569818954923
Unknown;0.0421191576168476;0.6133333333333333;0.9387214773743656
Unknown;0.0786784264314713;-0.4375;-0.8081024292037265
Unknown;0.0099198016039679;0.7155555555555555;1.0526006115663806
Medium;0.0030399392012159;0.7435897435897436;1.5912199515288377
Unknown;0.0016799664006719;-0.7743055555555556;-1.2691432852182585
Low;0.746905061898762;-0.1659451659451659;0.1121128994522014
Unknown;0.5148697026059479;0.0541871921182266;0.2595348063137733
Unknown;0.5274694506109878;-0.3365384615384615;-0.2620898310376001
Unknown;0.5525089498210036;0.2488479262672811;0.2297854788231604
Unknown;0.6984260314793704;-0.0625;-0.1460681276977553
Unknown;0.0481990360192796;0.562962962962963;0.8673512350834317
Unknown;0.3496730065398692;0.3155555555555555;0.4479800667653719
Unknown;0.4231915361692766;0.1428571428571428;0.3260327251814215
Unknown;0.8145437091258175;-0.2074074074074074;-0.1503247579036626
Unknown;0.0856782864342713;-0.4964539007092198;-0.7808316901979276
Unknown;0.0005599888002239;-0.6666666666666666;-1.900904523360383
Unknown;0.4618307633847323;-0.1333333333333333;-0.3437841517586943
Unknown;0.0076798464030719;0.5925925925925926;1.0941700099319385
Unknown;0.0695986080278394;-0.4358974358974359;-0.7654428810416348
Unknown;0.1448371032579348;0.427734375;0.5575339744253918
Low;0.7921041579168416;0.3054187192118227;0.126432901113725
Unknown;0.0007599848003039;0.75;1.534783841551343
Unknown;0.0195996080078398;-0.64;-1.0872018754714088
Unknown;0.1017979640407191;-0.5111111111111111;-0.8109264990978029
Unknown;0.6445871082578348;-0.1047794117647058;-0.1630247155641694
Unknown;0.1749165016699666;0.4976958525345622;0.5825900773714842
Low;0.0238795224095518;-0.4592592592592592;-1.0600271989154295
Unknown;0.6587068258634827;-0.0044444444444444;0.2133269140541713
Unknown;0.0002399952000959;0.8844444444444445;2.02006816565597
Unknown;0.0231595368092638;0.4965986394557823;1.0558768600927304
Unknown;0.0231595368092638;0.5246753246753246;0.9577703698503957
Unknown;0.0224795504089918;0.5289855072463768;0.9337803531979638
Unknown;3.999920001599968e-05;0.8074074074074075;1.515216057953212
Unknown;0.0003599928001439;0.9111111111111112;2.307018962921407
Unknown;0.0803183936321273;-0.3768115942028985;-0.8056693759144004
Unknown;0.7789044219115617;0.0869565217391304;-0.1213575138685788
Control;0.0352392952140957;0.3797348484848485;0.7400631663417739
Unknown;0.0164396712065758;-0.6268115942028986;-1.1292964459762669
Unknown;3.999920001599968e-05;0.7205882352941176;1.572507466702791
Unknown;0.0034799304013919;0.7333333333333333;1.44135463014578
Unknown;0.0195196096078078;0.674074074074074;1.0983184738908776
Unknown;0.0056398872022559;0.7185185185185186;1.2585446987876094
Unknown;0.0001599968000639;0.9290780141843972;1.9013558819970728
Unknown;0.81951871657754;-0.053763440860215;-0.1629577669982691
Unknown;0.0365192696146077;-0.4652777777777778;-0.9535592097465054
Unknown;0.4689906201875962;0.2827380952380952;0.288833845332734
Medium;0.0001199976000479;0.8427672955974843;1.8180301085042556
Unknown;0.0213195736085278;0.4620689655172413;0.7532548898511918
Unknown;0.2715945681086378;0.1989795918367347;0.4470613842862053
Unknown;0.0071598568028639;-0.6444444444444445;-1.2245620048870107
Unknown;0.6878662426751465;-0.1231884057971014;-0.1674921988938264
Unknown;0.0013199736005279;0.5682539682539682;1.0872212901514902
Unknown;0.0503989920201596;-0.5277777777777778;-0.8979228027689053
Low;0.0019999600007999;0.631336405529954;1.2269726682560502
Unknown;0.5757484850302994;-0.2743055555555556;-0.2555441885058991
Unknown;0.2847143057138857;-0.1481481481481481;-0.4322507158016271
Unknown;0.0813983720325593;0.3775510204081632;0.714406059842859
Unknown;0.0001599968000639;0.6442687747035574;1.2265137033515907
High;0.0867182656346873;0.5777777777777777;0.8073134090500222
Unknown;0.0660386792264154;-0.4822695035460992;-0.8357562454771023
Control;0.0433591328173436;0.238095238095238;0.8521663624435559
Unknown;0.5351092978140437;-0.1276595744680851;-0.2810617152529872
Medium;0.9011419771604569;0.1358024691358024;0.0782055366535024
Unknown;0.3902321953560929;0.2169312169312169;0.3540513754636297
Unknown;0.509090909090909;-0.4444444444444444;-0.5638521713509705
Low;0.0014799704005919;0.7090909090909091;1.2457043582351193
Unknown;0.0330393392132157;0.5925925925925926;0.8918478832081016
Low;0.0015599688006239;0.6581632653061225;1.288253538359245
Unknown;0.998580028399432;-0.0326797385620915;0.018564466714313
Unknown;0.5598688026239476;0.0128205128205128;0.2511718932559029
Unknown;0.1921961560768784;0.5434782608695652;0.5803833940141436
Unknown;0.6514669706605868;-0.3546099290780142;-0.2148047240266087
Unknown;0.3999520009599808;-0.0141843971631205;0.3601504865994502
Unknown;0.0082398352032959;0.5869565217391305;1.3372783568253643
Unknown;0.4506709865802684;0.1733333333333333;0.3746497369290693
Control;0.0134397312053758;-0.7345679012345679;-1.1056138668682662
Unknown;0.123957520849583;-0.4577777777777778;-0.7265100781613067
Unknown;0.9203415931681368;0.0211538461538461;-0.0081666274721507
Unknown;0.6084678306433872;-0.1111111111111111;-0.2375487877020014
Control;0.1046779064418711;-0.1304347826086956;-0.7720255141373474
Unknown;0.1542369152616947;-0.1337868480725623;0.6248331049756791
Unknown;0.0325993480130397;0.3851851851851852;1.1240092207753123
Medium;0.115597688046239;0.4056603773584906;0.6897228129881504
Unknown;0.0133997320053598;-0.7189542483660131;-1.080990738760662
Low;0.0002399952000959;0.670995670995671;1.1351859109127391
Unknown;0.0086798264034719;0.6041666666666666;1.211223590829286
Control;0.0326393472130557;0.532051282051282;0.8216226438286488
Unknown;0.0012799744005119;0.485;1.28296378845695
Unknown;0.3847923041539169;-0.2127659574468085;-0.3784717173936073
Unknown;0.0695586088278234;0.3976190476190476;0.753362385513862
Medium;0.5342293154136917;0.1925925925925926;0.2728883217527779
High;0.0076798464030719;0.5925925925925926;1.087235898836436
Unknown;0.4034719305613887;0.1597222222222222;0.37417636131163
Control;0.4054718905621887;-0.2442307692307692;-0.3131089537449171
Unknown;0.8650226995460091;0.0382653061224489;0.0761937671452742
Unknown;0.0086798264034719;0.541871921182266;0.9609103884876222
Unknown;0.3134737305253895;0.2454545454545454;0.48433047098082
Unknown;0.0224795504089918;-0.4094368340943683;-0.8545332974260456
Unknown;0.6057078858422832;0.1604938271604938;0.2178175909237178
Unknown;0.2039959200815983;0.3671875;0.4750486084379061
High;0.5257094858102838;-0.2345679012345679;-0.2670292571824133
Medium;0.7339453210935781;-0.2483660130718954;-0.1238340637720103
Unknown;0.9657406851862964;-0.0977777777777777;-0.0102807382390834
Unknown;0.118357632847343;0.36;0.6953004236040553
Unknown;0.1618767624647507;0.3469387755102041;0.607146384373329
Unknown;0.24827503449931;0.3809523809523809;0.4610506240818712
Unknown;0.6805463890722185;-0.0797101449275362;-0.1702038113453933
Unknown;0.0161996760064798;0.6666666666666666;1.0827602301776984
Unknown;0.5705485890282195;0.0679012345679012;0.2453502279625913
High;0.0018399632007359;0.84;0.987448840125327
Unknown;0.246835063298734;-0.4466666666666666;-0.5007048482186042
Unknown;0.6365872682546349;-0.1347517730496454;-0.2145549198290027
Unknown;0.0009199816003679;-0.8044444444444444;-1.7059867092398442
Unknown;0.9654606907861842;0.1949685534591195;0.0318183753090476
Unknown;0.8173436531269375;0.0255102040816326;-0.0837300012369785
Unknown;0.8152236955260895;-0.1808510638297872;-0.1124448247774447
Unknown;0.0184396312073758;-0.662962962962963;-1.0156091035051804
Unknown;0.2151956960860782;0.12;0.5843186933224699
Control;0.0384392312153756;0.7393939393939394;1.0284869163088972
Unknown;0.1009179816403672;-0.391705069124424;-0.6673635343949627
Unknown;0.9735005299894002;-0.2176870748299319;-0.0568904944289336
Unknown;0.5733085338293235;0.1481481481481481;0.2564395736229978
Unknown;0.2902741945161097;0.1847826086956521;0.4655659654428857
Unknown;0.0336393272134557;0.5869565217391305;0.8866828457280209
Unknown;0.3903792784458834;-0.4444444444444444;-0.5904407140073613
Control;0.9675806483870324;-0.0289855072463768;0.0598385628480516
Low;0.1713965720685586;-0.4126984126984127;-0.5920510910380651
Unknown;0.0007999840003199;0.7101449275362319;1.147285096424524
Medium;0.0384392312153756;0.4968553459119497;0.8882737228288929
Unknown;0.0649187016259674;0.3832039520112915;0.4998843276088595
Unknown;0.1559568808623827;0.0799031476997578;0.6243964443649426
Unknown;0.9074618507629848;-0.0555555555555555;-0.0501407281012033
Unknown;0.5928281434371313;-0.2592592592592592;-0.2180381315878385
Unknown;0.505989880202396;0.3265306122448979;0.3204928671819332
Unknown;0.0144797104057918;-0.8044444444444444;-1.4786752124755271
Unknown;0.0001199976000479;0.8725490196078431;1.2703900308614613
Unknown;0.0618787624247515;-0.4576271186440678;-0.7813203214983633
Unknown;0.0364392712145757;0.4458128078817734;0.8130461667888236
Unknown;0.8244635107297854;-0.0197044334975369;0.0916809479974881
Unknown;0.5683886322273555;0.0886524822695035;0.2577323779969093
Unknown;0.1590768184636307;-0.2781954887218045;-0.5833280487081962
Unknown;3.999920001599968e-05;0.8843537414965986;1.788994242878596
Unknown;0.2067558648827023;0.475177304964539;0.5883721279139228
Unknown;0.7009859802803944;0.1594202898550724;0.1808595009857551
Unknown;0.2068358632827343;-0.4148148148148148;-0.5657687497921057
Unknown;3.999920001599968e-05;0.7358024691358025;1.525186232761472
Unknown;7.999840003199936e-05;-0.6718954248366014;-1.7441927119470615
Unknown;0.7239455210895782;0.1280788177339901;0.1660313652698129
Unknown;0.990780184396312;0.0;0.004327916370907
Unknown;0.2351152976940461;0.5289855072463768;0.5103517167094936
Unknown;0.8112637747245055;0.0133333333333333;0.1376466870898581
Unknown;0.0302793944121117;-0.5579710144927537;-0.9542273377293324
Unknown;0.0058398832023359;0.6006944444444444;1.5114082458961535
Unknown;0.0335593288134237;-0.4232804232804232;-0.8884113941319917
Unknown;0.2195556088878222;-0.3290816326530612;-0.4941274807065247
Low;0.0039999200015999;0.6950354609929078;1.3175072156361578
Medium;0.2035959280814383;0.3123486682808716;0.5190490460505102
Control;0.0023999520009599;0.4892857142857142;1.2372109434941885
Unknown;0.2937541249175016;0.2971014492753623;0.4609880880196919
Unknown;0.1760364792704146;0.3333333333333333;0.6427277206796165
Unknown;0.0962380752384952;0.4231805929919137;0.6866555046135022
Unknown;0.9304613907721846;0.0306122448979591;-0.0192748691611765
Unknown;0.4770704585908282;-0.1527093596059113;0.2315087987327947
Unknown;0.0067598648027039;0.5597189695550351;1.1201887564480255
Unknown;0.2293154136917261;-0.5277777777777778;0.4113278618808157
Unknown;0.0011599768004639;0.8222222222222222;1.6333423848448132
Unknown;0.8268234635307293;0.1632653061224489;0.1124711777650309
Unknown;0.0257194856102877;0.3952380952380952;0.8865995761472586
Unknown;0.0713585728285434;0.5739348370927319;0.8216183073928903
Unknown;0.123957520849583;-0.4;-0.6887927985770564
Unknown;0.5421091578168437;-0.4782608695652174;-0.2794216928948619
Control;3.999920001599968e-05;0.9166666666666666;1.892220306193327
Unknown;0.0699986000279994;-0.3688888888888889;-0.9453836689879024
Unknown;0.2069558608827823;-0.3550724637681159;-0.5540330468919138
Unknown;0.5327493450130998;0.1173469387755102;0.2350854790830812
Unknown;0.1779164416711665;0.3984375;0.527683555516124
Unknown;0.2559148817023659;0.201058201058201;0.453888435503988
Unknown;0.0153196936061278;-0.59375;-1.1738950344919743
Unknown;0.0287594248115037;-0.5555555555555556;-0.9104343224159682
Low;0.0366392672146557;0.5;0.8855615522070339
Unknown;0.0319193616127677;-0.5896103896103896;-0.8759667443708189
Medium;0.3561128777424451;0.0133333333333333;-0.403214286322069
Low;0.0054398912021759;0.5973856209150327;0.8669734090175876
Unknown;0.0208795824083518;0.5416666666666666;1.1147613055824075
Unknown;0.994540109197816;-0.0208333333333333;-0.0194588609180519
Unknown;0.8525429491410171;-0.0817610062893081;-0.0605879257543059
High;0.0006799864002719;0.6405228758169934;1.4024861091650125
Unknown;0.1377572448551029;-0.0044444444444444;1.0591381677015188
Medium;0.0001199976000479;0.7;1.4660042637799489
Medium;0.0046399072018559;0.6797385620915033;1.1795911838454525
Unknown;0.8315033699326013;-0.3333333333333333;0.0709610528387518
Unknown;0.1513969720605588;0.1920454545454545;0.5179006522936395
Unknown;0.0219195616087678;0.4125;0.7582100866400494
High;0.0485590288194236;0.2814814814814815;0.9838168584357768
Control;0.1487970240595188;0.4485514485514486;0.4446196370524406
Unknown;0.0802383952320953;-0.2753623188405797;-0.8157660464753417
Unknown;0.0005999880002399;0.76;1.3153402810668875
Unknown;0.0011599768004639;0.7787114845938375;1.1265806000000596
Unknown;3.999920001599968e-05;0.913279132791328;1.7939311191379708
Unknown;0.0045999080018399;-0.6768707482993197;-1.2999161548790563
Low;3.999920001599968e-05;0.88;1.9186767178251556
Unknown;0.6414271714565709;-0.1631205673758865;-0.2257938858028797
Unknown;0.2708345833083338;-0.3688888888888889;-0.5301474712659846
Unknown;0.9454545454545454;-0.0232558139534883;0.0294292068482426
Unknown;0.0052798944021119;-0.7955555555555556;-1.493192380128672
Unknown;0.0111197776044479;0.5228758169934641;1.0926410391239385
Unknown;0.1327973440531189;0.2521367521367521;0.4412245300241663
Medium;0.8552228955420892;0.0423280423280423;0.0819182478837813
Unknown;0.1803963920721585;0.2133333333333333;0.554267069906033
Unknown;0.3343933121337573;0.3111111111111111;0.4792462897709433
Unknown;0.5553488930221395;0.1159420289855072;0.2480818429360401
Low;0.0109997800043999;0.4834710743801653;0.8367515179175028
Unknown;0.0001999960000799;0.7530266343825666;1.3222823394563077
Unknown;0.0018799624007519;-0.78;-1.6634240050646836
Unknown;0.0006399872002559;-0.7822222222222223;-1.7942231783436595
Unknown;0.0134397312053758;0.4926108374384236;0.9638763836982728
Unknown;0.8903821923561529;-0.1111111111111111;-0.0315685715623849
Unknown;0.0097998040039199;0.5768645357686454;0.90315375307347
Unknown;0.3632727345453091;0.2444444444444444;0.433270040435215
Unknown;0.118277634447311;0.3623188405797101;0.6486026197828035
Unknown;0.0136397272054558;-0.5869565217391305;-1.213529734130693
Medium;0.0024799504009919;0.5918367346938775;1.093219790925886
Unknown;0.0002399952000959;-0.7074829931972789;-1.683922472246153
Unknown;0.3885522289554209;-0.28;-0.3745640199096415
Unknown;0.2341553168936621;0.3049645390070922;0.5703736809043151
Unknown;0.0301593968120637;-0.5222222222222223;-0.9354681390245926
Unknown;0.7298654026919461;0.1258503401360544;0.1652011068644073
Unknown;0.7599448011039779;-0.2345679012345679;-0.1304690777245581
Unknown;0.2089158216835663;-0.3550724637681159;-0.554636322410821
Unknown;0.0655586888262234;0.6376811594202898;0.9349678705333784
Unknown;0.114437711245775;0.4134615384615384;0.6799056359957911
Unknown;0.0001999960000799;0.8113207547169812;2.0516046988222665
Control;0.0209595808083838;0.6691729323308271;0.8589557564843519
Low;0.0005599888002239;0.6635802469135802;1.0188032876946262
Unknown;0.1377972440551189;0.3856209150326797;0.6464403293685467
Unknown;0.7333053338933221;-0.0711805555555555;-0.1381779430624216
Unknown;0.9021819563608728;-0.072599531615925;0.0534225517466774
Unknown;0.0003199936001279;0.775;1.3062425892796627
High;0.0071598568028639;0.5772058823529411;1.019079885489468
Low;3.999920001599968e-05;-0.88;-2.3384420021212664
Unknown;0.0001599968000639;0.6692307692307692;1.3775675867909234
Unknown;0.3815523689526209;0.176056338028169;0.3178964648187823
Unknown;0.1479570408591828;0.0985221674876847;0.5799437284766031
Unknown;0.2948741025179496;0.3333333333333333;0.4601041242561938
Unknown;0.0057598848023039;-0.6962962962962963;-1.0019094182726944
Unknown;0.9649407011859764;-0.1022222222222222;-0.0149915312263772
Unknown;0.3924721505569888;0.123076923076923;0.32696705153138
Unknown;0.0009199816003679;-0.8085106382978723;-1.6809030654087571
Unknown;0.4819503609927801;-0.2266666666666666;-0.3009723507040178
Control;0.8993420131597368;0.1111111111111111;0.0501956326070368
Control;0.117077658446831;0.4124293785310734;0.6522774788660675
Unknown;0.7903041939161217;0.0192837465564738;-0.0787926600816818
Low;0.7293854122917541;0.0890151515151515;0.1283322164559711
Low;3.999920001599968e-05;0.7074829931972789;1.815309330885796
Unknown;0.2263554728905422;-0.382716049382716;-0.5319992155451979
Unknown;0.0981980360392792;-0.6;-0.7298604921114404
Unknown;0.4785504289914202;-0.237037037037037;0.219418907979243
Unknown;0.4881902361952761;-0.2048611111111111;-0.3021981349804239
Unknown;0.0061998760024799;-0.7610389610389611;-1.165303165156093
Unknown;3.999920001599968e-05;0.795688847235239;1.4814752576386503
Unknown;0.0008799824003519;0.8044444444444444;1.8486624109952483
Unknown;0.9409011819763604;0.2355555555555555;-0.1063927563486198
Unknown;0.4548709025819483;0.1511111111111111;0.3586860808961897
Unknown;0.0019999600007999;0.6258823529411764;1.1198394027893972
Unknown;0.0130797384052318;0.6444444444444445;1.4909025675825582
Unknown;0.0017599648007039;-0.6640625;-1.2523374018623
Medium;0.0452790944181116;-0.5703703703703704;-0.8779895308856586
Unknown;0.1857962840743185;0.1244239631336405;0.5482172069101798
Unknown;0.0018399632007359;0.76;1.4506396977292109
Unknown;3.999920001599968e-05;0.704;1.2458955651152228
High;0.0868382632347353;0.3656174334140435;0.6198524092198126
Medium;0.0061198776024479;0.8238993710691824;1.2459296930017296
Unknown;0.0867182656346873;0.3703703703703703;0.7616046123043986
Unknown;0.628587428251435;0.1644444444444444;0.2438395557121849
Low;0.6739465210695786;0.1192307692307692;0.1585560075548348
Unknown;0.0565588688226235;0.5518518518518518;0.8810577120168057
Unknown;0.0825983480330393;-0.5911111111111111;-0.8853416661758637
Unknown;0.0109197816043679;0.725;1.3864788135168375
Low;0.5776284474310514;0.0625;0.2569932666605315
Unknown;3.999920001599968e-05;0.877665544332211;1.455793202940714
Unknown;0.7193456130877383;0.0612648221343873;0.1243764284441459
Unknown;0.0004399912001759;0.7561728395061729;1.536193407987878
Unknown;0.1829163416731665;0.2154195011337868;0.5369239704604094
Unknown;0.0001199976000479;0.9230769230769232;1.46633653415476
Control;0.0533589328213435;0.4266666666666667;0.807123836079965
Medium;0.0759584808303834;-0.4488888888888889;-0.8862839931371785
Unknown;0.0048799024019519;0.573076923076923;1.188495872494581
Control;0.5858282834343314;0.2181069958847736;0.1937153797435069
Unknown;0.9819403611927762;-0.0612244897959183;0.0249853734178218
Unknown;0.0075998480030399;0.6142857142857143;1.0891291900427789
Unknown;0.0341993160136797;-0.5850340136054422;-1.0072245964419038
Unknown;0.0002399952000959;0.5679945054945055;1.0710720147542327
Unknown;0.4399912001759964;-0.3155555555555555;-0.3578638487056394
Control;0.0508789824203515;-0.4217687074829932;-1.0777415520425655
Unknown;0.0669986600267994;-0.3633333333333333;-0.8455483202272811
Unknown;0.0033199336013279;-0.6589861751152074;-1.2033032857289203
Unknown;0.3856722865542689;0.3024691358024691;0.3690991662635141
Unknown;0.0200395992080158;0.5113636363636364;0.877566882669791
Unknown;0.0727185456290874;0.5939849624060151;0.7514360146632424
Medium;0.0005999880002399;-0.7832512315270936;-1.6958745785946765
Unknown;0.3208335833283334;-0.2777777777777778;-0.4370220869112895
Unknown;0.0081998360032799;-0.6359447004608295;-1.025912984215973
Unknown;0.2161156776864462;-0.0425531914893617;0.5538559726441883
Unknown;0.5742285154296914;-0.1962962962962963;-0.2358762651895818
Unknown;0.6850662986740266;-0.1006944444444444;-0.1567492669780318
Unknown;0.3575928481430371;0.4113475177304964;0.3998986539826078
Unknown;0.2315553688926221;0.2326530612244897;0.5091746500781633
Unknown;0.3257934841303174;-0.6632653061224489;-0.3948788627725208
Unknown;0.2867142657146857;-0.2;-0.4681740886498107
Control;7.999840003199936e-05;0.8930817610062893;1.4033242027691708
Unknown;0.2802743945121098;-0.1773049645390071;-0.4780854358790714
Unknown;0.6331073378532429;-0.1088888888888888;0.1601762849160162
Unknown;0.118277634447311;-0.3546099290780142;-0.7130040862403796
Control;0.0061598768024639;0.6292517006802721;1.143589471694161
Unknown;0.3810052420598211;-0.1515151515151515;-0.5369195694469057
Unknown;0.1624367512649747;0.3418803418803419;0.4912101146868292
High;0.0052398952020959;0.6444444444444445;1.1446192556303376
Control;0.0984380312393752;0.543859649122807;0.6872013395467181
High;0.0935181296374072;0.2905982905982906;0.6032886922136441
Unknown;0.9839803203935922;-0.0072463768115942;0.0002851306685444
Low;0.7683046339073218;0.0125786163522012;0.1336171525676945
Unknown;0.6839063218735625;0.0652173913043478;0.1891961724171878
Unknown;0.1100777984440311;-0.6666666666666666;-0.7561735060209293
Unknown;3.999920001599968e-05;0.8316326530612245;1.7391750518311653
Unknown;0.8259034819303613;0.1025641025641025;-0.0501179036524415
Low;0.3163136737265254;0.297423887587822;0.4005802499237432
Unknown;0.7203055938881222;-0.2463768115942029;-0.1703424219690887
Unknown;0.0714785704285914;-0.4600484261501211;-0.8157114632653444
Unknown;0.8921021579568409;-0.1870748299319728;0.0616930077181875
Low;3.999920001599968e-05;0.7903525046382189;1.3736794838809758
Unknown;0.3462330753384932;-0.2088888888888889;-0.4505044584037886
Unknown;0.0005199896002079;0.5762237762237762;0.938130500819504
Unknown;0.3091538169236615;0.2934472934472934;0.3612315283217726
High;0.0029599408011839;0.7518518518518519;1.3945838737851672
Unknown;0.0324393512129757;-0.5815602836879432;-1.0357630375576077
Unknown;0.0706385872282554;0.5277777777777778;0.760410082646796
Unknown;0.6074278514429712;-0.2246376811594203;-0.1974495190598875
Unknown;0.3210335793284134;-0.3866666666666666;-0.4776050514675631
Unknown;0.0007199856002879;0.7579365079365079;1.3857320811849558
Unknown;0.0789984200315993;-0.4618055555555556;-0.799298974482772
Unknown;0.3665526689466211;-0.1739130434782608;-0.3925383906591352
Control;0.0417991640167196;0.5;0.7994288777444052
Low;0.2228355432891342;0.2916666666666667;0.5354700656291709
Unknown;0.5750684986300274;0.0;-0.2188092527600439
Medium;0.3263934721305574;0.3061224489795918;0.4334567345286464
Unknown;0.1411971760564788;0.2533333333333333;0.6262165534326382
Unknown;0.240315193696126;0.375;0.456986015305158
Unknown;0.0032399352012959;0.7925925925925926;1.5720781111049107
Unknown;0.5193096138077239;-0.2646370023419204;-0.2438949650813456
Unknown;0.0035999280014399;-0.7013888888888888;-1.4166100811310267
Unknown;0.1685566288674226;-0.3475177304964539;-0.6220102807366518
Medium;0.0012799744005119;-0.6209150326797386;-1.762675312577654
Unknown;0.0028799424011519;0.7037037037037037;1.394155991122814
Unknown;3.999920001599968e-05;0.8085808580858086;2.164330865532489
Low;0.0414391712165756;0.4557823129251701;0.799911404894809
Unknown;0.1652766944661106;-0.4222222222222222;-0.6804312362504843
Unknown;3.999920001599968e-05;1.0;3.1501896005829257
Unknown;0.7759444811103778;0.0148148148148148;0.1389864606722191
High;0.2168356632867342;-0.46;-0.5572048344705102
Unknown;0.7160256794864103;-0.2291666666666666;-0.1713540175914779
Unknown;0.4442711145777084;-0.2013888888888889;-0.3377145991667226
Unknown;0.490590188196236;-0.032051282051282;-0.292825139784129
Unknown;0.8190636187276255;0.0888888888888888;0.1208085216876251
Unknown;0.5919881602367952;0.1025641025641025;0.2373174863285671
Unknown;3.999920001599968e-05;0.7621065375302664;1.3090044456583525
Unknown;0.4136317273654527;0.4139344262295082;0.3268227361494381
Unknown;3.999920001599968e-05;0.92;2.0687666739628074
Unknown;0.1112377752444951;0.3151927437641723;0.6302803985436786
Unknown;0.247635047299054;0.2875816993464052;0.5042863376937149
Unknown;0.0135597288054238;0.4855072463768116;1.0749415828788889
Unknown;0.0651186976260474;0.2977777777777777;1.0748785510165186
Unknown;0.0047599048019039;0.5542168674698795;0.8942949106840878
High;0.1435971280574388;0.2030075187969924;0.5952343081541017
Unknown;0.5144297114057719;0.1351351351351351;0.3077601168780904
Unknown;0.1495570088598228;-0.3194805194805195;-0.602872988629325
Control;0.1523169536609268;0.2992957746478873;0.53502301422236
Low;0.0040799184016319;0.8939393939393939;1.4436257253164926
Unknown;3.999920001599968e-05;-0.8545454545454545;-2.072612997024065
Unknown;0.0291994160116797;-0.4924242424242424;-0.8483694134683437
Unknown;0.4414311713765724;-0.226950354609929;-0.3428359814004405
Low;0.6022679546409072;0.1418439716312056;0.2537653580879851
Unknown;0.124877502449951;0.5882352941176471;0.6007525975385637
Unknown;0.1549969000619987;-0.3481481481481481;-0.6207742138646095
Medium;0.0566388672226555;-0.5488721804511278;-0.8370636864811799
Control;0.0061598768024639;0.6754385964912281;1.3138682149158576
Unknown;0.0231595368092638;-0.5625;-0.9139175806447152
Unknown;0.5824283514329713;0.1496598639455782;0.2585635764655051
Unknown;0.7294654106917862;0.2459016393442623;0.1633774854608185
Unknown;0.1795164096718065;0.3435374149659864;0.5864598350603123
Unknown;0.2539949201015979;0.1794871794871795;0.4855378169550989
Unknown;0.0018799624007519;-0.7333333333333333;-1.216366416689615
Unknown;0.2261154776904461;0.3244444444444444;0.5325878518412911
Unknown;0.0008399832003359;-0.7391304347826086;-1.2897873047215809
Unknown;0.4077118457630847;0.4893617021276595;0.3487882159128194
Unknown;0.0001599968000639;-0.8333333333333334;-1.7513148087718395
Unknown;0.0018399632007359;0.6306818181818182;1.0562297288787343
Medium;0.0009599808003839;0.7391304347826086;1.2967629851105829
Unknown;0.6615867682646347;-0.1578313253012048;0.1197228272568337
Unknown;0.248555028899422;-0.2883116883116883;-0.4480847590623897
Medium;3.999920001599968e-05;0.9131944444444444;1.549272556737698
Unknown;0.0111597768044639;-0.5357142857142857;-0.9067627306394006
Unknown;0.0042799144017119;0.6925925925925925;1.1101763884406084
Unknown;0.0529989400211995;-0.4740740740740741;-0.8890991606216745
High;0.7176256474870503;0.1201814058956916;0.1555624189928549
High;0.0359192816143677;-0.457516339869281;-0.908469031912012
Unknown;0.0515589688206235;0.5969387755102041;0.8045211720041252
Unknown;0.2343553128937421;0.5377358490566038;0.468047467833552
Unknown;0.0792384152316953;0.6513317191283293;0.7061008674088528
Unknown;0.2073158536829263;-0.3185185185185185;-0.5444594885575751
Unknown;0.7964640707185856;-0.0816326530612244;-0.1389680000015608
High;0.0152396952060958;0.6347826086956522;1.0924191519981423
Unknown;0.5948281034379312;-0.1089743589743589;-0.2285692577695376
Low;0.2691946161076778;0.2177777777777777;0.5322072572809304
Unknown;0.0067198656026879;0.5357686453576864;0.9982013663082218
Unknown;0.0062798744025119;-0.6148148148148148;-1.3368148916507991
High;0.0089598208035839;0.5410447761194029;0.8459109180569453
Unknown;0.0619587608247835;-0.4379084967320261;-0.8611923190541726
Unknown;0.3516729665406692;0.2233766233766233;0.3814811248874885
Unknown;0.4814303713925721;-0.2481203007518796;-0.2806777536229935
Unknown;0.3663126737465251;0.2160493827160493;0.3888056387935036
Unknown;0.3820723585528289;-0.32;-0.3783568466313371
Control;3.999920001599968e-05;0.9722222222222222;1.542569498941327
Unknown;0.0878382432351353;-0.4795918367346938;-0.7074684204328684
Unknown;0.7727445451090978;0.1868131868131868;0.1178285730523633
Unknown;0.9528609427811444;0.1043083900226757;0.0034782421620643
Unknown;0.1569568608627827;0.3669950738916256;0.5683956481275085
Unknown;0.0015599688006239;0.8296296296296296;1.684374622083118
Unknown;0.2143957120857582;0.4052287581699346;0.5265907968700791
Unknown;0.0306393872122557;0.4236111111111111;1.0057105707429337
Unknown;0.8325433491330173;0.0579710144927536;0.0866230907418945
Unknown;0.0184396312073758;0.5815602836879432;1.0460609646777452
Unknown;0.3336333273334533;0.3469387755102041;0.4216447158576261
Unknown;0.0011199776004479;0.6080246913580247;1.0267454039034236
Unknown;0.2951940961180776;-0.2444444444444444;-0.4046412703745658
Unknown;0.8254634907301854;0.1126126126126126;0.0955570995013771
Unknown;0.3000339993200136;-0.3955555555555555;-0.4733064830175
Unknown;0.0306393872122557;0.4666666666666667;0.7647553574174181
Unknown;0.8428231435371293;-0.1439393939393939;-0.0687566924136614
Unknown;0.0050398992020159;-0.6879432624113475;-1.2907330583063894
Unknown;0.0080798384032319;-0.7377777777777778;-1.204788656571639
Unknown;0.2863142737145257;-0.3466666666666667;-0.5009693287767464
Low;0.2265554688906222;0.2407407407407407;0.473750054058706
Unknown;0.0705185896282074;0.6410256410256411;0.7375102900711447
Unknown;0.0241995160096798;0.470679012345679;0.7850201040966048
Unknown;0.0341193176136477;0.5882352941176471;0.8607170989359173
Unknown;3.999920001599968e-05;0.896978021978022;1.6692096565445211
Unknown;0.0155596888062238;-0.6622222222222223;-1.2175299631046128
Unknown;0.244315113697726;-0.2673611111111111;-0.5189789381348668
Unknown;0.1907161856762864;0.4592592592592592;0.5695298844459658
Control;0.504269914601708;-0.2717391304347826;-0.3322322046518409
Unknown;0.7923041539169217;0.0288461538461538;0.0008232364837058
Unknown;0.371912561748765;-0.3246753246753247;-0.3554994267649679
Low;0.6761464770704586;0.0354609929078014;0.1926528531438915
Unknown;0.4585108297834043;-0.04;0.3407754116781799
High;0.0462790744185116;0.3696145124716553;0.7681370713756345
Unknown;0.0010799784004319;0.837037037037037;1.6758457699206564
Control;0.0373192536149277;0.4004683840749414;0.8136010483257943
Low;3.999920001599968e-05;0.91;1.6395135710599835
Unknown;0.8358232835343293;-0.2075471698113207;0.0719057690504416
Control;0.4870302593948121;0.1714285714285714;0.2842113154233677
Control;7.999840003199936e-05;-0.6958689458689459;-1.3132273077008194
Unknown;0.1414371712565748;0.2733333333333333;0.5574162303422797
Unknown;0.0385592288154236;0.5802469135802469;0.7604297971748856
Unknown;0.3561528769424611;0.2192118226600985;0.374131411845468
Unknown;0.0648787024259514;-0.5955555555555555;-0.9154897266268788
Unknown;0.0671186576268474;0.5555555555555556;0.8801301101244262
Low;3.999920001599968e-05;0.83984375;1.4406090740273751
Unknown;0.119957600847983;0.3066666666666666;0.6747679049532401
Unknown;0.0099598008039839;-0.7246376811594203;-1.31594517208077
Unknown;0.0012799744005119;-0.7391304347826086;-1.5910155178933327
Unknown;0.1460770784584308;-0.3120567375886525;-0.6472983544067837
Unknown;0.0146397072058558;0.5873015873015873;1.0260584649257427
Unknown;0.2589548209035819;-0.3066666666666666;-0.4875355621730292
Medium;0.3172336553268934;-0.2833333333333333;-0.3351844123395271
Control;0.1891162176756465;-0.5012987012987012;-0.5439224623543608
Unknown;0.0363992720145597;0.4055299539170507;0.8740872363484076
Control;0.0083598328033439;0.5533333333333333;1.2328031808785147
Low;0.0264794704105917;0.5168831168831168;0.8031717640485342
Unknown;0.0066798664026719;-0.691358024691358;-1.1820478918238957
Unknown;0.0177996440071198;-0.71875;-1.146146297790041
Unknown;0.1606367872642547;0.3076923076923077;0.5908545575077664
Control;3.999920001599968e-05;0.9444444444444444;1.833348021425849
Unknown;0.0268394632107357;0.5251572327044025;1.0216767154549524
Unknown;0.5696686066278674;-0.1173469387755102;-0.2235590409530979
Control;0.6437871242575148;0.0814814814814814;0.2238522605965507
Unknown;0.0003199936001279;-0.798828125;-1.469004648806937
Unknown;0.0543589128217435;0.2244897959183673;0.791909101614006
Unknown;0.3635927281454371;-0.0933333333333333;-0.4329632266339407
Unknown;0.98630027399452;-0.0025062656641604;0.0338682336716241
Unknown;0.0119597608047839;0.4285714285714285;1.3546452880749156
Unknown;0.373032539349213;0.2287581699346405;0.3915296779133644
Unknown;0.121717565648687;0.4113475177304964;0.6756968384599137
Unknown;0.0079198416031679;0.4662756598240469;0.7975970831144035
Unknown;0.5639887202255955;0.14;0.2564257382449202
Unknown;0.0706385872282554;-0.2095238095238095;-0.5661861552674139
Unknown;0.0747185056298874;-0.4081632653061224;-0.7727562204868241
Control;0.3249935001299974;0.25;0.4355872507396458
Unknown;0.7339853202935941;0.0222222222222222;0.1608706151578345
Unknown;0.1349573008539829;0.2314901593252108;0.4803319580238454
Unknown;3.999920001599968e-05;0.9057971014492754;1.9659819038363335
Unknown;0.0107197856042879;-0.6014492753623188;-1.081154809274092
Unknown;0.1346373072538549;0.3703703703703703;0.6410979184589273
Low;3.999920001599968e-05;0.8747680890538033;2.029531595353172
Unknown;0.0017199656006879;0.6360824742268041;0.9769678514966306
Unknown;0.49235015299694;-0.1851851851851851;-0.294491714125028
Unknown;0.0923181536369272;0.3805147058823529;0.6443840479052192
Unknown;0.24207515849683;0.4117647058823529;0.4874165528723759
High;0.6406271874562509;-0.1904761904761904;-0.1589057727872541
Unknown;0.2033959320813583;-0.3472222222222222;-0.5506586063737378
Unknown;0.6338273234535309;-0.1276595744680851;-0.217742093872884
Unknown;0.0223595528089438;-0.7037037037037037;-1.099082306182388
Unknown;0.4845903081938361;0.1373239436619718;0.2667361477529804
Unknown;0.0283994320113597;-0.53125;-0.978894239838201
Unknown;3.999920001599968e-05;-0.7019230769230769;-1.7825574976452827
Unknown;0.9681006379872402;0.0111111111111111;0.0481810043739921
Unknown;0.2061158776824463;-0.3765432098765432;-0.5542175706698496
Unknown;0.2191556168876622;-0.4148148148148148;-0.5396263225737634
Unknown;0.1913961720765584;-0.4441558441558441;-0.5346256256217513
Medium;0.3393932121357573;0.1453201970443349;0.3853628737170437
Unknown;0.0655986880262394;0.4328358208955223;0.7063042125415443
Unknown;3.999920001599968e-05;0.7289719626168224;1.71900158348124
Unknown;0.1306773864522709;-0.4855072463768116;-0.6570213954879052
Unknown;0.8353832923341533;-0.2692307692307692;0.032436392734479
High;0.0231995360092798;0.4421641791044776;0.7981493850687149
Low;0.24087518249635;0.3288888888888889;0.5390906462507982
Unknown;0.864262714745705;0.0426065162907268;0.0684137136567186
Control;0.0002799944001119;0.8580246913580247;1.3011089613818192
Unknown;0.1635967280654386;-0.3623188405797101;-0.6067294388075892
Unknown;0.0089998200035999;-0.5319148936170213;-1.1508831105099686
Unknown;0.3339933201335973;-0.1394557823129251;-0.4231191039261209
Unknown;0.0010799784004319;-0.7638888888888888;-1.4205505434743757
High;0.0059198816023679;0.7155555555555555;1.2847642432605924
Unknown;0.0032799344013119;-0.6975308641975309;-1.338250506563078
Low;0.0007999840003199;0.753968253968254;1.2315230577481824
Unknown;0.1397172056558868;0.3469387755102041;0.6180153791978126
Unknown;0.8201435971280574;-0.0833333333333333;-0.0662168485223065
Low;3.999920001599968e-05;0.7782258064516129;1.4101797856274954
Medium;0.1498370032599348;0.3859649122807017;0.6114930933170413
Unknown;0.7010259794804103;-0.08;0.1571190000584446
Unknown;0.0887582248355032;0.360774818401937;0.686186362063794
Unknown;0.1768764624707506;0.4210526315789473;0.7522224913277484
Unknown;0.0720385592288154;-0.0212765957446808;-0.8723051566684796
Low;3.999920001599968e-05;0.84765625;1.7734968391393906
Unknown;0.3947521049579008;-0.3253968253968254;-0.3730044177363432
Unknown;0.0056398872022559;0.5223529411764706;0.9697093281008086
Unknown;0.0365192696146077;0.4733333333333333;0.7876115402060361
Unknown;0.3592728145437091;-0.3555555555555555;-0.4076718543175104
Control;0.6043879122417551;0.2666666666666666;0.2243742165897684
Medium;0.8325833483330334;-0.1240310077519379;0.1245624367697836
Control;0.0031199376012479;0.7484276729559748;1.1669303919899232
Unknown;0.0084398312033759;0.6180555555555556;1.0630651803834918
Unknown;0.3573128537429251;-0.3688888888888889;-0.4388753875223201
Unknown;0.0039199216015679;0.76;1.326273591541559
Control;0.0129597408051838;0.568922305764411;1.0086912183807
Unknown;0.0059998800023999;-0.4874213836477987;-1.2582226073729643
Unknown;0.0603587928241435;-0.52;-0.954438160038044
Medium;0.2980740385192296;-0.4081632653061224;-0.4608868579463568
Unknown;0.9169016619667608;0.1111111111111111;0.0557504079174593
Unknown;0.0888382232355353;0.5035460992907801;0.8676379161650098
High;0.4742305153896922;0.1266666666666666;0.3195076318825262
Unknown;3.999920001599968e-05;0.9325396825396826;1.7620707994510878
Unknown;0.0771184576308473;-0.4603174603174603;-0.7832210551342602
Unknown;0.4801503969920601;0.1666666666666666;0.314401189316552
High;0.0506789864202716;0.5409356725146199;0.7591470272046468
Unknown;0.7097858042839144;0.0566666666666666;0.1642632965329294
Unknown;0.1617167656646867;0.4119718309859155;0.5231626648860457
Unknown;0.0303193936121277;-0.2831168831168831;-0.8964327795332286
Medium;0.8973020539589208;0.0164705882352941;-0.0347658281483766
Unknown;0.9721405571888562;-0.0225563909774436;0.0301193694710538
Unknown;0.3175136497270054;0.3611111111111111;0.4344608844785116
Unknown;0.24507509849803;-0.1700680272108843;-0.5124115487857218
High;0.0027599448011039;0.6491228070175439;1.1517284643390535
Unknown;0.1453170936581268;0.4185463659147869;0.641656696282628
Unknown;0.0415191696166076;0.405320813771518;0.733256197834284
Unknown;0.0115997680046399;0.5928571428571429;0.989046873101353
Unknown;0.0138797224055518;0.7392290249433107;1.145479568608067
Unknown;0.4601507969840603;-0.3095238095238095;-0.2995030696326807
Unknown;0.749145017099658;-0.1156462585034013;-0.1385766940234233
High;0.0863182736345273;-0.4722222222222222;-0.7509621738686073
Unknown;3.999920001599968e-05;0.8112359550561797;1.6875069532696574
Unknown;0.3619127617447651;-0.4888888888888889;-0.4008219674705747
Low;0.0005599888002239;0.6928571428571428;1.266238290566029
Unknown;0.123237535249295;0.5376623376623376;0.7008267615210293
Medium;0.5266694666106678;-0.0376470588235294;-0.210961000927042
Control;0.0001199976000479;0.7122507122507122;1.3856124739528604
Low;0.0210795784084318;0.5733333333333334;0.9738194881297654
Unknown;0.24107517849643;-0.3194444444444444;-0.522287571197165
Unknown;3.999920001599968e-05;0.7754677754677755;1.5281170170502048
Unknown;0.0021199576008479;0.7222222222222222;1.439433341521543
Unknown;0.3437531249375012;0.2307692307692307;0.4182502568944715
Control;0.7714645707085859;0.0590277777777777;0.1433267936743837
Unknown;0.0017599648007039;0.6956521739130435;1.3456555217269512
Unknown;0.0481590368192636;0.4555555555555555;0.8307064030135018
Unknown;0.4423511529769404;0.1149425287356321;0.2562747647305128
Unknown;0.8529829403411932;-0.1231884057971014;-0.0857332349052523
Control;0.0745185096298074;0.5555555555555556;0.7585706887740582
Unknown;0.0267194656106877;0.3588588588588589;0.8385520274074458
Unknown;0.120397592048159;0.4232558139534884;0.7290804767620412
Low;0.5432691346173076;-0.270440251572327;-0.2528210038278565
Control;0.6655066898662026;-0.3255269320843091;-0.1652693916106206
Unknown;0.2349953000939981;-0.2566666666666666;0.4588797752179954
Unknown;0.0256394872102557;0.5316901408450704;0.8361052437270076
Medium;0.0202395952080958;-0.5070422535211268;-0.8891930255102626
Medium;0.24667506649867;-0.2;-0.5591033528321792
Unknown;0.0394792104157916;0.3968253968253968;0.7265242915508345
Unknown;0.0001199976000479;0.7012987012987013;1.3286937534444654
Unknown;0.6901061978760424;0.0869565217391304;0.1855209096459705
Unknown;0.0076798464030719;0.6180555555555556;1.2931837796154728
Unknown;0.6577868442631147;0.2898989898989899;0.0395420426124475
Unknown;0.1456370872582548;0.4236111111111111;0.6915946540131443
Unknown;0.0960380792384152;0.40625;0.7164256328330065
Unknown;0.0829183416331673;0.3695652173913043;0.6547619537868703
Unknown;0.4028319433611327;0.2350230414746544;0.3340359492012033
Low;0.0002799944001119;0.8541666666666666;1.7148556623347313
Unknown;0.0218795624087518;0.425531914893617;0.979189950070075
Control;0.1996360072798544;0.3933333333333333;0.5514598931936848
Unknown;0.0086798264034719;-0.6;-0.9925984566521632
High;0.0343193136137277;-0.5671641791044776;-0.8675402296620199
Unknown;0.9331013379732406;-0.2755102040816326;-0.0035783503979965
Unknown;0.0475990480190396;-0.4814814814814814;-0.8195490191949568
Unknown;0.7834243315133698;-0.1038461538461538;-0.1012500160321559
Unknown;0.1858362832743345;0.4305555555555556;0.5980446773095878
Unknown;0.2081158376832463;-0.3888888888888889;-0.5632849204225254
Unknown;0.2539549209015819;-0.0864197530864197;-0.5038398932006347
Unknown;0.0108397832043359;0.6464285714285715;0.9232488477816292
Unknown;0.0029999400011999;0.6904761904761905;1.3545986664077705
Unknown;0.0011999760004799;0.8366013071895425;1.6256555861298652
Unknown;0.0038799224015519;0.6797385620915033;1.168161244707573
Unknown;0.1057178856422871;-0.3301282051282051;-0.7238142879053869
Unknown;0.5150296994060118;0.1089743589743589;0.3029104032831909
Unknown;0.6108677826443472;-0.0136054421768707;-0.2132194114757375
Unknown;7.999840003199936e-05;0.8503401360544217;1.6900613157246689
Unknown;0.0417191656166876;-0.5032051282051282;-0.9376460132211686
Unknown;3.999920001599968e-05;0.9432624113475178;2.276405547075328
Low;0.0024799504009919;0.7021276595744681;1.3108621275006558
Unknown;0.0721185576288474;0.6111111111111112;0.8406617058726773
Unknown;0.4252314953700926;-0.2083333333333333;-0.3487972097581938
Unknown;0.5887882242355152;0.1777777777777777;0.2471145987711304
Unknown;0.0053598928021439;0.8222222222222222;1.488768773796442
Unknown;0.0021599568008639;0.4980237154150198;1.034311360327546
Control;0.9595808083838324;0.4389610389610389;0.0374995580182113
Unknown;0.3621127577448451;0.4418604651162791;0.3939759180623948
Unknown;0.0017599648007039;-0.6464891041162227;-1.3273300484008057
Unknown;0.0632787344253115;0.3710691823899371;0.8195526018547865
Unknown;0.0875582488350233;0.1918238993710692;0.8962874688801238
Unknown;0.3311533769324613;-0.3533333333333333;-0.427919289664322
Control;3.999920001599968e-05;0.8483606557377049;1.683154063502949
Unknown;0.5849483010339793;0.2986111111111111;0.2727789439275914
Unknown;0.1430771384572308;0.2333333333333333;0.5382571631011938
Unknown;0.2535549289014219;0.3103448275862069;0.4709654534665121
Unknown;0.0088798224035519;-0.7232704402515723;-1.3393909481462318
Low;3.999920001599968e-05;0.9506172839506172;1.782459179552386
High;0.0254794904101917;0.4764492753623188;0.7608004854771734
Unknown;0.0037599248015039;0.6;0.988532731394052
Unknown;0.0346793064138717;0.4489795918367347;0.9610802763031407
Unknown;0.8131437371252574;-0.0625;0.0960981333426237
Control;0.1481170376592468;0.3791208791208791;0.5701716931971781
Unknown;0.1950360992780144;0.2481203007518796;0.5155304208515427
Unknown;0.9461810763784724;0.0208333333333333;0.0280534281726358
Unknown;0.0035599288014239;0.6870748299319728;1.379301843717444
Unknown;0.0005599888002239;0.4390243902439024;0.8927060834082828
Unknown;3.999920001599968e-05;0.8900226757369615;1.8725150662220589
Unknown;0.8475030499390013;0.0767045454545454;0.0679029245572221
Control;0.3436731265374692;-0.0674698795180722;0.3227235350777516
Control;3.999920001599968e-05;0.9153846153846154;1.8625340660947236
Unknown;7.999840003199936e-05;0.8341013824884793;1.814935433935608
Unknown;0.75562488750225;0.12;-0.1285246331015206
Unknown;0.0028399432011359;0.7012987012987013;1.0991309799189306
Unknown;0.0794384112317753;0.6925925925925925;0.8500993833820755
Unknown;0.0029599408011839;0.7727272727272727;1.1268159187568612
Low;0.7127057458850823;-0.2026143790849673;-0.1287465724520971
Low;0.2302353952920941;0.4052287581699346;0.4701739306104567
Unknown;0.8267434651306974;-0.2585034013605442;-0.0856340759370089
Low;0.0675186496270074;0.419921875;0.6527099214220864
Unknown;0.0265194696106077;0.6666666666666666;0.9077097960539516
Unknown;0.0377192456150877;0.7375886524822695;0.988143604464964
Unknown;0.3485130297394052;-0.2133333333333333;-0.4142863869375599
Unknown;0.0921581568368632;-0.4577777777777778;-0.7927489825719667
Unknown;0.2265154696906061;0.375;0.4418781040248173
Unknown;0.6516269674606507;-0.1259259259259259;-0.1937506157810588
Low;0.0313593728125437;0.4933333333333333;0.8039301740491587
Unknown;0.0014399712005759;0.6029629629629629;1.2108893067575826
Unknown;0.0070798584028319;-0.7246376811594203;-1.3213066959529594
Low;0.1018379632407351;0.5555555555555556;0.7637082222305075
Unknown;0.4207515849683006;-0.1822222222222222;-0.3782212698235521
Control;0.120357592848143;0.1719512195121951;0.5044804781819965
Unknown;0.2741545169096618;0.2836879432624113;0.4880533776850035
Low;0.0069198616027679;0.6271186440677966;1.0523570479498328
Unknown;0.0540389192216155;-0.6355555555555555;-0.8616310827692849
Unknown;0.3906721865562689;0.2246376811594203;0.3640582241465739
Unknown;0.0018399632007359;-0.7422222222222222;-1.555652737548345
Unknown;0.0158396832063358;0.4423963133640553;0.9443824843460256
Unknown;0.2367952640947181;-0.4094202898550724;-0.523505645802712
Unknown;0.3505929881402372;-0.3481481481481481;-0.4101563310526369
Unknown;0.0022399552008959;0.8148148148148148;1.3787014298697158
Unknown;0.117837643247135;0.5634920634920635;0.747099156280264
Control;0.0002399952000959;0.7843137254901961;1.237785536605409
Unknown;0.0418391632167356;0.5486111111111112;0.8769497290965798
Unknown;0.0549989000219995;0.4733333333333333;0.8420312195753278
Unknown;0.0444391112177756;0.4976958525345622;0.7777934687850667
Unknown;0.5432691346173076;-0.1798941798941798;-0.2438343397291121
Unknown;0.5903481930361393;-0.1555555555555555;0.2448119551937173
Unknown;0.3535129297414052;-0.3478260869565217;-0.4044906713999375
Medium;0.9427811443771124;0.0133333333333333;0.0332787629853389
Unknown;0.0507589848203035;-0.3018867924528302;-0.8338339179656253
Unknown;0.4571508569828603;0.1594202898550724;0.3246848265900235
Unknown;0.0789584208315833;0.3851851851851852;0.8025417090149407
Unknown;0.2207155856882862;-0.3442028985507246;-0.5421505215725789
Unknown;0.1021979560408791;-0.2314049586776859;-0.5187916033819079
Medium;0.8288234235315294;-0.1466666666666666;-0.114512201938524
Unknown;0.125117497650047;0.4236111111111111;0.6996689336057716
Control;0.127277454450911;0.475177304964539;0.6361320652278668
Unknown;0.2236755264894702;0.3653846153846153;0.5356149916941096
Unknown;0.0005199896002079;0.7753623188405797;1.849670353500567
High;0.0012799744005119;0.7246376811594203;1.5800956236676222
Medium;0.3286334273314534;0.1666666666666666;0.4333449138033328
Unknown;0.877382452350953;-0.0784313725490196;0.1148790912996882
Unknown;0.2147157056858862;-0.3464052287581699;-0.5389710753006384
High;0.6169476610467791;0.0144927536231884;-0.2083758330235056
Unknown;0.0355992880142397;0.532051282051282;0.8161446917380213
Unknown;0.1343973120537589;-0.524822695035461;-0.6185180876948866
Unknown;0.0087598248035039;0.5782312925170068;0.938718053435052
Unknown;0.0135997280054398;0.5972222222222222;1.3034728582422022
Unknown;0.0109597808043839;0.5;0.8099874418652387
Unknown;0.7224255514889703;-0.0347222222222222;-0.1474313117820327
Unknown;0.2857142857142857;-0.3454545454545454;-0.4381519336553367
Unknown;0.0051198976020479;-0.4706439393939394;-0.9398797805033728
Unknown;0.3228335433291334;-0.1059907834101382;-0.4037178812239954
Unknown;0.122077558448831;0.1278195488721804;0.9532595189348212
Unknown;0.0552788944221115;0.450354609929078;0.8791121484657317
Control;0.0203195936081278;0.5070921985815603;0.9544459692493108
Unknown;0.2273954520909581;0.1328125;0.4547543024253223
Unknown;0.0087998240035199;0.5357142857142857;1.1427671993510602
Unknown;0.0679586408271834;-0.4782608695652174;-0.7638519275799689
Unknown;0.0224395512089758;0.6177777777777778;1.1234653317720118
Unknown;0.0042799144017119;0.5946969696969697;1.0234214160126651
Unknown;7.999840003199936e-05;-0.8115942028985508;-2.0084037957384293
Unknown;0.0313993720125597;0.5652173913043478;0.7355466208698486
Medium;3.999920001599968e-05;0.8420569329660239;1.5554740444757709
Unknown;0.9566608667826644;-0.0025062656641604;0.0200312285000719
Unknown;0.0316793664126717;0.4049295774647887;0.7759023645522637
Unknown;0.2279554408911821;0.217391304347826;0.5409250846840482
Low;0.0132797344053118;-0.6962962962962963;-0.9888577363070418
Unknown;0.1593568128637427;0.2977207977207977;0.4931594593956726
Medium;0.0139197216055678;0.4342857142857143;0.9476989116297468
Unknown;0.0225195496090078;0.5047619047619047;0.8327624144310888
Unknown;0.0523989520209595;0.5157232704402516;0.7705872631844448
Unknown;0.114997700045999;0.6379310344827587;0.7146120704948381
Unknown;0.0236795264094718;0.4902439024390244;0.8010696776158862
Unknown;0.5992680146397072;0.1217391304347826;0.2477266023049193
Control;0.3531129377412452;0.1856060606060606;0.3552551830945802
Control;0.7429851402971941;0.2074074074074074;0.1539093428447535
Unknown;0.6315073698526029;-0.0849673202614379;-0.2086543492621873
Unknown;0.0016799664006719;0.6054421768707483;1.2232622852670434
Unknown;0.2704345913081738;-0.2129629629629629;-0.4590621949068926
Unknown;0.5338293234135317;-0.238095238095238;-0.3398808966610558
Unknown;0.2701145977080458;0.3566666666666667;0.4833690794718886
Unknown;0.2668346633067339;0.435064935064935;0.4488570298763645
Medium;3.999920001599968e-05;0.7688888888888888;2.0943382653603817
Unknown;0.0005199896002079;-0.8233766233766234;-1.5657883435121345
Control;0.0120397592048159;0.5285714285714286;1.0515865767702193
Unknown;0.4103517929641407;-0.3081761006289308;-0.3506781132936881
Medium;7.999840003199936e-05;0.7797619047619048;1.082632549067531
Unknown;0.0784784304313913;-0.5374149659863946;-0.8488708242231732
Unknown;0.2625547489050219;-0.2654320987654321;-0.4911464203980072
Low;0.3521129577408451;0.1672240802675585;0.2736284093731322
Unknown;0.0272394552108957;0.7916666666666666;1.154841888631989
Medium;0.0001999960000799;0.762962962962963;1.4152109274825446
Unknown;0.7221055578888422;0.2103174603174603;0.1052947726750098
Unknown;0.2957940841183176;0.0933333333333333;0.352697299507077
Unknown;0.0052798944021119;-0.4607237422771403;-0.9000374547626893
Unknown;3.999920001599968e-05;0.8592233009708737;1.4511598554324148
Control;0.627227455450891;0.4097222222222222;0.2262462448294728
Unknown;0.0103597928041439;-0.7511111111111111;-1.3058970796778977
Unknown;0.1035579288414231;0.4790697674418605;0.7924569240210215
Unknown;0.1435571288574228;-0.4333333333333333;-0.6882124036802872
Unknown;0.9510609787804244;0.0691358024691358;0.0273728762975871
Unknown;0.983260334793304;-0.0204081632653061;-0.0010191505977541
Unknown;0.0087998240035199;-0.6977777777777778;-1.348288597615754
Unknown;0.0007199856002879;-0.78;-1.6353039565189302
Control;0.0012399752004959;0.7133333333333334;1.5326361605409573
Unknown;3.999920001599968e-05;0.8796992481203008;2.0725195071990408
Unknown;0.1721565568688626;-0.2698412698412698;-0.4768847472160335
Unknown;0.0067598648027039;0.52;1.3195101880664477
Unknown;0.3300333993320133;-0.3209876543209876;-0.4241484384318468
Low;0.9374212515749684;-0.0311111111111111;0.0198120671596094
Unknown;0.119837603247935;0.4695652173913043;0.7690159614729184
Unknown;0.3912321753564928;-0.0927318295739348;-0.3408989736126951
Unknown;0.2040359192816143;-0.4347826086956521;-0.5496818887957136
Unknown;0.7694246115077699;-0.0496453900709219;-0.1240410930138131
Unknown;0.2273154536909261;-0.3888888888888889;-0.5394773645357884
Unknown;0.1914361712765744;-0.1777777777777777;-0.5925033247304193
Unknown;0.9553808923821524;0.0035460992907801;0.0329615346902485
Unknown;0.1361572768544629;-0.4148148148148148;-0.6719592288622562
Unknown;3.999920001599968e-05;0.925925925925926;3.408461233410965
Unknown;0.4745905081898362;0.1231884057971014;0.3101199883542344
Unknown;0.0181996360072798;0.5971896955503513;0.7520893969916247
Unknown;0.7053858922821543;-0.2013888888888889;-0.1485583780009822
Unknown;0.7920241595168097;-0.3809523809523809;-0.1185579450516842
Unknown;0.5714285714285714;0.1446540880503144;0.264113393870563
Unknown;0.996180076398472;0.1276595744680851;-0.0590105672595283
Unknown;0.1020779584408311;-0.3015873015873015;-0.680734982874984
Unknown;0.7333853322933541;-0.0597402597402597;-0.1341655973981167
Unknown;0.0479190416191676;-0.6444444444444445;-1.012095783571556
Unknown;0.0001599968000639;0.7974025974025974;1.6288217071732758
Unknown;0.2543949121017579;-0.0408163265306122;0.4902523782341197
Unknown;0.0185996280074398;-0.7101449275362319;-1.0524698171387068
Unknown;0.0194796104077918;-0.644927536231884;-1.2606395654141658
Medium;0.7703045939081219;0.1942307692307692;0.1323677023735708
Unknown;0.4430711385772284;-0.2553191489361702;-0.3286982808418096
Unknown;0.9591408171836564;-0.0628930817610062;-0.0044129772172118
Medium;3.999920001599968e-05;0.7078272604588394;0.9769356205001156
Unknown;0.0012399752004959;-0.7124183006535948;-1.4732193985112645
Unknown;0.5543889122217556;0.1258503401360544;0.2682678643699168
Unknown;0.0469190616187676;-0.6535947712418301;-0.9731778569239644
High;0.0192396152076958;0.5644444444444444;0.7982538939144067
Control;0.7927041459170816;0.0875;0.1036613855677624
Unknown;0.0148397032059358;-0.5786163522012578;-1.1163578731292998
Unknown;0.0044799104017919;-0.6764705882352942;-1.282806029691524
Unknown;0.0001199976000479;0.8977777777777778;1.2954254767745688
Unknown;0.2721945561088778;-0.0485074626865671;0.4028076998066555
Unknown;0.4388712225755485;-0.1298701298701298;-0.3112980821792517
Unknown;0.1045179096418071;-0.3466666666666667;-0.7512895861634623
Control;3.999920001599968e-05;0.8409090909090909;1.2526375204867195
Unknown;0.0283594328113437;0.5407407407407407;1.0418977852850195
Unknown;0.500109997800044;-0.1322751322751322;-0.2592697906524784
Unknown;0.121677566448671;-0.4814814814814814;-0.7154114858464484
Unknown;0.0045199096018079;0.6879432624113475;1.172069838922409
Unknown;0.9676606467870642;-0.1418439716312056;-0.0334188242346302
Unknown;0.0316393672126557;0.5133333333333333;0.9671606089306988
Low;0.0663986720265594;-0.3645320197044335;-0.8005775448287665
Unknown;0.2205955880882382;0.4838709677419355;0.4976786815112761
Low;0.3513129737405251;0.2222222222222222;0.4096429215759055
Unknown;0.9449411011779764;-0.0512820512820512;-0.0278053291485972
Unknown;0.1003179936401272;0.4044444444444444;0.7612061228736277
Unknown;0.2308353832923341;-0.2965116279069767;-0.6743011253565013
Control;0.0005999880002399;0.7592592592592593;1.0627659197713872
Low;0.0088398232035359;0.7155555555555555;1.18459652227694
Unknown;0.1045179096418071;0.463768115942029;0.6998184504912204
Control;0.0013199736005279;0.7777777777777778;1.2078861164649184
Unknown;0.0197996040079198;-0.3777777777777777;-0.8784508145677428
Unknown;0.3543929121417571;0.3061224489795918;0.396269960106377
Unknown;0.2586348273034539;-0.2243589743589743;-0.4956112859020349
Unknown;3.999920001599968e-05;0.6612149532710281;1.5648342001399342
Unknown;0.0127997440051198;-0.6972789115646258;-1.1368993454536442
Unknown;0.3633927321453571;-0.3383458646616541;-0.3690954782280565
Unknown;0.0090398192036159;0.7244444444444444;1.1935520754574749
Low;0.3233135337293254;0.2291666666666666;0.4348096863028277
Control;0.8913421731565369;-0.2176870748299319;-0.0319362018901784
Unknown;0.6733865322693546;-0.06006006006006;-0.1395708311910728
Unknown;0.0013999720005599;0.7291666666666666;1.3294653272609032
Unknown;7.999840003199936e-05;0.8553459119496856;1.4201621841826253
Unknown;0.0315993680126397;0.5729166666666666;0.9076068832690356
Unknown;0.0886382272354553;0.1805555555555555;1.1028976024197925
Unknown;0.0044399112017759;0.6811594202898551;0.9013004528769404
Low;0.75462490750185;-0.0133333333333333;0.1526981361299758
Unknown;0.5510289794204116;-0.1938775510204081;-0.2673853394045182
Control;0.1077578448431031;-0.5061728395061729;-0.7448196378751801
Unknown;0.0308793824123517;-0.6811594202898551;-1.060537628493373
Low;0.0302793944121117;0.4199134199134199;0.785371056943415
Unknown;0.0015199696006079;0.5416666666666666;1.28978518915644
Unknown;0.0353992920141597;-0.5377777777777778;-0.991915695427012
Unknown;0.7426651466970661;0.0952380952380952;0.1444538421974349
Unknown;0.4667506649867002;-0.1964285714285714;-0.2824549617836604
Unknown;0.0096398072038559;0.6382978723404256;1.054737530653331
Medium;0.0027199456010879;0.7028985507246377;1.3315045513570063
Unknown;0.0587588248235035;-0.4711779448621553;-0.7734690206170699
Unknown;0.0145997080058398;0.6797385620915033;0.8759570041220567
Unknown;0.5926281474370513;-0.2056737588652482;0.2127510009702717
Unknown;0.0027999440011199;0.6650246305418719;1.103448900759667
Low;0.0213595728085438;0.3880952380952381;0.7435983930320007
Unknown;0.1787164256714865;0.2740740740740741;0.5902827323798484
Unknown;0.3095938081238375;0.2101123595505618;0.3424162282629509
Medium;3.999920001599968e-05;0.845925925925926;1.5992053101130346
Unknown;0.0006399872002559;0.7576530612244898;2.046631977839009
Unknown;0.0003999920001599;0.6666666666666666;1.1025488375119774
Unknown;0.0059198816023679;-0.6794871794871795;-1.2179121087043565
Unknown;7.999840003199936e-05;-0.8333333333333334;-1.6633125047212192
Unknown;0.0011999760004799;-0.7533333333333333;-1.6106184138090935
Unknown;0.0880782384352313;-0.5306122448979592;-0.7707803414252109
Control;0.1554768904621907;0.2593023255813954;0.4694345974439144
Low;0.0015199696006079;0.5864135864135864;1.0347176354017644
Unknown;0.5155496890062199;-0.0238095238095238;0.2754055537565144
Unknown;0.8110237795244095;0.1217948717948717;0.1177973350938894
Unknown;0.8971420571588569;-0.0354609929078014;-0.0529514972204838
Unknown;0.3287534249315014;-0.1914893617021276;-0.4313575867126212
Unknown;0.0030399392012159;-0.7435897435897436;-1.3771695001738082
Low;0.0182396352072958;0.7704081632653061;1.1393883521225023
Unknown;0.8389432211355773;0.0275689223057644;0.077698562436769
Unknown;0.0020399592008159;-0.7422222222222222;-1.7107316985373038
Low;0.7572648547029059;-0.0888888888888888;-0.1020364463844349
Unknown;0.5282694346113078;0.2051948051948052;0.2653041227277126
Control;0.0171196576068478;0.5035460992907801;1.0965658391769375
Unknown;0.0677586448271034;0.3316326530612244;0.7874770546441251
Unknown;0.126677466450671;-0.1629629629629629;-0.7265089444420468
Medium;0.8935021299574009;0.0845588235294117;0.0589603056902133
Low;0.0044799104017919;0.6729559748427673;1.0665255506040967
Unknown;0.0592388152236955;-0.457516339869281;-0.8212725199109843
Unknown;0.0088398232035359;0.574468085106383;1.1593992865024132
Unknown;0.0968780624387512;0.4488888888888889;0.7670989867563179
Unknown;0.6519069618607628;-0.16;0.1894239596279465
Unknown;0.0053598928021439;-0.6376811594202898;-1.016767392598127
Control;0.0002399952000959;0.8364779874213837;1.3201673571897303
Unknown;0.0624787504249915;0.3773041474654378;0.5425574995740015
Low;0.0005999880002399;0.8012820512820513;1.3512829600439684
Unknown;0.0651586968260634;-0.4513888888888889;-0.8654663763626059
Unknown;0.0253194936101277;0.3550724637681159;1.2922864087075931
Low;0.0001199976000479;0.557190635451505;1.1479982612333406
Unknown;0.0020799584008319;0.5241779497098646;0.9121430096132254
Unknown;0.7382252354952901;-0.1037037037037037;0.1277929036972334
Low;0.0008399832003359;0.7038961038961039;1.2599316833370908
Medium;0.0404391912161756;0.4673913043478261;0.8640903943858455
Unknown;0.125117497650047;-0.0125786163522012;-0.7294268976892516
Unknown;0.0631587368252634;-0.5466666666666666;-0.937771019342759
Control;0.2666346673066538;0.2708333333333333;0.4986999353276639
Low;0.0019199616007679;0.7142857142857143;1.5512932381128508
Unknown;0.0014799704005919;0.6540880503144654;1.1993410162813454
Unknown;0.3109937801243975;0.5782312925170068;0.4124088586581914
Unknown;0.7612247755044899;0.0994897959183673;0.1277221287771446
Medium;0.0974380512389752;0.6419753086419753;0.8326074098504448
Control;0.0041999160016799;0.6326530612244898;1.018759435906475
High;0.0435591288174236;0.4266929651545036;0.6159154888447755
Unknown;0.0379992400151997;0.394927536231884;0.7756321913930024
Unknown;0.9215415691686166;0.1164772727272727;0.0273401992387668
Unknown;0.0667586648267034;-0.3298611111111111;-0.7274151147915789
Unknown;0.6425871482570349;-0.425531914893617;0.1255632690689642
Unknown;0.0214395712085758;-0.5555555555555556;-1.0081273408211984
Unknown;0.9469410611787764;0.0163265306122449;-0.0497944026106663
Control;0.0030799384012319;0.7278911564625851;1.1590605252417865
Unknown;0.0083198336033279;-0.7155555555555555;-1.4436010544310662
Low;0.0520789584208315;0.3541666666666667;0.5910234722952615
Unknown;0.0003599928001439;0.6785714285714286;1.3435100667951951
Unknown;0.2095558088838223;-0.4202898550724637;-0.5700564546290104
Low;0.7551048979020419;-0.1792207792207792;-0.1188769200648174
High;0.0373592528149437;-0.25;-1.0386312426039328
Unknown;0.0023999520009599;0.5350978135788262;0.9790479114917604
High;0.0024399512009759;0.7291666666666666;1.3927833897487014
Low;0.0005599888002239;0.7870370370370371;1.2225612573297189
Unknown;0.5333093338133237;0.0072463768115942;0.2716249922671445
Unknown;0.0240795184096318;0.5372907153729072;0.8494467102178181
Unknown;0.1835563288734225;0.2888888888888888;0.5884662342857462
Unknown;0.1657566848663026;0.3617021276595745;0.605308827866057
Unknown;0.0023199536009279;0.4203125;0.7995699805640512
Unknown;0.0035999280014399;0.6604938271604939;1.1087576276925677
Unknown;0.0073198536029279;0.6666666666666666;0.9261839648313258
Unknown;0.0013999720005599;0.7189542483660131;1.3498038089589963
Unknown;0.0002399952000959;0.686698717948718;0.9743949594736994
Unknown;0.2852342953140937;-0.3185185185185185;-0.4544561644110225
Unknown;0.98530029399412;0.0952380952380952;-0.0286870029595732
Unknown;0.0647987040259194;-0.6;-0.9708842371546278
Low;0.1453170936581268;-0.4285714285714285;-0.6569984332409852
Unknown;0.5604287914241716;0.2101449275362318;0.2800933908663994
Unknown;0.2347153056938861;-0.16;-0.5981385361841458
Unknown;0.0169196616067678;0.52734375;0.956721546705062
Unknown;0.4631507369852602;-0.1354166666666666;-0.3269620826824655
Unknown;0.1848763024739505;0.3909090909090909;0.6643536917407086
Unknown;0.0510789784204315;0.1347517730496454;1.155724178625334
Unknown;0.0001999960000799;-0.6370370370370371;-2.3453076112395053
Unknown;0.3167936641267174;0.3555555555555555;0.4889019519802717
Unknown;0.8323833523329534;-0.0933333333333333;-0.0827030974165495
Unknown;0.1463970720585588;-0.2777777777777778;-0.5258414565344792
Control;0.3169536609267814;-0.0306122448979591;-0.4296904751841759
Unknown;0.2933141337173257;-0.2397094430992736;-0.4242091285490461
Control;0.9126217475650488;0.1141552511415525;0.0404569315167097
Unknown;0.0604787904241915;0.1666666666666666;0.7362685084752906
High;0.0013199736005279;0.5734265734265734;0.9495566256360158
Unknown;0.1470370592588148;-0.5022222222222222;-0.6940460251327792
Medium;0.0127997440051198;0.5345622119815668;0.9531396588197388
Unknown;0.0471590568188636;0.2689393939393939;0.935539794697238
Unknown;0.0503189936201275;0.316006600660066;0.5734029064048247
Unknown;0.1445971080578388;-0.2301587301587301;-0.6296098816171662
Control;0.0045599088018239;-0.5447530864197531;-0.9813595246257228
Medium;0.0053598928021439;0.625;1.100880758802822
Unknown;0.4450310993780124;-0.3120567375886525;-0.3221781394673878
Unknown;0.0171196576068478;-0.7;-1.1673405838298367
Unknown;0.0375592488150237;-0.41796875;-0.8028286038242973
Unknown;0.4545509089818204;0.1985815602836879;0.3246019069131182
Unknown;0.8423431531369373;0.1418439716312056;0.0532339229940513
Unknown;0.0037199256014879;0.6041666666666666;0.8482082506425368
Unknown;0.0261994760104797;0.434640522875817;0.9844525777482992
Unknown;0.1639967200655986;0.4046511627906977;0.6434072744351403
Unknown;0.0047599048019039;0.5865384615384616;1.0852367900548476
Unknown;0.245515089698206;0.1592592592592592;0.4113617630379915
Unknown;0.2905141897162057;-0.1884057971014492;-0.4615991899869531
Unknown;0.1867962640747185;-0.3866666666666666;-0.6475574840592985
Unknown;0.5256294874102518;0.1785714285714285;0.2516745594080055
Unknown;0.1385172296554069;-0.2708333333333333;-0.6614609036446708
Unknown;0.4446711065778684;0.2687074829931973;0.3298452633439182
Unknown;0.0280794384112317;0.3993055555555556;1.139295045325288
Unknown;0.0003599928001439;0.782608695652174;1.4157582713345973
Low;3.999920001599968e-05;0.7848484848484848;1.6393796586699914
Unknown;0.0006399872002559;0.7142857142857143;1.049233487426564
Unknown;0.0265994680106397;-0.576530612244898;-0.959490012216252
Unknown;0.1759164816703665;0.4962962962962963;0.6471148908637306
Unknown;0.8459430811383772;0.189516129032258;0.0620387026984489
Unknown;0.0427191456170876;0.4629629629629629;0.9089437615931256
Unknown;0.0017999640007199;0.7741935483870968;1.2282113521102966
Unknown;0.0079998400031999;0.7333333333333333;0.9291905141612558
Unknown;0.740745185096298;0.1111111111111111;0.0898256581122887
Low;0.509429811403772;0.0266666666666666;-0.3240880935511659
Unknown;0.8470630587388253;-0.0888888888888888;-0.1009665606962378
Unknown;0.3215535689286214;0.012531328320802;0.4006671491676689
Unknown;7.999840003199936e-05;0.7297297297297297;1.1226930232496095
Unknown;0.988940221195576;0.0133333333333333;0.0029416153825219
Unknown;0.6575868482630347;0.1739130434782608;0.1928710335509062
Unknown;0.125397492050159;-0.5111111111111111;-0.7654994298400205
Unknown;0.0018799624007519;0.75;1.4516177166375628
Unknown;0.5716685666286674;-0.0725;-0.1747636144831681
Unknown;0.112757744845103;0.1407407407407407;0.8128351586646358
High;0.0237995240095198;0.4819277108433735;0.724237713687974
Unknown;0.7720645587088258;0.0222222222222222;-0.1050163503049245
Unknown;0.3128337433251335;0.2736077481840194;0.4096515628305455
Unknown;0.0027999440011199;0.7301587301587301;1.2798203407165412
Unknown;0.120717585648287;0.3849878934624697;0.6214044979803227
Low;0.0537989240215195;0.3825757575757575;0.7459394759295277
Medium;0.8297034059318814;-0.0448717948717948;-0.059264322342606
Unknown;0.874302513949721;0.0133333333333333;0.079515296867227
Unknown;0.0647587048259034;0.3634085213032581;0.7467284153818935
Unknown;0.371832563348733;-0.3298701298701298;-0.3614693819444083
Unknown;0.0293994120117597;0.4861111111111111;0.971125499036611
Unknown;0.0585988280234395;-0.4475308641975308;-0.6703618350116805
Control;0.5685486290274194;0.1171171171171171;0.2106260361904726
Unknown;0.5513889722205556;0.0816326530612244;0.2411397408492044
Control;0.0001599968000639;0.8827160493827161;1.975420480916274
Unknown;0.0062893081761006;-0.5686274509803921;-1.9157304682049507
Unknown;0.6335473290534189;0.1277777777777777;0.1737722165924917
Unknown;0.1571968560628787;0.3875968992248062;0.6174873225972451
Unknown;0.0198396032079358;0.6020408163265306;0.9916936255827028
Unknown;0.0097598048039039;0.5381944444444444;0.923438982666577
Unknown;0.4694706105877882;-0.2244897959183673;-0.3143979027694044
Unknown;0.1588368232635347;0.7832512315270936;0.7028021525628692
Unknown;0.875542489150217;0.0612244897959183;0.0754992571545708
Medium;0.3545129097418051;0.3395883777239709;0.2656338138732102
Unknown;0.0013999720005599;0.7037037037037037;1.412425922763651
Low;0.9254214915701686;-0.0436507936507936;-0.0121747947682811
Unknown;0.0027199456010879;0.6224489795918368;1.342993669251085
Unknown;0.9291814163716726;-0.2789855072463768;0.044568633907646
Unknown;0.8510629787404252;-0.1777777777777777;-0.0651258475062031
Low;0.75882482350353;-0.2733333333333333;-0.1119941403440781
High;0.0004399912001759;0.6604477611940298;1.17948407185991
Unknown;0.4380712385752285;-0.1949685534591195;-0.3549018026110745
Unknown;0.1425770308123249;-0.5555555555555556;-0.8977956267645759
Unknown;0.1881962360752785;-0.3671875;-0.5046475521435418
Unknown;0.9054618907621848;-0.0755555555555555;-0.0272574116552553
Unknown;0.3795524089518209;0.2549019607843137;0.3484684743495699
Medium;0.0408791824163516;0.6224489795918368;0.9437627571741696
Unknown;0.3600727985440291;0.4355555555555555;0.4320937542425705
Unknown;0.625227495450091;-0.25;-0.1966855458708196
Unknown;0.7174256514869702;-0.122077922077922;-0.1468933982957405
Low;0.3876322473550529;0.2881944444444444;0.3427645795735526
Unknown;0.0007599848003039;0.6237037037037036;1.0876666284266008
Medium;0.0009999800003999;0.475;0.8778697700864373
Unknown;0.627467450650987;-0.2148148148148148;0.2089962090737302
Medium;0.0505189896202075;0.408695652173913;0.9121040595835516
Unknown;0.0306793864122717;0.574468085106383;0.8633836163806088
Unknown;0.0532389352212955;-0.5072463768115942;-0.8336160058031401
Unknown;0.0075998480030399;-0.4858585858585859;-0.859081785700193
Unknown;0.3283534329313414;0.3383458646616541;0.3818855142071836
Unknown;0.1295974080518389;0.3226950354609929;0.6664448546267647
Unknown;0.0345193096138077;0.3825757575757575;0.8799312221182124
Unknown;0.3836323273534529;0.0814814814814814;0.3752898323922355
Unknown;0.0467190656186876;-0.3971631205673759;-1.014825534575189
Unknown;3.999920001599968e-05;1.0;2.149026864097177
Unknown;0.1753564928701426;-0.4755555555555555;-0.6577154292199873
Unknown;0.0467590648187036;-0.4933333333333333;-1.0401881777358193
Unknown;0.0906781864362712;-0.4592592592592592;-0.7030331988281614
Unknown;0.5233895322093558;0.0780312124849939;0.1798652537006648
Unknown;0.0755984880302394;-0.5466666666666666;-0.8466297613455764
Unknown;0.7733045339093219;0.0144927536231884;-0.1079514871475047
Unknown;0.2263954720905582;0.412987012987013;0.5335914675202154
Unknown;0.754064918701626;-0.3333333333333333;0.0351649842405001
Unknown;0.0003999920001599;0.9142857142857144;1.4569179146481657
Unknown;0.2946741065178696;-0.1785714285714285;-0.4286277397082157
Medium;0.1453170936581268;0.4313725490196078;0.6019619834491317
Unknown;0.0692386152276954;-0.5102040816326531;-0.8373530107769359
Unknown;0.3846723065538689;0.2545454545454545;0.2798280790705404
Low;0.0004799904001919;0.7543859649122807;1.686049017180306
Unknown;0.5202295954080919;0.0814814814814814;0.2638816278455546
Medium;0.2780344393112138;0.1583333333333333;0.386360858275545
Unknown;0.8859357696566998;0.2926829268292683;0.0302866285962156
Unknown;3.999920001599968e-05;0.9375;2.0926656862801134
Unknown;0.3458330833383332;-0.3333333333333333;-0.4102035625720781
Unknown;3.999920001599968e-05;0.9347826086956522;2.380441786772461
Low;0.0027599448011039;0.6728110599078341;1.221096634002797
Unknown;0.0027999440011199;0.5783132530120482;1.0752647354803184
Unknown;0.2157156856862862;-0.3401360544217687;0.6217127382384225
Unknown;0.0289594208115837;-0.6666666666666666;-1.127529379916224
Unknown;0.0054398912021759;0.1388888888888889;1.5048753528193188
Unknown;0.4202315953680926;0.2533333333333333;0.3544181295632791
Unknown;0.8874622507549849;-0.2056737588652482;0.030526969231908
Unknown;0.0001599968000639;0.6181818181818182;1.345015917461533
Unknown;0.1075578488430231;0.6938775510204082;0.8610001838789505
Unknown;0.5947881042379153;0.2222222222222222;0.1070274045288049
Unknown;0.0015599688006239;0.6879432624113475;1.7096787839224938
Control;0.0165196696066078;0.5289855072463768;1.1451944005450887
Control;7.999840003199936e-05;0.8214285714285714;1.4148825422261897
Medium;0.5099898002039959;0.2191358024691358;0.2995601224451071
Unknown;0.6045479090418192;-0.0625;-0.207343499769237
Unknown;0.0706385872282554;0.5111111111111111;1.094551066845992
Unknown;0.9613407731845364;-0.0037037037037037;-0.0036360082984332
Control;0.0046399072018559;0.64;1.23514191492131
Control;0.0065598688026239;0.4789915966386555;1.090080071927172
Low;0.8057038859222816;0.0208333333333333;0.128938265399782
Unknown;0.4089918201635967;-0.0567375886524822;-0.3533925698787553
Unknown;0.0335593288134237;-0.6266666666666667;-1.0440284112769287
Unknown;0.7798244035119297;-0.1679197994987468;-0.1035182789580348
Unknown;0.2971540569188616;-0.1904761904761904;-0.4586683126549079
Unknown;0.9447411051778964;-0.0311688311688311;0.0075748883701412
Unknown;0.0222795544089118;-0.6209150326797386;-1.046867196446763
Unknown;0.0979580408391832;0.8311111111111111;0.9399067256738288
Unknown;0.6996660066798664;0.2327044025157232;0.1766284237147553
Unknown;0.0039999200015999;0.673202614379085;1.1729090129926778
Unknown;0.0738385232295354;0.5481481481481482;0.7677456922722942
Unknown;0.1273174536509269;-0.4038461538461538;-0.6814462220832919
Unknown;0.7786644267114657;-0.2083333333333333;-0.1328696192857242
Unknown;0.6028279434411312;-0.1089743589743589;0.1938971817279614
Unknown;0.0001199976000479;-0.9266666666666666;-2.11999152019237
Unknown;7.999840003199936e-05;0.875;2.3197967870044214
Unknown;0.0272394552108957;-0.5703703703703704;-0.8862592468593913
Control;0.9308213835723286;-0.1623931623931624;-0.0095977592368799
Unknown;0.1442771144577108;-0.2777777777777778;-0.5323306117574793
Unknown;0.0707985840283194;-0.4202898550724637;-0.8208243456625345
Control;0.8877422451550969;0.1194805194805194;-0.0239278288732636
Unknown;0.0123597528049439;0.6594202898550725;1.2730881070557307
Unknown;0.3167136657266854;0.1666666666666666;0.4309621919843998
Low;0.0340393192136157;-0.4387755102040816;-0.8909339863698205
Unknown;0.0577988440231195;0.5238095238095238;0.86633342371734
Unknown;0.0003599928001439;-0.7193877551020408;-1.294292669605612
Unknown;0.0007599848003039;0.95703125;1.424605343084569
Low;0.0109597808043839;0.4379310344827586;0.8177574499932638
Control;0.0003999920001599;0.7708333333333334;1.668812850888076
Unknown;0.6434671306573868;-0.1014492753623188;-0.2093790250523756
Control;0.979820403591928;-0.0435835351089588;-0.0090903637454563
Unknown;0.0017599648007039;-0.7866666666666666;-1.6922799110234417
Unknown;0.0954380912381752;0.3764044943820224;0.5586172349256249
Unknown;0.0205595888082238;-0.4848484848484848;-0.9041578075645816
Medium;0.3359532809343813;0.0283687943262411;-0.460566551148841
Unknown;0.1995960080798384;0.5116279069767442;0.5965363770824117
Unknown;0.0477990440191196;0.2777777777777778;0.8531270608455046
Medium;0.114077718445631;0.2777777777777778;0.602861327933333
Unknown;0.0106797864042719;0.5833333333333334;1.1992786146711545
Low;0.996260074798504;0.0555555555555555;-0.0015176945536034
Unknown;0.5378292434151317;-0.1418439716312056;0.2558724954686616
Unknown;0.0092798144037119;-0.5204081632653061;-1.1391589227322068
Unknown;0.1609967800643987;0.3765432098765432;0.619919165127341
Unknown;3.999920001599968e-05;0.8835978835978836;1.4884473245028251
Unknown;0.0003599928001439;-0.8;-1.5154061869847135
Unknown;0.5609087818243635;0.1159420289855072;-0.2657392022094422
Unknown;0.0035999280014399;0.6518518518518519;1.2410340810247384
High;0.0001599968000639;0.8068181818181818;1.6002171461177497
Unknown;0.4607107857842843;-0.3333333333333333;-0.3092251268588194
Unknown;0.0059198816023679;-0.7066666666666667;-1.527696229143361
Unknown;0.0764784704305913;-0.4202898550724637;-0.8455772023032011
Unknown;0.1617167656646867;-0.4;-0.6839275658018897
Unknown;0.0031999360012799;0.6764705882352942;1.153075197739845
Unknown;0.119917601647967;-0.4844444444444444;-0.7317109192111159
Unknown;0.0003999920001599;-0.8442028985507246;-1.9255498499663424
Unknown;0.0417191656166876;0.362962962962963;0.7088024776194144
Unknown;0.0193596128077438;-0.42;-1.1759276169813075
Unknown;0.0007599848003039;0.7330210772833724;1.419858623602654
Unknown;0.0682386352272954;0.3470319634703196;0.6632356095751354
Unknown;0.0009199816003679;0.6785714285714286;1.061321702074236
Unknown;0.0076398472030559;0.5422222222222223;1.2440228006493104
High;0.123557528849423;0.3623188405797101;0.6440505363867974
Unknown;0.3764724705505889;-0.1851851851851851;-0.3887006240917342
Low;0.2954340913181736;-0.2218309859154929;-0.3953508353991392
Unknown;0.2095158096838063;0.3515625;0.4791918124250034
Control;0.7627447451050979;0.0099206349206349;0.0500342922114861
Unknown;0.0641587168256634;0.336734693877551;0.7229269246757315
Unknown;3.999920001599968e-05;-0.9591836734693876;-2.346211502488033
Unknown;0.1492370152596948;-0.2755102040816326;-0.7512246392747651
Unknown;0.3142737145257095;0.175314465408805;0.3097004200040797
Unknown;0.0389992200155996;0.5168831168831168;0.8720931153305997
Unknown;0.7149057018859623;0.0296296296296296;0.1614467568877507
High;0.0899982000359992;0.4700460829493088;0.6140605568477316
Unknown;0.1489570208595828;0.5377777777777778;0.6795007673459219
Unknown;0.625907481850363;0.0;0.2358788687278646
Unknown;0.7623047539049219;0.0620689655172413;0.1028359200476583
Unknown;0.2175556488870222;0.4680851063829787;0.5400170497826887
Unknown;0.3825523489530209;-0.0476190476190476;-0.3710155746682684
Unknown;0.1681166376672466;-0.3858024691358024;-0.6165017330367333
Medium;0.4064718705625887;0.0440251572327044;0.3639026411604908
Unknown;0.0533989320213595;0.51;0.6890674160810023
Unknown;0.0093198136037279;0.5994897959183674;0.99267098075882
Unknown;0.0001199976000479;0.75390625;1.577651143606855
Low;0.7765444691106178;0.0659722222222222;0.1367168823473067
Unknown;0.7793844123117538;-0.0075187969924812;-0.1035131890890989
Unknown;0.2628747425051499;-0.3422222222222222;-0.5421947819516774
Unknown;0.0101197976040479;0.5424836601307189;1.0322644024715235
Unknown;0.2745145097098058;-0.0763888888888889;0.4564486994668298
Unknown;0.0870382592348153;-0.52;-0.7560808399923641
Unknown;0.1768364632707345;0.3688888888888889;0.6507607396103431
High;0.0261194776104477;0.5925925925925926;0.935574621474745
Unknown;0.0655986880262394;0.532051282051282;0.7941315723649044
Unknown;0.502469950600988;0.1670702179176755;0.2710117803713961
Unknown;0.0655186896262074;-0.4397163120567376;-0.8116033587738902
Unknown;0.9607007859842804;-0.0684523809523809;0.054475484168395
Unknown;0.115877682446351;0.4782608695652174;0.6808588362029938
Unknown;0.1726765464690706;0.4045138888888889;0.5169672793012147
Unknown;0.0037999240015199;-0.8055555555555556;-1.3848414039042602
Unknown;0.8187436251274974;0.1597222222222222;0.0875905474611953
Unknown;0.0053598928021439;-0.6950354609929078;-1.4278573442306524
Unknown;0.0031999360012799;0.7866666666666666;1.3363256904257703
Unknown;0.4492310153796924;0.2342342342342342;0.2679883562408521
Low;0.0122397552048959;0.4820936639118457;0.7728906415971294
Unknown;0.1905961880762385;-0.3851851851851852;-0.5763454051821095
Unknown;0.3765924681506369;0.2391304347826087;0.3926609396171245
Unknown;0.0726785464290714;-0.4492753623188406;-0.7707808578595707
Unknown;0.119037619247615;0.3703703703703703;0.6961636697417348
Unknown;0.0058398832023359;-0.6923076923076923;-1.251719081035799
Unknown;0.373672526549469;0.1283292978208232;0.3265385646828784
Unknown;0.1704365912681746;0.365079365079365;0.5422471261241271
Unknown;0.0011599768004639;-0.7872340425531915;-1.577517588825356
Unknown;0.3415131697366053;0.1840277777777778;0.3578366714098779
Control;0.1047579048419031;0.4175824175824176;0.6011764034198295
Unknown;0.5728285434291314;-0.1418439716312056;-0.2465178233924219
Unknown;0.0929581408371832;-0.5918367346938775;-0.6578172418152599
Unknown;3.999920001599968e-05;0.8631578947368421;1.7867263900906325
Unknown;0.0876782464350713;0.3596059113300492;0.7444964251745043
Unknown;0.0015999680006399;-0.7371794871794872;-1.514049920624736
Unknown;0.1347573048539029;0.2088888888888889;0.7437651306431019
Unknown;0.9831803363932722;-0.0925925925925925;-0.0068542734253891
Unknown;0.0271594568108637;-0.5141843971631206;-0.9783731592504916
Unknown;0.3933921321573568;-0.1705069124423963;-0.3475651851717264
Unknown;0.8519429611407772;0.0462962962962962;0.0845635482627844
Control;0.0096398072038559;0.5189393939393939;1.2449320716527397
Unknown;0.6467470650586988;-0.2977777777777777;-0.2055059178870943
Unknown;0.0004399912001759;0.6820987654320988;1.338324960808855
Unknown;0.0918381632367352;0.3555555555555555;0.7618921877899665
Unknown;0.0484390312193756;0.3464052287581699;1.0473097571246046
Unknown;0.0059198816023679;-0.6226415094339622;-1.245877878835844
Low;0.4841103177936441;0.1555555555555555;0.332028704530226
Unknown;0.0001999960000799;-0.8466666666666667;-1.9835360662084336
Unknown;0.0192796144077118;0.1333333333333333;1.3512603691633782
High;0.0519989600207995;0.5466666666666666;0.7651011969148285
Control;0.0161596768064638;0.603448275862069;0.7997649485482877
Unknown;0.0015199696006079;-0.6666666666666666;-1.5616486306198385
Unknown;0.3283534329313414;-0.2211538461538461;-0.4201419583508808
Low;7.999840003199936e-05;0.8742138364779874;1.559658641171629
Unknown;0.0457990840183196;-0.5507246376811594;-0.9574540335822272
Unknown;0.0020399592008159;-0.6823899371069182;-1.4616122226857755
Unknown;0.0113197736045279;0.6277777777777778;0.9644018388139036
Control;0.0940381192376152;0.44;0.8016406455357536
Unknown;0.2725545489090218;0.1929824561403508;0.4404467821955617
Unknown;0.7977040459190816;0.0888888888888888;0.1185875822342853
Unknown;0.0007599848003039;-0.903846153846154;-1.6135952260509248
Unknown;0.4193116137677246;0.1857142857142857;0.2549952780837822
Unknown;0.0778784424311513;0.5851851851851851;0.818847073379465
Unknown;0.4585108297834043;-0.2019704433497537;-0.2970897341653891
Unknown;0.0001599968000639;0.7155555555555555;1.345023984839004
Medium;0.0129997400051998;-0.6737588652482269;-1.0558790904094428
Low;0.0594788104237915;-0.5984848484848485;-0.8799377407804099
Unknown;0.0583188336233275;-0.5377777777777778;-0.8909327794724311
Unknown;0.0036399272014559;-0.762962962962963;-1.5400219918617326
Unknown;0.0427191456170876;-0.5111111111111111;-0.8702987567909706
Unknown;0.6720665586688266;0.2588235294117647;0.1672940865089494
Medium;0.0032399352012959;-0.5882352941176471;-1.743279944147728
Unknown;0.0970780584388312;-0.522248243559719;-0.7056517635308663
Unknown;0.1111177776444471;-0.5777777777777777;-0.8155114436712301
Low;0.2648347033059339;-0.3866666666666666;-0.5452338699124418
Control;3.999920001599968e-05;0.6931216931216931;1.189701643933483
Unknown;0.2605947881042379;0.2836879432624113;0.4827497643254009
Unknown;0.5753884922301554;0.2431077694235588;0.229285078753212
Unknown;0.2091558168836623;-0.2753623188405797;-0.5600327391893113
Unknown;0.0555188896222075;-0.5283018867924528;-0.8285182790561982
Unknown;0.0017999640007199;0.6319444444444444;1.218522825367053
Control;0.6600267994640108;-0.0576923076923076;-0.1658883822480401
Low;0.0003599928001439;0.8740740740740741;1.2436949554515442
Control;0.0031999360012799;0.5942307692307692;0.8668804444984158
Unknown;0.1663966720665586;-0.28125;-0.5899686578770876
Unknown;0.3445531089378212;-0.4755555555555555;-0.4373415025288106
Low;0.0221595568088638;0.4331065759637188;0.8950086283318852
Unknown;0.3905521889562209;-0.1137566137566137;-0.3481681175632471
Unknown;0.7295054098918021;-0.3666666666666666;-0.1503218891782507
Medium;0.4832703345933081;0.2509469696969697;0.2252968856736084
Control;7.999840003199936e-05;0.873015873015873;1.529739287451125
Unknown;0.0155996880062398;0.4965986394557823;1.2039815092695516
Unknown;0.3327533449331013;-0.3865248226950354;-0.4201976473990023
Unknown;3.999920001599968e-05;0.7649253731343284;1.5139072636276552
Unknown;0.3087538249235015;-0.2753623188405797;-0.4498273063103896
Unknown;0.3894322113557729;-0.2075471698113207;-0.3628047270062058
Unknown;0.2553148937021259;0.2327044025157232;0.4932116209308718
Control;0.0425191496170076;0.4014778325123153;0.7972786822078674
Unknown;0.0045199096018079;0.7101449275362319;1.135431920491145
Unknown;0.2664346713065739;0.1555555555555555;0.5409435573049289
Unknown;0.0117197656046879;-0.5486111111111112;-1.1794713509448675
Unknown;0.0406791864162716;0.3113636363636363;0.6526134818521905
Unknown;0.744905101897962;-0.1303258145363408;-0.1226148733045423
Unknown;0.0037599248015039;-0.6623376623376623;-1.1735117789016964
Unknown;0.0596788064238715;0.2935064935064935;0.8870794346997991
Unknown;0.0582788344233115;-0.5133333333333333;-0.7956527718796674
Unknown;0.0853582928341433;-0.3876811594202898;-0.6601992877074182
Unknown;0.0258394832103357;0.333984375;0.8599445280430518
Control;0.0797584048319033;0.5067385444743935;0.7440195198477381
Unknown;0.0129197416051678;-0.5531914893617021;-1.0973386060741106
Unknown;0.8373832523349533;0.1733333333333333;0.1281900231148174
Unknown;0.8024639507209855;0.1944444444444444;0.1225891208798675
Unknown;0.0027599448011039;0.6791979949874687;1.12957362518839
Unknown;0.253514929701406;0.3469387755102041;0.4579749339761689
Unknown;0.4119517609647807;-0.1376811594202898;-0.3583251301913202
Low;0.1823563528729425;0.2320675105485232;0.4685421501856491
Unknown;0.0084398312033759;-0.6259259259259259;-1.2480641336851324
Unknown;0.0035199296014079;0.6794871794871795;1.7842400370684903
Medium;0.0475190496190076;-0.5032679738562091;-0.8604421197491721
Low;0.2916341673166536;0.2955974842767295;0.4594433363258179
Unknown;0.9112617747645048;-0.0352941176470588;0.05154979107624
Control;7.999840003199936e-05;0.7638888888888888;1.2622306682062447
Unknown;0.8089438211235775;-0.1884057971014492;-0.1101846161870436
Control;0.0030799384012319;0.5963718820861678;0.9424986255662668
Unknown;0.5926281474370513;0.4152823920265781;0.1706744665215688
Medium;0.0026799464010719;-0.6691729323308271;-1.3163842092128226
Unknown;0.0001599968000639;-0.9111111111111112;-2.049195542509536
Unknown;0.0023199536009279;0.75;1.333662753873677
Unknown;0.6166676666466671;0.1458333333333333;0.2270657434321624
Unknown;0.0012799744005119;-0.7481481481481481;-1.4170964042486958
Unknown;0.4717905641887162;0.1474358974358974;0.3147720926398493
Control;0.1995560088798224;-0.2746615087040619;-0.4131112735610283
Low;0.0105997880042399;0.6049382716049383;1.1076840673458626
Unknown;0.1853562928741425;0.3484848484848485;0.59680881151493
Unknown;0.9269414611707766;0.0340136054421768;0.0395273758581534
Control;0.0006799864002719;0.7098765432098766;1.4071379235263377
Unknown;0.0923181536369272;-0.5111111111111111;-0.8431429027224339
Unknown;0.9131417371652568;-0.0529100529100529;-0.0422945940841393
Unknown;0.0001199976000479;-0.8844444444444445;-1.462912539625275
Control;0.0135597288054238;0.5761904761904761;0.9230851254012588
Unknown;0.9695406091878164;0.0703703703703703;0.028478770285507
Control;0.0062398752024959;0.4878706199460916;1.0723023512914762
Unknown;0.0124797504049919;-0.5947712418300654;-1.2088751334696362
Unknown;0.0001999960000799;0.7654320987654321;0.9770074600920866
Unknown;0.0037599248015039;-0.7268170426065163;-1.264420011901686
Unknown;0.0737185256294874;0.3741496598639456;0.6986986322022034
Unknown;3.999920001599968e-05;0.7622950819672131;1.1622426632195546
Unknown;0.2298354032919341;0.4270833333333333;0.5212570840159695
Unknown;0.0141997160056798;-0.5833333333333334;-1.1252644493305557
Unknown;0.0001199976000479;0.8321428571428572;1.6165716123847325
Unknown;0.116997660046799;0.6159420289855072;0.7368648891257524
Unknown;0.0001599968000639;-0.8111380145278451;-1.6210563143352847
Medium;3.999920001599968e-05;0.7474747474747475;1.343552177590674
Unknown;0.6589068218635628;-0.0902777777777777;-0.1849581553199971
Unknown;0.0952780944381112;-0.3571428571428571;-0.6775802201503126
High;0.375032499350013;-0.2971014492753623;-0.3887389388452402
Control;0.0003599928001439;0.7346938775510204;1.4100945804864469
High;0.0082398352032959;0.5390625;0.9123756758504172
Unknown;0.4372712545749085;0.0793650793650793;0.3130370385795865
Unknown;0.0025999480010399;0.7006802721088435;1.117063256210881
Unknown;0.2952740945181096;0.3163265306122449;0.4021269253481368
Unknown;0.4701105977880442;0.1244239631336405;0.2927509925965019
Control;3.999920001599968e-05;0.9346153846153846;1.4893107915653925
Unknown;0.0003199936001279;-0.8214285714285714;-1.68006458740548
Unknown;0.3230735385292294;-0.173469387755102;-0.3960307036508398
Unknown;0.116237675246495;0.5533088235294118;0.7122850336262224
Unknown;3.999920001599968e-05;0.9063231850117096;1.9091319730441296
Unknown;0.9367412651746964;-0.0222222222222222;0.0041603752041709
Unknown;0.1029579408411831;0.2040816326530612;0.7899815053896484
Unknown;0.0649987000259994;-0.5822222222222222;-1.0071625552405556
Low;0.6592268154636908;0.0962962962962963;0.2085071779909694
Unknown;0.2295554088918221;0.5512820512820513;0.5415421701366333
Unknown;0.0713585728285434;0.4805194805194805;0.7778147635883178
Unknown;0.0830383392332153;0.3382352941176471;0.6610869606931372
Unknown;0.8278634427311454;0.0204081632653061;0.1045995529435707
Unknown;0.0007599848003039;0.7924528301886793;1.882860172473621
Unknown;0.0062798744025119;0.7278911564625851;1.1410698030783657
Unknown;0.0001199976000479;0.7807692307692308;1.3505778814960554
Low;0.121717565648687;0.1866197183098591;0.5982251528511019
Unknown;0.0045199096018079;0.7182539682539683;1.3088123360006587
Unknown;0.2016759664806703;0.2083333333333333;0.5560566290485367
Unknown;0.2797144057118857;0.4930555555555556;0.4748852083092997
Unknown;0.7821443571128578;0.1733333333333333;0.1284029432704172
Unknown;0.0275194496110077;0.4795918367346938;0.927357223736444
Unknown;0.0451590968180636;-0.5319148936170213;-0.9385805944841396
Unknown;0.0685586288274234;0.4871794871794871;0.8016731582797094
Unknown;0.0369192616147677;0.4824355971896955;0.8614058704781542
Unknown;0.0001999960000799;0.7138888888888889;1.4581092352627392
Unknown;0.2947141057178856;-0.4515306122448979;-0.4232908243709567
Unknown;0.1369572608547829;0.2333333333333333;0.5074390820435727
Unknown;0.0309193816123677;0.5460992907801419;0.999311389404245
Unknown;0.2138357232855343;0.3734335839598997;0.4971587283696925
High;0.0017999640007199;0.5295815295815296;1.0786692831469076
Unknown;0.1771564568708626;-0.3244444444444444;-0.6116580678433483
Unknown;0.0587588248235035;0.5399515738498789;0.7486177822652628
Control;0.9765004699906;-0.0805194805194805;0.0256098003029202
Unknown;0.2660346793064139;0.3962264150943396;0.4664003741328259
Unknown;0.2617147657046859;0.2595238095238095;0.3763908812769518
Unknown;0.0002399952000959;0.8144654088050315;1.764483211405298
Unknown;0.0586388272234555;-0.6843971631205674;-0.8966058549719732
Unknown;0.0031199376012479;-0.6888888888888889;-1.4576046783072731
Unknown;3.999920001599968e-05;0.8802083333333334;1.513354882865471
Unknown;0.1516369672606548;0.3227513227513227;0.5782227567083649
Unknown;0.0048799024019519;0.4586466165413533;1.4700655355257954
Low;0.0101997960040799;0.4561403508771929;1.03632143925425
Unknown;0.0259194816103677;-0.48;-1.1053481125953355
Unknown;0.0765184696306073;-0.3714285714285714;-0.7229361668434994
Unknown;0.0021199576008479;0.6338028169014085;1.019652621662578
Unknown;0.2105957880842383;0.2142857142857142;0.5136570760581937
Unknown;0.0009999800003999;-0.7901234567901234;-1.6707820312507191
Unknown;0.0003199936001279;0.8503401360544217;1.7776815102849766
Unknown;0.0003999920001599;0.7692307692307693;0.9346518329317676
Unknown;0.1635567288654227;-0.3703703703703703;-0.6742310297661743
Low;0.2895142097158056;0.2115384615384615;0.4588849437643917
Unknown;0.0471990560188796;0.4468085106382978;0.8185758606908288
Unknown;0.0099598008039839;0.4228395061728395;0.9935934152943462
Control;0.0039999200015999;0.44;1.3080572577182463
Unknown;0.50494990100198;0.0;0.2667584223111459
Control;0.0328393432131357;0.4016172506738544;0.9315244899163492
Control;0.0457190856182876;0.36;0.8305058585899173
Unknown;0.2783544329113417;0.2814814814814815;0.4704072227908505
Unknown;0.0373592528149437;-0.6066666666666667;-0.8945658004326528
Unknown;0.5701485970280594;0.0;0.2479021043266714
Control;0.1903561928761424;-0.1739130434782608;-0.6779538414959277
Unknown;0.125797484050319;0.5459183673469388;0.6856344333025159
Unknown;0.0343993120137597;0.463768115942029;1.1093348541539874
Unknown;0.4021119577608448;-0.2361111111111111;-0.3696198104672705
Medium;0.0007599848003039;0.7943262411347518;2.156262537772231
Unknown;0.7234655306893862;-0.0436005625879043;-0.1211534266756281
Unknown;0.629587408251835;0.0815602836879432;0.2121768691032485
Unknown;0.0340793184136317;-0.3361702127659574;-1.0753290858108893
Unknown;0.6619467610647787;0.1728395061728395;0.1980108403569556
Unknown;0.627427451450971;-0.3514492753623188;-0.2231627668440232
Unknown;0.0100397992040159;0.4311111111111111;1.2454612349098233
Control;0.0053998920021599;0.6159250585480094;0.8788824820573888
Unknown;0.756184876302474;-0.2833333333333333;-0.1521170186501804
Unknown;0.0043199136017279;-0.6888888888888889;-1.347197660009776
Control;0.0734785304293914;-0.2717391304347826;-0.7234418957353909
Low;0.0053198936021279;0.5222222222222223;0.9554059502372484
Low;0.1551968960620787;0.4625850340136054;0.6471097397187636
Low;0.0064398712025759;0.513671875;0.9988133508751668
Unknown;0.0005599888002239;0.8666666666666667;1.9036587719147808
Unknown;0.0091598168036639;0.5347222222222222;1.2994478880455986
Unknown;0.1608367832643347;0.4037037037037037;0.6219472636573717
Unknown;3.999920001599968e-05;0.8470149253731343;2.110543885658003
High;0.8142237155256895;-0.1231884057971014;-0.0945608397072772
Unknown;3.999920001599968e-05;0.7941176470588235;1.6592132678285156
Unknown;0.6151076978460431;-0.3660130718954248;-0.1870033115459062
Control;0.1120377592448151;0.4407407407407407;0.6912502463446897
Low;0.371592568148637;-0.3024691358024691;-0.3813595352615245
Unknown;0.2666346673066538;0.0;0.4572015493808225
Unknown;0.249555008899822;-0.1923076923076923;-0.5158836588204494
Unknown;0.2691946161076778;-0.2083333333333333;-0.4210284454343563
Unknown;0.7015859682806344;-0.0138888888888888;-0.1566662051014651
Unknown;0.4551108977820443;0.3993710691823899;0.3323291140732057
Unknown;0.7574248515029699;0.0698529411764705;0.0940401578175197
Unknown;0.0005199896002079;-0.8266666666666667;-1.9673034565769805
Unknown;0.0843183136337273;0.693359375;0.748969092113138
Medium;0.0003599928001439;0.8219780219780219;1.5454546262493298
Unknown;0.8653826923461531;0.4488888888888889;0.0111224435172128
Unknown;0.4446711065778684;0.1736111111111111;0.3493687015756928
Unknown;0.2943141137177256;-0.52;-0.4454619064644282
Unknown;0.8549029019419612;-0.0709219858156028;-0.066874932987766
Unknown;0.1589168216635667;-0.345679012345679;-0.6159745833370672
Control;0.118477630447391;0.4104477611940298;0.5895892660873168
Unknown;0.7006259874802504;-0.2533333333333333;-0.1903194081613416
Unknown;0.1789564208715825;0.0496323529411764;0.4839639893712941
Unknown;0.6020679586408272;0.1428571428571428;0.2169915636956107
Unknown;0.7447051058978821;0.041860465116279;0.1647446812236041
Unknown;0.0011999760004799;0.76;1.0892557411912882
Unknown;0.0075998480030399;0.7063291139240506;1.0091222301881102
Control;0.5666686666266675;-0.1058201058201058;-0.2383618997683873
Unknown;0.0406791864162716;-0.4976958525345622;-0.7932687087348749
Unknown;3.999920001599968e-05;0.7765151515151515;1.404690788551605
Low;0.0034799304013919;0.7021276595744681;1.120737738202033
Unknown;0.8394232115357693;-0.1376811594202898;-0.087986058434608
Unknown;0.0055198896022079;-0.6013071895424836;-1.0293454922190612
Unknown;0.2567148657026859;0.238095238095238;0.4535439998540549
Unknown;0.0076798464030719;0.5017921146953405;0.9928126229881072
Unknown;0.0716385672286554;0.8518518518518519;0.9267725539047992
Unknown;0.877382452350953;-0.0754716981132075;-0.0630401196576537
Unknown;0.4158316833663327;-0.3260869565217391;0.2493069690602365
Low;0.1043579128417431;0.6234567901234568;0.7288954176567853
Unknown;0.8399432011359773;-0.3111111111111111;-0.0860315975471817
Unknown;0.5643487130257395;-0.0056818181818181;0.1899627230858738
Control;0.1078378432431351;0.3571428571428571;0.6038628761180876
Unknown;0.364752704945901;-0.1872146118721461;-0.3194824729848233
Low;0.2263154736905261;0.5555555555555556;0.4971911252201476
Unknown;0.0007599848003039;-0.7712418300653595;-1.5833534618385026
Unknown;0.1707565848683026;0.2180451127819548;0.5698950178950409
Unknown;0.1828363432731345;0.3851851851851852;0.5891170893947006
Unknown;0.4501109977800444;0.0373134328358208;0.2748927701236357
Unknown;0.3294334113317733;-0.3061224489795918;-0.4198603962251496
Unknown;0.0232395352092958;-0.7866666666666666;-0.991214093473314
Unknown;0.7092658146837063;-0.1555555555555555;-0.1677296175607741
Unknown;0.4219115617687646;-0.1733333333333333;-0.3683945703066255
Medium;0.0001599968000639;0.8050314465408805;1.7630214662332482
Medium;0.115557688846223;0.6177777777777778;0.6867840204646842
Unknown;0.0009999800003999;0.8786764705882353;1.231781243771371
Unknown;0.4404711905761885;-0.1018518518518518;-0.3324291042480504
Unknown;0.0103997920041599;-0.5460992907801419;-1.286689673520178
Unknown;0.9485810283794324;-0.2444444444444444;-0.0803912139667413
Low;0.1443971120577588;-0.1631205673758865;-0.8454405863907537
Unknown;0.0195996080078398;-0.5777777777777777;-1.097521795497411
Unknown;0.371152576948461;0.0655270655270655;0.3179846705887939
Unknown;0.0169996600067998;-0.5026455026455027;-1.0290749769482648
Unknown;0.2107157856842863;0.5866666666666667;0.4808104658627406
Control;0.0003999920001599;0.6977777777777778;1.388009235324603
Unknown;0.75702485950281;-0.1266666666666666;-0.1133716629637054
Unknown;0.0094798104037919;0.5396825396825397;0.923994739154152
Unknown;0.1000379992400152;0.330188679245283;0.7081643897009617
Unknown;0.0737985240295194;0.4493506493506493;0.7040828952476489
Unknown;0.0466390672186556;0.605072463768116;0.7925919617536358
Low;0.875742485150297;-0.125;-0.0462713877477395
Unknown;0.4759104817903642;0.12;0.3360813384291802
Unknown;0.99370012599748;-0.0577777777777777;-0.0011738716096117
Unknown;0.9383412331753364;-0.1418439716312056;-0.0576819838103161
Control;0.0261994760104797;0.5075757575757576;0.77711602368686
Unknown;0.7166656666866663;-0.109090909090909;-0.1466466861731899
Unknown;0.7900641987160257;0.0;-0.1061090386310813
Control;0.0004399912001759;0.8163265306122449;1.482129365799056
Unknown;0.0005599888002239;-0.7638888888888888;-1.8226013001785304
Medium;0.3114337713245735;-0.319047619047619;-0.4106567219278889
Control;0.0224795504089918;0.6576923076923077;0.8049126780497475
Unknown;0.6890662186756265;-0.181159420289855;-0.155986895797562
Medium;0.1023179536409271;0.4017857142857143;0.6383952609198433
Low;0.0157196856062878;0.4935897435897436;0.9624869367522356
Unknown;0.0021199576008479;0.7272727272727273;1.1110877157085406
Unknown;0.1966360672786544;-0.3079710144927536;-0.588634913771369
Unknown;0.8510629787404252;0.02;-0.0517962172431169
Unknown;0.2578348433031339;-0.2884615384615384;-0.4932048497272467
High;0.125637487250255;0.4855072463768116;0.6824507956302213
Unknown;0.1929961400771984;-0.0488888888888888;0.6302081470144326
Unknown;0.0001599968000639;0.6904761904761905;1.427766389153216
High;0.6783064338713226;-0.1836734693877551;-0.1872037361474433
Medium;0.0052798944021119;0.6900726392251816;1.116680557319256
Unknown;0.9393412131757364;-0.0222222222222222;0.0233972911088211
Unknown;0.504269914601708;-0.2888888888888888;-0.2597869484116281
Low;0.2303153936921261;0.2233333333333333;0.5297851462742151
Unknown;0.0229995400091998;0.5128805620608899;0.8521213155696566
Unknown;0.8645827083458331;-0.0850340136054421;0.0785423241336272
Unknown;0.0024799504009919;-0.4570957095709571;-0.9660997565120653
Unknown;0.0053998920021599;0.6892230576441103;1.0161677419825492
Control;0.7997840043199136;0.0354609929078014;-0.089282655358007
Unknown;0.1104377912441751;-0.3361823361823361;-0.560121786528444
High;0.0470790584188316;0.4149659863945578;0.8294010812392029
Unknown;0.756864862702746;-0.1037037037037037;-0.1304737365349266
Unknown;0.5657086858262834;0.2324561403508772;0.2546332051161413
Unknown;0.7821043579128417;-0.0787878787878787;-0.1304774116672667
Unknown;0.4616707665846683;-0.28;-0.3566099991022838
Unknown;0.0301193976120477;-0.3714285714285714;-0.9942757818867044
Unknown;0.0201995960080798;-0.6066666666666667;-0.966793456585306
Unknown;0.1481570368592628;0.3156028368794326;0.6886204288084636
Unknown;0.0043599128017439;0.5014285714285714;1.0024381329519243
Unknown;0.1643567128657427;-0.3333333333333333;-0.6592927012185178
Unknown;0.0973980520389592;-0.5185185185185185;-0.7806191724326964
Unknown;0.5611887762244755;0.0561224489795918;0.2556257476610026
Unknown;0.0039999200015999;0.6258503401360545;1.205058723878292
Unknown;0.7387852242955141;0.0925925925925925;0.1519195138464273
Unknown;0.0563188736225275;-0.4705882352941176;-0.8599924714291893
Unknown;0.2107157856842863;0.3819444444444444;0.478888067190006
Low;0.7385052298954021;0.0251572327044025;0.1796735676984852
Unknown;0.0088798224035519;0.6865079365079365;0.852636443828659
Medium;0.0011599768004639;-0.6088888888888889;-1.9360798199839664
Unknown;0.0112797744045119;0.625;1.183373135950814
Unknown;0.2597148057038859;0.279874213836478;0.4941259641227353
Medium;0.118117637647247;0.7962962962962963;0.8892602027915862
Control;0.0076798464030719;0.6555555555555556;1.1674061885800666
Unknown;0.0649187016259674;0.7735849056603774;0.9675940680151924
Unknown;0.0041199176016479;-0.6066666666666667;-1.4485459882298766
Unknown;7.999840003199936e-05;0.6464285714285715;1.1102339410819797
Unknown;0.0015599688006239;0.6779220779220779;1.2817497096721204
Unknown;0.0379992400151997;0.6311688311688312;0.9115562238358416
Control;0.0057598848023039;0.5175644028103045;1.1968733622620422
Unknown;0.7269054618907622;0.0476190476190476;-0.1384792797607142
Unknown;0.2795944081118378;-0.3057644110275689;-0.4411389377960098
Unknown;0.8882622347553049;0.0454545454545454;-0.0433139841985283
Unknown;0.0161196776064478;-0.5652173913043478;-1.067046465865244
Unknown;0.3321133577328453;-0.2179487179487179;-0.4239036202068798
Low;0.6615067698646027;-0.0188679245283018;0.2288190314936187
Unknown;0.0212395752084958;-0.5777777777777777;-1.1607663635515024
Medium;0.0923181536369272;-0.391304347826087;-0.7191033098041268
Unknown;0.4202715945681086;-0.2888888888888888;0.3130461870933231
Control;0.1053578928421431;0.1379310344827586;0.8586182956360976
Unknown;0.0587588248235035;0.5296296296296297;0.7895709519876895
Unknown;0.0007599848003039;-0.8166666666666667;-1.3367578625643128
Unknown;0.6737865242695146;0.1496598639455782;0.1826748824407094
Medium;0.1130777384452311;0.3112244897959184;0.5971388131221698
Unknown;0.0309993800123997;0.4455128205128205;0.9336561233475036
Low;0.6874662506749865;-0.3269230769230769;-0.1601745898712401
Unknown;0.2113957720845583;-0.4104938271604938;-0.5620777224436094
Unknown;0.1887078438802577;0.42;0.7348183793361643
Unknown;0.2864742705145897;-0.1602564102564102;0.413888737364732
Control;0.0477590448191036;0.2312925170068027;0.9497500067113124
Unknown;0.7824643507129857;-0.0969827586206896;-0.1177883113601702
Unknown;0.252034959300814;0.2571428571428571;0.3812735893728043
High;0.0604787904241915;0.2838345864661654;0.5382603603644961
Unknown;0.7139057218855623;-0.0272108843537414;-0.1536587929039702
Low;3.999920001599968e-05;0.8433048433048433;1.798382781774461
Unknown;0.0698386032279354;-0.4233766233766233;-0.7306275410032932
Unknown;0.0200795984080318;-0.52;-1.18059807914228
Unknown;0.0236395272094558;-0.5098039215686274;-1.1020711423250191
Unknown;0.0391992160156796;-0.562962962962963;-1.0952407913240725
Unknown;0.2165956680866382;-0.358974358974359;-0.537429522856845
Unknown;0.0149197016059678;-0.6502463054187192;-1.0855168463330505
Unknown;7.999840003199936e-05;0.8888888888888888;2.384916395890041
Unknown;0.0108797824043519;-0.7414965986394558;-1.1870076320204703
Unknown;0.367192656146877;0.1914893617021276;0.4032187728775628
Unknown;3.999920001599968e-05;0.9477124183006536;1.8734650243144677
Unknown;0.4862702745945081;-0.2222222222222222;-0.2994376027916627
Unknown;0.0150396992060158;0.3986928104575163;1.164244070644698
Unknown;0.0619587608247835;0.4705882352941176;0.7877379030644486
Unknown;0.1888362232755344;0.3055555555555556;0.5679428973956279
Unknown;0.0063998720025599;0.7636363636363637;1.1896635981274122
Control;0.5938681226375473;0.1418439716312056;-0.1905789405526467
Low;0.0737585248295034;0.4855072463768116;0.7610201806248863
Unknown;0.5988680226395472;0.0725623582766439;0.2108381533595117
Unknown;0.0751984960300794;0.3363970588235294;0.6303453385656721
Unknown;3.999920001599968e-05;0.8345588235294118;1.947385923401063
Unknown;0.2093558128837423;0.1944444444444444;0.5048481599655862
High;0.0832383352332953;0.4047619047619047;0.7100341922187671
Unknown;0.4249515009699806;-0.362962962962963;-0.3511211931692074
Unknown;0.1645167096658066;0.04;0.7351238912074539
Low;0.2360752784944301;0.2170542635658914;0.521228356045601
Control;0.0216795664086718;0.518796992481203;0.9173807735136064
Control;0.3180336393272134;-0.1714677640603566;-0.3550709890550214
Medium;0.0584788304233915;0.3934837092731829;0.7222686748660312
Unknown;0.0001199976000479;0.9111111111111112;1.720912952649808
Control;0.0143197136057278;0.54421768707483;1.1289348534418298
Unknown;0.4635507289854202;0.1851851851851851;0.3160502688208138
Unknown;0.0118397632047359;-0.5407407407407407;-0.966141902022176
Unknown;0.0001999960000799;0.6285434995112414;1.059079965609027
Unknown;0.3581928361432771;0.2156862745098039;0.3917147726012878
Medium;0.0001199976000479;0.8450363196125908;1.5961251091610085
Unknown;0.2381152376952461;-0.3839285714285714;-0.4766778151913666
Unknown;0.0532389352212955;-0.6013071895424836;-0.934112001486234
Control;0.0001199976000479;0.8622448979591837;1.7002450550048924
Unknown;0.1869962600747985;0.2573099415204678;0.4624249649890848
Low;0.0047599048019039;0.61;1.0478229599611966
Unknown;0.9721005579888402;0.1009852216748768;-0.0294917468867692
Unknown;0.0629370629370629;0.7333333333333333;1.3772029561545804
Unknown;0.7343853122937541;0.0482625482625482;0.0995591272695273
Unknown;0.0256394872102557;0.4691358024691358;1.1177351348840825
Control;0.0099198016039679;0.5723270440251572;1.308236150932937
Control;0.5970280594388112;0.0451388888888888;0.1894488379146604
Unknown;0.3546329073418531;0.3452380952380952;0.3096408316504828
Unknown;0.9255414891702166;0.0424836601307189;-0.0052385446127169
Control;0.8162236755264894;-0.0238095238095238;0.0945488729496429
Unknown;0.8158236835263295;-0.0330578512396694;-0.077264732310604
Unknown;0.0019199616007679;0.5442857142857143;1.0563606874019127
Unknown;0.4902701945961081;0.1987179487179487;0.3158550133623795
Medium;0.0928381432371352;-0.5177304964539007;-0.7536348723001627
Unknown;0.1010379792404151;0.4183673469387755;0.6472132443460341
Unknown;0.0032799344013119;-0.7959183673469388;-1.3657808314816269
Unknown;0.1955960880782384;0.3916256157635468;0.5308392248201491
Unknown;0.9651006979860404;-0.0296296296296296;0.0202521532417707
Unknown;0.0005599888002239;-0.8043478260869565;-1.9847018133038168
Unknown;0.1621967560648787;-0.4311111111111111;-0.6735328178839805
Unknown;0.0001999960000799;0.7237237237237237;1.190756160833973
Unknown;0.0138397232055358;0.7253521126760564;1.0717785488431242
Unknown;0.6875062498750025;0.3469387755102041;0.1595336233199517
Control;3.999920001599968e-05;0.8308823529411765;1.491880773007212
Unknown;0.0162396752064958;0.6518518518518519;1.0516920407252677
Unknown;0.6684266314673707;0.2148148148148148;0.2009662299757701
Unknown;0.0913181736365272;0.4933333333333333;0.7756004947656874
High;0.5791884162316754;0.1636363636363636;0.2389663930952154
Unknown;3.999920001599968e-05;0.875;1.972419032939365
Medium;0.0009599808003839;0.5481927710843374;1.0473154030205272
Unknown;0.0093598128037439;0.6289156626506024;0.9655939346592848
Unknown;0.0006399872002559;-0.7551020408163265;-1.622151669065396
Unknown;0.0025599488010239;0.5814307458143074;1.0023467855933488
Unknown;0.3108737825243495;0.4081632653061224;0.4462255508740081
Control;3.999920001599968e-05;0.8641975308641975;1.4996185154817472
Unknown;0.0047599048019039;0.6355555555555555;1.2548345232788027
Unknown;0.1095978080438391;0.52;0.7380688522715417
Unknown;0.1806763864722705;0.2765957446808511;0.5948913874591839
Unknown;0.0129597408051838;0.8703703703703703;1.090779282477515
Unknown;0.0003599928001439;0.717037037037037;1.4104693518912397
Unknown;0.3334333313333733;0.52;0.4006488186740618
Unknown;0.0566388672226555;-0.52;-0.9253407122805372
Control;0.0003199936001279;0.6635802469135802;1.1330383637479144
Low;0.0001199976000479;0.6852272727272727;1.0889871438834495
Unknown;0.1947561048779024;-0.2530864197530864;-0.5782607150563599
Unknown;0.0243595128097438;0.6143790849673203;1.146439440108668
Unknown;0.1402771944561108;-0.4042553191489361;-0.6368881180358635
Unknown;0.7414251714965701;-0.0995059985885674;-0.0897792697648696
Unknown;0.0105597888042239;-0.6857638888888888;-0.902872414826266
Unknown;0.6469870602587948;0.3856209150326797;0.2259024613648147
Unknown;0.8177436451270974;-0.0496453900709219;-0.0985062986331401
Control;0.0097598048039039;0.5098039215686274;1.4036438408033232
Unknown;0.0260794784104317;0.6190476190476191;0.9643518224448144
High;0.0363992720145597;-0.5751633986928104;-0.9622909545619088
Unknown;0.3555528889422211;-0.1961538461538461;-0.3486738229912371
High;0.0124797504049919;0.6613756613756614;0.9970826998708946
Unknown;0.0319193616127677;-0.5512820512820513;-0.951627769876604
Control;3.999920001599968e-05;0.7717171717171717;1.5753400493734244
Low;0.1309173816523669;-0.4893617021276595;-0.6923323965859882
Unknown;3.999920001599968e-05;0.8910256410256411;1.8347371893311804
Unknown;0.0287594248115037;0.5;0.8772162858715881
Unknown;0.979260414791704;0.0592592592592592;-0.0162529111202654
Unknown;0.0487590248195036;-0.4740740740740741;-0.8641570575133989
Unknown;0.0001999960000799;0.84;1.5625838349594627
Control;0.1065978680426391;0.3862433862433862;0.6103965449648747
Unknown;0.1993960120797584;-0.2641509433962264;-0.5701622698419541
Unknown;0.1469170616587668;0.4019370460048426;0.5945593727117645
Unknown;0.1773164536709265;-0.6;-0.5830053062723649
Unknown;0.0024799504009919;0.5503421309872922;0.8500345871566811
Unknown;0.8619827603447932;-0.2;0.1182431657331419
Unknown;0.1399972000559989;-0.3541666666666667;-0.6734070162744905
Unknown;0.2850742985140297;-0.2375;-0.5555638524497075
Low;0.503869922601548;0.1285714285714285;0.2771007488169295
Unknown;0.0009599808003839;0.7959183673469388;1.318153336893472
Unknown;0.0133597328053438;0.5181159420289855;1.1432469030938728
Unknown;0.7145857082858342;-0.25;-0.1273933066846692
Unknown;0.0027599448011039;0.5509893455098934;1.0996194184760526
Unknown;0.0002799944001119;0.8300653594771242;1.7712445475068517
Medium;0.8071838563228736;-0.1037037037037037;-0.0904900838148105
Unknown;0.0312793744125117;-0.4782608695652174;-1.041904285928159
Unknown;0.2007959840803184;0.2152777777777778;0.5527256549478128
Unknown;0.5589888202235955;0.1666666666666666;0.251117569164173
Unknown;0.9266614667706646;-0.0285714285714285;-0.0336605758443393
Control;0.629187416251675;0.0846560846560846;0.2011658008812622
High;3.999920001599968e-05;0.9733333333333334;1.925707666966295
Unknown;0.0241595168096638;0.5674603174603174;0.9056344680641524
Unknown;0.8383832323353533;-0.0835579514824797;-0.0897601478081577
Unknown;0.0002399952000959;0.8260869565217391;2.1063173478496133
Unknown;0.7706245875082498;0.0098039215686274;-0.0206301108605868
Unknown;0.0506789864202716;0.4052287581699346;0.8506539627025521
Low;0.0067998640027199;-0.5897435897435898;-1.4213701661262117
Unknown;0.1091578168436631;0.4217687074829932;0.6935720479390406
Medium;0.0212395752084958;0.4973544973544973;0.9498088650775766
Unknown;0.0051998960020799;0.8579545454545454;1.360407261839586
Unknown;0.4123117537649247;-0.0264550264550264;0.3239615879190902
Unknown;0.0021999560008799;0.7608695652173914;1.171602441650519
Unknown;0.6011479770404592;-0.2296296296296296;0.1926362057010003
Unknown;3.999920001599968e-05;0.9423347398030942;1.5908656241837773
Unknown;0.3181536369272614;-0.2555555555555555;-0.4395306283443436
Control;7.999840003199936e-05;0.7912912912912913;1.144689356315686
Unknown;0.126437471250575;0.297423887587822;0.5673276239021398
Low;3.999920001599968e-05;0.909297052154195;2.068532872327949
Unknown;0.0857582848343033;0.2978723404255319;0.7605592466695917
Unknown;0.6953460930781384;0.0780141843971631;0.1697933410593701
Unknown;0.0153196936061278;-0.6376811594202898;-1.1376947678475546
Medium;0.7677046459070819;0.0398550724637681;0.14555569970307
Unknown;0.0800383992320153;-0.4320987654320987;-0.7507309204446564
Unknown;0.7979840403191936;-0.1822222222222222;-0.1276938517696369
Unknown;0.1993960120797584;-0.2695035460992908;0.7162776430165778
Unknown;0.2693146137077258;-0.3129251700680272;-0.483541341168162
Unknown;0.3105537889242215;-0.0555555555555555;0.4135373676202337
Control;0.3544329113417732;0.1785714285714285;0.3489916269759848
Unknown;0.7266254674906502;-0.1194968553459119;-0.1435793192202312
Low;0.0155596888062238;0.5377777777777778;1.3753636649061922
Unknown;0.0199996000079998;0.5705128205128205;1.049340202773704
Unknown;0.0173196536069278;-0.6284722222222222;-1.0909683102542476
Unknown;0.1102564102564102;0.0;-1.4559990666160765
Unknown;0.2049559008819823;-0.15;-0.4329475954353525
Unknown;0.0752784944301113;0.4305555555555556;0.7790884619848537
Unknown;0.0210795784084318;0.64;1.1044458889982252
Unknown;0.0115997680046399;-0.7222222222222222;-1.1805256351704871
Unknown;0.1475170496590068;-0.3075060532687651;-0.5831515734912273
Unknown;0.0031599368012639;0.5359408033826638;0.8504048882993308
Unknown;0.2494117647058823;-0.5102040816326531;-0.8723538360492116
Unknown;0.1386772264554709;0.3951612903225806;0.5722764048282779
Unknown;0.1703565928681426;-0.3592592592592593;-0.6335653880016845
Unknown;0.0455590888182236;0.3896103896103896;0.7764535470330394
Unknown;0.6822263554728906;0.1418439716312056;0.195472973106393
Unknown;0.0261194776104477;0.4888888888888889;0.9454934544726392
Unknown;0.9965000699986;-0.0281030444964871;-0.0087273643333067
Unknown;7.999840003199936e-05;-0.8111111111111111;-2.3093000462364937
Unknown;3.999920001599968e-05;0.9064039408866996;2.3323338618110787
Unknown;0.1539569208615827;-0.3787878787878788;-0.637903741790957
Unknown;0.0007999840003199;-0.7898550724637681;-1.7142664815090891
Unknown;0.1265974680506389;0.3809523809523809;0.6743801753806921
Unknown;0.1860762784744305;0.2251815980629539;0.5449725369359941
Low;0.7025859482810344;-0.2653061224489796;-0.1385108062959145
Unknown;0.1295974080518389;0.2673611111111111;1.1017348318293017
Unknown;0.0184396312073758;-0.6074074074074074;-1.0610031431811997
Unknown;0.0003599928001439;0.8368794326241135;1.6829306852996428
Unknown;0.0322793544129117;0.4294871794871794;1.0138862049586346
Unknown;0.0327593448131037;-0.5277777777777778;-0.9599261230902212
Medium;0.0017599648007039;0.6619047619047619;1.160215920936449
Unknown;0.2096358072838543;0.3461538461538461;0.543083379877658
Medium;0.0005999880002399;0.6877637130801688;1.230525149026501
Unknown;0.0039999200015999;-0.6157635467980296;-1.1688104557832055
Unknown;0.0038399232015359;-0.6312056737588653;-1.5861744140684444
Unknown;0.0073198536029279;-0.5703703703703704;-1.3054602086002536
Unknown;0.0123597528049439;-0.6358024691358025;-0.958197100975972
Unknown;0.0135597288054238;0.5388235294117647;0.855633052822243
Low;0.4531509369812603;0.1619047619047619;0.3054483606877004
Unknown;0.0474790504189916;0.3715277777777778;0.8767596058020478
Unknown;0.1051978960420791;0.4074074074074074;0.6530655136995503
Unknown;0.118357632847343;0.3788819875776397;0.6633467841733861
Unknown;3.999920001599968e-05;0.718475073313783;1.6410501001264644
Unknown;0.0014399712005759;0.7482993197278912;1.752125869032067
Unknown;0.0013599728005439;0.6610169491525424;1.207271830056562
Unknown;0.0006799864002719;0.762962962962963;1.3890215361243743
High;0.0029599408011839;0.5775034293552812;0.984353323730948
Unknown;0.0701985960280794;0.3701149425287356;0.6211721058471878
Control;0.1287574248515029;0.48;0.6567519193785911
Unknown;0.0109997800043999;-0.56640625;-0.9952947628223592
Low;3.999920001599968e-05;0.851685393258427;1.7070907542940863
Control;0.0041999160016799;0.5347222222222222;1.2543384305859644
Unknown;0.1501169976600468;0.2246376811594203;0.6602971741347333
Low;0.2809543809123817;0.275;0.3888141449547808
Unknown;0.0808783824323513;0.3074074074074074;0.9732194810315618
Unknown;0.0469990600187996;0.5531914893617021;0.8970329664802478
Unknown;0.627307453850923;0.1234567901234567;0.209719267900217
Unknown;0.1562368752624947;0.1521739130434782;0.543279558528675
Control;0.0016799664006719;0.5927710843373494;1.0477395212273706
Unknown;0.0042399152016959;0.7275641025641025;1.2195946679322165
Unknown;0.0698386032279354;0.3209876543209876;0.7685695845489388
Unknown;0.5473490530189397;0.0232558139534883;0.2544263494710492
Unknown;3.999920001599968e-05;-0.9185185185185184;-1.3705696486493766
Unknown;0.1769564608707826;0.3263888888888889;0.5727395767801586
Unknown;0.2966340673186536;-0.3333333333333333;-0.4570317818518443
Unknown;0.1549969000619987;-0.1292517006802721;0.6896546049200897
Unknown;0.6753064938701226;-0.0978835978835978;-0.1580631566609434
Unknown;0.8260634787304254;-0.2586206896551724;-0.0898652697411754
Low;0.5273894522109558;0.1377777777777777;0.3121673702875015
Unknown;0.4280714385712286;0.2607709750566893;0.3156514414838667
Low;0.0078798424031519;-0.6533333333333333;-1.2420955882748157
Medium;0.4322313553728925;0.2604166666666667;0.3454653281801104
Unknown;0.114637707245855;0.1956521739130435;0.8215027165127053
High;0.6645067098658027;0.1775362318840579;0.2145548907954982
Unknown;0.0001999960000799;0.7973856209150327;1.7909917843231191
Unknown;0.0651986960260794;0.3867469879518072;0.6053325392927565
Unknown;0.0401191976160476;0.4421768707482993;0.7319908039935522
Unknown;0.1038779224415511;0.4102564102564102;0.7165894984599935
Low;0.0036399272014559;0.4968253968253968;0.7752353790520664
Unknown;0.0049999000019999;-0.6866666666666666;-1.22490166979406
Unknown;0.1941161176776464;-0.3061224489795918;-0.5298198079254436
Unknown;0.1860362792744145;0.3492063492063492;0.5558796350739282
Unknown;0.0056798864022719;0.6470588235294118;1.3683616439510795
Unknown;0.0275594488110237;-0.6266666666666667;-0.9369154759422396
Unknown;0.0085598288034239;0.644927536231884;1.1273811720835172
Unknown;0.4768304633907322;-0.3076923076923077;-0.3241495634792259
Unknown;0.0617587648247035;0.5471698113207547;0.864227814077245
Unknown;0.3457930841383172;0.4829931972789115;0.3128041375267337
Control;0.0007599848003039;0.7142857142857143;1.1269726679752925
Unknown;0.7585448291034179;0.1159420289855072;-0.117402241596905
Unknown;0.7137057258854823;0.1352201257861635;0.1599309772954873
Unknown;0.9776204475910482;0.022875816993464;0.0377892602886425
Unknown;0.0719185616287674;0.425531914893617;0.804244518031093
Unknown;0.6395472090558189;-0.0958333333333333;-0.2106947203752685
Unknown;0.0031199376012479;0.6638888888888889;1.1079028603552945
Low;0.0040399192016159;0.6346153846153846;0.931771830750762
Unknown;0.0006799864002719;0.7547169811320755;1.0706398190887545
Unknown;0.8651426971460571;-0.0261194029850746;-0.0447940870771088
Unknown;3.999920001599968e-05;0.8162878787878788;1.6541441848990213
Unknown;0.0050798984020319;0.7095588235294118;1.15131040100501
Unknown;0.0018399632007359;0.7391304347826086;1.4888053266700971
Unknown;0.0046799064018719;0.8930817610062893;1.398382966079361
Control;0.0012799744005119;0.8;1.2031992673550618
Medium;0.0003199936001279;0.7602339181286549;1.2255014398866544
Unknown;0.5856282874342513;0.2481203007518796;0.2440243837512616
Control;3.999920001599968e-05;0.9215686274509804;1.4338487551300736
Unknown;0.0025599488010239;0.6691176470588235;1.055460170894685
Unknown;0.3178736425271494;-0.04;0.4587125669132295
Unknown;0.2570348593028139;-0.2536231884057971;-0.5070337837761955
Unknown;0.0011599768004639;-0.8296296296296296;-1.792270723921281
Control;0.0798784024319513;-0.4074074074074074;-0.6510176942250004
Low;0.248315033699326;0.2426303854875283;0.4579412282979598
Unknown;7.999840003199936e-05;0.772093023255814;1.2460665646016993
High;0.2311153776924461;0.336734693877551;0.530447384373678
Control;0.0385192296154076;0.4852216748768473;0.8027998004173187
Unknown;0.6825863482730345;0.1894736842105263;0.1882900314899997
Unknown;0.0001199976000479;0.7378472222222222;1.2495856329590336
Unknown;0.5631087378252435;0.1578947368421052;0.2294511025628763
Unknown;0.0004799904001919;0.6979166666666666;1.3289180712231456
Unknown;0.1279574408511829;0.4468085106382978;0.6604809039735117
Low;0.6709465810683787;0.0261437908496732;-0.1783844746891493
Unknown;0.2568348633027339;0.2418300653594771;0.4989537536152075
Unknown;0.7156256874862503;-0.0705128205128205;-0.1578808254646742
Low;0.3038339233215336;-0.2869565217391304;-0.4857254927538136
Unknown;0.0284394312113757;0.5714285714285714;0.959870644898074
Unknown;0.6685866282674346;0.175;0.1649376136494008
Unknown;0.6582268354632907;-0.0755555555555555;-0.197279088036436
Unknown;0.0860382792344153;-0.4117647058823529;-0.7554556636467734
Unknown;0.0001599968000639;-0.8478260869565217;-1.66244458121705
Unknown;0.4516709665806684;0.2222222222222222;0.3235453623923268
High;0.7162656746865063;0.1217948717948717;0.1787095534601497
Unknown;0.1107577848443031;-0.4149659863945578;-0.6968894623145023
Unknown;0.1678366432671346;0.2525252525252525;0.4124337831412545
Unknown;0.0386792264154716;0.4545454545454545;0.6818041609988906
High;0.0060398792024159;0.5663265306122449;1.0794981158926245
Unknown;0.0447191056178876;0.3314285714285714;0.8976220794451768
Unknown;0.0005199896002079;0.7057902973395931;1.3097690912761573
Unknown;0.4885502289954201;-0.2057692307692307;-0.2586182858766979
Unknown;0.882582348353033;-0.2740740740740741;-0.0946231356467325
Unknown;0.7488250234995301;-0.0555555555555555;-0.1453392503247366
Unknown;0.9747005059898802;0.03;0.0174310478235788
Unknown;0.0161596768064638;-0.6739130434782609;-1.1552920736585346
Unknown;0.0011999760004799;0.7572463768115942;1.021725079601428
Unknown;0.0003199936001279;0.8087557603686636;1.3553158408670254
Unknown;0.0062798744025119;-0.7333333333333333;-1.280265971510687
Unknown;0.0031199376012479;0.6995073891625616;0.9311297751191148
Unknown;0.5817083658326834;0.1555555555555555;0.2720575947618212
Low;0.0017199656006879;0.6091954022988506;1.0738615653343482
Unknown;0.1788764224715505;-0.1805555555555555;-0.6048469224248629
Unknown;0.0531989360212795;0.2333333333333333;0.9539392817203812
Unknown;0.0195996080078398;0.3978494623655914;0.7271319042218887
Unknown;0.3045539089218215;-0.28;-0.4879366372449864
Unknown;0.0347193056138877;-0.5228758169934641;-1.0780359577578948
Unknown;0.3405131897362052;0.2044334975369458;0.382421515865368
Unknown;0.0255594888102237;0.53125;0.8851146624278385
Unknown;0.0174796504069918;0.7665441176470589;1.0426720251522192
Unknown;0.0252794944101117;0.4166666666666667;0.9093234012692596
High;0.2019559608807823;0.3627450980392157;0.5586228984506223
Unknown;0.504429911401772;0.2430555555555555;0.2931647898995992
Unknown;0.7074658506829863;-0.2926829268292683;-0.1120060007663974
Unknown;0.7931841363172737;0.0577777777777777;0.1136324249111215
Unknown;0.0109197816043679;0.7922077922077922;1.0973899455891798
Unknown;0.0519189616207675;0.4068181818181818;0.629278038665816
Unknown;0.122037559248815;-0.4311111111111111;-0.7336880276788768
Control;0.9387412251754964;0.0368663594470046;0.0347825795809351
Low;0.0442391152176956;0.4538461538461538;0.6799787912232206
Unknown;0.0202395952080958;-0.5555555555555556;-1.0825602772043654
Unknown;0.0303993920121597;0.5520833333333334;0.8958909887482019
Unknown;0.6394672106557869;0.123076923076923;0.170737947874541
Unknown;0.4025919481610368;-0.362962962962963;0.2765708609820915
Unknown;0.1557968840623187;-0.3151927437641723;-0.5872898335166926
Unknown;0.0081998360032799;0.6884057971014492;1.220319810395272
Unknown;0.0014799704005919;-0.7194805194805195;-1.3737274304934584
Control;0.0585188296234075;0.4110275689223057;0.6755201093551468
Control;0.5839483210335793;0.1142857142857142;0.2377237654079941
Unknown;0.0143997120057598;-0.6711111111111111;-1.1956666505055318
Control;0.0017599648007039;0.638961038961039;1.1136189813284172
Unknown;0.0013199736005279;0.8205128205128205;2.526725646590405
Unknown;0.0109997800043999;0.702576112412178;1.076111407015651
Unknown;0.1326373472530549;-0.4438775510204081;-0.6049471925968306
Unknown;3.999920001599968e-05;0.9348370927318296;2.464605099252134
Unknown;0.2852742945141097;0.1998001998001998;0.339322296018116
Medium;0.5457490850182997;0.1936619718309859;0.2308084710477942
Low;0.9085418291634167;-0.0571428571428571;-0.0265676818696176
Unknown;0.6159476810463791;0.2506265664160401;0.1519797158029414
Unknown;0.0426791464170716;-0.4761904761904761;-0.9393428501701068
Control;0.1908361832763344;-0.2893081761006289;-0.5718044913004439
Medium;0.3395532089358213;0.3955555555555555;0.3596636819206537
Unknown;3.999920001599968e-05;0.8533333333333334;1.924164936161334
Control;0.6073878522429551;0.6379310344827587;0.235684021473447
Unknown;0.0019599608007839;-0.8133333333333334;-1.5169055130448112
Unknown;0.0599988000239995;-0.4;-0.6259749301765146
Unknown;0.9561408771824564;-0.0511363636363636;0.0124844604590913
Unknown;0.1882362352752944;-0.1324675324675324;0.601727710170462
Unknown;0.5819483610327794;-0.2733333333333333;-0.2459525418766354
Unknown;0.0493590128197436;0.2777777777777778;1.1456447818783335
Medium;0.4203515929681406;0.2177419354838709;0.3166900746402445
Unknown;0.1517169656606868;-0.0096153846153846;1.1054478491074775
Unknown;0.0343993120137597;-0.52;-1.1234341905444114
Unknown;0.0019599608007839;-0.6028368794326241;-1.6315091140779696
Unknown;0.9191816163676726;-0.164021164021164;-0.0423513047320572
Unknown;0.6511869762604748;-0.2810457516339869;-0.1990294137336851
Low;3.999920001599968e-05;0.740909090909091;1.397204120715685
Unknown;0.0720785584288314;-0.3123486682808716;-0.7970832147409929
Unknown;0.7885042299154017;0.0620915032679738;0.0194826893535872
Unknown;0.0017199656006879;0.7578692493946732;1.3596215948784358
Unknown;0.0565188696226075;0.5582010582010583;0.9032975456884672
Unknown;0.6982660346793064;0.032051282051282;0.1712989563225674
Unknown;0.0701585968280634;-0.5362318840579711;-0.8421915519301972
Unknown;0.0005999880002399;0.8416666666666667;1.8782211476349315
Unknown;0.0789184216315673;0.3917647058823529;0.5895006882245831
Unknown;0.0001599968000639;0.837037037037037;1.7742461607074118
High;0.8515429691406172;-0.1384615384615384;0.059383049547848
Unknown;0.0095198096038079;0.6170212765957447;1.1945336881591353
High;0.1811163776724465;-0.2679738562091503;-0.627160640146507
Unknown;0.0004399912001759;-0.7666666666666667;-1.913423709152871
Control;0.0001599968000639;0.803030303030303;1.3969207596154896
Low;0.0223595528089438;-0.3174603174603174;-1.0277505689266484
Unknown;0.3555528889422211;0.2777777777777778;0.4056209181783385
Unknown;0.0193996120077598;-0.625;-1.1042249320106143
Unknown;0.49715005699886;0.0833333333333333;0.2690177448069371
Medium;0.0009199816003679;0.7333333333333333;0.9686748313450448
Unknown;0.8595828083438332;-0.1451612903225806;-0.0915704287221383
Control;0.0010399792004159;0.6159554730983302;1.0201471420512669
Unknown;0.3663926721465571;0.32;0.3697448463640988
Unknown;0.1948361032779344;0.0972222222222222;0.5888376166268554
Unknown;0.0310793784124317;0.4328703703703703;0.814376008663774
Unknown;0.9226615467690646;-0.050314465408805;0.0488128599078858
Unknown;7.999840003199936e-05;-0.7168949771689498;-1.7232251808107606
Unknown;0.0012399752004959;-0.746031746031746;-1.5455169926734975
Unknown;7.999840003199936e-05;0.5648148148148148;1.091646194779653
Unknown;3.999920001599968e-05;0.771875;1.7417072156094116
Control;0.0002799944001119;0.7428571428571429;1.6752673773581914
Unknown;0.3494730105397892;-0.2345679012345679;-0.4070863406512153
Unknown;0.1853162936741265;-0.0177777777777777;0.6315592180512271
Unknown;0.1625967480650387;0.3484848484848485;0.6193434443057064
Unknown;0.0222395552088958;0.5205811138014528;0.8926744919926055
Control;0.8446631067378653;0.0507246376811594;0.0994969166172182
Unknown;0.620387592248155;-0.1205673758865248;0.2119165633090623
Unknown;3.999920001599968e-05;1.0;2.400988826714759
Unknown;0.1575568488630227;0.3333333333333333;0.6127099408327298
High;0.0036399272014559;0.667447306791569;1.110793222507469
Unknown;0.6531869362612748;-0.1428571428571428;-0.1748277408909946
Unknown;0.0991596638655462;0.1515151515151515;1.3565553651887434
Control;3.999920001599968e-05;0.9330143540669856;2.555904119992505
Unknown;0.119797604047919;0.3555555555555555;0.6994990726777651
Low;0.3951120977580448;0.2592592592592592;0.3333161527968785
Medium;0.6989460210795784;-0.065079365079365;-0.1085437620709096
Unknown;0.0020399592008159;-0.7536231884057971;-1.4854297486474914
Unknown;0.2338753224935501;0.3265306122448979;0.4797423134967702
Unknown;0.0629187416251675;0.3693181818181818;0.6746547468713656
Unknown;0.2676346473070539;0.3866666666666666;0.5313214041979184
Unknown;3.999920001599968e-05;0.8947368421052632;1.4103908752586556
Unknown;0.1381572368552629;-0.2961038961038961;-0.6079944383367527
Low;0.0078798424031519;0.6666666666666666;1.3226454801754746
Unknown;0.5213895722085559;0.1393280632411067;0.2002124186375522
Unknown;0.1263174736505269;0.319047619047619;0.6264135404354815
Low;0.0004399912001759;0.8300653594771242;1.2669402015276237
Unknown;0.0383192336153276;-0.52;-1.053136922048565
Unknown;0.0639987200255994;0.3662337662337662;0.772327374454317
Unknown;0.123117537649247;0.2555555555555555;0.6772351780011103
Unknown;0.0035999280014399;-0.7511111111111111;-1.4618050940151566
Low;3.999920001599968e-05;0.8465909090909091;1.5158435958304166
Unknown;0.2089558208835823;-0.2666666666666666;-0.5585633794664466
Unknown;0.8102637947241055;0.2411347517730496;0.1053027209151107
Unknown;0.2934741305173896;-0.3422222222222222;-0.4559252876176338
Unknown;0.0084798304033919;-0.6296296296296297;-1.2253372380231975
Unknown;0.0024399512009759;0.6333333333333333;1.7043581513615211
Unknown;0.6438671226575469;-0.2977777777777777;-0.2023825871679032
Unknown;3.999920001599968e-05;0.9137466307277629;1.6045620889224912
Unknown;0.0496390072198556;0.558641975308642;0.8165456680602033
Unknown;0.0058798824023519;-0.6143790849673203;-1.242665934808369
Unknown;0.495310093798124;0.3914893617021276;0.344804214274302
Unknown;0.3032339353212935;-0.3955555555555555;-0.4804657975224179
Unknown;0.6305873882522349;0.0259740259740259;0.1860249985547123
Unknown;0.0052398952020959;-0.5897435897435898;-1.3460162666708984
Unknown;0.0167196656066878;-0.3900709219858156;-1.1595412852819151
Unknown;0.4161516769664606;-0.2222222222222222;-0.350174475027232
Unknown;0.0114397712045759;0.5370370370370371;1.056228281329302
Unknown;0.4917501649967;-0.015625;0.272713375682703
Unknown;0.0191996160076798;0.5;0.897799154673708
Unknown;0.2274754504909902;-0.1186440677966101;0.458105066366585
Unknown;0.1104777904441911;-0.5362318840579711;-0.699853104043245
Unknown;0.4193516129677406;0.2639225181598063;0.3334323172927667
Unknown;0.2469414643327686;0.4;0.652287904831526
Unknown;0.1325973480530389;0.396551724137931;0.5964174413548146
Unknown;0.0260394792104157;0.5561224489795918;0.9955196876517258
Unknown;3.999920001599968e-05;0.9154285714285716;1.9599174666778143
Unknown;0.3576728465430691;-0.0147783251231527;0.3706962415204148
Unknown;0.1006779864402711;-0.4047619047619047;-0.699525241245784
Unknown;0.0105197896042079;-0.6296296296296297;-0.9179449447756644
Unknown;0.0282394352112957;0.4414814814814815;0.7814862676912758
Unknown;0.9302613947721046;-0.0243055555555555;0.0399515003677385
Unknown;0.0632387352252955;0.3656174334140435;0.7652239593511754
Medium;0.0013599728005439;0.7311827956989247;1.3683062358647258
Unknown;0.0021599568008639;0.6851851851851852;1.4256032106724197
Unknown;0.2882342353152937;-0.3333333333333333;-0.4671726383527541
Unknown;0.1499170016599668;0.391025641025641;0.6282384026059866
Unknown;0.1014779704405911;0.4871794871794871;0.609194527404414
Low;0.3356732865342693;0.2318840579710145;0.4145193088482752
Unknown;0.0003199936001279;0.7772397094430993;1.4509444900556756
Unknown;0.7267054658906822;0.0124610591900311;0.1083346738977078
Unknown;0.0039199216015679;-0.6666666666666666;-1.305174671240388
Unknown;0.0576788464230715;-0.4509803921568627;-0.8652555721465073
Unknown;0.0062398752024959;0.5427350427350427;0.9218454273643154
Control;0.2173156536869262;0.0486111111111111;0.5455773782671032
Unknown;0.0847583048339033;0.5510204081632653;0.8925328596882028
Unknown;0.117197656046879;0.3472222222222222;0.5646263146542113
Unknown;0.245595088098238;0.0992907801418439;0.5091330958611485
Unknown;0.5589088218235635;0.1172839506172839;-0.2400952282095153
Unknown;7.999840003199936e-05;0.7325581395348837;1.4341023695108113
Control;0.3607527849443011;0.3233333333333333;0.397731352466277
Unknown;0.879342413151737;0.037037037037037;0.0707405782944893
Unknown;0.7353452930941381;0.228395061728395;0.0835076171196284
Unknown;3.999920001599968e-05;-0.9202898550724636;-1.738660005039688
Unknown;0.2111957760844783;0.3066666666666666;0.543971975907151
Unknown;0.1111577768444631;-0.4181818181818181;-0.7133044014417191
Unknown;0.7434651306973861;-0.064039408866995;-0.1412021235014165
Unknown;0.2870342593148137;0.1666666666666666;0.4617100839767216
Unknown;0.1989160216795664;-0.3181818181818182;-0.5815500306945919
Unknown;0.0423991520169596;-0.3734335839598997;-0.8640676693659752
Unknown;0.4573508529829403;0.1272727272727272;0.3777716626632948
Control;0.6657466850662986;0.1836734693877551;0.1867646019567567
Unknown;0.1094378112437751;0.3725490196078431;0.6944603155725663
Low;0.0110797784044319;0.5275735294117647;0.8632662636577738
Unknown;0.7539849203015939;-0.0138888888888888;-0.166574531012463
Unknown;0.0513589728205435;-0.5408805031446541;-0.8665076840493346
Unknown;0.6794664106717866;0.1376811594202898;0.1929543161994951
Unknown;0.7100257994840103;-0.3407407407407407;0.1385235825899818
Unknown;0.6939861202775944;-0.4397163120567376;-0.1851983298951618
Control;0.24407511849763;0.3769230769230769;0.4225937994819568
Control;0.1508369832603348;0.3333333333333333;0.6156475639512331
Control;0.0115597688046239;0.7142857142857143;1.2402862284895904
Unknown;0.0017199656006879;-0.6234567901234568;-1.31629200625916
Unknown;0.2753144937101258;-0.3188405797101449;-0.4695639402177008
Unknown;0.0195196096078078;0.4838709677419355;0.8647285045520926
Unknown;0.368352632947341;0.1014492753623188;0.3893126884821931
Unknown;0.5825483490330193;-0.0753968253968253;-0.2453514945932828
High;0.1668766624667506;0.4037037037037037;0.6047017896742242
Unknown;3.999920001599968e-05;0.703125;1.9748262476962104
Unknown;0.0868382632347353;0.4659863945578231;0.7885274317915133
Unknown;0.24867502649947;0.5069444444444444;0.4946314572537901
Unknown;0.0136797264054718;-0.6312056737588653;-1.0433128442335595
Unknown;3.999920001599968e-05;0.7961165048543689;1.4482852960256525
Unknown;0.1839163216735665;-0.1141975308641975;0.651186599911467
Unknown;0.1644367112657747;-0.2481481481481481;-0.6322892640763357
Unknown;0.6497070058598828;-0.0705128205128205;-0.1942488371280649
Unknown;0.1767564648707026;-0.2037037037037037;-0.6144938766888223
Unknown;0.1029579408411831;0.5022222222222222;0.6232701484580007
Unknown;0.0040799184016319;-0.8222222222222222;-0.9656422092253726
Unknown;3.999920001599968e-05;0.9012345679012346;1.4604579824006467
Unknown;0.3426731465370692;0.2908496732026144;0.3320271075266007
Unknown;0.0483190336193276;-0.3576388888888889;-0.7195076552033153
Unknown;0.997820043599128;-0.4311111111111111;-0.0614536774384232
Unknown;3.999920001599968e-05;0.929945054945055;1.979051705494743
Medium;0.0131197376052478;0.5783582089552238;0.9182511708806677
Control;0.0011199776004479;0.8296296296296296;1.812312309740699
Medium;0.8833023339533209;0.1168831168831168;0.024892355835514
Unknown;0.2870742585148297;-0.2452830188679245;-0.4457186791144599
Unknown;0.1859962800743985;-0.3133333333333333;-0.5780162663922679
Unknown;0.0330393392132157;-0.6622222222222223;-1.0992878155987682
High;0.7268654626907461;-0.2355555555555555;-0.1742455799278062
Unknown;0.0013999720005599;0.75177304964539;1.5836584802330786
Low;0.0042799144017119;0.6622222222222223;1.5324098071671668
Unknown;0.0101597968040639;-0.6266666666666667;-1.1758586034310357
Unknown;0.0438791224175516;-0.5270935960591133;-0.8391043751869208
Unknown;0.0972380552388952;-0.4;-0.7640497055899548
Unknown;0.5527889442211156;-0.0044444444444444;0.1573358386659725
Unknown;0.5774284514309714;0.1507936507936507;0.270526534337043
Unknown;0.0729985400291994;0.4133333333333333;0.7083282032000394
Unknown;0.3993920121597568;-0.25;-0.3657925232241157
Unknown;0.0015199696006079;-0.6956521739130435;-1.6260986451315436
Unknown;0.0086798264034719;0.6574074074074074;0.8321789709437892
Control;0.6617467650646988;-0.0121065375302663;-0.1723973137716742
Unknown;0.0128797424051518;0.5972222222222222;1.0464672764057037
Unknown;0.0179196416071678;0.6764705882352942;0.816220054880086
Unknown;0.7215455690886182;0.0666666666666666;0.1585815157931036
Unknown;0.118037639247215;0.3;0.6935980523645211
High;0.0707985840283194;-0.3230994152046784;-0.6632622231389107
Unknown;0.6531869362612748;-0.1097560975609756;-0.1939251364825945
Unknown;0.0862782744345113;-0.3439153439153439;-0.7214785995751731
Unknown;0.0079598408031839;-0.5782312925170068;-1.1162807763039584
Unknown;3.999920001599968e-05;-0.9777777777777776;-2.5699303840944627
Unknown;0.0894382112357752;-0.5359477124183006;-0.7431055772874886
Unknown;0.6039479210415791;0.1428571428571428;0.2155859417785888
Unknown;0.5401091978160437;-0.1022222222222222;-0.2765061661783612
High;0.742265154696906;-0.0952380952380952;0.1192711858731163
Unknown;0.0191596168076638;-0.6702898550724637;-1.0839084034421749
Unknown;0.0964380712385752;0.4577777777777778;0.7931102635615702
Medium;0.0176396472070558;-0.5576923076923077;-0.9466813775887154
Control;0.0063998720025599;0.6533957845433255;1.084076395838702
Unknown;0.4558308833823323;0.2152777777777778;0.3258495529422893
Low;0.1063178736425271;0.7407407407407407;0.8450466389366912
Unknown;0.0465990680186396;0.3492063492063492;1.0657362412372158
Control;0.0001599968000639;0.8666666666666667;1.7410743853260264
Unknown;0.2986740265194696;-0.2592592592592592;-0.4500371272256855
Unknown;0.4679106417871642;-0.0784313725490196;-0.2984924816207897
High;0.3433931321373572;0.1619047619047619;0.3834160487301799
Unknown;3.999920001599968e-05;0.8968253968253969;2.188243018069468
Unknown;0.992940141197176;0.1543209876543209;0.0163686352663705
Unknown;0.0061598768024639;0.6370370370370371;1.4085545815250915
Unknown;0.0001999960000799;-0.7210884353741497;-2.466871173540352
Unknown;0.4794304113917721;-0.2448979591836734;-0.2965491750279376
Unknown;0.0901981960360792;-0.4782608695652174;-0.7796681622233982
Unknown;0.99830003399932;0.0441558441558441;0.0028126704215354
Unknown;0.1925161496770064;-0.2056737588652482;-0.5885988361549808
Unknown;0.124077518449631;0.3559322033898305;0.610268965352522
Unknown;0.0143997120057598;-0.6103896103896104;-1.1018878368834726
Unknown;0.0085198296034079;0.6126126126126126;1.2715501066477088
Unknown;0.0025199496010079;0.625;1.087451691607456
Unknown;0.3953120937581248;-0.1843971631205673;-0.3715092050230171
Unknown;0.499910001799964;-0.2246376811594203;-0.289189347980298
Medium;0.0001599968000639;0.7703081232492998;1.740874261721173
Unknown;0.9491010179796404;-0.1134751773049645;-0.0458640769121074
Unknown;0.4393512129757405;0.1633064516129032;0.2863987481568361
Unknown;0.0111597768044639;-0.7430555555555556;-0.7926429821857742
Unknown;0.5242295154096918;-0.206060606060606;-0.2030683161177927
Unknown;0.0105197896042079;0.6172839506172839;1.0292751462292464
Unknown;0.3339533209335813;0.1688311688311688;0.3395736655595174
Medium;0.0077998440031199;0.6538461538461539;1.0138761682885666
Unknown;0.2945941081178376;0.5111111111111111;0.3383585159572021
Unknown;0.2757544849103018;0.4012345679012346;0.4733553947934582
Unknown;3.999920001599968e-05;0.7121212121212122;1.267595236971427
Medium;0.9186216275674488;0.1822222222222222;0.029894043154305
Low;0.7650646987060259;-0.0612244897959183;-0.1037598908453406
Unknown;0.0125197496050079;0.7291666666666666;1.1460893294182706
Unknown;0.1728765424691506;0.3733333333333333;0.5800796368582477
Unknown;0.0003199936001279;-0.8148148148148148;-1.8073402039681037
Unknown;0.0063998720025599;0.4846153846153846;0.9781943553336874
Unknown;0.4309913801723966;0.2615384615384615;0.1927234710429794
Medium;0.7403851922961541;-0.0457516339869281;-0.1435160936624511
Unknown;0.0870782584348313;-0.2083333333333333;-0.7358130110528216
Unknown;0.1052778944421111;0.4285714285714285;0.6646895030038776
Unknown;0.0001199976000479;0.8097014925373134;1.35531466293805
Unknown;0.4624707505849883;0.1658163265306122;0.3119653027037733
Unknown;0.4118317633647327;-0.2483660130718954;-0.3590916555844406
Unknown;0.7321853562928742;0.1568181818181818;0.1208884373159469
Unknown;0.0973180536389272;-0.4933333333333333;-0.7975078781032966
Unknown;0.8428631427371452;-0.0211267605633802;-0.0724837660818339
Unknown;0.0941181176376472;-0.4057971014492754;-0.6998658324642931
Unknown;0.3277534449311013;0.2148148148148148;0.4388830400069616
Unknown;0.0244395112097758;-0.3985507246376811;-1.1294468373858635
Unknown;0.2153556928861422;0.2466666666666666;0.5394052805754745
Unknown;0.628547429051419;-0.115079365079365;-0.181964080460916
Control;0.0118797624047519;0.3888888888888889;0.7539144850512884
Control;0.749745005099898;-0.1025641025641025;-0.1272224070162045
High;0.4459510809783804;0.2098765432098765;0.3395391732288784
Unknown;0.374512509749805;0.1016949152542373;0.335374976360944
Unknown;0.0082798344033119;0.4636963696369637;0.7717412554831187
Unknown;0.0500389992200156;-0.5111111111111111;-0.9693385965442892
Unknown;0.0033999320013599;-0.74;-1.2964855430769802
Unknown;0.988940221195576;0.04;0.0061551357618377
Unknown;0.0435991280174396;0.2454545454545454;0.9455018931815584
Control;3.999920001599968e-05;0.8435672514619883;1.8668224343958693
Unknown;0.0500789984200316;0.5333333333333333;0.935399993320534
Unknown;0.0529589408211835;-0.3634146341463414;-0.6932089595147106
Unknown;0.119117617647647;0.2672811059907834;0.617157646790518
Unknown;0.614747705045899;0.0638297872340425;0.1511133482081366
Unknown;0.0083198336033279;0.6166666666666667;1.4106506994527024
Low;0.0411191776164476;0.4358974358974359;0.7431507376173434
Unknown;0.1086378272434551;0.3688888888888889;0.755938158923715
Unknown;0.3892722145557089;-0.1938775510204081;-0.3397925915077969
Control;0.3850322993540129;0.2352941176470588;0.370494791067301
Unknown;0.0031999360012799;0.4825174825174825;1.0546404803343687
Unknown;0.5673886522269554;-0.2847222222222222;-0.2461038915863962
Unknown;0.992780144397112;-0.0110294117647058;-0.0057395098489385
Medium;0.2273554528909422;0.3005698005698006;0.4283151343874104
Unknown;0.2093958120837583;0.2962962962962963;0.5508505659268658
Unknown;0.0021199576008479;0.5977777777777777;1.0779963879809988
Unknown;0.0113597728045439;0.4466666666666666;1.1153622746860083
Unknown;0.0682386352272954;0.3114754098360656;0.7696985671657093
Unknown;0.0174396512069758;0.614406779661017;0.97192032652423
Unknown;0.0049199016019679;0.4591049382716049;0.8479587287207075
High;0.0001999960000799;0.8141025641025641;1.4831948995845996
Unknown;0.0169996600067998;-0.8641975308641975;-1.1483038105720549
Unknown;0.0016399672006559;-0.7569444444444444;-1.499003010246449
Unknown;0.9699806003879924;-0.0507246376811594;0.0520365930505283
Unknown;0.6351472970540589;-0.3197278911564626;-0.199906091718289
Unknown;0.0719985600287994;-0.5641025641025641;-0.7965264858657023
Low;0.0187996240075198;0.4081027667984189;0.6648655703738299
Control;0.1484770304593908;-0.3678571428571429;-0.5691713698305618
Unknown;0.0009599808003839;-0.851063829787234;-1.8796728448944424
Unknown;0.0007599848003039;-0.7898550724637681;-1.5978181455744391
Unknown;0.8916621667566649;-0.0547619047619047;-0.0546385337883649
Unknown;0.1764764704705906;0.3262411347517731;0.5999204566197996
Unknown;0.5166696666066679;0.1477272727272727;0.2465293146706266
Unknown;0.1055978880422391;-0.4351851851851852;-0.72331628633171
Unknown;0.4096318073638527;0.2291666666666666;0.357730860551041
Unknown;0.0239995200095998;0.4429223744292237;0.8497605305979923
Unknown;0.4379512409751805;-0.1904761904761904;-0.2737020772878644
Control;3.999920001599968e-05;1.0;1.868050000722039
Unknown;0.2691146177076458;0.1866666666666666;0.5342346754541231
Unknown;0.0042399152016959;0.6962962962962963;1.2084814097150334
Unknown;0.1036779264414711;-0.362962962962963;-0.5911495938597263
Unknown;0.1580368392632147;0.3911111111111111;0.6529786751524177
Unknown;0.245595088098238;0.1527093596059113;0.4609763344171295
Control;0.2574748505029899;-0.3333333333333333;-0.501097614242972
Medium;0.0576388472230555;0.5471698113207547;0.8350906529042373
Unknown;0.0018399632007359;0.7610062893081762;1.2054391317080742
Unknown;0.0277194456110877;-0.5555555555555556;-1.061284961565582
Unknown;0.1629967400651987;-0.4027777777777778;-0.6164049769412036
Unknown;0.0056798864022719;-0.599290780141844;-1.3615973417106575
Unknown;0.4164316713665726;0.3;0.3379231869945305
Unknown;0.0919981600367992;0.5138888888888888;0.7997641286077755
Unknown;0.9189016219675606;-0.0030864197530864;0.0327789418665668
Unknown;0.3991744066047472;0.15625;0.4755956831435002
Unknown;0.0011599768004639;0.7049180327868853;1.5294780492976103
Unknown;0.1965960680786384;-0.1346153846153846;0.6127294941053609
Unknown;0.0212395752084958;0.5032679738562091;0.9321059331927368
Unknown;0.5459090818183636;0.0567375886524822;0.252024746286708
Unknown;0.0024399512009759;-0.6296296296296297;-1.3537765914881412
Unknown;0.9404611907761844;-0.0844444444444444;0.0530945831781692
Unknown;0.3195936081278374;0.3768115942028985;0.4398214448656141
Unknown;0.977860442791144;0.1545667447306791;-0.0102043649204415
Low;0.0063198736025279;0.60062893081761;1.1601439466564163
Unknown;0.6356272874542509;-0.2978723404255319;-0.186322297360559
Unknown;0.4837503249935001;-0.3259259259259259;-0.30720250083072
Control;0.0168396632067358;0.4477611940298507;0.9316024572399056
Unknown;0.499430011399772;-0.0285714285714285;-0.2695940086671903
Low;0.2977940441191176;-0.238095238095238;-0.4606319428834857
Unknown;0.3607127857442851;0.1923076923076923;0.4033924130680176
Unknown;0.7101857962840743;-0.3680555555555556;0.1276689503803325
Unknown;0.3631927361452771;-0.1822222222222222;-0.4311750362070764
Unknown;0.9185016299674008;0.0196078431372549;0.0423955228834137
Unknown;0.0651586968260634;-0.524822695035461;-0.8146279513023014
Unknown;0.0028399432011359;-0.6470588235294118;-1.4759442080154594
Unknown;0.0153196936061278;0.5867346938775511;0.945599035414208
Unknown;3.999920001599968e-05;0.7875816993464052;1.5521346692244895
Unknown;0.6082278354432912;-0.3688888888888889;-0.2090643189446231
Control;0.9715005699886002;-0.0319148936170212;0.0174404777732204
Unknown;0.1578768424631507;0.4044444444444444;0.6798254143377545
Unknown;0.0870382592348153;-0.5138888888888888;-0.8012075496106196
Unknown;0.0033999320013599;0.5526315789473685;1.0159957580191323
Unknown;0.5847883042339154;0.0992907801418439;0.2501956240012504
Unknown;0.3088338233235335;-0.3377777777777778;-0.4873406330273915
Control;0.0145197096058078;0.5434782608695652;0.9705255410714456
Unknown;0.0689186216275674;0.2925170068027211;0.9737139792701436
Unknown;0.0064798704025919;-0.6074074074074074;-1.406961445650805
High;3.999920001599968e-05;0.8525641025641025;1.4167004200665407
Unknown;0.6652666946661067;0.1879432624113475;0.1779547755795061
Unknown;0.4737505249895002;-0.25177304964539;-0.3161977162559797
Unknown;0.0821983560328793;0.3571428571428571;0.6854478623118142
Unknown;0.0527989440211195;-0.6057692307692307;-0.9262711646969762
Low;3.999920001599968e-05;0.7839080459770115;1.4997743519415645
Unknown;0.4354312913741725;-0.2346938775510204;-0.3374626302449942
Unknown;0.5914281714365712;-0.0518518518518518;-0.2278229619820898
Low;0.1542769144617107;0.3433583959899749;0.573761174604199
Unknown;0.248915021699566;-0.21;-0.4961753413206185
Unknown;0.1032779344413111;0.3197278911564626;0.5505233973584238
Control;0.0183996320073598;0.4846153846153846;0.8559046359761727
Unknown;0.0899182016359672;0.7547169811320755;0.8642845082777874
Unknown;3.999920001599968e-05;-0.9420289855072465;-1.4278449518684877
Unknown;0.2146757064858702;-0.1929824561403508;-0.5041739123894885
Unknown;0.8369432611347773;-0.0687830687830687;-0.0789335827255524
Unknown;0.9361012779744404;0.2058823529411764;0.0500259328975676
Unknown;0.240715185696286;0.3703703703703703;0.5218543231728991
Unknown;0.0738785224295514;0.2569444444444444;0.9482204364184303
Control;0.250234995300094;0.5481481481481482;0.4831951425601452
Unknown;0.4450710985780284;-0.1376811594202898;0.2944531474303094
Unknown;0.1331573368532629;-0.2971014492753623;-0.6444371240105042
Unknown;0.3875522489550209;-0.4488888888888889;-0.4068645029393058
Medium;0.2043959120817583;0.3029556650246305;0.5078313258105853
Unknown;0.0177996440071198;0.5866666666666667;1.0316174404243708
Unknown;0.0489590208195836;0.4528301886792453;0.799286202160298
Unknown;0.2173156536869262;-0.1153846153846153;-0.5152139055248864
Unknown;0.0014399712005759;0.6796536796536796;1.017721045916075
Unknown;0.0002399952000959;0.8466666666666667;1.635827608918681
High;0.2328353432931341;0.0333333333333333;0.5316036889422945
Unknown;0.8894222115557688;0.0;-0.0761423202777873
Unknown;0.0001199976000479;0.7676767676767676;1.6610953622165692
Unknown;0.7951440971180577;0.0100250626566416;0.1303481637335784
Unknown;0.0994780104397912;0.2320261437908496;0.7001711312723633
Unknown;0.0098398032039359;-0.68;-1.3689837653222243
Unknown;3.999920001599968e-05;0.9130434782608696;2.0735268052496
Unknown;0.1285174296514069;-0.4888888888888889;-0.7546574559865892
Unknown;0.1613567728645427;-0.44;-0.5868892709539468
Unknown;0.0085598288034239;0.4901477832512315;0.9088530288614656
Unknown;0.0123997520049599;-0.5138888888888888;-1.1249200301789564
Unknown;0.2754744905101898;0.0488888888888888;0.5416173442443785
Medium;0.6031479370412591;-0.0776942355889724;-0.2197817220123554
Unknown;0.8035839283214335;0.0643939393939393;0.0944638741630817
Unknown;0.7326653466930662;-0.4074074074074074;0.0898196918419452
Unknown;0.5316293674126518;-0.2826086956521739;-0.2786175836678301
Unknown;0.7959840803183936;0.0512820512820512;0.1150105769031008
Unknown;0.1767964640707185;0.5688311688311688;0.5433554738005408
Unknown;0.0092798144037119;0.6;1.3675931383386026
High;0.8804623907521849;-0.0333333333333333;-0.056753502680926
Unknown;0.0404791904161916;0.5615942028985508;0.9039335649122052
Unknown;0.6045079098418031;0.0887681159420289;0.2123509165796868
Unknown;7.999840003199936e-05;0.7855477855477856;1.4677528497113073
Control;0.0148797024059518;0.8176100628930818;1.1498873413879314
Unknown;3.999920001599968e-05;0.9064039408866996;1.9107293701095225
Unknown;0.0154796904061918;-0.6159420289855072;-1.1200585851242728
Unknown;0.2673546529069419;0.3111111111111111;0.489510592992198
Control;0.0040799184016319;0.5390070921985816;1.4233249771751788
Unknown;0.0273194536109277;0.3623188405797101;1.0705907558112064
Unknown;7.999840003199936e-05;0.7103448275862069;1.3870632663149935
Unknown;0.8073838523229535;0.1024590163934426;0.0909872617948621
Unknown;0.2930741385172296;-0.3925925925925926;-0.4698613584251484
Unknown;0.9373412531749366;0.1836734693877551;0.0298682634690811
Unknown;0.1558768824623507;0.3142857142857143;0.5650027411440699
Unknown;0.0019999600007999;0.6290697674418605;1.089370425433641
Medium;0.1875162496750065;0.0784313725490196;0.549621140189964
Unknown;0.0028799424011519;0.7222222222222222;1.2515614093058347
Unknown;0.0032399352012959;-0.6222222222222222;-1.4011237862542505
Control;0.0135597288054238;0.5436507936507936;0.8976909840065116
Medium;0.0272794544109117;0.6148148148148148;0.8365235344636784
Unknown;0.0039999200015999;0.7042606516290727;1.5082289109615832
Unknown;0.0001199976000479;0.7536764705882353;1.4781110667191688
Control;0.0144797104057918;0.6807228915662651;0.7369881924095902
Unknown;0.0001199976000479;0.7125803489439853;1.1102259555821232
Low;0.2841943161136777;-0.3456221198156682;-0.432711263778055
Unknown;0.2077958440831183;-0.3317757009345794;-0.3845150699456052
Unknown;0.121797564048719;-0.52;-0.7367292826055015
Unknown;0.3058738825223495;0.2469135802469135;0.4465029787598009
Unknown;0.0069198616027679;0.8562091503267973;1.4808208912855798
High;7.999840003199936e-05;0.9319727891156464;1.7927239724330437
Unknown;0.1950760984780304;0.6928104575163399;0.4991639005717048
High;0.0030799384012319;0.7692307692307693;1.4070665485784386
Unknown;0.4726305473890522;0.28;0.3171346990440095
Unknown;0.0329193416131677;0.3472222222222222;0.6234652291629319
Unknown;0.3056338873222535;-0.1911111111111111;-0.4971610805352489
Unknown;0.0176396472070558;-0.6099290780141844;-1.0531203421645343
Unknown;0.4188716225675487;0.2170212765957447;0.394691102929105
Unknown;0.1475170496590068;0.4577777777777778;0.710795366263943
Unknown;0.0605187896242075;-0.2672955974842767;-0.9633639442851264
Unknown;0.124277514449711;0.5535714285714286;0.6005953817044887
Unknown;0.6063878722425552;0.1798941798941798;0.208582904356483
Unknown;0.874982500349993;-0.0486111111111111;-0.0556551262424451
Unknown;0.2266354672906541;-0.2167487684729064;-0.4911961804601821
Low;0.0015199696006079;0.6938405797101449;1.2058485212282235
Unknown;0.2249155016899662;0.3472222222222222;0.5281955412024895
Unknown;0.0889582208355832;0.1792207792207792;0.740548390862595
Medium;0.0257194856102877;0.4183673469387755;0.8166492822478245
Low;0.8217035659286814;0.0;0.1019667004302098
Unknown;0.4785104297914042;-0.1773049645390071;-0.3021075287205249
High;0.2981540369192616;-0.2933333333333333;-0.4571272136785575
Control;0.0112797744045119;0.5740740740740741;0.8823166365438353
Unknown;0.0155996880062398;-0.6041666666666666;-1.115081724457883
Low;0.874542509149817;-0.0814814814814814;-0.06125227833437
Unknown;0.1911961760764784;0.3297101449275362;0.5717777286547622
Unknown;0.0119335591033704;-0.8169934640522876;-1.3102023749677372
Control;0.5142297154056918;-0.2444444444444444;-0.2806524599818469
Unknown;0.6629067418651627;0.0817610062893081;0.189665426833463
Unknown;0.0004799904001919;-0.7971014492753623;-1.785226828105027
Unknown;0.0287594248115037;-0.5802469135802469;-0.9722654805161788
Unknown;0.0038799224015519;0.5873015873015873;1.0756326767067736
Unknown;0.0366792664146717;0.4489795918367347;0.8984287635357164
Unknown;0.0001199976000479;0.8275862068965517;1.660806317615191
Unknown;0.7976240475190496;-0.0104166666666666;0.1152670803230998
Unknown;0.9228215435691286;0.1212686567164179;-0.0264189784736136
Low;0.1652766944661106;0.2880562060889929;0.5394193872455563
Medium;0.1420771584568308;0.228395061728395;0.5077858222681206
Unknown;0.0596788064238715;-0.4933333333333333;-0.9136964508395176
Unknown;0.2744345113097738;0.2222222222222222;0.4772816904579913
Unknown;0.1549569008619827;0.3333333333333333;0.5930363600306531
Low;0.0080798384032319;0.7307692307692307;0.9348947541323106
Unknown;0.374232515349693;-0.2898550724637681;-0.3737893128488681
Unknown;0.0188796224075518;0.6111111111111112;1.0647524018361632
Medium;0.1731165376692466;0.3355555555555555;0.453093670379015
Unknown;7.999840003199936e-05;0.8768472906403941;1.4473380153672164
Unknown;0.4771904561908762;-0.1675;0.1890325613861824
Low;0.0341193176136477;0.4557823129251701;0.7972956643133885
Low;0.3974320513589728;0.1293759512937595;0.286920188698928
Unknown;0.1037579248415031;-0.3475177304964539;-0.7481574737480782
Unknown;0.0036399272014559;0.5925925925925926;1.2350172857714408
Unknown;0.0477190456190876;-0.6;-1.0377424840814389
Unknown;0.4130717385652287;0.1134751773049645;0.3713679161395164
Control;0.0010399792004159;0.6415441176470589;1.190977891009213
Unknown;0.0822383552328953;0.4222222222222222;0.7755739720840968
Unknown;0.1375972480550389;0.3972222222222222;0.5052343517144811
Unknown;0.6340273194536109;-0.0061728395061728;-0.1537570444602243
Unknown;0.0011199776004479;0.7777777777777778;1.5647297734399208
Unknown;0.1079578408431831;-0.1394621638524077;-0.485884802269923
Low;0.0068398632027359;0.6014492753623188;1.1888796719838155
Unknown;0.1521969560608787;-0.4311111111111111;-0.7065745792286817
Unknown;0.120557588848223;0.3814102564102564;0.6765422722851883
Unknown;0.0106397872042559;0.5105820105820106;0.8063882377251191
Unknown;0.0003199936001279;0.6741573033707865;1.074304672751259
Low;0.0027999440011199;0.6782106782106783;1.061559145411198
Unknown;3.999920001599968e-05;0.7459546925566343;1.3194220410068669
Unknown;0.8326633467330653;0.003731343283582;0.0806320331995218
Control;0.6826263474730505;0.1594202898550724;-0.1357305453110515
Unknown;0.875822483550329;-0.0928571428571428;0.0897618327964328
Unknown;0.0002399952000959;0.8;1.5272475073877203
Unknown;0.3239535209295814;0.0873015873015873;-0.3748260533002145
Unknown;0.4502709945801084;-0.4559748427672956;-0.3175511283180104
Low;0.0014399712005759;0.6029411764705882;1.199910367128353
Unknown;0.0808783824323513;0.4141791044776119;0.633407157256992
Control;0.1013579728405432;0.3836477987421384;0.7327412496987462
Unknown;0.3070738585228295;-0.2883116883116883;-0.4139601993846706
Unknown;0.4367112657746845;-0.2012578616352201;-0.3404220323013889
Unknown;0.4353912921741565;-0.0755555555555555;0.3102010635746884
Control;0.0073598528029439;0.6989795918367347;1.0739491671930343
Unknown;0.0039999200015999;0.5802469135802469;1.2663904781210338
High;0.0785584288314233;0.4591836734693877;0.7281297824199655
Unknown;0.0521589568208635;0.4649350649350649;0.8337879925719929
Unknown;0.0997180056398872;-0.3492063492063492;-0.690468038051156
Unknown;0.5930681386372273;0.0061728395061728;0.1977447922399673
Unknown;0.0184396312073758;0.5592592592592592;1.0819660394585346
Unknown;3.999920001599968e-05;0.9017857142857144;1.9288213586225704
Control;0.0053198936021279;0.75;1.0211540414422997
Unknown;0.0009199816003679;0.7672955974842768;1.59419585683777
Low;0.3915521689566208;0.2397959183673469;0.3359612688069342
Unknown;7.999840003199936e-05;0.8201058201058201;1.5070917792513328
Unknown;0.0486790264194716;-0.6666666666666666;-0.9951728047748514
Unknown;0.0051998960020799;0.4357142857142857;0.9726789554898848
Unknown;0.0138397232055358;0.4238095238095238;0.900065942955426
Unknown;0.0828783424331513;0.3153409090909091;0.5538530175370019
Unknown;0.1657166856662866;-0.3707482993197279;-0.6094039773930077
Unknown;0.2091558168836623;0.2493946731234866;0.5044192217027569
Unknown;0.0030799384012319;0.8580246913580247;1.3355167154528715
High;0.0410391792164156;0.5476190476190477;0.9135562555496838
Unknown;0.4132317353652927;0.1636029411764706;0.3090518165781369
Unknown;0.2151156976860462;0.1388888888888889;-0.5205605508269497
Unknown;0.0359192816143677;-0.6666666666666666;-1.0536570362251771
Unknown;0.0272394552108957;-0.5288888888888889;-0.9597610600751226
Unknown;0.0170396592068158;-0.5851851851851851;-1.05712096204373
Unknown;3.999920001599968e-05;-0.7868480725623582;-1.751818341928938
Unknown;0.0056798864022719;-0.6736111111111112;-1.1792239789860235
Unknown;0.2070358592828143;-0.3270440251572327;-0.5576202101805575
Unknown;0.2633547329053419;-0.625;-0.6158978997531803
Low;0.9479010419791604;0.0805194805194805;-0.0629491640618256
Unknown;0.0335593288134237;0.615234375;0.8747993584662261
Low;0.0039199216015679;0.6995073891625616;1.080954644401387
Medium;0.3382732345353093;0.3623188405797101;0.4256934328078856
Unknown;0.6648667026659467;0.3157894736842105;0.2199501434194503
Control;0.0011999760004799;0.6761363636363636;1.126297604950128
Unknown;0.0163196736065278;-0.5534591194968553;-1.0992222432256369
High;0.4329513409731805;0.1376811594202898;0.3527434806706467
Unknown;0.3289134217315653;-0.2160493827160493;-0.4265552182527182
Unknown;0.74382512349753;-0.3081761006289308;0.0827166254916785
Unknown;0.2295954080918381;0.2993197278911564;0.5203779130111008
Unknown;0.0392792144157116;0.5;0.7184130743674004
Unknown;0.1575568488630227;-0.3605442176870748;-0.6389880892154512
Unknown;0.9606207875842484;0.0942028985507246;-0.0246409901938944
Unknown;0.0434391312173756;-0.5217391304347826;-0.8465886915886752
Unknown;0.0133997320053598;0.7281746031746031;0.8695535414443123
Medium;0.0807583848323033;0.3732718894009216;0.6672138301749705
Control;0.3027539449211016;-0.4948979591836734;-0.4195098457266596
Unknown;0.5354292914141717;0.0958333333333333;0.2170843465062213
High;0.25227495450091;0.226950354609929;0.5000399704040029
Unknown;0.0154396912061758;-0.5900735294117647;-0.8653452347708642
Unknown;0.0113197736045279;-0.6814814814814815;-1.1839666851018726
Unknown;0.2807543849123017;0.2;0.4044297715313616
Unknown;0.1841963160736785;0.3594771241830065;0.5843239544242587
Unknown;0.870102597948041;0.0044444444444444;-0.054976001089196
Unknown;7.999840003199936e-05;0.8814814814814815;1.4655509234292534
Unknown;0.6800663986720266;-0.1560283687943262;0.1554954615914669
Unknown;0.0151196976060478;0.5344202898550725;0.9246932892487624
Unknown;0.0553188936221275;-0.5035460992907801;-0.8551202868090161
High;0.4750704985900282;0.2033333333333333;0.2451221256448918
Unknown;0.0536389272214555;0.3708791208791209;0.5760224360746102
Unknown;0.1622367552648947;0.588;0.7103024688794299
Unknown;0.2843543129137417;0.5205811138014528;0.434632438508719
Control;0.0001599968000639;0.7288732394366197;1.20499328150373
Low;0.0249595008099838;0.4884615384615384;0.8332727615582544
Medium;0.6402271954560909;0.0314769975786924;0.1287843770964372
Unknown;0.4927536231884058;-0.1818181818181818;-0.5235455870433712
High;0.0512789744205115;0.5943877551020408;0.7273751797597284
Unknown;0.8519429611407772;0.0066666666666666;0.1033482856367327
Unknown;0.0135197296054078;-0.5555555555555556;-1.045630198065601
Control;0.0025199496010079;0.8040816326530612;1.6656027006462508
Unknown;0.1321573568528629;-0.5022222222222222;-0.7547610895797024
Medium;0.0002399952000959;0.8666666666666667;1.7039710006694186
Unknown;0.8453430931381373;0.0823529411764705;0.0812712205978146
Low;0.0001599968000639;0.6946640316205533;1.1274005015697297
Unknown;0.4509909801803964;-0.4488888888888889;-0.3749467121025188
Unknown;0.0386792264154716;-0.6594202898550725;-0.959491060890754
Control;0.3132337353252934;-0.4814814814814814;-0.4456237657629017
Unknown;0.0056798864022719;-0.5686274509803921;-1.32859816455576
Unknown;0.0137997240055198;-0.52;-1.2228864468482965
Unknown;0.1811563768724625;0.7246376811594203;0.6839682199385484
Unknown;0.0002399952000959;-0.6981132075471698;-1.89908524895909
Unknown;0.0003999920001599;0.6587301587301587;2.0527683261001464
Unknown;0.0321993560128797;-0.5106382978723404;-0.9664576161351998
Unknown;0.0709985800283994;-0.5185185185185185;-0.8146347553587748
Unknown;0.2073158536829263;0.4577777777777778;0.6124309395367041
Unknown;0.0598788024239515;0.3829787234042553;0.8182712586486132
Unknown;0.0015599688006239;-0.6224489795918368;-1.3190066413460408
Unknown;0.116197676046479;-0.4444444444444444;-0.7495682475240947
High;3.999920001599968e-05;0.8446115288220551;1.4874952628476683
Unknown;0.0105197896042079;-0.5608465608465608;-1.0866806195087813
Unknown;0.0637987240255194;-0.4516129032258064;-0.757225246737418
Unknown;0.0413591728165436;0.5602836879432624;0.8295000997647254
Unknown;0.1123177536449271;-0.3723404255319149;-0.708923102858287
Unknown;0.7697846043079138;0.1486486486486486;0.1242788914767399
Unknown;3.999920001599968e-05;0.9852216748768472;1.2789590235531478
Control;0.4323913521729565;0.2814814814814815;0.3474883423492407
Control;0.125277494450111;-0.3666666666666666;-0.6203658321195388
Unknown;0.0140797184056318;-0.5390070921985816;-1.207499641147444
Control;0.0159596808063838;0.4888888888888889;1.1174510912567202
Unknown;0.1067578648427031;0.2975734355044699;0.568016639018532
Unknown;0.0064798704025919;-0.7777777777777778;-1.3778758966679463
Unknown;0.0001199976000479;0.8217054263565892;2.666946106965407
Unknown;0.0333193336133277;0.5866666666666667;0.9470164000904224
Unknown;0.3966720665586688;0.1979949874686716;0.3470896741543935
Control;0.0012799744005119;0.5336700336700336;0.9291620029384252
Unknown;0.6629867402651947;0.0929487179487179;0.1384711158719594
Unknown;0.3955920881582368;0.1774193548387097;0.2858203247529204
Unknown;0.1470370592588148;-0.1257861635220125;-0.7119963642379953
Unknown;0.6778264434711305;-0.0652173913043478;-0.1699062932902162
Unknown;0.5772684546309074;0.12;0.2676878252512835
Unknown;0.5501089978200436;-0.0208333333333333;-0.2828813542653811
Medium;3.999920001599968e-05;0.84992784992785;1.8699205883551693
Low;0.0001999960000799;0.8571428571428571;1.254358215987348
Low;0.1318373632527349;0.4166666666666667;0.6624465033048144
Unknown;0.6490670186596268;-0.1688311688311688;-0.190618608873215
Unknown;0.0447991040179196;0.6044444444444445;0.9193836187362624
Unknown;0.9729405411891762;0.1296296296296296;0.0002200583294636
Unknown;0.2889142217155657;0.4938271604938271;0.4636354444558576
Control;0.2179556408871822;0.2993827160493827;0.5434284080684355
Unknown;0.0030399392012159;0.6340852130325815;1.2356386104189805
Unknown;0.1062378752424951;-0.51;-0.7089865124057676
Unknown;0.6677466450670987;0.1632653061224489;0.200663161307194
Control;3.999920001599968e-05;0.7858823529411765;1.3941213062961963
Unknown;0.7359852802943941;-0.0416666666666666;-0.1305400388348203
Unknown;0.2967140657186856;-0.28;-0.4309526502106686
Unknown;0.2129557408851823;-0.0588235294117647;0.463614376502618
Unknown;0.0038799224015519;0.6159250585480094;1.192157208213736
Control;0.8651426971460571;-0.057471264367816;-0.0545583327704903
Unknown;0.0151196976060478;0.4354545454545454;0.7167679323509982
Unknown;0.0158730158730158;0.9230769230769232;2.611372077619556
Unknown;7.999840003199936e-05;0.7569444444444444;2.143328729842644
Unknown;0.0924781504369912;-0.3010204081632653;-0.6423769193087879
Unknown;0.1117577648447031;0.1533333333333333;0.9429172190179156
Unknown;0.7855442891142177;-0.0577777777777777;0.10915730158747
Low;0.0020799584008319;0.7549019607843137;1.4425470381747725
Unknown;7.999840003199936e-05;-0.7716049382716049;-1.5430467570842283
Unknown;0.0029599408011839;0.6369047619047619;1.1442504915723577
Unknown;0.6959060818783624;-0.1851851851851851;-0.1796122308961226
Unknown;0.1814363712725745;-0.425531914893617;-0.566665417575039
Unknown;7.999840003199936e-05;0.8945578231292517;1.592627756640791
Low;0.3043939121217575;0.5266666666666666;0.4541102528618342
Unknown;0.4091918161636767;0.2397094430992736;0.3237061818532805
Unknown;0.0319993600127997;0.6546511627906977;0.8453084777880258
High;0.0005599888002239;0.782312925170068;1.5032762675577331
Unknown;0.8193436131277374;-0.4333333333333333;0.0376787291307521
Unknown;0.0628787424251515;-0.52;-0.8751499492453915
Unknown;0.0112797744045119;0.6597222222222222;1.0742833017370637
Unknown;0.244635107297854;0.126865671641791;0.433312078522367
High;0.0007999840003199;0.54178145087236;1.1250607432072328
Unknown;0.500709985800284;0.0986394557823129;0.2608505935406096
Unknown;0.1424371512569748;-0.3986928104575163;-0.6429021419864381
Unknown;0.0085998280034399;0.455988455988456;0.933948795702241
Low;0.0044799104017919;-0.6654929577464789;-1.1360828097969016
Unknown;0.0039199216015679;0.7246376811594203;1.687101346453652
Unknown;0.874062518749625;0.0296296296296296;0.078386262578052
Unknown;0.3993120137597248;-0.2777777777777778;-0.3715607438934858
Unknown;0.0040799184016319;0.5012531328320802;1.3620039570377374
Unknown;0.1043179136417271;-0.5705128205128205;-0.6255964443664629
Control;3.999920001599968e-05;0.7454545454545455;1.4827631290949497
Unknown;0.0005199896002079;0.8169934640522876;1.8013058340619978
Unknown;0.2838343233135337;0.5288888888888889;0.3796704359619706
Unknown;0.0022399552008959;-0.6666666666666666;-1.3832772252677044
Medium;0.0001199976000479;0.8666666666666667;1.5460816065854432
Control;3.999920001599968e-05;0.9682539682539684;2.241575650577253
Unknown;0.7676246475070498;0.0074074074074074;-0.1206651553416369
Medium;0.2084358312833743;-0.4423076923076923;-0.5645757720563211
Unknown;0.0364792704145917;0.53125;0.7555401622471997
Unknown;0.6829063418731626;0.0248538011695906;0.1270644439808317
Unknown;0.887942241155177;0.173076923076923;-0.0132542890118632
Unknown;0.0022799544009119;-0.4936461388074291;-1.0356784422840406
Medium;0.0317993640127197;0.5111111111111111;0.7918138420537761
Control;0.0184396312073758;0.4159159159159159;0.7961895010945199
Unknown;0.5180696386072279;-0.2847222222222222;-0.2751057136784161
Unknown;0.0185596288074238;-0.4893617021276595;-1.1737090433707822
Unknown;0.0959580808383832;0.3877551020408163;0.6851612181261472
Low;0.0420791584168316;-0.3616352201257861;-1.1269451525799885
Unknown;0.0479990400191996;0.3528528528528528;0.7321146830261812
Unknown;0.0434791304173916;0.5155555555555555;0.7670779574739076
Unknown;0.0343993120137597;0.4844444444444444;1.2599831722526416
Unknown;0.0120397592048159;-0.6111111111111112;-1.3191714907448755
Unknown;0.0966380672386552;-0.4755555555555555;-0.7969187754758494
Unknown;0.0501189976200476;-0.5192307692307693;-0.8629140596432691
Unknown;0.0825183496330073;-0.4705882352941176;-0.7408656764606227
Unknown;0.6387072258554829;0.1560283687943262;0.2015669655672285
Unknown;3.999920001599968e-05;0.9210526315789472;1.5320989790100894
Unknown;0.5689486210275795;0.3717948717948718;0.1603085896733462
High;0.5547489050218996;-0.0326086956521739;-0.2493310953621634
Medium;0.4876302473950521;0.125;0.304244766868422
Unknown;0.6405471890562189;-0.0866666666666666;-0.1877837630838059
Control;0.3411931761364772;0.4933333333333333;0.411245874847675
Unknown;0.0003999920001599;0.79;1.039321866957459
Unknown;0.0002799944001119;0.6735092864125122;1.2156011666794817
Low;0.9690606187876244;-0.0426065162907268;0.0334274734216499
Unknown;0.0442391152176956;-0.5531914893617021;-0.877090861548164
Unknown;0.0999180016399672;-0.1944444444444444;-0.5777469629906358
Unknown;0.747665046699066;-0.0676691729323308;0.0628776873811386
Unknown;0.7935841283174336;0.0507246376811594;0.1180591949201272
Unknown;0.7073058538829223;-0.1629629629629629;0.0678018476886332
Unknown;3.999920001599968e-05;0.6682692307692307;1.2833316468680371
Unknown;0.0015199696006079;0.8571428571428571;1.3972514016609423
Unknown;0.0287994240115197;-0.5822222222222222;-1.04316257875283
Unknown;0.9755004899902002;-0.0389610389610389;-0.0331367089994856
Unknown;0.0139197216055678;-0.5652173913043478;-1.167012417207937
Unknown;0.0016399672006559;0.7222222222222222;1.2991756129606884
Unknown;0.9565008699826004;0.0472222222222222;-0.009226221399964
Unknown;0.0226395472090558;-0.6266666666666667;-0.9577129536582504
Low;0.0020399592008159;0.6912442396313364;1.2296907603243226
Medium;0.0134797304053918;0.5069124423963134;0.9157021682009954
Unknown;0.0124797504049919;0.5673076923076923;1.137256687913336
Unknown;0.0022399552008959;0.7446808510638298;1.229981238014768
Unknown;0.0078398432031359;0.4862637362637362;0.8472164026654291
Unknown;0.4575908481830363;0.2947845804988662;0.2989855478536853
Control;0.5236295274094518;0.4423076923076923;0.2813293263035826
Medium;0.1010779784404311;0.3423076923076923;0.6230836148735007
Control;0.9507809843803124;-0.0595238095238095;0.0169923806755521
Unknown;0.3483530329393412;0.32;0.4442670352569562
Unknown;0.2575948481030379;0.25;0.4920843935421359
Unknown;0.866662666746665;0.1527777777777778;0.1024336512109373
Unknown;0.0022799544009119;0.6557971014492754;1.0267764274448343
Unknown;0.6319473610527789;-0.1631205673758865;-0.205461539391033
Unknown;0.4079918401631967;0.0780141843971631;0.3534761873967628
Unknown;3.999920001599968e-05;0.8707482993197279;2.004648996724101
Control;0.0140397192056158;0.75;1.03275569742372
Unknown;0.1535169296614067;0.3169934640522875;0.6379118483703567
Unknown;0.0015999680006399;-0.7091836734693877;-1.4359617431647365
Unknown;0.0001599968000639;-0.8226950354609929;-1.3907806769325473
Unknown;0.493790124197516;-0.0072463768115942;0.2945803217487544
Medium;0.4186716265674686;0.0261437908496732;0.2849282956721264
Unknown;0.2003559928801424;0.320754716981132;0.5633020861667526
Unknown;0.0009999800003999;-0.8044444444444444;-1.4746379912237897
Unknown;0.244995100097998;0.2384615384615384;0.4446314767245435
Unknown;0.7721445571088579;-0.036231884057971;-0.1242145331719377
Medium;0.0229595408091838;0.369047619047619;0.867879903632344
Unknown;3.999920001599968e-05;0.7425;1.8764763332951373
Unknown;0.5759884802303954;0.1136363636363636;0.2442753872367424
Unknown;0.0004399912001759;0.782608695652174;1.6161509137764964
Medium;0.0001199976000479;0.7536231884057971;1.3922116666289743
Unknown;0.0003999920001599;0.5864197530864198;1.4027607761188297
Unknown;0.3972320553588928;0.1961259079903147;0.3432699812579023
Unknown;0.0004399912001759;0.8541666666666666;1.7086596173113129
Unknown;0.0011599768004639;0.6581632653061225;1.4885888367055922
Unknown;3.999920001599968e-05;0.9523809523809524;2.194896971787114
Control;0.3508329833403332;0.144578313253012;0.3170364553349517
Medium;0.0001199976000479;0.875;1.5966288463578435
Unknown;0.4654306913861722;-0.282051282051282;-0.3084863821929471
High;0.0033199336013279;0.6405529953917051;1.2690946426009049
Unknown;0.1452370952580948;-0.4266666666666667;-0.7380346210235269
Unknown;0.0443591128177436;0.5370370370370371;0.6785847828756678
Unknown;0.0498790024199516;0.438423645320197;0.7828947671950978
Unknown;0.0005199896002079;-0.782312925170068;-1.8441617356206328
Unknown;0.1581568368632627;0.2056737588652482;0.5775914879832271
Unknown;0.0093998120037599;-0.6296296296296297;-1.1359016450128214
Unknown;0.8050638987220256;0.1422222222222222;0.1369353755301484
Unknown;0.8930621387572248;-0.0108695652173913;-0.0436315316363621
Low;0.1076378472430551;-0.2100694444444444;-0.644469848002542
Unknown;0.7698646027079459;0.0653753026634382;0.116347017070844
Unknown;0.0943981120377592;0.4518518518518518;0.7116371814464717
Unknown;0.1820763584728305;-0.28;-0.6347421488927111
Unknown;0.7637447251054978;-0.3688888888888889;0.0827166348867033
Unknown;0.0715985680286394;0.4035087719298245;0.6206409445682416
Unknown;0.1085978280434391;-0.36;-0.8095723021826855
Unknown;0.5662286754264915;-0.1241830065359477;-0.2510720605303067
Unknown;0.6781864362712746;-0.2026143790849673;-0.1549759606995782
Unknown;0.6479470410591788;-0.3174603174603174;-0.1557297000511732
Control;0.5430691386172276;-0.0518518518518518;-0.2467123403947143
Unknown;0.1106377872442551;-0.4113475177304964;-0.7102082029506841
Unknown;0.9027019459610808;-0.108695652173913;-0.0667696699874274
Unknown;0.876662466750665;0.1584415584415584;0.0751666365638897
Unknown;0.0101597968040639;0.6258503401360545;1.0703771691696264
Low;0.0001199976000479;0.7904761904761904;1.6638937645806544
High;0.0025199496010079;0.6909722222222222;1.435670675505296
Unknown;0.0607987840243195;0.5;0.7162698664521395
Unknown;0.5378692426151477;0.5797101449275363;0.3130165434403406
Unknown;0.2539949201015979;-0.3071895424836601;-0.5185570011418312
High;0.4474710505789884;0.0488888888888888;0.3685773109406515
Unknown;0.0323993520129597;-0.4866666666666667;-0.9786024940822696
Unknown;0.1878362432751344;0.4912280701754385;0.6181090339659964
Unknown;0.0003599928001439;0.7846153846153846;1.254387669007197
Unknown;3.999920001599968e-05;0.9477611940298508;1.8029979864487815
Unknown;0.5642687146257075;-0.0222222222222222;0.1748580720598829
Unknown;0.2279154416911661;-0.3365384615384615;-0.5474645607354287
Low;0.0128797424051518;-0.7925925925925926;-1.2341079944974798
Unknown;0.0522789544209115;0.38671875;0.7239645885564595
Unknown;0.4330313393732125;-0.2291666666666666;-0.3372602831081047
Unknown;0.3580728385432291;0.3576388888888889;0.3591611425215262
Unknown;0.8109437811243775;0.0625;0.1144861676619126
Unknown;0.0009999800003999;-0.7448979591836735;-1.8642435479060449
Unknown;0.0159596808063838;-0.7210144927536232;-1.1968919472170565
Unknown;0.7166256674866502;-0.1288888888888889;-0.1938120511564826
Medium;0.8592228155436892;-0.1231884057971014;-0.0633167464805125
Unknown;0.3301933961320774;0.282051282051282;0.4281864473612335
Unknown;0.8888622227555449;0.0033333333333333;0.0612028841734593
Unknown;0.118277634447311;0.3514739229024943;0.6483327919822747
Medium;0.115797684046319;0.4084084084084084;0.573982428614482
Unknown;0.6760664786704266;0.0709219858156028;0.1914927395354934
Unknown;0.0153596928061438;-0.5666666666666667;-1.2450213288200511
Unknown;0.50554988900222;0.1304347826086956;0.3034172468576128
Low;0.0822783544329113;0.5;0.6713586827768523
Unknown;0.1121177576448471;0.4603174603174603;0.8227143564571074
Unknown;0.6045479090418192;0.0060728744939271;-0.1553133984809383
Unknown;0.998180036399272;0.0117096018735363;0.0083256140146739
Unknown;0.3997120057598848;-0.1284722222222222;-0.3613999638012875
Unknown;0.0733985320293594;-0.5155555555555555;-0.9700823699275738
Unknown;0.0074798504029919;-0.6166666666666667;-1.2086388494971343
Unknown;0.6719065618687626;0.1509433962264151;0.2041937704673368
Unknown;0.0340793184136317;-0.48;-0.9840123809468876
Control;0.0050398992020159;0.6691729323308271;1.0874668284094875
High;0.8969020619587609;-0.0849673202614379;-0.0576889114826211
High;0.0008799824003519;0.6288888888888889;1.0829371295905037
Control;0.0121597568048639;0.5495495495495496;0.867479488621554
Unknown;0.0011199776004479;0.6507352941176471;1.1679502154856507
Medium;0.1988760224795504;0.5308641975308642;0.5540657961539142
Unknown;0.0011199776004479;0.8652482269503546;1.948804780483752
Unknown;0.1728765424691506;0.270440251572327;0.565529930477917
Unknown;0.2709945801083978;0.2745098039215686;0.4785019305494555
High;0.1739565208695826;0.0266666666666666;0.5985295962414863
Unknown;0.7785844283114338;0.019047619047619;0.1106735257899562
Unknown;0.0011999760004799;-0.5674603174603174;-1.5014312413500126
High;0.2782344353112937;0.3133333333333333;0.4754354781145068
Unknown;0.0058398832023359;-0.7;-1.2986399680844816
Unknown;0.0860382792344153;-0.4679487179487179;-0.7885752557148287
Unknown;0.5385892282154356;-0.1115384615384615;0.2517890352073221
Unknown;0.0502389952200955;0.4551282051282051;0.8700715955625824
High;0.25267494650107;0.3090909090909091;0.5574048700842344
Unknown;0.0041599168016639;-0.5845070422535211;-1.1218245298488807
Unknown;0.0114397712045759;0.5333333333333333;1.4372936398607616
Unknown;0.8429431411371773;-0.282051282051282;-0.0973284399460418
Medium;0.0091198176036479;0.548828125;0.9132083966858447
Unknown;0.2988340233195336;-0.3156028368794326;-0.4583571504569019
Unknown;0.0078798424031519;0.5769230769230769;1.1822869235185056
Control;0.998820023599528;-0.0850340136054421;0.0182254311453977
Unknown;0.8613427731445371;-0.4666666666666667;0.0443079017487138
Low;0.0003999920001599;0.6725352112676056;1.3010564726869152
Low;0.0003999920001599;0.6468797564687976;1.1399650980339
Unknown;0.2153556928861422;0.4666666666666667;0.5639527079113079
High;0.2188756224875502;0.2993197278911564;0.5435701821163031
Unknown;0.3243135137297254;0.0476190476190476;0.4212455049402432
Unknown;0.0213995720085598;-0.5228758169934641;-1.106472385268699
High;0.0006799864002719;0.6742770167427702;1.049581929965475
Unknown;0.6956260874782504;0.1822222222222222;0.2097161505367881
Unknown;0.4741105177896442;-0.2875816993464052;-0.2981489701804688
Unknown;0.0527589448211035;-0.4216417910447761;-0.737890719872383
Unknown;0.1091178176436471;0.1071428571428571;0.8274413622550988
Unknown;0.5527889442211156;-0.1887755102040816;-0.2434439073087532
Unknown;7.999840003199936e-05;0.762962962962963;1.4714297223729769
Unknown;0.0324793504129917;0.5185185185185185;0.8352859695348724
Unknown;0.4334713305733885;0.189695550351288;0.3140996935822069
Unknown;0.0125997480050399;0.4490106544901065;0.8699101175016232
Unknown;0.0063598728025439;-0.4488888888888889;-1.664356125693246
Medium;0.0504789904201916;0.4333333333333333;0.807451248912096
Unknown;0.6405871882562348;-0.037037037037037;0.1925520498453281
Unknown;0.0920381592368152;0.5098039215686274;0.7133364310748348
Low;0.9488610227795444;0.0883116883116883;0.0458028208351876
Unknown;0.9479010419791604;0.1020408163265306;-0.0144329877765831
Unknown;0.0394792104157916;-0.5308641975308642;-0.9884567926957486
Unknown;0.3536984754376058;0.2894736842105263;0.519785044011734
Unknown;0.0707985840283194;-0.4962962962962963;-0.8399816070000763
Unknown;0.1953160936781264;0.1944444444444444;0.5688860892835932
Unknown;0.6971860562788744;0.0851063829787234;0.1951167015218146
High;0.0057598848023039;-0.7058823529411765;-1.239861510229698
Unknown;0.0090398192036159;0.6370370370370371;1.136318770571276
Control;0.5182296354072918;-0.0987654320987654;-0.2340713130203986
Unknown;0.0120397592048159;-0.7414965986394558;-1.164266633357112
Unknown;0.1334373312533749;0.4609929078014184;0.7112103077576842
Unknown;3.999920001599968e-05;0.9414634146341464;2.398585732948663
Unknown;0.0449191016179676;-0.5270935960591133;-0.7958889175790348
Control;0.0001199976000479;0.8611111111111112;2.151160097670965
Unknown;0.0013199736005279;0.6728395061728395;0.8929718140084476
Unknown;0.0083998320033599;-0.392156862745098;-1.285712522125044
Unknown;0.9071018579628408;0.0904761904761904;0.0704236480409938
Unknown;0.1599168016639667;0.4404761904761904;0.5643666248775625
Unknown;0.0160396792064158;-0.6088888888888889;-0.8977273069198158
Control;0.0412391752164956;0.3398692810457516;0.969569816971201
Unknown;0.0021999560008799;0.6802721088435374;1.2999220204534638
Medium;0.1110377792444151;0.2982456140350877;0.6469362904441539
Unknown;0.5845883082338353;0.1527777777777778;0.2430819334028693
Unknown;0.5242295154096918;-0.1358024691358024;-0.2172702839863642
Unknown;0.876582468350633;-0.0138888888888888;0.0013192107022371
Unknown;0.0565588688226235;-0.5857142857142857;-0.7734970305410214
Unknown;0.2779144417111657;-0.3537414965986394;-0.4719891113907162
Medium;0.0007599848003039;0.6977611940298507;1.037631945998594
Unknown;0.621947561048779;-0.1153846153846153;-0.2015332265332921
High;0.0113597728045439;0.4609929078014184;1.011475560921527
Unknown;7.999840003199936e-05;0.8646616541353384;1.6709747411952725
Unknown;0.0005599888002239;-0.7481481481481481;-1.4788142697783937
Unknown;0.99810003799924;0.1521739130434782;-0.0179840614826065
Unknown;0.1922361552768944;0.3191489361702128;0.5805193352301264
High;0.1635567288654227;-0.3277074542897327;-0.506430802738466
Medium;0.0823183536329273;-0.2533333333333333;-1.0503131387931723
Low;3.999920001599968e-05;0.8313817330210773;1.77337753782601
Unknown;0.0204795904081918;0.4492753623188406;1.1749696432459384
Unknown;0.0002399952000959;0.6077922077922078;2.009881447628528
Medium;0.0029599408011839;-0.6444444444444445;-1.5693523316165667
High;0.0430791384172316;0.4592592592592592;0.9189248405978606
Unknown;0.1385172296554069;0.7320261437908496;0.806921379513655
Medium;0.0165196696066078;-0.6533333333333333;-1.2162683594323789
Unknown;0.0760784784304313;-0.5072463768115942;-0.812241534753584
Unknown;0.0247195056098878;0.4391534391534391;0.8710444164444665
Medium;7.999840003199936e-05;0.9094076655052264;1.8685021706285128
Unknown;0.6161476770464591;-0.1987179487179487;-0.2026598652830018
Unknown;0.4012719745605088;0.1777777777777777;0.4101783631591347
Unknown;0.1326373472530549;0.3452380952380952;0.5616400790984161
Unknown;7.999840003199936e-05;0.8173076923076923;1.483475660642823
Unknown;0.0613587728245435;0.5047619047619047;0.6083158676778507
Unknown;0.2003559928801424;-0.4488888888888889;-0.613175928386408
High;0.1689966200675986;0.2;0.6433692357265739
Unknown;0.0004799904001919;0.6785714285714286;1.4126907229311312
Unknown;0.0067598648027039;0.5653846153846154;1.0673607550463493
Unknown;0.1002379952400952;0.5555555555555556;0.8250476640942223
Unknown;0.5486690266194676;0.1288888888888889;0.2584491148512821
Control;0.3469530609387812;0.2765957446808511;0.3941182938339881
Control;0.1109977800443991;0.3666666666666666;0.6870679036164028
Unknown;0.0163196736065278;0.5369458128078818;0.911769440167562
Unknown;0.1995160096798064;0.3214285714285714;0.5274449653966078
Unknown;0.0144797104057918;0.5691609977324263;0.8071962799269912
Control;0.1443171136577268;0.3877551020408163;0.5743590103403206
Unknown;0.0447991040179196;-0.4686716791979949;-0.8405057756165543
Unknown;0.4929101417971641;-0.1773049645390071;-0.3047306069494096
Unknown;0.0459590808183836;-0.5314465408805031;-0.8699764187112982
Unknown;0.8127437451250975;-0.037037037037037;0.093057894229545
Unknown;0.1307173856522869;-0.5288888888888889;-0.7385591897034623
Unknown;0.0749185016299674;0.3506172839506173;0.5878826022300676
Unknown;0.5651886962260755;-0.174025974025974;-0.2266267284216525
Unknown;0.0517189656206875;0.43;0.605990516177864
Unknown;0.0089198216035679;-0.6858974358974359;-1.1986279545117162
Unknown;0.502229955400892;0.2340425531914893;0.3046758533713432
Unknown;0.7321453570928581;0.0567375886524822;0.1478649587817002
Low;3.999920001599968e-05;0.7435897435897436;1.4161685954168954
Unknown;0.0735985280294394;-0.4513888888888889;-0.795548313679503
Unknown;0.3060738785224295;-0.1476997578692493;-0.3780575839895669
Unknown;0.8991820163596728;-0.0075187969924812;0.0729954039483207
Unknown;0.0115997680046399;0.59375;1.1090382953248417
Unknown;0.886462270754585;-0.12;-0.0432829044032394
Unknown;3.999920001599968e-05;0.8436781609195402;1.836040422305905
Low;0.0383192336153276;0.439453125;0.7363805929041426
Control;0.0116797664046719;0.5873015873015873;0.9722811061921938
Unknown;0.3226335473290534;-0.181159420289855;-0.4391589436854843
Unknown;0.0296394072118557;-0.5294117647058824;-0.9648834534005954
Unknown;0.0056398872022559;0.5698529411764706;1.0181830041178013
Unknown;0.2725145497090058;0.1767676767676767;0.3375509414117535
Medium;0.0004399912001759;0.5915588835942818;1.009798906644712
Unknown;0.0491590168196636;0.4603174603174603;0.638999293744417
Unknown;0.253754924901502;-0.3024691358024691;0.447634966647276
Unknown;0.0501989960200796;-0.5617283950617284;-0.9102907141064676
Unknown;0.1604367912641747;-0.3653846153846153;-0.6289175163370535
Medium;0.125757484850303;-0.6;-0.7762610224805612
Unknown;0.0043199136017279;0.710691823899371;1.1321338678684387
Unknown;3.999920001599968e-05;0.8758169934640523;1.935436180639804
Unknown;0.2106357872842543;0.1851851851851851;0.5465249767872483
Unknown;0.0181996360072798;-0.5490196078431373;-1.1519325411301224
Control;0.4869102617947641;0.2941176470588235;-0.2356895288559152
Unknown;0.0160396792064158;0.6099290780141844;1.0055103719778649
Unknown;0.0235595288094238;0.7192307692307692;1.035641872309421
Unknown;0.0037599248015039;0.5160919540229885;0.9268369557347876
Unknown;0.6694666106677867;0.0817073170731707;0.1494648316501964
Medium;0.1726365472690546;0.3472222222222222;0.5778964717515152
Control;7.999840003199936e-05;0.9366666666666666;1.5547096300180596
Unknown;0.3377132457350853;0.132716049382716;0.4150109835152173
Unknown;0.0001199976000479;0.8814814814814815;1.7827479590470106
Unknown;0.2169556608867822;0.3090909090909091;0.4907929453996764
Unknown;0.0078798424031519;-0.5962962962962963;-1.2053909893346302
High;3.999920001599968e-05;0.7391304347826086;1.332677128640693
Unknown;0.0288794224115517;0.3514739229024943;0.9355762084147984
Unknown;0.0961180776384472;0.3777777777777777;0.7316550977305379
Unknown;0.1904761904761904;0.2962962962962963;0.5103420628184256
Unknown;0.6954260914781705;-0.1085271317829457;0.1852061154404886
Low;0.4451910961780764;0.24;0.3336157464183248
Low;0.0018399632007359;0.6317073170731707;1.0595446913109083
Unknown;0.0027999440011199;0.847926267281106;1.3590861193034722
Unknown;0.995140097198056;-0.0481481481481481;0.0312368172331096
Unknown;0.8626227475450491;-0.0044444444444444;-0.0708670629757616
Unknown;0.3229935401291974;0.2633333333333333;0.423058728478541
Unknown;0.0039199216015679;-0.8311111111111111;-1.6306465977855875
Unknown;0.2002759944801104;0.1833333333333333;0.5705123253322597
Control;3.999920001599968e-05;0.8012345679012346;1.1318857786150975
Unknown;0.4523447676943117;-0.4202898550724637;-0.4455737597171856
Unknown;0.1553168936621267;-0.3511111111111111;-0.6982514904189788
Unknown;0.1045179096418071;0.3142857142857143;0.648431576571171
Unknown;0.9377812443751125;-0.0952380952380952;0.0379673560129792
High;0.2206755864882702;0.1935483870967742;0.4883183831439815
Medium;0.9403811923761524;-0.0259740259740259;-0.0248746446143311
Low;0.0100797984040319;0.5714285714285714;1.032912267106045
Unknown;0.0336393272134557;0.3555555555555555;1.246326882889104
Unknown;0.0905181896362072;0.5034013605442177;0.7349627244749151
Unknown;0.9059018819623608;-0.1319444444444444;-0.0523000631523726
Unknown;0.9076618467630648;0.0046082949308755;0.0547205301740574
High;0.0111997760044799;0.6054421768707483;0.9626476408419956
High;0.1393172136557268;0.3985507246376811;0.6362361204317022
Unknown;0.7289454210915781;-0.0980392156862745;-0.1601714548660681
Unknown;0.0029599408011839;0.6814814814814815;1.4129644279885545
Unknown;0.0101997960040799;0.4905882352941176;0.8359158735119999
Unknown;0.2091958160836783;-0.4311111111111111;-0.6121438275729122
Unknown;0.0067198656026879;0.7433333333333333;1.1748776105523964
Unknown;0.1061578768424631;-0.291044776119403;-0.6093168641852554
Unknown;0.1805163896722065;0.2608024691358024;0.4781979980236127
Low;0.0721185576288474;0.3333333333333333;0.661319443955385
High;0.0406791864162716;0.4532019704433497;0.718484170785895
Unknown;0.0071198576028479;0.5964285714285714;0.9554854196369535
Unknown;0.2756344873102538;-0.1632653061224489;-0.4422092104843385
Unknown;0.3001139977200456;-0.1650602409638554;-0.3529647246360146
Unknown;0.0380792384152317;0.36;0.9124698934797072
Unknown;0.0302793944121117;0.5308641975308642;0.8761056133883309
Unknown;0.4077918441631167;-0.4488888888888889;-0.3898296993990896
Unknown;0.0790384192316153;0.54421768707483;0.8211204783920281
Unknown;0.2530349393012139;0.5138888888888888;0.4885934763113992
Unknown;0.2645547089058219;0.3263888888888889;0.4931383974976075
Unknown;0.0001199976000479;0.8673469387755102;1.7317119650891073
Unknown;0.0016399672006559;0.7246376811594203;1.2736207202004686
Unknown;0.0147597048059038;0.5213483146067416;0.803862607043356
Unknown;0.497070058598828;-0.1466666666666666;-0.3125477960832534
Unknown;0.5060698786024279;0.25177304964539;0.2963642663446199
Unknown;0.8068638627227456;0.09375;0.0983057861772614
Unknown;0.0093198136037279;0.6296296296296297;0.9944037061473068
Unknown;0.0170396592068158;-0.5886524822695035;-1.0447104969795815
Unknown;0.3490330193396132;-0.2564102564102564;-0.4002315117490536
Unknown;0.1397972040559189;-0.324074074074074;-0.6202411456427794
Unknown;0.0231995360092798;0.5409356725146199;0.8487451441926606
Unknown;0.1756764864702706;0.3673469387755102;0.5879788555764123
Unknown;0.865502689946201;0.0844444444444444;-0.0178163864756687
Unknown;0.5574288514229715;-0.0709219858156028;-0.2523009520625527
Unknown;0.3303533929321413;-0.2482269503546099;-0.4196545792962668
Medium;0.0693186136277274;0.2266666666666666;1.2662370881425724
Unknown;0.114317713645727;-0.64;-0.8467188337777729
Unknown;0.4199516009679806;-0.1147540983606557;-0.3226113818896629
Unknown;0.5838283234335313;0.2444444444444444;0.2616975311774931
Control;0.0008799824003519;0.6857142857142857;1.2922834649077626
Low;0.0279194416111677;0.5254237288135594;0.797571729378059
Medium;0.0049199016019679;0.6737588652482269;1.213737065959179
Unknown;0.0189196216075678;0.4046639231824417;0.8263088819485271
Unknown;0.372832543349133;0.2959183673469387;0.3697013828901295
Low;0.4566308673826523;0.1205673758865248;0.3298179460423793
Unknown;0.0493190136197276;0.3908045977011494;0.8683449843863702
Unknown;0.0175596488070238;0.5;0.9904287365759188
Unknown;0.5921081578368432;0.0844444444444444;0.2776382570932362
Unknown;0.7082658346833063;-0.1527777777777778;0.1511496650184714
Unknown;0.3497530049399012;0.0961538461538461;0.3563577169396181
Unknown;0.2875942481150377;-0.1275510204081632;-0.4311725500623088
Unknown;0.0047999040019199;0.4285714285714285;1.3978169599353
Unknown;0.1969160616787664;-0.4166666666666667;-0.5860377180753763
Medium;0.0618387632247355;0.4307692307692308;0.6676371289252164
Low;0.0062398752024959;0.6099773242630385;1.1383829828589629
Unknown;0.0145597088058238;0.5178571428571429;0.9434022558669044
Unknown;0.0024799504009919;-0.7283950617283951;-1.1960024742361388
Unknown;0.4257114857702846;0.0709876543209876;0.3550771481667515
Unknown;0.377312453750925;-0.3197278911564626;-0.3842818814211654
Unknown;0.8157836843263134;-0.0423076923076923;-0.0827037749528715
Unknown;0.3640327193456131;-0.2888888888888888;-0.4268719538207329
Unknown;0.6418671626567468;-0.5396825396825397;-0.1999606869758356
Unknown;0.7856642867142657;0.1466666666666666;-0.1033775830179584
Unknown;0.0142797144057118;0.7333333333333333;1.2573562898038178
Unknown;0.9259414811703766;0.0617283950617283;0.0427148190787825
Unknown;0.0129197416051678;-0.5343915343915344;-0.9685534005304
Unknown;0.4552308953820924;0.25;0.4099750479320301
Unknown;0.2197156056878862;-0.0408163265306122;0.5363729832033204
Unknown;0.0001199976000479;0.8333333333333334;1.3597080533602552
Unknown;0.1579968400631987;0.3723404255319149;0.5721019784268697
Unknown;0.0140397192056158;-0.7377777777777778;-1.41958090516368
Unknown;0.1665166696666066;-0.2327044025157232;-0.611395541565683
Unknown;0.1080778384432311;0.3404255319148936;0.8329435745101372
Unknown;0.1042379152416951;-0.3962264150943396;-0.7146545596135995
Unknown;0.0329593408131837;0.5098039215686274;0.9304172197994908
Control;0.0096798064038719;0.5584795321637427;1.128046313970449
Unknown;0.118157636847263;0.4201388888888889;0.6973728385893896
Medium;7.999840003199936e-05;0.691764705882353;1.1715015781239904
High;7.999840003199936e-05;0.873015873015873;1.7879027220664303
Unknown;0.3496730065398692;-0.2026143790849673;-0.4103026124283029
Unknown;0.1688766224675506;0.1462585034013605;0.5951198089247268
Unknown;0.9445011099778003;-0.0942028985507246;0.0160673996875987
Unknown;0.0354392912141757;-0.4887218045112781;-0.8609538741800986
Unknown;0.0009199816003679;-0.7435897435897436;-1.6126459935986066
Unknown;0.4686706265874683;0.1925925925925926;0.3236888047315866
Unknown;0.0419991600167996;0.4693877551020408;0.823663848430381
Unknown;0.8405831883362332;0.0214285714285714;0.073997636106622
Low;0.0104397912041759;0.6527777777777778;1.1457675732994073
Unknown;0.8071438571228575;-0.0095238095238095;-0.0906375934861144
Unknown;0.0020399592008159;0.6691729323308271;1.2197177620474513
Unknown;0.0016799664006719;0.5375494071146245;0.9900974493656998
Unknown;0.1641167176656467;0.3333333333333333;0.6172990036375149
Unknown;0.9535009299814003;0.0069444444444444;-0.0729761413865207
Low;0.0022399552008959;0.673469387755102;1.1356853700698313
Medium;0.0401591968160636;0.3157894736842105;0.7113730271392341
Unknown;0.1627167456650867;0.3197278911564626;0.589072017374062
Unknown;0.0001199976000479;0.75;1.5053521205814573
Low;0.0067198656026879;0.5653846153846154;1.1322361532947909
Unknown;0.1509969800603988;-0.4625850340136054;-0.5599526684444711
Unknown;0.0146397072058558;-0.6;-1.3307648929588525
Low;0.1297174056518869;0.2194092827004219;0.5202008354915716
Unknown;0.0002399952000959;0.8930817610062893;1.847819475811054
Unknown;0.1694366112677746;0.3383458646616541;0.5830492217212839
Unknown;0.7378652426951461;-0.0493827160493827;-0.1392592435777805
Unknown;0.0448391032179356;0.3971631205673759;0.8787111185723809
Unknown;3.999920001599968e-05;-0.9787234042553192;-2.8159833625701736
Unknown;0.0346793064138717;0.5111111111111111;1.081110114043147
Unknown;3.999920001599968e-05;0.8633720930232558;1.4130362207018583
Unknown;0.0043999120017599;-0.7160493827160493;-1.3902978805613655
Unknown;0.1511569768604627;-0.2814814814814815;-0.6593366221868437
Unknown;0.0270794584108317;0.4601449275362319;0.821562418885801
Unknown;0.6076678466430672;-0.1428571428571428;-0.1863688106274884
Unknown;0.3538729225415492;0.2469135802469135;0.3999412469916754
Unknown;0.7611047779044419;-0.0439024390243902;0.1875621949598305
Unknown;0.0529589408211835;-0.4975369458128079;-0.7509301863853183
Control;0.0075598488030239;0.5833333333333334;1.2715005330313
Unknown;0.0005199896002079;0.7058823529411765;1.1810673917757075
Unknown;0.4164316713665726;0.25;0.3922423279717009
Unknown;0.0319193616127677;0.4965986394557823;1.2169008778426895
Unknown;0.752584948301034;-0.2179487179487179;-0.126735597757656
Control;0.1068378632427351;-0.3182674199623352;-0.5662190398891441
Unknown;0.3481930361392772;-0.2555555555555555;-0.4114697861779549
Unknown;0.0418391632167356;-0.2923976608187134;-1.0261779479204676
Unknown;0.0051198976020479;-0.7555555555555555;-1.2213461596752218
Unknown;0.0545589088218235;-0.5192307692307693;-0.8554992737224344
Unknown;0.6988142292490118;0.3095238095238095;0.2324607674093696
Unknown;0.0921981560368792;0.4113475177304964;0.7557453782629857
Low;0.0127197456050878;0.6014492753623188;1.000441331664853
High;0.0016799664006719;0.7291666666666666;1.4338254921533296
Unknown;0.0108797824043519;0.5741239892183289;0.8760721075283077
Control;0.0228795424091518;0.8066666666666666;1.1221392788349551
Unknown;0.6707865842683146;-0.238095238095238;-0.1686540920512152
Unknown;0.0797184056318873;0.3824884792626728;0.7055087566493262
Unknown;0.9557008859822804;0.0030864197530864;-0.0934939542436583
Low;0.0314793704125917;-0.2424242424242424;-1.0729975402019332
Unknown;0.118157636847263;0.5434782608695652;0.6346866888582395
Unknown;0.98910021799564;0.0;0.0189577310482227
Unknown;0.4746705065898682;-0.1884057971014492;-0.3172773384150635
Unknown;0.1501969960600788;0.4397163120567376;0.6114439044931825
High;0.0714785704285914;0.4222222222222222;0.7849301840641618
Unknown;0.8841023179536409;-0.0106382978723404;0.0667642023798667
Control;0.0229595408091838;0.6382978723404256;0.8539188098170228
Unknown;0.5107497850042999;-0.12;-0.2859319947518505
Unknown;0.996860062798744;0.0883116883116883;0.0272883621113582
Unknown;0.1753964920701586;-0.3985507246376811;-0.558453231688809
Unknown;0.6626267474650507;0.1538461538461538;0.1988007173982383
Unknown;0.0025999480010399;-0.6836734693877551;-0.851380782206267
Unknown;0.241195176096478;0.0150375939849624;0.4564860663733301
Unknown;0.6845463090738185;-0.032051282051282;-0.1817873466065098
Unknown;0.1117977640447191;0.3017241379310345;0.5268404908646721
Unknown;0.0021199576008479;-0.7478260869565218;-1.8016380607082376
Unknown;0.5207895842083158;0.2542372881355932;0.2434133432855668
Control;0.1296774064518709;-0.1818181818181818;-0.4870693204961164
Unknown;0.0210795784084318;0.4876543209876543;0.9547453971876484
Unknown;0.3206335873282534;0.1777777777777777;0.4343691699558902
Control;0.6519869602607948;-0.1268939393939394;-0.1479430746952021
Unknown;0.6003879922401552;-0.1933333333333333;-0.229366110012143
Unknown;0.7947841043179137;-0.0962962962962963;-0.1193679537569055
Low;0.0166796664066718;-0.6163522012578616;-1.0760780578747926
Unknown;3.999920001599968e-05;0.9135802469135802;2.034921675080443
Unknown;0.3858322833543329;-0.2355555555555555;-0.4139357506049956
Unknown;0.7164256714865702;-0.0625;-0.1609220323749138
Unknown;0.3162736745265094;-0.2444444444444444;-0.4799637489271013
Unknown;0.5080298394032119;-0.2888888888888888;-0.3191610753127987
Unknown;0.1129977400451991;0.3125;0.5787181331916522
Unknown;0.247315053698926;0.3012820512820512;0.5132074149759689
High;0.2061158776824463;0.2083333333333333;0.5531589009635551
Unknown;0.5497490050198997;0.2045454545454545;0.2541010946235839
Unknown;0.4095518089638207;-0.2355555555555555;-0.3913370046067218
Unknown;0.8083038339233215;0.0555555555555555;0.0546476302744618
Unknown;0.7710645787084258;-0.0306122448979591;-0.1219615451265783
Unknown;0.0115197696046079;0.6444444444444445;1.019408165145948
Unknown;0.0902381952360952;-0.1037037037037037;-0.750204292485054
Unknown;0.0163996720065598;-0.04;1.478766256802473
Unknown;0.1508769824603508;0.2673611111111111;0.6311845179573307
Unknown;0.3559128817423651;-0.3407407407407407;-0.4041169651821222
Unknown;0.5049099018019639;-0.102791014295439;-0.1985616086285481
Low;0.0720385592288154;0.509090909090909;0.7509553271026496
Unknown;0.2703545929081418;-0.2814814814814815;-0.4842591242376127
Unknown;0.0849583008339833;0.5609756097560976;0.8558656761943629
Unknown;0.1283974320513589;0.3511111111111111;0.7356263853834935
Unknown;0.3468330633387332;-0.2733333333333333;-0.4079297231900941
Unknown;0.4117517649647007;0.2101449275362318;0.3597958758295356
Unknown;0.8457430851382972;-0.0335820895522388;-0.0740207998384012
Unknown;0.0010799784004319;0.7044025157232704;1.4167427574202174
Unknown;0.0345993080138397;0.2712418300653594;1.0995557477424192
Unknown;0.4222315553688926;0.4153846153846154;0.2913330723497107
Unknown;0.0069598608027839;0.6071428571428571;1.0885908959518895
Control;0.119757604847903;0.3866666666666666;0.5581922313790878
Unknown;0.2562748745025099;-0.2666666666666666;-0.5164223796714165
Unknown;0.1072378552428951;-0.3948412698412698;-0.6383032233617506
Unknown;0.7018659626807464;0.144927536231884;0.1592374439960987
Medium;3.999920001599968e-05;0.7794117647058824;1.359941931108955
Unknown;0.0006399872002559;0.8;1.5478743645590665
Unknown;0.5653886922261555;0.1911111111111111;0.2851512041112862
Unknown;0.5247895042099158;0.0612244897959183;0.2270398448043849
Unknown;0.0003599928001439;-0.837037037037037;-1.6280594017115262
Control;0.2247555048899022;0.3049645390070922;0.522971125394207
Unknown;0.0417591648167036;-0.3688888888888889;-1.1168821488837195
Unknown;0.0987180256394872;-0.4251700680272108;-0.7407880755326316
Unknown;0.9848813209494324;0.2619047619047619;0.0259802908466427
Unknown;0.7740245195096098;0.0496453900709219;0.1247378041252786
Unknown;0.3409931801363973;0.1673699015471167;0.3379415575046944
Unknown;0.366472670546589;-0.1333333333333333;-0.3755121722886062
Low;0.7310253794924102;0.2851851851851852;-0.1028986688114304
Unknown;0.3456330873382532;0.1089743589743589;0.4153216149265382
Unknown;0.0037999240015199;-0.6797385620915033;-1.3926259896388853
Unknown;0.1053578928421431;0.4392344497607655;0.5127182338932531
Unknown;0.0769584608307833;-0.4782608695652174;-0.8104353860411745
Unknown;0.0004799904001919;-0.7189542483660131;-1.7315190857375624
Unknown;0.3969520609587808;0.111214953271028;0.2823555540656213
Low;0.0548389032219355;-0.2727272727272727;-0.858998785607682
Unknown;0.1705565888682226;0.391705069124424;0.540614593433794
Unknown;0.5560288794224115;0.1285714285714285;0.2424671988685521
Unknown;0.0490390192196156;-0.4666666666666667;-0.9122717517242784
Unknown;0.0407991840163196;0.6326530612244898;0.9756606117160828
Unknown;0.751104977900442;0.0952380952380952;0.1698182262090422
Unknown;0.0105597888042239;-0.4506172839506173;-1.217601144036599
Control;0.247235055298894;0.2389937106918239;0.4982609524920688
Unknown;0.5429891402171957;0.2553191489361702;0.2498207922379996
Unknown;0.0034399312013759;-0.76;-1.44128120847742
High;0.0479990400191996;0.3611111111111111;0.6873064733035504
Control;0.0075187969924812;0.9454545454545454;1.8321655655308149
Unknown;0.2213555728885422;-0.2846270928462709;-0.4361155383174229
Unknown;0.0775984480310393;0.4090909090909091;0.8209013721301796
Unknown;0.0953980920381592;0.3125;0.7099852138337572
Unknown;3.999920001599968e-05;0.7078651685393258;1.7148103350993176
Unknown;0.6706265874682507;0.1602409638554217;0.1017607082930519
Control;0.123837523249535;0.2849002849002849;0.5499623905739318
Unknown;0.1368772624547509;-0.4066666666666667;-0.5177159537206507
Unknown;0.0002399952000959;0.5642857142857143;1.5175335824322536
Unknown;0.4332713345733085;0.3244444444444444;0.3861436499536471
Unknown;0.0594788104237915;0.618421052631579;0.9935399063187804
Unknown;0.8087438251234975;0.0727272727272727;-0.1145159114751572
Unknown;3.999920001599968e-05;0.9636363636363636;2.1127186888182234
Unknown;0.3171936561268774;0.2448979591836734;0.4266054623493331
Unknown;0.0011199776004479;0.7687074829931972;1.43862629633338
Control;0.2765544689106218;0.4609929078014184;0.4693180318214829
Unknown;3.999920001599968e-05;0.9305555555555556;1.9661095884567772
Low;0.0047199056018879;0.6051948051948052;1.333985125668186
Unknown;0.1027579448411031;-0.4326241134751773;-0.6958272825641334
Unknown;0.0153196936061278;-0.6180555555555556;-1.0738178345898377
Unknown;0.0007999840003199;-0.7801418439716312;-1.5423451325976294
Unknown;3.999920001599968e-05;0.7716049382716049;1.7488114919144946
High;0.5143897122057559;-0.1074074074074074;-0.2937221075566513
Unknown;0.1539169216615667;0.2074074074074074;0.6423882738815383
Unknown;0.0009199816003679;0.4114427860696517;0.8723159948973046
Unknown;0.0506789864202716;0.3642857142857142;0.7489546828577006
Unknown;0.9156616867662648;0.1972789115646258;0.072266145901692
Unknown;0.1891562168756624;0.2861635220125786;0.5745292586809482
Unknown;0.0001199976000479;-0.8472222222222222;-2.030092419536611
Unknown;0.0005599888002239;0.69921875;1.021223764869588
Unknown;0.5596688066238675;0.1991869918699187;0.2763511480947527
High;0.1057178856422871;0.38;0.6986831682984914
Unknown;0.378952420951581;0.1987179487179487;0.3784706212547455
Unknown;0.0116797664046719;-0.6441558441558441;-1.0006085867103167
Unknown;0.2727545449091018;-0.3251231527093596;-0.439543532137726
High;0.0035999280014399;0.7465277777777778;1.1387110590353808
Unknown;0.0043599128017439;-0.6928104575163399;-1.2181719535564484
Unknown;0.0095198096038079;-0.6028368794326241;-1.1816227770737069
Low;0.9711005779884402;-0.0185185185185185;0.0184695104065053
Control;0.0005599888002239;0.6984126984126984;1.4608292348318048
Unknown;0.0076398472030559;0.5544794188861986;1.0726591999174435
Unknown;0.5744685106297874;0.1358024691358024;0.2190014725697681
Unknown;0.0007199856002879;0.7354497354497355;1.2699653466055436
Unknown;0.9450210995780084;-0.0784313725490196;-0.0235206503102666
Unknown;0.0020399592008159;0.6649305555555556;1.1280168004402562
Unknown;0.1502369952600948;0.2850877192982456;0.6448323436795071
Unknown;0.0595588088238235;-0.6020408163265306;-0.7641206673934975
Unknown;0.0527189456210875;0.34;0.99172623016284
Unknown;0.0153996920061598;0.387719298245614;0.6798785138285085
Unknown;0.0339593208135837;-0.4281481481481481;-0.5985579927772667
Unknown;0.0691986160276794;0.5204081632653061;0.7477090133979098
Unknown;0.0035599288014239;-0.7694235588972431;-1.2920501507152486
Unknown;0.2031159376812463;-0.3925925925925926;-0.4467622025930176
Unknown;0.2555948881022379;-0.3518518518518518;-0.5025163768856293
Unknown;0.743305133897322;0.1066666666666666;0.1499524196243463
Unknown;0.0074798504029919;0.6651053864168618;1.1171865732462003
Unknown;7.999840003199936e-05;0.6446135831381733;1.143845366117319
Unknown;0.0024799504009919;-0.7777777777777778;-1.215071897629813
Unknown;0.118357632847343;0.4414414414414414;0.6322238267124258
Unknown;0.8476630467390652;-0.3142857142857143;0.0394042068360577
Unknown;0.885182296354073;-0.0915032679738562;-0.0540719046908768
Unknown;0.0098798024039519;-0.5343915343915344;-1.1618318275030963
Unknown;0.1030779384412311;0.3475177304964539;0.7550612634541425
Unknown;0.0381192376152476;-0.5986394557823129;-0.9823728821566368
Unknown;0.0193596128077438;0.4733333333333333;1.0872684669223989
Medium;0.0352392952140957;0.4146666666666667;0.68151409904656
Unknown;0.1346373072538549;0.4387755102040816;0.6235059631828666
Unknown;0.0153596928061438;-0.5378787878787878;-0.9680595867115508
Unknown;0.7899842003159937;-0.0797101449275362;-0.1028255401316353
Unknown;0.2223155536889262;-0.320754716981132;-0.5390254452639115
Unknown;0.5267894642107158;-0.0866666666666666;-0.2782232060386206
Unknown;0.0886782264354713;0.5181818181818182;0.7866890253377689
Unknown;0.0419191616167676;0.532051282051282;0.8791648985688465
High;0.0168796624067518;0.4516129032258064;0.8819858006470586
Unknown;0.0015599688006239;0.5333333333333333;1.18445425639095
Unknown;3.999920001599968e-05;0.8529980657640233;2.075540588162261
Unknown;0.0016799664006719;0.6666666666666666;1.6370631075644468
Unknown;0.0047599048019039;0.6598639455782312;1.182890328437336
Unknown;0.0993580128397432;-0.3712121212121212;-0.6090665801494575
Unknown;3.999920001599968e-05;0.8979591836734694;2.113561675028728
Unknown;0.986420271594568;0.0025510204081632;-0.0189339728097835
Unknown;0.0050398992020159;0.6177777777777778;1.4320028663840787
Low;0.0075998480030399;0.640625;0.8524745800825264
Unknown;0.0291594168116637;0.5238095238095238;0.8648744273310245
Unknown;0.0053198936021279;0.5238095238095238;0.8744418802236155
Unknown;0.0080798384032319;-0.660377358490566;-1.3461711219994372
Unknown;3.999920001599968e-05;0.9135802469135802;2.4446658051466468
Unknown;0.7988240235195296;0.0476190476190476;0.1087308513596855
Unknown;0.0004399912001759;0.7530864197530864;1.4270666662152445
Medium;0.0001199976000479;0.8177339901477833;1.6590218461688724
Unknown;0.3600727985440291;0.0148148148148148;0.3946794014962752
Low;0.0001199976000479;0.7881773399014779;1.6027903483839856
Unknown;0.0625987480250395;0.3981264637002342;0.7362976642425373
Unknown;0.0536389272214555;-0.4740740740740741;-0.8932598244359011
Unknown;0.371032579348413;0.2916666666666667;0.3903549648246028
Unknown;0.0184796304073918;0.4705882352941176;1.020442448134394
Unknown;0.4917501649967;0.1050724637681159;0.2549867265092688
Unknown;0.0282394352112957;-0.5138888888888888;-1.023884362686495
Unknown;0.120837583248335;-0.4513888888888889;-0.6754762574304034
Unknown;0.9169416611667768;-0.1458333333333333;-0.0493130036870083
High;0.740305193896122;0.1376811594202898;0.1528454774223383
Unknown;0.0029599408011839;-0.7266666666666667;-1.4770803939043595
Unknown;0.0888782224355512;0.4202898550724637;0.7478425126469462
Unknown;0.5674286514269714;0.0521541950113378;0.23846347347939
Unknown;0.0397592048159036;-0.6814814814814815;-1.0027410114254112
Unknown;0.0066798664026719;0.5511111111111111;1.429786772074965
Control;0.0813183736325273;0.6252927400468384;0.7488318456877989
High;0.2218755624887502;-0.2941176470588235;-0.4108241537607376
Unknown;0.0009199816003679;0.5416666666666666;1.3250538594762014
Unknown;0.8955420891582169;-0.0222222222222222;0.0510627827329338
Unknown;3.999920001599968e-05;0.8694029850746269;2.311618066983282
Unknown;0.0599188016239675;0.3972602739726027;0.6397663928155537
Unknown;0.0557588848223035;-0.5081967213114754;-0.795068446609994
Unknown;3.999920001599968e-05;0.8364197530864198;2.088179013127998
Unknown;0.0066798664026719;-0.6074074074074074;-1.211989076123822
High;0.1934761304773904;-0.270440251572327;-0.5509781667061061
Unknown;0.0757584848303034;0.4444444444444444;0.642642026182553
Unknown;0.2673146537069258;-0.3063063063063063;-0.4998117466606908
Unknown;0.9329413411731764;0.1954022988505747;-0.1354955382308768
Unknown;0.3832723345533089;-0.2978723404255319;-0.3820607843737436
Medium;3.999920001599968e-05;0.8733333333333333;2.2680629430051438
Unknown;0.5145897082058359;0.2088888888888889;0.3180517999898878
Unknown;0.3124737505249895;0.1914893617021276;0.4438705996705764
Unknown;0.49735005299894;0.2355072463768115;0.2787306159596189
High;0.0982780344393112;0.3506493506493506;0.6616145130131899
Unknown;0.1343173136537269;-0.4222222222222222;-0.7514671418381361
Unknown;0.239635207295854;0.2411347517730496;0.5120172476072192
Control;0.0053598928021439;0.6327160493827161;0.9735971229858124
Unknown;0.0381192376152476;-0.5144927536231884;-0.9088671439489004
Medium;0.0177196456070878;0.4522058823529412;0.812746813434928
Unknown;0.1279174416511669;-0.4217687074829932;-0.681569424491622
Unknown;3.999920001599968e-05;0.9047619047619048;1.7333256849803338
Unknown;0.0016399672006559;-0.6453900709219859;-0.720181423290631
Low;0.0020799584008319;0.588613406795225;0.8783823362008493
Low;0.368432631347373;0.228395061728395;0.3932894173701241
Unknown;0.875662486750265;0.0496453900709219;0.0691902591802967
Unknown;0.5642287154256915;-0.0925925925925925;-0.2574196120540872
Unknown;0.0183196336073278;-0.6444444444444445;-1.1765365484421006
High;0.4494710105797884;-0.2681704260651629;-0.3036069313370359
Unknown;0.0913981720365592;-0.4666666666666667;-0.7971248444617761
Unknown;0.2189556208875822;-0.2291666666666666;-0.4818301555687968
Unknown;0.1963560728785424;-0.3129251700680272;-0.5836516249229138
Unknown;0.0004399912001759;-0.7581699346405228;-1.6954242023939976
Unknown;0.3604727905441891;0.04;0.4218367287237169
Unknown;0.7969440611187776;0.2101449275362318;0.109130005802355
Unknown;0.0347593048139037;0.4891304347826087;0.9206715203898992
Unknown;0.0027999440011199;-0.7551020408163265;-1.488562372430121
Unknown;0.2990340193196136;0.3115942028985507;0.4092827212802984
Unknown;0.0695586088278234;0.4;0.8625777551851893
Unknown;0.1804363912721745;-0.5555555555555556;-0.57502077251537
High;0.4649507009859803;-0.1444444444444444;-0.3156557759220654
Medium;0.243955120897582;0.2533333333333333;0.5607685694002732
Unknown;0.8615027699446011;-0.2753623188405797;-0.0830559860281983
Unknown;0.0497590048199036;-0.3202614379084967;-0.9186622451278194
Low;0.0603187936241275;0.4629629629629629;0.820800134696972
Unknown;0.0116397672046559;-0.4085213032581453;-1.186998281860465
High;0.0329993400131997;0.4707602339181286;0.6204484372187348
Unknown;0.0001599968000639;0.8633333333333333;1.3019759876509691
Unknown;0.243355132897342;-0.2282282282282282;-0.4180988892213861
Unknown;0.6738265234695306;-0.2074829931972789;-0.1619239269040385
Unknown;0.8193836123277535;-0.0897435897435897;0.0899384017217779
Unknown;0.0002399952000959;0.723170731707317;1.208601105440246
Unknown;0.0062798744025119;-0.6099290780141844;-1.3339959221740365
Unknown;0.117077658446831;0.3097014925373134;0.5614473937452281
Unknown;0.248555028899422;-0.5034013605442177;-0.502062443013927
Unknown;0.2861142777144457;-0.3;-0.4610945678519789
High;0.0309993800123997;0.5066666666666667;0.868208455728686
Unknown;0.0002799944001119;0.5698550724637681;0.9384135459764186
Unknown;0.3760724785504289;0.5451388888888888;0.3238892204966367
Unknown;0.0108397832043359;-0.532608695652174;-1.2762263050028295
Unknown;0.2786744265114698;-0.2888888888888888;-0.5225168627930066
Unknown;0.0395592088158236;0.446031746031746;0.645520420319307
Medium;0.0069998600027999;0.6226415094339622;1.0887559459578235
Unknown;0.2246355072898542;-0.18359375;-0.4606734819444698
Unknown;0.0153196936061278;0.5850340136054422;0.8338744181158724
Unknown;0.1110377792444151;0.4148148148148148;0.619731787282002
Unknown;0.2811943761124778;0.0739795918367346;0.4388030292564443
Unknown;0.367632647347053;0.2011111111111111;0.3050697809983014
Unknown;0.7210255794884103;-0.0185185185185185;-0.1638247821302813
Medium;0.0451990960180796;0.5660377358490566;0.8868198538668627
Unknown;0.0294794104117917;-0.5072463768115942;-1.0065265100150174
Unknown;0.2537149257014859;-0.4488888888888889;-0.4922155974924102
Unknown;0.0233195336093278;0.7098765432098766;1.038144246453324
Unknown;0.0035999280014399;0.6453900709219859;1.07438140995283
Unknown;0.4296714065718686;0.2337662337662337;0.3285925411414683
Unknown;0.0120397592048159;-0.5925925925925926;-0.8754632235103993
Unknown;0.0113997720045599;0.5486111111111112;1.0056796719986003
Unknown;0.0077998440031199;0.5064935064935064;0.9112489017253508
Control;0.4714305713885722;0.4393939393939394;0.3302694764125993
High;0.0028399432011359;0.6657681940700808;1.2608565486513006
Unknown;0.0013999720005599;0.7301587301587301;1.064366117720044
Unknown;0.3167136657266854;-0.0208333333333333;-0.375198768280423
Unknown;0.1718365632687346;-0.375886524822695;-0.6224972348272375
Unknown;0.7653046939061219;0.1830065359477124;0.1441357049265305
Control;0.0927581448371032;0.3733333333333333;0.7380328112916738
Unknown;0.992420151596968;0.3133640552995391;-0.0538171719541468
Low;0.3816723665526689;0.1437908496732026;0.3856423326736539
Medium;0.0402791944161116;0.5347222222222222;0.7757550833731497
High;0.1998760024799504;0.5615942028985508;0.6348210968683612
Unknown;0.0588388232235355;0.3673469387755102;1.2596794233544897
Unknown;3.999920001599968e-05;0.8621378621378621;2.16817300977573
Unknown;0.5267494650106997;0.2266666666666666;0.3089790487341575
Unknown;0.1882762344753105;0.3356009070294785;0.5063840889577641
Unknown;0.0001199976000479;0.7725694444444444;1.1901080364690382
High;0.2071158576828463;0.358974358974359;0.5599727883409333
Unknown;0.1079178416431671;-0.4397163120567376;-0.6538349364061337
Unknown;0.8270234595308094;-0.1025641025641025;0.0878600035800665
Unknown;0.2773944521109577;0.3478260869565217;0.5887006150043231
Unknown;0.0051598968020639;0.7;1.324251922169282
Control;0.0243595128097438;0.4850498338870432;0.6551444959456181
Unknown;0.0184796304073918;-0.6802721088435374;-1.2239116929565683
Unknown;0.9607007859842804;0.0392156862745098;0.03907996030453
Medium;0.8911021779564409;-0.4134615384615384;0.0059356028926426
Unknown;0.0153596928061438;0.4340277777777778;1.106732460055839
Unknown;0.5688286234275315;-0.1244444444444444;-0.2857000418813808
Unknown;0.118397632047359;-0.1851851851851851;-0.5174492682398755
Low;0.0017199656006879;0.5738636363636364;1.032022105633666
Low;0.2669546609067819;-0.1530612244897959;-0.4501443951100813
Unknown;0.5275494490110197;-0.1909722222222222;-0.2528871790425516
Unknown;0.742385152296954;-0.0188679245283018;-0.1412465759247796
Unknown;0.0039199216015679;0.5633333333333334;1.7254703276962198
Unknown;0.7357452850942982;0.0046511627906976;0.1804101630007514
Unknown;0.0466390672186556;-0.6258503401360545;-0.98798019745024
Low;0.0001199976000479;0.8787878787878788;1.4463127543960292
Unknown;0.0005999880002399;0.5977011494252874;1.4284528192981745
Unknown;0.4807103857922841;0.0283687943262411;0.3442476708604565
Unknown;0.7557848843023139;-0.1836734693877551;-0.1631600553024115
Unknown;0.0644387112257754;0.3333333333333333;0.9025163411716616
Unknown;0.4815103697926041;-0.0052910052910052;0.2772621705049336
Unknown;0.1645567088658227;-0.375;-0.5822215619666982
Unknown;0.0005999880002399;0.6955503512880562;1.183173948878468
Unknown;0.0006799864002719;0.6808510638297872;1.2902034532507205
Control;0.371672566548669;-0.3952380952380952;-0.3511344822368163
Medium;0.0001599968000639;0.7637362637362637;2.125876083623253
Unknown;0.0349993000139997;0.4188861985472155;0.8847965148087388
Medium;0.0138797224055518;0.609375;1.036016763969626
Unknown;0.2576748465030699;0.25875;0.3839145268885481
Control;0.0358792824143517;-0.4343434343434343;-0.7391229503588437
Unknown;0.0028799424011519;0.5926829268292683;0.951029284915044
Unknown;0.0006799864002719;0.6078971533516988;1.0716595526847572
Unknown;0.1918761624767504;-0.4965277777777778;-0.578377924808816
Unknown;0.3253534929301414;0.0349650349650349;0.3194796557778742
Unknown;0.2010359792804144;0.4449648711943794;0.5142925838841108
Unknown;0.9412611747765044;-0.4565217391304347;-0.0182038038339527
Unknown;0.5227495450090999;0.2327044025157232;0.2897471997604979
Medium;3.999920001599968e-05;0.7944664031620553;1.5995941850640016
Unknown;0.0681186376272474;0.4125;0.6306988743525395
Medium;7.999840003199936e-05;0.8709677419354839;1.8285814930581417
Unknown;7.999840003199936e-05;0.8697183098591549;1.7176793989217278
Unknown;0.3141137177256455;-0.2666666666666666;-0.4429220268362883
Unknown;0.0317193656126877;0.5138888888888888;0.9198206473381272
Unknown;0.1759564808703826;0.0866666666666666;0.6131614931832442
Unknown;0.7815843683126338;0.0488888888888888;0.0861171424637085
Unknown;0.8502629947401052;0.0471698113207547;0.0643072366392649
Unknown;0.6128677426451471;-0.1597222222222222;-0.219769541306071
Unknown;0.8858222835543289;0.0702179176755447;0.0448645264655679
Unknown;0.6023079538409232;0.074074074074074;-0.2065594601467133
Unknown;0.8133437331253375;0.0691056910569105;0.1125004125021621
Unknown;0.0480390392192156;-0.5688311688311688;-0.8007676657125485
Unknown;0.8569028619427611;-0.1074074074074074;-0.0688081901224039
Unknown;0.3490330193396132;0.3680555555555556;0.3023078634782378
Unknown;0.0074798504029919;0.6458333333333334;1.1524241505524349
Unknown;0.3063538729225415;0.3888888888888889;0.4497290517377351
High;0.0246795064098718;0.5769230769230769;1.0179164013245037
Unknown;0.4650306993860122;0.189033189033189;0.2648307148943324
Unknown;0.9404211915761684;0.0068027210884353;0.0134200589497876
Unknown;0.0001999960000799;0.8503401360544217;1.7542765914892142
Unknown;0.0681186376272474;-0.4565217391304347;-0.8122225925349531
Control;0.4759504809903802;-0.2084309133489461;-0.2826718337544377
Control;0.1044779104417911;0.1224489795918367;0.7095623983303223
Unknown;0.1748765024699506;0.2;0.5334835041137643
Unknown;0.0182396352072958;0.7189695550351288;1.056347386581412
Unknown;0.0714785704285914;-0.5833333333333334;-0.7869381226156175
Unknown;0.0778384432311353;-0.4102564102564102;-0.8016476725788999
Unknown;0.3089635854341737;0.2929292929292929;0.6800119283982424
Unknown;0.25147497050059;-0.3984962406015037;-0.47241120510683
Unknown;0.1889162216755665;0.3481481481481481;0.5693476565434986
Unknown;0.0147997040059198;-0.5911111111111111;-1.2819384804495972
Unknown;0.0073198536029279;0.5957446808510638;1.2502579769645683
Unknown;0.0057198856022879;0.6862745098039216;1.1614233879108031
Unknown;0.0599588008239835;-0.4166666666666667;-0.8921419353622265
Unknown;0.1900761984760304;0.3260869565217391;0.5920045372664652
Unknown;0.1531969360612787;-0.3333333333333333;-0.5944024414961605
Unknown;0.9571408571828564;0.0;0.0116349053179036
Control;0.0200395992080158;0.5681818181818182;1.0513061596851283
Low;0.1931561368772624;-0.3724489795918367;-0.5245191226216182
Low;0.0014799704005919;0.5725;0.9740777862583352
Unknown;0.0028799424011519;0.8078817733990148;1.3605094473798742
Unknown;0.7352652946941061;0.0851851851851851;0.1491811279316748
Unknown;0.0867582648347033;-0.452991452991453;-0.7540685563016539
Unknown;0.0546789064218715;-0.3971631205673759;-0.747288756134997
Unknown;0.0115997680046399;0.6162790697674418;1.2535489959484003
Unknown;0.6548669026619468;0.1851851851851851;0.1925588613284567
Unknown;0.0141997160056798;-0.624113475177305;-1.0429621737200483
Unknown;0.3515129697406052;0.137844611528822;0.389324376838548
Unknown;0.3234335313293734;-0.3777777777777777;-0.4802995555681018
Unknown;0.0973580528389432;0.34375;0.6123399101974439
Unknown;0.4735505289894202;-0.144927536231884;-0.3084968508028554
Unknown;0.0085198296034079;0.5502645502645502;1.018891023409357
Unknown;0.0051198976020479;0.6111111111111112;1.2153982935996046
Unknown;0.4469110617787644;0.3155555555555555;0.3451936413866357
Medium;0.0769184616307673;-0.3115942028985507;-0.8480179753493279
Control;0.0009199816003679;0.7028985507246377;1.5729326864436233
Unknown;0.0137997240055198;0.2971014492753623;1.5681772009558346
Unknown;0.0119597608047839;0.6296296296296297;1.0831502068864485
Unknown;0.1494770104597908;0.4609929078014184;0.6470193980402867
Unknown;0.119477610447791;-0.361038961038961;-0.6338750223959057
Unknown;0.0384392312153756;-0.5797101449275363;-0.8852332452798654
Unknown;0.5683086338273234;0.2670454545454545;0.1723875212603728
Unknown;0.8937021259574809;0.1485714285714285;0.0503090563658775
Unknown;0.0016799664006719;0.5852272727272727;1.1871581263166158
Unknown;0.989820203595928;0.0049261083743842;-0.0104221046815107
Unknown;0.0070798584028319;0.506265664160401;1.0249701107901317
Unknown;0.0072798544029119;-0.4933333333333333;-1.6882429539067378
Unknown;0.9296214075718484;-0.4818840579710144;-0.054929150472054
Unknown;0.0002399952000959;0.575139146567718;1.2736525953252926
Low;0.0003599928001439;0.7063492063492064;1.127925977932528
Unknown;0.0003199936001279;0.7564102564102564;1.736813489808115
Medium;0.1526769464610707;0.4198717948717949;0.5217640490108557
Unknown;0.0155996880062398;0.5769230769230769;0.9506447418481716
Unknown;0.0876782464350713;0.2512315270935961;0.8880905501486839
Unknown;0.0631187376252475;0.4078762306610408;0.6680680252168776
Unknown;0.0151596968060638;0.6163522012578616;1.018942341354503
Control;3.999920001599968e-05;0.9411764705882352;1.6314794154287542
Unknown;0.4830703385932281;0.0222222222222222;0.1843291688725512
Unknown;0.0009199816003679;0.9057971014492754;1.8947577060051224
High;0.0131197376052478;0.5925925925925926;0.955992893679176
Unknown;0.1380372392552148;0.392156862745098;0.600061734326431
Low;0.9267814643707126;-0.108695652173913;0.0154658745490789
Unknown;0.4450310993780124;0.0398550724637681;0.3086813587536523
Unknown;0.3521929561408772;0.1555555555555555;0.4476374273561508
Control;0.0029999400011999;0.5952380952380952;1.1671156614197895
Unknown;0.8065838683226335;0.0943396226415094;0.1093123734697731
Low;0.2381952360952781;0.0419753086419753;0.3892856033999576
Unknown;0.0191996160076798;-0.6099290780141844;-1.1123586770630458
Control;0.0053598928021439;0.6195652173913043;1.0583031212106635
Unknown;0.0578388432231355;0.3379310344827586;0.6480022453389941
Unknown;0.1441171176576468;0.2971014492753623;0.6308294200239899
Unknown;0.9740605187896242;-0.0222222222222222;-0.0288921027667955
Unknown;0.2791544169116617;0.2310344827586206;0.3618599450720879
Unknown;0.1556368872622547;-0.3686274509803922;-0.5782785235787539
Medium;0.0351592968140637;0.3928571428571428;0.6510367406549448
Unknown;0.0987580248395032;0.425531914893617;0.7605873012391685
Unknown;0.0502789944201116;0.572265625;0.8007110681327355
High;0.0111597768044639;0.5031645569620253;0.9936738291026684
Unknown;0.497830043399132;0.1911111111111111;0.3361433815054637
Unknown;0.1088778224435511;0.3099415204678362;0.566603406023136
Unknown;0.0218795624087518;-0.5362318840579711;-0.9864906133659948
Unknown;0.2551948961020779;0.3688888888888889;0.5392047147504477
Unknown;0.1313173736525269;0.4285714285714285;0.6056974108446215
Unknown;0.0463190736185276;0.4757462686567164;0.6546514237882876
Unknown;0.0742385152296954;0.474025974025974;0.7250751747848792
Unknown;0.1347973040539189;-0.4131944444444444;-0.6847276616977641
Unknown;0.3274334513309734;-0.3958333333333333;-0.4312949952778963
Unknown;0.0039999200015999;0.6463700234192038;1.1436861473876794
Unknown;0.1116377672446551;0.3888888888888889;0.72698441059436
Control;0.0951980960380792;0.4666666666666667;0.7189047769075037
Unknown;0.0449991000179996;-0.6355555555555555;-0.9664733677888456
Unknown;0.9277014459710806;0.0142857142857142;-0.0642443445421161
Unknown;0.0026799464010719;-0.7916666666666666;-1.552646030289841
Unknown;0.7965040699186017;0.0915841584158415;0.0875072340336107
Unknown;0.2898342033159337;0.2777777777777778;0.4592518255550028
Unknown;0.9277814443711124;0.075;0.0261812372739601
Unknown;0.0950380992380152;-0.375886524822695;-0.7459662491398648
Unknown;0.3615527689446211;-0.2932330827067669;-0.3427862102822402
Control;0.7225455490890182;-0.06;-0.1194354802606356
Control;0.9363012739745206;-0.0217391304347826;-0.0312502816765913
Unknown;0.8600627987440251;0.0831168831168831;0.0739551205951676
Unknown;0.1972360552788944;0.3135464231354642;0.4584226965766327
Unknown;0.2890742185156297;-0.3402777777777778;-0.4722973010242619
Unknown;0.0632787344253115;0.431338028169014;0.6332698295532156
Unknown;0.248235035299294;-0.3911007025761124;-0.4590590481654756
Unknown;0.0125597488050238;0.64;1.0422638629005103
Unknown;0.6123077538449231;-0.1464285714285714;0.1845832841599597
Unknown;0.0153196936061278;-0.5644444444444444;-1.2664099437525984
Control;0.243755124897502;0.2805555555555555;0.5054700987507136
Unknown;0.7954640907181857;-0.238095238095238;0.1005974040261741
Unknown;0.0029199416011679;0.8666666666666667;1.176954457823203
Unknown;3.999920001599968e-05;0.8472906403940886;1.8434550893271413
Unknown;3.999920001599968e-05;-0.8866995073891626;-2.219723882096083
Unknown;3.999920001599968e-05;0.9685534591194968;2.168186851490807
Unknown;0.0012399752004959;-0.7028985507246377;-1.5387757884738755
Unknown;0.0783584328313433;-0.4592592592592592;-0.7721268549163165
Unknown;0.6458270834583308;0.0680272108843537;0.1824697495379455
Unknown;0.74942501149977;0.0628571428571428;0.1573303278718798
Unknown;0.3976320473590528;0.1777777777777777;0.37958538063451
Control;0.0009599808003839;0.7891156462585034;1.5147606051694853
Unknown;0.49695006099878;-0.34;0.1872425618147739
Unknown;0.0065598688026239;0.4857142857142857;1.027576773324443
Unknown;3.999920001599968e-05;0.8813559322033898;2.0311342618291
Unknown;0.7737445251094978;0.0925925925925925;0.1343682219396283
Unknown;7.999840003199936e-05;0.8382978723404255;1.3026824252206932
Unknown;0.9207015859682808;-0.0128205128205128;0.0402192408679194
Unknown;0.3443531129377412;-0.2571428571428571;-0.3791063321631607
Unknown;0.0014399712005759;-0.7188940092165899;-1.2807567158099362
Unknown;0.1462770744585108;-0.3306878306878307;-0.5932640308593586
Unknown;0.508629827403452;0.1805555555555555;0.2866003374771205
Unknown;0.7272254554908901;0.0814814814814814;0.1441624800440218
Unknown;0.0173996520069598;0.436144578313253;0.7794160078760412
Unknown;0.1333573328533429;-0.4518518518518518;-0.7231088776614499
Unknown;0.0033999320013599;0.6852300242130751;1.2523802991653263
Low;0.0021999560008799;0.6163522012578616;1.3453881584180631
Control;0.2043159136817263;-0.2415584415584415;-0.5628482673018524
Unknown;0.0383592328153436;-0.4618055555555556;-0.9021319911388522
Unknown;0.625427491450171;0.0641025641025641;0.2470826402495891
Medium;0.0011599768004639;0.5257586450247;0.9733812612597814
Unknown;0.5941081178376433;0.0033003300330033;0.1630681497647747
Unknown;0.6751064978700426;0.0612244897959183;-0.1652948199312864
Low;0.0137997240055198;0.5555555555555556;0.9287655564012108
Unknown;0.0535989280214395;0.4898989898989899;0.6361908926522014
Unknown;0.0959580808383832;-0.4680851063829787;-0.7218002964215817
Unknown;0.0001599968000639;0.92;1.553869378117677
Unknown;0.0892782144357112;0.3684210526315789;0.6398249896298919
Unknown;0.5917881642367153;-0.1882716049382716;-0.2500007255329458
Unknown;0.5563088738225236;-0.0189393939393939;0.2834696233515743
Unknown;0.4106317873642527;0.2561728395061728;0.2822457837571152
Control;0.2036759264814703;-0.365079365079365;-0.5239626577842146
Unknown;0.0767584648307033;-0.504;-0.8886155076255126
Control;0.0001199976000479;0.626991565135895;1.2644765933475706
Control;0.4145517089658206;0.2256944444444444;0.368356172667294
Unknown;0.0268394632107357;-0.6312056737588653;-1.0744431852892888
Unknown;0.1517169656606868;-0.3324675324675324;-0.5868583672989625
Control;0.0006799864002719;0.7142857142857143;1.4732108723604431
Unknown;0.0196396072078558;0.5815602836879432;0.8929922367021351
Unknown;0.3823523529529409;0.2426303854875283;0.3563174298032794
Unknown;0.5206695866082678;-0.1063829787234042;-0.2771082434029205
Unknown;0.378392432151357;-0.2084309133489461;-0.3499778278382268
Unknown;0.0014799704005919;0.673469387755102;1.6959594368745197
Low;0.0771984560308793;0.48;0.6950882976447784
Unknown;0.7019859602807944;-0.0476190476190476;-0.2078974172594397
Unknown;0.2296354072918541;0.8695652173913043;0.5756434583670725
Unknown;0.3506329873402532;0.2556390977443609;0.3789090504025346
Unknown;0.0399192016159676;-0.5333333333333333;-1.077997202166034
Control;0.0228795424091518;0.6209150326797386;0.9150568202603006
Unknown;0.0051998960020799;-0.6518518518518519;-1.3554624653624154
Unknown;0.2117957640847183;-0.191358024691358;-0.5235196232679942
Low;0.0005599888002239;0.7353629976580797;1.1861743062026129
Unknown;0.3317933641327173;0.413953488372093;0.4680318181587662
Unknown;0.49235015299694;-0.1147540983606557;-0.272885826526611
Unknown;0.7135857282854343;-0.2333333333333333;-0.1510668804681139
Unknown;0.8240235195296094;0.1014492753623188;0.1027675469575423
Unknown;7.999840003199936e-05;0.9135802469135802;1.7389713981056565
Control;0.0320393592128157;-0.6666666666666666;-1.3120066559418828
Unknown;7.999840003199936e-05;-0.9251700680272108;-2.735284322749843
Unknown;0.2305153896922061;-0.0518518518518518;0.58688713985558
Control;0.8573428531429371;0.0292792792792792;0.0724663404218158
Unknown;0.4410711785764284;-0.241025641025641;-0.3680845460846463
Unknown;0.2061158776824463;0.2679738562091503;0.5987301125577322
Unknown;0.0002399952000959;0.73046875;1.3321019901300843
Unknown;0.1064378712425751;-0.52;-0.8219477502083169
Unknown;0.0015999680006399;0.6825396825396826;1.0980669184134284
Low;0.0911981760364792;0.2539682539682539;0.6274780191846827
Unknown;3.999920001599968e-05;0.8198198198198198;1.7966534195624009
Unknown;0.0211195776084478;-0.5306122448979592;-1.1252312806556566
Unknown;0.0126397472050558;0.7169811320754716;1.2969010814619435
Unknown;0.3355932881342373;0.1597222222222222;0.4290504295692432
Control;0.2076758464830703;0.2127659574468085;0.5488343920775077
Low;0.7919441611167777;0.1088435374149659;0.1198983598312539
Unknown;0.5784684306313874;-0.1533333333333333;-0.2277755202932504
Unknown;0.2941141177176457;0.1111111111111111;0.4432218386045169
Unknown;0.5876282474350513;0.1428571428571428;0.2539948329484321
Unknown;0.0013199736005279;-0.8133333333333334;-1.6571977895208692
Unknown;0.0221595568088638;0.5012106537530266;0.8832704385821193
Unknown;0.3606727865442691;-0.5111111111111111;-0.4077280917880853
Unknown;3.999920001599968e-05;0.7194570135746606;1.344388024572225
Medium;0.8343033139337214;0.0424242424242424;-0.0638274947534163
Unknown;0.4183516329673407;0.1454545454545454;0.338687223490612
Unknown;0.503069938601228;-0.0977443609022556;0.229324318391663
Unknown;0.3786324273514529;-0.0809523809523809;-0.3597291840303591
Unknown;0.3255534889302214;-0.2075471698113207;-0.4317982100202765
Unknown;0.370832583348333;0.2357142857142857;0.3296053586039634
Unknown;0.0563988720225595;0.3333333333333333;1.2485038233470802
Unknown;0.0083998320033599;0.6851851851851852;1.1568283148805587
Control;0.1035579288414231;0.5303030303030303;0.6085332133559551
Unknown;0.0033999320013599;-0.7256944444444444;-1.4211504343765602
Unknown;0.0193996120077598;0.5333333333333333;0.9605630960640952
Unknown;0.2392752144957101;0.0577777777777777;0.5686161063138615
Unknown;0.5251894962100758;0.2951388888888889;0.2488726032196367
Unknown;0.5972280554388912;0.1666666666666666;0.2567081258910069
High;0.0143197136057278;0.5105633802816901;0.9480234562973194
Unknown;0.0457190856182876;-0.34;-0.9751586777594988
Low;0.1772364552708945;-0.0299539170506912;-0.5690743729031349
Unknown;0.1029979400411991;0.477124183006536;0.7202830064001696
Unknown;0.873462530749385;-0.0270061728395061;0.0597983193905677
Unknown;0.0307193856122877;-0.4901960784313725;-1.0619195956710168
Control;0.0157196856062878;0.5416666666666666;0.9374575818498844
Unknown;0.1280774384512309;-0.4591194968553459;-0.6948624659054641
Unknown;0.0078398432031359;0.8222222222222222;1.6752230543111877
Unknown;0.4209915801683966;-0.1388888888888889;-0.3453342671337804
Control;0.0020799584008319;0.6798029556650246;1.0899948622627191
Low;0.0006799864002719;0.6984126984126984;1.2650847925276278
Unknown;0.0993580128397432;-0.2222222222222222;-0.7400870614115043
Unknown;0.0009199816003679;0.84;1.6320733272242578
Unknown;0.0757184856302874;0.2219512195121951;0.5653163101782805
High;0.0269194616107677;0.5703703703703704;0.8254953898690023
Unknown;0.0250394992100158;-0.3993055555555556;-0.9153031277035468
Medium;0.0075598488030239;0.4948979591836734;0.9539541586106972
Unknown;0.0454790904181916;0.3402777777777778;1.0470630286642149
Control;0.0193196136077278;0.5851063829787234;0.893854563966163
Unknown;0.5477890442191157;0.1791044776119403;0.2024827466659738
Unknown;0.7972240555188896;-0.1658986175115207;-0.0981311467382901
Unknown;0.0412791744165116;0.5077355836849508;0.7999853012350113
Unknown;0.369952600947981;0.2176470588235294;0.3021988385993074
Unknown;0.0039599208015839;0.6182336182336182;1.0276901146819375
Unknown;0.0160796784064318;0.6258503401360545;1.0509064600947746
Control;0.0001599968000639;0.7083333333333334;1.1696182398246433
Unknown;0.0002399952000959;0.8163265306122449;1.2788920419681882
Control;7.999840003199936e-05;0.8722222222222222;1.6253498842023155
Unknown;0.7977840443191136;-0.1602564102564102;0.1090740860576141
Unknown;0.0031199376012479;-0.8148148148148148;-1.4227223300047087
Unknown;0.5119897602047959;-0.2463768115942029;-0.2857079535263931
Unknown;0.0168796624067518;-0.6370370370370371;-1.0931115368127473
Unknown;0.4398712025759485;-0.0212765957446808;0.3098532850476101
Unknown;0.0180796384072318;-0.6622222222222223;-1.1211999289187389
Unknown;0.630387392252155;-0.173469387755102;-0.2067776473093759
Unknown;0.0718785624287514;0.4492753623188406;0.7599851076872081
Unknown;0.0009599808003839;-0.6791979949874687;-1.3093595370843407
Unknown;0.4817103657926841;0.2318840579710145;0.3234114080126191
Unknown;0.3398332033359332;-0.2836879432624113;-0.4074543791751277
Unknown;0.243915121697566;-0.2755555555555555;-0.565380246995563
Unknown;0.623907521849563;0.2321428571428571;0.1885417665251405
Unknown;0.0341993160136797;0.5555555555555556;1.0707228127382729
Unknown;0.0013199736005279;-0.7044025157232704;-1.5470105366579745
Unknown;0.0003999920001599;0.7540983606557377;1.237276993116757
Unknown;0.1119177616447671;0.1380145278450363;0.6693396298021916
Unknown;0.3258334833303334;-0.2813186813186813;-0.3277835982667746
Unknown;0.1456770864582708;0.6201550387596899;0.7024702970620017
Medium;0.0188796224075518;0.4414414414414414;0.8055550634907186
Unknown;0.0059598808023839;0.6493055555555556;1.2476312507063487
Unknown;0.1669166616667666;0.3143382352941176;0.5078951206517933
Unknown;0.0503989920201596;-0.3028169014084507;-0.7948228863288495
Unknown;0.9271814563708726;-0.0068027210884353;-0.0309824894056217
Control;0.8314633707325854;0.0;-0.071391830330243
Unknown;0.7278254434911302;0.2107728337236534;0.1204171348169814
Unknown;0.0001999960000799;0.8260869565217391;1.9931901893088708
Unknown;0.7977440451190976;-0.1033333333333333;0.1256726515592305
Unknown;0.1087978240435191;0.3;0.6651116489078281
Unknown;0.0040799184016319;0.6268115942028986;1.3444104771492609
Unknown;0.5954280914381712;-0.2482269503546099;-0.2146299433001378
Unknown;0.757464850702986;0.0798611111111111;0.1284268131147841
Unknown;0.6543469130617388;0.0518518518518518;0.2154298198921532
Control;0.0431991360172796;0.5185185185185185;0.8424665154828207
Unknown;0.6628267434651307;-0.1555555555555555;-0.1813500070866817
Unknown;0.5674686506269875;0.1989795918367347;-0.1952413207252471
Control;0.0001599968000639;0.7732426303854876;1.1143533174833622
Unknown;0.6431071378572428;-0.3476190476190476;-0.1671050294127654
Unknown;0.0009999800003999;0.6146341463414634;1.1038189427839058
Unknown;0.0370392592148157;-0.5703703703703704;-0.9401460555049632
Unknown;0.635787284254315;0.1407407407407407;0.2163912999682452
Unknown;0.628467430651387;-0.3511111111111111;0.1970236128074974
Unknown;0.1589968200635987;-0.3461538461538461;-0.6316490206675328
Unknown;0.0064798704025919;0.5155555555555555;1.002425063484422
Unknown;0.0531989360212795;-0.5181818181818182;-0.979511012435624
Unknown;0.5704685906281874;0.1257995735607676;0.2326735857848248
Unknown;0.9801003979920402;0.0051020408163265;-0.0308251887438358
Unknown;0.3479930401391972;0.2276422764227642;0.4178036337029258
Unknown;0.4231515369692606;0.1423076923076923;0.3016704314485454
Unknown;0.0423591528169436;0.4130434782608695;0.8601612982385987
Unknown;0.3960720785584288;-0.3259259259259259;-0.3728760890317201
Unknown;0.1349173016539669;0.04;0.8138991529720012
Unknown;0.1296774064518709;0.4320987654320987;0.6504028407212817
Unknown;3.999920001599968e-05;0.8923076923076924;2.0545683125558423
Unknown;0.0032799344013119;0.7160714285714286;1.4458570953634189
Unknown;0.1853162936741265;-0.3866666666666666;-0.6392988584469641
Unknown;0.0001199976000479;0.8044444444444444;1.552698586738816
Unknown;0.4744305113897722;0.2114832535885167;0.2287142964947467
Unknown;0.0006399872002559;0.7555555555555555;1.168090968102555
Unknown;0.0101997960040799;0.5523809523809524;0.955124935412688
Control;0.8801023979520409;0.2608695652173913;-0.0216678088035706
Medium;0.0670386592268154;0.3674418604651163;0.6470566479636561
Unknown;0.1460770784584308;-0.4057971014492754;-0.6341624992876018
Unknown;0.0947981040379192;0.2925170068027211;0.7547831765846919
Medium;0.0303193936121277;0.5686274509803921;0.888090945923733
Unknown;0.9037019259614808;0.0518518518518518;0.0533903772511273
Control;0.1086378272434551;-0.4833333333333333;-0.7728622469061655
Unknown;0.0002399952000959;0.8015873015873016;1.10516040508283
Unknown;0.0053198936021279;-0.7155555555555555;-1.092237547417896
Control;0.0949981000379992;-0.3112244897959184;-0.6671492332624018
Unknown;0.5445091098178036;-0.1985815602836879;-0.2432862790953216
Unknown;0.1827163456730865;0.2026143790849673;0.60272742505869
Unknown;0.0125597488050238;0.5576923076923077;1.1060189746176876
Unknown;0.5367492650146997;-0.2619047619047619;-0.2675319309863088
Unknown;0.0031199376012479;0.8137254901960784;1.682664390985737
Unknown;0.0002399952000959;0.7735849056603774;1.578995791329246
High;0.2556748865022699;-0.2943262411347517;-0.5015142471534652
Unknown;0.0210395792084158;0.8833333333333333;1.313891550103719
Unknown;0.5701085978280435;-0.1594202898550724;-0.2364889556406791
Unknown;0.4638307233855323;-0.2517006802721088;-0.3184178773268458
Unknown;0.0230395392092158;0.5585585585585585;0.9409402262820268
High;0.0465190696186076;0.5032679738562091;0.8671573851032401
Control;0.0001999960000799;0.9133333333333332;1.5760195307717997
Unknown;0.3171936561268774;-0.3333333333333333;-0.3927603844372769
Unknown;0.0555588888222235;-0.524822695035461;-0.872169361179629
Medium;0.4228715425691486;0.06265664160401;0.3251546757298766
Unknown;0.3654726905461891;0.4294871794871794;0.3963482027823414
Medium;0.1815963680726385;-0.1614457831325301;-0.4572867842791011
Unknown;0.0234395312093758;-0.6088888888888889;-1.1444910113200832
Unknown;0.2386752264954701;-0.4248366013071895;-0.5290814208148154
Unknown;0.0057198856022879;-0.5564705882352942;-0.9242616124537076
Unknown;0.4225115497690046;0.1886792452830188;0.3466596636619956
High;0.0053198936021279;-0.6909722222222222;-0.966133492118872
Control;0.2990740185196296;0.1152073732718894;0.4189857790360029
Unknown;3.999920001599968e-05;-0.8958333333333334;-3.267662382512609
Unknown;0.9633007339853203;0.0244444444444444;-0.032497174331935
Unknown;0.0008799824003519;-0.8333333333333334;-1.599134912993553
Unknown;0.7733045339093219;-0.0638297872340425;-0.1169127449803438
Unknown;0.251914961700766;-0.4113475177304964;0.4785445180453658
Unknown;0.5223495530089398;-0.1333333333333333;-0.2752440276071284
Unknown;0.0284394312113757;0.3932806324110672;0.7195332684418863
Low;0.5311893762124758;0.2639225181598063;0.2476618621978856
Unknown;0.4483910321793564;0.1543209876543209;0.2573424751129647
Unknown;0.0099998000039999;0.5839598997493735;0.8630238378974294
Unknown;0.6959460810783784;-0.0784313725490196;-0.1618192945709478
Unknown;0.1586368272634547;-0.3684210526315789;-0.4867173091859472
Unknown;0.6439871202575949;0.1394557823129251;0.2076069889495433
Unknown;0.1292374152516949;0.3733333333333333;0.6773784567196318
Unknown;0.0293594128117437;-0.5266666666666666;-1.0115381721132803
Low;0.9046219075618488;-0.0884353741496598;-0.037109432351109
Unknown;0.0553988920221595;-0.4888888888888889;-0.8140788415271644
Control;0.0061998760024799;0.60546875;0.9990233825143552
Unknown;0.0766784664306713;0.304;0.5677546128951497
Unknown;0.0601987960240795;0.1433333333333333;0.9252003021085732
Unknown;0.0003999920001599;0.7391304347826086;1.2874419745533998
Unknown;0.8100637987240256;0.1304347826086956;0.104734025408207
Unknown;0.0452790944181116;0.4228855721393035;0.794455737846115
Unknown;0.116037679246415;-0.4705882352941176;-0.6802935467019641
Unknown;0.0045999080018399;-0.6319444444444444;-1.3658823914372802
Unknown;0.1099978000439991;0.425531914893617;0.702679029061246
Unknown;0.0883182336353272;0.2959183673469387;0.6311687516981148
High;0.4794704105917882;0.1428571428571428;0.3063875172385887
Control;0.0108397832043359;0.6180555555555556;1.1122931617368228
Unknown;0.9661806763864724;-0.06;-0.017138870556787
Unknown;0.9657406851862964;-0.3541666666666667;-0.0687624370498727
Unknown;0.2007559848803023;0.0857142857142857;0.5222967762697
Unknown;0.0414391712165756;0.4356060606060606;0.7739574495491547
Control;0.989380212395752;0.2444444444444444;0.0327078910162468
Unknown;0.0157196856062878;0.5688311688311688;0.9695519434062492
Control;0.0026799464010719;-0.6355555555555555;-1.0388414763652716
Medium;0.0193596128077438;0.2534722222222222;1.1801845695465736
Control;0.8219835603287934;-0.0018939393939393;0.0799428560550597
Unknown;0.0089998200035999;0.648910411622276;1.0919793846040011
Low;0.0557967867998263;0.6666666666666666;1.0756491412823626
Unknown;0.5519089618207635;0.12;0.2733886003098349
Unknown;0.0899182016359672;0.2695035460992908;0.9633914266729808
High;0.0138797224055518;0.5333333333333333;0.9583288875016998
Unknown;0.0723985520289594;0.425531914893617;0.9089581317300154
Control;3.999920001599968e-05;0.94;1.809284548312815
Unknown;0.0519189616207675;0.6923076923076923;0.8397581742854072
Unknown;0.0174396512069758;-0.7318840579710145;-1.1990875123834237
Medium;0.500189996200076;-0.4847020933977455;-0.2321271441020035
Unknown;0.0642787144257114;-0.4693877551020408;-0.8248683653117469
Unknown;0.2819143617127657;-0.2681159420289855;-0.4300771701885785
Unknown;0.0385992280154396;0.5507246376811594;0.8986493350466167
High;0.0534389312213755;0.3333333333333333;0.6935890879649946
Unknown;0.5234295314093718;0.2777777777777778;0.2180498549785965
Medium;0.1612767744645107;0.0466666666666666;0.5965172758722226
Control;0.0231195376092478;0.4271604938271605;0.7746659781349103
Low;0.3878322433551329;0.1002132196162046;0.3546600024474342
Unknown;0.6393472130557389;-0.2;-0.1935891175153571
Unknown;0.1073178536429271;0.32;0.6767199328161635
Unknown;0.0559588808223835;0.3125;0.7949821167977408
Unknown;3.999920001599968e-05;0.8319672131147541;1.8671683053804835
Medium;0.0109997800043999;0.5243342516069789;0.8032728966166457
Unknown;0.0380392392152156;-0.4166666666666667;-0.949889340759007
Unknown;0.0219995600087998;-0.5555555555555556;-1.147243468526818
Unknown;0.0490790184196316;0.5;0.8316012710959607
Unknown;0.125517489650207;-0.3082706766917293;-0.6316975627151211
Unknown;0.3400331993360133;0.1053864168618267;0.3852558885429915
Unknown;0.0190796184076318;-0.5531914893617021;-1.2166401857902698
Unknown;0.3043139137217255;-0.2083333333333333;-0.456348783433002
Unknown;0.3497130057398852;-0.2753623188405797;-0.4104722020063085
Unknown;0.1119577608447831;-0.5416666666666666;-0.7048817885994568
Unknown;0.0486390272194556;-0.3968253968253968;-0.8140302550177732
Unknown;0.0019599608007839;0.5693296602387512;1.0067484886647038
Unknown;0.6613067738645227;0.0915032679738562;0.2013294914861008
Unknown;0.2145957080858382;-0.3333333333333333;-0.5467021249091373
Unknown;0.0153196936061278;0.6111111111111112;0.9454883072292666
Low;3.999920001599968e-05;0.8846153846153846;1.2408525659925782
Unknown;0.0009199816003679;-0.8115942028985508;-1.7353784808773003
Unknown;0.0223195536089278;0.5128805620608899;0.9362772142495394
Unknown;0.3643927121457571;-0.1045454545454545;-0.3049304251354936
Unknown;0.0003199936001279;0.7253086419753086;1.1199453732419875
Unknown;0.2961940761184776;0.4814814814814814;0.4393309929808913
Unknown;0.0007199856002879;0.7553191489361702;1.6892837847402895
Unknown;0.3307533849323013;-0.1594202898550724;-0.426465705896094
Unknown;7.999840003199936e-05;0.8194444444444444;1.6706196861331055
Control;0.1009979800403991;0.4406779661016949;0.7713784087517914
Unknown;0.2031559368812623;0.2578849721706864;0.4300417259847657
Unknown;0.6439471210575789;-0.2013888888888889;-0.1848006947723858
Low;0.3571928561428771;0.1303258145363408;0.3802225537801257
Unknown;0.0006799864002719;0.779874213836478;1.371139799206697
Control;0.2597948041039179;0.4071428571428571;0.4480664378071478
High;0.1773564528709426;0.2463768115942029;0.5903148732297339
Unknown;0.3984320313593728;0.2312925170068027;0.3724955400077698
Unknown;0.0211195776084478;0.6950354609929078;1.130036167829432
Low;0.2097158056838863;-0.2482758620689655;-0.4273504435639672
Unknown;0.1621167576648467;-0.5185185185185185;-0.6036509301024849
Medium;0.0697986040279194;0.4077922077922078;0.700104172566545
Low;0.6345073098538029;-0.1333333333333333;-0.2177737695837938
Unknown;3.999920001599968e-05;0.842741935483871;1.1876794648101927
Unknown;0.3159536809263815;0.238562091503268;0.4325990616107287
Medium;0.0051998960020799;0.4771084337349398;0.821394386951462
Unknown;0.0009999800003999;0.6887755102040817;1.4791669672998824
Unknown;0.0001599968000639;-0.8740740740740741;-1.14656326965278
Medium;0.0065598688026239;0.4904761904761904;0.8317336722046512
Unknown;0.3045139097218056;0.2340425531914893;0.3933015673544662
Unknown;0.0787584248315033;0.4077922077922078;0.6559062643745083
Unknown;0.1728765424691506;0.3478260869565217;0.5949928327124667
Unknown;0.0533989320213595;0.3254716981132075;0.5660579870572261
Medium;0.0435591288174236;0.3447293447293447;0.6610995586824974
Unknown;0.1325573488530229;-0.4043583535108959;-0.623627608041688
Unknown;0.0110797784044319;0.5947712418300654;0.9864864155223616
Unknown;0.372552548949021;0.2977777777777777;0.423442249721478
Unknown;0.7360252794944101;-0.0625;-0.2401143281024139
Unknown;0.1646367072658547;-0.2;-0.7015430123750802
Unknown;0.0684786304273914;0.4740740740740741;0.7703599117983452
Unknown;0.0281994360112797;0.4289732770745429;0.7579370082132143
Unknown;0.1401571968560628;0.2891791044776119;0.5551312170957473
Unknown;0.1973960520789584;-0.3082706766917293;-0.5307609846134554
Unknown;0.0438391232175356;0.4740740740740741;1.033074855519439
Unknown;0.0695586088278234;0.54;0.7920645901267548
Unknown;0.3478330433391332;0.1231884057971014;0.4056078759187101
Unknown;0.5282694346113078;-0.3777777777777777;-0.3105228525211095
Unknown;0.5551088978220435;-0.1847014925373134;-0.2138429535220055
Unknown;0.0802383952320953;0.2924901185770751;0.560711742440628
Unknown;0.0083598328033439;0.7269503546099291;1.3515901679390503
Unknown;0.2681146377072458;0.0606060606060606;0.3979325963272861
Unknown;0.0653586928261434;-0.4276729559748428;-0.8266618934426831
High;0.8122637547249055;-0.1496598639455782;0.1378592379047159
Unknown;0.2277554448911021;0.1949685534591195;0.5399352506888545
Unknown;0.8513029739405212;-0.1904761904761904;-0.1274427351811125
Unknown;0.0837583248335033;0.5065359477124183;0.6925621192896366
Unknown;0.1426686217008797;-0.3448275862068966;-0.8389416477178218
Low;3.999920001599968e-05;0.93734335839599;2.158652138726371
Unknown;0.3155536889262215;-0.3851851851851852;-0.4385905356949092
Control;0.3804723905521889;0.0443349753694581;0.3194641085588282
Unknown;0.0057998840023199;-0.7672955974842768;-1.3745359183754715
Unknown;0.0019999600007999;0.7446808510638298;1.3535396583729928
Unknown;0.8057438851222976;-0.0133333333333333;-0.1103102529095658
Unknown;0.0019199616007679;0.428030303030303;1.3572954892115066
Low;0.0072798544029119;0.639344262295082;1.0506264229459017
Unknown;0.0015199696006079;0.7866666666666666;1.4794368439914285
Unknown;0.3441131177376452;0.0280898876404494;0.3242164978782225
Unknown;0.3595528089438211;0.1945812807881773;0.35538840148439
Unknown;0.0030799384012319;-0.6592592592592592;-1.592008461386665
Unknown;0.0088398232035359;0.549636803874092;1.05931107462661
Unknown;0.980140397192056;-0.0471014492753623;-0.0094109987294147
Unknown;0.0571188576228475;0.4191279887482419;0.6860755943852819
Unknown;0.9229815403691928;-0.1288888888888889;-0.0391039012599097
Unknown;0.7134257314853703;0.1564625850340136;0.1579566972417921
Unknown;0.0035199296014079;-0.7037037037037037;-1.2638460761077566
Unknown;0.2246355072898542;-0.2678571428571428;-0.4983097228202026
High;0.0485190296194076;0.4693877551020408;0.867219856222435
Unknown;0.1622367552648947;-0.4044444444444444;-0.6809224587103662
Unknown;7.999840003199936e-05;0.6518151815181518;1.430514176417558
Unknown;0.0019599608007839;-0.7925925925925926;-1.3910892374451158
Unknown;0.4377112457750845;-0.2539682539682539;-0.305093672119311
Unknown;0.377632447351053;0.1489361702127659;0.3570841655393998
Unknown;0.7868642627147457;0.0173611111111111;0.1204776521403778
Unknown;0.0645587088258234;-0.5288888888888889;-0.8796938230497232
Unknown;0.0479190416191676;0.54;0.8757958519414114
Unknown;0.9566208675826484;-0.0933333333333333;-0.0193448794038433
Unknown;0.0004399912001759;0.7973856209150327;1.5451032141311771
Unknown;0.0813983720325593;0.3106060606060606;0.8089931811258008
Unknown;0.2670746585068299;-0.36;-0.5382361071887293
Unknown;0.5765484690306194;-0.0566037735849056;-0.2117494809010347
Low;0.0092798144037119;0.4337899543378995;0.9258890433321508
Unknown;0.9230615387692246;-0.0697674418604651;0.0322524888146158
Unknown;0.0158796824063518;0.3866666666666666;0.9832112332534826
Unknown;0.0619987600247995;-0.4384057971014493;-0.8568416828607223
Unknown;0.0001199976000479;-0.9215686274509804;-2.0044901055818976
Unknown;0.7567048659026819;-0.0415584415584415;-0.151719772389969
Control;3.999920001599968e-05;0.8933333333333333;2.4053557228817
Unknown;0.120037599248015;-0.397887323943662;-0.5789965103148925
Unknown;0.3181936361272774;-0.4;-0.4742654463581414
Unknown;0.4052318953620927;-0.1607142857142857;-0.3209367664810333
Unknown;0.0156396872062558;-0.562962962962963;-1.0809525434543752
Unknown;0.0634387312253755;0.6975308641975309;0.776324701133749
Unknown;0.1473684210526315;0.6111111111111112;1.1803391822759506
Unknown;0.9788604227915442;-0.1805555555555555;0.0020088889838086
Unknown;0.8293434131317373;0.0502645502645502;0.0882184002654153
High;0.0019199616007679;0.7586206896551724;1.419014184823633
Unknown;0.2877942441151176;0.2121212121212121;0.3760530429286318
Medium;0.0010399792004159;-0.6266666666666667;-1.8482295890472804
Control;0.368872622547549;-0.1047619047619047;-0.3564107302857422
Unknown;0.5671486570268595;-0.1597222222222222;-0.2353409842908531
Unknown;0.0385992280154396;-0.39453125;-0.7951287727422901
Unknown;0.4099118017639647;0.3265306122448979;0.3334293132537221
Unknown;0.0434391312173756;0.4011194029850746;1.028257800624751
Unknown;0.9324613507729844;-0.0211640211640211;-0.0426439068153096
Unknown;0.0473190536189276;0.432967032967033;0.7408304181562102
Unknown;0.1833563328733425;0.4604651162790698;0.6399866968469603
Unknown;0.5466290674186516;0.0138888888888888;-0.2395088514109499
Unknown;0.0010799784004319;-0.7866666666666666;-1.7574675900821155
Unknown;0.3527529449411011;-0.3555555555555555;-0.4145227553186834
Unknown;0.869782604347913;0.2695035460992908;0.0959583939285193
Unknown;0.752104957900842;-0.0140515222482435;0.1702709692185442
Unknown;0.2158756824863502;-0.4488888888888889;-0.5975047322363624
Unknown;0.4363912721745565;0.16;0.3449224840906376
Medium;0.1460770784584308;0.3010204081632653;0.5819000017252435
Low;0.7824643507129857;-0.1063829787234042;-0.1067458098509494
Low;0.0001199976000479;0.8333333333333334;1.549506085138063
Unknown;0.0579988400231995;0.4753246753246753;0.7353275727838057
Unknown;0.1823563528729425;0.2836879432624113;0.5803336408849569
Unknown;0.3056738865222695;0.2391304347826087;0.4546016800127596
Low;0.0165196696066078;0.5686274509803921;0.9848887560571132
Unknown;0.245355092898142;-0.362962962962963;-0.5093102558674018
Unknown;0.0555988880222395;0.3439153439153439;0.5331241786351774
Unknown;3.999920001599968e-05;0.8680351906158358;1.9523012394845285
Unknown;0.0026799464010719;0.6326530612244898;1.6214172364692911
High;0.0502789944201116;0.3793103448275862;0.6521158622343048
Unknown;0.0001199976000479;0.7189542483660131;2.0523086555096626
Unknown;0.2812743745125097;0.3617021276595745;0.4802846540544018
Unknown;0.5955880882382353;-0.5185185185185185;-0.2427262506475219
Unknown;0.0409591808163836;0.4340277777777778;0.7679892168394274
Unknown;0.5395092098158036;-0.226950354609929;-0.263627491320605
Unknown;0.1561568768624627;-0.1938943894389438;-0.4512583462355041
Unknown;0.0001599968000639;0.6705882352941176;1.2027850598469632
Unknown;0.0772384552308953;0.2222222222222222;0.8219357216810692
Unknown;0.2221555568888622;-0.3511111111111111;-0.5893803035361334
Unknown;0.2166756664866702;0.2463768115942029;0.4635467924237624
Unknown;0.0909581808363832;-0.3945578231292517;-0.7990419008400342
Unknown;0.0004799904001919;0.7712418300653595;1.4808699547955926
Unknown;0.1567568648627027;-0.2995391705069124;-0.556639028773111
Unknown;0.9718205635887284;-0.1304347826086956;-0.0297338343863991
Unknown;0.4749905001899962;0.0797101449275362;0.3180637635622395
Unknown;0.0247995040099198;0.5047619047619047;0.8638658511484845
High;0.1952360952780944;-0.0933333333333333;-0.67783094297823
Unknown;3.999920001599968e-05;0.7407407407407407;1.7694364759249677
Unknown;0.0042799144017119;0.5;1.7896181131452342
Unknown;0.0181996360072798;-0.5362318840579711;-1.0664054881396314
Control;0.0042799144017119;0.6851063829787234;1.1631307828250987
High;0.5353892922141558;0.0766666666666666;0.273319787921009
Unknown;0.0035999280014399;0.7222222222222222;1.360672548293364
Unknown;0.9751004979900402;-0.0755555555555555;-0.0691245696211318
Unknown;0.0297194056118877;-0.5426356589147286;-0.9991344779938964
Unknown;0.0021999560008799;-0.8755555555555555;-1.8318557954177077
Unknown;0.0003999920001599;0.8775510204081632;0.9207608506636166
Unknown;0.0929181416371672;-0.4355555555555555;-0.8417058348309271
Unknown;0.8629027419451611;-0.0034013605442176;0.0523278314705299
Unknown;0.2110757784844303;-0.4266666666666667;-0.5385608084991519
Unknown;0.3509929801403972;0.2264150943396226;0.4082233836611112
Unknown;0.2875542489150217;0.1768707482993197;0.4708618454392866
Unknown;7.999840003199936e-05;0.914179104477612;1.9333276073624477
Unknown;0.0027999440011199;-0.6985815602836879;-1.4109787676384438
High;0.619107617847643;-0.1043478260869565;-0.2036950280887277
Unknown;0.0012799744005119;0.6372093023255814;0.9489857544570548
Unknown;0.987660246795064;-0.1259259259259259;0.0103129349888264
Unknown;0.1427971440571188;-0.3809523809523809;-0.5505843054459685
Low;0.6095078098438031;-0.1975308641975308;-0.2020385419601318
High;0.3837123257534849;0.2;0.3877389367567237
Unknown;0.0017599648007039;0.7358490566037735;1.15029434275403
Low;0.0558388832223355;-0.4721549636803874;-0.8307337296474886
Low;0.0007599848003039;0.6160919540229886;1.1584585949850748
Unknown;0.5920681586368273;0.0588235294117647;0.2416788139008697
Unknown;0.0075998480030399;-0.7148148148148148;-1.227977222416844
Control;0.0010399792004159;0.6547619047619048;1.1655462180664793
Unknown;0.2264354712905741;0.1629629629629629;0.5231817184108809
Unknown;0.0913981720365592;-0.5407407407407407;-0.7598298442615775
Medium;0.6014679706405872;-0.0705128205128205;0.2507134192530189
Unknown;0.9519009619807604;0.0208333333333333;-0.0109578836893841
Unknown;0.2319953600927981;-0.477124183006536;-0.5242664858701412
Unknown;0.0856382872342553;0.4019230769230769;0.6457971811538518
Unknown;0.2017959640807184;0.2254098360655737;0.4910068977238375
Unknown;0.0248395032099358;0.5661375661375662;0.9108308253322952
Control;0.2631147377052459;0.2857142857142857;0.4541723507155269
Unknown;0.8432631347373053;-0.0133333333333333;0.1101468539138115
Unknown;0.0492790144197116;-0.3407407407407407;-0.9840490408437588
Unknown;0.0531989360212795;-0.4577777777777778;-1.042788112340071
Unknown;0.9531009379812404;-0.1985815602836879;0.097996581861564
Unknown;0.0019599608007839;-0.680952380952381;-1.459448402731646
Unknown;0.0389592208155836;0.3541666666666667;1.0386133608033123
Control;0.365152696946061;-0.2105263157894736;-0.3652100922193878
Unknown;0.0025999480010399;0.6805555555555556;1.4998275544951474
Unknown;0.50394992100158;-0.1666666666666666;-0.302578600916481
Medium;0.0124797504049919;0.37409200968523;0.6934631436625844
Unknown;0.0003999920001599;-0.8695652173913043;-1.959879764437075
Unknown;0.2701145977080458;0.148051948051948;0.4466278262595916
Medium;0.0002799944001119;0.726027397260274;1.3395884707013173
Unknown;0.8294634107317853;-0.0416666666666666;-0.0748151855242286
Medium;0.0024799504009919;0.5577557755775577;0.9345385066461402
Unknown;0.0503989920201596;-0.4182389937106918;-0.8976137072122525
Unknown;0.8556228875422491;0.0204081632653061;-0.0647232285234432
Unknown;0.5411891762164757;0.1014492753623188;0.2754798691367887
Unknown;0.2878342433151337;0.0133333333333333;0.4818104656578212
Unknown;0.1037979240415191;0.2766666666666666;0.7860788213750234
Unknown;0.0583188336233275;0.4769585253456221;0.7493523954371023
Unknown;0.7752244955100898;0.1148148148148148;0.1291668640792602
Medium;0.1027579448411031;-0.3002699055330634;-0.493539300572537
Unknown;0.114917701645967;0.1904761904761904;0.6646931923013122
Unknown;0.0995180096398072;0.6230661040787623;0.5444222554155213
Unknown;0.5627087458250835;-0.1394557823129251;0.2209985181639684
Unknown;0.8817023659526809;0.0434782608695652;-0.0462443786108661
Unknown;0.115997680046399;-0.4577777777777778;-0.780311203098232
Control;0.0737185256294874;0.3137254901960784;0.7218440507737984
Unknown;0.2605947881042379;-0.43;-0.4944909262784545
High;0.0017999640007199;0.7735849056603774;1.2440401168742934
Unknown;0.5577088458230836;0.2028985507246377;0.2627180395214287
Unknown;0.4162316753664927;-0.1380281690140845;-0.2686732440455687
Unknown;0.0471190576188476;0.2925170068027211;0.9701800599219024
Unknown;3.999920001599968e-05;0.8709677419354839;1.924094167884463
Unknown;0.2962340753184936;0.3302469135802469;0.4632691003211774
Unknown;0.0981580368392632;0.4691358024691358;0.7121008730468776
Unknown;0.0045599088018239;0.69;1.2473764235006928
Unknown;3.999920001599968e-05;0.9026063100137174;1.8834262339443608
Low;0.1061978760424791;0.4;0.6960775556692721
Unknown;0.0001999960000799;0.819047619047619;1.37111981699332
Unknown;0.5238295234095318;-0.2028985507246377;-0.2757213716487021
Unknown;0.0088398232035359;-0.6304347826086957;-1.2157974408733805
Unknown;0.0552388952220955;-0.4844444444444444;-0.9764271494840838
Unknown;0.5965080698386033;0.1147540983606557;0.2228464460179158
Unknown;0.9835003299934;0.06;0.0135082563103712
High;3.999920001599968e-05;-0.9591836734693876;-3.0188171937724406
Unknown;0.4475510489790204;0.4095238095238095;0.315404823707733
Unknown;0.0098398032039359;0.4204545454545454;1.1218456463367017
Unknown;0.0773184536309273;-0.3639705882352941;-0.6290451123816302
Unknown;0.0469190616187676;-0.4930555555555556;-0.9967021386621192
Low;0.0024399512009759;0.6835164835164835;1.0650770602619763
Unknown;0.0477590448191036;0.3506493506493506;0.9005827151104743
Unknown;0.2805943881122377;-0.1733333333333333;-0.4614733563185474
Unknown;0.0002399952000959;0.7845433255269321;1.5390124875232003
Unknown;0.5343893122137557;0.2118055555555555;0.2584167981490566
Unknown;0.2341553168936621;-0.2666666666666666;-0.5196572070692694
Unknown;0.2975940481190376;0.1428571428571428;0.4178603417898939
High;0.0624387512249755;-0.4488888888888889;-0.8883111382610084
Unknown;0.7918241635167297;-0.1543209876543209;-0.1017035747317811
Unknown;0.0719985600287994;0.3432835820895522;0.6763304303593984
Unknown;0.5549489010219796;0.1048780487804878;0.2020539924280459
Medium;3.999920001599968e-05;0.9673202614379084;2.8565647220707744
Control;0.0428391432171356;0.4743589743589743;0.8969016233284011
Unknown;0.0013199736005279;0.875886524822695;1.6156178928014635
Unknown;0.49835003299934;-0.2333333333333333;-0.3392472567187243
Unknown;0.3289534209315813;-0.2971014492753623;-0.4253026585639062
Unknown;0.2136357272854543;-0.4311111111111111;-0.5652640434679531
Low;0.9702605947881042;-0.0414746543778801;0.0281603197983566
Unknown;0.0545589088218235;-0.5259259259259259;-0.8529996746573035
Unknown;0.0033199336013279;0.546875;1.072881699217214
Unknown;0.0274394512109757;0.674074074074074;1.0838578079255623
Unknown;0.0007999840003199;0.6666666666666666;1.6604820636140327
Unknown;0.0094798104037919;0.5217391304347826;1.3742956361051772
Unknown;0.0465990680186396;0.2804232804232804;0.8150546937993773
Unknown;0.0001599968000639;0.6977611940298507;1.7159816295115846
Unknown;0.0303593928121437;0.5228758169934641;0.9012356036370016
Unknown;0.0005599888002239;0.8962962962962963;1.4874614414268228
Unknown;0.1104777904441911;-0.4477124183006536;-0.734435759918155
Unknown;0.6009479810403792;-0.4347826086956521;-0.238547898046934
Unknown;0.0003199936001279;0.7513227513227513;1.286440347000404
Low;0.5092298154036919;0.1547619047619047;0.293306456649725
Unknown;0.1606367872642547;-0.3819444444444444;-0.6370977485042583
Unknown;0.5763484730305394;0.3478260869565217;0.181708948081549
Unknown;0.3301133977320453;-0.2311111111111111;-0.4665434313543421
Unknown;0.0325993480130397;0.4649122807017544;0.7298313576772242
Unknown;0.1606367872642547;0.3148148148148148;0.6422270731154534
Unknown;0.1419571608567828;-0.4822695035460992;-0.6879970368473708
Unknown;0.5985480290394192;0.1785714285714285;0.2331340652791036
High;0.2958740825183496;0.2515723270440251;0.4494914237849856
Unknown;0.3432331353372932;-0.0457516339869281;-0.4112250880671448
Unknown;0.6395472090558189;0.1555555555555555;0.1830158941624803
Unknown;0.2395952080958381;-0.3263888888888889;-0.5134935204430581
Unknown;0.0294394112117757;-0.4805194805194805;-1.0484200221392417
Unknown;0.3021539569208616;0.2058823529411764;0.4471124813184116
Unknown;0.0309193816123677;-0.5238095238095238;-0.9572692626415656
Medium;0.6403071938561229;-0.0732558139534883;0.1741582724293163
Unknown;0.1824363512729745;-0.3037037037037037;-0.5924155639811669
Unknown;0.0021999560008799;-0.6798029556650246;-1.0119459597036866
Unknown;0.0402391952160956;0.3615384615384615;0.8913763765764168
Unknown;0.0073998520029599;0.7307692307692307;1.3163477839225388
Unknown;0.5992680146397072;0.0783410138248847;0.2309537017957797
Unknown;0.0518789624207515;0.3448275862068966;0.9122586132247632
Control;0.9739805203895924;0.1503267973856209;0.0001594921268049
Unknown;0.3445531089378212;-0.2103896103896103;-0.3905389029590699
Unknown;0.120837583248335;-0.5069444444444444;-0.6857471940341211
Unknown;7.999840003199936e-05;0.8476190476190476;1.774765226921175
Unknown;0.0001999960000799;0.7718253968253969;1.4056364882161672
Unknown;0.5229895402091959;-0.2056737588652482;-0.2800442639190908
Low;0.0269994600107997;0.4685534591194968;0.7659761209260165
Unknown;0.2559948801023979;-0.2515723270440251;-0.5019336426468237
Control;0.8648627027459451;-0.1047619047619047;0.0555736585440881
Control;0.0071998560028799;0.3870967741935484;1.3562073906268235
Low;0.0001199976000479;0.8466947960618847;1.4951531631026438
Low;0.0542789144217115;0.3917910447761194;0.6954395292827666
Unknown;0.2363952720945581;-0.36;-0.5219328996862457
Unknown;0.0012799744005119;-0.5581395348837209;-1.2370549693421218
Unknown;0.3989120217595648;-0.1836734693877551;-0.3426796724148533
Unknown;0.1659966800663986;0.4025157232704403;0.608438289092268
Control;0.1485970280594388;0.2391304347826087;0.6268588519640405
Unknown;0.1402371952560948;-0.4074074074074074;-0.6087822112138471
Unknown;0.0230795384092318;-0.5833333333333334;-0.9853822768291324
Unknown;0.0135197296054078;0.4444444444444444;1.011618856862588
Control;0.0016799664006719;0.6838905775075987;1.1661800138551257
Unknown;0.4610707785844283;-0.2254901960784313;-0.3024724416446248
Low;0.0244795104097918;0.5158730158730159;0.7921963236432573
Unknown;0.1988760224795504;0.2346938775510204;0.4999796472325672
Unknown;0.0356392872142557;0.6226415094339622;0.8406607706453142
Unknown;0.8609027819443611;0.1477832512315271;0.0733991640368254
Control;3.999920001599968e-05;0.9466666666666668;1.834881991057768
Unknown;0.0003199936001279;0.8074074074074075;1.4075573872172984
Low;0.0100797984040319;0.5172413793103449;1.1422185957976945
Unknown;0.2139157216855663;0.3698979591836734;0.5152883667057571
Unknown;0.1874762504749905;0.2605177993527508;0.4026531189934209
Unknown;0.0628787424251515;-0.365079365079365;-0.7524848704695137
Unknown;0.0185596288074238;-0.625;-1.0859891151302414
Control;0.0186396272074558;0.5961538461538461;0.8749922840794553
Unknown;0.0099198016039679;-0.6363636363636364;-1.114047991692911
Medium;0.0017199656006879;0.6571428571428571;1.275206066884425
Unknown;0.0041999160016799;-0.7777777777777778;-1.436037339465273
Unknown;0.0001999960000799;0.5841584158415841;1.1945579048138282
Unknown;0.4755904881902362;0.32;0.378193635546051
Unknown;0.6917061658766824;0.0423280423280423;0.1571071005430342
Unknown;0.0233995320093598;0.5902777777777778;0.9575160549119734
Control;0.9353012939741204;0.1041666666666666;-0.0185324634123139
Unknown;0.1375572488550229;0.3;0.5556240532419394
Unknown;0.0108397832043359;0.457089552238806;1.089960759917078
Unknown;0.5361492770144597;-0.1756756756756756;-0.2833059196046169
Control;0.0139597208055838;0.6730769230769231;1.0525192194795443
Medium;0.1463970720585588;0.284313725490196;0.4516802123465498
Unknown;0.3445531089378212;-0.3112244897959184;-0.3757058661074114
Medium;0.2720745585088298;-0.1791044776119403;-0.4201973682304578
Low;0.6576268474630508;-0.0880503144654088;-0.1768516443077203
Unknown;0.8791824163516729;-0.181159420289855;-0.0587250887924363
Unknown;0.0254394912101757;0.5905797101449275;0.9603634223231876
Unknown;0.0003199936001279;0.6363636363636364;1.2921265811595517
Medium;0.2181556368872622;0.2866666666666667;0.5457209297902029
Unknown;0.2045959080818383;-0.2779220779220779;-0.5192250775526084
Unknown;0.0291594168116637;-0.6444444444444445;-1.0610052837143564
Unknown;0.8131837363252735;0.1823899371069182;0.0955464405682745
Unknown;0.0007599848003039;-0.7301587301587301;-1.3782112982422778
Low;0.0002799944001119;0.8080357142857143;1.3352970508205848
Low;0.0321993560128797;0.5166666666666667;0.9319493396431104
High;0.3306333873322533;0.2795698924731182;0.4451559700241019
Unknown;0.7815043699126017;-0.0068027210884353;-0.1024407252678134
Unknown;0.0077998440031199;-0.8222222222222222;-1.3169681566440827
Unknown;0.0066798664026719;0.5481481481481482;1.521402706962384
Unknown;0.0008799824003519;0.7047619047619048;1.3093716152602282
Unknown;0.0001599968000639;0.7818181818181819;1.5662323437293653
Unknown;0.0225595488090238;0.3793650793650793;0.6643746776669568
Unknown;0.0643587128257434;-0.4609929078014184;-0.8697637212609297
Low;0.0003999920001599;0.6866197183098591;1.2358724394062597
Unknown;0.2993540129197416;0.1940298507462686;0.3909662935557281
Medium;3.999920001599968e-05;0.954045954045954;2.2330988722669125
Unknown;0.4592708145837083;0.1224489795918367;0.3264987083447347
Unknown;0.4633507329853403;0.3452380952380952;0.3276419148876772
Unknown;0.1981960360792784;0.1502463054187192;0.543446264765592
Unknown;0.8528629427411452;0.0222222222222222;-0.1337741316062623
Unknown;0.2827943441131177;0.3544973544973545;0.4361139071941365
Unknown;0.626907461850763;0.1041666666666666;0.2151889940579431
Unknown;0.6991460170796584;-0.2127659574468085;-0.1549739041273466
Unknown;0.5107497850042999;-0.164021164021164;-0.2519886354576281
Unknown;0.0057598848023039;0.6598639455782312;1.2431035655987952
Unknown;0.4806703865922681;-0.2666666666666666;-0.304304376211584
Unknown;0.0060398792024159;-0.6088888888888889;-1.441248336217069
Unknown;0.2054758904821903;-0.320754716981132;-0.5104349934972613
Unknown;0.0075598488030239;0.6190476190476191;0.9121294919353948
Control;0.0200395992080158;0.475;0.8375046520976055
Unknown;0.4389512209755805;0.2407407407407407;0.3432671196827819
Control;0.4245915081698366;0.0628930817610062;0.3649361912088255
Unknown;0.0129597408051838;0.5590277777777778;0.8930055330844803
Unknown;0.0293194136117277;0.3034482758620689;0.768108544956047
Unknown;0.7712645747085058;-0.0441558441558441;-0.12751929774359
Unknown;0.1695566088678226;0.3404255319148936;0.6197247947844897
Medium;0.0301993960120797;0.5255102040816326;0.7649046983525596
Unknown;0.0555988880222395;-0.5347222222222222;-0.8408461802720113
Control;0.0213995720085598;0.455026455026455;0.8323568404952763
Unknown;0.116997660046799;0.4122807017543859;0.702947551880865
Unknown;0.2223555528889422;0.3433333333333333;0.5080086175224109
Unknown;0.0015199696006079;0.6961451247165533;1.298757911147756
Low;0.7995440091198176;-0.2888888888888888;-0.0742153391698832
Unknown;0.0607187856242875;-0.4636591478696741;-0.7377337694894291
Unknown;0.6041879162416751;-0.0492610837438423;-0.1988775403875964
Control;0.0064398712025759;0.6879432624113475;1.0852075144386213
Low;0.0329993400131997;0.5060532687651331;0.8394104902234355
Low;3.999920001599968e-05;0.819047619047619;1.416893788626589
Unknown;0.9431811363772724;0.1037549407114624;-0.0558005136799722
Low;0.7211055778884422;0.1645569620253164;0.1323057760381814
Unknown;0.0022799544009119;0.6909090909090909;1.2476881305193346
Unknown;0.625307493850123;-0.1466666666666666;0.2101374780414259
Unknown;0.6353072938541229;0.2258064516129032;0.221423034225382
Control;3.999920001599968e-05;0.7302697302697303;1.3201347721300625
Unknown;0.2997540049199016;-0.24;-0.4579026593198345
Unknown;0.7148257034859303;0.0852713178294573;0.1560933541740909
Control;0.0910781784364312;0.41015625;0.6413719371394854
Unknown;0.0240795184096318;0.4969135802469135;0.91954535633964
Unknown;0.1548369032619347;0.4420289855072464;0.6008661294139436
Low;0.5305893882122358;0.2624113475177305;0.2170301805536191
Unknown;0.0438791224175516;0.5170068027210885;0.8479087751879336
Unknown;0.8177436451270974;0.0666666666666666;0.1212294394000329
Unknown;0.0548789024219515;0.3857142857142857;0.6637332278347582
Unknown;0.0161196776064478;0.5569007263922519;1.0404696928576385
Unknown;0.0475990480190396;-0.4861111111111111;-0.9268318577817078
Unknown;0.1498370032599348;-0.3076923076923077;-0.5953777601843891
Medium;0.1747165056698866;0.3244444444444444;0.6461042696997054
Unknown;0.997460050798984;-0.1111111111111111;-0.0001008209525602
Unknown;0.0167196656066878;-0.6177777777777778;-1.2431041345555565
Unknown;0.1443971120577588;0.1774193548387097;0.5610527248783821
Unknown;0.7669846603067939;-0.2179487179487179;-0.116940030486319
Unknown;0.0125997480050399;0.5815602836879432;1.1016991708732118
Control;0.0005999880002399;0.6757246376811594;1.3270779649131863
Unknown;0.0805183896322073;0.3866666666666666;0.7313905077472784
Unknown;0.6539869202615948;-0.1466666666666666;-0.2326972231070684
High;0.0271194576108477;0.5012531328320802;0.8714191230417739
Unknown;0.0371192576148477;0.7037037037037037;0.9751365893597892
Control;0.0032399352012959;0.6521739130434783;1.3378088153968424
Unknown;0.7219055618887622;0.0185185185185185;0.168840091430776
Unknown;0.0667986640267194;0.335;0.6211819492617219
Unknown;0.6053478930421392;-0.26;-0.2064573609562354
Unknown;0.7018259634807303;0.1670702179176755;0.1813625044257554
Unknown;0.3125537489250215;0.2046204620462046;0.3131788989194027
Unknown;0.0269994600107997;-0.3609022556390977;-0.9997630105405318
Control;0.0017199656006879;0.725925925925926;1.266664748756201
Unknown;0.0026399472010559;0.6505376344086021;1.0683055557063874
Unknown;0.2071158576828463;0.4545454545454545;0.4853010432750617
Unknown;0.0228795424091518;0.4784580498866213;0.8287877134277124
Control;0.0001199976000479;0.7833333333333333;1.310992090363635
Unknown;0.0489590208195836;0.4753246753246753;0.8020165034209215
Unknown;0.1797564048719025;0.4149659863945578;0.5690090871236825
Unknown;0.239635207295854;0.2482269503546099;0.5187042139578062
Medium;0.7420651586968261;-0.0915032679738562;-0.1312431085488355
Unknown;0.9229815403691928;-0.0492610837438423;-0.0362343952726271
Unknown;0.7243455130897382;0.3054187192118227;0.1196975197558335
Unknown;0.6979060418791624;-0.1995073891625615;-0.1468011940320077
High;0.120077598448031;0.2789115646258503;0.6804650895959301
Unknown;0.4194316113677726;0.0755555555555555;0.246787335060869
Unknown;0.983020339593208;0.0628930817610062;-0.0001680898506188
Unknown;0.0918781624367512;-0.4285714285714285;-0.6968619328250236
Unknown;0.0109197816043679;-0.4334975369458128;-1.227980689518615
Unknown;0.9414211715765683;-0.0816326530612244;0.0549912837662696
Unknown;0.3018739625207496;0.2893081761006289;0.4546153209631457
Control;0.0974780504389912;0.3634085213032581;0.6208956569289257
Unknown;0.0921181576368472;0.4476190476190476;0.7360286903303105
Unknown;0.8233435331293374;-0.3687943262411347;-0.1241429827855254
Unknown;0.2978340433191336;0.3623188405797101;0.4592707934693735
Unknown;0.488310233795324;-0.048076923076923;-0.2977014652670262
Unknown;0.4821903561928761;0.4577777777777778;0.2458113873233294
Unknown;0.4169516609667806;0.1174418604651162;0.2811938242505872
Unknown;0.0042799144017119;0.7163120567375887;1.321829600601747
Unknown;0.0681586368272634;0.360655737704918;0.7433761818376278
Unknown;0.121437571248575;0.5738498789346247;0.7263315693069424
Unknown;0.1091578168436631;-0.4518518518518518;-0.7326457354965701
Unknown;0.1319173616527669;-0.4052287581699346;-0.6810599715173409
Unknown;0.5689486210275795;-0.4044444444444444;-0.27036238439561
High;0.2857142857142857;-0.2246376811594203;-0.4667011165621385
Unknown;0.0008399832003359;0.7358490566037735;1.5621421024661553
Unknown;0.8303433931321373;-0.1927083333333333;-0.0677352897932942
Unknown;0.6885862282754345;0.0750605326876513;0.1357161634881591
Control;0.1995160096798064;0.5714285714285714;0.5523075727957227
Unknown;0.0504789904201916;-0.524822695035461;-0.8891140043670972
Unknown;0.0001599968000639;0.6285516285516286;0.9962129642657406
Unknown;0.0005599888002239;0.7131782945736435;1.822108959890817
Unknown;7.999840003199936e-05;0.8441558441558441;1.909055498597977
Unknown;0.3921521569568608;-0.2765957446808511;-0.3806524997860034
Unknown;0.0001599968000639;0.7791666666666667;1.6907271361074308
Low;0.0008399832003359;0.7046004842615012;1.243650160937858
Unknown;0.756784864302714;0.0529953917050691;-0.2059140247992591
Low;0.0129997400051998;0.6507936507936508;1.2365715415083531
Unknown;0.3201135977280454;-0.3049645390070922;0.4073503734734791
Unknown;7.999840003199936e-05;0.8380952380952381;1.9912525787219828
Unknown;0.1939561208775824;-0.1376811594202898;-0.5762157060784379
Unknown;0.9343413131737364;-0.2179487179487179;-0.0367017151938111
Unknown;0.0765184696306073;0.437037037037037;0.7633793689491967
Low;0.0052798944021119;0.6284722222222222;1.1411730423579858
Unknown;0.3038739225215495;-0.2681159420289855;-0.4487502553058124
Low;0.0783584328313433;0.3972222222222222;0.6088692776636936
Unknown;0.0948381032379352;-0.4814814814814814;-0.7076506958973261
Unknown;0.0341593168136637;-0.5289855072463768;-0.9078694072357848
Low;0.6922661546769064;-0.2307692307692307;-0.1329016216332577
Unknown;0.0027199456010879;0.6882716049382716;1.248252042327032
Control;0.0001199976000479;0.7198879551820728;1.6646788211424788
Unknown;7.999840003199936e-05;0.8246268656716418;1.7396299786054594
Unknown;0.5522689546209076;0.0736842105263157;0.1992869759240386
Control;0.1319173616527669;0.3809523809523809;0.6309418723218828
Unknown;0.1098378032439351;-0.3840579710144927;-0.7093160748878912
Unknown;0.9057818843623128;0.3503401360544217;0.0936195181080429
Unknown;0.2274354512909741;0.0861678004535147;0.4856500069156919
Unknown;0.0531189376212475;-0.4740740740740741;-0.9171337698704268
Control;0.246155076898462;-0.3466666666666667;-0.4952797716224835
Unknown;0.0895582088358232;0.4652777777777778;0.8223007293489735
Unknown;0.0004399912001759;0.8648648648648649;1.198775102586928
Unknown;0.2377552448951021;0.3333333333333333;0.5074982494352671
Unknown;0.6402271954560909;-0.0486111111111111;-0.236708292179028
Unknown;0.0808783824323513;-0.4542483660130719;-0.8404883942091811
Unknown;0.0011999760004799;0.6896551724137931;1.4709639934044578
Unknown;0.0917981640367192;0.4755555555555555;0.9271613003737076
Unknown;0.8456230875382492;-0.01;0.0977642979214973
Unknown;0.4416311673766525;-0.2814814814814815;-0.326805891347315
Unknown;0.750184996300074;-0.0212765957446808;0.152401795770893
Unknown;0.1946361072778544;0.3389830508474576;0.5328127647581079
Unknown;0.4375112497750045;0.0264550264550264;0.3210071551158682
Unknown;0.6200675986480271;0.0526315789473684;0.2245972142065419
Low;0.9402597402597402;0.2982456140350877;0.0872103347750013
Low;0.0583188336233275;0.3075060532687651;0.7250326086943973
Unknown;0.0020799584008319;0.6872427983539094;1.1293535623149362
Unknown;0.0017199656006879;0.6997578692493946;1.3334417938676069
Control;0.0189196216075678;0.4363636363636363;1.1424022224822028
Control;0.117357652846943;0.4721549636803874;0.7630219268862948
Unknown;0.7787444251114978;0.0653753026634382;0.1186788733325226
Low;0.0004399912001759;0.7028985507246377;1.2528890851247088
Unknown;0.0004399912001759;0.7361111111111112;1.2632389866426037
High;0.0002399952000959;0.812987012987013;1.416400480056694
Unknown;0.116077678446431;0.2418300653594771;0.8152014029466705
Unknown;0.0197996040079198;-0.6163522012578616;-1.0706866052028694
Unknown;0.5333093338133237;0.025390625;0.2482184548725172
Unknown;0.0255594888102237;0.5597189695550351;0.9583521815433682
Unknown;0.0001199976000479;0.8368055555555556;1.999182860823806
Unknown;0.4734305313893722;0.1701388888888889;0.3178182533163381
Unknown;0.5367965367965368;-0.32;-0.3439552060875169
Unknown;0.0747985040299194;0.6142857142857143;0.71603817439137
Unknown;0.0257594848103037;-0.5576923076923077;-1.025341807288627
Unknown;0.6051878962420751;-0.2058111380145278;0.1985450465951583
Unknown;0.0086398272034559;-0.6419753086419753;-1.108512905824902
Unknown;0.7321053578928421;0.216589861751152;0.1535773792593785
Medium;0.1675166496670066;-0.3066666666666666;-0.6586871264932407
Unknown;0.7314653706925861;-0.0070921985815602;0.1626100381217295
High;0.0184796304073918;0.5138888888888888;0.8489866805432508
Unknown;0.0576388472230555;0.2526636225266362;0.6606018099851704
Unknown;3.999920001599968e-05;0.9228395061728396;1.7645255382126854
Unknown;0.0007199856002879;0.6146272855133614;1.1415623680383649
Unknown;0.1817963640727185;-0.2575757575757575;-0.7178703326348694
Unknown;0.7289054218915622;-0.1565217391304348;-0.1692512048522572
Unknown;0.0101997960040799;0.5961538461538461;1.4522067669114953
Unknown;0.6758664826703465;-0.0413105413105413;0.1638770089252875
Unknown;0.0383192336153276;-0.6159420289855072;-1.002395110939974
Unknown;0.0002399952000959;-0.7767295597484277;-0.9583420011431968
Unknown;0.0563188736225275;-0.5911111111111111;-0.9565066292399304
Unknown;0.0037599248015039;0.5736961451247166;1.3074654528198058
Unknown;0.5171496570068599;0.3541666666666667;0.2057594171715525
Unknown;0.0348393032139357;0.5818181818181818;1.1470115206783815
Unknown;0.882222355552889;0.0638297872340425;0.0581295717045751
Control;0.0187996240075198;-0.5764411027568922;-0.9854874603394064
Unknown;0.0319993600127997;-0.4384057971014493;-0.7836413283594814
Unknown;3.999920001599968e-05;0.9135802469135802;1.9853843517824
Unknown;0.0468790624187516;0.4192592592592593;0.6846157420164335
Unknown;0.4349913001739965;-0.2028985507246377;-0.363107938536372
Unknown;0.6476270474590509;-0.0496453900709219;-0.1940233412735604
Unknown;0.0116797664046719;-0.5408163265306123;-1.088521910339789
Control;0.0001599968000639;0.8194444444444444;1.189038109027481
Unknown;0.0873182536349273;-0.4085213032581453;-0.7057955793789438
Unknown;0.8654226915461691;0.125;0.0669184321409427
Unknown;0.5238095238095238;0.3333333333333333;0.4660131405735011
Unknown;0.622027559448811;-0.3407407407407407;-0.2149433145032747
Unknown;0.4381512369752605;0.1195652173913043;0.3469023951179587
Unknown;0.2037159256814863;-0.3066666666666666;-0.6186334322724593
Unknown;0.0451190976180476;0.4686716791979949;0.7809499738528458
Unknown;0.1060378792424151;0.2118226600985221;0.9797667917362396
Unknown;0.0415591688166236;0.4807692307692308;0.855970590431988
Unknown;0.2022359552808943;-0.3647798742138364;-0.5386126055384418
Unknown;0.1764764704705906;-0.4027777777777778;-0.6245502751549071
Unknown;0.6199476010479791;-0.4444444444444444;-0.2135321992970924
Unknown;0.2089558208835823;-0.3155555555555555;-0.6156809295387756
High;0.875982480350393;-0.0065359477124183;0.0818564765503705
Unknown;0.0188796224075518;0.5641025641025641;0.8995058948766943
Unknown;0.0130797384052318;0.3404255319148936;1.3760279380969938
Unknown;0.0058798824023519;0.5617283950617284;1.105032576984306
Unknown;3.999920001599968e-05;0.7291666666666666;1.3954962868902852
Unknown;0.1793164136717265;0.3966666666666666;0.518622589042495
Control;0.2115557688846223;0.2233766233766233;0.4425423326203638
Control;3.999920001599968e-05;0.8738095238095238;1.7636526349363335
Low;0.2607547849043019;-0.2533333333333333;-0.5484536211029619
Unknown;0.626627467450651;0.2066666666666666;0.1754689119698942
Unknown;0.6935461290774184;0.2133333333333333;0.141849436111368
Unknown;0.0030399392012159;0.6137566137566137;1.463357301323517
Unknown;0.4511109777804444;0.1484375;0.278064983088068
Unknown;0.0859982800343993;0.303030303030303;0.5366493521151625
Unknown;0.5143097138057239;-0.2592592592592592;-0.2947225001785256
Unknown;0.0608387832243355;0.3393939393939394;0.6033144756521776
Unknown;0.1757164856702865;-0.3081761006289308;-0.5991285228042296
Unknown;0.5435891282174357;-0.2765957446808511;-0.2670015204244283
Control;0.0777584448311033;0.6477987421383647;0.8196326194627825
Unknown;0.0002799944001119;-0.669921875;-1.6417489419745872
Unknown;0.2648747025059498;-0.1875;-0.4212797507856368
Unknown;0.613827723445531;0.2287581699346405;0.2342087091640263
Unknown;0.0009199816003679;0.6666666666666666;1.2711725006326906
Unknown;0.0078398432031359;0.5176056338028169;1.106664452889922
Unknown;0.2049159016819663;-0.2177777777777777;-0.6051360502785308
Unknown;0.9361012779744404;-0.0192307692307692;0.0229641699343304
Unknown;0.881542369152617;0.0440251572327044;0.0831492098767147
Unknown;0.0827183456330873;0.5222222222222223;0.6488367927879788
Control;0.1013579728405432;-0.4721549636803874;-0.6952373277275748
Medium;0.0270794584108317;0.4038461538461538;1.0372223803134968
High;0.6134677306453871;0.1518518518518518;0.2180184544390395
Unknown;0.0167196656066878;0.4446428571428571;0.8802739138315012
Unknown;0.8146237075258494;0.0070921985815602;-0.0783303884413029
Unknown;0.0069198616027679;0.7244444444444444;1.2993363980423034
Unknown;0.115477690446191;-0.3766233766233766;-0.633579736001716
Unknown;0.0197996040079198;0.5344202898550725;0.8459450440253731
Unknown;0.8605427891442171;-0.0416666666666666;0.0742945402553858
Unknown;3.999920001599968e-05;0.7242757242757243;1.170129371861886
Medium;7.999840003199936e-05;0.8892857142857142;1.464669595016234
Unknown;0.3207535849283014;-0.1895424836601307;-0.4321744171480453
Unknown;0.4362312753744925;0.2992957746478873;0.2885925598988866
Unknown;0.1735165296694066;0.1644444444444444;0.6213875670932899
Low;0.9664206715865684;-0.1132075471698113;0.0510776661174995
High;0.0187996240075198;0.4855072463768116;1.2112007941867255
Unknown;0.0049999000019999;0.689795918367347;1.245503206623458
Low;0.0296794064118717;0.4826388888888889;0.7967090668910041
Unknown;0.0145197096058078;0.9532467532467532;1.2524910672806766
Unknown;0.0912381752364952;0.3012820512820512;0.7855936101864742
Unknown;0.6177876442471151;0.1602564102564102;0.2150245551317569
Unknown;0.0309593808123837;0.5111111111111111;0.9845157750467964
Unknown;0.0002399952000959;0.8592592592592593;1.8054021989776148
Unknown;0.1333573328533429;-0.4320987654320987;-0.654621179044326
Unknown;0.0035599288014239;-0.6666666666666666;-1.337323777168013
Unknown;0.4362312753744925;-0.2169312169312169;-0.3157091168180765
Unknown;0.0108397832043359;-0.6444444444444445;-1.230285159165107
Unknown;0.0282794344113117;0.445;0.753490750337216
Unknown;0.2191156176876462;-0.4311111111111111;-0.6278468943320427
Low;0.0290394192116157;0.4897959183673469;0.9026368474183336
Unknown;0.3988720225595488;0.1912798874824191;0.2909504327406981
Unknown;0.8497430051398972;0.0034722222222222;0.0927891298680952
Unknown;0.1908761824763504;-0.3703703703703703;-0.5840611402036274
Unknown;0.0465190696186076;0.4257703081232493;0.7998062603827717
Unknown;0.3152736945261095;0.265993265993266;0.3579924586568906
Unknown;0.0005999880002399;-0.7925925925925926;-1.407183769561055
Low;0.4313513729725405;0.0960187353629976;0.3275940222251396
Unknown;0.0183996320073598;-0.6622222222222223;-1.144483585634533
Unknown;0.0056398872022559;0.6233333333333333;1.2120613279612786
Unknown;0.1339573208535829;-0.5070921985815603;-0.6863722741680465
Unknown;0.4318713625727485;0.2127659574468085;0.34627423042804
Unknown;0.0076398472030559;0.4962962962962963;0.8158164751674414
Unknown;3.999920001599968e-05;0.8649350649350649;1.6899353250448204
Control;0.0130397392052158;0.6444444444444445;1.0860515849460286
Unknown;0.9055818883622327;-0.0068027210884353;-0.0353780317916941
Unknown;0.1568368632627347;-0.1746987951807229;-0.4843426236411547
Low;7.999840003199936e-05;0.8731884057971014;2.1574087243781084
Unknown;0.1314373712525749;0.2368421052631578;0.5269755450703851
Unknown;0.2148357032859343;0.3560606060606061;0.5594208532195584
Unknown;0.3913921721565568;-0.125;-0.3666821019500969
High;0.0007199856002879;0.7672955974842768;1.3265435896159306
Unknown;3.999920001599968e-05;0.94140625;1.7702912339595356
Unknown;0.0735985280294394;-0.4927536231884058;-0.8361137582847976
Unknown;0.4436711265774684;-0.2244897959183673;-0.299546817140611
Unknown;0.0002399952000959;-0.8913043478260869;-1.8094998864514624
High;0.1695166096678066;0.3244444444444444;0.4894391635801729
Unknown;0.1566768664626707;-0.4518518518518518;-0.6408412801753302
Unknown;0.0004799904001919;0.7339901477832512;1.3948149402359822
Unknown;0.0046799064018719;0.5157384987893463;1.3126980049298336
Unknown;0.0119597608047839;-0.624113475177305;-1.1014398255111355
Unknown;0.242795144097118;0.3214285714285714;0.4661065491549749
Unknown;0.5514289714205716;-0.1736111111111111;-0.2441600536824334
Unknown;0.0375992480150397;0.56;0.8384681469712036
Control;0.3376332473350533;0.3957845433255269;0.3859602192386474
Unknown;3.999920001599968e-05;0.9404019404019404;2.312581270664826
Unknown;0.7615047699046019;-0.0833333333333333;-0.138845823213233
Unknown;0.0126397472050558;0.5132275132275133;1.12908189415363
Unknown;0.0182396352072958;-0.6133333333333333;-1.0440523869268157
Unknown;0.7805043899122017;0.0072463768115942;0.1396019934671529
Unknown;0.0001199976000479;0.8059299191374663;1.820978381012387
Unknown;0.6491070178596428;-0.0246913580246913;-0.1994295950369194
Low;0.2575148497030059;0.2352941176470588;0.4644976159968297
Unknown;0.7388652226955461;0.109090909090909;0.1539707821146166
Unknown;0.0003999920001599;-0.8533333333333334;-1.8009853928987245
Unknown;0.2590348193036139;-0.3398692810457516;-0.4980524302434434
Unknown;0.117357652846943;0.7098765432098766;0.7696794943216699
Unknown;0.0055998880022399;-0.7375886524822695;-1.2305793623217522
Unknown;0.4640307193856123;0.1376811594202898;0.3242525510457194
High;0.0101997960040799;0.5690072639225182;1.0701178671150402
Unknown;0.4738705225895482;-0.0666666666666666;-0.2341500359041731
Control;0.2871142577148457;0.4294871794871794;0.4569946053676182
Unknown;0.4547109057818844;-0.2695035460992908;-0.3196816742462312
Unknown;0.0007199856002879;0.7907801418439716;1.222163376187327
Unknown;0.7968640627187457;0.0426065162907268;0.1109871991237313
Unknown;0.0912781744365112;0.3583959899749373;0.6595012345527301
Unknown;0.4459910801783964;0.2888888888888888;0.3777197271471333
Unknown;0.1631967360652787;-0.4042553191489361;-0.6370017000573128
Unknown;0.0340793184136317;0.3673469387755102;1.1097688046478809
Unknown;0.4415911681766364;0.3170731707317073;0.3477954835941041
High;0.0032399352012959;0.6403940886699507;1.1808244550548437
Unknown;0.2247555048899022;-0.0136054421768707;0.5452902696891652
High;0.2265554688906222;-0.3546099290780142;-0.5379038486741373
Unknown;0.0370392592148157;0.2839506172839506;0.7727997214610217
Unknown;0.0066398672026559;0.6727272727272727;1.018128431812445
Control;0.119797604047919;0.3012820512820512;0.6449767242745982
Unknown;0.0061198776024479;-0.6977777777777778;-1.3031844196228712
Unknown;0.9283414331713364;0.0571428571428571;-0.0148575638751597
Unknown;0.9249815003699926;0.1377551020408163;0.0251764056389312
Unknown;0.6788264234715305;-0.2361111111111111;-0.1944237549593837
Unknown;0.0080398392032159;0.3562091503267974;1.232623045380563
Unknown;0.0263194736105277;0.5767195767195767;0.9815850609448292
Unknown;0.3663926721465571;-0.1788617886178861;-0.4058381748823121
Unknown;0.0031199376012479;0.459552495697074;0.889037349132691
Unknown;0.2154356912861742;0.2;0.6085970565710604
High;0.0041599168016639;0.564327485380117;0.9475673982376804
Control;0.2762744745105098;0.2716049382716049;0.4730233016839605
Unknown;0.3377532449351013;0.3709273182957393;0.3887887963350817
Unknown;0.123197536049279;0.4102564102564102;0.6699109811202448
Low;0.0407191856162876;0.2482269503546099;0.7633661068482224
Unknown;0.1657966840663186;0.2266666666666666;0.6833201779503137
Unknown;0.0911581768364632;-0.5666666666666667;-0.7762020606670315
Unknown;0.9113017739645208;-0.0065359477124183;0.0069532748094895
Unknown;0.119877602447951;0.0333333333333333;0.9673019047553192
Unknown;3.999920001599968e-05;0.7764060356652949;1.4277836453262556
Control;0.0003999920001599;0.6349206349206349;1.1467959977470572
Unknown;3.999920001599968e-05;0.7119628339140535;1.2749482611748468
Low;0.1466370672586548;0.3227272727272727;0.4733149025479592
Unknown;0.0014399712005759;0.6173469387755102;1.5658152986007312
Unknown;0.253634927301454;0.2765957446808511;0.4970158607866065
Unknown;0.3960320793584128;-0.3829787234042553;-0.3677346030593646
Low;0.0003999920001599;0.7377049180327869;1.0519515281258491
Unknown;0.0127597448051038;0.6190476190476191;0.9364020369498792
Unknown;0.0055198896022079;-0.674074074074074;-1.2518209780491965
Unknown;0.3577928441431171;-0.2307692307692307;-0.403227539166278
Unknown;0.0043599128017439;-0.5;-1.169224131842641
Unknown;3.999920001599968e-05;-0.9361702127659576;-2.0744225027383623
Low;0.3861522769544609;0.2246376811594203;0.3834421996099679
Unknown;0.7779444411111778;0.0103703703703703;0.1173915014426186
Unknown;0.0082798344033119;-0.4712643678160919;-0.9385399342353276
Unknown;0.9016219675606488;-0.0755555555555555;-0.0324176266273958
Unknown;0.6897862042759145;0.1173469387755102;0.1146979962513261
Unknown;0.240235195296094;0.1646090534979424;0.4125601175825289
Unknown;3.999920001599968e-05;0.9607843137254902;2.156780489908078
Unknown;0.0113197736045279;0.6551724137931034;0.9913479139146614
Control;0.0039999200015999;0.7628205128205128;1.227375600155164
Unknown;0.1071978560428791;-0.3492063492063492;-0.6668885788661507
Unknown;0.0006799864002719;-0.7052154195011338;-1.4446232705006283
Unknown;0.0435191296174076;0.5723270440251572;0.8292755760232945
Unknown;0.3119537609247815;-0.3511111111111111;-0.4727426390200374
Unknown;0.116557668846623;0.4230769230769231;0.6864714648935688
Unknown;0.0009999800003999;0.6984126984126984;1.336191292183322
Unknown;0.0007999840003199;0.7397959183673469;1.6544525795452716
Unknown;0.0017199656006879;0.5969387755102041;1.4547409256365345
Unknown;0.0186396272074558;0.595679012345679;0.967046812488968
Control;0.0007199856002879;0.6507936507936508;1.2828621609580717
Unknown;0.0019599608007839;-0.7333333333333333;-1.4918575221319896
Unknown;0.9425411491770164;-0.0462962962962962;0.0384842733908616
Unknown;0.0114797704045919;0.4839302112029385;0.8173604888312408
Unknown;0.0004399912001759;0.7681159420289855;1.7510529344600847
Unknown;0.0417591648167036;-0.5822222222222222;-0.8604466539958033
Unknown;0.0036799264014719;-0.837037037037037;-1.6269913868776795
Unknown;0.9415411691766165;-0.0243055555555555;-0.069301350797697
Medium;0.4087118257634847;0.0709219858156028;0.3593961516152527
Medium;0.0402791944161116;0.5128205128205128;0.8302237679978407
Unknown;0.0124397512049759;0.5123456790123457;1.1428768469626125
Control;0.490990180196396;-0.1437908496732026;-0.2873875993335947
Control;3.999920001599968e-05;0.9685534591194968;1.897616786020622
Unknown;0.0890782184356312;0.3125;0.5914003969284499
Unknown;0.0166796664066718;0.5024437927663734;0.7739564331381231
Medium;0.0193196136077278;0.4847775175644028;0.932200527954125
Unknown;0.0075598488030239;0.5792207792207792;1.3107041918811482
Unknown;0.0039199216015679;0.5414634146341464;0.8712610069541544
Unknown;0.0727185456290874;0.32;0.9734080388754904
Unknown;0.994980100397992;-0.1066666666666666;-0.0052178973564554
Unknown;0.865862682746345;0.1214285714285714;0.0938113913122748
Control;0.1500369992600148;0.2807881773399014;0.5739845573650123
Unknown;0.0004399912001759;-0.822463768115942;-1.863557839582024
Unknown;0.0269994600107997;0.4528985507246377;0.8283322894533564
Unknown;0.6577068458630827;0.2179487179487179;0.2102956868782247
Unknown;0.0126397472050558;0.5520833333333334;1.4824951551586292
Unknown;0.7043059138817224;-0.0025974025974025;0.1726543711579066
Unknown;0.3319933601327973;0.24;0.4247034099010415
Unknown;0.1777564448711025;0.5850340136054422;0.6232432470827683
Unknown;0.99890002199956;-0.0158730158730158;-0.0049845604396137
Unknown;0.2984189723320158;0.365079365079365;0.6670382884149719
Control;0.0315193696126077;0.4739803094233474;0.804253799869505
Unknown;0.6019879602407952;0.0304878048780487;0.1925514522851783
Unknown;0.0107597848043039;0.8148148148148148;1.2388688436127555
Unknown;0.0355592888142237;-0.5288888888888889;-1.1572581333011729
Unknown;0.4418311633767324;0.0317164179104477;-0.2820570107587394
Unknown;0.0097998040039199;-0.6956521739130435;-1.2793642612808631
Unknown;0.0098798024039519;-0.5733333333333334;-1.404010478808009
Unknown;0.1423171536569268;0.5673758865248227;0.6693275583903068
Unknown;0.2266754664906702;0.2484276729559748;0.5309541405686343
Unknown;0.2585148297034059;0.3085106382978723;0.4582729499826172
Unknown;0.0005999880002399;-0.8174603174603174;-1.5672729018519376
Unknown;0.2319953600927981;-0.44;-0.5693209975706847
Unknown;0.746145077098458;0.1636363636363636;0.1505751097080096
Low;0.50414991700166;0.2152777777777778;0.2706343503718797
Unknown;0.2319553608927821;0.2466666666666666;0.5239564430003327
High;7.999840003199936e-05;0.8910256410256411;1.5986317151706269
Unknown;0.6351872962540749;0.0962962962962963;0.2392599976046417
Unknown;0.0523989520209595;0.4814814814814814;0.8592335912971154
Unknown;0.2155556888862222;-0.3514492753623188;-0.552318354637177
High;0.1051578968420631;0.4012345679012346;0.6960625087022658
Unknown;0.0665186696266074;-0.4379084967320261;-0.840413589994775
Unknown;0.373632527349453;0.2067901234567901;0.3865212637236411
Unknown;0.9625807483850324;0.0567375886524822;0.0353777597470691
Medium;0.2593148137037259;-0.2711111111111111;0.4624593993477974
Unknown;0.9128617427651446;0.0389610389610389;0.0671964611123967
Unknown;0.0129997400051998;0.680952380952381;0.9976840305733156
Unknown;0.6084278314433711;0.0865384615384615;0.2033199612760547
Unknown;3.999920001599968e-05;0.9115384615384616;1.856303321713849
Unknown;0.0411191776164476;0.6918238993710691;1.0380306594252755
High;0.1942361152776944;0.3386243386243386;0.5380186066708527
Unknown;0.0697586048279034;0.4411764705882353;0.8112630522109053
Unknown;0.2219955600887982;-0.2771739130434782;-0.4631963609441971
Unknown;0.2779144417111657;-0.2371794871794871;-0.460493477515654
Unknown;0.0073598528029439;0.6602564102564102;1.183511465064364
Control;0.0982380352392952;0.3532467532467532;0.6887451672097411
Unknown;0.0001599968000639;0.7614457831325301;1.3396952462294005
Unknown;0.0107597848043039;-0.7296296296296296;-1.364370448889761
High;0.4702305953880922;0.2518518518518518;0.281780531356854
Unknown;0.5269494610107798;-0.1851851851851851;-0.2732182484342244
Unknown;0.0018799624007519;0.6613756613756614;1.1119616914464008
Unknown;3.999920001599968e-05;0.7662650602409639;1.3462019817047963
Unknown;0.6666666666666666;0.5;0.4769567204597549
Unknown;0.0211595768084638;-0.4466666666666666;-1.0447134922203305
Unknown;0.0049199016019679;0.5058027079303675;0.8392280814948144
Unknown;0.6338273234535309;0.1666666666666666;0.1875675467955321
Unknown;0.8224235515289694;0.0666666666666666;0.1045253123243715
Medium;3.999920001599968e-05;0.8875878220140515;2.102793990108689
Unknown;3.999920001599968e-05;0.7532679738562091;1.4538298744421554
Medium;0.0170396592068158;0.5711111111111111;0.8356646131620228
Unknown;0.0071598568028639;0.5918367346938775;0.9954382950870154
Unknown;0.1816763664726705;-0.0136054421768707;-0.6299151808173212
Unknown;0.0149997000059998;0.3797752808988764;0.9777293667330512
Unknown;0.0001199976000479;0.875968992248062;1.8716829229195155
Unknown;0.5955080898382032;-0.0942367601246105;-0.1616399221831976
Unknown;0.986460270794584;-0.2088888888888889;-0.0135581383676406
Unknown;0.3488730225395492;0.2067901234567901;0.3331815012167065
Unknown;0.0101997960040799;-0.5396825396825397;-1.1147277182421549
Unknown;0.7656246875062499;-0.1911111111111111;-0.1453177445106131
Unknown;0.0270394592108157;-0.473922902494331;-0.9304902524666028
Unknown;0.0349993000139997;0.4844444444444444;1.026168376580526
Unknown;0.0526789464210715;0.3492063492063492;0.8743783819671608
Unknown;0.0433591328173436;0.458128078817734;0.7969985561258156
High;0.0003999920001599;0.8010204081632653;1.5532791632395488
Low;0.0383592328153436;-0.5889724310776943;-0.891394094957655
Unknown;0.3361132777344453;-0.1736111111111111;-0.4240206115855306
Control;0.0051198976020479;0.6774193548387096;1.0634997604388152
Unknown;0.0019199616007679;-0.7536231884057971;-1.4392071829832382
Unknown;0.3446331073378532;0.0349650349650349;0.3054964812779408
Unknown;0.2795031055900621;-0.3;-0.6152641761113776
Unknown;0.9527009459810803;0.0718954248366013;0.0384641105906952
Unknown;0.9366612667746644;-0.0110294117647058;0.0240159250927139
Medium;0.9303813923721526;-0.0233196159122085;0.036417036333604
Unknown;0.5910681786364272;0.0072639225181598;0.2269571545264361
Unknown;0.6143077138457231;-0.0798611111111111;-0.2099016848723913
Unknown;0.9840316205533596;0.0476190476190476;-0.1419200420357725
Unknown;0.1710365792684146;0.345679012345679;0.589799495470636
Unknown;0.0364392712145757;0.4532019704433497;0.846742733307635
Unknown;0.0004799904001919;0.7506493506493507;1.2149170674308818
High;0.0166796664066718;0.4753246753246753;0.9311584897551854
Unknown;0.7603447931041379;0.0408163265306122;0.1480389966242026
Control;0.2588748225035499;-0.1933333333333333;-0.5437277329991034
High;0.1098378032439351;0.4668367346938775;0.6876293436260349
Unknown;0.6936661266774664;-0.41;-0.1825424393435654
Low;0.2803143937121257;0.351063829787234;0.4662768885962255
Medium;0.9760204795904082;-0.0442176870748299;0.0201408112967195
Medium;0.0301193976120477;0.4642857142857143;0.8189962956542849
High;0.1035979280414391;0.4679802955665024;0.691567535519137
Unknown;0.8633827323453531;-0.088235294117647;0.0615771573624
Control;0.0187196256074878;0.5466666666666666;0.8309205662764008
High;0.9179416411671768;0.0034013605442176;-0.0287580137660438
Low;0.0013599728005439;0.6143790849673203;1.4299933332471548
Unknown;0.2596348073038539;-0.2826086956521739;-0.50043195724935
Unknown;0.6160276794464111;-0.1428571428571428;-0.1913042512030555
Unknown;0.1095978080438391;-0.3617021276595745;-0.758453261707558
Unknown;0.3785924281514369;-0.2638888888888889;-0.3822533320638968
Unknown;0.0096398072038559;0.46;0.8145629955168415
Unknown;0.2924341513169736;0.2615384615384615;0.5144722576477692
Unknown;0.3325533489330213;-0.2553191489361702;-0.4159130949766655
Unknown;0.8612227755444891;0.0476190476190476;0.0805501415188036
Unknown;0.3260334793304134;-0.2198581560283688;-0.4387499255337883
Low;0.0001599968000639;0.7424242424242424;1.4595345861357336
Unknown;3.999920001599968e-05;0.7714285714285715;1.5792700608925647
Unknown;0.0051998960020799;0.6761904761904762;1.6673972818494802
Unknown;0.0122797544049119;0.6159420289855072;1.0355530274490674
Unknown;0.1374372512549749;0.3133333333333333;0.6770101472859599
Medium;0.0345993080138397;0.3856209150326797;0.9469927019345036
Low;3.999920001599968e-05;0.89;2.1080201552820435
Unknown;0.380672386552269;-0.1666666666666666;-0.379790531236026
Unknown;0.4063518729625407;0.1666666666666666;0.2956888521842077
Control;0.0026399472010559;0.6;1.5500642530246025
Unknown;0.0141197176056478;0.6497695852534562;1.019655302331404
Unknown;0.0100797984040319;0.4253731343283582;0.7911438445208698
Unknown;0.7340253194936102;0.1259259259259259;0.1623120945743517
Unknown;0.5898682026359473;0.2444444444444444;0.2621387248885317
Control;0.0934781304373912;0.3097826086956521;0.6282609319435212
Unknown;0.0662386752264954;0.4696969696969697;0.6956356221997486
Unknown;0.5095898082038359;-0.2435897435897435;-0.3046811215051705
Unknown;0.4848303033939321;-0.0577777777777777;-0.3190100502273861
Unknown;0.0741985160296794;0.4113475177304964;0.8048242969087559
Unknown;0.6019879602407952;-0.0066666666666666;-0.235569883906827
Control;0.0005199896002079;0.8104575163398693;1.4059490717645478
Unknown;0.4404711905761885;0.282051282051282;0.3338495907031331
Unknown;0.7130657386852263;-0.2012048192771084;-0.128052762300975
Control;0.0869982600347993;0.7111111111111111;0.780006687782916
Unknown;0.4598308033839323;0.1377551020408163;0.2955950410742304
Unknown;0.7055858882822343;-0.3038961038961039;-0.1296773983125602
Unknown;0.9081818363632728;-0.1439393939393939;-0.0560369934525645
Unknown;0.1019179616407671;-0.3829787234042553;-0.7066035705469659
High;0.1261174776504469;0.4135338345864661;0.5701744307160111
Unknown;0.0119997600047999;-0.7124183006535948;-1.2067969158426848
High;0.8612227755444891;-0.1063829787234042;-0.0518257738740204
Unknown;0.0553188936221275;0.5035460992907801;0.8366547973156441
Medium;0.2659946801063979;0.3125;0.4906244547548335
Medium;0.2771144577108458;0.2091836734693877;0.4355205192976881
Unknown;0.0535189296214075;0.0069444444444444;0.9811297040255338
Unknown;0.0383592328153436;0.4375;0.9760748214205112
Unknown;0.0351592968140637;0.4833333333333333;0.8407540718371848
Low;0.0242395152096958;0.8044444444444444;1.1459094210755325
Unknown;0.8084638307233856;-0.0283687943262411;0.0950573381004633
Control;0.0003599928001439;0.7619047619047619;1.4910162819433652
Unknown;0.245635087298254;-0.2780612244897959;-0.468621906799526
Unknown;0.6614667706645867;-0.2826086956521739;-0.1999926705598708
Unknown;0.875742485150297;0.1888888888888888;0.0583079343127749
Unknown;0.1303173936521269;-0.3076923076923077;-0.6662531726337716
Low;0.1618367632647347;0.4455128205128205;0.5142187504286813
Unknown;0.4359512809743805;-0.1185185185185185;-0.3364492060914339
Medium;0.0006399872002559;0.7142857142857143;1.101637436710989
Unknown;0.0969580608387832;0.2515723270440251;0.7108897569168686
Unknown;0.0375592488150237;0.5362318840579711;1.1064354831387868
Unknown;0.0917581648367032;0.4057971014492754;0.7844893172424299
Unknown;0.0003999920001599;0.7326388888888888;1.0656342006754909
Unknown;0.3950320993580128;-0.572463768115942;-0.3333664957429504
Unknown;0.99690006199876;0.0428571428571428;0.0141343307510216
Unknown;0.5723085538289234;-0.1304347826086956;-0.2698187506320387
Medium;0.0001999960000799;0.7679924242424242;1.4033195077036411
Control;0.0329593408131837;0.5168831168831168;0.8876225340656495
Control;0.6464670706585868;-0.0802469135802469;0.2338622570560056
Unknown;0.4014719705605888;0.1944444444444444;0.3765146323455389
Unknown;0.9728205435891282;-0.02;0.0223113373098063
Medium;0.0054798904021919;0.6848072562358276;0.905014266615925
Unknown;0.7830243395132097;-0.0141843971631205;-0.1324944639180634
Unknown;0.0016799664006719;0.7040816326530612;1.1110663977332045
Unknown;0.0734785304293914;0.6122448979591837;0.83503957281669
High;0.74122517549649;-0.0272108843537414;-0.1415441210664578
Unknown;0.7241055178896422;0.0347222222222222;0.1497961694123812
Unknown;0.1768764624707506;0.3472222222222222;0.5928591544887908
Unknown;0.0093998120037599;-0.2295918367346938;-1.278711612650833
Unknown;0.1040379192416151;0.1700680272108843;0.7783492206597792
Unknown;0.5489090218195636;-0.0377358490566037;0.2821419496418769
Unknown;0.0749585008299834;0.5802469135802469;0.7928118099925506
Unknown;0.0069198616027679;0.6487119437939111;1.02461626638131
Unknown;0.9407411851762963;0.0261437908496732;-0.0364634009498462
Unknown;0.2593948121037579;0.3688888888888889;0.5330110584369628
Unknown;0.8357032859342813;0.0915032679738562;0.0485214270032846
Unknown;0.0377192456150877;0.6977777777777778;1.1234706640781429
Unknown;0.2675146497070058;0.2753623188405797;0.4881046987455739
High;0.0295994080118397;0.5534591194968553;0.8802650612614503
Unknown;0.1803563928721425;-0.3448275862068966;-0.554129432070005
Unknown;0.0062798744025119;0.6950354609929078;1.358607873177658
High;0.4215915681686366;0.1909722222222222;0.3560444200748136
Unknown;0.9597808043839124;0.0;0.0237409410471932
Unknown;0.0635187296254074;0.1377551020408163;0.8107528315633018
Unknown;0.2156756864862702;0.0185185185185185;0.5277061910055894
Unknown;0.0003999920001599;0.8288288288288288;1.5490794869475069
Unknown;0.0070798584028319;0.7578616352201258;0.996356283160428
Unknown;0.9667406651866962;-0.0105820105820105;-0.0102310708456364
Unknown;0.3298334033319333;0.2355555555555555;0.4582266704032467
Unknown;0.2747145057098858;-0.3829787234042553;-0.4830617084521948
Unknown;0.7975440491190177;-0.0921985815602836;-0.1213475138857545
Control;0.0261194776104477;0.4326241134751773;0.8348317396624455
Unknown;0.2275154496910061;-0.2888888888888888;-0.5157912720300278
Unknown;0.124917501649967;0.4285714285714285;0.5937648999580623
Unknown;0.3451930961380772;-0.2333333333333333;-0.4177514852693681
Unknown;0.4064318713625727;-0.1766666666666666;-0.3618951979690705
Unknown;0.0015999680006399;-0.717391304347826;-1.4589418465639294
Unknown;0.0001999960000799;0.6066666666666667;1.1641680670612198
Unknown;0.0059998800023999;0.6402116402116402;1.1695982358787025
Unknown;0.0017599648007039;-0.6231884057971014;-1.651256854226334
Low;0.1546769064618707;0.3741496598639456;0.6358309100076165
Unknown;0.0177596448071038;0.6454545454545455;1.132527260833987
Unknown;0.0675586488270234;-0.5388471177944862;-0.7162916872714084
Unknown;0.0069598608027839;0.6796536796536796;1.204694891153894
Unknown;0.8953820923581528;-0.073076923076923;0.0536394400322682
Unknown;0.0236795264094718;-0.574468085106383;-1.052995684013435
Unknown;0.2555548889022219;-0.4030612244897959;-0.4563987252895164
High;0.0349993000139997;-0.2295918367346938;-0.8636528052646258
Unknown;0.0229195416091678;-0.6266666666666667;-1.2122731660864716
Control;0.0015999680006399;0.7185185185185186;1.221909123957631
Unknown;0.0591188176236475;-0.5259259259259259;-0.8628389964818491
Low;0.2551548969020619;0.171912832929782;0.4631541394562969
Unknown;0.238755224895502;-0.4933333333333333;-0.5696882859413114
Unknown;0.0040399192016159;0.6056338028169014;1.0251580515509582
Unknown;0.0007599848003039;0.7346938775510204;1.6455366040739985
Unknown;7.999840003199936e-05;0.8936170212765957;1.7008388369464773
Unknown;0.1333173336533269;0.4188861985472155;0.6051836047395237
Unknown;0.0120797584048319;0.4792626728110599;1.0292753386966793
Control;0.0667186656266874;-0.3809523809523809;-0.7797182702407411
Unknown;0.0010399792004159;-0.6836734693877551;-1.3061588477290356
Unknown;0.0153996920061598;-0.4326241134751773;-1.1809602875918837
Unknown;0.1079178416431671;-0.4755555555555555;-0.8106074656566054
Unknown;0.0001999960000799;0.8364779874213837;1.3703225532218233
Unknown;0.242235155296894;0.310657596371882;0.4705576640350969
Control;0.5189896202075959;-0.2403100775193798;-0.27952215895847
Unknown;7.999840003199936e-05;-0.9185185185185184;-2.220696378921754
Unknown;0.0306393872122557;0.5308641975308642;0.8378565305361183
Low;0.9459010819783604;-0.0962962962962963;-0.0175094601077991
Unknown;0.0009599808003839;0.5406976744186046;1.0240682285069842
Unknown;0.1935161296774064;-0.4233333333333333;-0.5678366865285787
Unknown;0.1760364792704146;-0.3875;-0.6353053051406755
Unknown;0.0005599888002239;0.7931034482758621;1.5664387818507202
Unknown;0.9110217795644088;0.1733333333333333;0.0733987555808819
Low;0.0526389472210555;0.5673758865248227;0.7706096564875835
Unknown;0.3416331673366533;-0.2124183006535947;-0.4202723253202262
Unknown;0.0986380272394552;0.3130434782608696;0.4747558672849647
Unknown;0.0001199976000479;0.7285714285714285;1.5460770393379526
Unknown;0.0336393272134557;0.6289308176100629;0.8722493348799418
Low;0.8969020619587609;-0.0709219858156028;0.078573114124977
Unknown;0.0003999920001599;0.7142857142857143;1.4013503945842272
Unknown;0.7866642667146657;0.2;0.1253756316573053
Unknown;0.0216795664086718;0.3481481481481481;0.6904896519663543
Unknown;0.2633947321053579;0.28;0.5362379226674929
Unknown;0.0229595408091838;0.4814814814814814;0.9492708732822706
Unknown;0.3212335753284934;0.1333333333333333;0.3186219252823095
Unknown;0.1371972560548789;-0.3911111111111111;-0.7539071826916163
Control;7.999840003199936e-05;0.7885802469135802;1.3223588219459406
Unknown;0.1547569048619027;-0.5128205128205128;-0.6468383369471125
Unknown;0.880942381152377;-0.0366666666666666;-0.0696503980645851
Unknown;0.997860042799144;0.0490196078431372;-0.063550246711803
Unknown;0.1799164016719665;0.3061224489795918;0.5839085639640577
Control;0.0695986080278394;0.4532019704433497;0.7451871969733671
Unknown;0.0109597808043839;0.5550351288056206;1.0234208735955816
Unknown;0.377472450550989;0.1336146272855133;0.3149598539635827
Unknown;0.8858622827543449;-0.2789115646258503;0.0319976273358385
Unknown;0.0201595968080638;0.4901960784313725;0.9673958148022208
Unknown;0.1606767864642707;0.1324675324675324;0.5477112173356747
Low;0.0285594288114237;0.5751633986928104;0.886193544456121
Unknown;0.0963980720385592;0.4444444444444444;0.6944076721022999
Unknown;0.4502309953800924;0.1904761904761904;0.3131259416243909
Unknown;0.0030399392012159;-0.6346153846153846;-1.4305707535547727
Unknown;0.4836303273934521;-0.1666666666666666;-0.2884940030434456
Unknown;0.7333453330933382;0.0534591194968553;0.1545020008240474
Unknown;0.0440391192176156;0.3507462686567164;0.6805295219569868
Unknown;3.999920001599968e-05;0.9166666666666666;1.7100753004508489
Low;0.7053458930821384;0.0168316831683168;0.1372841192066156
Unknown;3.999920001599968e-05;0.8395522388059702;1.8671938576087117
Unknown;0.0055198896022079;0.6918238993710691;1.1372221714851698
Unknown;0.4034719305613887;-0.5072463768115942;-0.3442231967478464
Low;0.4789904201915961;0.2040816326530612;0.3291125765230293
Unknown;0.0472390552188956;-0.5022222222222222;-0.9323668924450024
Unknown;0.1357972840543189;-0.1527777777777778;-0.6943796354512826
Unknown;0.0435991280174396;-0.6;-1.03960164604026
Unknown;0.123437531249375;0.3984962406015037;0.615908570964758
Unknown;0.7592648147037059;-0.427536231884058;0.0717016391367193
Unknown;0.0621987560248795;-0.5111111111111111;-0.8360339937538217
Unknown;3.999920001599968e-05;-0.8357142857142857;-1.9439931804749768
Unknown;0.3270334593308134;0.1985815602836879;0.4331265117577232
Unknown;0.0532389352212955;-0.5703703703703704;-0.9540766028795492
Unknown;0.4768304633907322;-0.2592592592592592;-0.3059900459824318
Unknown;0.5289894202115958;0.5555555555555556;0.1368823661171419
Unknown;0.0421191576168476;0.46875;0.8208114891198259
Unknown;0.1003979920401592;0.4038461538461538;0.696374693318478
Unknown;0.0047599048019039;0.610062893081761;1.2301005446911653
High;0.0002399952000959;0.7398648648648649;1.3825306362081449
Unknown;0.0117597648047039;0.5579710144927537;0.7944423113747046
Unknown;0.1654766904661906;0.1031746031746031;0.6022119411115207
Unknown;0.1931561368772624;0.0694444444444444;0.5858271037736005
Unknown;0.0035199296014079;0.6349206349206349;1.1207197710396168
Unknown;0.0028399432011359;0.6613756613756614;1.1698254177479497
Unknown;0.0936381272374552;-0.3888888888888889;-0.7418265012588399
Unknown;0.1666366672666546;-0.4693877551020408;-0.6377462429728802
Unknown;0.499430011399772;0.3525641025641026;0.2779088310198724
Unknown;0.0562388752224955;0.4492753623188406;0.8226641366341544
Unknown;0.0016399672006559;0.7065217391304348;1.326541751618152
Unknown;0.2640747185056299;-0.2222222222222222;-0.4979516598166532
Control;0.1019579608407831;-0.2346938775510204;-0.6551847622250253
Unknown;0.0071998560028799;-0.644927536231884;-1.1418637242797556
Unknown;0.2170356592868142;0.3188405797101449;0.5544365121039754
Unknown;0.0045599088018239;0.8634146341463415;1.681705781517312
Unknown;0.1365572688546229;0.3055555555555556;0.6727976277095441
Unknown;0.0715585688286234;0.4281914893617021;0.5731298578948875
Unknown;0.5767884642307154;0.1766666666666666;0.2333094042822164
Unknown;0.8252234955300894;-0.0212765957446808;0.0959178205411525
Unknown;0.8933821323573529;-0.0507246376811594;-0.0526357260812406
Unknown;0.0176396472070558;-0.5069444444444444;-1.1184357843876551
Unknown;0.9006619867602648;0.0155844155844155;0.0354659543800096
Unknown;0.5377092458150837;-0.1495726495726495;-0.2242402582339673
Unknown;0.0968380632387352;-0.4217687074829932;-0.7323865549458315
Unknown;0.1975160496790064;0.391304347826087;0.5596948289223704
Unknown;0.0051198976020479;-0.5987654320987654;-1.351855089307169
Unknown;0.0318793624127517;0.3449438202247191;0.6913938266927353
Unknown;0.3032339353212935;0.238095238095238;0.3676471727036156
Unknown;0.0560388792224155;0.387012987012987;1.0063493609519916
Unknown;0.746705065898682;0.0718954248366013;0.1443964449856959
Low;0.98610027799444;0.0319148936170212;0.0107085561423511
Control;0.5943081138377232;-0.3006535947712418;-0.16873042024819
Unknown;0.0535989280214395;0.4513888888888889;0.8393402371367215
Unknown;0.4262314753704926;-0.2789855072463768;-0.3416030889415151
Unknown;0.0002399952000959;0.8616352201257862;1.7263196856326015
Unknown;0.0313193736125277;0.4;0.9903529467390804
Unknown;0.244195116097678;-0.2777777777777778;-0.5171446678657482
Unknown;0.4547509049819003;-0.2347826086956521;-0.3534531735772449
Unknown;0.1705965880682386;0.4577777777777778;0.6583671135627264
Unknown;7.999840003199936e-05;0.6810207336523126;1.37985810858283
Unknown;0.8959820803583929;-0.1285714285714285;-0.0563569649547926
Unknown;0.0237995240095198;0.4420289855072464;1.0135277366560551
High;0.4727105457890842;0.0064102564102564;0.3304075351622146
Unknown;0.1345573088538229;-0.4592592592592592;-0.6788289451172707
Unknown;0.0169196616067678;0.7916666666666666;1.4844085158640046
Unknown;0.0102397952040959;0.5714285714285714;0.8715496151468631
Low;0.1412371752564948;0.4347826086956521;0.6612533925827488
Medium;0.0285594288114237;-0.4470899470899471;-0.8807196327413997
Unknown;0.0001199976000479;0.9047619047619048;2.1263167988840643
Unknown;0.0253594928101437;-0.6195652173913043;-1.0193514834357609
Unknown;0.2740745185096298;0.2730496453900709;0.485362490361778
Unknown;0.0001199976000479;0.7857142857142857;1.3993354660911148
Medium;0.4155116897662047;0.1630434782608695;0.310150605121527
Unknown;7.999840003199936e-05;0.9166666666666666;2.511515250502164
Unknown;0.0895582088358232;0.6354166666666666;0.7741497380347835
Unknown;0.0001199976000479;0.8611111111111112;1.1218718353608814
Unknown;0.0848783024339513;0.2;1.0231749915145163
Unknown;0.5158296834063318;-0.2483660130718954;-0.2833468631823254
Unknown;0.0581988360232795;0.4716981132075472;0.7375242060114451
Control;0.0074398512029759;0.6608695652173913;1.4812716302571227
High;0.0253194936101277;0.6424242424242425;1.0506091977180447
Unknown;0.0183196336073278;0.7845433255269321;0.9708490377902906
Medium;0.0015999680006399;0.6084656084656085;1.2960546620838775
Unknown;0.0779584408311833;-0.4679487179487179;-0.7799110813946024
Unknown;0.0342793144137117;-0.4337662337662337;-0.8822833132645015
Unknown;0.0959980800383992;-0.0763888888888889;-0.7684013525311274
Unknown;0.0002799944001119;0.7669753086419753;1.153821951371692
Unknown;0.0003999920001599;-0.8012820512820513;-1.6837945749682712
Unknown;0.0131197376052478;0.7333333333333333;1.15278198702403
Low;0.5903081938361233;0.0262345679012345;0.1980595365124184
Low;0.7713045739085218;-0.2789855072463768;0.1554724179433954
Medium;0.0093598128037439;0.625974025974026;1.0287030199088958
Medium;0.0003999920001599;0.7588652482269503;1.574044707208528
Unknown;0.0481990360192796;-0.5703703703703704;-0.9389467441260504
Unknown;0.0035599288014239;-0.7511111111111111;-1.704992706535726
Unknown;0.0153996920061598;-0.5733333333333334;-1.1856998140657409
Unknown;0.0010399792004159;0.7973856209150327;1.726573889421506
Unknown;0.0003199936001279;0.8231292517006803;1.5318738801495235
Unknown;0.1291974160516789;-0.4666666666666667;-0.6487943444984806
Control;0.4041119177616448;0.3611111111111111;0.3956124335094662
Low;7.999840003199936e-05;0.8692493946731235;1.3302322164610367
Unknown;0.0796784064318713;-0.524822695035461;-0.7873903097946676
Unknown;0.0215595688086238;-0.5178571428571429;-0.9747308470577384
High;0.2731945361092778;0.2530864197530864;0.4769924620162983
Unknown;0.9575808483830324;0.036036036036036;-0.0408002525032041
High;0.7204255914881702;-0.0136054421768707;-0.1385281506809621
Unknown;0.4147117057658847;0.1683673469387755;-0.3038981249732503
Unknown;0.0727185456290874;-0.4822695035460992;-0.8147432127933915
Unknown;0.0785184296314073;0.341991341991342;0.5762837094434757
Low;0.2984740305193896;0.2287581699346405;0.4548019537118304
Unknown;0.0013999720005599;-0.5034013605442177;-1.7700150657182891
Unknown;0.6856662866742665;-0.1372549019607843;-0.1596784042993533
Unknown;0.3819523609527809;0.1822222222222222;0.4053491023833694
Unknown;0.9093018139637208;0.0;0.0586116218645577
Unknown;0.2340353192936141;0.25;0.5393770798785725
Control;0.6189076218475631;0.4818401937046004;0.2178416661227284
Unknown;0.0021599568008639;0.5763888888888888;1.578091915723675
Unknown;0.0004799904001919;-0.8169934640522876;-1.5504977548752752
Unknown;0.0699186016279674;-0.6122448979591837;-0.8475746602225458
Unknown;0.1577968440631187;0.3055555555555556;0.5267117328115821
Unknown;0.0002399952000959;0.7023255813953488;1.1327366958054337
Unknown;0.5682686346273075;0.2454545454545454;0.2649473495340297
Control;0.0497190056198876;-0.5396825396825397;-0.869131919406146
Unknown;0.0005199896002079;0.6984126984126984;1.3891499069881927
Unknown;0.7094658106837863;-0.1377777777777777;-0.1651026102053616
Unknown;0.2592748145037099;0.2789115646258503;0.4881057683491679
Low;0.875582488350233;0.0036231884057971;-0.0479118053283715
Medium;0.0681186376272474;0.3333333333333333;0.7741379802396601
Unknown;0.2673546529069419;0.4308176100628931;0.5024314342431749
Unknown;0.0042399152016959;0.6090225563909775;1.1149199538875594
Unknown;0.125077498450031;-0.3933333333333333;-0.7055536982813353
High;0.4612707745845083;0.0133333333333333;0.3727961304758939
Control;0.0141997160056798;0.5895061728395061;0.8942154130843567
Unknown;0.0465590688186236;-0.5733333333333334;-0.7712794832425669
Unknown;0.2821543569128617;0.1553030303030303;0.4044852206506734
Unknown;0.0301193976120477;-0.5221674876847291;-0.9350310851919392
Unknown;0.0011599768004639;-0.7777777777777778;-1.3956106280099454
Unknown;0.4276314473710526;0.0601503759398496;0.3053921837445279
Unknown;0.7113057738845223;0.157051282051282;0.1745322151377685
Unknown;0.1731965360692786;-0.4222222222222222;-0.6738078981859325
Unknown;0.0007999840003199;-0.6467532467532467;-1.5874639475378909
Unknown;0.0003999920001599;-0.8027210884353742;-1.7487482592357586
Unknown;0.505309893802124;0.191358024691358;0.3015565321295027
Unknown;0.0970780584388312;0.5763888888888888;0.7849215164973612
Unknown;0.9437011259774803;-0.0316901408450704;0.0393852123904412
Control;0.4024719505609888;0.1987179487179487;0.3692628655501717
Unknown;0.0001599968000639;0.8814814814814815;1.5674529047196888
Unknown;0.0719985600287994;-0.490566037735849;-0.8143895394026631
Control;0.123237535249295;0.335064935064935;0.6149765605030368
Unknown;0.0269994600107997;0.391025641025641;1.0026838657806338
Control;0.0045199096018079;0.5880952380952381;1.0038888374167572
Medium;0.5479090418191637;-0.2954545454545454;-0.2173176443779023
Unknown;0.0079998400031999;-0.5714285714285714;-1.1744051208340016
Unknown;0.867902641947161;0.0192307692307692;0.0854736505313472
Unknown;0.1707965840683186;0.369047619047619;0.5232618813485814
Unknown;0.0819183616327673;0.3061224489795918;0.7196376722098168
Unknown;0.1447571048579028;-0.4444444444444444;-0.6629060835551626
Unknown;0.0243595128097438;0.5303030303030303;0.8069502526575457
Unknown;0.4299514009719805;-0.1981566820276497;-0.315638153842285
Unknown;0.0464790704185916;0.4932614555256064;0.7615922899218374
Unknown;0.0053598928021439;0.6319612590799032;1.2994863181750709
Control;0.5328293434131317;-0.2133333333333333;-0.2670438484399486
Unknown;0.0072798544029119;-0.7955555555555556;-1.5153355667503512
Unknown;0.0076798464030719;-0.572463768115942;-1.2664663256641653
Unknown;7.999840003199936e-05;0.903846153846154;1.9246112157137485
Low;0.4627907441851163;-0.368;-0.3328744035020031
Unknown;0.0002399952000959;-0.6289308176100629;-2.043625105780143
Unknown;0.7887042259154817;-0.0921985815602836;0.0988789884089313
Unknown;0.2076758464830703;0.2539682539682539;0.4862713147732291
Unknown;0.4744305113897722;-0.0541871921182266;-0.2865191275834972
Unknown;0.0504389912201755;-0.4625850340136054;-0.8394542196150121
Unknown;0.0476790464190716;0.4875283446712018;0.7902447498728312
Unknown;0.2888742225155497;-0.28;-0.4465167338668872
Unknown;0.0573188536229275;0.3622448979591837;0.649578385000672
Unknown;0.0152796944061118;-0.6622222222222223;-1.2759364741744914
Low;0.0258394832103357;0.305952380952381;0.7710148428758328
Unknown;0.0005599888002239;0.9111111111111112;1.8738997429425293
Medium;0.9005419891602168;0.2111111111111111;-0.0428330628239022
Unknown;0.0346393072138557;0.8333333333333334;1.1375160039020946
Low;0.8208235835283294;-0.0137931034482758;0.0687386155806155
Unknown;0.0002799944001119;-0.7922077922077922;-1.5210634996787358
Unknown;0.9776604467910642;0.0127551020408163;0.008730526583691
Unknown;0.0002399952000959;-0.8866666666666667;-1.6582736352645635
Unknown;0.126757464850703;0.200501253132832;0.6272333313227247
Unknown;0.0042399152016959;0.644927536231884;1.2081236101272108
Unknown;0.0893582128357432;0.3733333333333333;0.8074546532452886
Unknown;0.5990280194396113;-0.2355555555555555;-0.2351809366549798
Unknown;0.0002799944001119;0.7513227513227513;1.5093307819537989
Low;0.0768784624307513;-0.5644444444444444;-0.9187342903879496
Unknown;0.0342793144137117;-0.4964539007092198;-0.9950736333380488
Unknown;0.116797664046719;0.5673758865248227;0.7440314851130896
Unknown;0.0815183696326073;-0.4666666666666667;-0.8311721704013658
Unknown;0.8326633467330653;-0.0061728395061728;0.0982816648495252
Unknown;0.0007199856002879;0.8027210884353742;1.6099311969690069
Control;0.0106797864042719;0.5534591194968553;1.3236682922110627
Unknown;0.1814763704725905;0.2211538461538461;0.5074147619010436
Unknown;0.3038339233215336;-0.3066666666666666;-0.447453417617392
Medium;0.0177596448071038;0.7948717948717948;1.0992314934181708
Unknown;0.1104777904441911;-0.3972602739726027;-0.5760912680538983
Unknown;0.0392392152156956;-0.5377777777777778;-0.9811955717231982
Medium;0.0012799744005119;0.7516339869281046;1.2877171744641944
Unknown;0.1704765904681906;0.2952380952380952;0.5506028213283806
Unknown;0.0025599488010239;0.7074829931972789;1.2807721485525283
Unknown;0.0984380312393752;-0.4497354497354497;-0.6702243065751431
High;0.1614767704645907;0.2698412698412698;0.5694011790412336
Unknown;0.1904361912761744;-0.1428571428571428;-0.5463436208041802
Unknown;0.0808783824323513;0.4915254237288136;0.6949210995269068
Control;0.2355152896942061;0.369047619047619;0.4507102601063604
Unknown;0.0005999880002399;-0.8461538461538461;-1.5640363309280396
Unknown;0.625987480250395;0.1732026143790849;0.1608329679120961
Unknown;0.0289594208115837;-0.4818840579710144;-1.0574010329819763
Unknown;0.5330693386132277;0.21;0.2714357063934182
Unknown;0.1769564608707826;0.2533333333333333;0.6106969393786503
Unknown;0.0010799784004319;0.6780045351473923;1.2263927855514651
Unknown;0.8835023299534009;0.1772486772486772;-0.0989060942754488
Unknown;7.999840003199936e-05;0.7653061224489796;1.2766023464886334
Unknown;0.871502569948601;0.0070921985815602;0.0768706235295092
Unknown;0.0865582688346233;0.5377777777777778;0.6726533984579123
Unknown;0.0881582368352632;-0.4513888888888889;-0.7982233388573952
Unknown;0.2634747305053899;-0.3404255319148936;-0.4950627705324897
Unknown;0.1904761904761904;-0.3851851851851852;-0.5774314696089025
Unknown;0.0752784944301113;0.4142857142857143;0.8528856793142959
Unknown;0.497790044199116;0.1099290780141844;0.2979307830087436
Unknown;0.7811443771124578;-0.1037037037037037;-0.1191366730555294
Unknown;0.5380692386152277;-0.2765957446808511;-0.2950804719505183
Unknown;0.0693586128277434;0.3496503496503496;0.5934102264248748
Unknown;0.0848783024339513;0.3401360544217687;0.8396848197509397
Control;0.0155196896062078;0.6266666666666667;1.0763934572575418
Unknown;0.0095598088038239;-0.723404255319149;-1.225221084659032
Unknown;0.0127197456050878;-0.7888888888888889;-1.6657190820013448
Control;0.0335193296134077;0.3680555555555556;0.9930582253931312
High;0.984260314793704;0.1045751633986928;0.0296059387724328
Unknown;0.5917481650366992;0.0200501253132832;0.209623520272109
Unknown;0.0003469010175763;0.9703703703703704;2.867564500354918
Unknown;0.0125197496050079;-0.6879432624113475;-1.2062500388813246
Unknown;0.1852362952740945;0.5434782608695652;0.6381630665953186
Unknown;0.2603547929041419;-0.326797385620915;-0.4160644814726832
Unknown;0.0013999720005599;-0.8472222222222222;-1.6191509108853832
Unknown;0.0010799784004319;0.8222222222222222;1.5252195170131893
Unknown;0.5686286274274515;-0.1069182389937107;-0.239657059792851
Unknown;0.3892322153556929;0.202127659574468;0.3839292697783534
Unknown;0.4654776233723602;0.0555555555555555;0.5064119420821036
Control;0.0046799064018719;0.7704402515723271;1.0340153824880152
