Dosage;p-value;Cliff's Delta;Cohen's D
Low;0.0001599968000639;0.6923076923076923;1.0377581535528737
Medium;0.0605187896242075;0.1041666666666666;0.8354823355897885
Unknown;0.0854382912341753;0.2327044025157232;0.7100426037173273
Unknown;0.1642767144657106;0.3055555555555556;0.5616854149455601
Control;0.0022399552008959;0.7089201877934272;1.2069485531065989
Medium;0.2259154816903661;0.3666666666666666;0.5109992652846167
Medium;0.0007199856002879;0.695852534562212;1.1960413886444183
Unknown;0.1774364512709745;0.3518518518518518;0.576126914642333
Control;0.5247495050098998;-0.2253086419753086;0.0009660689601624
Control;0.8221035579288414;-0.0147783251231527;0.1416385578752711
Unknown;0.0383592328153436;-0.3630769230769231;-0.8625854638030805
High;0.0629187416251675;0.5641025641025641;0.8362062048215716
Unknown;0.5462690746185076;-0.1823899371069182;-0.1676685305511916
Low;0.0001999960000799;0.8577777777777778;0.8591128104660967
Unknown;0.0012399752004959;0.7839506172839507;1.1280646495858893
Unknown;3.999920001599968e-05;0.8819444444444444;2.169537321483697
Unknown;0.0059998800023999;0.6159420289855072;0.9777409564275816
Unknown;0.117957640847183;-0.2888888888888888;-0.817318685738869
Unknown;0.5172296554068918;0.1729323308270676;0.2732800598001216
Unknown;0.0282394352112957;0.3809523809523809;0.9396792036903114
Unknown;0.1633167336653267;0.1693121693121693;0.5364873726120944
Unknown;0.6012279754404912;0.0785714285714285;0.18625640115007
Low;0.1408771824563508;0.0263157894736842;-0.5535075415020079
Control;0.376352472950541;0.2901234567901234;0.3891073378174836
Unknown;0.0020399592008159;0.7446808510638298;1.3182339422836151
Unknown;0.2224755504889902;0.3043478260869565;0.500438256163052
Unknown;0.0159596808063838;0.6370370370370371;1.059224269026278
Unknown;0.2271954560908781;-0.4844444444444444;-0.604539648036645
Unknown;0.0076398472030559;0.6346153846153846;1.0712264372552407
Unknown;0.6783864322713545;-0.1049382716049382;-0.1430917968765899
Medium;3.999920001599968e-05;0.8962962962962963;2.2485562420375627
Low;0.0044399112017759;0.5643939393939394;1.1339979579633523
Unknown;0.2569548609027819;0.037593984962406;-0.4918589512359919
Unknown;3.999920001599968e-05;0.9682539682539684;2.598329847356285
Unknown;0.0010799784004319;0.6938775510204082;0.8839381015185153
Unknown;0.3462730745385092;-0.2095709570957095;-0.2862976128131929
Unknown;0.0017199656006879;-0.6680384087791496;-1.1364901011427344
Control;0.1479570408591828;-0.109090909090909;-0.4867238765196123
Control;0.884182316353673;0.4592592592592592;0.1009609836760252
Medium;0.6407071858562828;0.03515625;-0.1599448424606338
Unknown;0.994460110797784;0.0755555555555555;0.0539525530472981
Unknown;0.25347493050139;0.1463414634146341;-0.5411130147898203
Unknown;0.0567988640227195;0.3688888888888889;0.8496367754434999
Control;3.999920001599968e-05;0.9382716049382716;2.023994753426936
Unknown;0.0649987000259994;0.3836477987421384;0.6423403137583555
Unknown;0.2972740545189096;-0.2318840579710145;-0.4185924762605335
High;3.999920001599968e-05;1.0;2.878079358406044
Unknown;0.1590368192636147;-0.2592592592592592;-0.6002354136394078
Control;0.3913921721565568;-0.0357142857142857;-0.2498226075567482
Control;0.9565808683826325;-0.0649350649350649;-0.0123242587202097
High;0.1700365992680146;0.3263888888888889;0.6017623697457807
Unknown;0.250994980100398;0.3260869565217391;0.4951095895892338
Unknown;0.0016799664006719;0.7361111111111112;1.2546925134634546
Unknown;0.8475030499390013;0.2517006802721088;-0.030481832484078
Unknown;0.0725185496290074;-0.2619047619047619;-0.8229225702566634
Unknown;0.0001599968000639;0.7922077922077922;1.3132975270456355
Unknown;0.3826723465530689;0.2222222222222222;0.3344433175269847
Unknown;0.0006399872002559;0.5743801652892562;0.6668158650913348
Unknown;0.1911161776764464;0.3819444444444444;0.5726209711245597
Unknown;0.0157596848063038;0.5399515738498789;0.9708804270042056
Unknown;0.0347993040139197;0.3714285714285714;0.8999787359201524
Unknown;0.0567988640227195;0.2809523809523809;0.5525751654673672
Unknown;0.492870142597148;0.2533333333333333;0.3051924280390333
Control;0.8096238075238495;0.3525641025641026;-0.0009544242784714
Unknown;0.0149597008059838;0.4855403348554033;0.7298250280535697
Control;0.2893142137157257;-0.1523809523809524;-0.4341743125280909
Unknown;0.0021199576008479;0.710691823899371;1.2811100719708557
Medium;0.0017999640007199;0.7124183006535948;1.3661382453531057
Unknown;0.0141997160056798;0.5666666666666667;0.8533953012070062
Unknown;0.245835083298334;0.2592592592592592;0.5051109795411163
Unknown;0.8116237675246495;-0.1088435374149659;-0.0816956051765562
Unknown;0.9339813203735924;-0.0518518518518518;0.018020125544164
Unknown;0.2581548369032619;0.2513227513227513;0.3171052216541504
Low;0.2669546609067819;0.2318840579710145;0.458569312692251
Unknown;0.0590788184236315;-0.6180555555555556;-0.9735335934230168
Unknown;0.4713905721885562;-0.2916666666666667;-0.3006727560014198
Unknown;3.999920001599968e-05;0.741337630942788;1.008206785615595
Unknown;0.3527129457410852;0.32;0.4135981875665341
Unknown;0.8405831883362332;0.0465116279069767;0.1151710326176463
Unknown;0.0576388472230555;0.5652173913043478;0.7963507957945338
Unknown;0.367592648147037;0.2121212121212121;0.3927108037546962
Unknown;0.7159856802863943;0.0354609929078014;0.187654713082244
Unknown;0.0264394712105757;0.4800936768149882;0.7894237726302128
Unknown;0.1815563688726225;-0.5407407407407407;-0.6199511005346284
Control;0.0115197696046079;-0.350210970464135;-1.223405494690751
Unknown;0.3157936841263175;0.1280788177339901;0.3679874854995214
Unknown;0.8247035059298814;-0.0691823899371069;-0.0885906417687674
Unknown;0.493630127397452;0.0666666666666666;0.3217579351281362
Unknown;3.999920001599968e-05;0.7;0.9992081986394106
Unknown;0.5822408142142488;0.0833333333333333;0.2953186920165802
Unknown;0.7753444931101378;0.1111111111111111;0.1133634271318371
Low;0.6681866362672747;0.5192307692307693;0.1956753724513131
Unknown;0.8630627387452251;-0.0816326530612244;0.1380655112645161
Unknown;0.5175896482070359;-0.0068027210884353;-0.2760405045754781
Unknown;0.0162796744065118;0.5833333333333334;0.9291055743763968
Unknown;0.1543969120617587;-0.0694444444444444;-0.6614647665839978
Control;0.2538749225015499;0.4301470588235294;0.429677283418391
Unknown;0.0504389912201755;0.5644444444444444;0.8546080789817512
Unknown;0.0171996560068798;0.4691358024691358;0.8170383818758354
Unknown;0.0075198496030079;0.4796061884669479;0.7841917925745321
Unknown;0.0006799864002719;0.7248677248677249;1.0500516827108295
Unknown;0.0005199896002079;0.8169934640522876;1.7586500085880126
Unknown;0.0035999280014399;0.5740740740740741;0.7106701296485111
Unknown;0.2983540329193416;0.2769230769230769;0.3926960322048218
Unknown;0.2691546169076618;-0.0769230769230769;0.3218201839336242
Unknown;0.0005999880002399;0.5570987654320988;0.9780949801578228
Unknown;0.0052398952020959;0.7333333333333333;1.281278144249787
Unknown;0.1829563408731825;0.4353741496598639;0.5713398872066082
Unknown;0.0907181856362872;0.4044444444444444;0.6547982766297612
Low;0.758264834703306;-0.1454248366013072;-0.032817643358665
Unknown;0.8616627667446651;0.0890151515151515;0.0150112617913247
Unknown;0.4536309273814524;0.0541310541310541;0.2776159352541658
Unknown;7.999840003199936e-05;0.7917675544794189;1.2515079337026334
Unknown;0.0272794544109117;0.5786163522012578;0.8794909431967489
Unknown;0.1461570768584628;0.1974683544303797;0.4520644384590201
Unknown;0.1509569808603827;-0.1282051282051282;-0.7440399516658698
Low;0.9634607307853844;-0.2361111111111111;0.0510835265052638
Unknown;0.1399972000559989;-0.3666666666666666;-0.6895793172037619
Unknown;7.999840003199936e-05;0.8592592592592593;1.5803824914817508
Unknown;0.0002799944001119;0.7333333333333333;2.0021062541258714
Unknown;0.1785164296714065;0.1153846153846153;0.4317544592546789
Unknown;0.0235995280094398;-0.5584415584415584;-1.0153100016615706
Unknown;0.0012399752004959;0.6127659574468085;1.0664060766624857
Unknown;0.3895122097558048;0.1377777777777777;-0.3555191047017317
Unknown;0.0813583728325433;0.3991228070175439;0.6485916273830139
Unknown;0.1527169456610868;0.4181818181818181;0.6957683894794742
Unknown;0.2567148657026859;0.3111111111111111;0.5000051955181768
High;0.8822623547529049;-0.3244444444444444;0.1974079448436933
Unknown;0.2732745345093098;-0.3768115942028985;-0.4856627350174374
Unknown;0.9533809323813524;-0.0025974025974025;0.0464663398134611
Unknown;0.3847123057538849;-0.1703703703703703;-0.3788469362505866
Unknown;0.0005199896002079;0.8333333333333334;1.3139123045717358
Unknown;0.1764764704705906;0.3511111111111111;0.6190431733400752
Low;0.1365972680546389;0.2681159420289855;0.7014025857527104
Unknown;3.999920001599968e-05;0.8666666666666667;1.505926656670309
Unknown;0.0003599928001439;0.812987012987013;1.6650154868652327
Unknown;0.1478770424591508;0.2935064935064935;0.5953873278793917
Unknown;0.9363412731745364;-0.0144927536231884;0.0726335973870435
Unknown;0.2385952280954381;0.3266666666666666;0.5082930614192545
Unknown;0.0199996000079998;0.6444444444444445;0.9208760130050722
Control;0.9965000699986;-0.0952380952380952;0.0970088571502073
Control;0.8385032299354013;-0.3270440251572327;0.030847553424309
Unknown;0.2609947801043979;-0.2156862745098039;-0.4967153194482739
Unknown;0.8901821963560729;0.17;0.1035633166103433
Unknown;0.7261454770904582;0.2641509433962264;0.2015645870825025
Unknown;0.5771484570308594;-0.2160493827160493;-0.2001293663080894
Medium;0.1790764184716305;0.1952861952861952;0.4093633532113241
Unknown;0.9117017659646808;0.2836879432624113;0.0755950869418253
Unknown;0.7623447531049379;0.0104166666666666;0.1231915984035432
Unknown;0.0104797904041919;0.6;1.0895040486069838
Unknown;0.0031999360012799;0.6530612244897959;0.9697545938616108
Control;0.0449991000179996;0.2773109243697479;0.5907587021811059
Unknown;0.0965580688386232;0.4276729559748428;0.5926584393413433
Unknown;0.0196796064078718;0.5850340136054422;1.0111660794868649
Unknown;0.8125837483250336;0.12;0.1149587150314219
Unknown;0.8522229555408892;0.0522875816993464;0.1895906699862449
Unknown;3.999920001599968e-05;0.8401598401598401;1.4918664900562535
Unknown;0.6120277594448111;0.2142857142857142;0.2872408641485796
Unknown;0.9363812723745524;-0.0501618122977346;0.0446362663982864
Unknown;0.0015599688006239;0.8488888888888889;1.332987556838641
Unknown;0.1300373992520149;0.4285714285714285;0.500622050015387
Unknown;0.7283054338913222;0.0849673202614379;-0.1160318141921513
Unknown;0.1100777984440311;-0.1466666666666666;-0.8649490004834037
Low;0.9023019539609208;0.0347222222222222;0.0559154645364793
Unknown;0.0770384592308153;0.4052287581699346;0.7809142743387848
Unknown;0.5535089298214035;-0.0222222222222222;-0.251574147099611
Medium;0.0273994520109597;0.503731343283582;0.6349647121819714
Unknown;0.6029079418411631;0.086734693877551;0.2382798926841219
Unknown;3.999920001599968e-05;0.8333333333333334;1.693716556293199
Unknown;0.8933021339573208;0.1445966514459665;0.11683348309719
Unknown;0.0004799904001919;0.7386363636363636;0.8512973389737974
Unknown;0.0131197376052478;0.6266666666666667;1.1634427226599802
Unknown;0.5597888042239155;0.0069444444444444;-0.1890703242922848
Low;0.0009199816003679;0.738498789346247;1.390364481570048
Unknown;0.0364392712145757;0.5918367346938775;0.8572296511658526
Unknown;0.9563008739825204;0.0733333333333333;0.0487643607860505
Unknown;0.0001199976000479;0.7866666666666666;1.8927739937507484
Unknown;0.0385992280154396;-0.2435897435897435;-1.059200212147556
High;0.0045199096018079;0.5884615384615385;0.9771212913171118
Unknown;0.4185116297674046;0.3155555555555555;0.3799543013569759
Unknown;0.4867902641947161;0.1733333333333333;0.3612145953914135
Low;0.0076398472030559;-0.5666666666666667;-1.307454990236918
Unknown;0.3804323913521729;0.1414634146341463;0.4355373758549498
Low;0.25227495450091;0.2298325722983257;0.4050383122585334
High;0.0237195256094878;0.4222222222222222;0.6592274500714116
Unknown;0.621627567448651;0.0296296296296296;0.2682422619831473
Control;0.0004399912001759;0.8476190476190476;1.3791174083823905
Unknown;0.0003199936001279;0.7283437283437283;1.1622805069557307
Unknown;0.2630347393052138;-0.2108843537414966;-0.5055208954876697
Unknown;0.0095198096038079;-0.5584415584415584;-1.1852814299811485
Unknown;0.0961580768384632;-0.3155555555555555;-0.9101087516000972
Unknown;0.7243055138897222;0.0962962962962963;0.1549721884875569
Medium;0.0978380432391352;-0.5555555555555556;-0.7625032863970981
Unknown;0.0010399792004159;0.6704545454545454;1.0114711026239542
Medium;0.1134777304453911;0.5534591194968553;0.5739374203671317
Unknown;0.4159916801663966;0.1830065359477124;0.3598356427898735
Unknown;0.0022799544009119;0.5873015873015873;0.8934034120159356
Unknown;0.4497910041799164;0.2083333333333333;0.3358749532866941
Unknown;0.2222355552888942;0.4181818181818181;0.4652223114138503
Control;0.3919521609567808;-0.4074074074074074;-0.4329011892943232
Unknown;0.7775844483110338;0.0680272108843537;0.1939456450167939
Unknown;0.0752784944301113;-0.46;-0.9140690304544252
Unknown;0.1445171096578068;0.4149659863945578;0.5752520750959096
Unknown;0.116517669646607;0.3958333333333333;0.6849753298486352
Unknown;0.9467410651786964;0.1014492753623188;0.0030524739566401
Low;0.6455070898582028;0.0289855072463768;0.2042457528024209
Unknown;0.254954900901982;0.2518518518518518;0.469807450621825
Unknown;0.0861982760344793;-0.6028368794326241;-0.8851008501862261
Unknown;0.3394732105357892;-0.0970149253731343;-0.3562105820463949
Unknown;0.0795184096318073;-0.2330827067669172;-0.7861260720106598
Low;0.1394772104557909;0.1192307692307692;-0.9981197853120182
Unknown;0.0191996160076798;-0.5162790697674419;-0.8193027952122062
Unknown;0.0033199336013279;0.6607142857142857;1.096045879064055
Low;0.8615427691446171;0.2666666666666666;0.1425398010910846
Unknown;0.0284794304113917;0.4666666666666667;1.0682968755726256
Control;0.0012399752004959;0.7121212121212122;1.0786472597271972
Unknown;0.0234795304093918;-0.6037735849056604;-1.35341149163144
Unknown;3.999920001599968e-05;0.8153846153846154;1.691881461507163
Unknown;0.4129117417651647;-0.3955555555555555;-0.3854134975325124
Unknown;0.0016799664006719;0.7098765432098766;0.9287444868084334
Low;3.999920001599968e-05;0.8152958152958153;2.541883865778638
Unknown;0.0021599568008639;0.6521739130434783;1.251483008136158
Unknown;0.8895022099558009;-0.0592592592592592;-0.0090133614305993
Unknown;0.0130797384052318;0.4926108374384236;0.9352287188568064
Unknown;0.3329133417331653;-0.0576441102756892;-0.370460608389529
Control;3.999920001599968e-05;0.9204545454545454;1.858011856709652
Unknown;0.0187596248075038;0.4444444444444444;0.9239876196581678
Medium;0.0328793424131517;-0.34;-1.0406401735975936
Unknown;0.1565968680626387;0.3244444444444444;0.6781228420689249
Unknown;0.4082718345633087;0.5362318840579711;0.3546857897989509
Unknown;0.374472510549789;-0.0844444444444444;-0.4221114198065279
Medium;7.999840003199936e-05;0.7806122448979592;1.3039371214422877
Unknown;0.1965960680786384;-0.1276485788113695;-0.361651194736342
Unknown;0.0135597288054238;0.6066666666666667;0.9889741678023958
Unknown;0.6502269954600908;0.1631205673758865;0.2544139248801199
Unknown;0.0001199976000479;0.6142857142857143;1.0197427610731844
Control;0.0013599728005439;0.7044334975369458;0.8060679591819351
Unknown;0.3539929201415971;-0.1185185185185185;-0.4049170959267591
Control;3.999920001599968e-05;0.8598130841121495;1.775382594091132
Medium;0.0003199936001279;0.6872427983539094;1.377162247172786
Unknown;0.1377172456550869;-0.5348314606741573;-0.5389047305321321
Unknown;0.0129597408051838;0.4469696969696969;0.8817895752437047
Unknown;0.7944641107177857;0.125;0.1063839814417852
Unknown;0.0001199976000479;0.88;1.6363390801323094
High;0.1687566248675026;-0.2810457516339869;-0.5573590717653004
Low;0.3197136057278854;0.1683673469387755;0.4111692770377727
Unknown;0.2666346673066538;0.1185185185185185;-0.5149183187627203
Low;0.1295974080518389;-0.1292517006802721;-0.9915074555838528
Unknown;0.0045999080018399;-0.3055555555555556;-1.623187367307699
Unknown;0.0005599888002239;0.9181818181818182;1.4517318095593374
Unknown;0.1934361312773744;0.2561576354679803;0.5213465365616392
Unknown;0.0149597008059838;0.6111111111111112;0.9022958841281268
High;0.0060798784024319;0.7333333333333333;1.262070527402449
Unknown;0.0042399152016959;0.5280898876404494;0.9737084162530374
Unknown;0.9136217275654488;0.1733333333333333;-0.0124378314359935
Unknown;0.1105177896442071;0.3619047619047619;0.6923827629729548
Unknown;0.0003199936001279;0.6821378340365682;1.255120374688726
Unknown;0.6077281352423668;-0.3833333333333333;-0.2381535477316863
Unknown;0.1395972080558389;-0.4382566585956416;-0.6175972663869508
Unknown;0.0574388512229755;0.3640552995391705;0.610770447211723
Unknown;0.0045599088018239;0.6737588652482269;1.2509083261945193
High;3.999920001599968e-05;0.9285714285714286;2.565517014864476
Unknown;0.0001599968000639;0.8300653594771242;1.794191113390455
Medium;0.0379192416151676;0.5476190476190477;0.873452911063919
Control;0.491910161796764;0.164021164021164;0.2807640820562425
Unknown;0.0073198536029279;0.6524822695035462;1.240355341059133
Unknown;0.1646367072658547;0.3555555555555555;0.613900542316845
Unknown;0.1689566208675826;0.3846153846153846;0.5806140778803554
Unknown;0.867142657146857;-0.1377777777777777;-0.0598295600548955
Unknown;0.0372392552148957;0.5185185185185185;0.8175678489638819
Unknown;0.0012799744005119;0.6683673469387755;0.7763910458062709
Control;0.0005999880002399;-0.5038051750380518;-1.5626083558874089
Unknown;0.1324773504529909;-0.1702127659574468;-0.7324482203533152
Unknown;0.9471010579788404;0.0222222222222222;-0.0272641276385073
Unknown;0.1109577808443831;-0.564625850340136;-0.7968515330656829
Unknown;0.0015199696006079;0.7647058823529411;1.1350332929487803
Unknown;0.1886762264754705;0.3046875;0.5051412905799234
Medium;0.0141997160056798;0.5189393939393939;0.8838061814295682
Unknown;0.0006799864002719;-0.5154320987654321;-1.1945136124970874
Unknown;0.6075878482430351;0.2882205513784461;0.2186932324413059
Unknown;0.0414391712165756;0.5;0.8783433355824614
Control;0.0220795584088318;0.524822695035461;0.929179662192948
Unknown;0.0139997200055998;0.6148148148148148;0.9028921706766267
Unknown;0.3370732585348293;0.1933333333333333;0.422246430281992
Unknown;0.0011199776004479;0.6792452830188679;1.3606410559611772
Unknown;0.0346793064138717;0.5370370370370371;0.792994990720241
Unknown;0.3122737545249095;-0.2355555555555555;-0.4811602449142929
Unknown;0.0003199936001279;0.6447058823529411;1.270916602216681
Unknown;0.1815963680726385;0.2087542087542087;0.4055638361376344
Medium;0.3660326793464131;0.3143133462282398;0.2893393792331218
High;0.0014799704005919;0.5816326530612245;1.5400649522250511
Unknown;0.992220155596888;-0.0933333333333333;0.0094249495807311
Unknown;0.0057998840023199;0.6190476190476191;0.8912273423993597
Unknown;0.368952620947581;0.1379310344827586;0.4068140070735613
Unknown;0.0404391912161756;0.6541353383458647;0.7648458439743883
Unknown;0.3605527889442211;0.2839506172839506;0.4023779846785559
Unknown;3.999920001599968e-05;0.9567901234567902;2.250778085044351
Unknown;0.3499530009399812;0.2653061224489796;0.4051829382459088
Unknown;0.0483590328193436;-0.5531914893617021;-1.0062570124981942
Control;0.498630027399452;0.1178571428571428;0.2531087037940862
Unknown;0.0423191536169276;0.524822695035461;0.885898669517646
Unknown;0.9003019939601208;0.3205128205128205;0.0250658009340716
Medium;0.0534789304213915;0.5227272727272727;0.796788838956906
Unknown;0.6963860722785544;0.0652173913043478;0.1956330312862242
High;0.0486790264194716;-0.4130434782608695;-1.0828341258887004
Unknown;0.0006399872002559;0.8580246913580247;1.2346126209079629
Unknown;0.5108697826043479;0.2962962962962963;0.2875966174899519
Unknown;0.0542789144217115;0.4088050314465409;0.8672461932021965
Unknown;0.3993120137597248;0.2095709570957095;-0.208757806110288
Unknown;0.4816703665926681;0.1272727272727272;0.3662252460702687
Unknown;0.0234395312093758;0.4609929078014184;0.9381672253675224
Low;0.1533969320613587;0.1733333333333333;0.6121726094501251
Unknown;0.8850622987540249;-0.1111111111111111;-0.02172378902778
Unknown;0.4596708065838683;0.4466666666666666;0.3517893038495918
Unknown;0.0062798744025119;0.4236111111111111;1.1006887388665414
Unknown;0.0025199496010079;0.673469387755102;0.7852895132120223
Unknown;0.1412371752564948;0.2578616352201258;0.5610270404661312
Unknown;0.0069598608027839;0.5925925925925926;0.9693310888192858
Control;0.3606727865442691;0.2615384615384615;0.3436636306534848
Unknown;0.990980180396392;0.3066666666666666;0.0426012441632173
Unknown;0.0948781024379512;0.3448275862068966;0.6262993641887343
Unknown;0.5309893802123957;0.1111111111111111;0.2891849382585162
Unknown;0.122317553648927;0.4066666666666667;0.6822122692668249
Unknown;0.2101957960840783;0.3333333333333333;0.5287432266450288
Unknown;0.2370752584948301;0.2177777777777777;0.5588988510683741
Medium;0.0011199776004479;0.6410256410256411;2.0792497888424584
Unknown;0.1765564688706226;-0.3333333333333333;-0.6114338673674118
Low;3.999920001599968e-05;0.7489177489177489;2.1213320219932807
Unknown;0.7955040899182017;0.2216748768472906;-0.0685369359068415
Unknown;0.2575948481030379;0.3012820512820512;0.4757539993389096
Unknown;0.9711005779884402;0.3317972350230415;0.0866607306453581
Unknown;0.6158676826463471;-0.0625;-0.1832017788730426
Unknown;0.8466230675386492;-0.0444444444444444;-0.0817460470805051
Unknown;0.8303833923321533;0.0933333333333333;0.1624616610221531
Unknown;0.2124357512849743;0.238095238095238;0.4586198921197336
Unknown;0.8439031219375612;-0.0222222222222222;0.1272252914650238
Unknown;0.7037859242815143;-0.1063829787234042;-0.1485771408447265
Unknown;0.0509189816203675;-0.6535947712418301;-1.0293364268606462
Unknown;0.5212695746085079;0.2355555555555555;0.307197480181321
Unknown;0.1542369152616947;0.3777777777777777;0.646833938873247
Unknown;0.0775584488310233;-0.4615384615384615;-0.8206269901333451
Unknown;3.999920001599968e-05;0.83203125;1.081285175699839
Low;0.0181596368072638;-0.4679802955665024;-1.067296714941681
Unknown;0.1001979960400792;0.375;0.679813414924509
Unknown;0.0294794104117917;-0.36;-1.0546176856869605
Unknown;0.0353192936141277;-0.7333333333333333;-1.1911349553652884
Unknown;0.7852242955140897;-0.0992647058823529;-0.0747771794247452
Unknown;0.0463190736185276;0.4193548387096774;0.7945777978555298
Low;0.0030399392012159;0.6518518518518519;1.196064817616843
Unknown;0.0911181776364472;-0.4222222222222222;-0.8580779663510664
Unknown;0.0142797144057118;0.7333333333333333;0.902788352620248
Unknown;0.8978220435591289;0.0793650793650793;0.0700867287586526
Unknown;0.0314793704125917;0.5324675324675324;0.9211654239773
Unknown;0.2925141497170057;0.2753623188405797;0.4059620988650523
Unknown;0.0008799824003519;0.6859259259259259;1.045806304378447
Unknown;0.9386612267754644;0.3866666666666666;0.0774889009357165
Unknown;0.2852742945141097;0.3333333333333333;-0.34845833555172
Unknown;0.9672206555868884;0.0797101449275362;0.0431899218722478
Control;0.4553508929821404;0.0037878787878787;-0.2326645169059459
Unknown;0.4251114977700446;-0.2608695652173913;-0.3371770779941877
Unknown;3.999920001599968e-05;0.7647058823529411;1.3992449529197644
Unknown;0.2772344553108938;-0.4311111111111111;-0.5193496497714187
Unknown;0.0024799504009919;0.6888888888888889;1.0495710995851115
Unknown;0.0022799544009119;0.6888888888888889;1.3797961847010325
Unknown;0.4899902001959961;-0.1631205673758865;-0.283921840943857
Unknown;0.2219251336898395;0.2258064516129032;0.8116373131197477
Unknown;0.0441991160176796;0.4930555555555556;0.8675791100695747
Unknown;0.0664386712265754;0.2678571428571428;0.7833383372384263
Medium;0.8513029739405212;0.2767295597484276;0.0962698941849511
Unknown;0.0234395312093758;0.2873563218390804;0.8301042405450892
Unknown;0.3859122817543649;0.1326530612244898;0.3507822618778722
Unknown;0.8056638867222655;0.4755555555555555;0.0115152819940049
Unknown;0.2652746945061098;-0.0434782608695652;-0.4806669689663815
Unknown;0.0175596488070238;0.4571428571428571;0.725655696893128
Unknown;0.3579128417431651;-0.2847222222222222;-0.4025641078822942
Low;0.0714385712285754;0.488479262672811;0.7520528582641145
Unknown;0.8341833163336734;-0.1041666666666666;0.1299050234967978
Unknown;0.3767524649507009;0.0952380952380952;0.3579275391866702
Unknown;0.0155596888062238;0.5663265306122449;0.9031758171562042
Unknown;0.5412291754164916;-0.1067193675889328;-0.1980171001136318
High;0.3978720425591488;-0.28;-0.4053698508298945
Unknown;0.9471410571788564;0.2340425531914893;0.0158583333946233
Control;0.2068758624827503;0.4656084656084656;0.5088405218666594
Unknown;0.6082678346433071;0.1063829787234042;0.2271070495569897
Medium;0.243395132097358;0.3641975308641975;0.4265506873125166
Unknown;0.0849583008339833;0.4021164021164021;0.6933848726094957
Unknown;0.4363636363636363;0.4444444444444444;0.7947151337392395
Low;0.633747325053499;-0.2311688311688311;-0.0135740634966934
Unknown;0.2054358912821743;0.3333333333333333;0.4004809402603713
Low;0.3835123297534049;0.5204081632653061;0.3545821300209362
Unknown;0.4032719345613088;0.1699346405228758;-0.3739425337011455
Unknown;0.1361572768544629;-0.4423076923076923;-0.6941860243791967
Unknown;0.0463590728185436;0.4420289855072464;0.8153224596731992
Unknown;0.0237595248095038;0.6099290780141844;0.7488060492020436
Unknown;0.1583968320633587;-0.1702127659574468;-0.6412352067465882
Unknown;0.1531569368612627;-0.0579710144927536;-0.9708180701655964
Unknown;0.1345573088538229;0.44;0.5410873965440222
Control;0.1609167816643667;0.4259259259259259;0.5999853290664319
Unknown;0.0616387672246555;0.4488888888888889;0.798962603151142
Unknown;0.0014399712005759;0.5807692307692308;1.3789571355255243
Unknown;0.0064398712025759;0.6333333333333333;1.026039068549105
Control;0.0961580768384632;0.2898550724637681;0.755213396450451
Unknown;0.4017519649607008;0.238095238095238;0.2763930349683105
Unknown;0.1449571008579828;0.2888888888888888;0.6378120043210923
Medium;0.0001999960000799;0.8301886792452831;1.3938510872751808
Unknown;0.6616667666646667;0.1045751633986928;0.216063557203673
Low;0.0353992920141597;0.443001443001443;0.7163397756950676
Unknown;0.0007199856002879;0.7638888888888888;1.383120971897393
Control;0.251154976900462;-0.25;-0.5051347017616103
Unknown;0.117117657646847;-0.3283333333333333;-0.5096259157622963
Unknown;0.8915821683566328;0.0638297872340425;0.1080353766187836
Unknown;0.504989900201996;0.019047619047619;0.2918346184648654
Medium;0.868022639547209;-0.0592592592592592;-0.0390549434038014
High;0.866302673946521;0.0211640211640211;0.1260197034414056
Unknown;0.0069198616027679;0.7638888888888888;0.9183281720947156
Control;7.999840003199936e-05;0.7807692307692308;1.4435304195457583
Unknown;7.999840003199936e-05;0.8086734693877551;2.313305098887762
Unknown;0.0456390872182556;0.4236453201970443;0.5794636270520053
Unknown;0.7168656626867462;-0.0909090909090909;-0.1553534139050213
Unknown;0.0734385312293754;0.3972602739726027;0.6035969717110276
Unknown;0.0385592288154236;0.3580246913580246;0.958185687863998
Unknown;0.8036639267214656;-0.0859375;0.0796824054501552
High;0.0388392232155356;-0.4382716049382716;-1.1088280889877071
Medium;0.2347553048939021;0.392156862745098;0.5206473578229893
Unknown;0.3634327313453731;0.3244444444444444;0.4453699746672189
Unknown;0.3769924601507969;0.1555555555555555;0.4182605215951732
Unknown;0.0634787304253915;0.4965986394557823;0.8731396949950618
Unknown;0.0323993520129597;0.6190476190476191;0.8316390353023249
Unknown;0.2673946521069578;0.3333333333333333;0.4846135355924123
Unknown;0.0535989280214395;0.4807692307692308;0.795382157360631
Unknown;0.4510709785804284;0.0802469135802469;-0.3153433105565957
High;0.0167196656066878;0.7866666666666666;0.7284720661114661
Unknown;0.1943561128777424;-0.18;-0.5907552277797702
Unknown;0.4727905441891162;-0.1843971631205673;-0.3028346876510078
Unknown;0.0013599728005439;-0.5822222222222222;-2.04025200123315
Unknown;0.8507429851402972;0.1886792452830188;-0.0510666909795255
Unknown;0.0125197496050079;-0.4540816326530612;-1.1800841890669582
Unknown;0.0702785944281114;0.3191489361702128;0.7814294050496323
Unknown;0.4497910041799164;0.1481481481481481;0.3419407647898161
Unknown;0.1320773584528309;-0.3333333333333333;-0.704582787469758
Control;0.0028399432011359;0.7818181818181819;1.0639509910691658
Unknown;0.0022399552008959;0.6589861751152074;1.0045190302627736
Unknown;0.881862362752745;0.2040816326530612;0.1495870072759819
Unknown;0.6816263674726506;-0.0148148148148148;0.2123642309622444
Unknown;0.0055198896022079;0.6594202898550725;1.103908227903457
Unknown;0.9518609627807444;0.0942028985507246;0.0150868853030116
Unknown;0.3367252543940796;0.2;0.69875777807858
Control;0.364472710545789;-0.2536231884057971;-0.3988590097703161
Low;0.0009599808003839;0.6296296296296297;1.2251872466252811
Unknown;0.0011199776004479;0.7971014492753623;1.9548026790478013
Medium;0.0541189176216475;-0.4088050314465409;-1.1161090443701844
Unknown;0.7513449731005379;-0.0910374029640084;0.1319116698558002
Unknown;0.365832683346333;0.3220338983050847;0.367328280545142
Unknown;0.5285094298114038;-0.1041666666666666;-0.2206592023936462
Unknown;0.2554348913021739;-0.4708994708994709;-0.4927153473262207
Unknown;0.1862362752744945;-0.3945578231292517;-0.6037792198183438
Unknown;0.5904681906361873;-0.04;0.259241560379929
Unknown;0.5233495330093398;0.1830065359477124;0.2931251493068899
Unknown;0.3140337193256134;0.3171912832929782;0.4002035744969433
Unknown;0.0156396872062558;0.5714285714285714;0.8998572936246952
Unknown;0.9225415491690168;-0.1871921182266009;0.0521529819875823
Unknown;0.4385512289754205;0.2482269503546099;0.3381289688708725
Unknown;0.0006399872002559;0.7694235588972431;1.5578288533742526
Unknown;0.6524669506609868;0.2312925170068027;-0.1636168808163522
Unknown;0.512869742605148;0.4539007092198581;0.3341818688907175
Unknown;0.0753984920301594;0.4057971014492754;0.7883024928695689
Unknown;0.0035999280014399;0.674074074074074;0.9635244200658594
Unknown;0.8269034619307614;0.0962962962962963;0.0752099216913512
Unknown;0.9326213475730484;-0.0666666666666666;-0.0190633480962504
Unknown;0.0883982320353592;-0.5911330049261084;-0.8296631661087138
Unknown;0.0022799544009119;0.7482993197278912;1.239671231595364
Unknown;0.2156756864862702;0.2898550724637681;0.44730824023106
Unknown;0.7987040259194816;0.0044444444444444;0.1736134548526018
Unknown;0.2732745345093098;0.217391304347826;0.4804365180556196
Unknown;0.0059198816023679;0.7013888888888888;1.1340477581559008
Unknown;0.2161556768864622;0.365079365079365;0.4184858510173421
Unknown;0.4597108057838843;-0.1275510204081632;0.2734303120485893
Low;0.0114397712045759;0.5886524822695035;1.1069096751608865
Medium;0.9180616387672248;-0.0847457627118644;0.0534324372059537
Control;0.1617567648647027;0.0071428571428571;-0.702985377900701
Unknown;0.0082798344033119;0.6014492753623188;1.1153816530345335
Unknown;0.0165996680066398;0.3244444444444444;1.1126411365091715
Unknown;0.1768364632707345;0.353099730458221;0.5269582860200056
Unknown;0.508189836203276;-0.0765306122448979;-0.245731013152047
Unknown;0.0255194896102077;0.3103448275862069;1.0386316257697774
Unknown;0.8987420251594969;0.4847775175644028;0.0179093188293583
Unknown;0.8229835403291934;-0.1666666666666666;-0.0782846177320747
Unknown;0.0922381552368952;0.4666666666666667;0.7414157407722622
Unknown;0.0097598048039039;0.5714285714285714;1.1920323862938176
Unknown;0.873302533949321;-0.119047619047619;-0.0614004447101305
Unknown;0.6081078378432432;-0.112781954887218;-0.2156261245902462
Unknown;0.5311893762124758;-0.4444444444444444;-0.2467675932130248
Unknown;0.9097818043639128;-0.072463768115942;0.1134448450503365
Control;0.0106797864042719;-0.625;-1.2467833573794584
Unknown;0.4365912681746365;0.12;0.3839300760974362
Unknown;0.5808683826323473;0.1231884057971014;0.2482344272301917
Unknown;0.3047939041219175;-0.2908163265306122;-0.4174378780917477
Unknown;3.999920001599968e-05;0.9140625;1.1696171470950318
Unknown;0.0325193496130077;0.5079365079365079;0.82892287116247
Unknown;0.3822723545529089;-0.3055555555555556;-0.375450290842745
Unknown;0.1311573768524629;0.3703703703703703;0.6543858308433778
Low;0.0005999880002399;0.8888888888888888;1.2539780894309862
Unknown;0.5439891202175956;0.5168831168831168;-0.140691538382758
Medium;0.1438371232575348;-0.2733333333333333;-0.6841830137095317
Low;0.121437571248575;-0.5189542483660131;-0.568935124125011
Unknown;0.0125197496050079;0.675;0.9359698822838232
Unknown;0.0698786024279514;0.4652777777777778;0.7100301241343787
Unknown;0.0229995400091998;0.5534591194968553;0.7946889893368814
High;0.0023999520009599;0.7254901960784313;1.058966169509153
Unknown;0.9701805963880722;-0.0666666666666666;0.0696464248078419
Medium;0.99670006599868;-0.0217391304347826;-0.0039084946798805
Medium;0.0064798704025919;0.7124183006535948;1.1733378463583168
Unknown;0.0031199376012479;0.7;0.9931765205632432
Unknown;0.0053198936021279;0.5318181818181819;0.791729897456146
Unknown;0.2833543329133417;0.1861111111111111;0.3802771027254643
High;0.2058758824823503;0.0444444444444444;-0.6227094047536742
Control;3.999920001599968e-05;0.7282717282717283;1.5404388441184182
Unknown;0.3235535289294214;-0.3623188405797101;-0.4219127547758703
Unknown;0.244515109697806;0.4;0.4678719382544051
Unknown;0.0132797344053118;0.5462184873949579;0.8167206012578911
Unknown;3.999920001599968e-05;0.8428184281842819;1.235151267827348
Unknown;0.8357432851342973;-0.1088435374149659;-0.0879557561188711
Low;0.3175936481270374;-0.0866666666666666;-0.4850867738932559
Unknown;0.1304373912521749;-0.4113475177304964;-0.7326324896049996
Unknown;0.5367092658146837;-0.2088888888888889;-0.2913309688047542
Unknown;0.1232323232323232;0.7209302325581395;0.9371932404395512
Unknown;0.498990020199596;-0.44;-0.3060653418282917
Unknown;0.1265174696506069;0.4052287581699346;0.5814260188159394
Unknown;0.7331453370932581;-0.1428571428571428;-0.0947561184297235
Medium;0.75342493150137;0.0423280423280423;-0.0982943155532153
Unknown;0.0157196856062878;0.6333333333333333;1.0368952859816052
Unknown;0.2803543929121417;0.3777777777777777;0.4633891933138014
Unknown;0.3883522329553409;0.2101449275362318;0.3840707938862576
Low;0.0008399832003359;0.6632231404958677;0.9543195442351204
Unknown;0.0052398952020959;0.5932203389830508;1.2211586678655189
Unknown;0.878582428351433;0.08;0.0804470706792295
Unknown;0.9194616107677848;0.3422222222222222;0.0871012078111667
Unknown;0.7709045819083619;-0.0935960591133004;-0.1081499390881634
Unknown;0.638427231455371;-0.4755555555555555;-0.1275111261892076
Unknown;0.7071058578828423;-0.1141552511415525;-0.0788820141361595
Unknown;0.8616627667446651;-0.1466666666666666;-0.070453482119386
Unknown;0.0002799944001119;0.8260869565217391;1.0079713488054285
Unknown;0.0527589448211035;0.2463768115942029;0.8835736973493594
Medium;0.0023599528009439;0.6281179138321995;1.1039295692474047
Unknown;0.0067998640027199;0.673469387755102;1.2939689219452304
Unknown;0.5584288314233715;0.0866666666666666;0.2876847282982412
Unknown;0.5840283194336113;0.0709219858156028;0.2809038776348914
Unknown;3.999920001599968e-05;0.837037037037037;2.0899388561054253
Unknown;0.0781584368312633;0.3673469387755102;0.8134147216782436
Unknown;0.1823963520729585;0.2654320987654321;0.5753296223749038
Unknown;3.999920001599968e-05;0.927536231884058;2.352133111286538
Unknown;0.4505909881802364;-0.1304347826086956;-0.3110011693265175
Unknown;0.0001599968000639;0.717948717948718;1.8382873611806831
Unknown;0.248715025699486;0.220125786163522;0.4945163823566115
Control;0.367032659346813;0.4285714285714285;-0.3539549871752845
Low;0.1350372992540149;-0.2623456790123457;-0.5278517392777939
Unknown;0.1123177536449271;0.3660130718954248;0.6772821135670818
Unknown;0.1680366392672146;0.2743055555555556;0.5146553057314794
Unknown;0.0015999680006399;0.6721311475409836;0.8698758284074043
Unknown;0.1591168176636467;-0.3777777777777777;-0.5076408256506215
High;0.1611167776644467;0.3235294117647059;0.5075542501643749
Low;0.0204395912081758;0.4533333333333333;1.1070312559469773
Unknown;0.0189196216075678;0.5307692307692308;0.935169027414099
Unknown;0.0819983600327993;-0.1725352112676056;-0.7245921228786952
Unknown;0.2052358952820943;0.1330049261083744;-0.5480691832554662
Unknown;0.0001199976000479;0.8910256410256411;1.3884023193969717
Unknown;0.0007999840003199;0.7555555555555555;1.0217869345875314
Unknown;0.124877502449951;-0.2266666666666666;-0.9331540734250712
Unknown;0.0143997120057598;0.5961538461538461;0.8519777043567851
Unknown;0.3057538849223015;-0.3617021276595745;-0.4483519438006981
Unknown;0.505909881802364;-0.2866666666666667;-0.2882706827030969
Control;0.8453830923381532;-0.0133333333333333;-0.0928237435195002
Control;0.1925561488770224;-0.5706214689265536;-0.4801986788723695
Unknown;3.999920001599968e-05;0.8108356290174472;1.5891756841328684
Low;0.0060398792024159;-0.5340909090909091;-0.9473746837427832
Low;0.0049199016019679;0.6258503401360545;0.7919222165676689
Unknown;0.0210795784084318;0.4691358024691358;1.0120291963846348
Unknown;0.49935001299974;-0.2888888888888888;-0.1219342804924278
Unknown;0.1807563848723025;0.3851851851851852;0.52470986851176
Unknown;0.74742505149897;-0.1666666666666666;-0.1003194531690717
Unknown;0.0006399872002559;0.7402597402597403;1.348041478703191
Unknown;0.5659086818263634;-0.1658856607310215;-0.1689103854799054
Unknown;0.5455490890182196;-0.1733333333333333;-0.109760671027913
Unknown;0.0027599448011039;0.8044444444444444;1.0510086744740934
Unknown;0.6537869242615147;0.2266666666666666;-0.1560198916394599
Unknown;0.9409011819763604;0.1058823529411764;0.0009561881606682
Unknown;0.4609107817843643;-0.1022222222222222;-0.3309778996607554
Unknown;0.3275934481310373;0.1796875;0.3686899864041556
Medium;0.1802763944721105;0.3407407407407407;0.4791998129263639
Unknown;0.376512469750605;0.216589861751152;0.3563096882533604
Unknown;0.1908361832763344;0.26;0.5326798190591868
Unknown;3.999920001599968e-05;0.7988571428571428;1.5710346230955257
High;0.9425811483770324;0.0121065375302663;-0.0321420597619935
Medium;0.3512729745405092;-0.270440251572327;-0.3378629753243117
Unknown;0.617707645847083;0.0264550264550264;0.206742204017186
Unknown;0.0020799584008319;0.7777777777777778;1.5975174288338383
Low;0.867902641947161;0.073076923076923;-0.0255435265632587
Unknown;0.0131197376052478;0.6296296296296297;0.7311436365374713
Unknown;0.6479470410591788;-0.0933333333333333;0.273657248118601
Unknown;0.7309453810923782;-0.0666666666666666;-0.1532433460918745
Low;0.0223995520089598;-0.4930555555555556;-1.176269008386846
Unknown;0.0017999640007199;0.6430976430976431;0.7639115782097184
Unknown;0.2795544089118217;0.2727272727272727;0.3459360620033132
Unknown;0.4464710705785884;0.2592592592592592;0.2734828337814036
Unknown;0.2202755944881102;0.310657596371882;0.497745988235425
Unknown;0.0665986680266394;0.532051282051282;0.7838430701278637
Control;0.3075938481230375;0.2133333333333333;0.4501655265984832
Medium;0.0299194016119677;0.5733333333333334;0.8583319190467189
Unknown;0.4066718665626687;0.0076923076923076;-0.3135850592117555
Control;0.3321533569328613;0.262002743484225;0.345724465485867
Unknown;0.5961880762384753;-0.1632653061224489;-0.2244300724855721
Unknown;0.114317713645727;0.3428571428571428;0.6249148637601609
Unknown;0.4855902881942361;-0.1020408163265306;0.3226720724759037
Unknown;0.2349153016939661;-0.2417582417582417;-0.3455633732250295
Unknown;0.7764244715105698;-0.1911111111111111;-0.085716420457947
Control;0.0159596808063838;0.6462585034013606;1.0659802114705534
Unknown;0.5584288314233715;0.0733333333333333;-0.2183472850841813
Unknown;0.0255594888102237;0.5576036866359447;0.9639476070718368
Unknown;0.8255434891302174;0.1111111111111111;-0.0548882117347794
Unknown;0.0468790624187516;0.4204545454545454;0.7092122354975094
Unknown;0.2738745225095498;0.2731829573934837;0.4273362635178366
Medium;0.2867942641147177;0.1970443349753694;-0.3940994269944954
Unknown;0.8875822483550329;-0.1041666666666666;-0.0352531851026809
Unknown;0.874022519549609;0.0;-0.0348454171307715
Unknown;0.0432391352172956;0.4539007092198581;0.657273221805243
Unknown;0.0684786304273914;0.4444444444444444;0.7683921415127837
Unknown;0.1298774024519509;-0.3541666666666667;-0.7013348109356587
Unknown;0.5259494810103797;0.2340425531914893;0.2827512982070148
Unknown;0.5150696986060279;0.1346938775510204;0.3078508213937359
Unknown;0.0597588048239035;-0.7551020408163265;-0.8706795067737331
Unknown;0.1854762904741905;0.3066666666666666;0.5132204157167863
Control;0.0020399592008159;0.7169811320754716;0.7039993884284559
Unknown;0.0005999880002399;0.7304964539007093;1.6216300816842395
Unknown;7.999840003199936e-05;0.6577777777777778;1.0765208385235043
Unknown;0.365792684146317;-0.2553191489361702;-0.3976893206366316
Control;0.0368392632147357;0.5986394557823129;0.7404437899987512
Unknown;0.6070921985815603;0.1212121212121212;-0.266511655973648
Unknown;0.0002399952000959;0.6809116809116809;1.1209855224121426
High;0.2987140257194856;0.1703703703703703;0.4029960563076616
Control;0.0260794784104317;-0.7944862155388471;-1.1566900584055266
High;0.1457170856582868;-0.0626780626780626;-0.683358105765321
Unknown;0.9227415451690966;0.2898550724637681;-0.0126882778581376
Low;0.7250254994900102;-0.0377358490566037;-0.1143375950187813
Unknown;0.9513009739805204;0.0652173913043478;0.0612767032346334
Unknown;0.4340313193736125;0.1159420289855072;0.3318015442670152
Unknown;0.0017199656006879;-0.673469387755102;-1.1414318530386378
Unknown;0.0023199536009279;0.6474358974358975;1.0056627939461689
Low;0.8857822843543129;0.0960187353629976;0.0919878751295095
Unknown;0.7190656186876262;0.0797101449275362;0.1726866399901182
Unknown;0.1370772584548309;-0.1234866828087167;-0.6444060484998643
Unknown;0.4565108697826043;-0.1224489795918367;-0.310169828702854
Low;0.0001199976000479;0.7142857142857143;1.3175783130504712
Unknown;0.4820703585928281;0.0577777777777777;0.3667408254400546
Unknown;0.2040359192816143;-0.2125874125874126;-0.3640834189243713
Unknown;0.124357512849743;0.2592592592592592;0.5517437259693003
High;0.0005599888002239;0.8518518518518519;1.8699918857492213
Unknown;0.0077598448031039;0.6595744680851063;1.3066271329006338
Unknown;0.0005999880002399;0.8055555555555556;1.203555548906748
Unknown;0.6408671826563469;0.2246376811594203;0.2373363085863897
Unknown;0.6000279994400112;0.0577777777777777;0.2379816084488183
Unknown;0.0072398552028959;0.5515873015873016;0.8125251899692283
Unknown;0.3202335953280934;-0.25;-0.501125316859352
Unknown;0.0585188296234075;-0.3985507246376811;-0.8970062006926856
Control;0.5619087618247635;0.0289855072463768;0.3131070897883789
Low;0.0902781944361112;0.6388888888888888;0.8266098902429297
Unknown;0.0069998600027999;0.6111111111111112;1.1711517711171926
Medium;0.0823583528329433;0.4965986394557823;0.8110249976847818
Unknown;0.4855902881942361;-0.2066666666666666;-0.3054718822921762
Unknown;0.4647507049859002;0.0932835820895522;0.2899701208443356
Unknown;0.0084798304033919;0.6518518518518519;1.1779273112162387
Unknown;0.7213455730885382;-0.0444964871194379;-0.0477361105238656
Unknown;0.0501989960200796;0.4305555555555556;0.8897251564712972
Unknown;0.2687946241075178;0.3191489361702128;0.4888658306932128
Medium;0.0080798384032319;0.5294117647058824;1.254632281189422
Unknown;0.2835943281134377;0.3185185185185185;0.462958300951658
Unknown;3.999920001599968e-05;0.6600660066006601;0.9984515523829772
Low;0.5069898602027959;0.1972789115646258;0.2963200668629895
Unknown;0.7654246915061699;0.0311111111111111;0.1747614497825268
Unknown;0.0099998000039999;0.6013071895424836;1.0865469889036388
Unknown;0.118437631247375;0.3777777777777777;0.5214806509070792
High;0.0098398032039359;0.6466666666666666;1.200441353045366
Unknown;0.6996660066798664;-0.125;-0.1453727100915808
Unknown;0.5554688906221875;0.3715277777777778;0.2930610560547451
Unknown;0.49415011699766;-0.1666666666666666;-0.292887957522309
Unknown;0.7763444731105378;0.0888888888888888;0.1388888821346714
Unknown;3.999920001599968e-05;0.9615384615384616;1.8874947255511303
Unknown;0.0159596808063838;0.3777239709443099;0.6156779235068521
Unknown;0.0223195536089278;0.4754098360655737;0.8445109333309124
Unknown;0.2094358112837743;0.3;0.5206351614772531
Unknown;0.0028799424011519;0.63718820861678;1.0648997525540853
Unknown;0.1578368432631347;0.2941176470588235;0.5906080960530725
Unknown;0.6862262754744906;0.0507246376811594;-0.1591388733584813
Unknown;0.0162396752064958;0.5822222222222222;1.133733505168372
Unknown;0.0091598168036639;0.3662650602409638;0.7732112060196158
High;0.0151596968060638;0.5989974937343359;0.9271536685819116
Unknown;0.0033599328013439;0.4774774774774775;1.7518703499700836
Unknown;0.4225915481690366;-0.1792207792207792;-0.3160518539394377
Control;0.0299994000119997;-0.4753521126760563;-0.8737034523732274
Low;3.999920001599968e-05;0.9393939393939394;1.5278460625845265
Unknown;3.999920001599968e-05;0.9376623376623376;3.137283241482517
Unknown;0.0078798424031519;0.4507575757575757;0.7786176965370012
Unknown;0.0299194016119677;0.3971631205673759;0.91978275491325
Low;0.0481990360192796;0.4609929078014184;0.8757484948156513
Unknown;0.5729085418291634;0.0036764705882352;0.2317328792885209
Unknown;0.7408251834963301;0.0;0.1501918255970188
Medium;0.7241855162896742;0.2681704260651629;0.1445581272399446
Control;0.0134397312053758;0.6491228070175439;0.9803477675251712
Unknown;0.0023999520009599;0.7013888888888888;0.9972830721405544
Unknown;0.8177036459270814;0.2993197278911564;0.1462535460844229
Unknown;0.5936281274374513;0.3348946135831381;-0.1690782960791854
Unknown;0.0029199416011679;-0.6054421768707483;-1.7191261018787227
Unknown;0.1974360512789744;0.2243589743589743;0.5617906923705278
Unknown;0.748465030699386;-0.0266666666666666;-0.0951575961259493
Unknown;0.0186796264074718;0.6622222222222223;0.8668963911346369
Unknown;0.0055598888022239;0.6086956521739131;1.1883412264547235
Unknown;0.7690246195076098;0.0992907801418439;0.1187395132134702
Unknown;0.7279054418911621;0.1666666666666666;-0.1348504950819505
Unknown;0.2236755264894702;0.2916666666666667;0.4329771845025678
Medium;0.6479470410591788;0.0942028985507246;-0.2119213542975005
Unknown;0.3040739185216295;-0.1204819277108433;-0.3682350529492303
Unknown;0.1011979760404791;-0.4285714285714285;-0.7289884406741194
Medium;0.0017199656006879;0.6076388888888888;0.7410153174513098
Unknown;0.9608607827843444;-0.03125;0.0281104878906437
Unknown;0.0474390512189756;0.3703703703703703;0.7022830067524519
Unknown;0.1453170936581268;0.3185185185185185;0.630929271755736
High;0.6740665186696266;-0.1700680272108843;-0.153144889258686
High;0.0909981800363992;0.3856209150326797;0.6829829287298717
Unknown;0.7232255354892902;0.0306122448979591;0.1794367776932839
Unknown;0.2998340033199336;0.3270440251572327;0.4503488561212386
Unknown;0.377992440151197;0.1234866828087167;0.3603089257978865
Unknown;0.5711885762284754;0.0962962962962963;0.2594073003666956
Unknown;0.0911981760364792;-0.4489795918367347;-0.8281920842925103
High;0.0686786264274714;0.4521739130434782;0.9188882503631886
Unknown;0.886462270754585;0.0256410256410256;-0.0618008382214948
Low;0.2628347433051339;0.5022222222222222;0.5452662864347863
Unknown;0.0995180096398072;0.3394216133942161;0.5067113221613577
Unknown;0.0172796544069118;0.6074074074074074;1.0439840455579452
High;0.0279194416111677;0.4402985074626865;0.5732939226420012
Unknown;0.7786244275114498;-0.0718954248366013;-0.0652810683677996
Unknown;0.7613847723045539;0.0181818181818181;0.1128977951409202
Unknown;0.872702545949081;-0.0325814536340852;0.0802693637190527
Unknown;0.5993480130397392;-0.0185185185185185;-0.2058484190140604
Unknown;0.6138677226455471;-0.0933333333333333;0.2505021915000488
Control;0.0074798504029919;0.5185185185185185;0.8221966759506951
Unknown;0.3519129617407652;-0.2448979591836734;-0.3811866712641797
Unknown;0.0805183896322073;0.456043956043956;0.5441201198048026
Unknown;0.0001199976000479;0.782312925170068;1.2899670766067326
Unknown;0.0333593328133437;-0.3743842364532019;-1.158857306295384
Unknown;0.7799044019119618;0.1185185185185185;0.144113104482156
Unknown;0.628347433051339;0.065359477124183;0.2466530129457748
Unknown;0.3472730545389092;0.25;0.4194035393858995
Unknown;0.1609967800643987;-0.3985507246376811;-0.6298440158265254
Unknown;0.0072798544029119;0.6312056737588653;1.1382907502490205
Unknown;0.6511069778604428;0.3129251700680272;0.2258988167212191
Unknown;0.0013999720005599;0.6358024691358025;0.9378934357551166
Unknown;0.1589568208635827;0.3481481481481481;0.5163067011711014
Unknown;0.0135997280054398;0.5765765765765766;1.1375929819288544
Unknown;0.7040659186816264;-0.1466666666666666;-0.1495409484793707
Unknown;0.1891562168756624;0.3666666666666666;0.4263264805259285
Unknown;0.982420351592968;0.0303030303030303;0.0463599544111255
Unknown;0.1860762784744305;0.2695035460992908;0.5820860186187214
Unknown;0.8845423091538169;0.1377777777777777;-0.0389809124474916
Unknown;0.3378732425351493;0.28;0.3785727129142646
Low;0.0249595008099838;0.5238095238095238;0.8370367207091548
Unknown;0.4811503769924601;-0.0256410256410256;0.3230923100041412
Unknown;0.0583588328233435;-0.5339506172839507;-0.7662025596758962
Unknown;0.0498390032199356;0.5163398692810458;0.7635275776716387
Unknown;0.1851962960740785;-0.6964285714285714;-0.547984731100574
Unknown;0.1127177456450871;0.3866666666666666;0.6411621881418632
Unknown;0.0794784104317913;-0.5625;-0.941486152606922
Unknown;0.9159016819663608;-0.0592592592592592;0.0667725505551643
Control;0.0110397792044159;0.782608695652174;1.2720046200060715
Unknown;0.2921541569168616;-0.282051282051282;-0.4760909410320013
Unknown;0.368432631347373;-0.2415584415584415;-0.3779026910640579
Low;0.997060058798824;0.0921985815602836;0.0161683665789664
Unknown;0.8398632027359453;0.1466666666666666;0.0886204088787957
High;0.1531969360612787;-0.5782312925170068;-0.6685684922467494
Unknown;0.506789864202716;-0.0148148148148148;-0.2512789010765799
Control;0.0443191136177276;0.4426229508196721;0.6419609029106969
Low;0.0157596848063038;0.6;0.8480282863540805
Unknown;0.977180456390872;-0.0125786163522012;-0.0039929142734715
Control;0.0684386312273754;-0.4285714285714285;-0.7861931681012565
Control;0.0219195616087678;0.2834757834757834;0.5994034671354602
Unknown;0.868582628347433;-0.02;-0.0525670647122592
Unknown;0.0261994760104797;0.5370370370370371;0.5213107534852014
Unknown;0.120077598448031;0.3990147783251231;0.4363358071868726
Unknown;0.0271194576108477;0.5911111111111111;1.0455933837755806
Unknown;0.7335853282934341;-0.0987654320987654;0.2476004921982118
Low;0.9340213195736086;-0.0078125;-0.0275016884604982
Unknown;0.0043599128017439;0.6866666666666666;1.4114612268553328
Unknown;0.7368252634947301;0.3985507246376811;0.1972244145360124
Unknown;0.3275134497310054;-0.1956521739130435;-0.4296324741172168
Unknown;0.1812763744725105;-0.0212765957446808;-0.9556588943721448
Unknown;0.2903541929161417;0.1746031746031746;0.4310428562843838
Unknown;0.0139197216055678;0.58;1.0779853892999454
Medium;0.0011599768004639;0.419047619047619;1.1707383248117411
Control;0.0079598408031839;0.6;1.046793866119043
Unknown;0.0353992920141597;0.4792626728110599;0.8693357041570189
Control;0.508389832203356;0.0866666666666666;-0.250779383736318
Low;0.8130237395252095;0.0493506493506493;-0.1049880719677011
Unknown;0.4687906241875162;0.2222222222222222;0.3157678978954133
Unknown;0.0950380992380152;-0.3611111111111111;-0.8061383710205822
Unknown;0.0002399952000959;0.8397435897435898;1.4610625769125367
Control;3.999920001599968e-05;0.9135802469135802;1.870536572927291
Unknown;0.0173196536069278;0.5849056603773585;0.9936190145509206
Unknown;0.0014799704005919;-0.5408163265306123;-1.7217776967550134
Control;0.2307953840923181;-0.6888888888888889;-0.5983937928675933
Unknown;0.1001979960400792;0.296875;0.5775100692122604
Unknown;0.5256694866102678;0.2993197278911564;0.2803226714551029
Unknown;0.9085818283634328;0.1911111111111111;0.1702820882940065
Unknown;0.3006739865202696;0.3383458646616541;0.4198655987911051
Unknown;0.2042359152816943;0.6122448979591837;0.5386166878143934
Unknown;0.3542729145417091;-0.2091503267973856;-0.410789899106445
Unknown;0.0038399232015359;0.6950354609929078;1.2107135731739227
Unknown;0.122357552848943;-0.1788856304985337;-0.6387432183039822
Unknown;0.4654706905861883;-0.3333333333333333;-0.2992866449201204
Unknown;0.5989480210395792;0.0523809523809523;-0.1532239807815648
Unknown;0.8895822083558329;0.1887755102040816;0.0827352907161941
Control;0.3485130297394052;-0.2291666666666666;-0.4024864467936776
Unknown;0.1019179616407671;0.3955555555555555;0.6837403697864047
Unknown;0.0058798824023519;0.4208059981255858;0.9045322952910254
Unknown;0.9653806923861524;-0.0434782608695652;-0.0139852270311906
Unknown;0.0016799664006719;0.7463768115942029;1.5787293551806272
Unknown;0.379072418551629;-0.4012345679012346;-0.3800279681600445
Low;3.999920001599968e-05;0.9406307977736548;1.3609822720520943
Unknown;0.0016799664006719;0.5608247422680412;0.945327077312123
Unknown;0.9150216995660088;-0.0814814814814814;0.0017608452778704
Unknown;0.1012779744405111;0.3308823529411764;0.5878448854087621
Unknown;0.0124797504049919;0.6797385620915033;1.061466271681052
High;0.7963440731185376;-0.0952380952380952;-0.0876545309920653
Unknown;0.117917641647167;0.3819444444444444;0.5773246529472372
Unknown;0.1567168656626867;0.1347517730496454;0.6928181950336707
Unknown;0.0002799944001119;0.8444444444444444;1.586913775089305
Unknown;0.0009199816003679;0.602112676056338;1.1861408011707004
Unknown;0.8515429691406172;-0.3819444444444444;0.0999357498956241
Unknown;0.24027519449611;0.6615384615384615;0.3936881049088407
Unknown;0.0779984400311993;0.4740740740740741;0.6818662354047562
Unknown;0.0094798104037919;-0.5370370370370371;-1.2335076641590073
Unknown;0.8037439251214976;-0.0518518518518518;0.1477426047694831
Unknown;0.6560668786624267;-0.122077922077922;-0.1663881478796382
Medium;0.9170616587668248;0.0788177339901477;0.0654494341499205
Unknown;3.999920001599968e-05;0.8805970149253731;1.3077850586207396
Unknown;0.3227135457290854;-0.1978193146417445;-0.3036798539233067
Unknown;0.7278254434911302;0.2608695652173913;0.2603119124571786
Unknown;0.6915061698766025;-0.1089743589743589;-0.1417895856674136
High;0.0008799824003519;0.6902985074626866;0.9176044305161024
Low;0.5538689226215475;0.1377777777777777;0.3548462299817764
Unknown;0.7947441051178976;0.0075187969924812;-0.0695184927945203
Control;0.0825983480330393;0.5246913580246914;0.7854394987800858
Unknown;0.0691186176276474;-0.3840579710144927;-0.8382703563562108
Unknown;0.0002399952000959;0.8794326241134752;1.3760836735592823
Unknown;0.5217495650086998;0.1292517006802721;-0.260254914696043
Unknown;0.0094398112037759;0.5902777777777778;1.1080497886808405
High;0.4338713225735485;-0.1022222222222222;-0.3444468357794931
Unknown;0.8503429931401372;0.0493827160493827;0.1373151630720627
Low;0.0156396872062558;0.6137566137566137;0.97369202225781
Unknown;0.9073018539629208;0.1122448979591836;-0.0120985482908908
Unknown;0.0366392672146557;0.6;0.7418961284412736
Low;0.0019599608007839;-0.7029569892473119;-1.2377965569208649
Medium;0.4234315313693726;0.1077694235588972;0.2775008346662062
Unknown;0.0398392032159356;0.58;0.6470859412072596
Unknown;0.0792384152316953;-0.5835351089588378;-0.8110605585209008
Unknown;0.7117057658846823;0.0921052631578947;0.2316298422067945
Unknown;0.0002799944001119;-0.6099290780141844;-2.459213716110952
Low;0.1267174656506869;0.55859375;0.5206958298131418
Unknown;0.5584288314233715;0.1746031746031746;0.2768429330568241
Unknown;0.6661866762664747;-0.0658823529411764;-0.1278951574355102
Unknown;0.3914721705565889;0.22;0.3816711404007292
Unknown;0.0028399432011359;0.6592592592592592;1.2696298926364944
Control;0.2179956400871982;0.0285714285714285;-0.5259541629735879
Medium;0.0809183816323673;0.2635658914728682;0.5913186953865746
Control;0.2152756944861102;-0.5723270440251572;-0.4628377173854866
Unknown;0.0246795064098718;0.6388888888888888;0.6021390890716392
Unknown;0.2113157736845263;-0.1555555555555555;-0.6288269544642509
Unknown;0.5843083138337233;-0.1466666666666666;-0.2695555676255065
Control;0.0553188936221275;0.3984962406015037;0.8357129115288774
Unknown;3.999920001599968e-05;0.8805031446540881;2.4241383082396144
Unknown;0.0105197896042079;0.6444444444444445;1.078641643285506
Medium;0.254554908901822;-0.3605442176870748;-0.4218676358868768
Unknown;0.0049999000019999;0.5833333333333334;1.526834334411194
Unknown;0.1429571408571828;-0.1205673758865248;-0.7115035082730429
High;0.992980140397192;0.0533333333333333;-0.0413455276006379
Unknown;0.6520269594608108;-0.2698412698412698;-0.1029545042836823
Unknown;0.3826723465530689;-0.1269841269841269;-0.4868040974627591
Unknown;0.9244615107697846;-0.0617283950617283;0.0711396444392668
High;0.0269594608107837;0.5380116959064327;0.914144154331841
Unknown;0.986020279594408;0.0066666666666666;-0.0093921560502129
Unknown;0.3212735745285094;0.1443661971830986;0.3711059881915287
Unknown;0.6061878762424752;0.0129870129870129;-0.1815770519381608
Medium;0.5524289514209716;0.068235294117647;0.1872200819141962
Unknown;0.8262634747305054;0.0576441102756892;0.0929319199850504
Unknown;0.2276354472910541;0.0;-0.5489476381002535
Unknown;0.8321433571328574;0.2925170068027211;-0.0568080956625495
High;0.0003599928001439;0.7092731829573935;1.2717712667281764
Unknown;0.0371992560148797;0.4335839598997493;0.6645001268670088
Unknown;0.2763944721105578;0.1799687010954616;0.3892991383456592
Unknown;3.999920001599968e-05;0.8178571428571428;1.549541078522815
Unknown;0.0003199936001279;0.6825396825396826;0.9919956850072376
Unknown;0.0049199016019679;0.5986394557823129;1.4405773660601973
Unknown;0.3169536609267814;0.0952380952380952;-0.4402689769848097
High;0.750744985100298;0.2592592592592592;0.158250368815476
Unknown;3.999920001599968e-05;0.7415730337078652;1.1414707390552008
Unknown;3.999920001599968e-05;0.9111111111111112;1.597409338451622
Low;0.0021599568008639;0.6714285714285714;0.9301005232636688
Unknown;0.246755064898702;0.2779220779220779;0.4646666278403352
Medium;0.0708385832283354;0.2235294117647059;0.6036778254986938
Control;0.1854362912741745;0.3076923076923077;0.4687278200877069
Low;0.1478370432591348;0.3333333333333333;0.701767313381597
Unknown;0.8426631467370652;0.0347222222222222;0.0158273031817411
Unknown;0.0011999760004799;0.58004158004158;0.9152581305410163
Unknown;0.2255954880902382;0.2847222222222222;0.5102423997119049
Unknown;0.3221935561288774;-0.141025641025641;-0.4324219929013179
Control;0.1122377552448951;0.6944444444444444;0.7714245251655076
Unknown;0.0018799624007519;0.7753623188405797;1.223811784676731
Unknown;0.9515409691806164;-0.1185185185185185;-0.0132490180167249
Unknown;0.2062358752824943;0.3471264367816092;0.4026810468913838
Unknown;0.8564628707425852;-0.0869565217391304;-0.0667789640821059
Control;0.9690206195876082;0.2026143790849673;0.120512382848629
Unknown;0.0015599688006239;0.6816816816816816;0.8552575456095173
Unknown;0.7633447331053379;0.1813953488372093;0.1652329106225532
Low;3.999920001599968e-05;0.9874213836477987;2.182308813093245
Control;0.1719165616687666;-0.4379391100702576;-0.5790718024175939
Unknown;0.1739565208695826;-0.3866666666666666;-0.6196999555830615
Unknown;0.0074398512029759;-0.528169014084507;-0.9805869985153264
Medium;0.0664786704265914;-0.4894366197183099;-0.6835470776682575
Medium;0.0847983040339193;-0.5733333333333334;-0.9235562558103568
Unknown;0.1533569328613427;0.2207792207792207;0.3977976991341464
Unknown;0.0664386712265754;0.391053391053391;0.6198497522188716
Unknown;0.0038799224015519;0.6739130434782609;1.0619102054807237
Unknown;0.622747545049099;-0.1736111111111111;-0.2045048936409929
Unknown;0.1561568768624627;0.0888888888888888;0.4368374357051852
Unknown;0.9340213195736086;0.0555555555555555;0.167752857008971
Unknown;0.0015599688006239;0.7013888888888888;1.3804296927630342
Unknown;0.0007599848003039;0.6521739130434783;1.0433174574863855
Unknown;0.7603847923041539;0.1612903225806451;0.1349117432129685
Low;0.0452390952180956;0.4375;0.9440999535603763
Unknown;0.1898762024759504;0.3617021276595745;0.4917957398204617
Control;0.4841503169936601;0.16;0.3136900318940769
Unknown;0.8699026019479611;-0.1;-0.0171669314604275
High;0.6651066978660427;0.3805970149253731;0.1880934495963467
Unknown;0.7066258674826503;0.2993197278911564;-0.1089522804717553
Unknown;0.9721405571888562;-0.0634920634920634;0.0408536306236126
Unknown;0.0263594728105437;0.4;0.7603998408869246
Unknown;0.0934781304373912;0.4652777777777778;0.670330555622609
Unknown;0.3622327553448931;0.562962962962963;0.3949505497248862
Unknown;0.1972360552788944;0.1975308641975308;0.5391903436514414
Unknown;0.0053598928021439;0.5333333333333333;0.7821060012627213
Unknown;0.0078398432031359;0.6326530612244898;1.077231922031989
Unknown;7.999840003199936e-05;0.934640522875817;1.6014179692832862
Unknown;0.4645907081858363;0.1503267973856209;0.3127625998289237
Unknown;0.0991580168396632;-0.1282051282051282;-0.8716686532980662
Unknown;0.0178796424071518;0.532051282051282;0.9308228496180532
Unknown;0.0005199896002079;-0.7687074829931972;-2.1036079792136517
Unknown;0.0971180576388472;-0.1972789115646258;-0.8714167376099968
Unknown;0.0081198376032479;0.5961538461538461;1.1550757105706038
Unknown;0.0164796704065918;-0.6099290780141844;-1.3598014852603126
Low;0.8560628787424251;-0.1205673758865248;-0.0741481609111469
Unknown;0.0174796504069918;0.5763888888888888;0.7400304796279132
Unknown;0.6129077418451631;0.2222222222222222;-0.1472163079463111
Unknown;0.0407591848163036;0.5333333333333333;0.816832319125754
Unknown;0.3357932841343173;0.1822222222222222;0.4597818478293183
Unknown;0.0196796064078718;-0.4881422924901186;-0.8313480410537902
Control;0.0597188056238875;0.3662337662337662;0.785814347184214
Unknown;0.0703585928281434;0.4108527131782946;0.7461540000874126
Unknown;0.372992540149197;0.1573849878934624;0.3589726798267065
Unknown;0.1357172856542869;0.270440251572327;0.6694323605796593
Unknown;0.3601127977440451;-0.3836477987421384;-0.3995394195175134
Unknown;0.6942261154776904;-0.1933333333333333;-0.1284397182850709
Control;0.0435991280174396;0.4180327868852459;0.7551117942949445
Unknown;0.2736345273094538;0.3472222222222222;0.4863778042164821
Unknown;0.0003999920001599;0.7142857142857143;0.9568068423585432
Unknown;0.3285534289314213;0.1773399014778325;0.3987059633208937
Unknown;0.0735185296294074;-0.3836477987421384;-0.8693150619561263
Low;0.0218395632087358;-0.4444444444444444;-1.0189526696386135
High;3.999920001599968e-05;0.8170289855072463;1.307354679754386
Unknown;0.505429891402172;0.0952380952380952;0.2642465402475534
Unknown;0.0056798864022719;-0.3197278911564626;-1.6196028261295785
Unknown;0.0180396392072158;0.4652777777777778;1.1841636065266117
Control;0.1064778704425911;-0.1318681318681318;-0.8278715184413133
Unknown;0.1671166576668466;-0.4385964912280701;-0.5492121186826793
Unknown;0.1327973440531189;0.4097222222222222;0.6092689425229603
Unknown;0.0275194496110077;-0.4489795918367347;-1.1428760591098135
Unknown;0.0007199856002879;0.6120789779326364;0.7844770961190897
Unknown;0.0202795944081118;0.3956916099773243;0.5950545124245719
Unknown;0.1060778784424311;0.4431818181818182;0.6230818943153419
Control;0.3881122377552449;0.3614457831325301;0.3097333373160426
Control;0.0031599368012639;-0.5384615384615384;-1.018178814849792
Unknown;0.0365992680146397;-0.5622119815668203;-1.033179216869692
Unknown;0.1474370512589748;0.4755555555555555;0.6369341119672823
Unknown;0.0067998640027199;0.4935064935064935;0.7251515786289614
Unknown;0.2957540849183016;0.2518518518518518;0.4298791351665282
Unknown;0.0736385272294554;0.3454545454545454;0.69743723726468
Low;0.0015599688006239;0.738562091503268;1.3521162788138583
Low;0.0064798704025919;0.6143790849673203;1.0455631530160014
Unknown;0.8994220115597688;-0.0136054421768707;0.0728484907022505
Low;3.999920001599968e-05;0.77734375;1.5563421067686014
Unknown;0.0115997680046399;0.5767195767195767;0.9361029117618216
Unknown;0.0364392712145757;0.4893617021276595;0.7168186359471591
Unknown;0.2341553168936621;-0.2733333333333333;-0.5313416278317279
Unknown;0.1607567848643027;0.3955555555555555;0.6574856496354701
Unknown;0.618067638647227;0.2536764705882353;0.2175532028791533
Unknown;0.3148737025259495;0.2518518518518518;0.4412043230469184
Low;0.5734685306293874;-0.117037037037037;-0.1999944576776456
Unknown;0.9184616307673846;-0.0903703703703703;0.0526776465277796
Unknown;0.0340393192136157;-0.463768115942029;-0.9849553141313436
Low;0.0094398112037759;0.6533333333333333;0.7611378582637915
Unknown;0.7543049139017219;0.2177777777777777;-0.0934526596551486
Control;0.9272614547709046;0.0804878048780487;-0.0167926823946234
Unknown;0.0117597648047039;0.6099290780141844;1.020018803597413
Low;0.0577588448231035;0.4818401937046004;0.6886032426091224
Unknown;0.1336773264534709;0.4044444444444444;0.619440026416505
Unknown;0.7699446011079778;0.0652173913043478;0.1424738798889582
Unknown;0.0733585328293434;0.4755555555555555;0.8661577606303924
Unknown;0.998780024399512;-0.0967741935483871;0.014043693376735
Unknown;0.0033999320013599;0.7028985507246377;1.2574985374080825
Unknown;0.1364372712545749;-0.4;-0.6727486186804297
Unknown;0.0230395392092158;-0.4888888888888889;-1.034859611899825
Unknown;0.0559188816223675;0.4285714285714285;0.7692509882820872
Control;0.2658346833063338;-0.1503267973856209;-0.505673248969347
Unknown;0.0191596168076638;0.6319444444444444;0.8775638222368655
Unknown;0.2763144737105258;0.32;0.3810534714808814
Unknown;0.2803143937121257;-0.4976958525345622;-0.4381328696575285
Unknown;0.0821183576328473;0.4179894179894179;0.6804247124852233
Unknown;0.9545409091818164;-0.0222222222222222;0.0443474719791003
Unknown;0.120317593648127;0.463768115942029;0.5912461346942248
Medium;0.7286254274914502;0.0;0.1782225498898777
Unknown;0.0294394112117757;0.4025157232704403;0.7298298752300619
Unknown;0.7956240875182496;-0.1666666666666666;-0.0617551434629921
Unknown;0.0079598408031839;0.6296296296296297;1.1823079523130966
Unknown;0.0146397072058558;-0.5869565217391305;-1.2763722850358423
Unknown;0.5533089338213236;-0.146694214876033;-0.1836873028121212
Medium;0.368472630547389;0.2888888888888888;0.4320912534171233
Unknown;0.0981180376392472;0.3819444444444444;0.6448457032721071
Control;0.493190136197276;0.0354609929078014;-0.3085368869871956
Unknown;0.0220395592088158;-0.5961538461538461;-1.005228573051267
Unknown;0.1680366392672146;-0.3115942028985507;-0.6206854104489241
High;0.1392372152556948;-0.072463768115942;-0.8330303319062123
Medium;0.0102797944041119;0.6066666666666667;0.8628265426802528
Unknown;0.1012379752404951;0.1699346405228758;0.6738084815348122
Unknown;0.1123177536449271;-0.5032679738562091;-0.7335043480683999
High;0.0119197616047679;-0.108695652173913;-1.5843502119824928
Unknown;0.0072798544029119;0.5897435897435898;0.8088217504727797
Unknown;0.1749965000699986;0.5531914893617021;0.5612983240891268
Unknown;0.0157596848063038;0.5510204081632653;0.7795478099873583
Unknown;0.0443191136177276;0.4444444444444444;0.9467420249634444
Unknown;0.2380752384952301;0.2424242424242424;0.4400212620287775
Unknown;0.5777484450310993;-0.2013888888888889;-0.2321719825204543
Unknown;0.0031599368012639;0.6311688311688312;1.2132798578734345
Unknown;0.4837103257934841;-0.1325757575757575;-0.2194887925924041
Unknown;0.0774784504309913;-0.3456221198156682;-0.7667511259851282
Unknown;0.877062458750825;0.5388471177944862;0.1099987956865674
Unknown;0.0400391992160156;0.475177304964539;0.8759879235183617
Control;0.0222795544089118;-0.375886524822695;-1.0712341911216376
Unknown;0.1663566728665426;0.24609375;0.4866089769624783
Unknown;0.8525029499410012;-0.1683673469387755;-0.0773252996602903
Unknown;0.0447191056178876;0.6014492753623188;0.9553692800736304
Unknown;0.0003999920001599;0.8577777777777778;1.3824018611250206
Unknown;0.0002799944001119;0.7310606060606061;1.282373235820849
Unknown;0.4309913801723966;-0.2826086956521739;-0.3376353377654449
Unknown;0.0489590208195836;0.5072463768115942;0.7281613618865038
Medium;0.0261594768104637;-0.4839302112029385;-0.7048882004191497
Unknown;0.3972320553588928;0.1328320802005012;0.3462210401586111
Unknown;0.0011199776004479;0.5950704225352113;0.9644756587908369
Unknown;0.9065418691626168;-0.144927536231884;0.119795326161237
Low;3.999920001599968e-05;0.9925925925925926;2.368220555888025
Unknown;0.0005999880002399;0.6410256410256411;1.2516189551398047
Medium;0.1801563968720625;0.2742857142857143;0.455469878870532
Unknown;0.9120617587648246;0.0904761904761904;0.0869019078216396
Unknown;0.2979940401191976;0.2452830188679245;0.3467289299413392
Unknown;0.0050798984020319;0.5862068965517241;0.7018046694081067
Unknown;0.6958660826783465;0.0;0.1476278955305506
Unknown;0.0135597288054238;0.5130434782608696;1.18916273623198
Control;0.7417051658966821;-0.034090909090909;-0.1145554916006728
Control;0.6450670986580268;0.2074074074074074;0.2496717569946964
Unknown;0.0406791864162716;-0.4248366013071895;-0.9486256537029184
Unknown;0.7689046219075618;0.0136054421768707;-0.0497146563020319
Unknown;0.4447111057778844;-0.2530864197530864;-0.3197034773575687
Unknown;0.990380192396152;-0.0476190476190476;0.0486355251719012
Unknown;0.7621047579048419;-0.24;-0.1200200869276
Unknown;0.0051998960020799;-0.7012987012987013;-1.3382079378497491
Medium;0.0245195096098078;0.5288888888888889;0.7951231199137314
Unknown;0.3643127137457251;0.1428571428571428;0.3702132578701478
Control;0.6914261714765705;-0.0333333333333333;-0.0587952458328609
Unknown;0.9354612907741844;-0.0377358490566037;0.0667305919535746
Medium;0.8182636347273055;0.2928571428571428;0.0775309770415924
Unknown;0.6830263394732106;-0.1292517006802721;-0.1073307075477557
Unknown;0.9188216235675286;-0.0123456790123456;0.0623828976713701
Low;3.999920001599968e-05;0.6267558528428093;1.7544673511841071
Unknown;3.999920001599968e-05;0.9166666666666666;1.2853971910597624
Medium;0.0311193776124477;0.437037037037037;0.7265244556992916
Unknown;0.1347173056538869;0.4841269841269841;0.5417108401445739
Unknown;3.999920001599968e-05;0.8822222222222222;1.6632117379732192
Unknown;0.0030799384012319;0.4527802294792586;0.9703558522110136
Unknown;0.0419591608167836;0.4838187702265372;0.5584905080302996
Control;0.0374792504149917;-0.3333333333333333;-1.3263756070913184
Unknown;0.0100397992040159;-0.8311111111111111;-1.217515431539155
Unknown;0.0121597568048639;0.7023255813953488;1.0278170724287852
Unknown;0.0575188496230075;-0.0888888888888888;-1.0378812218337423
Unknown;0.1010779784404311;0.3209876543209876;0.5355650383512193
Unknown;0.0011999760004799;0.7755102040816326;0.7857733228431065
Unknown;0.0984380312393752;0.3688888888888889;0.7726497639799802
Unknown;0.1611167776644467;0.34;0.6008790835085915
Control;0.2047559048819023;0.1533333333333333;-0.6879767991380328
Unknown;0.6350272994540109;0.0676691729323308;0.1963095923086941
Unknown;0.1621967560648787;0.2871572871572871;0.4920547400107695
Unknown;0.0090398192036159;-0.5266666666666666;-1.6285541332617235
Unknown;0.114477710445791;0.2530864197530864;0.6815000254109139
Low;0.1819563608727825;-0.0755555555555555;-0.7639889921875795
Unknown;0.8478630427391453;0.017391304347826;0.1139951601133382
Unknown;0.9088618227635448;0.137844611528822;0.0792510855002679
Unknown;0.0108397832043359;0.6231884057971014;1.0755943833079518
Unknown;0.6596668066638667;0.1702127659574468;0.2071433834113913
Unknown;0.0159996800063998;0.6222222222222222;1.0066274118460337
Unknown;0.25167496650067;0.4222222222222222;0.4966832264853746
Unknown;0.2131157376852463;-0.0992907801418439;-0.5686837629912034
Unknown;0.0230795384092318;-0.4666666666666667;-1.1738425851122616
Unknown;0.8253834923301534;0.1216931216931216;0.1181454481065696
Unknown;0.2958740825183496;-0.1884057971014492;-0.4654723710944806
Unknown;0.0104397912041759;0.639344262295082;0.7664283444987492
Unknown;0.0028399432011359;0.6666666666666666;1.3477719941404982
Unknown;0.0158796824063518;0.5343915343915344;0.6840490413259246
Unknown;0.0192796144077118;0.5723270440251572;0.9307759450215464
Unknown;0.1356372872542549;0.3971631205673759;0.6304032274011402
Unknown;0.1529169416611668;-0.4074074074074074;-0.6013498261666145
Unknown;0.6827463450730985;0.0233766233766233;0.178021689737802
Unknown;0.1777964440711185;0.3688888888888889;0.6622510330064564
Unknown;0.993380132397352;-0.0077922077922077;0.0867528359833487
Unknown;0.8623427531449371;-0.1020408163265306;-0.0494005802937965
Unknown;0.0001599968000639;0.8405797101449275;1.6174480544030692
Unknown;0.0079198416031679;-0.6594202898550725;-1.3987740563607585
Medium;3.999920001599968e-05;0.8846153846153846;2.2976373599130606
Unknown;0.1019179616407671;0.3829787234042553;0.6568058233877491
Unknown;0.117437651246975;0.3333333333333333;0.5614061186435193
Medium;3.999920001599968e-05;0.9068825910931174;2.139532017271789
Unknown;0.1602367952640947;0.2941176470588235;0.6049448952613756
Unknown;0.0009199816003679;0.7074829931972789;1.2419969374392708
Unknown;0.8833423331533369;-0.0980392156862745;-0.0419783385128065
High;0.1405571888562228;-0.2325925925925926;-0.535125014186188
Control;0.9210215795684086;0.2666666666666666;-0.0064032394406509
Unknown;0.0004799904001919;0.7610062893081762;1.734195817763197
Unknown;0.0694386112277754;0.4379084967320261;0.807039602245165
Unknown;0.0002799944001119;0.8666666666666667;1.3299725058053198
Unknown;0.0107597848043039;0.503731343283582;1.029549929720004
Unknown;0.3918321633567329;0.1688311688311688;0.2738689143348004
Unknown;0.0086798264034719;-0.56;-1.5706377846306567
Control;0.0010399792004159;0.6753246753246753;1.0229143410828614
Unknown;0.0096398072038559;0.5481481481481482;1.2224082700276804
Unknown;0.9467810643787123;0.2751322751322751;0.0797361964711807
Unknown;0.1533169336613267;0.3851851851851852;0.6204510612995014
Unknown;0.9288214235715284;-0.1205673758865248;0.0520329979287697
Unknown;0.0777184456310873;-0.4184397163120567;-0.8380599826708605
Unknown;0.0375192496150077;0.4933333333333333;0.9295310603371786
Low;0.6157076858462831;0.4285714285714285;0.2128711939344948
Unknown;3.999920001599968e-05;0.9216589861751152;1.6876777577507878
Low;0.4842303153936921;-0.1895424836601307;-0.149652819096005
Unknown;0.0063998720025599;0.5769230769230769;1.242796073427944
Unknown;0.7085858282834343;-0.2177777777777777;-0.064203064898561
Unknown;0.8294634107317853;0.127906976744186;0.0196699440891123
Control;0.627867442651147;0.0123456790123456;-0.0620519628267902
Low;0.0249595008099838;0.6177777777777778;1.057013373736572
Unknown;0.6101077978440431;0.0507246376811594;0.2916202455259418
Control;0.990260194796104;0.1851851851851851;0.0197779409076958
Unknown;0.0007199856002879;0.5466666666666666;1.1014695272718682
Unknown;0.3987120257594848;0.1088435374149659;0.3684445666475083
Unknown;0.3956720865582688;-0.2435897435897435;-0.3717026991331782
Unknown;0.2275954480910381;0.073208722741433;-0.3781067737504006
Unknown;0.2655146897062059;-0.5170068027210885;-0.4779999044104313
Unknown;0.1831563368732625;0.4135338345864661;0.525116283682251
Unknown;0.8328233435331294;-0.0488888888888888;0.1312585170751679
Low;0.3397132057358852;0.2222222222222222;0.4171906680079947
Control;0.113957720845583;0.4013605442176871;0.6804658853635742
Unknown;0.0002799944001119;0.6876876876876877;1.117391843907724
Unknown;0.1561968760624787;-0.2083333333333333;-0.7419701145281447
Unknown;3.999920001599968e-05;0.9182389937106918;1.3523486382629095
Unknown;0.3957120857582848;0.2430555555555555;0.3737432608959495
Unknown;0.0663986720265594;-0.4236111111111111;-0.8367162915232543
Unknown;0.0404791904161916;0.5434782608695652;0.8535431425361857
Low;0.1534369312613747;0.0755555555555555;0.7268466360684347
Unknown;0.6094678106437871;-0.1632653061224489;-0.2260733533675596
Control;0.7599048019039619;0.1543209876543209;-0.067878513098894
Unknown;0.0008399832003359;0.7608695652173914;1.7090501504190163
Low;0.0011599768004639;0.6940836940836941;1.1803258398828511
Unknown;0.0266794664106717;-0.4340277777777778;-0.9097239196193526
Unknown;0.2178356432871342;-0.3333333333333333;-0.6310083359447909
Unknown;0.74442511149777;0.0476190476190476;0.14060189517999
Unknown;0.0755584888302234;-0.25;-0.7756520232874213
Unknown;0.0002799944001119;0.8865248226950354;1.786009454554394
Medium;0.0006399872002559;0.7246376811594203;1.8028836483878643
Unknown;0.5873082538349234;0.1228070175438596;0.2361689363988927
Unknown;0.1042779144417111;0.4183006535947712;0.5447064118435052
Unknown;0.3276334473310534;-0.1063829787234042;-0.1480382441882954
Unknown;0.1564768704625907;0.3251231527093596;0.5576830032915939
Low;0.3016339673206535;0.1785714285714285;0.3298780522897502
Unknown;0.7925441491170176;0.0666666666666666;-0.1004081210328653
Unknown;0.5394292114157717;0.047191011235955;0.201729647821444
Medium;0.6707865842683146;0.3274074074074074;0.1745570389165149
Unknown;0.2346753064938701;-0.3673469387755102;-0.5383024307328006
Unknown;0.23967520649587;0.1474747474747474;0.376312906719781
Unknown;0.9043819123617528;-0.0064102564102564;0.111873775038001
Unknown;0.1021179576408471;0.2333333333333333;0.7487468791469003
Unknown;0.0672386552268954;0.2333333333333333;0.8068828318366642
Unknown;0.0537189256214875;0.4897959183673469;0.6026200498162522
Control;0.7925841483170336;0.2302325581395349;-0.020078521363715
Low;0.6885462290754185;0.1148851148851148;0.1295019241390887
Unknown;0.7775444491110178;0.0408163265306122;0.1423788303470116
Unknown;0.985660286794264;0.1282051282051282;0.0442927993711898
Unknown;0.3569928601427971;0.2482269503546099;0.431595811488249
Unknown;0.1288774224515509;0.4184397163120567;0.5483662056945279
Unknown;3.999920001599968e-05;0.967948717948718;3.451044010892684
Low;0.2668346633067339;-0.1785714285714285;-0.473129861019108
Unknown;0.7008659826803464;0.0476190476190476;0.1637887328373744
Unknown;0.5378692426151477;0.1377777777777777;0.303466811551758
Low;0.2156356872862542;0.0592592592592592;-0.6332428058639583
Unknown;0.2161556768864622;-0.3974025974025974;-0.5519214915514038
Control;0.1808763824723505;-0.0354609929078014;-0.6496107265119574
Unknown;0.1651966960660786;-0.3112244897959184;-0.6094253696102234
Unknown;0.2965140697186056;0.2592592592592592;0.455236654457604
Medium;0.2324353512929741;0.3823529411764705;-0.3471787571241885
Low;0.1559968800623987;0.3647798742138364;0.6291087207463728
Unknown;0.365712685746285;-0.0196078431372549;-0.3897222377321394
Unknown;0.4774304513909722;-0.1985815602836879;-0.3161337909842917
Unknown;0.3148337033259334;-0.1555555555555555;-0.4835407608724557
Unknown;0.0306393872122557;-0.5022222222222222;-1.1874067622972515
Unknown;0.0103197936041279;0.3695652173913043;1.330275981382845
Control;0.0173196536069278;0.5849056603773585;1.0691484221730638
Unknown;0.6603067938641227;0.0311059907834101;0.1309255018475481
Low;0.7021059578808424;0.032051282051282;0.1799569691006657
Unknown;0.1574368512629747;-0.6180555555555556;-0.7483283403301764
Unknown;0.5449091018179636;-0.0217391304347826;-0.1536342283073988
Low;0.0839583208335833;0.5852842809364549;0.4664366667963376
Unknown;0.0419591608167836;-0.0522243713733075;-0.749546307577062
Unknown;0.3836323273534529;-0.1925925925925926;-0.3815199631985264
Low;3.999920001599968e-05;0.8701298701298701;1.8850068600357173
Medium;0.0647187056258874;0.4855072463768116;0.8322569246656228
Unknown;0.1292774144517109;-0.2893081761006289;-0.7768028562204714
Unknown;0.1483570328593428;0.28;0.667309410881896
Control;0.0230395392092158;0.4930555555555556;0.9629330266524166
Low;0.6892262154756905;-0.3238095238095238;-0.0586017562720402
Unknown;0.6361072778544429;-0.1635220125786163;-0.1681680618928077
Unknown;0.1071178576428471;0.3696145124716553;0.5085848079479601
Unknown;0.7095058098838023;0.0459183673469387;0.1473559439680107
Medium;0.0301193976120477;0.3950617283950617;0.7279037637021375
Control;0.0401991960160796;0.5374149659863946;0.7776308442656967
High;0.5853082938341233;-0.0361604207758053;0.1781042357339701
Unknown;0.8433031339373213;-0.1956521739130435;0.1783014200491258
Unknown;0.2725545489090218;0.1458333333333333;0.3464866846325082
Unknown;0.6763864722705546;0.0902777777777777;0.1648432669220012
Unknown;0.6341073178536429;0.0851063829787234;-0.0999416900507109
Unknown;0.0914781704365912;0.3888888888888889;0.7323583549865837
Unknown;0.0371192576148477;0.6326530612244898;1.04800255783989
Control;0.1773164536709265;-0.1292517006802721;-0.5399928836194521
Unknown;0.1378772424551509;-0.5466666666666666;-0.8330798102794957
Low;0.0514389712205755;0.4074074074074074;0.5990635800864661
Unknown;0.2949141017179656;0.1142857142857142;0.350438909376647
Unknown;0.3079538409231815;-0.3188405797101449;-0.4263068969600563
Low;0.0089998200035999;0.4441558441558441;0.7846897166571409
High;0.0005599888002239;0.6533333333333333;1.8136071833646232
Unknown;0.0067598648027039;0.475258918296893;0.8176884071744234
High;0.8547029059418811;0.0833333333333333;0.0738870357738377
Low;0.0003199936001279;0.8888888888888888;1.4739890702652998
Unknown;0.0783584328313433;0.3840579710144927;0.7410097458984797
Unknown;0.1692366152676946;0.1750380517503805;0.4109471232991301
Unknown;0.5502689946201076;-0.0296296296296296;0.2688788185984123
Unknown;0.0871182576348473;0.4042553191489361;0.4585895204072907
Unknown;0.4434311313773724;0.1041666666666666;0.2106569644680126
Unknown;0.7037859242815143;0.037037037037037;0.2064799282440026
Unknown;0.7164256714865702;-0.2962962962962963;-0.1110372990689276
Unknown;3.999920001599968e-05;0.9673202614379084;1.4442627247886035
Unknown;3.999920001599968e-05;0.6618589743589743;1.1198822741072594
Unknown;0.9114217715645688;0.1333333333333333;0.1012677707455292
Unknown;0.0062798744025119;0.6054421768707483;1.0504710489217677
Unknown;0.0078798424031519;0.71;1.3457243476762475
Low;0.1659966800663986;-0.363265306122449;-0.6587027192020689
Unknown;0.625107497850043;0.3985507246376811;0.2978058807540548
Unknown;0.3905121897562049;-0.1822222222222222;-0.3895235886171365
Unknown;0.1047579048419031;0.31640625;0.5774048648137086
Unknown;0.0804383912321753;0.5277777777777778;0.7484387936034956
Unknown;0.7943841123177536;0.2909090909090909;0.1619016690737276
Unknown;0.0387992240155196;-0.6453900709219859;-0.9994011228564442
Unknown;0.0001199976000479;-0.6370370370370371;-3.2174996540683725
Unknown;0.5756684866302674;0.2266666666666666;0.2554627981483647
Unknown;0.4713505729885402;0.1733333333333333;0.3381080511045125
Unknown;0.3174336513269735;0.0895061728395061;0.354053876978679
Control;0.0005999880002399;-0.5918367346938775;-2.622523223315248
Unknown;0.0835183296334073;-0.3365617433414044;-0.7137326256893802
Control;0.0001199976000479;0.8356164383561644;1.764370008047575
Unknown;0.1006379872402551;0.5151515151515151;0.7925944363206303
High;0.0001999960000799;0.6723276723276723;1.0093081394617447
Unknown;0.2679546409071818;0.3066666666666666;0.491887014759113
Medium;0.366592668146637;0.0829493087557603;0.3694719107117747
Unknown;0.50394992100158;0.1893939393939394;0.2620686867484557
Unknown;0.6477070458590828;-0.1419141914191419;0.1361376956976961
Unknown;0.1907961840763185;0.0;0.545626478212871
Control;0.3563928721425571;0.5879629629629629;0.2612657796323255
Medium;0.0061998760024799;0.5447761194029851;0.7001041942261924
Unknown;0.0552388952220955;-0.5106382978723404;-0.9626518247569776
Unknown;0.0138797224055518;-0.5533333333333333;-1.1852823011067932
Unknown;0.2313553728925421;0.2109375;0.4555162470228011
Unknown;0.9553408931821364;-0.1489361702127659;0.0718412396027394
Unknown;0.5768284634307314;0.1134751773049645;0.2664781486242434
Unknown;0.0002399952000959;0.7121212121212122;0.8626156578533157
Unknown;0.3567928641427171;0.3725490196078431;0.3974653299556798
Unknown;0.0014399712005759;0.7767441860465116;0.8325135784100036
Unknown;0.0044399112017759;0.6461538461538462;1.010397928170992
Unknown;0.0056398872022559;0.5925925925925926;0.986458578643878
Unknown;0.0614787704245915;0.2101449275362318;0.7872101217666191
Unknown;0.0729985400291994;0.3422222222222222;0.7271401967546267
Unknown;0.4429911401771964;0.3979591836734694;0.3193547516438044
Unknown;0.3579528409431811;-0.3541666666666667;-0.4062413313652911
Unknown;0.2203155936881262;0.3605442176870748;0.5137820245216668
Unknown;0.0899182016359672;0.4513888888888889;0.7107908001521729
Unknown;0.1472770544589108;-0.4057971014492754;-0.6417235133398118
Low;0.8578228435431291;0.2727272727272727;0.1310085231677163
Unknown;3.999920001599968e-05;0.8785714285714286;1.4357525424037236
Unknown;0.0007999840003199;0.6581632653061225;1.5296988289525997
Unknown;0.7089058218835623;-0.2074074074074074;-0.1442605128609314
Unknown;0.0527189456210875;0.439516129032258;0.695351927172313
Unknown;0.1007179856402872;0.4506172839506173;0.7081060034532327
Unknown;0.2376752464950701;0.2488479262672811;0.4215882061179621
Unknown;0.0029999400011999;0.7422222222222222;1.196128300964775
Unknown;0.0841183176336473;0.4285714285714285;0.6875963588836147
Low;0.629187416251675;0.0933333333333333;0.2402260052443242
Unknown;0.9342613147737046;-0.1259259259259259;0.0932630341280361
Unknown;0.3016739665206696;0.137844611528822;0.4179371490437001
Unknown;0.0494790104197916;0.3054054054054054;0.5869040689423052
Unknown;0.0540389192216155;-0.4044444444444444;-0.995787054900639
Unknown;0.9414211715765683;0.1391304347826087;0.0623317358400472
Unknown;0.3109537809243815;-0.6533333333333333;-0.4992715448360824
Unknown;0.0367192656146877;0.4166666666666667;0.8405310272661036
Unknown;0.9799804003919922;-0.0083333333333333;-0.0030239368524259
Unknown;0.5271094578108437;-0.1111111111111111;-0.2627667575628971
High;0.0107997840043199;0.4819277108433735;0.7801215812083233
Unknown;0.4425511489770204;-0.1259259259259259;-0.3274303955897291
Unknown;0.4131917361652767;-0.2590799031476997;-0.3184562017278968
Unknown;0.0128797424051518;0.6031746031746031;0.971348292462107
Unknown;0.7987440251194976;-0.162227602905569;-0.1023489180534159
Low;0.7688646227075459;0.0757575757575757;-0.1076263476303632
Medium;0.0815583688326233;0.2371794871794871;0.5034318287852989
Unknown;0.872702545949081;0.1555555555555555;0.1235432397021347
Unknown;0.0004799904001919;0.7042606516290727;1.3773678349345957
Unknown;0.0002399952000959;0.7038961038961039;1.6837350622165623
Unknown;0.0025599488010239;0.6736111111111112;1.213174405379137
Unknown;0.0271194576108477;0.3641975308641975;0.6152937300752561
Control;0.9461410771784564;0.009009009009009;0.0404812914890919
Unknown;0.745465090698186;-0.0816326530612244;-0.1048555546117909
Control;0.0008799824003519;0.7098765432098766;0.815250236530919
Unknown;0.5201580390259636;-0.3464052287581699;-0.3637998009720792
Unknown;0.4229915401691966;-0.1138888888888888;-0.2804906388845524
Unknown;0.9221815563688728;0.0077519379844961;0.0470774357988927
Unknown;0.0578388432231355;0.4183673469387755;0.716868942971898
Unknown;0.2878742425151497;0.2083333333333333;0.3977971118630173
Unknown;0.8865022699546009;0.0;-0.0140065556143816
Unknown;0.9033419331613368;-0.1527093596059113;0.0418644851910097
Unknown;0.0665586688266234;0.4625850340136054;0.5423409394088649
Medium;0.9305013899722006;0.4358353510895884;-0.0024677804037013
Unknown;0.5462690746185076;0.1049382716049382;0.2760062879253851
Low;0.0245195096098078;0.3809523809523809;0.7298970968178098
Unknown;0.9637007259854804;0.1326530612244898;0.1267010518533813
Unknown;3.999920001599968e-05;0.9057971014492754;1.9183194550368816
Unknown;0.1601567968640627;0.3555555555555555;0.5891326051959256
Low;0.0765184696306073;0.3733333333333333;0.7568808220437667
High;0.1617967640647187;0.5223880597014925;0.5141368683076499
Unknown;0.0133997320053598;0.4276729559748428;1.0273202561269643
Unknown;0.3915966386554622;-0.3535353535353535;-0.529777562544264
Unknown;0.8098638027239455;-0.015625;0.0742112843317553
Unknown;0.499990000199996;0.1911111111111111;0.3310752434455467
Unknown;0.0010399792004159;0.7777777777777778;1.4022777200773495
Medium;7.999840003199936e-05;0.891156462585034;1.9465107518399776
Unknown;0.2657946841063178;0.44;0.5274408258096642
Unknown;0.4843103137937241;0.217391304347826;0.346153582441102
Unknown;0.0102797944041119;0.6727272727272727;0.950536169525171
Low;0.1812363752724945;0.3125;0.5856148994864637
Unknown;0.8794224115517689;0.0637037037037037;0.0576845729005308
Medium;3.999920001599968e-05;0.5988095238095238;1.547654001686376
Unknown;0.2138357232855343;0.3555555555555555;0.4858638150940475
Medium;0.5632687346253075;0.4434782608695652;-0.1813820157778889
Unknown;0.0104397912041759;0.6312056737588653;0.9275423189548792
Unknown;7.999840003199936e-05;0.8768115942028986;1.5766714510753896
Unknown;0.114717705645887;0.301010101010101;0.4864923017438414
Unknown;0.2224755504889902;0.2431077694235588;0.4078458754883365
Unknown;0.1738765224695506;0.2907801418439716;0.5452306922241716
Unknown;0.8154236915261694;0.0303030303030303;0.098311273615315
Unknown;0.1794764104717905;0.2592592592592592;0.5760350218289584
Unknown;0.4623907521849563;0.0496453900709219;-0.3045020494778416
Unknown;0.6419071618567629;0.0980392156862745;0.3026535213014712
Unknown;0.1646767064658706;-0.4222222222222222;-0.793199821950224
Unknown;0.8192636147277055;-0.3155555555555555;-0.0227942563117961
Unknown;0.0041999160016799;0.6814814814814815;1.3209543247100417
Unknown;0.0476790464190716;0.2328931572629051;0.5271173247586679
Unknown;0.0145597088058238;0.6266666666666667;0.9432488816953296
Unknown;0.2365552688946221;0.3550724637681159;0.4745977445270908
Unknown;0.5327093458130837;-0.0701298701298701;-0.2358125427491861
Unknown;0.0090798184036319;0.6180555555555556;1.0082848564354856
Unknown;0.0011199776004479;0.6071428571428571;1.0425381644466811
Unknown;0.881622367552649;0.0255102040816326;0.081518355376751
Medium;0.0009999800003999;0.7908496732026143;1.2362815730050811
Unknown;0.5880682386352273;-0.238095238095238;-0.2227846483078019
Unknown;0.0463190736185276;0.4929292929292929;0.5955833215396765
Low;0.0105597888042239;0.6403508771929824;1.1054218374423948
Unknown;0.5899882002359953;0.0962962962962963;0.2708781141047848
Medium;0.0001999960000799;0.6694444444444444;0.983406304378832
Unknown;0.9678848283499446;0.048780487804878;0.1307291835625027
Unknown;0.1417571648567028;-0.2720588235294117;-0.6044667148770723
Unknown;0.0940781184376312;0.3262411347517731;0.7314136378734941
Unknown;3.999920001599968e-05;0.9130434782608696;1.6736257041259075
Low;0.7633847323053539;0.2396313364055299;0.0972002247587402
Unknown;0.8934621307573849;-0.0192771084337349;0.0736408973045485
Unknown;0.7815843683126338;-0.0612244897959183;0.0163253890105415
Unknown;0.117477650446991;0.44;0.7479420789111825
Unknown;0.0067598648027039;-0.6597222222222222;-1.6593049606070285
Unknown;0.5388692226155477;0.1333333333333333;0.2841654277428613
Unknown;0.9075818483630328;0.1276595744680851;0.0597156147842608
Unknown;0.0386792264154716;-0.3875598086124402;-0.6718457107633816
Unknown;0.0591588168236635;0.4013605442176871;0.7053155448494621
Unknown;0.0017599648007039;0.6613756613756614;0.7130191841629772
Unknown;0.0012799744005119;0.7375886524822695;1.182325345605325
Control;0.6191476170476591;-0.1521739130434782;-0.2130318018948504
Control;0.5351492970140597;0.2896825396825397;0.2393525170762778
Medium;3.999920001599968e-05;0.9320987654320988;2.684194836384884
Unknown;0.3325133497330053;0.4027777777777778;0.4179506030848283
Unknown;0.8333433331333373;-0.2088888888888889;0.04342433363228
Unknown;0.9056218875622488;-0.0333333333333333;0.1097303482396999
Control;0.0213195736085278;-0.5;-1.3769695729773272
Control;0.1579968400631987;-0.088235294117647;-0.6195117343379385
Low;0.6649067018659627;-0.0972222222222222;-0.1745962784458209
Unknown;0.0003199936001279;0.6808510638297872;2.072425937363768
Unknown;0.0017599648007039;0.6444444444444445;1.27809792442777
Unknown;0.0021599568008639;0.6390977443609023;1.323929249330107
Unknown;0.4044319113617727;0.1836734693877551;0.3549414051768274
Unknown;0.0910781784364312;0.387012987012987;0.6149698442725737
Unknown;0.8413831723365532;-0.130718954248366;-0.0760583112149223
Unknown;0.3135937281254375;0.3955555555555555;0.4777156623786681
Unknown;0.125517489650207;0.3647798742138364;0.66323561298314
Unknown;0.0061198776024479;0.7058823529411765;1.017107515593326
Unknown;0.0422391552168956;0.4296296296296296;0.7382550551342
Unknown;0.4796704065918681;0.1858974358974359;0.3126571930525337
Unknown;0.0646387072258554;0.5;0.8184895275387192
Unknown;0.1116377672446551;-0.3782051282051282;-0.738617588845453
Unknown;0.1035579288414231;0.3733333333333333;0.7040010893044086
Unknown;0.74382512349753;0.0972222222222222;0.1997838869668386
Unknown;0.9705805883882322;0.0074074074074074;0.0128675639712119
Control;0.0813183736325273;-0.6752136752136753;-0.8434851755199699
Unknown;0.7019859602807944;-0.0666666666666666;0.1956602231996287
Unknown;0.8804623907521849;-0.1884057971014492;-0.0692479488988309
Control;0.1729565408691826;-0.6155844155844156;-0.7461127557679371
Unknown;0.1535969280614387;0.3623188405797101;0.5736942629673476
Unknown;0.1372372552548949;0.0061728395061728;-0.7030818668427391
Low;0.4906701865962681;0.1428571428571428;0.2375095698441048
Unknown;0.0197596048079038;0.4693877551020408;0.8251973738893633
Unknown;0.8842223155536889;0.086734693877551;-0.0459047016281829
Unknown;0.0251194976100477;-0.51953125;-0.8902924658661667
Low;0.9831803363932722;-0.0103448275862068;0.0078353090442012
Control;0.5632287354252915;0.2777777777777778;-0.1957902843179749
Unknown;0.7945041099178016;0.0434782608695652;-0.0351573286147968
Control;0.0838383232335353;-0.4963680387409201;-0.7543618007082689
Unknown;0.0003599928001439;0.8577777777777778;1.754360530511219
Unknown;0.117757644847103;0.3033707865168539;0.4836189262180512
Unknown;0.4173116537669246;-0.1212121212121212;-0.3038341993031031
Medium;0.0995180096398072;0.375886524822695;0.6635581658518879
Unknown;0.0438791224175516;0.4651162790697674;0.8548887533394394
Unknown;0.0065998680026399;0.673202614379085;0.8733447364620855
Medium;0.0823183536329273;-0.2847222222222222;-0.6807428783166393
Unknown;0.0192396152076958;0.52;1.046363617825424
Low;0.2917541649167016;-0.1790123456790123;-0.459090219279909
Unknown;0.0029599408011839;-0.5957446808510638;-1.6465337831599778
Unknown;0.9627807443851124;0.1989795918367347;0.0480468405030691
Unknown;0.7774644507109858;-0.2098765432098765;-0.0823929540848456
Unknown;0.0030399392012159;0.6825396825396826;1.2343910322179945
Unknown;0.7544249115017699;-0.1259259259259259;-0.0882649974267587
Unknown;0.6053078938421231;0.0579710144927536;0.2901258451526921
Unknown;0.0016799664006719;0.7333333333333333;1.225110208327696
High;0.0320393592128157;-0.3143939393939394;-1.1434335820399562
Unknown;0.0006799864002719;-0.5486111111111112;-2.2569891154918147
Unknown;0.0487990240195196;-0.4488888888888889;-1.0342279110338768
Unknown;0.8265834683306333;-0.0942028985507246;-0.0806254780082668
Unknown;0.0085998280034399;0.6090909090909091;0.8497256313543526
Unknown;0.0709585808283834;0.3639705882352941;0.604693266461723
Unknown;0.0001999960000799;0.8755555555555555;1.7273669772022102
Unknown;0.871582568348633;-0.0652173913043478;0.0684730020481186
Unknown;0.2671946561068778;0.1822222222222222;0.3408280307464918
Unknown;0.246955060898782;0.3666666666666666;0.4999349390210258
Unknown;0.0117597648047039;0.550351288056206;1.0235985404239007
Unknown;0.2294354112917741;-0.4216133942161339;-0.4645512842539814
Unknown;0.6036279274414512;0.3380952380952381;0.2778281932887431
Unknown;0.2962340753184936;-0.2622222222222222;-0.5078341485412041
High;0.0739985200295994;-0.391304347826087;-0.8234356031757171
Unknown;0.8995420091598169;0.0148148148148148;0.0938854340051976
Low;0.0798384032319353;0.4190140845070422;0.6639437414676238
Unknown;0.0766784664306713;0.33203125;0.5670014172139817
Control;0.0099598008039839;0.5714285714285714;1.0145594027073346
Unknown;0.0044399112017759;0.6071428571428571;1.0755586734858344
Unknown;0.0082798344033119;-0.3197278911564626;-1.4475521744457571
Unknown;0.2747145057098858;0.3775510204081632;-0.8916075613978721
Unknown;0.4748305033899322;0.4276729559748428;0.228212451245651
Unknown;0.0026399472010559;-0.6155844155844156;-1.3471010693279977
Unknown;0.2565548689026219;-0.2518518518518518;-0.5187346459974653
High;0.0002799944001119;0.7373271889400922;1.2183638252303446
Unknown;0.1304773904521909;0.4755555555555555;0.6358254971273654
Unknown;0.5135497290054198;0.0454545454545454;0.2887523144370732
Unknown;0.0003199936001279;0.6620689655172414;1.272733967438771
Unknown;0.0849983000339993;0.3829787234042553;0.6892610343822893
Unknown;0.8986620267594648;0.0884353741496598;0.0554282329787894
Unknown;0.0151196976060478;0.5555555555555556;1.1898944624288927
Medium;0.7109057818843623;0.6352201257861635;0.1762674121453826
Unknown;0.0059998800023999;0.58;1.09744288877439
Unknown;0.1123577528449431;0.4795918367346938;0.5139066577062599
Unknown;0.4472310553788924;0.09375;0.2977341618533553
Low;0.2757944841103178;0.25;-0.4595905557758732
Unknown;0.0025999480010399;0.6340852130325815;1.239396254857702
Unknown;0.0800783984320313;0.5022222222222222;0.8142799786544304
Unknown;0.0012799744005119;0.7712418300653595;1.1866379875552122
Unknown;0.0171596568068638;-0.4722222222222222;-1.2553088059143076
Unknown;0.0833183336333273;0.4133333333333333;0.7752930641951955
Unknown;0.3141137177256455;0.1822222222222222;0.4835123098480275
High;0.122997540049199;0.5185185185185185;0.6655389455251364
Unknown;0.0018799624007519;0.7884615384615384;1.1892778791305072
Unknown;0.0005599888002239;0.7046004842615012;1.0759935231059057
Unknown;0.0062798744025119;0.6382978723404256;1.2502737454409476
Unknown;3.999920001599968e-05;0.9821428571428572;1.803374234925501
Unknown;0.8951420971580568;-0.0217391304347826;-0.0664452448110391
Unknown;0.739505209895802;0.0069444444444444;0.1604866506662511
Unknown;0.0001199976000479;0.9097222222222222;2.496651631669738
Unknown;0.0795584088318233;0.4861111111111111;0.7223592674995304
Unknown;0.0211595768084638;-0.6737588652482269;-1.1951558154306776
Unknown;0.0269994600107997;0.5466666666666666;0.799042913730861
Unknown;0.4093518129637407;0.4354354354354354;0.304148104063722
Low;7.999840003199936e-05;0.6657483930211203;1.1874358460944177
Unknown;0.0369592608147837;0.5407407407407407;0.7079873173078353
Unknown;0.8460230795384093;0.0579710144927536;0.0889491857368231
Unknown;0.1279974400511989;-0.181159420289855;-0.7097185167160747
Unknown;0.4829103417931641;-0.0617283950617283;-0.2983559817555284
Unknown;0.0004799904001919;-0.7115384615384616;-2.2397812973525952
Unknown;0.0944781104377912;0.4140435835351089;0.6641118069271469
Unknown;0.5987880242395152;-0.0793650793650793;0.2535158474161592
Unknown;0.0008799824003519;0.7659574468085106;1.5071111020496548
Unknown;0.0694786104277914;-0.2395833333333333;-0.6912857641474678
Control;0.5443891122177557;0.1703296703296703;-0.1569529164878858
Unknown;0.0773184536309273;0.425531914893617;0.79747413991929
Unknown;0.0024799504009919;-0.6785714285714286;-1.7232405916333735
Unknown;0.0561188776224475;-0.3794486215538847;-0.50688807238961
Unknown;0.7225855482890342;-0.0689655172413793;-0.1123896596438109
Unknown;0.1019979600407991;0.25;0.6268337395607554
Unknown;0.6275074498510029;-0.0222222222222222;0.2216968228228522
Unknown;0.2917541649167016;-0.3086419753086419;-0.4703732436149623
Unknown;0.0037199256014879;0.5035460992907801;1.59683311761021
Unknown;0.1938361232775344;0.2672811059907834;0.5169452129451138
Unknown;0.0903581928361432;0.4382716049382716;0.6570125116246416
Control;0.7009459810803784;0.2954545454545454;-0.1222690229026351
Unknown;0.0610787784244315;0.4933333333333333;0.8166123115919126
Unknown;0.5380692386152277;-0.1512345679012345;0.2139786809110427
Unknown;0.751744965100698;-0.0814814814814814;-0.0955461358929136
Unknown;0.5135497290054198;0.130718954248366;0.2885652509321599
Unknown;0.8788624227515449;-0.1069182389937107;-0.0598593809329018
Low;0.0007999840003199;-0.7555555555555555;-1.93239111820486
Unknown;0.0001999960000799;-0.8533333333333334;-2.4956636392672538
Unknown;0.2640747185056299;-0.3111111111111111;-0.4994607941265307
High;0.1115977680446391;0.4755555555555555;0.6972039686769543
Control;0.8607827843443131;0.4679802955665024;-0.0127491505125963
Unknown;0.0258394832103357;0.4468085106382978;0.9322919885924662
Unknown;0.0001599968000639;0.8782051282051282;1.4258589364233585
Low;0.0030399392012159;0.7547169811320755;1.2677029191941789
Unknown;0.0905581888362232;0.4927536231884058;0.643053513162626
Unknown;0.0106397872042559;0.4528301886792453;1.23208301821656
Unknown;0.7182256354872902;0.05;0.1889537787990584
Control;0.7889042219155616;-0.1911111111111111;-0.0717777488037567
Unknown;0.996740065198696;0.0827067669172932;0.117581088223942
Unknown;0.1404771904561908;0.1555555555555555;0.6234128126667969
Unknown;0.9537409251814964;-0.1346153846153846;-0.0112714243047253
Unknown;0.1968760624787504;-0.5666666666666667;-0.5398284461386945
Unknown;0.1638767224655506;0.3185185185185185;0.5618350977955531
Unknown;0.1096778064438711;0.3054187192118227;0.6670624516219404
Unknown;0.8997420051598968;-0.1088888888888888;0.0521829248726664
Medium;0.0002399952000959;0.8581560283687943;1.810489376710176
Low;0.249555008899822;-0.3409090909090909;-0.5211548525440192
Unknown;0.7252254954900902;-0.0222222222222222;0.2062020620281946
Unknown;0.0674786504269914;0.3851851851851852;0.7801243407322841
Unknown;0.1603167936641267;0.2592592592592592;0.5955760469905075
Unknown;0.1528769424611507;-0.5176470588235295;-0.7481054402091272
Medium;0.0016399672006559;-0.7712418300653595;-1.85728464849847
Unknown;0.4425911481770365;-0.1569086651053864;-0.307253625539507
Unknown;0.7946241075178496;-0.0222222222222222;-0.0086551636495663
Low;0.9051418971620568;-0.04;0.060624218526072
Control;0.0005999880002399;0.5216931216931217;0.7857372188798185
Unknown;0.0391192176156476;0.5035460992907801;0.7965736058882513
Unknown;0.0605587888242235;-0.6340852130325815;-0.8572288201215816
Unknown;0.1612767744645107;-0.1666666666666666;-0.6568797697880333
Unknown;0.0040399192016159;-0.8238993710691824;-1.6286957198578025
Unknown;0.0230795384092318;0.4930555555555556;0.6287919684168167
Control;0.7844243115137697;0.1346153846153846;0.1113990019187075
Low;0.2943941121177576;0.3407407407407407;0.4536824020965771
Control;0.2285154296914061;0.3692307692307692;-0.50727799040533
Unknown;0.0971980560388792;0.3888888888888889;0.4918259756640172
Unknown;0.7326253474930502;-0.1822222222222222;-0.1482527948555175
Low;0.0129997400051998;0.5555555555555556;0.8693258129138937
Unknown;0.2373952520949581;0.2698412698412698;0.4596341068780544
Unknown;0.750944981100378;-0.0333333333333333;0.1628907092817726
Medium;3.999920001599968e-05;0.9678030303030304;2.6096177332809103
Control;0.0993580128397432;0.4021164021164021;0.308466633911833
Unknown;0.5578688426231475;0.0408163265306122;-0.2257923770693451
Unknown;0.0983980320393592;-0.5035460992907801;-0.7511003126402706
Unknown;0.2360352792944141;0.3358208955223881;0.4242020896912666
Unknown;0.3161536769264614;-0.1739130434782608;-0.4457163089233016
Unknown;0.0571588568228635;0.3270440251572327;0.7428838010157407
Unknown;0.0261594768104637;-0.3459119496855345;-1.1807245033060505
Control;0.0001199976000479;0.7783251231527094;1.4105209959694749
Unknown;0.9387812243755124;-0.0144927536231884;0.0488087433527274
Unknown;0.7829843403131937;0.2266666666666666;-0.0165498358615896
Unknown;0.7045859082818343;0.4097222222222222;0.1784149659864004
Unknown;0.9796604067918642;0.0113636363636363;0.0532560074701011
Unknown;0.8120237595248095;-0.0075187969924812;0.0440887542886056
Unknown;0.3593928121437571;0.174025974025974;0.3621156640227547
Unknown;0.0476790464190716;-0.625974025974026;-0.9799419010575068
Unknown;0.8094638107237855;-0.1066666666666666;-0.1047618409989663
Unknown;0.0271994560108797;-0.1376811594202898;-1.0815186132142665
Unknown;0.127477450450991;-0.10546875;-0.7299513588020413
Control;0.0018799624007519;0.7681940700808625;1.0701292644459617
Unknown;0.0107597848043039;0.5531914893617021;1.118252109188533
Unknown;0.6240675186496271;0.0466666666666666;0.2534481730279704
Unknown;0.9125417491650168;-0.0486111111111111;0.0295788490903828
Unknown;0.0041599168016639;0.5839598997493735;1.0407261780287325
Unknown;0.1862762744745105;-0.3520408163265306;-0.5278200489361901
Unknown;0.0174396512069758;-0.3550724637681159;-1.26430023636434
Low;0.0003999920001599;0.6540084388185654;1.3770583631584958
Unknown;0.0007999840003199;0.7333333333333333;1.5878615086593428
Unknown;0.6779064418711626;0.0064102564102564;-0.1526920267517618
Medium;0.0356392872142557;0.3333333333333333;0.8874858789406594
Low;0.1381972360552789;0.2641509433962264;0.4767085213873781
Unknown;0.7727445451090978;0.0117647058823529;0.1743217020041839
Control;7.999840003199936e-05;0.7805555555555556;1.4265360560994904
Unknown;0.0025199496010079;0.7536231884057971;1.02657336741621
Control;0.3099138017239655;0.2199546485260771;0.2773782723360701
Unknown;0.2203955920881582;-0.3089700996677741;-0.5175788036623766
Medium;0.0002799944001119;0.6791979949874687;1.6582643263142425
Unknown;0.5218295634087319;0.1407407407407407;0.2897010608054353
Unknown;0.5998680026399472;-0.2160493827160493;-0.2052405009523256
Unknown;0.4197116057678846;-0.0138888888888888;-0.3437475418776899
Unknown;0.244435111297774;0.2296296296296296;0.5014873639635294
Unknown;0.0011599768004639;0.7628205128205128;1.347379777238707
Control;7.999840003199936e-05;0.8123791102514507;1.2728736610530795
Low;0.0446391072178556;-0.1851851851851851;-1.0692416624132803
Unknown;0.1338773224535509;-0.3106060606060606;-0.6913507811740016
Unknown;0.5410691786164277;0.0;-0.246100088897723
Control;0.0090398192036159;0.5925925925925926;0.6657681590910948
Unknown;0.1914361712765744;-0.12;-0.6603545129981515
Unknown;7.999840003199936e-05;0.8571428571428571;1.148404299984221
Unknown;0.2260754784904302;0.2266666666666666;0.5138670014847639
Control;0.0144797104057918;0.3809523809523809;0.8325773523973948
Unknown;0.2647947041059179;-0.2740740740740741;-0.4949278036388967
Control;0.0451190976180476;-0.3908355795148248;-0.8251861592316746
Unknown;0.1427571448571028;-0.4117647058823529;-0.6775647246077724
Unknown;0.0346393072138557;0.5493827160493827;0.6341356989929465
Unknown;0.873302533949321;-0.0175438596491228;0.0800932700951077
Unknown;3.999920001599968e-05;0.9523809523809524;1.5309071510203722
Unknown;3.999920001599968e-05;0.7166276346604216;1.3413182021860115
Unknown;0.8805823883522329;0.0763888888888889;0.0732472315405214
Unknown;0.1589968200635987;0.2986111111111111;0.5739641143609433
Unknown;0.3477530449391012;0.0285714285714285;-0.355671364775789
Unknown;0.5983880322393552;0.0144927536231884;0.2602415175167684
Unknown;0.3387532249355013;0.0944309927360774;0.3858426811921588
Medium;0.5810683786324273;0.2848484848484848;0.1769917381206604
Unknown;0.0997180056398872;0.4444444444444444;0.7068011748237761
Unknown;0.0008799824003519;0.7857142857142857;1.4837299783176483
High;0.8607027859442811;0.0289855072463768;0.0011566096766294
Control;0.2621147577048459;-0.0306122448979591;-0.4501246946489674
High;0.4719905601887962;-0.17578125;-0.2747137580375993
Unknown;0.0143997120057598;0.4058956916099773;0.9076677493145304
Unknown;0.1871562568748625;0.1428571428571428;0.5624144130679959
Unknown;0.1758364832703346;0.3571428571428571;0.51175795122418
Unknown;0.0699986000279994;0.4193548387096774;0.6884855143925142
Control;0.2339153216935661;0.1923076923076923;0.4435792267864358
Unknown;0.0796384072318553;0.3877551020408163;0.7200598121731595
Unknown;0.0017199656006879;0.673469387755102;1.1478932426435284
Unknown;0.114597708045839;-0.0919117647058823;-0.6513442062242097
Unknown;0.6427471450570988;0.4566744730679157;-0.1051889990843398
Unknown;0.0415591688166236;0.4311111111111111;0.9897296972256168
Unknown;0.2018359632807344;0.3622448979591837;0.4882838498137619
Unknown;0.3015539689206216;0.2622222222222222;0.4889412209556965
Low;0.0211595768084638;-0.5259259259259259;-1.4184789213444835
Unknown;3.999920001599968e-05;0.8397435897435898;1.06820091433264
Unknown;0.5463090738185237;0.0701298701298701;0.2858689197632738
Unknown;0.4474710505789884;-0.1213235294117647;-0.270595726450241
Unknown;0.0001999960000799;0.8299319727891157;1.4171745005794087
Unknown;0.1572368552628947;-0.8553459119496856;-0.9509680653199426
Unknown;0.0775984480310393;0.4285714285714285;0.7324354328594355
Unknown;0.0064798704025919;0.6576923076923077;0.9442399694857512
Low;0.1024779504409911;-0.1690140845070422;-0.713885461024655
Unknown;0.6161476770464591;-0.3015873015873015;-0.1904571627053678
Unknown;0.0003199936001279;0.8125;1.6057151765255608
Unknown;0.0133597328053438;-0.4444444444444444;-1.3275587874286825
Unknown;0.2264354712905741;-0.1644444444444444;-0.6219742391334373
Unknown;0.0306393872122557;0.5578231292517006;1.1675076053528854
Unknown;0.2790744185116298;0.2482269503546099;0.4413988641363222
Unknown;0.0844783104337913;0.4230769230769231;0.6979873706513575
Unknown;3.999920001599968e-05;0.7236533957845434;1.619722131134264
Unknown;0.0067598648027039;0.4805555555555555;0.9227519394183324
Unknown;0.0531589368212635;-0.336734693877551;-0.9536209207049962
Unknown;0.0018399632007359;0.542528735632184;0.9912554379924872
Unknown;0.1487570248595028;0.2836879432624113;0.4919011198768799
Unknown;0.8972220555588888;-0.0977443609022556;-0.0251322740909231
High;0.1694766104677906;0.1370851370851371;-0.7906136087629112
Unknown;0.7986240275194496;0.2;0.1738645464316033
Unknown;0.0215995680086398;0.4963680387409201;0.8697565789337867
Control;0.3516729665406692;0.1948051948051948;0.3478186749005811
Unknown;0.7412651746965061;-0.0377358490566037;0.1579234280608527
Unknown;0.8013039739205216;-0.119047619047619;-0.0697450909787189
Unknown;7.999840003199936e-05;0.9056603773584906;1.403497579038391
Unknown;0.0037199256014879;0.7021276595744681;1.1574112102783751
Unknown;0.1400771984560308;0.6592592592592592;0.5574811085668602
Unknown;0.0752384952300954;0.1701388888888889;0.7706236624347841
Unknown;0.2657946841063178;0.238095238095238;0.4449366861754416
Unknown;0.9454210915781684;0.162907268170426;-0.0002519134916659
Low;0.7929441411171777;0.0476190476190476;0.1412688509859716
Unknown;0.0010399792004159;0.68;1.4509524143567405
Unknown;0.4583108337833243;0.2142857142857142;0.301199368113914
Unknown;0.0251594968100637;0.5246478873239436;0.724435461678799
Unknown;0.4133117337653247;0.4708994708994709;-0.2398545901980618
Unknown;0.0003199936001279;0.8148148148148148;1.631584106471598
Unknown;0.0152796944061118;0.6190476190476191;0.72591876137006
Unknown;0.0134797304053918;0.6858974358974359;0.6883186494356939
Unknown;0.4202315953680926;-0.2740740740740741;-0.357764309219544
Low;0.0042399152016959;0.5961538461538461;1.4023110688586535
Unknown;0.0764384712305753;0.3404255319148936;0.772866424363369
Unknown;0.1780764384712305;0.191358024691358;0.4751313349747903
Control;0.6167476650466991;0.42;-0.1056634387732117
Unknown;0.0367992640147197;0.4523809523809524;0.8079797788186196
Control;0.4222715545689086;-0.1482479784366576;-0.3202872059202861
Control;0.1441971160576788;0.4266666666666667;0.6245850760164047
Unknown;0.0122797544049119;-0.4888888888888889;-1.3386069205387752
Unknown;0.377872442551149;0.16;0.3858590845662855
Unknown;0.6715465690686186;-0.1266666666666666;-0.1573989204194384
Control;0.0890382192356152;0.644927536231884;0.6946712601068187
Unknown;0.6137477250454991;0.0306122448979591;-0.1868804273985879
Unknown;0.976620467590648;-0.1666666666666666;0.0009925621062579
Unknown;0.4800303993920121;-0.5277777777777778;-0.2904675808632936
Medium;0.5417091658166837;0.0283687943262411;-0.2205966199800133
Unknown;0.0106397872042559;0.4767932489451477;0.9054574062870836
Unknown;0.2944741105177896;-0.2695035460992908;-0.4603636540990924
Unknown;0.0682786344273114;0.225531914893617;0.9735109050607358
Unknown;0.3231135377292454;-0.3024691358024691;-0.4322883487062839
Unknown;0.0012799744005119;0.7971014492753623;0.98220400773373
Unknown;0.0096398072038559;0.5822222222222222;1.338605526571131
Control;0.0001999960000799;0.7236533957845434;1.6316415312963712
Unknown;0.5599888002239956;0.3266666666666666;-0.174424085700547
Unknown;0.9228615427691448;-0.0488888888888888;0.0292732677503637
Control;0.7350252994940101;0.2065217391304347;-0.0970220749086829
Low;0.0773584528309433;0.2388888888888889;0.5908850614647421
Low;0.0004399912001759;-0.7142857142857143;-2.008336482044627
Low;0.6981860362792744;0.12109375;-0.1221402753938191
Unknown;0.4102717945641087;0.2355555555555555;0.3903005882763375
Unknown;0.0469990600187996;-0.3888888888888889;-0.9028961674813712
Unknown;0.0080398392032159;0.6444444444444445;1.1814452961062358
Unknown;0.6963060738785224;-0.0895522388059701;0.1659334413850792
High;0.8328233435331294;0.0797101449275362;0.1027552884814114
Unknown;0.0063998720025599;0.5257352941176471;1.148886387814116
Unknown;0.8642227155456891;0.0588235294117647;0.1057168774792909
Control;0.5388292234155317;0.1703703703703703;0.2790647511687589
Low;0.2181556368872622;-0.1604938271604938;-0.5477085921715232
Unknown;0.4243515129697406;-0.0289855072463768;-0.3468090236384788
Unknown;0.9543009139817203;-0.0576923076923076;0.0177805352741868
Unknown;0.9722605547889044;0.0037878787878787;-0.0016986371210766
Unknown;0.2139957200855982;0.5069444444444444;0.5111642441432771
Unknown;0.0005199896002079;-0.7044025157232704;-2.1147976588977744
Unknown;3.999920001599968e-05;0.8713235294117647;1.593454256356545
Unknown;0.8778224435511289;-0.0755555555555555;0.0670319272839773
Unknown;0.0019999600007999;0.6328125;1.0588734535771704
Medium;0.0108797824043519;0.5560439560439561;0.9309382260282906
Unknown;0.0011999760004799;0.8488888888888889;0.7871189914639695
Unknown;0.5432291354172917;0.1458333333333333;0.281460668207278
Unknown;0.0327993440131197;0.5666666666666667;0.8219413189438474
Unknown;0.6541869162616748;-0.2836879432624113;-0.1796108735153594
Unknown;0.1723165536689266;-0.2962962962962963;-0.6327093615816053
Control;0.7292254154916902;0.1828358208955224;-0.0903279183888301
Unknown;0.7883442331153377;0.12;0.1224693640347352
Unknown;3.999920001599968e-05;0.8639705882352942;1.1697259726044689
Unknown;0.9592208155836884;-0.0295566502463054;0.001060414489416
Unknown;0.2722345553088938;0.3023255813953488;0.531483037182511
Unknown;0.1817563648727025;0.36;0.5627907750023889
Unknown;0.0899182016359672;0.4734177215189873;0.5174688979076882
Control;0.0001199976000479;0.7936507936507936;1.374944710546823
Unknown;0.4504309913801724;0.2304147465437788;-0.2687549979867777
Unknown;0.1302373952520949;0.2613636363636363;0.5545706458234324
Low;0.0049599008019839;-0.5957446808510638;-1.4353827600374267
Unknown;0.6665466690666186;-0.1521739130434782;-0.1749822670285566
Unknown;0.0033999320013599;0.5032679738562091;1.2854425129817524
Unknown;0.1732365352692946;0.3082706766917293;0.496420037567287
Unknown;0.4593108137837243;0.1648745519713261;0.2843599707269891
Unknown;0.3312333753324933;0.1957671957671957;0.346956385105744
Unknown;0.367632647347053;-0.3396226415094339;-0.3881955592862179
Unknown;0.0875982480350393;-0.2608695652173913;-1.1158725713245212
Low;0.0193996120077598;0.5370370370370371;0.518915256719722
Unknown;0.9561808763824724;-0.0148148148148148;0.0856846344679977
Unknown;0.5995880082398352;-0.0643939393939393;-0.1862284116248344
Control;0.6559068818623628;-0.1607142857142857;-0.0739863791202516
Unknown;3.999920001599968e-05;0.771689497716895;1.6010351204744404
Low;0.2086358272834543;0.4583333333333333;0.544483637435185
Unknown;0.0001199976000479;0.8496732026143791;1.7014136588969333
Unknown;0.7668646627067459;-0.0225563909774436;-0.1049998466269911
Unknown;0.0295194096118077;-0.5037037037037037;-1.075609170104863
Unknown;0.4896702065958681;0.0671641791044776;0.2741055819470666
Unknown;7.999840003199936e-05;0.8503401360544217;2.443584866294008
Unknown;0.1908361832763344;-0.9111111111111112;-0.8681271254208895
Unknown;0.9333013339733204;0.0133333333333333;0.0242795215709735
Unknown;0.7009059818803623;0.0222222222222222;0.1975565554888623
Medium;0.0292394152116957;0.6226415094339622;1.0791662400384283
Medium;0.0180796384072318;0.6444444444444445;0.7318511333588499
Unknown;0.0023199536009279;0.6323529411764706;0.9968934207062492
Unknown;0.1989560208795824;-0.3333333333333333;-0.5840809658501379
Unknown;0.5650686986260275;-0.1276595744680851;-0.2096739007530208
Unknown;0.8200235995280094;-0.2266666666666666;-0.0183369980157766
Low;0.0434791304173916;-0.2340425531914893;-1.099077080977097
Unknown;0.8354232915341693;0.1185185185185185;0.1162848527049244
Unknown;0.0829983400331993;0.2991452991452991;0.4923165869960145
Unknown;0.7905841883162337;-0.2486772486772486;-0.1137333640381008
Unknown;0.2181556368872622;0.4;0.4414936791330135
Control;0.0025999480010399;0.6385185185185185;0.8366937142886237
Unknown;0.4179516409671807;-0.28;-0.3038337216880672
Unknown;0.3412731745365093;0.0992063492063492;0.366022058626439
Unknown;0.8491030179396412;0.0062893081761006;0.0984277793162127
Unknown;0.3573928521429571;0.2;0.3762400029068592
Unknown;0.1488370232595348;0.5072463768115942;0.642176599783016
Low;0.2134357312853743;0.2777777777777778;0.5526783041615363
Unknown;0.1356372872542549;-0.4044444444444444;-0.8300040677203101
Unknown;0.3144337113257734;0.3244444444444444;0.3824639740379075
Unknown;0.6973460530789384;0.0992907801418439;0.1724008550085672
Control;0.0555188896222075;0.0984848484848484;-0.9861749423124232
Unknown;0.1017579648407031;0.3142857142857143;0.6591674458636563
Unknown;0.0142397152056958;0.4625850340136054;1.0735367855988205
Control;0.7252254954900902;0.4217687074829932;0.1707423366073214
Unknown;0.1375172496550069;-0.2847222222222222;-0.668138917836205
Medium;0.0092398152036959;0.5095238095238095;0.9107323974435436
Control;0.1102377952440951;0.1923076923076923;-0.8319401782124822
Unknown;0.7169456610867783;0.0869565217391304;0.2080274083044744
Medium;0.2961940761184776;-0.2321428571428571;-0.4007017537276096
Low;0.239515209695806;0.2371794871794871;0.4841866740451409
Unknown;0.4274314513709726;0.303030303030303;0.331991240939183
Unknown;0.3569128617427651;-0.1739130434782608;-0.3093363182487784
Unknown;0.2673146537069258;-0.1266666666666666;-0.4907684095136968
Unknown;0.0532789344213115;0.4294871794871794;0.9133624903550964
High;0.2394752104957901;-0.1521739130434782;-0.5319277645619905
Unknown;0.0919181616367672;-0.0933333333333333;-1.2534481794885084
Unknown;0.5871082578348433;0.3619047619047619;0.2002069288385756
High;0.5549489010219796;0.0680272108843537;-0.2449783033450028
Medium;0.0207995840083198;0.5447941888619855;0.8584313335514681
Unknown;0.0363192736145277;0.4281481481481481;0.6969241823323861
Unknown;0.9181016379672406;-0.0222222222222222;0.0648504878357471
Low;0.121557568848623;0.52;0.7334482537301634
Unknown;0.0029999400011999;0.667447306791569;1.241954032926955
Unknown;0.1015179696406071;-0.4217687074829932;-0.767245956445558
Unknown;0.0033199336013279;-0.3283828382838283;-1.0696044891424523
Unknown;0.1520369592608147;0.3784461152882205;0.5041761013287274
Control;0.6363072738545229;-0.0354609929078014;0.2966788771342927
Unknown;0.0183596328073438;0.3561253561253561;0.9397817491591344
High;0.0598788024239515;0.4149659863945578;0.7603631874777452
Unknown;0.6607867842643147;-0.0814814814814814;-0.1713942124846972
Unknown;0.0001999960000799;0.7543859649122807;1.2699895048480894
Unknown;0.0451990960180796;0.5272727272727272;0.8078520684505804
Unknown;0.5463890722185556;0.3688888888888889;0.3034709291665517
Unknown;0.623547529049419;0.0285714285714285;-0.1896591203539475
Unknown;0.7031859362812743;0.1866666666666666;0.1747643933409064
Unknown;0.4762704745905082;0.3475177304964539;0.3246303169846976
Unknown;0.4635907281854363;0.0857142857142857;0.2597147268704007
Unknown;0.8300233995320093;-0.1466666666666666;-0.0757768972318969
Unknown;0.6373472530549389;0.1037037037037037;-0.1792229064670508
Unknown;0.1591568168636627;0.1530612244897959;0.5869741694527325
Unknown;0.5990280194396113;0.0748299319727891;0.2372718994148978
Unknown;3.999920001599968e-05;0.9753086419753086;2.3662485828815463
Unknown;0.0717185656286874;0.2483660130718954;0.780762947450678
Unknown;0.0001199976000479;0.7743055555555556;1.1040242575491117
Low;0.3603527929441411;-0.1509433962264151;-0.3994153493391924
Unknown;3.999920001599968e-05;0.8134920634920635;1.5566303928110958
Medium;7.999840003199936e-05;0.9377777777777778;2.8246034269957057
Unknown;0.1440771184576308;0.35;0.6227035214970505
Unknown;0.0140397192056158;0.5534591194968553;0.9190598926380548
Medium;0.5508289834203316;0.3518518518518518;0.2816988680553768
Control;0.0025999480010399;0.7481481481481481;1.0723236789731474
Unknown;0.0002399952000959;0.8238993710691824;1.261579735504459
Unknown;0.1809563808723825;0.32;0.5666593673055905
Unknown;0.2064358712825743;0.1559523809523809;0.3568359941348172
Unknown;0.0073998520029599;0.5948051948051948;1.0397579989605483
Unknown;0.3434731305373892;0.4597402597402597;0.3972161265366883
Control;0.1935161296774064;0.2037470725995316;-0.662649748610696
Unknown;0.2047159056818863;0.2904761904761905;0.5140637392474852
Unknown;0.0240395192096158;0.5137844611528822;0.960648473368644
Unknown;0.75082498350033;-0.209090909090909;-0.1211637394060101
Unknown;0.2855542889142217;0.2608695652173913;0.4636326585875354
Unknown;0.2801143977120457;0.3974358974358974;0.4588672179728569
Low;0.0048399032019359;0.6792452830188679;1.152597106942512
Unknown;0.374752504949901;0.4755555555555555;0.4127214017612411
Medium;0.0360792784144317;0.4492753623188406;0.8937833750016436
Unknown;0.6901061978760424;-0.2177777777777777;-0.0829626588311073
Control;0.0011199776004479;-0.7093596059113301;-1.8010013943307337
Unknown;0.0655586888262234;0.5185185185185185;0.7864635876834492
Unknown;0.0015199696006079;0.76;1.2686793591002714
Unknown;0.8054638907221856;-0.0544217687074829;0.0991078661495713
Medium;0.1010379792404151;0.4387755102040816;0.6699591721164342
Unknown;0.0051598968020639;0.7115384615384616;1.2173080580141122
Low;0.0973980520389592;0.5064102564102564;0.7215853145687937
Unknown;0.5535889282214356;-0.0123456790123456;-0.2382927928946781
Unknown;0.0731758662793145;0.54;0.727158270951111
Unknown;0.624027519449611;0.1346153846153846;0.2460956430002221
Control;0.2672746545069098;-0.2040816326530612;-0.4945205597403598
Unknown;0.0689586208275834;0.4310344827586206;0.6215166448855066
Unknown;0.0525989480210395;-0.3809523809523809;-0.704033809175856
High;0.2016359672806544;-0.2406015037593984;-0.3814124133727692
Unknown;0.0071598568028639;0.6394557823129252;0.7575414253725603
Low;7.999840003199936e-05;0.7435897435897436;1.3830900847769902
Unknown;0.0901581968360632;0.3922077922077922;0.686144092415478
Unknown;0.5820283594328114;-0.1022222222222222;-0.2381186317759489
Unknown;0.5953080938381232;-0.1633986928104575;-0.2177937949973952
Unknown;0.0077598448031039;0.6148148148148148;1.0528951129821262
Unknown;0.7229855402891943;0.0256410256410256;0.1805368096419219
Unknown;0.9621807563848724;0.1822660098522167;0.1071069267706871
Unknown;0.0285594288114237;-0.4888888888888889;-1.3288773459670642
Unknown;3.999920001599968e-05;0.8639455782312925;1.860670429112828
Unknown;0.7683046339073218;0.0638297872340425;0.1306098463710783
Unknown;0.2193556128877422;0.3594771241830065;0.5334633463334081
Unknown;0.5322693546129077;0.125;0.2749836421308054
Unknown;0.1061978760424791;-0.261437908496732;-0.7950687647909302
Unknown;0.115517689646207;0.4705882352941176;0.6370966512171775
Unknown;0.2719545609087818;-0.1111111111111111;-0.501200690857511
Unknown;0.630427391452171;-0.3181818181818182;-0.1283533133601786
Control;0.6560668786624267;-0.2340425531914893;-0.2086897795632072
Low;0.0143597128057438;0.6521739130434783;0.9130995430111664
Unknown;0.1009579808403832;0.3424036281179138;0.6104266804473697
Unknown;7.999840003199936e-05;0.7977941176470589;1.472309161266834
Unknown;0.0812783744325113;-0.1360294117647058;-0.6687191229855927
Unknown;0.1048779024419511;0.4375;0.6199310399502014
High;0.8266234675306494;0.4;0.1145597181426796
Unknown;0.0003199936001279;0.8592592592592593;1.14791212920447
Unknown;0.1353572928541429;-0.2622222222222222;-0.8425313771296128
Low;0.8253834923301534;-0.1085271317829457;0.1177465934615445
Control;0.3997920041599168;0.213032581453634;0.3462986439781876
Control;0.0114797704045919;-0.5857338820301783;-0.9774351315220756
Medium;0.1319573608527829;0.2631578947368421;0.5121958280549768
Unknown;0.1530369392612147;-0.3407407407407407;-0.6234976814947542
Control;0.1559568808623827;0.2517006802721088;0.5926335037905509
Unknown;0.0329593408131837;0.5308641975308642;0.8430580922065183
Unknown;3.999920001599968e-05;0.9777777777777776;2.4679646242918696
Unknown;0.0059198816023679;0.6011730205278593;0.6606140226606708
Unknown;0.3963120737585248;0.1568627450980392;-0.3693070196315076
Medium;0.0126397472050558;0.6029055690072639;1.0034632540763635
Unknown;0.0057598848023039;-0.7023809523809523;-1.51650340841913
Unknown;0.0208795824083518;0.326797385620915;0.9278381775278812
Control;0.3096338073238535;-0.2551020408163265;-0.4124828869758702
Unknown;0.0073198536029279;0.4883040935672514;0.7520513677531567
Low;3.999920001599968e-05;0.9466666666666668;1.6732425134241695
Unknown;0.6013079738405231;0.1428571428571428;0.237101481474701
Unknown;0.8251748251748252;0.0;0.1641128926114383
Unknown;0.0372792544149117;-0.3848133848133848;-0.6159165201724333
Unknown;0.5359492810143797;0.0679012345679012;0.3145544324178625
Control;0.0146797064058718;0.6226415094339622;0.8611160799682949
Control;0.5350292994140117;0.2708333333333333;0.2394276121815839
Unknown;0.8600627987440251;-0.0357142857142857;0.1074228086491477
Unknown;0.0014399712005759;0.7320261437908496;1.1242328613212558
Control;0.0622787544249115;-0.4484126984126984;-0.7238470400166862
Unknown;0.0003999920001599;0.6136363636363636;1.0643701344997936
Unknown;0.0482390352192956;0.4485714285714285;0.5945878226033667
Unknown;0.9079818403631928;-0.0448717948717948;0.1617835929244364
Medium;0.0170396592068158;-0.6950354609929078;-1.171233572095337
Unknown;0.4778304433911322;0.0510204081632653;0.2830901334683893
Unknown;0.0001999960000799;0.8979591836734694;2.2183979032700654
Unknown;3.999920001599968e-05;0.7733990147783252;1.0061308964351023
Unknown;0.2202355952880942;-0.3333333333333333;-0.5701497596813073
Unknown;0.0084398312033759;-0.5579710144927537;-1.5201044972422486
Unknown;0.760664786704266;0.04;0.2052851242449675
Unknown;0.3894322113557729;0.1351351351351351;0.3101826731197222
Unknown;3.999920001599968e-05;0.9014084507042254;1.3547738674829617
Unknown;0.1968760624787504;0.4149659863945578;0.526503340243075
Control;0.0283594328113437;-0.4705882352941176;-1.1204537278189433
Unknown;0.9078618427631449;-0.0666666666666666;0.0238929951219337
Unknown;0.0304793904121917;0.5259259259259259;0.9764888694351364
Unknown;0.0179996400071998;0.6266666666666667;0.9567766261931736
High;0.1282774344513109;0.1948051948051948;0.4130938353370931
Unknown;0.1768764624707506;0.303030303030303;0.4810025827771017
Medium;0.0429191416171676;-0.3783132530120482;-0.6739965849346522
Unknown;0.2702345953080938;-0.1927710843373494;-0.375909639535922
Unknown;0.2742745145097098;0.1156462585034013;0.4684691022346718
Unknown;0.6377872442551149;0.0776255707762557;0.2045532176195262
Unknown;0.0009199816003679;0.782312925170068;1.574847095253223
Control;0.7933441331173376;-0.1111111111111111;-0.123372519312684
Unknown;0.6550668986620267;-0.1644444444444444;-0.2086873253502004
Unknown;0.880302393952121;-0.04;0.0090139889090372
Unknown;0.2598748025039499;0.2411347517730496;0.4922887103604937
Unknown;0.8024639507209855;0.1234567901234567;0.1748631015815411
Unknown;0.3529529409411812;0.2651851851851852;0.3268373406470391
Unknown;0.2070358592828143;0.2066666666666666;0.5309296817959217
Unknown;0.0585988280234395;0.5022222222222222;0.7960747377835582
Control;0.3229535409291814;0.5462962962962963;0.3385194189430539
Low;0.4012719745605088;0.2181818181818181;0.2806133751848265
Unknown;0.1899162016759664;0.1296296296296296;0.5450337153323703
Unknown;0.0065598688026239;0.673202614379085;1.0510417072564815
Unknown;0.9018219635607287;0.0212765957446808;0.0649392178487333
Unknown;3.999920001599968e-05;0.781227946365561;1.430309144252795
Unknown;0.4351512969740605;0.1423611111111111;0.2911221701358069
Unknown;0.1391572168556628;0.4640522875816993;0.531484898286854
Unknown;0.0007599848003039;-0.6879432624113475;-1.9517261932363053
Control;0.5497890042199156;0.3398692810457516;0.2603227466508401
Unknown;0.1421171576568468;0.2312925170068027;0.5362080599535374
High;0.0246795064098718;0.5490196078431373;0.9809466936901792
Unknown;0.4221515569688606;-0.0615384615384615;-0.2843272215580505
High;0.0041599168016639;0.671957671957672;0.8184893120625981
Unknown;7.999840003199936e-05;0.9102564102564102;2.033284223895551
Control;0.0132397352052958;0.5858585858585859;0.701868905203588
Low;0.9551008979820405;-0.0567375886524822;-0.0308030994365829
Unknown;0.9243415131697366;0.282051282051282;0.0865915898568244
Unknown;0.0439991200175996;-0.4782608695652174;-0.9654412403748516
Unknown;0.370272594548109;0.0888888888888888;0.3750458006674415
Unknown;0.7926241475170497;0.0888888888888888;0.1142202325485762
Unknown;0.1932361352772944;0.2466666666666666;0.4176962797110887
Control;0.0001999960000799;0.8201058201058201;1.7191954727232317
Unknown;0.3231135377292454;-0.0880503144654088;-0.4309288530086094
Unknown;0.5977480450390992;0.0750605326876513;0.2077768383675146
Unknown;0.1845563088738225;-0.5066666666666667;-0.6332019616234276
Unknown;0.0320793584128317;0.3998044965786901;0.6509802082987612
Unknown;0.1125577488450231;0.4;0.6284230729388874
Unknown;0.4163116737665246;-0.0833333333333333;-0.3508070804364466
Unknown;0.8131837363252735;0.0875;0.1382046522201833
Low;0.0288394232115357;0.5380952380952381;0.8560154163769056
Unknown;0.4189516209675806;0.2653061224489796;0.3578244252657508
Unknown;0.984660306793864;0.1521739130434782;0.0325290223521432
Unknown;0.5131497370052599;0.0208333333333333;-0.2624018603491649
Unknown;0.4489110217795644;0.2237442922374429;0.2796122875633139
Unknown;0.0010399792004159;0.803921568627451;1.1228800030230544
Medium;0.3389532209355813;0.2518518518518518;0.4291348454959949
Unknown;3.999920001599968e-05;0.8840579710144928;1.2820022130801856
Unknown;0.3193536129277414;0.4027777777777778;0.4326485206953068
Unknown;0.4189116217675646;0.1923076923076923;0.3509232421341814
Unknown;0.2980740385192296;-0.4428571428571428;-0.5136876660286482
Control;0.9650606987860244;0.4603174603174603;0.091233942337095
High;0.0021599568008639;0.84;1.4931185139697254
Unknown;0.0090798184036319;0.5555555555555556;0.7911009853595294
Unknown;0.5424691506169876;0.1752021563342318;-0.2180531642521911
Unknown;0.0002399952000959;0.8623188405797102;1.3690920959015194
Unknown;0.5406291874162517;-0.2091503267973856;-0.2313568644980693
Unknown;0.3410331793364132;0.2287581699346405;0.4132342829523033
Low;0.0234795304093918;-0.3333333333333333;-1.2899195774581895
Unknown;0.0992380152396952;0.2993197278911564;0.717827839884169
Medium;0.7419851602967941;0.0105820105820105;0.1671646008729563
Unknown;0.0124397512049759;0.8125;1.0360991173737093
Unknown;0.5561888762224756;0.1164021164021164;0.2622133535045449
Unknown;0.2584748305033899;-0.3768115942028985;-0.4935383813677454
Unknown;0.0347593048139037;-0.5407407407407407;-1.0466136064113825
Unknown;0.8304633907321853;-0.0239099859353023;-0.0669343799719794
Unknown;0.0493190136197276;0.4444444444444444;0.912295511130731
Control;0.0028399432011359;0.5795795795795796;1.134301192080075
Unknown;0.0130797384052318;0.5737704918032787;0.7440029684475906
Low;0.9739005219895602;0.2879818594104308;0.032226382591576
Unknown;0.9257814843703126;-0.0283687943262411;-0.0074248309519916
Unknown;0.875942481150377;-0.0496453900709219;-0.0660951859502296
Unknown;0.4011119777604447;-0.1376811594202898;-0.3703887955055937
Medium;0.1335173296534069;-0.108695652173913;-0.9356749455284092
Unknown;0.0281994360112797;0.4629629629629629;1.0769094270107766
Unknown;0.0334793304133917;-0.2888888888888888;-1.2179429549666856
Unknown;0.0791984160316793;0.4680851063829787;0.656302203090531
Unknown;0.5311893762124758;0.1156462585034013;0.272843567040089
Unknown;0.114757704845903;-0.1458333333333333;-0.8249423256617973
Control;0.3682726345473091;-0.1464285714285714;-0.3231156071574017
Unknown;0.2523549529009419;-0.320754716981132;-0.5034094735458803
Low;0.6644667106657867;-0.0311111111111111;0.1438681591001854
Unknown;0.0005599888002239;0.717948717948718;1.733413712110102
Unknown;0.0012399752004959;0.6736111111111112;1.3767780637270646
Unknown;0.0666666666666666;0.3947368421052631;1.246430923884716
Unknown;0.3361532769344613;-0.1511627906976744;-0.3263305526932938
Unknown;0.0153996920061598;0.5902777777777778;0.8103739995663849
Unknown;0.7923041539169217;0.1288888888888889;0.0535170719573119
Unknown;0.0106397872042559;0.6805555555555556;0.9680745904895568
Unknown;0.0020799584008319;0.549636803874092;1.054358173079862
Unknown;0.0009999800003999;0.587737843551797;1.097711940891629
Unknown;0.0078431372549019;0.9183673469387756;2.1035734024875707
Unknown;0.7019459610807783;-0.0282258064516129;-0.1142285196013693
Unknown;0.5798684026319474;-0.3185185185185185;-0.186555257947176
Unknown;0.0061198776024479;0.5688311688311688;0.9134994730569028
Unknown;0.7637447251054978;-0.0709219858156028;-0.0375181456408365
Unknown;0.0059598808023839;-0.7851851851851852;-1.3843555961632368
Unknown;0.0042399152016959;0.629976580796253;1.168265772540854
Unknown;0.1020779584408311;-0.2148148148148148;-0.8245168034321968
Unknown;0.116037679246415;0.6009852216748769;0.603954392579132
Unknown;0.1082378352432951;0.3333333333333333;0.67197454384617
Unknown;0.2533149337013259;0.2681159420289855;0.4829825446851767
Unknown;0.0466790664186716;0.5714285714285714;0.8452888065325288
Unknown;0.2544749105017899;0.3631961259079903;0.4536470817692359
Low;0.9767804643907122;-0.1224489795918367;0.0004717926735259
Unknown;0.2155156896862062;-0.2638888888888889;-0.5480728686101609
Unknown;0.24367512649747;0.2518518518518518;0.5114473612967754
Unknown;0.4555908881822363;0.2127659574468085;0.3152625098901137
Unknown;0.2791944161116778;0.1923076923076923;0.4683893553207847
Unknown;0.75702485950281;0.0;0.1525071921723111
Medium;0.0017599648007039;0.7523809523809524;1.3253347744108943
Unknown;0.0141597168056638;0.5448717948717948;0.7672732918870672
Medium;0.5353892922141558;0.3558368495077356;-0.1568847612223848
Unknown;0.0082398352032959;0.3990147783251231;1.1827515120534509
Unknown;0.122397552048959;0.4184397163120567;0.6645968876892989
Unknown;0.2175556488870222;0.037037037037037;-0.5867799700101797
Unknown;0.0302393952120957;0.2222222222222222;1.0932477660548994
Unknown;0.0319193616127677;0.3647058823529411;0.6927262234573176
Low;0.1819163616727665;0.3333333333333333;0.5289645080021759
Unknown;0.7062258754824904;0.0034722222222222;0.1576518410186666
Unknown;0.1136377272454551;0.4074074074074074;0.6558875572877074
Unknown;0.4524309513809724;0.1677018633540372;0.3130556805926255
Unknown;0.0024799504009919;-0.6578690127077224;-1.3254285980440843
Unknown;0.7410651786964261;0.2312925170068027;-0.0972883753768888
Unknown;0.0291994160116797;-0.5302663438256658;-1.0019566276584744
Unknown;0.1825563488730225;0.3925925925925926;0.5635327749676665
High;0.4232715345693086;-0.2482853223593964;-0.2835438997221686
Unknown;0.492270154596908;0.4206896551724138;-0.1240359883055601
Control;0.5926681466370672;-0.56;0.0297469055609428
Unknown;0.0169996600067998;0.2734375;0.9782797318847036
Low;0.0560388792224155;0.4382022471910112;0.5957046129023672
Control;0.0068798624027519;0.5347222222222222;1.1395643490870513
Unknown;0.2791544169116617;0.391304347826087;0.499423297980051
Low;0.5710685786284274;-0.09;-0.1922697105859193
Unknown;0.3006739865202696;-0.2666666666666666;-0.4570373663548235
Unknown;0.2651946961060779;0.2978723404255319;0.4893144152651387
Unknown;0.0289994200115997;-0.6111111111111112;-1.1190645028394723
Unknown;0.8459430811383772;0.5072463768115942;-0.0209199637961946
Control;0.0101197976040479;0.0216867469879518;-1.1325992481122482
Unknown;0.7195456090878183;0.0384615384615384;-0.0395087982059698
Unknown;0.0298794024119517;0.5740740740740741;0.8731411059460702
Unknown;0.0665186696266074;0.4108527131782946;0.7512678188128907
Unknown;0.0067998640027199;0.6888888888888889;0.8944232321029597
Unknown;0.0019599608007839;0.7569444444444444;1.2487528230155711
Unknown;0.0976380472390552;-0.4871794871794871;-0.7836989773799675
Unknown;0.3386732265354693;0.4081632653061224;0.412339834020714
Unknown;0.3118737625247495;0.1957671957671957;0.4035124172775576
Unknown;0.6999460010799784;0.0443349753694581;0.1817684379561495
Low;0.2120357592848143;-0.4044444444444444;-0.6151334340572477
Unknown;0.0002399952000959;0.7868480725623582;1.5466526336386848
Low;0.0045599088018239;0.6866666666666666;1.2270331107710746
Medium;0.1441171176576468;0.4791666666666667;0.6879544502439159
Unknown;0.1915961680766384;-0.2463768115942029;-0.7342112376407846
High;0.1965560688786224;-0.0217391304347826;0.6053488691998901
Unknown;0.7925841483170336;0.0784313725490196;0.1394372838368884
Unknown;0.6970660586788264;-0.0265060240963855;0.130286176098058
Unknown;0.3439931201375972;-0.2018140589569161;-0.380210081948202
Unknown;0.8402631947361052;0.0641025641025641;0.129853158483608
Low;0.0003199936001279;-0.5619047619047619;-0.9957133584878478
Unknown;0.5798684026319474;-0.08;0.2461812675614318
Unknown;0.3808723825523489;-0.1156462585034013;-0.3544799624533117
Unknown;0.3798324033519329;-0.1798941798941798;-0.3538962714190897
Unknown;0.6711465770684586;-0.0980392156862745;-0.1697651868632867
Unknown;0.7619847603047939;0.2622222222222222;-0.0540303907361411
Unknown;0.1303173936521269;0.3840579710144927;0.6784733945796206
Unknown;0.6709865802683946;-0.2307692307692307;-0.01346198840311
Unknown;0.4859902801943961;-0.3773584905660377;-0.2657182644532856
Unknown;0.3258334833303334;0.3401360544217687;0.3599484730724002
Control;0.0553988920221595;0.3362637362637363;0.4688938375000064
Unknown;0.1681566368672626;-0.0507246376811594;-0.72119067348323
Unknown;0.7442651146977061;-0.0188679245283018;-0.0902616679718913
Unknown;0.0822783544329113;0.477124183006536;0.7197105008425873
Unknown;0.3809523809523809;0.2624113475177305;0.3923044754345691
Unknown;0.4902301953960921;-0.15;-0.3041478999405614
Unknown;0.0103197936041279;0.5111111111111111;0.6737872285027369
Low;0.5712285754284915;-0.0653846153846153;-0.2175478909982467
Unknown;0.6149077018459631;0.0125786163522012;0.2432619180313535
Unknown;0.5385892282154356;0.0671641791044776;-0.2397041340295007
Unknown;0.3941121177576448;-0.0265151515151515;-0.2704970798435748
Unknown;7.999840003199936e-05;0.7316176470588235;1.1488121224118375
Unknown;0.6589068218635628;0.1739130434782608;0.1950259241846889
Unknown;0.6536269274614508;0.1572327044025157;0.212617579858797
Control;0.0086798264034719;0.7666666666666667;1.1299829605137577
Medium;0.0001999960000799;0.8011695906432749;1.5156304142527943
Unknown;0.5929081418371632;0.1654135338345864;0.2464793140268419
Control;0.0001199976000479;0.8300653594771242;1.2300378608086011
Unknown;0.0110797784044319;0.5808823529411765;0.924044361474748
Unknown;0.4534309313813723;-0.2711111111111111;-0.3180911111950315
Unknown;0.741585168296634;0.0869565217391304;0.1469420954294696
Unknown;0.869302613947721;0.2740740740740741;0.07353402095036
Control;7.999840003199936e-05;0.7896296296296297;1.6879362338529482
Low;0.74222515549689;-0.1111111111111111;-0.1323544490365197
Unknown;0.0093198136037279;0.4348837209302325;0.6574606576885965
High;0.0014399712005759;0.6802721088435374;1.6433961921331834
Control;0.3370332593348133;0.354679802955665;0.3857995445065171
Unknown;0.0880382392352153;0.4526315789473684;0.7799247760957614
Unknown;0.0254394912101757;0.5104166666666666;0.7842345549595612
Unknown;0.0010399792004159;0.7142857142857143;1.2188181034700782
Unknown;0.0897982040359192;0.3680555555555556;0.6309722436153342
Unknown;0.0001199976000479;0.8226950354609929;2.251974313509502
Low;0.251754964900702;0.3529411764705882;-0.4256497893294611
Unknown;0.0677186456270874;0.477124183006536;0.8068236113577711
Unknown;0.0001199976000479;0.8653846153846154;1.7978131455345454
Low;0.6145477090458191;0.1652173913043478;0.2458612165539373
Unknown;0.0651986960260794;0.4693877551020408;0.9137768985965876
Unknown;0.3010739785204296;-0.1464285714285714;-0.3904597506513581
Unknown;0.0176796464070718;-0.52;-1.252513297187149
Unknown;0.1762764744705106;0.3333333333333333;0.5470185950790543
Unknown;0.0028399432011359;-0.4202898550724637;-1.9159350046931785
Unknown;0.1479970400591988;-0.2777777777777778;-0.6909348039483388
High;0.7751444971100578;-0.1089743589743589;0.0887959990685815
Unknown;0.0985580288394232;0.4625850340136054;0.6997326759718188
Unknown;0.0040799184016319;0.4730639730639731;0.669002017432383
Unknown;0.0005599888002239;0.6606060606060606;1.260630276608065
High;0.1138377232455351;0.3979591836734694;0.5229548159185646
Unknown;0.0373592528149437;0.5142857142857142;0.7887474228939131
Unknown;0.0681186376272474;0.245696400625978;0.6168313124446307
Unknown;0.0058798824023519;0.5923076923076923;0.9455336034077476
Unknown;0.4636307273854523;-0.0888888888888888;-0.3156157842676043
Unknown;0.0355592888142237;0.4930555555555556;0.8522050065192491
Unknown;0.9676606467870642;0.0266666666666666;-0.0076131315383904
Unknown;0.6803463930721385;0.108695652173913;0.1901703092364468
Unknown;0.4186716265674686;0.181159420289855;0.3291331608601164
Unknown;0.0164796704065918;0.5023041474654378;0.9486303219065768
Unknown;0.9011419771604569;0.0333333333333333;0.0700644205308383
Unknown;0.0005999880002399;0.7832512315270936;1.0735286763960854
Unknown;0.0555188896222075;0.4755555555555555;0.6942261720221076
Low;0.3907921841563169;0.0651340996168582;0.3013350775325616
Unknown;0.5546289074218516;0.0208333333333333;-0.2281147435484391
Unknown;0.0406391872162556;-0.5;-0.9446232675567218
Unknown;0.373672526549469;0.2942326490713587;0.2868282239186853
Unknown;0.6651066978660427;-0.3066666666666666;-0.1701187139302376
Unknown;0.7919441611167777;0.0326797385620915;-0.0920113641902808
Unknown;0.3465530689386212;0.1724137931034483;0.375491632518309
Unknown;0.1468370632587348;0.3333333333333333;0.6190732160493662
Unknown;0.0013199736005279;0.6801470588235294;0.8140932336558546
Unknown;0.0013199736005279;0.8;1.046051748820716
High;0.2300353992920141;0.0588235294117647;-0.5318041607208018
Unknown;0.7823843523129538;0.1944444444444444;-0.0637674297516006
Unknown;0.3872322553548929;0.0780487804878048;-0.2839024851781914
Unknown;0.4058318833623328;0.2;0.4096249069307157
Unknown;0.5795884082318353;-0.1226551226551226;-0.1893599672560949
Unknown;0.0022799544009119;0.5681818181818182;0.9456173303241469
Unknown;0.0335993280134397;-0.68;-1.5005394041079856
Control;0.8584628307433851;-0.0092165898617511;-0.0618456709886172
Low;0.869542609147817;-0.0487179487179487;0.0895427583160716
Unknown;0.0393992120157596;0.3611111111111111;0.8617136313673963
Unknown;0.5457890842183156;0.1319444444444444;0.2715216168130354
Unknown;0.5041099178016439;0.1384615384615384;-0.2109353393883937
Unknown;0.8448631027379453;-0.0444444444444444;0.1035120025980481
Unknown;0.0365592688146237;0.4421768707482993;0.6624024598722946
Unknown;0.7950240995180097;-0.5217391304347826;-0.0300362475156199
Unknown;0.0239595208095838;-0.0493506493506493;1.1180939731701582
Control;0.6989060218795624;0.6892230576441103;0.2055793746878071
Control;0.0306793864122717;-0.4380952380952381;-1.0688703294335429
Unknown;0.0519989600207995;0.5822222222222222;0.926400821266254
Control;0.9662606747865042;0.4597402597402597;0.0588237395204673
Unknown;7.999840003199936e-05;0.9615384615384616;2.2632639843301554
Unknown;0.0070798584028319;0.6018735362997658;0.7344334419680152
Unknown;0.2968340633187336;0.6632653061224489;0.3877388566995223
Unknown;0.1589568208635827;0.3182957393483709;0.5455655904371359
Unknown;0.126637467250655;0.2907092907092907;0.470406848367585
Medium;0.0003999920001599;0.7323943661971831;1.4449375393698236
Low;0.3901921961560768;0.319047619047619;0.3494371167876685
Unknown;0.2249555008899822;0.3283208020050125;0.4823950689772794
Unknown;0.3063138737225255;-0.0884353741496598;-0.4470391374507823
Control;0.3378332433351333;-0.0125786163522012;-0.3220544716168456
Medium;0.1972360552788944;0.28;0.5782377996952334
Unknown;0.6060678786424272;0.3133333333333333;-0.0915469742128225
Control;0.0072798544029119;0.5320197044334976;1.171741990556935
Unknown;0.1509969800603988;-0.6355555555555555;-0.8557973336895595
Unknown;0.0344393112137757;-0.2341463414634146;-0.806088102845097
Unknown;0.7771444571108578;-0.0568181818181818;0.1381223242299715
Unknown;0.5808683826323473;-0.0805194805194805;-0.2057202349059371
Unknown;0.4680706385872282;0.18;0.3225383672868109
Unknown;0.3015939681206376;-0.2074074074074074;-0.4559730323451151
Medium;0.2057958840823183;-0.5241935483870968;-0.5084865317618793
Unknown;0.2214755704885902;-0.1794871794871795;-0.5432769629939105
Unknown;0.0961180776384472;-0.4133333333333333;-0.9089076063699556
Unknown;0.380392392152157;0.1843971631205673;0.3809053403389772
Unknown;0.0261594768104637;0.5714285714285714;0.8900695658513603
Unknown;0.0024399512009759;-0.7712418300653595;-1.6325781484380817
Low;0.0002799944001119;0.740909090909091;1.199975265514749
Unknown;0.2244355112897742;0.3656174334140435;-0.5779138237879644
Unknown;0.0163196736065278;-0.7254901960784313;-1.2625326253600442
Unknown;0.7737845243095138;-0.1380145278450363;-0.1084164910214326
Unknown;0.1065978680426391;0.3333333333333333;0.5170950700421281
Unknown;0.0103997920041599;0.6666666666666666;1.0368776366265058
Unknown;0.6899862002759944;0.144927536231884;0.1710936349492832
Unknown;0.0858382832343353;0.5333333333333333;0.6554560276746119
Unknown;0.4416711665766684;0.0917647058823529;0.2634546749614743
Unknown;0.0019199616007679;0.8074074074074075;1.135739931970821
High;0.8129037419251615;0.3730769230769231;0.0982548828182861
Unknown;0.2789144217115658;0.2978723404255319;0.475216864632783
High;0.5157496850062999;-0.2156862745098039;-0.2691885810491355
Unknown;0.4369512609747805;0.14;0.3402111164574877
Control;0.500309993800124;-0.2575757575757575;-0.2371808457448408
Low;0.0527989440211195;-0.1534391534391534;-0.9148733217218532
Unknown;0.0317593648127037;0.5777777777777777;0.9382190436155572
Unknown;0.5549889002219955;0.0416666666666666;0.2914081886122757
Unknown;0.0411191776164476;0.303030303030303;0.6488081198797714
Medium;0.5372292554148917;-0.0666666666666666;0.379283156538767
Unknown;0.0137597248055038;0.5023041474654378;0.8738081073848181
Control;0.0078798424031519;-0.4619666048237477;-0.8439219405740264
Unknown;0.0186796264074718;0.5533333333333333;0.7413091202986388
Unknown;0.0035199296014079;0.6527777777777778;1.273391228629262
Unknown;0.0011199776004479;0.6574074074074074;1.0174448182949305
Unknown;0.7359852802943941;0.1383647798742138;0.1785428774983735
Unknown;0.2368352632947341;0.2420091324200913;0.4227809202472872
Unknown;3.999920001599968e-05;0.9365079365079364;2.6772529252909054
Unknown;0.1395972080558389;0.1894586894586894;0.4488480863709723
Unknown;0.0001999960000799;0.715625;0.9873199242856924
Control;0.7831043379132417;0.5792207792207792;0.1365573428248908
Unknown;0.0201995960080798;0.3765432098765432;1.0904373925678263
Unknown;0.1869562608747825;-0.04;-0.8100173472034659
Unknown;0.1402771944561108;0.303030303030303;0.5884283379735001
Unknown;3.999920001599968e-05;0.9031476997578692;1.8656763188386447
Control;0.3532729345413091;0.3478260869565217;0.3867770572413743
Unknown;0.4349513009739805;0.1843971631205673;0.3428032900492157
Unknown;0.0006399872002559;0.9069767441860463;2.080030546783972
Unknown;0.0001999960000799;0.8775510204081632;1.607099901579003
High;0.0102797944041119;0.5925058548009368;0.8893333786380657
Unknown;0.5514689706205876;0.0476190476190476;0.2854896001879232
Unknown;0.2893557422969188;0.3131313131313131;-0.494577161766614
Control;7.999840003199936e-05;0.722488038277512;0.957159610292139
Unknown;0.0543989120217595;0.5407407407407407;0.8092156714641167
Low;0.2760344793104138;0.2296296296296296;0.3839927606571159
Medium;3.999920001599968e-05;0.707936507936508;1.295438655670984
Unknown;0.9541809163816724;0.463768115942029;0.0387685403734751
Unknown;0.0229595408091838;-0.576530612244898;-1.0374475416347826
Unknown;0.5746685066298673;-0.3257575757575757;-0.2073819525794324
Unknown;0.1296374072518549;0.4133333333333333;0.7328475047523066
Unknown;0.3577528449431011;0.0964912280701754;0.4033426751739649
Unknown;0.0001999960000799;0.6779220779220779;1.9042826877966343
Low;0.2721545569088618;-0.1111111111111111;-0.5296442495851779
Unknown;0.3612327753444931;0.2490118577075099;0.2945804337973678
Unknown;0.0041599168016639;0.638095238095238;1.13731936043325
Low;0.5505889882202356;-0.065359477124183;-0.259824189443985
Unknown;0.0242395152096958;0.4222222222222222;1.2158901789055518
Unknown;3.999920001599968e-05;0.948051948051948;2.001702927755244
Unknown;0.0017999640007199;0.8444444444444444;1.3972587858154697
Unknown;0.625947481050379;0.1022222222222222;0.2883532362076854
Low;0.9563408731825364;0.0568181818181818;0.048466491697266
Unknown;0.994620107597848;0.0444444444444444;0.0565269378339898
Unknown;0.5554288914221716;0.1276595744680851;-0.2367545515499135
Unknown;0.995940081198376;0.0844444444444444;0.1946494189979548
Unknown;0.372192556148877;0.1925925925925926;0.3929183790955763
Unknown;3.999920001599968e-05;0.8933333333333333;2.049395529572781
Unknown;0.5825083498330034;0.1644444444444444;-0.1945354612761393
Unknown;0.6813863722725545;-0.045822102425876;0.1905238254851513
Unknown;0.0169996600067998;0.5679012345679012;0.9057116462367516
Unknown;0.115717685646287;-0.4052287581699346;-0.7256115065269345
Unknown;0.5962680746385073;0.4297872340425532;0.3137367024280142
Unknown;0.0139997200055998;0.4666666666666667;1.234498010991072
Unknown;0.0315993680126397;0.3402597402597402;0.7150908361479674
Unknown;0.0667586648267034;0.5064102564102564;0.8111516391974225
Unknown;0.2085158296834063;0.2695035460992908;0.5292871128894174
Unknown;0.374952500949981;-0.1319444444444444;-0.381417164820416
Unknown;0.4495910081798364;0.1534391534391534;0.310633991784991
Unknown;3.999920001599968e-05;0.9140625;1.515135408126753
Unknown;0.5328293434131317;0.3319672131147541;0.2566188758086975
Unknown;0.124477510449791;0.2251815980629539;0.6259266760298634
Unknown;0.5643487130257395;-0.144927536231884;0.2034628030869325
Unknown;0.0345193096138077;0.3704600484261501;0.9114619258855304
Unknown;0.1763598720120459;0.325;0.7348622647187467
Unknown;0.5950680986380272;0.2413793103448276;0.2317215423798871
Unknown;0.75482490350193;0.1989795918367347;0.1692233693303409
Unknown;3.999920001599968e-05;0.8754285714285714;1.5001619131772628
Unknown;0.2337153256934861;-0.2216748768472906;-0.475347912807944
Unknown;0.0329993400131997;0.4656084656084656;0.7391787106344813
Unknown;0.0010399792004159;0.6444444444444445;1.1985923763894737
Unknown;0.0051198976020479;0.5555555555555556;1.0246397241846916
Unknown;0.0067198656026879;0.625;1.0110946297639751
Unknown;0.0059998800023999;0.6561743341404358;0.9257116973900914
Medium;0.0486390272194556;0.4032258064516129;0.860678352489429
Unknown;0.0546389072218555;0.4296296296296296;0.8238080961295483
Unknown;0.1651966960660786;0.3925925925925926;0.5652644199559718
Unknown;0.3119537609247815;0.6089743589743589;0.4116689794519316
Unknown;0.0257194856102877;0.5512820512820513;0.7625474076046246
Low;0.0023599528009439;0.7608695652173914;1.0368280479934282
Unknown;0.0004399912001759;0.7966101694915254;1.4510760305045252
Unknown;0.0047599048019039;-0.322429906542056;-1.0014908295216878
Unknown;0.6640667186656267;0.2695035460992908;0.2000763591436968
Unknown;0.1855162896742065;0.4313725490196078;0.4913035261677758
Unknown;0.4145517089658206;-0.3846153846153846;-0.2784275860249017
Control;0.2965140697186056;0.2986111111111111;0.454461467340042
Unknown;0.5583488330233395;0.0884353741496598;0.2988576820505651
Unknown;0.5989880202395952;0.0451388888888888;0.2122076213776483
Unknown;0.1012779744405111;0.3900709219858156;0.699244425611843
Unknown;0.7141857162856743;0.228395061728395;0.1924757108154005
Unknown;0.1580768384632307;0.1558139534883721;0.4833948505566264
Control;0.3417531649367012;0.2466666666666666;0.4228292516791273
Unknown;0.0535589288214235;0.4382716049382716;0.6857722309029859
Unknown;0.0021599568008639;0.6851851851851852;0.9894182217188304
Unknown;3.999920001599968e-05;0.9420289855072465;1.518055820526497
Unknown;0.0067998640027199;0.72;0.6215734040146399
Unknown;0.500029999400012;-0.1272727272727272;-0.3098718395121074
Unknown;0.1647567048659027;-0.2857142857142857;-0.5708291484525461
Unknown;0.9464610707785844;-0.0884353741496598;-0.0015969356095286
Unknown;0.0078798424031519;0.4469696969696969;1.05949715346416
Unknown;0.0006399872002559;0.7493734335839599;1.7004388668469868
Unknown;0.0224395512089758;0.5909090909090909;0.9060270486967412
Control;0.759864802703946;0.2806122448979591;0.1526666690098174
Unknown;0.0803183936321273;-0.4379084967320261;-0.7858030334766134
Low;3.999920001599968e-05;0.8529411764705882;1.845572140714689
Unknown;0.2262354752904942;0.2222222222222222;0.4919488543899547
Unknown;0.6690266194676107;0.10062893081761;0.2144968195011222
Unknown;0.0584788304233915;0.4347826086956521;0.7217100448393983
Unknown;0.3559928801423971;0.2666666666666666;0.4099722656273277
Unknown;0.0238795224095518;-0.5035460992907801;-1.1210025319425738
Control;0.6571468570628587;-0.2269230769230769;-0.0808844892196342
Control;0.8821423571528569;0.0748299319727891;0.0474026248428172
Control;0.2036759264814703;0.3537414965986394;0.5415047989029115
Unknown;0.8246235075298494;-0.0617283950617283;-0.053742474823842
Unknown;0.8778224435511289;0.0942028985507246;-0.0146721732260759
Unknown;0.5879482410351793;-0.1751152073732718;-0.2071195304982605
Unknown;0.0167196656066878;0.5869565217391305;0.936319225392894
Unknown;0.0041599168016639;0.6984126984126984;1.0741755398457618
High;0.6751064978700426;0.2814814814814815;0.1962189674608717
Unknown;0.1972760544789104;-0.28125;-0.4840418345539821
Unknown;0.0728385432291354;0.3673469387755102;0.741674307031072
Unknown;0.0077598448031039;0.6180555555555556;1.1953339934653058
Unknown;0.0053198936021279;0.6737588652482269;1.1158376517044324
Unknown;0.7237055258894822;-0.0016181229773462;0.1312625127543758
Unknown;0.9857002859942802;-0.0061728395061728;0.0153302934151833
Unknown;0.7754644907101857;0.0222222222222222;-0.1010883955749233
Unknown;0.0023599528009439;0.7115384615384616;1.351382624008804
Unknown;0.1872362552748945;-0.3641975308641975;-0.5843311194068949
Unknown;0.0027599448011039;0.76;1.3832336594914172
Unknown;0.6683066338673227;-0.3037037037037037;-0.043641064348948
Unknown;0.1783564328713425;0.2962962962962963;0.4563099987545841
Unknown;0.0003199936001279;0.7843137254901961;0.9936490604800752
Unknown;0.0005199896002079;0.59375;1.4003388772943417
Unknown;0.7709045819083619;0.3777777777777777;0.1701911195835811
Unknown;0.0020399592008159;0.4848901098901099;0.8639554762143555
Medium;0.5277894442111157;0.1977611940298507;0.2353480922168752
Control;0.4054318913621728;0.3925925925925926;0.3690637316424736
Medium;0.121637567248655;-0.3142857142857143;-0.6470493335231676
Unknown;0.3818723625527489;0.3081761006289308;0.3891750092367876
Unknown;0.2077558448831023;0.32;0.4119289688415666
Unknown;0.8085038299234015;-0.1111111111111111;0.1912124105252256
High;0.374872502549949;-0.1644444444444444;-0.4201136680225573
Unknown;0.0737185256294874;0.4184397163120567;0.8311443023088471
Low;0.9565808683826325;0.4755555555555555;0.0646970120171425
Unknown;0.0002399952000959;0.7666666666666667;1.5045953152866391
Unknown;0.7281054378912422;-0.0246305418719211;0.1793515871492361
Unknown;0.1333173336533269;0.2888888888888888;0.6706152335075791
Unknown;0.1779164416711665;0.2977777777777777;0.4884555621551194
Unknown;0.1431971360572788;0.4603174603174603;0.6418471578164449
Unknown;0.9322213555728884;-0.0666666666666666;0.0485171744909211
Unknown;0.0992780144397112;0.4027777777777778;0.720780895563785
Unknown;0.0071198576028479;0.5869565217391305;1.262040782986505
Unknown;0.0490390192196156;0.4537037037037037;0.7430087494491285
Control;0.240995180096398;-0.3510895883777239;-0.5020142251167863
Unknown;0.1560368792624147;0.3680555555555556;0.5741974170939227
Unknown;0.1960360792784144;0.6213235294117647;0.4627497803443842
Unknown;0.0200795984080318;-0.5111111111111111;-1.240210316943022
Unknown;0.995620087598248;0.06;0.0286134975491014
High;0.1122377552448951;-0.1666666666666666;-0.6095879087934578
Unknown;0.4795104097918041;-0.2601626016260163;-0.2994805714527538
Unknown;0.3129937401251975;0.0687830687830687;-0.3943411598995813
Unknown;0.0001599968000639;0.8321995464852607;1.5325257087831443
Unknown;0.0002799944001119;0.8296296296296296;1.673861018254187
Unknown;0.5242695146097078;-0.0457516339869281;-0.263264379756459
Unknown;0.5921481570368593;0.3333333333333333;0.3184323866806679
Unknown;0.7351052978940421;0.2533333333333333;0.2383972829317661
High;0.0576388472230555;-0.5374149659863946;-0.9508274545603176
Unknown;0.5248295034099318;-0.1956521739130435;-0.2720891070351675
Unknown;0.0109597808043839;0.76;1.558072575410495
Medium;3.999920001599968e-05;1.0;4.327343440581558
Control;0.3397532049359013;0.0913348946135831;-0.3835847727816679
Unknown;0.0789984200315993;0.0763888888888889;0.8330900439571612
Low;0.2003159936801264;0.4285714285714285;0.4787874366559059
Unknown;0.5449491010179797;-0.3862433862433862;-0.2167710256602995
Control;0.0023599528009439;0.7619047619047619;1.334493403244727
Unknown;0.1986760264794704;0.3481481481481481;0.5599864087655426
Unknown;0.0282394352112957;0.5424836601307189;0.6662606376958876
High;0.1703165936681266;0.3428571428571428;0.4613244879998169
Unknown;0.0347593048139037;0.4285714285714285;0.7667899772169269
Unknown;0.3153536929261414;-0.0493827160493827;-0.465681447036383
Unknown;0.3040739185216295;0.2888888888888888;0.4565002149410858
Unknown;0.0047199056018879;-0.4489795918367347;-1.7135166683003027
Unknown;0.0132397352052958;0.4744897959183674;0.9101802781971003
Unknown;0.7661046779064419;0.2391304347826087;0.1607110282485609
Unknown;0.5730285394292114;0.1324675324675324;0.2410800246218296
Unknown;0.2164356712865742;0.1134751773049645;-0.5676906753842392
Unknown;0.871262574748505;0.0653753026634382;-0.052540184156986
Unknown;0.1476370472590548;0.3038961038961039;0.5897937137680487
Unknown;0.3267134657306854;0.3333333333333333;0.4312073963275324
Unknown;0.7635847283054339;0.0416666666666666;0.1083032076167882
Unknown;0.2758744825103498;0.2695035460992908;0.4771927496920412
Unknown;0.0049199016019679;0.5362318840579711;1.2617359162053674
Medium;0.0004399912001759;0.7478991596638656;1.3682298853204728
Unknown;0.0319193616127677;0.4539007092198581;0.9298323680733832
Unknown;0.0694786104277914;0.3467741935483871;0.6122117164751208
Unknown;0.0273594528109437;0.4375;1.025284601274696
Unknown;0.1496770064598708;0.1898989898989899;0.4682160965149053
Unknown;0.0166796664066718;0.2160493827160493;0.8693936843646775
Unknown;0.0169196616067678;-0.4834054834054834;-0.8538690816448685
Medium;0.6365472690546189;-0.0576923076923076;-0.2094497563437351
Unknown;0.3277534449311013;0.2977777777777777;0.3679393722631362
Unknown;0.8213035739285214;0.1543209876543209;0.1318917039618014
Unknown;0.1462370752584948;0.3757575757575757;0.4160018881862202
Medium;0.0827983440331193;0.36;0.9407027186270112
Low;0.5529089418211636;-0.0918367346938775;-0.119495618199639
Unknown;0.0170796584068318;0.6388888888888888;0.8264359015643699
Unknown;0.2012359752804944;-0.2933333333333333;-0.5506618007787224
Unknown;0.0045199096018079;0.7037037037037037;1.2541515412095436
Unknown;3.999920001599968e-05;0.8384615384615385;1.1820635045209495
Unknown;0.4006319873602528;0.0923076923076923;0.2814122634825113
Medium;0.0055198896022079;0.4640522875816993;1.397964989670283
Unknown;0.2617547649047019;0.2307692307692307;0.4820769351174873
Unknown;0.0171996560068798;0.486682808716707;0.8280159843565864
Unknown;0.1950360992780144;0.5597014925373134;0.4796669274278019
Unknown;0.3309533809323813;0.25;0.3905651833900379
Unknown;0.6092278154436911;0.0980392156862745;0.2494306235373911
Unknown;0.0686386272274554;0.2659090909090909;0.600551556895213
Unknown;0.0457190856182876;0.5377777777777778;0.8913567865228889
Unknown;0.497790044199116;0.1126760563380281;0.2619839253300536
Unknown;0.6671466570668587;-0.1666666666666666;-0.1262916315615715
Unknown;0.0592388152236955;0.4962962962962963;0.7954708824431478
Unknown;0.1282774344513109;-0.2028985507246377;-0.7251048604844524
Unknown;0.1433971320573588;0.44;0.6555106303259547
Unknown;0.0130797384052318;-0.0198412698412698;-1.1983509485660355
Control;0.0023999520009599;0.5916666666666667;0.9062765314066146
Control;0.9089418211635768;-0.173076923076923;0.093124688535284
High;0.0057198856022879;0.7222222222222222;1.2891520387564626
Unknown;0.0023999520009599;-0.5980629539951574;-1.545337544268859
Unknown;3.999920001599968e-05;0.735973597359736;1.1918708323826583
Unknown;0.629027419451611;0.1629629629629629;-0.1178998780198305
Unknown;0.0004399912001759;0.8133333333333334;1.1552913700761724
Unknown;0.0078398432031359;0.5022222222222222;1.530673543717603
Unknown;0.0246395072098558;0.509090909090909;0.8462310034876425
Control;0.1960360792784144;0.1549707602339181;-0.5400052728682303
Unknown;0.1777964440711185;0.2296296296296296;0.566002905429363
Unknown;0.0832783344333113;-0.2829268292682926;-0.6242505339347217
Unknown;3.999920001599968e-05;0.9262672811059908;2.2328954609470806
Unknown;0.0442791144177116;0.3829787234042553;0.7867614814518272
Unknown;0.3265534689306213;-0.08;-0.4389281415140899
Low;0.0530389392212155;-0.3461538461538461;-1.306620010477284
Unknown;0.6024679506409871;-0.0222222222222222;-0.2321641748216129
Unknown;0.367792644147117;-0.1122448979591836;-0.3625199563659846
Control;0.874582508349833;0.2418300653594771;-0.0396614515476089
Unknown;0.0008399832003359;0.5524475524475524;1.0294193666193578
Unknown;0.0001999960000799;0.8333333333333334;1.0345977343689048
Unknown;0.0100797984040319;0.5661764705882353;0.797448132296089
Medium;0.0124397512049759;0.2193732193732193;1.0012311788347312
Unknown;0.3397932041359173;0.2222222222222222;0.4188293798016022
Unknown;0.3833123337533249;-0.2733333333333333;-0.2855883240468683
Unknown;0.4210315793684126;0.4466666666666666;0.3458731043014214
Unknown;0.745785084298314;-0.0679156908665105;-0.128611018405395
Unknown;0.624867502649947;-0.1440677966101695;-0.181601131495298
Unknown;3.999920001599968e-05;0.691358024691358;1.1970380234524478
High;0.4808303833923321;0.6217948717948718;0.2901164678310099
Unknown;0.5954680906381873;-0.1049382716049382;-0.2233326860850827
Unknown;0.0006799864002719;0.7222222222222222;1.5003152532189366
Unknown;0.2306753864922701;0.2391304347826087;0.4497363905142535
Unknown;0.9467410651786964;0.0;0.020615074581008
Unknown;0.5579888402231955;0.3653846153846153;-0.1839728919516982
Low;0.5849083018339634;0.0019762845849802;0.185538133903075
Control;0.117437651246975;-0.375;-0.6857503228530741
Unknown;7.999840003199936e-05;0.9290780141843972;2.669239291431902
Unknown;0.4685106297874042;0.0217391304347826;-0.2487187401213808
Unknown;0.1628767424651507;0.2476190476190476;0.554649790657413
Unknown;0.3549529009419812;0.2907801418439716;0.4041892287169068
Unknown;0.1785164296714065;0.2045454545454545;0.5089769080101079
Unknown;0.7274654506909862;0.0061728395061728;0.1811425635535873
Unknown;0.986580268394632;0.2361111111111111;0.0271861733850726
Unknown;0.2141157176856463;0.3028919330289193;-0.5963819077683447
Unknown;0.3272334553308934;-0.1904761904761904;-0.3730623476873287
Control;0.0084798304033919;0.74;0.993336184279334
Unknown;0.0589588208235835;-0.3511111111111111;-1.0852224951239802
Unknown;0.0052798944021119;0.674074074074074;1.3507966039860728
Unknown;0.0129197416051678;-0.3274074074074074;-0.9923462301471933
Unknown;0.1386372272554548;0.44;0.6375811378424421
Unknown;0.3508729825403492;0.2610837438423645;0.3770721292108851
Control;0.0012799744005119;0.782608695652174;1.5060142158907874
Medium;0.0513589728205435;-0.3459119496855345;-0.9752553579838492
Unknown;0.4205515889682206;0.2012578616352201;0.3510547160228665
Unknown;0.0236395272094558;0.6088888888888889;0.810328308271784
Unknown;0.2652746945061098;-0.0277777777777777;-0.4905595657863458
Unknown;0.7063458730825384;-0.0070921985815602;-0.1573337634529448
Unknown;0.995460090798184;-0.2444444444444444;0.0295186140990585
Unknown;0.7383852322953541;0.2222222222222222;0.1870004136754662
Unknown;0.0037599248015039;0.5771604938271605;0.78646143925195
Unknown;0.945717234262126;-0.0625;-0.0175058462376467
Unknown;0.8911821763564729;0.0772833723653395;0.0781557714510472
Unknown;0.3618327633447331;-0.1025641025641025;-0.3883494836458308
Unknown;0.0010399792004159;-0.4705882352941176;-2.00534755240476
Unknown;0.3540329193416132;-0.2340425531914893;-0.4120411905835878
Unknown;0.0014799704005919;0.6518518518518519;1.5070145563110255
Unknown;0.9509009819803604;-0.0044444444444444;8.717368935556756e-05
Unknown;0.0423591528169436;0.5507246376811594;0.9246654020751324
Unknown;0.6518669626607468;-0.2505854800936768;-0.1878267752512637
Low;0.1812763744725105;0.1509433962264151;-0.6429165809010443
Unknown;0.500589988200236;0.0780141843971631;-0.2781016451020269
Unknown;0.3839523209535809;0.1333333333333333;0.3880354533048504
Control;0.0075598488030239;0.5559701492537313;1.067660549854948
Unknown;0.9468610627787444;-0.1857142857142857;0.002103636876061
Low;0.4061118777624447;-0.2063492063492063;-0.355116582110924
Unknown;0.0431591368172636;0.4487179487179487;0.7492455990027018
Unknown;0.7833443331133377;0.2777777777777778;0.1618809644001868
Unknown;7.999840003199936e-05;0.92;1.7384809723910968
Unknown;0.9019019619607608;0.0;-0.0410633081211744
Unknown;0.7437851242975141;-0.0354609929078014;-0.1367457945811206
Unknown;0.1455970880582388;-0.2941176470588235;-0.7077198025656144
Unknown;0.0005199896002079;0.7806122448979592;1.274305047378368
Unknown;0.5828683426331474;0.0751633986928104;0.1727449950327009
Unknown;0.9152216955660888;0.0044444444444444;-0.0319805454707502
Control;0.0221995560088798;0.5673758865248227;0.7307114700301308
Unknown;0.2838743225135497;0.3866666666666666;0.5078061886710269
Unknown;0.0111597768044639;0.6319444444444444;0.6760755865037913
Unknown;0.7964240715185696;-0.1461988304093567;0.0896725385200387
Unknown;0.8107837843243135;0.1773049645390071;0.1332817595998983
Unknown;0.3180736385272295;0.1111111111111111;-0.4663880244505969
Control;0.2114757704845903;0.3695652173913043;0.5596330436651147
Unknown;0.2633547329053419;-0.1768707482993197;-0.4955003282379672
Unknown;0.5537489250214995;-0.2888888888888888;-0.2481654894680797
High;0.1571168576628467;0.3717948717948718;0.5710870854744245
Unknown;0.1882762344753105;-0.3262411347517731;-0.5963831500814547
Unknown;0.5073498530029399;-0.226950354609929;-0.1521540908304969
Unknown;0.4065118697626047;0.119047619047619;0.3107329672482241
Unknown;0.1362772744545109;0.3012820512820512;0.6272157497941886
Low;0.0929581408371832;-0.4804597701149425;-0.594453812967596
Unknown;0.0031599368012639;0.7006802721088435;1.1569531271347526
Unknown;0.8058638827223455;-0.037037037037037;0.164008849041392
Low;0.0002399952000959;0.8145363408521303;1.3874704971933938
Unknown;0.0781184376312473;0.36;0.7470609181048018
Unknown;0.1824363512729745;0.2834467120181406;0.483921545945932
Control;0.5443091138177236;-0.2307692307692307;-0.1576330443101693
Unknown;0.8394632107357853;-0.0817610062893081;0.1489089442576068
Unknown;0.0097598048039039;0.6521739130434783;0.9630604193994996
Unknown;0.0016799664006719;0.7293233082706767;1.168897948406711
Unknown;0.7175056498870023;0.0899470899470899;0.1652997252267155
Unknown;0.0197196056078878;0.4044117647058823;0.9280718495787484
Unknown;0.0007199856002879;0.837037037037037;1.4913898164326884
Unknown;0.9064618707625848;-0.2916666666666667;0.0075608630461555
Control;0.0602787944241115;-0.2814814814814815;-0.990113689338772
Unknown;0.0351192976140477;-0.4130434782608695;-1.010094780722747
Unknown;0.4033519329613407;0.2101449275362318;0.3666788170477423
Unknown;0.3148337033259334;0.5644444444444444;0.4877599042228581
Medium;0.2605547889042219;0.1724137931034483;0.4464980790819555
Unknown;0.4119517609647807;0.2466666666666666;0.3356353779755819
Unknown;0.6620667586648267;-0.2075471698113207;-0.1141212869654234
Unknown;0.1435171296574068;0.2756410256410256;0.6233208397538086
Unknown;0.8900221995560089;0.0101010101010101;0.0698144052524431
Unknown;0.0017199656006879;0.7333333333333333;1.2094690728903728
High;0.0253994920101597;-0.362962962962963;-1.1128411915820162
Unknown;0.0647987040259194;0.4347826086956521;0.7889865784899343
Unknown;0.2558348833023339;0.2084481175390266;0.36283584106725
Unknown;0.0750784984300313;0.3233082706766917;0.7617330659460719
Unknown;0.4791904161916762;-0.0849673202614379;0.3464471812019929
Unknown;0.9543809123817524;-0.0577777777777777;0.0908973387702492
Unknown;0.0006799864002719;0.5474308300395256;0.9063999009280088
Unknown;0.9277814443711124;-0.0666666666666666;0.0685860105805582
Unknown;0.0025199496010079;0.7533333333333333;0.8698626467499301
Unknown;0.7653046939061219;0.1280788177339901;0.161406253597341
Unknown;0.4662706745865083;0.1875;-0.2691836359402828
Unknown;0.4221915561688766;0.0577777777777777;-0.354274049232708
Medium;0.9000619987600248;-0.0927318295739348;-0.0329925350530001
Unknown;0.0009199816003679;0.7234848484848485;0.9855912363975998
Unknown;0.2197556048879022;-0.2444444444444444;-0.5469300004380327
Unknown;0.2182356352872942;-0.0797101449275362;-0.5701330175299139
Unknown;0.3926721465570688;-0.0256410256410256;-0.3667282862443929
Unknown;0.0004399912001759;0.7194805194805195;1.2363681507724456
Unknown;0.5297494050118997;0.1333333333333333;0.2835581404690749
High;3.999920001599968e-05;0.8952380952380953;1.3462914685425194
Unknown;0.4266714665706685;-0.3405797101449275;-0.3353427073221944
Unknown;0.3904321913561728;0.3840579710144927;-0.269082845982637
Unknown;0.0178796424071518;0.3752913752913753;0.7403621735411854
Control;3.999920001599968e-05;0.9622641509433962;1.410723058045614
Unknown;0.2219555608887822;0.2955665024630542;0.4722827933421977
Unknown;0.8516229675406491;-0.144927536231884;0.0247305126612669
Unknown;0.120877582448351;0.2148148148148148;0.553515459596503
Control;0.2907941841163177;0.0567375886524822;-0.4591227249384332
Unknown;0.0113197736045279;-0.5797101449275363;-1.2599615630571668
Unknown;0.0397992040159196;0.3402298850574712;0.6115640891339679
Unknown;0.5824283514329713;0.2336065573770492;0.2305545360524714
Unknown;0.5027499450010999;0.0666666666666666;0.2963244478255328
Unknown;0.0815983680326393;0.3537414965986394;0.6788100636907153
Unknown;0.0008799824003519;0.719047619047619;0.939190162577146
Unknown;0.3118337633247335;0.3674418604651163;0.3393338318911132
Medium;0.1140377192456151;0.5359477124183006;0.6595604571454291
Unknown;0.0020399592008159;0.7291666666666666;1.417387630605513
Unknown;0.0529989400211995;0.4666666666666667;0.8171515760446549
Control;0.4114717705645887;0.1626984126984127;0.3151015408548223
Medium;0.623707525849483;-0.2592592592592592;-0.1892911088135116
Unknown;0.624787504249915;-0.3834586466165413;-0.1144058981572171
Unknown;3.999920001599968e-05;0.8235294117647058;1.6073966060904132
Control;0.7974640507189856;0.3012048192771084;0.1290159815257641
Unknown;0.114677706445871;-0.3976124885215794;-0.5303688837246461
Low;0.0075598488030239;-0.4101382488479262;-1.2138384328507492
Unknown;0.626307473850523;0.0934579439252336;0.154722620356008
Unknown;0.4589508209835803;0.0133333333333333;0.3494892946278193
Unknown;0.0759984800303994;0.4938271604938271;0.8265485571719577
Unknown;0.0045599088018239;0.6797385620915033;0.9861258832410902
High;0.0007199856002879;0.7891156462585034;1.4632565069321426
Unknown;0.0246395072098558;0.5620915032679739;0.7195087625250158
High;0.4105917881642367;-0.5448717948717948;-0.2538691894793476
Unknown;0.3295934081318373;0.12;0.4811565897922053
Unknown;3.999920001599968e-05;0.6172839506172839;1.3699515953385586
Unknown;0.5761484770304593;-0.0844444444444444;-0.2267158077658257
Unknown;0.0001599968000639;0.8156028368794326;1.3025062082917052
Unknown;0.2183156336873262;0.3191489361702128;0.5772850252377634
Unknown;0.2082358352832943;0.3244444444444444;0.5781063522853929
Unknown;0.4684306313873722;-0.0691823899371069;-0.2707506064797044
Unknown;0.1482770344593108;0.2392857142857143;0.5054277692265722
Unknown;0.0415191696166076;0.4126984126984127;0.8597508329760849
Unknown;7.999840003199936e-05;0.8194444444444444;1.699114667123382
Unknown;0.6827863442731146;0.2118226600985221;0.1967426959011206
Low;0.0951580968380632;-0.1376811594202898;-0.7828897201922417
Unknown;0.0248795024099518;0.5833333333333334;0.496188797801709
Unknown;0.0238795224095518;0.5532467532467532;0.8229982017101696
Medium;0.0241595168096638;-0.3163265306122449;-1.2321650416569985
Low;0.6595468090638187;-0.1693121693121693;0.0838544993210559
Unknown;0.9580208395832084;0.2198581560283688;-0.0066283742546515
High;0.0004799904001919;0.66;1.7142116957505733
Control;0.0329593408131837;-0.4104938271604938;-0.8699047322820703
Unknown;0.0695186096278074;0.0625;-0.9588051864112386
Low;0.2699946001079978;-0.0592592592592592;-0.4939146904506156
Unknown;0.7900641987160257;-0.1304347826086956;-0.0498801989084792
Unknown;0.1440090308014836;-0.6601307189542484;-1.0077839241531676
Control;0.1563168736625267;-0.1644444444444444;-1.2580221258546862
Unknown;0.3165936681266375;0.3018867924528302;0.4361785983264011
Unknown;0.7641847163056739;0.0869565217391304;0.1556979431399076
Unknown;7.999840003199936e-05;0.9012345679012346;2.3140749497060744
Unknown;0.0185596288074238;0.496031746031746;0.8406045791294315
Unknown;0.2945141097178056;0.272108843537415;0.4637867590918151
Unknown;0.3592728145437091;0.5517241379310345;0.2679880243860205
Unknown;0.0052398952020959;-0.5833333333333334;-1.5098682245610522
Unknown;3.999920001599968e-05;0.9701492537313432;1.0242146877572198
Low;0.0055598888022239;0.6721311475409836;0.8212015733690331
Medium;7.999840003199936e-05;0.8240740740740741;1.589430955274199
Unknown;0.3140337193256134;0.2444444444444444;0.4865473294082192
Unknown;0.0059198816023679;0.5802469135802469;1.3926985016382216
Unknown;0.0013199736005279;0.7777777777777778;1.1461436888895022
Low;7.999840003199936e-05;0.903846153846154;1.3889995127494796
Unknown;0.3855922881542369;0.0;-0.3742500180547803
Unknown;0.3986320273594528;0.2098765432098765;-0.1921233382769443
Medium;0.0009199816003679;0.5711111111111111;0.9578983208991664
Unknown;0.1598768024639507;0.2118226600985221;0.5258511771850768
Unknown;0.9255414891702166;-0.025;-0.006079738131254
Low;0.8197436051278975;-0.0476190476190476;0.1532703035036484
Low;0.0029999400011999;0.6255707762557078;0.7477513302587431
Unknown;0.1593968120637587;-0.3404255319148936;-0.6576751969110227
Unknown;0.0452390952180956;0.5185185185185185;0.8484081486639964
Unknown;0.0925581488370232;0.2355555555555555;0.835259702106516
Unknown;0.5803883922321553;-0.1134751773049645;-0.2502501647808542
Control;0.0373592528149437;-0.1066176470588235;-0.948134270362656
Unknown;0.6103477930441391;0.0844444444444444;0.2885761399557595
Unknown;0.242195156096878;-0.2222222222222222;-0.4092992451791604
Unknown;0.0148397032059358;0.5185185185185185;0.7126510024914694
Unknown;0.6814663706725865;-0.2222222222222222;-0.0721212787211447
Unknown;0.3269934601307974;0.148217636022514;0.2857594094203837
Low;0.2948741025179496;0.0144927536231884;-0.5022151351558249
Unknown;0.0140397192056158;-0.5377777777777778;-1.2854228046786669
Unknown;0.3067538649227015;0.3012820512820512;0.4276570609373119
Unknown;0.0006799864002719;0.746031746031746;1.5141104279462363
Unknown;0.3887922241555169;0.148314606741573;0.287318292172763
Low;3.999920001599968e-05;0.9018759018759018;2.3837080399631785
Unknown;0.2739945201095978;0.1974110032362459;0.3215128189579981
Unknown;0.3501129977400452;-0.0485074626865671;-0.3498594320429197
Control;0.875022499550009;0.5217391304347826;0.1190297951877015
Unknown;0.0005999880002399;0.6857142857142857;1.0302279117071187
Unknown;0.0047599048019039;0.68;0.8329604143441145
Unknown;0.8625827483450331;0.1587301587301587;-0.0428918955631102
Unknown;0.0685186296274074;0.2264150943396226;0.7659108753602719
Low;0.2982340353192936;0.5477941176470589;0.3571723866573031
Unknown;0.0006399872002559;0.5783582089552238;1.2490420249276617
Control;0.9726205475890484;0.0377358490566037;0.0957035653058559
Unknown;0.51194976100478;0.1948051948051948;0.2687916312452503
Unknown;0.0266394672106557;0.5283018867924528;0.6899238655357848
Unknown;0.5683486330273394;0.5111111111111111;-0.1347735028263663
Control;3.999920001599968e-05;0.8928571428571429;1.644883690471825
Unknown;0.5709085818283635;0.2469135802469135;0.2754490772800722
High;7.999840003199936e-05;0.9251700680272108;2.2255458189030506
Unknown;0.6717465650686987;0.1636363636363636;0.1803355447543873
Unknown;0.3823923521529569;0.1111111111111111;0.355054784745707
Unknown;0.0033999320013599;-0.7592592592592593;-1.731442626899294
Unknown;0.0091598168036639;0.6592592592592592;1.1063422178895097
Unknown;3.999920001599968e-05;0.657967032967033;1.2362182642783173
Control;0.0122397552048959;-0.5797101449275363;-1.184812200946157
Unknown;0.0083198336033279;0.660377358490566;1.2336409903992582
Low;0.1297974040519189;0.3979591836734694;0.364995083136221
Unknown;0.7842243155136898;-0.0423280423280423;-0.0761577789828915
Unknown;0.2361152776944461;0.3;0.5162108214502298
Unknown;0.6319873602527949;0.0857142857142857;0.1686581024287652
Unknown;0.7240655186896262;0.1857142857142857;0.2259837954799276
Unknown;0.4134717305653887;-0.1893939393939394;0.2597453032792764
Unknown;0.0819583608327833;0.3197278911564626;0.7718523725768156
Unknown;0.1309973800523989;0.3656174334140435;0.5918370562490388
Unknown;0.0491590168196636;-0.8209876543209876;-1.0614237419025307
High;3.999920001599968e-05;0.961904761904762;1.3627928806052911
Unknown;3.999920001599968e-05;0.8014705882352942;2.082300334301549
Unknown;0.0787584248315033;0.4375;0.5287457566604425
Unknown;0.0837583248335033;0.3015873015873015;0.7038433359420103
Unknown;0.0073598528029439;0.7955555555555556;1.119856366673144
Unknown;0.3554328913421731;0.2518518518518518;0.3849357630037199
Unknown;0.245595088098238;-0.2199546485260771;-0.4738653849255038
Unknown;0.3569528609427811;0.0138888888888888;0.3854856992518324
Unknown;0.0005199896002079;0.7924528301886793;1.4956721307965917
Unknown;0.1954360912781744;0.2777777777777778;0.583767254188891
Low;0.2161156776864462;0.2935064935064935;0.5042835581943791
Unknown;0.0077598448031039;0.58203125;0.9183147438853732
Low;0.0527589448211035;0.5221674876847291;0.6672665369875278
Medium;0.0076398472030559;-0.427536231884058;-1.51014279849195
Unknown;0.7985040299194016;0.2865497076023391;-0.0302268971732579
Control;0.0768384632307353;0.3522727272727273;0.5477927824462002
Unknown;0.625907481850363;-0.1949685534591195;-0.2213910651055718
High;0.0325993480130397;0.5579710144927537;0.6930052551087676
Unknown;0.2812743745125097;0.2716049382716049;0.4716945683507069
Unknown;0.8646227075458491;0.0062893081761006;0.1241557719145224
Unknown;0.0525189496210075;-0.5102040816326531;-0.8458840527552484
Unknown;0.0345993080138397;0.373134328358209;0.6456392211701905
Unknown;0.0083998320033599;0.6054421768707483;1.0923916321028395
Unknown;0.4010319793604128;0.108695652173913;0.3807852900999849
Unknown;0.0150796984060318;-0.7101449275362319;-1.5267387507391024
Unknown;0.0282794344113117;0.4404761904761904;0.7705085319745145
Medium;0.3945521089578208;-0.1244239631336405;-0.3457955699795757
Control;0.6629867402651947;-0.1224489795918367;-0.1620337462011235
Unknown;0.99870002599948;-0.1805555555555555;-0.0069214622289306
High;0.0001599968000639;0.8723404255319149;0.8325572981076758
Unknown;0.0004799904001919;0.6544117647058824;1.2210063583642523
Unknown;0.3255934881302374;-0.2222222222222222;-0.4335118262033128
Unknown;0.3045939081218375;-0.4115384615384615;-0.3921159447216813
Unknown;0.0181596368072638;0.6143790849673203;0.929600504173866
Unknown;0.8678626427471451;0.0755555555555555;0.1780573793464816
Unknown;0.0103997920041599;-0.6370370370370371;-1.1742180819564545
Unknown;0.875302493950121;0.0496453900709219;0.093235733289635
Unknown;0.0023599528009439;0.6268115942028986;1.0121463917498383
Unknown;0.2016359672806544;0.425531914893617;0.5653471003385743
High;0.0542789144217115;0.4155555555555555;0.626111931933505
Unknown;0.0477190456190876;0.3612637362637362;0.5563909280818458
Unknown;0.2753144937101258;0.376;0.5101906181788102
Unknown;0.0118797624047519;0.5738498789346247;0.8826869884941025
Control;0.4833903321933561;0.5669014084507042;0.2413206909672904
Low;0.7261854762904741;0.3884615384615384;0.1489956992526397
Medium;0.0569588608227835;-0.2687651331719128;-0.9352096725596316
Unknown;0.8043478260869565;0.1363636363636363;0.2024066374420326
High;0.0003199936001279;0.7448979591836735;1.5704175551054935
Unknown;0.1267174656506869;0.4066666666666667;0.6489535326404682
Unknown;0.4440711185776284;-0.3194444444444444;-0.2941490593661546
Control;0.3053538929221415;0.3306122448979592;0.4932435305598101
Unknown;0.880422391552169;0.0666666666666666;0.1636929418019989
Medium;0.2133557328853423;0.3066666666666666;-0.6277153934796136
Unknown;0.5994680106397872;0.4294117647058823;0.2056317952283735
Low;0.6560668786624267;-0.2075098814229249;0.0893257817923686
Unknown;0.2893942121157576;0.3066666666666666;0.5084111808518719
Unknown;0.873302533949321;-0.0579710144927536;0.1943325477762046
Control;0.0177596448071038;0.5851851851851851;0.999984273445042
Unknown;0.4559508809823803;-0.0784313725490196;-0.3098268820531168
Unknown;0.1576368472630547;-0.3;-0.6216960793194709
Unknown;0.7302653946921062;0.0579710144927536;0.2103521374184525
Unknown;0.0033599328013439;0.660377358490566;1.38650840862285
Unknown;3.999920001599968e-05;0.9285714285714286;1.488098748131184
Unknown;0.0130397392052158;0.6170212765957447;0.9125626610128252
Unknown;0.0010799784004319;0.6370370370370371;1.527864461026682
Unknown;0.7165856682866343;-0.2088888888888889;-0.1560621311401377
Unknown;0.6005479890402192;-0.2624113475177305;-0.1875726019396422
Unknown;0.0201195976080478;0.5612244897959183;0.911909971054204
Unknown;0.8501829963400732;-0.0074074074074074;-0.0697143292757926
High;0.0002799944001119;0.7994987468671679;1.7139708402907186
Unknown;0.0651586968260634;-0.201058201058201;-0.8154338627024285
Unknown;7.999840003199936e-05;0.8940092165898618;1.938091369065756
Unknown;0.7974640507189856;0.1134751773049645;0.1070030887125467
Unknown;0.6613067738645227;0.0425531914893617;0.1974996692613305
Unknown;0.0050398992020159;0.7972972972972973;1.3783273409333168
Unknown;0.0004799904001919;0.7536945812807881;0.955405075046176
Control;0.9157416851662968;0.0814814814814814;0.1225966611946407
Control;0.2318753624927501;-0.3523809523809524;-0.5038837061542326
Unknown;0.0011999760004799;0.8014184397163121;1.8455891252243928
Control;0.1327573448531029;0.0592592592592592;-0.9609050237243864
Unknown;0.0293994120117597;-0.3920817369093231;-0.8249602285077808
Unknown;0.1699966000679986;-0.5111111111111111;-0.7082151656977813
Unknown;0.0021199576008479;0.7441860465116279;1.2015591239867704
Unknown;0.0019199616007679;0.7333333333333333;0.9600980980091128
Unknown;0.4010319793604128;-0.2531328320802005;-0.3427635600125394
Control;3.999920001599968e-05;0.7474747474747475;1.0606548250182029
Unknown;0.0248795024099518;0.5512820512820513;0.8089707749542219
Unknown;0.1373572528549429;-0.5069124423963134;-0.6573938208185762
Unknown;0.2223555528889422;0.2138364779874214;0.5444287608270274
Unknown;0.0139997200055998;-0.5144927536231884;-1.2716239439455472
Unknown;0.6594668106637868;0.0844444444444444;0.2204431497440405
Unknown;0.1441571168576628;0.2013888888888889;0.5671101435375964
Medium;0.0028799424011519;-0.5988455988455988;-1.1939862111898554
Low;0.0556388872222555;0.4841269841269841;0.7158498165296069
Low;0.367432651346973;0.3055555555555556;0.3980148873943195
Unknown;0.0002399952000959;0.8233766233766234;1.3793010254671252
Unknown;0.2227155456890862;0.3066666666666666;0.5699984260232036
Unknown;0.2056758864822703;0.0679012345679012;-0.6174291940411972
Unknown;0.0001199976000479;0.8827160493827161;1.3083519489304738
Control;0.0429591408171836;0.4135802469135802;0.9101050341285196
Unknown;0.7177856442871142;0.238095238095238;-0.0858039492004396
Unknown;0.1839963200735985;0.2733333333333333;0.5060323031987367
Unknown;0.3932721345573088;0.3061224489795918;0.381389641916774
Control;0.999420011599768;0.0635294117647058;-0.0050155782723873
Unknown;0.2873142537149257;0.2575757575757575;0.4024848077714252
Unknown;0.5751084978300434;0.0333333333333333;0.2803630879217368
Unknown;0.5674686506269875;0.3125;0.2257964320845364
Unknown;0.2149157016859662;0.0538641686182669;-0.6271860396162867
Control;0.1961560768784624;0.2505747126436781;0.4254360762455084
Unknown;0.3968320633587328;0.0872727272727272;0.2782025550773012
Unknown;0.2751322751322751;0.5;0.7631623812820063
Unknown;0.5268694626107477;0.2222222222222222;-0.1857379296392098
Unknown;0.6427471450570988;0.0765306122448979;0.2526461817124737
Unknown;0.0731185376292474;-0.2733333333333333;-1.1091998835898966
Unknown;0.6625867482650347;0.0133333333333333;-0.122132103361448
Low;0.0610387792244155;0.5294117647058824;0.6759838471267725
Unknown;0.1507569848603027;0.3024691358024691;0.2937942250611972
Unknown;0.0001199976000479;0.8650793650793651;1.2553341964806872
Unknown;0.1140377192456151;-0.6148148148148148;-0.7557996939597846
Unknown;0.0241595168096638;0.4468085106382978;1.150875279366619
Unknown;0.8039439211215775;-0.1224489795918367;0.1565978786704468
Low;0.1541569168616627;-0.02;-0.629376675223918
Unknown;0.0251994960100798;0.5544794188861986;0.7872482616328267
Unknown;0.1130377392452151;0.4534883720930232;0.4867948613907245
High;0.0012399752004959;-0.7551020408163265;-1.8320828409383891
Unknown;0.2758344833103338;-0.1066666666666666;-0.3607526660022162
Unknown;0.5427491450170997;-0.1377777777777777;-0.2781857086095247
Unknown;0.0022799544009119;0.7152777777777778;1.4097226538449068
Unknown;0.1880362392752144;0.2425373134328358;0.4677498321287636
High;0.0115997680046399;0.4343434343434343;0.6848443642120359
Unknown;0.6625867482650347;-0.0680272108843537;-0.1182236559686505
Unknown;0.4058318833623328;0.196078431372549;0.3645260383654283
Unknown;0.5940681186376272;0.0966810966810966;0.2094701459142657
Low;0.8834223315533689;0.2183098591549295;-0.0395212051037768
Unknown;0.6240675186496271;-0.1884057971014492;-0.2074678175808131
Unknown;0.7985040299194016;-0.0296296296296296;0.139523830564933
Unknown;0.5150696986060279;0.1333333333333333;0.2995393438705392
Unknown;0.251514969700606;0.0676691729323308;-0.4658656611821073
Unknown;0.3025939481210375;0.2179487179487179;0.4535970170417976
Control;0.1654766904661906;0.0969696969696969;-0.4801084381852828
Unknown;0.3114337713245735;0.1895424836601307;0.4178346598348782
Unknown;0.3621527569448611;0.3155555555555555;0.4318980518071008
Unknown;0.24867502649947;0.1568627450980392;0.5077595955152058
Medium;0.0282394352112957;0.5822222222222222;1.0245128465585738
Control;0.3115537689246215;-0.5079365079365079;-0.2050826595677827
Unknown;0.5453890922181557;0.1703703703703703;0.2753403670388415
Medium;0.0159596808063838;0.6025641025641025;1.025145866782866
Unknown;0.0092798144037119;-0.6354166666666666;-1.0269058122125625
Unknown;0.0009599808003839;0.6023391812865497;1.0005299838699666
Unknown;0.3845123097538049;0.0961538461538461;0.3861186459225501
Unknown;0.3271934561308773;-0.1534701857282502;-0.3180395465173649
Medium;0.127557448851023;-0.5259259259259259;-0.6471098631486757
Control;0.2881942361152776;-0.2972972972972973;-0.3724871200274275
Unknown;0.4718305633887322;0.1875;0.3258814403965076
Unknown;0.2008759824803504;-0.2624113475177305;-0.5730602989655963
Unknown;0.5829883402331953;0.1253644314868804;-0.1950931065720742
Low;0.1819163616727665;0.0754716981132075;-0.6725278237391903
Unknown;0.6536269274614508;0.1201201201201201;-0.1248677308613706
Unknown;0.4531909361812763;0.1111111111111111;0.3864021442617118
Unknown;0.6914661706765864;0.04;-0.1552062792891598
Unknown;0.1663166736665266;-0.2847222222222222;-0.7271365775910149
Unknown;0.0473590528189436;0.5466666666666666;0.8778289553318099
Unknown;3.999920001599968e-05;0.9615384615384616;2.3233261112791217
Unknown;0.5321893562128758;-0.261437908496732;-0.1808411726816215
Unknown;0.2325153496930061;0.2411347517730496;0.5073995888946393
Unknown;0.3029539409211815;0.2368421052631578;0.4461619001957673
Unknown;0.5397092058158837;-0.2756410256410256;-0.2581774276300211
High;0.6526269474610508;0.0072463768115942;0.2058662618567409
Medium;0.0724385512289754;0.375;0.8252895529850559
Unknown;0.0233195336093278;-0.3333333333333333;-1.0905254461521967
Control;0.8270634587308254;0.1133333333333333;0.1327186785701836
Unknown;0.3390732185356293;-0.44;-0.4154902767917473
Unknown;0.7381452370952581;-0.075268817204301;-0.1012152784911468
Low;0.0224795504089918;-0.3884711779448621;-1.304721455683013
Unknown;0.0189596208075838;0.3971631205673759;1.0707358209353055
Unknown;0.4742705145897082;0.2013888888888889;-0.3066605877540584
Unknown;0.3171536569268615;0.5137844611528822;0.4121951749312799
Unknown;0.118437631247375;-0.3768115942028985;-0.7729049568747812
Unknown;0.0670386592268154;-0.3555555555555555;-1.0152722628725792
Unknown;0.0001199976000479;0.6682692307692307;0.868858649890772
Unknown;0.0001199976000479;0.91156462585034;1.011495875520016
Unknown;0.0937581248375032;-0.5022222222222222;-0.8278492993840462
Unknown;0.0042399152016959;0.5844155844155844;1.097114599131224
Unknown;0.0613587728245435;-0.0289855072463768;-0.9411855762123154
Unknown;0.0002799944001119;0.7291666666666666;1.7874870397235687
Unknown;0.8169036619267614;-0.15;-0.0819345266252744
Unknown;0.120117597648047;-0.5111111111111111;-0.7733050156143608
Low;3.999920001599968e-05;0.8755760368663594;2.044826463854656
Medium;0.0684786304273914;0.6405529953917051;0.6936043210687144
Unknown;0.2901141977160457;0.2051282051282051;0.4199538524232535
Unknown;0.0163996720065598;0.7163120567375887;0.7171497922629787
Unknown;0.7663446731065379;0.0054945054945054;0.1095627709108255
Unknown;0.8634227315453691;-0.1655328798185941;0.0970379841184393
Control;0.6593868122637547;0.1474358974358974;0.1988476783202729
Medium;0.3293134137317253;0.1884615384615384;0.3666247969536831
Control;0.6827863442731146;0.1984126984126984;-0.111638538522125
Unknown;0.0067598648027039;0.7244444444444444;1.352170874112378
Unknown;0.0085598288034239;0.6458333333333334;0.9971620474523056
Unknown;0.1060378792424151;0.2708333333333333;0.7088649671762773
Unknown;0.3298734025319493;0.1050724637681159;0.365514905324413
Unknown;0.7349853002939941;-0.0567375886524822;0.1427697411699066
Unknown;0.1573968520629587;-0.3049645390070922;-0.6300709289467784
Unknown;0.2119157616847663;0.4489795918367347;0.5524640293102691
Control;0.9663806723865522;-0.0357142857142857;0.0499331497945409
Unknown;0.1613567728645427;0.3464052287581699;0.615834573665846
Unknown;0.0026399472010559;0.5459183673469388;1.5097478770596482
Unknown;0.0020399592008159;0.7730496453900709;0.989787008180216
Unknown;0.2144757104857902;-0.181159420289855;-0.566838466319476
Medium;0.3939121217575648;0.2745098039215686;0.3198169387862814
Unknown;0.5615087698246035;-0.1320754716981132;-0.2394868507831173
Unknown;0.2107157856842863;0.4311111111111111;0.5910784930155342
Unknown;0.0053198936021279;0.5384615384615384;1.0849417843912117
Unknown;0.9473810523789524;-0.036231884057971;0.0216466770437075
Medium;0.0015199696006079;0.6150793650793651;1.3209513418107317
Unknown;0.0195596088078238;0.4866666666666667;0.6717616795664911
Unknown;0.5789084218315633;0.1590909090909091;0.2583710900905784
Unknown;0.616827663446731;0.2028985507246377;0.2159641007779089
Medium;0.0157196856062878;-0.4601449275362319;-0.9295995086116956
Unknown;0.0007599848003039;0.6265432098765432;1.3162897822383248
Unknown;0.1984360312793744;-0.2445520581113801;-0.533244390881584
Unknown;0.0368392632147357;0.5625;0.7724437048353948
Unknown;0.115397692046159;0.3775510204081632;0.6194200556495508
Unknown;0.7281454370912582;0.164021164021164;0.1317272714527343
Control;0.0006799864002719;0.6433734939759036;0.7432755627389359
Medium;0.0246395072098558;-0.5486111111111112;-1.0089157844952756
Unknown;0.4212315753684926;0.6089743589743589;0.3346961545553577
High;0.754344913101738;0.5483870967741935;-0.0378052584957036
Unknown;0.9172616547669048;-0.0488888888888888;-0.0076282521542805
Unknown;0.7141057178856423;0.2539682539682539;-0.1132242467377395
Unknown;0.9330613387732244;0.0738916256157635;-0.0117711479878073
Unknown;0.0393192136157276;-0.6258503401360545;-1.215601963418708
Unknown;0.6569468610627788;-0.0851063829787234;0.1958765372942206
Unknown;0.0257194856102877;0.6148148148148148;1.0004324676908307
Unknown;0.6602667946641068;0.0577777777777777;-0.1763811265320117
Unknown;0.5987480250394992;-0.2391304347826087;-0.1519495218283915
Low;0.0777184456310873;-0.2013888888888889;-0.7353068616023786
Unknown;0.0714385712285754;0.423728813559322;0.6900709987184083
Unknown;0.2377152456950861;0.2592592592592592;0.5099664749929869
Unknown;0.9046219075618488;-0.0844444444444444;0.0914762308392953
Unknown;0.0215995680086398;0.6888888888888889;0.804048347361166
Unknown;0.6071478570428591;0.2309941520467836;0.2040653271044787
Unknown;0.0054398912021759;0.5555555555555556;1.12203280407217
Unknown;0.4862702745945081;0.1895424836601307;0.3179104212760447
Unknown;0.8537029259414811;0.0196078431372549;0.0920090742849053
Unknown;3.999920001599968e-05;0.8701298701298701;1.7802402976064045
Control;0.7131457370852583;0.562962962962963;-0.123110438857477
Unknown;0.0666386672266554;0.4539007092198581;0.7883969427400204
Unknown;0.9454610907781844;-0.0869565217391304;0.1256638671964492
Unknown;0.0021199576008479;0.7350649350649351;1.207023509634635
Unknown;0.0001999960000799;0.7891156462585034;1.2950294574931145
Low;0.8535029299414012;0.2238095238095238;-0.0474026397544648
High;0.0372392552148957;0.5625;0.9526829478391922
Unknown;0.2392752144957101;0.3333333333333333;0.4994450202946122
Unknown;0.3008339833203336;0.3333333333333333;0.4486628428241865
Unknown;0.0421591568168636;-0.0849673202614379;-1.0613491537144673
High;0.8185036299274014;0.1911111111111111;0.0944665225767128
Unknown;0.9368212635747284;0.1866666666666666;0.0742595140918365
Unknown;0.1962760744785104;0.4824561403508772;0.558315022608076
Unknown;0.0932381352372952;-0.3807692307692307;-0.66104372580912
Unknown;0.0145197096058078;0.3656716417910448;0.7664362385641611
Unknown;0.2063958720825583;0.3511111111111111;0.5008563799986556
Unknown;0.9822603547929042;-0.1666666666666666;0.0488589904402595
Low;0.0703585928281434;0.4;0.5567306737114618
Unknown;0.0063998720025599;0.625;0.928839735530818
Unknown;0.9554208915821684;0.2291666666666666;0.065267845708959
Unknown;0.0004799904001919;0.7777777777777778;1.2841644128065757
Unknown;0.0810383792324153;0.4513888888888889;0.7158198423983362
Unknown;0.5158696826063479;-0.1564625850340136;-0.2735829628646768
Unknown;0.631787364252715;-0.1304347826086956;-0.2076903354218249
Unknown;0.751944961100778;-0.2711111111111111;-0.0988557460406829
Medium;0.1562768744625107;-0.2463768115942029;-0.6210440550961887
Unknown;0.0048799024019519;0.75;1.1210214224762285
Unknown;0.1987960240795184;0.3466666666666667;0.5424884635919472
Unknown;0.0039199216015679;0.5600907029478458;1.0404378279132194
Medium;0.0053598928021439;0.5825825825825826;0.8135342048484574
Unknown;0.0549189016219675;0.524822695035461;0.9207615937741076
Unknown;0.3842723145537089;0.1333333333333333;0.3779668181615005
Unknown;0.0005199896002079;0.7536231884057971;1.2526822097315446
Low;3.999920001599968e-05;0.9197530864197532;2.005900391343766
Unknown;0.3019939601207976;0.3968253968253968;0.4965022357755787
Unknown;0.5175096498070039;0.1578947368421052;0.2069654530424196
Unknown;0.1917161656766864;0.3723653395784543;0.4999691871169087
Unknown;0.0481190376192476;0.4236111111111111;0.7100705033658985
Unknown;0.2598748025039499;-0.1644444444444444;-0.559458011270726
Unknown;0.2073958520829583;0.22;0.5469824264581208
Unknown;0.499030019399612;-0.0251572327044025;0.3026661626114517
Unknown;0.0706785864282714;0.5;0.7971674875210442
Control;0.99510009799804;0.0025062656641604;0.0291422136570148
High;0.1645567088658227;0.3137254901960784;0.6138608257007607
High;0.0166396672066558;0.4555555555555555;0.8151933023246324
Control;0.3632327353452931;0.2072072072072072;-0.3172548735716267
Unknown;0.0023999520009599;0.6617647058823529;1.0210467344693817
Medium;3.999920001599968e-05;0.8950617283950617;1.532910158131788
Unknown;7.999840003199936e-05;0.8581560283687943;1.8930855809547724
Unknown;0.0433191336173276;0.5786163522012578;0.6200184976823143
Unknown;0.4290714185716285;0.2091503267973856;0.354259708936075
High;0.0021999560008799;-0.6666666666666666;-1.9837167485890723
Unknown;0.0344393112137757;0.419047619047619;0.7235020757955398
Unknown;0.9465010699786004;0.0833333333333333;-0.0004177406661685
High;7.999840003199936e-05;0.9266666666666666;1.5595589800313578
Unknown;0.0095998080038399;0.6370370370370371;1.087137938561036
Unknown;0.1897962040759185;0.0512820512820512;-0.5881018169852019
Unknown;0.6771064578708426;0.0307692307692307;-0.1659914292955376
Unknown;0.628387432251355;0.1346153846153846;0.2473688951729704
High;0.0054398912021759;0.7363636363636363;1.278471037025479
Unknown;0.0010399792004159;0.6373239436619719;1.341345095098284
Unknown;0.1276374472510549;-0.1733333333333333;-0.742264208052902
Unknown;0.8184236315273694;0.0897435897435897;0.0992501158744408
Medium;0.0959980800383992;0.30859375;0.6237652244611988
Unknown;0.0001199976000479;0.900709219858156;1.8746838506398635
Unknown;0.7421851562968741;0.0705128205128205;0.1377518747054691
Control;0.0333593328133437;-0.4489795918367347;-1.0780260243485966
Unknown;0.8081038379232416;0.2962962962962963;0.1300107016012744
Low;0.0205995880082398;-0.4753521126760563;-1.1247745699114209
Low;0.0008799824003519;0.6681887366818874;0.7094195166666005
Unknown;0.626667466650667;0.0583333333333333;0.2415333074496521
High;0.2311153776924461;-0.1836734693877551;-0.5303379777267486
Unknown;0.6694666106677867;-0.0748299319727891;-0.1529562520656041
Unknown;0.0639187216255674;-0.5490196078431373;-0.9335347096974922
High;0.0433591328173436;0.4398782343987823;0.7334544283083705
Unknown;0.0500389992200156;-0.4577777777777778;-1.1365338230207866
Unknown;0.8056238875222496;0.5359477124183006;0.1699480274185089
Unknown;0.2233155336893262;0.2425373134328358;0.4500564538310126
Unknown;0.3603927921441571;0.0357142857142857;-0.3500428232206021
Unknown;0.1641167176656467;0.2602040816326531;0.4938626665885746
Unknown;0.0246395072098558;0.3876543209876543;0.5482315289904868
Unknown;0.8184236315273694;-0.074074074074074;-0.0939945842105181
Unknown;3.999920001599968e-05;0.9625292740046838;2.3904407053461982
Unknown;0.880502389952201;-0.0684931506849315;-0.0286429492731846
Unknown;0.6541869162616748;-0.3155555555555555;-0.1852322504258408
Medium;0.0001199976000479;0.8962962962962963;0.8969438461622842
Unknown;0.1377172456550869;0.3333333333333333;0.6369617986093502
Unknown;0.0509189816203675;0.4640522875816993;0.7298691591748405
Low;0.0295594088118237;-0.2779220779220779;-1.120726095774785
Unknown;0.0273194536109277;0.4376417233560091;0.9264550591439424
Unknown;0.8127837443251135;0.1851851851851851;0.1209031510112015
Unknown;0.7338226990400903;0.2894736842105263;0.21576838232013
Unknown;0.373272534549309;-0.3111111111111111;-0.3880095199200409
Unknown;0.6558268834623308;-0.3194444444444444;-0.1518016007097309
Unknown;0.4162316753664927;-0.1985815602836879;-0.3504061821735132
High;0.0001199976000479;0.8758169934640523;1.6122866358137196
Unknown;0.4093118137637247;0.1629629629629629;0.3766498522613203
Control;0.9707805843883124;0.0679012345679012;0.0227064414885529
Unknown;0.3426331473370532;0.1428571428571428;0.3917735117739599
Unknown;0.0036799264014719;0.6808510638297872;0.9404705805407144
Unknown;0.1503569928601427;0.3195121951219512;0.4748741314138636
Unknown;0.0134797304053918;0.4729064039408867;1.034077344030662
Control;0.0001999960000799;0.875;1.6945479000164845
Unknown;0.0040799184016319;0.7037037037037037;0.8236392172602195
Unknown;3.999920001599968e-05;0.9411764705882352;2.689787114533209
Unknown;0.1631167376652467;0.4380952380952381;0.5156818525112118
Unknown;0.8383432331353373;-0.3134920634920635;-0.0414645132923536
Unknown;0.4275514489710206;-0.0755555555555555;-0.3724424698842768
Control;0.1959160816783664;0.2222222222222222;-0.683652219786175
Unknown;0.4501509969800604;-0.1836734693877551;-0.2579207861785579
Medium;0.0079198416031679;0.6942355889724311;0.8676476199026832
Unknown;0.0310393792124157;0.5416666666666666;0.8934481285789423
Unknown;0.0554388912221755;0.4506172839506173;0.6292876877502428
Unknown;0.3955520889582208;0.0833333333333333;0.3588070986060408
Unknown;0.8264634707305853;0.0714285714285714;-0.0536922377711944
Unknown;0.3577928441431171;-0.1972789115646258;-0.3959082015047406
Medium;0.4858702825943481;-0.1753731343283582;0.2791303383489946
Unknown;0.6540269194616107;0.2362637362637362;0.1880256746719601
High;0.0535589288214235;-0.1134751773049645;-1.0324759632109086
Unknown;0.0545989080218395;0.4786967418546365;0.7607468965585619
Unknown;3.999920001599968e-05;0.9111111111111112;1.6356234701238317
Unknown;0.750584988300234;0.1521739130434782;0.1922069240067564
Unknown;0.0153596928061438;0.6595744680851063;1.0365776599991352
High;0.0926381472370552;-0.4177215189873418;-0.6724751674122094
Medium;0.1371172576548469;-0.3688888888888889;-0.6981181569670465
Low;0.7161456770864583;-0.1100702576112412;-0.1353327451077347
Unknown;0.0891182176356472;-0.2101449275362318;-0.9075851750505524
Unknown;0.1916761664766704;0.3688311688311688;0.51784923778958
Medium;0.6015479690406191;0.1822222222222222;-0.2219783497106465
High;0.0937181256374872;-0.5111111111111111;-0.7722145420065135
Unknown;0.0781584368312633;0.4901960784313725;0.7358066251882825
Medium;0.0418791624167516;0.5822222222222222;0.9766150686471782
Unknown;0.0018799624007519;0.7246376811594203;1.3338952414840162
Unknown;0.0160796784064318;0.5608465608465608;0.609146785477545
Medium;0.6355072898542029;-0.0383275261324041;-0.1895281845947074
Unknown;0.0299994000119997;0.5576923076923077;0.7336358128753839
Unknown;0.4791904161916762;0.0755555555555555;0.356919997844499
Unknown;0.4020319593608127;-0.1666666666666666;-0.3222841900513077
Unknown;0.0017999640007199;0.6846153846153846;0.9927128746104948
Unknown;0.0031999360012799;0.5333333333333333;0.7521125300406352
Unknown;0.3557528849423012;0.12;-0.3908777347223763
High;0.120797584048319;0.4418604651162791;0.7246886512702334
Unknown;0.4822303553928921;0.2341269841269841;0.2900634930898706
Unknown;0.1445971080578388;0.2923076923076923;0.5710187484995362
Unknown;0.2792744145117097;0.2888888888888888;0.5103784731763985
Unknown;0.8620627587448251;-0.0844444444444444;0.1107903827864458
Control;0.9016219675606488;0.2907801418439716;0.0596501169633721
Control;0.9136617267654646;0.1466666666666666;-0.0406282679414131
Unknown;0.0105597888042239;0.5714285714285714;1.008582403946661
Unknown;0.3944321113577728;0.2755102040816326;0.3486110883225122
Unknown;0.871702565948681;-0.0249433106575963;0.0179242312053505
Control;0.4201915961680766;0.238095238095238;-0.3176800947467959
Unknown;0.2163156736865262;0.3082706766917293;0.4913119239263079
Unknown;0.747145057098858;0.0354609929078014;0.1245187457865014
Unknown;0.0001199976000479;0.8742138364779874;1.2593403965706886
Unknown;0.7150656986860263;-0.0452674897119341;0.1380956123043982
Unknown;0.0936781264374712;0.4133333333333333;0.8061572448509793
Unknown;0.3143137137257255;-0.1259259259259259;-0.3374027913551336
Unknown;0.3044339113217735;-0.2;-0.4126028234508266
Unknown;0.6760664786704266;0.0488888888888888;0.158194801552621
Unknown;0.2858742825143497;0.282051282051282;0.4550272146607567
Unknown;0.9433411331773364;-0.0354609929078014;-0.0196440096937346
Unknown;0.4407511849763004;0.2482269503546099;0.3440508579174128
Low;0.4651506969860602;0.0833333333333333;-0.2176132040337663
Unknown;0.0423991520169596;0.5555555555555556;0.8578901306206723
Unknown;0.5881082378352432;0.1815980629539951;0.2403424249377854
Unknown;0.4333913321733565;0.2531328320802005;0.3344411692690373
Unknown;0.5593488130237395;-0.0625;-0.251237394721701
Unknown;0.4516709665806684;-0.0133333333333333;0.4176218981290826
Unknown;0.0132397352052958;0.503448275862069;0.8212221319691213
Low;0.0017199656006879;0.62109375;1.1339409928100854
Control;0.3302333953320933;0.0793650793650793;0.3862453563159014
Unknown;0.6664666706665867;0.1159420289855072;0.2119658308109759
Unknown;0.0018399632007359;0.6797385620915033;1.4407262070295197
Unknown;0.490870182596348;0.3051470588235294;0.268199940817489
Unknown;0.5305893882122358;-0.1531986531986532;-0.1910002055043512
Medium;0.9696606067878644;0.2117086453369639;0.0367319729618353
Unknown;0.6435071298574029;0.0264550264550264;0.237259491349218
Unknown;0.0251994960100798;0.6049382716049383;1.0386069874011647
Unknown;0.4764704705905881;0.2037037037037037;0.3227098506417108
Unknown;0.1479170416591668;-0.0256410256410256;-0.7235596551880077
Medium;0.0224395512089758;0.6;1.2079887914520486
Unknown;0.0732785344293114;0.4150943396226415;0.7000453095508153
Unknown;0.7845843083138337;0.4248366013071895;-0.0482479320914854
Unknown;0.3195536089278214;0.3037037037037037;0.4329318384149837
Unknown;0.0407991840163196;-0.4313725490196078;-0.9547816223173712
Control;0.2165556688866222;0.5163398692810458;-0.5730737434817543
Unknown;0.7027059458810824;-0.0212765957446808;0.1841879985382689
Unknown;0.0125197496050079;0.45;0.8082031068804416
Unknown;0.0009999800003999;0.6528735632183909;1.1861175925618104
Unknown;3.999920001599968e-05;0.802439024390244;1.3717077642673965
Medium;0.0810783784324313;0.5138888888888888;0.7408178207244344
Control;0.2091958160836783;0.02;-0.5493221189544217
Unknown;0.4857102857942841;-0.2345679012345679;-0.3044128524686452
Unknown;0.6691866162676746;-0.1111111111111111;-0.0167823571060031
Unknown;0.2001559968800624;0.4337662337662337;0.5024423744592804
Unknown;0.1725965480690386;0.3259259259259259;0.5613508302709576
High;0.0024799504009919;0.6014492753623188;0.9042571035053364
Unknown;0.0379992400151997;0.492063492063492;0.8193249023438041
Unknown;3.999920001599968e-05;0.8888888888888888;1.6950884418915382
Unknown;0.0001599968000639;0.8201058201058201;1.1177323786865538
Unknown;0.0895982080358392;0.4418604651162791;0.7251509098768056
Low;0.0014799704005919;0.78;1.4714854096458203
Low;0.2825143497130057;-0.0195121951219512;-0.3480325834509313
Unknown;0.0945581088378232;0.3870967741935484;0.6491260598146933
Unknown;0.3523929521409571;0.2074074074074074;0.4068587761016652
Unknown;0.3475930481390372;0.2177777777777777;0.4549283749059911
Unknown;0.0992380152396952;0.3666666666666666;0.7098987973081753
Unknown;0.502029959400812;-0.12;0.3072712485278831
Unknown;0.6718265634687306;0.3066666666666666;0.195537872647074
Control;0.1486770264594708;0.3111111111111111;0.411739984472214
Unknown;0.3892748588797221;-0.4782608695652174;-0.525459793733468
Unknown;0.7614247715045699;-0.0755555555555555;-0.119655165255558
Unknown;0.989060218795624;-0.0909090909090909;0.0403444547111074
Unknown;0.0625587488250235;0.3537414965986394;0.7449389719462738
High;0.8143437131257375;0.1198156682027649;0.0860197161260026
Medium;0.1876362472750544;0.0025974025974025;-0.7040938410972948
Low;0.0308793824123517;0.5369458128078818;0.7478866698319574
Unknown;0.3111937761244775;-0.2148148148148148;-0.449092783010155
Unknown;3.999920001599968e-05;0.9591836734693876;1.6379267345416717
Unknown;0.8386232275354493;0.4791666666666667;0.1230483705595124
Unknown;0.0001199976000479;0.8525345622119815;1.6187685651386865
High;0.0635987280254394;-0.4557823129251701;-0.826358255929936
High;0.3221935561288774;0.0434782608695652;-0.4232316652539455
Unknown;0.251594968100638;-0.2222222222222222;-0.5178135758981627
Unknown;0.0463190736185276;0.5111111111111111;0.8532245001889902
Unknown;0.0133997320053598;-0.4776470588235294;-0.8499816788763568
Unknown;0.0768384632307353;0.4133333333333333;0.9399788260894584
Unknown;0.3218735625287494;0.4133333333333333;0.4472517764427744
Unknown;0.241915161696766;0.1828358208955224;0.4374165703123917
Unknown;0.4703505929881402;-0.1388888888888889;-0.2455133762306682
Low;0.2822343553128937;0.3695652173913043;0.3960290818979667
High;0.0110397792044159;0.5960591133004927;0.8992022097410692
Unknown;0.0080798384032319;0.6035714285714285;0.938019494278918
Unknown;0.8978620427591448;0.0408163265306122;0.0504885510178657
Unknown;0.125957480850383;-0.3710843373493976;-0.5354242614204826
Unknown;0.0598788024239515;0.5;0.5339342743466203
Unknown;0.8477430451390973;-0.2839506172839506;-0.0422301354821045
Unknown;0.115757684846303;-0.4044444444444444;-0.7999550127279988
Unknown;0.3928721425571488;0.1904761904761904;0.3899266009752298
Unknown;0.0011599768004639;0.7708333333333334;1.0504336403777437
Unknown;0.0266394672106557;0.4861111111111111;0.911138608016548
Unknown;0.8806623867522649;0.0816326530612244;0.0925547796530422
Unknown;0.0003599928001439;0.8333333333333334;1.4425063057842475
Unknown;0.1312773744525109;-0.451685393258427;-0.549406481159624
Unknown;0.8290234195316094;0.2533333333333333;0.1320168354487006
Unknown;0.0416791664166716;0.5390070921985816;0.8160198036065907
Unknown;0.8364232715345693;0.2083333333333333;-0.0708258180101698
Unknown;0.0178796424071518;0.6296296296296297;0.7880733395090974
Unknown;0.5147497050058999;0.1347517730496454;0.2985632721920109
Unknown;0.248715025699486;-0.1858974358974359;-0.5048932894862757
Unknown;0.0015599688006239;-0.419753086419753;-1.8873576571666129
Unknown;0.3333933321333573;0.3333333333333333;0.3448406957518887
Unknown;0.0062798744025119;0.3809523809523809;1.4149434690085307
Unknown;0.3931121377572448;-0.3333333333333333;-0.1834144524601485
Unknown;0.5877882442351153;0.0780141843971631;0.2588443932436069
Unknown;0.8889422211555769;0.0567375886524822;0.1162207166605327
Medium;0.1986760264794704;0.3066666666666666;0.6338410712995173
Unknown;0.4366712665746685;0.43;0.3796996460545611
Unknown;0.4682306353872922;0.1194379391100702;0.3189463332545653
Unknown;0.241995160096798;0.2740740740740741;0.5083151641467526
Control;0.0074398512029759;0.6333333333333333;1.1237983348512592
Low;0.4046719065618687;-0.2009685230024213;-0.341538553450344
Medium;3.999920001599968e-05;0.9148936170212766;1.5823925001178394
Unknown;0.117917641647167;0.3799725651577503;0.5211543808109683
Unknown;0.4357912841743165;0.0306122448979591;0.3275670464056189
Low;0.0003199936001279;0.7872340425531915;1.8630170479454435
Unknown;0.1128777424451511;-0.3908045977011494;-0.7575155650107629
Unknown;0.0010399792004159;0.7142857142857143;1.1548685875507905
Unknown;0.0012799744005119;0.8311111111111111;1.6215801650284811
Unknown;0.0694386112277754;-0.4027777777777778;-1.0148758096332993
Unknown;0.0013999720005599;0.5384615384615384;1.3669586585984892
Unknown;0.5655086898262035;-0.0459183673469387;-0.2126737503226531
Unknown;0.0075598488030239;-0.6122448979591837;-1.2741024175272555
Unknown;0.3845923081538369;-0.2681159420289855;-0.3718496306060374
Medium;0.0799984000319993;0.2846153846153846;0.6226579756906643
Low;0.0750384992300154;0.4013605442176871;0.6782630925148784
Unknown;0.0127997440051198;0.5297619047619048;0.8060316039836344
Unknown;0.1344773104537909;0.3518518518518518;0.633763166106307
Unknown;0.0104397912041759;0.5925925925925926;1.1556653926105795
Unknown;0.9791004179916402;0.0068027210884353;0.0897254267693934
Unknown;0.0001599968000639;0.8038461538461539;1.53752834659488
Unknown;0.1684366312673746;0.3155555555555555;0.6391761832452902
Unknown;0.1845963080738385;0.1481481481481481;0.5255610160555647
Unknown;0.0238795224095518;-0.0266666666666666;-1.2028625059971
Unknown;7.999840003199936e-05;0.84;1.0216869097915189
Unknown;0.7852642947141057;-0.0617283950617283;0.1156901163513834
Unknown;0.5178296434071319;-0.2962962962962963;-0.2292811917839216
Unknown;0.0621187576248475;0.59375;0.8289688887549523
Unknown;0.4399112017759645;-0.5714285714285714;-0.3407199289761839
Unknown;0.0049599008019839;0.66;1.2425530400257785
Unknown;0.0806783864322713;0.5886524822695035;0.7690019005689959
Unknown;0.1924761504769904;0.3244444444444444;0.6182061462779627
Unknown;0.2345153096938061;0.2389937106918239;0.5204963152764585
Unknown;0.3136737265254695;0.2836879432624113;0.4447887467260795
Unknown;0.0008799824003519;0.7924528301886793;1.6695471643064754
Unknown;0.3913521729565408;0.1437908496732026;-0.3424106925011526
Control;0.8567828643427131;-0.4912280701754385;0.0069015006107963
Unknown;0.0002799944001119;0.7986111111111112;1.338214574035749
Medium;0.0955180896382072;0.3411764705882353;0.3194449852034488
High;0.0448391032179356;-0.3439153439153439;-1.2364291598422976
Unknown;0.6365072698546029;-0.0392156862745098;-0.1838786779228818
Unknown;0.7698246035079298;0.3265306122448979;0.1618322759977006
Unknown;0.4191516169676606;-0.1884057971014492;-0.2972955971151281
Unknown;0.0904781904361912;-0.3634085213032581;-0.7647936626329253
Unknown;0.4393512129757405;-0.1923076923076923;-0.3270174724548619
Unknown;0.0106397872042559;0.7111111111111111;1.285852420197142
Unknown;0.7199056018879623;-0.1377551020408163;-0.1388522300707202
Unknown;0.3351932961340773;0.1642857142857142;0.3253770815097341
Low;0.1782364352712945;0.3194444444444444;0.5740987452248233
Unknown;0.5928681426371473;0.4523809523809524;0.2563065213560209
Unknown;0.0050398992020159;0.5889724310776943;1.1359129072575391
Unknown;0.0335593288134237;0.3715415019762846;0.6991960479450096
Unknown;0.3623927521449571;0.3178294573643411;0.4068845287767939
Unknown;0.5621087578248435;0.0972222222222222;-0.2251739431776168
Low;0.0065998680026399;0.6099773242630385;0.8675525042078436
Medium;0.5928281434371313;0.1842105263157894;0.2044189967815645
Unknown;0.3962320753584928;0.3265306122448979;0.3804060374524171
Unknown;7.999840003199936e-05;0.8302469135802469;1.3532415032769425
Low;0.0032799344013119;-0.3961538461538461;-1.5527331286034347
Unknown;0.0013199736005279;0.7074829931972789;0.9674087431893532
Unknown;0.0019199616007679;0.8181818181818182;1.669541141127252
Low;0.0278394432111357;0.5752461322081576;0.7437600558058026
Unknown;0.2167556648867022;-0.5283018867924528;-0.5397547723105571
Unknown;0.2034359312813743;0.3283208020050125;0.5040940688209795
Unknown;0.0710785784284314;-0.1111111111111111;-0.9436645382096688
Unknown;0.0045199096018079;0.6524822695035462;1.0940630897206634
Unknown;0.1653966920661586;0.1489361702127659;0.5974469913723199
Unknown;0.0319593608127837;0.6266666666666667;0.8864710002502544
Unknown;0.1971160576788464;-0.436046511627907;-0.4036269868767188
Unknown;0.1336773264534709;0.4382716049382716;0.6326720037213218
Unknown;0.1623967520649587;-0.0962962962962963;-0.6530289702612516
Unknown;0.1682766344673106;0.2065217391304347;0.5035071327335549
Unknown;0.1825963480730385;-0.3775510204081632;-0.558590394998451
Unknown;0.0562388752224955;0.4814814814814814;0.7827669767227938
Unknown;0.0097598048039039;0.7268292682926829;0.9856484628555168
Unknown;0.2920341593168136;0.2561576354679803;0.4189489614259474
Control;0.5982680346393072;0.0416666666666666;-0.1444285334144804
Unknown;0.0011599768004639;0.6580882352941176;0.9433842701217892
Unknown;0.7342253154936901;-0.1166666666666666;-0.1354001944048829
Unknown;0.8130237395252095;0.0272108843537414;0.181400767270398
Unknown;0.0728785424291514;0.3717948717948718;0.6925459745954724
Control;0.3486330273394532;-0.3672316384180791;-0.3319450348095143
Unknown;0.253114937701246;0.3111111111111111;0.4490074673837892
Unknown;0.0129597408051838;0.5614035087719298;0.8991582979949094
Unknown;0.1838363232735345;0.1777777777777777;0.5509788262537721
Unknown;0.2187156256874862;0.1987179487179487;0.5077098410664938
Unknown;0.7348616600790514;0.119047619047619;0.2102969891900157
Unknown;0.0557988840223195;0.5106382978723404;0.8392002730755556
Low;0.0592388152236955;-0.391304347826087;-0.9933516697836005
High;0.6547069058618827;0.1041666666666666;0.2048212048095163
Unknown;0.5579488410231795;-0.22911051212938;-0.1439944735961282
Control;0.0467990640187196;0.4733333333333333;0.3972533601778407
Unknown;0.3357532849343013;-0.0325814536340852;-0.3785798635696826
Unknown;0.5757084858302834;0.0552995391705069;-0.1897352818074656
Unknown;0.0153196936061278;0.4938271604938271;1.335706268859714
Low;0.3457930841383172;0.3484848484848485;0.4119716652938811
Unknown;0.0865582688346233;0.2898550724637681;0.4602632718128587
Unknown;0.3280334393312134;0.2624113475177305;0.2980859212738713
Unknown;0.0121597568048639;0.6811594202898551;0.916378199315266
Unknown;0.4694306113877722;0.1702127659574468;0.3297785557991175
High;3.999920001599968e-05;0.837037037037037;1.3866502710378077
Unknown;0.0365992680146397;0.475177304964539;0.7738030452442607
Control;0.4298314033719325;-0.1843971631205673;-0.3511312151533927
Unknown;0.1585568288634227;0.0733333333333333;-0.8933937570859185
Unknown;0.0012799744005119;0.6623376623376623;1.239311554619268
Unknown;0.0357592848143037;0.4130434782608695;0.6683967452687658
Unknown;0.4032319353612927;0.0641025641025641;-0.3525157462380383
Unknown;0.2357552848943021;-0.6054421768707483;-0.5461567861725941
Unknown;0.0103997920041599;0.6741854636591479;1.1245075885389553
Unknown;0.8689026219475611;-0.0128205128205128;-0.0565661758963052
Unknown;3.999920001599968e-05;0.7887931034482759;1.37758532933849
Unknown;0.0220395592088158;-0.4869565217391304;-1.5543366941972097
Unknown;3.999920001599968e-05;0.801452784503632;1.1632110893037455
Control;0.2023559528809423;-0.265993265993266;-0.3956241220902955
Unknown;0.9194616107677848;-0.0308641975308641;0.0580619900887842
Unknown;0.0004399912001759;0.8;1.1366719136636454
Control;0.2031159376812463;-0.0303030303030303;-0.4725815767896734
Unknown;0.1079578408431831;0.58;0.5911904342389743
Unknown;0.116197676046479;0.3333333333333333;0.6852838572527525
Low;0.7342653146937062;0.1383647798742138;0.2161326654769921
Unknown;0.248115037699246;0.2746913580246913;0.3211879349872901
Unknown;0.2667546649067018;0.3244444444444444;0.5331452554407111
Unknown;0.8988620227595449;0.0138888888888888;-0.037201190014753
Unknown;0.3445531089378212;0.2;-0.4188305186962051
Unknown;0.1541569168616627;0.3511111111111111;0.6601860719426353
Unknown;0.9758604827903442;0.0555555555555555;0.0170796217385346
Unknown;0.6989060218795624;0.0769230769230769;0.19139391463728
High;0.8527829443411131;-0.1666666666666666;-0.0629501943448418
Unknown;0.0444791104177916;0.5075757575757576;0.879289793455831
Unknown;0.119157616847663;-0.2622222222222222;-0.9332160394658372
Unknown;0.9657006859862802;-0.1049382716049382;0.1048177978670312
Unknown;0.1811963760724785;0.1292517006802721;0.5870105520403361
Unknown;0.0371592568148637;0.5644444444444444;0.8511894993666808
Unknown;0.2994740105197896;0.2666666666666666;0.4585916169165524
Unknown;0.0433591328173436;-0.5822222222222222;-1.2127990080419395
Unknown;0.5562288754224916;0.0138888888888888;0.2860450490918542
Unknown;0.0088398232035359;0.6296296296296297;1.2463451989572292
Unknown;0.0071598568028639;0.4063989108236895;0.7582106143994903
Low;0.0006399872002559;0.8545454545454545;1.649228702798442
Unknown;0.0471190576188476;0.4444444444444444;0.8593127176593581
Unknown;0.3328733425331493;0.2390243902439024;0.4676911138246738
Unknown;0.8206635867282654;-0.1733333333333333;0.1332639525140685
Unknown;0.6861062778744426;0.2933333333333333;0.2100189361894423
Unknown;0.493470130597388;-0.2101449275362318;-0.2663666489995636
Unknown;0.125037499250015;0.3208955223880597;0.5354951035163814
Unknown;0.2004759904801904;-0.5031446540880503;-0.5955972607072194
Unknown;0.6993460130797384;-0.0196078431372549;-0.1663127248272381
Unknown;0.0003199936001279;0.8;1.2001553273473389
Unknown;0.0001199976000479;0.8571428571428571;1.12714339336113
Control;0.249555008899822;0.36;0.537563919990222
Unknown;0.497670046599068;-0.2518518518518518;-0.2741181008152058
Unknown;0.1275974480510389;0.3055555555555556;0.577889102915153
Unknown;0.0365192696146077;0.5362318840579711;0.8832165183490368
Medium;0.0005599888002239;0.6160130718954249;1.0194554186099054
Unknown;0.0839183216335673;0.4148148148148148;0.734689147811068
Unknown;0.7957440851182976;0.0577777777777777;0.1434509181245946
Unknown;0.6943061138777225;0.2755102040816326;-0.1073789001932997
Unknown;0.0018799624007519;0.7185185185185186;1.388120644389234
Control;0.4004719905601888;0.2198581560283688;0.3621977818466251
Unknown;0.0326793464130717;0.5466666666666666;1.073867951851606
Unknown;0.1863962720745585;0.2244897959183673;0.4985489926690202
Unknown;0.1525283797729618;0.5;0.7193907664445319
Unknown;0.0153196936061278;0.5177304964539007;0.9608801230096804
Unknown;0.5173896522069559;0.0576652601969057;0.2346795730690455
Unknown;0.8917421651566969;-0.1466666666666666;0.116062331243885
Low;0.3177536449271014;-0.3481481481481481;-0.4431260457481368
Unknown;0.1639967200655986;0.3525641025641026;0.6185838029484099
Unknown;0.0022799544009119;0.6339869281045751;1.3351821470572185
Unknown;0.0005199896002079;0.6133971291866028;0.964711356206295
Unknown;0.0787584248315033;0.2608695652173913;0.7265531168320063
Unknown;0.7714245715085698;-0.0261437908496732;0.1245265557485835
Unknown;0.1447571048579028;0.2149532710280373;0.5157660429210628
Low;0.1060378792424151;-0.5636363636363636;-0.7218250505378504
Unknown;0.0152396952060958;0.5622119815668203;0.7443722121632026
Unknown;0.9637807243855124;-0.0285714285714285;-0.0178175397105884
Unknown;0.7099458010839783;0.1481481481481481;0.1745082552700372
Unknown;0.8013439731205376;0.0204081632653061;0.1467078989357272
Unknown;0.0520389592208155;0.4285714285714285;0.7964886765969245
Unknown;0.0695986080278394;0.419753086419753;0.7318211395351838
Control;0.0001199976000479;0.8805031446540881;1.7399156795589006
Unknown;0.7965840683186336;0.0496453900709219;0.1294931563353521
Unknown;0.116317673646527;-0.3866666666666666;-0.8370319734925405
High;0.2521149577008459;-0.1916666666666666;-0.4105285216991405
Control;0.2468671679197994;0.4909090909090909;0.9143169684178344
Unknown;0.1712365752684946;-0.0410958904109589;-0.5009805134857657
Unknown;0.0686786264274714;0.5303030303030303;0.7864218174096447
Unknown;0.9121817563648728;-0.0347222222222222;-0.0564834816764456
Unknown;0.9491010179796404;-0.1235955056179775;-0.0054160846646001
Unknown;0.0081198376032479;0.5277108433734939;0.7891116136755618
Control;0.0797984040319193;0.4387464387464387;0.5621558584180593
Unknown;0.3109137817243655;-0.48;-0.4459422375114231
Unknown;0.1843963120737585;0.2964285714285714;0.4923750787999172
Unknown;0.1830763384732305;-0.4222222222222222;-0.7622646397975624
Unknown;0.0010399792004159;0.9473684210526316;1.6575850794731912
Unknown;0.3299134017319653;-0.3363636363636363;-0.4670520454384568
Unknown;0.1333573328533429;0.2883116883116883;0.5686927065716639
Unknown;0.99010019799604;0.1020408163265306;0.0348772379619522
Unknown;0.0509589808203835;-0.4013605442176871;-0.9398398248619658
Control;0.0738385232295354;0.4893617021276595;0.8158275889783349
Unknown;0.0026399472010559;0.7708333333333334;1.2758823623977131
Low;0.4251514969700606;0.4389610389610389;0.318057004462808
Unknown;0.1090378192436151;-0.3687943262411347;-0.7273451633422938
Unknown;3.999920001599968e-05;0.7361111111111112;2.9024528482938203
Unknown;0.0153196936061278;0.5602836879432624;1.0755570136378343
Unknown;3.999920001599968e-05;0.7993827160493827;1.295782821862418
High;0.5162696746065079;-0.3407407407407407;-0.1509982052642725
Unknown;0.1082778344433111;0.3481481481481481;0.7441525589271459
Unknown;0.375232495350093;-0.16318407960199;-0.2452181565655221
Unknown;0.0595588088238235;0.4571428571428571;0.6500446076923166
Unknown;0.7216255674886503;0.0136054421768707;-0.1355905262803887
Unknown;0.9235415291694166;-0.0251572327044025;-0.022110473169248
Unknown;0.5923881522369553;0.1597222222222222;-0.1965762731800124
Unknown;0.0049599008019839;0.6484375;0.7781466487054066
Unknown;0.0002799944001119;0.8699186991869918;1.2946285049263593
High;0.1881962360752785;-0.1933333333333333;-0.6355785334721302
Unknown;0.4700705985880282;0.2115384615384615;0.3148847405284279
Unknown;0.4508309833803324;-0.1012987012987013;-0.2455233038889365
Unknown;0.1854362912741745;0.3152709359605911;0.5251998972583234
High;0.0009199816003679;0.6180555555555556;1.9036116908638503
Unknown;0.2072758544829103;-0.4509803921568627;-0.5525523951835322
Unknown;0.6682266354672907;-0.0496453900709219;-0.1786873968889047
Low;0.3448731025379492;0.0246913580246913;0.4408597824605092
Control;0.0743985120297594;-0.3809523809523809;-0.9380412973507164
Unknown;0.0329193416131677;0.4576271186440678;0.8517969753350773
Unknown;0.0434391312173756;-0.4814814814814814;-0.933426934805328
Unknown;0.3601127977440451;-0.365079365079365;-0.3662980286851577
Unknown;0.0023599528009439;0.4444444444444444;1.5897616727044983
Unknown;0.6307073858522829;0.1215277777777777;0.1806649662380658
Unknown;0.0013999720005599;0.8508771929824561;1.4888142387301246
Unknown;0.3519529609407812;0.2755102040816326;0.3754725481498436
Unknown;0.3349533009339813;-0.2133333333333333;-0.4177054503672878
Unknown;0.0030399392012159;0.5017543859649123;0.8925633059810449
Unknown;0.0073998520029599;-0.5111111111111111;-1.0146620952778738
Unknown;0.0145997080058398;0.5306122448979592;0.8189664431424452
Unknown;0.0034799304013919;0.6842105263157895;1.0409743633127395
Unknown;0.2360752784944301;0.3185185185185185;0.5171221654833834
Unknown;0.0283994320113597;0.5555555555555556;0.925459649309162
Unknown;0.6055078898422032;0.1066666666666666;0.241047767198594
Unknown;0.0984380312393752;0.3161592505854801;0.4790065037480556
Unknown;0.0358392832143357;0.2447306791569086;0.6211209629882359
Unknown;0.2763944721105578;0.2518518518518518;0.4761547573055301
Unknown;0.2575548489030219;-0.057057057057057;0.4044844355885489
Unknown;0.5225495490090198;-0.2207792207792207;-0.240217312050082
Unknown;0.7825843483130337;-0.0130718954248366;-0.1112778736610259
Unknown;0.0005199896002079;0.7724867724867724;1.5834761115324942
Unknown;0.1966360672786544;-0.0070921985815602;-0.7494218263489568
Unknown;0.9032619347613048;0.1768707482993197;0.0927668478814198
Unknown;0.1077978440431191;-0.16;-1.0127252221531635
Medium;0.0173196536069278;0.4053333333333333;0.6304509651916452
Unknown;0.632267354652907;-0.1530612244897959;-0.1369522567567484
Unknown;0.0637987240255194;0.375;0.7014558788537545
Unknown;0.3052338953220935;0.2391304347826087;0.4514831310142789
Unknown;0.1336773264534709;0.4968553459119497;0.6428084949391661
Unknown;0.2543549129017419;-0.2;-0.4937058551784551
Unknown;0.7027059458810824;0.0181818181818181;0.2255150580456942
Unknown;0.0855582888342233;0.5384615384615384;0.6282888233741856
High;0.0254394912101757;0.576036866359447;0.8014310314414766
Unknown;0.2661546769064619;-0.2355555555555555;-0.3899660191418342
Unknown;0.1883162336753265;0.1760154738878143;0.4026876096054528
Unknown;0.0739585208295834;0.4967320261437908;0.8125382561716602
Unknown;0.120917581648367;0.4285714285714285;0.5881263523757981
Unknown;0.0084798304033919;0.5075757575757576;0.9066352511092454
Unknown;0.5980680386392272;0.1088435374149659;0.2595365718020834
Unknown;0.0470790584188316;0.3877551020408163;0.8040276810762321
Unknown;0.0051998960020799;0.8044444444444444;1.2230194466853452
Low;0.6947861042779144;-0.125;-0.1235275402261614
Unknown;0.5899482010359792;0.2619047619047619;0.2654706161780389
Unknown;0.2329553408931821;-0.2958152958152958;-0.4324908929525554
Unknown;0.3621927561448771;-0.0125786163522012;-0.3803791104779968
Unknown;0.0005199896002079;0.7654320987654321;1.555341451115374
Unknown;0.0002399952000959;0.7959183673469388;2.021118994898551
Unknown;0.0087598248035039;0.5;0.8258833067988532
Medium;0.0658386832263354;-0.4679802955665024;-0.7684504517343972
Unknown;0.3920721585568288;0.1703703703703703;0.3777376897964899
Low;0.0530389392212155;0.4137931034482758;0.8463042516314092
Unknown;0.0072398552028959;-0.4566744730679157;-1.382405914307362
Unknown;0.5442691146177077;0.1777777777777777;0.2788509023515996
Unknown;0.2747145057098858;0.5897435897435898;0.4704021301475359
Unknown;0.752384952300954;0.326797385620915;0.190146282241677
Unknown;0.0024399512009759;0.6811594202898551;0.8627165813935217
Unknown;0.0004399912001759;0.7430555555555556;1.413276670589002
Unknown;0.0003599928001439;0.7916666666666666;0.971726671449539
Unknown;0.4008319833603327;0.1944444444444444;0.3768912957629362
High;0.0285594288114237;0.4855072463768116;1.0067244196240992
Unknown;0.1125577488450231;-0.3666666666666666;-0.6856576921762586
Unknown;0.119877602447951;-0.2608695652173913;-0.7650915462855606
Unknown;0.9445411091778164;-0.1247165532879818;0.0491279631040342
Unknown;0.0560388792224155;-0.5925925925925926;-0.929712613780528
Unknown;0.1011579768404632;0.4311111111111111;0.755021727277661
Control;0.3157936841263175;0.3395784543325527;0.297140948939737
High;0.0011999760004799;0.5576470588235294;1.023268407797976
Unknown;3.999920001599968e-05;0.9305555555555556;2.453753507622473
Unknown;0.1390772184556309;-0.3111111111111111;-0.6855021792549578
Unknown;0.0039599208015839;0.5932835820895522;1.1209719150892714
Unknown;0.0539589208215835;-0.4672754946727549;-0.7401210719115838
Unknown;0.0079198416031679;-0.5269320843091335;-1.2180689710645112
Unknown;0.0223595528089438;0.4629629629629629;0.814375150358759
Unknown;0.6914661706765864;0.2148148148148148;0.1878962542490209
High;0.629947401051979;0.0188679245283018;0.1865078053803997
Unknown;0.3859522809543809;0.2222222222222222;0.2995990897653476
Unknown;0.4666706665866683;-0.009009009009009;-0.3087503788890129
Unknown;0.4759504809903802;0.1839080459770115;0.3461747150564371
Unknown;0.0290394192116157;0.5177304964539007;0.9474711918243232
Medium;0.7015059698806024;0.3533333333333333;0.1815009700676974
Unknown;0.4785504289914202;0.2622222222222222;0.3566950086194947
Unknown;0.2627947441051179;0.1985815602836879;0.4842478051539328
Unknown;0.0981980360392792;0.5;0.6340855972735691
High;3.999920001599968e-05;0.9896103896103896;1.9744546040736424
Unknown;0.4182316353672926;-0.1555555555555555;-0.3771412788625076
Unknown;0.6984260314793704;-0.0851063829787234;-0.1796262439058421
Control;0.3450330993380132;0.0493827160493827;-0.39079844952744
Unknown;0.0893182136357272;0.4710144927536231;0.6272246880287311
Medium;0.6785064298714025;0.1323529411764706;-0.1552989975155816
Unknown;0.1091578168436631;0.4149659863945578;0.6807957820534878
Unknown;0.0153196936061278;0.5714285714285714;0.8226920924957649
Unknown;0.0001199976000479;0.8794326241134752;0.8712515581370508
Low;0.0010799784004319;-0.4765840220385675;-1.5359401957800136
Low;0.8069038619227615;-0.0679012345679012;-0.104160737866592
Unknown;0.1442771144577108;0.2624113475177305;0.6631077158992069
Unknown;0.1863962720745585;0.3925925925925926;0.5654513094746516
Unknown;0.5287894242115158;0.0933333333333333;0.302806291371847
High;0.1474770504589908;0.5037593984962406;0.5391469688891674
Unknown;0.0823583528329433;0.4044444444444444;0.8316733944557263
Unknown;0.2864342713145737;-0.3055555555555556;-0.4755711314771494
Unknown;0.0456390872182556;0.4693877551020408;0.8519758285136537
Unknown;0.0467190656186876;0.5032679738562091;0.8979682818949012
Unknown;0.5113097738045239;0.2;0.3222965232980632
Unknown;0.0560388792224155;-0.144927536231884;-0.9746575589590976
Unknown;0.0044799104017919;0.6739130434782609;1.33422154991706
Unknown;0.0189996200075998;-0.4897959183673469;-1.382926389031189
Unknown;0.3319133617327653;0.2536231884057971;0.4163442994110832
Unknown;0.4080318393632127;0.4;0.3697709368561269
Unknown;0.0045999080018399;-0.5359477124183006;-1.7821659605746385
High;0.2142757144857102;0.362962962962963;0.5434441618137578
Medium;0.0545189096218075;0.3155555555555555;0.9020727940450762
Unknown;0.992260154796904;-0.1739130434782608;0.1251621500079379
Unknown;0.1909161816763664;-0.3137254901960784;-0.5966443274275494
Low;0.9089018219635608;0.1790123456790123;0.1198838694576985
Unknown;0.5483490330193396;-0.1177944862155388;-0.2354092780162877
High;3.999920001599968e-05;0.6842105263157895;0.8856535515553732
Unknown;0.0068798624027519;0.66;0.9644550463377548
Unknown;0.0327993440131197;0.3993993993993994;0.737293626489296
Unknown;0.0003999920001599;0.8231292517006803;1.7206324656038916
Unknown;0.1283974320513589;-0.2307692307692307;-0.7748809276688701
Unknown;0.0698786024279514;0.3365853658536585;0.5749646962524821
Unknown;0.7281854362912742;-0.0780141843971631;0.175454780589168
Unknown;0.4289514209715805;0.1455223880597015;0.3004932335315293
Unknown;0.0067198656026879;0.6122448979591837;1.2114013645313098
Unknown;0.1852362952740945;-0.2533333333333333;-0.6099545890220722
High;0.0001199976000479;0.92;2.7192959900134084
Unknown;0.3479130417391652;-0.0144927536231884;0.2581830963863419
Unknown;0.0016799664006719;0.7118055555555556;1.0393570623974289
Unknown;0.0006799864002719;0.6304347826086957;1.8198450895923317
Unknown;0.1676366472670546;0.4222222222222222;0.6411621730210885
Unknown;0.5918681626367472;0.0571428571428571;0.1709966976137675
Medium;0.3451530969380612;-0.320754716981132;-0.4091424794548013
Unknown;0.1039979200415991;0.33984375;0.571289330678609
Unknown;0.0609587808243835;0.4421768707482993;0.7628111952351057
Unknown;0.2049559008819823;0.3259259259259259;0.5358693076818699
Unknown;0.49555008899822;0.1326530612244898;0.2970896564706696
Unknown;0.5332293354132918;0.2244444444444444;0.2242093866832268
Unknown;0.5576688466230676;0.1111111111111111;0.2625144762547847
Medium;0.0084398312033759;0.5723270440251572;0.8106032403050327
Unknown;0.0506789864202716;-0.5144927536231884;-0.9103406157315778
Unknown;0.0998380032399352;-0.3688888888888889;-0.825887172282851
Unknown;0.1778764424711506;0.3641975308641975;0.5415458624816525
Unknown;0.0583988320233595;-0.5531914893617021;-0.8721073585772317
Unknown;0.3402331953360932;0.1688311688311688;0.39019129242321
Unknown;0.242835143297134;0.2222222222222222;0.4536244875250512
Unknown;0.8144637107257855;-0.0208333333333333;0.1418290207438077
Unknown;0.4521909561808764;0.1515151515151515;0.2688984665274458
Control;0.7053858922821543;0.5151515151515151;0.245582436782281
High;0.0080798384032319;-0.5849056603773585;-1.0191381185614994
Unknown;0.747505049899002;-0.2222222222222222;0.1186999024037469
Unknown;0.1040779184416311;-0.0868055555555555;-0.9086363834802278
Unknown;0.0880382392352153;0.375886524822695;0.7406823116111421
Unknown;0.6690666186676266;-0.1176470588235294;-0.1666562941718948
Control;0.0126797464050718;0.6466666666666666;1.0922691622592031
Unknown;0.0899182016359672;0.3087557603686636;0.620522683205979
Low;0.0670786584268314;-0.4248366013071895;-0.7985367971278141
Medium;0.1739165216695666;0.3055555555555556;0.5906883173685161
High;0.0022399552008959;0.7608695652173914;1.403052594776231
Unknown;0.0940781184376312;-0.4217687074829932;-0.7389039091881532
Unknown;0.2235955280894382;0.2547452547452547;0.3819796434527008
Unknown;0.0677586448271034;0.4133333333333333;0.960384761543851
Unknown;0.2142357152856943;0.3424036281179138;0.4806784141511104
Unknown;0.6886262274754504;-0.0347222222222222;0.1807373174998636
High;0.239515209695806;-0.3333333333333333;-0.5136772516501317
Unknown;0.2953940921181576;-0.2411347517730496;-0.4577139396444628
Unknown;0.4591508169836603;-0.1602564102564102;-0.3136651400255507
Unknown;0.1484370312593748;0.4565217391304347;0.7408020173239375
Unknown;0.3541129177416451;0.3090909090909091;0.4315158594226002
Control;0.0372392552148957;0.4617940199335548;0.8723570530219656
Unknown;0.0091598168036639;0.5986394557823129;1.1502787938504333
Unknown;0.1069178616427671;-0.2875816993464052;-0.7783093788612109
Medium;0.0034399312013759;0.6153846153846154;1.2480035695499134
Unknown;0.0868382632347353;-0.4166666666666667;-0.8195958002171149
Unknown;0.7452650946981061;-0.1733333333333333;-0.1581118895092163
Unknown;0.0419591608167836;0.4691358024691358;0.6088130245623615
Low;3.999920001599968e-05;0.7670454545454546;1.4508679729283491
Low;0.1559968800623987;-0.3061224489795918;-0.5598294766047538
Unknown;0.0024799504009919;0.6875;1.4396235857383408
Unknown;0.5651086978260434;0.0880503144654088;0.2499473255049636
Unknown;0.0146397072058558;-0.64;-1.3144879166393115
Unknown;0.0030799384012319;0.7023255813953488;1.210723138550444
Unknown;0.4165116697666046;-0.1360544217687075;-0.3146266258951721
Low;0.1023179536409271;0.4545454545454545;0.6086855098666754
Unknown;0.0331593368132637;-0.2045977011494253;-0.7736544991854988
Unknown;0.6979860402791944;0.0921985815602836;0.2310278910279525
Unknown;0.2315153696926061;0.1768707482993197;-0.5827219493910829
Unknown;0.6997460050798984;0.0754716981132075;0.1672853277631401
Unknown;0.7281454370912582;0.1481481481481481;-0.120739680502363
Unknown;0.0017999640007199;0.7083333333333334;1.1780190788402105
Unknown;0.0030799384012319;0.629976580796253;0.7567483968505818
Unknown;0.6849063018739625;0.0283687943262411;-0.1621538834631181
Control;0.0003599928001439;0.6857142857142857;1.4393023507616949
Medium;0.2633147337053259;-0.4010989010989011;-0.4587871449138116
Unknown;0.8253034939301214;0.2832929782082324;0.1079394068715833
Medium;3.999920001599968e-05;0.94140625;1.811514074369224
Unknown;0.3519129617407652;-0.1475;-0.3139425834712879
Control;0.9754204915901682;0.0101010101010101;0.0297012030348762
Unknown;0.4774704505909882;0.0146341463414634;0.2425904353992331
Unknown;0.0106797864042719;-0.5720844811753902;-0.7941347942448158
Unknown;0.0175996480070398;0.5486111111111112;0.8405621977333274
Unknown;3.999920001599968e-05;0.7702297702297702;1.5099212823259884
Unknown;0.8623827523449531;-0.1194379391100702;0.0449344896536082
Unknown;0.6582668346633067;-0.3623188405797101;-0.1574092929876281
Unknown;0.3392732145357093;0.4213836477987421;0.4194686435877796
Medium;0.126077478450431;0.3853754940711462;0.3612773264857645
Unknown;0.0073998520029599;0.4725;0.7664378319010926
Medium;0.2057558848823023;0.4101382488479262;-0.4194707266324596
Unknown;0.239435211295774;0.2676056338028169;0.4384637056098881
Unknown;0.1006779864402711;0.4066666666666667;0.6911013262947328
Unknown;0.494630107397852;0.1736111111111111;0.2983966619988497
Unknown;0.0842783144337113;-0.28;-0.9933670474060672
Unknown;0.1661166776664466;0.3955555555555555;0.6553665402244209
Unknown;0.1007179856402872;0.389937106918239;0.4557651307775364
Unknown;0.1901561968760624;-0.25;-0.5872949500644845
Unknown;0.0970380592388152;-0.1573849878934624;-0.7268404646329658
Unknown;0.7961040779184416;0.0317460317460317;-0.1036919445633067
Unknown;0.9299814003719924;-0.08130081300813;0.0261596102354336
Unknown;0.0177596448071038;-0.5584415584415584;-1.1176350764404206
Unknown;0.3475530489390212;0.2592592592592592;0.4132985518828859
Unknown;0.0100397992040159;0.6180555555555556;0.6573100124068106
Unknown;0.0009199816003679;0.7847222222222222;1.5428586120080674
Unknown;0.0004799904001919;0.8104575163398693;0.8150329535070331
High;0.0002399952000959;0.8076923076923077;1.8046266692411523
Unknown;3.999920001599968e-05;0.6825396825396826;1.5470380846284504
Unknown;0.2771144577108458;-0.3741496598639456;-0.4788748262628816
Unknown;0.0001999960000799;0.8231292517006803;1.4778323975925465
Unknown;0.0018799624007519;0.6956521739130435;1.4907219805769698
Control;0.1303173936521269;0.3255269320843091;0.6162353528812143
Control;0.4839503209935801;0.4489795918367347;0.2878936734473611
Unknown;0.3339533209335813;0.2415584415584415;0.3749170191369878
Unknown;0.0161596768064638;0.531615925058548;0.7225299454659249
Unknown;0.1439971200575988;0.1180555555555555;0.6552679855821397
Unknown;0.6488270234595308;0.0192307692307692;0.2730011139813298
Unknown;0.02296918767507;0.7777777777777778;0.7525464773031834
Unknown;0.3949921001579968;-0.2932330827067669;-0.3319352988201898
Unknown;0.2562348753024939;-0.1851851851851851;-0.5266651031523152
Unknown;0.4219915601687966;0.0133333333333333;-0.3347828620165087
Unknown;3.999920001599968e-05;1.0;2.311522539419166
Unknown;0.0145597088058238;0.6405228758169934;0.9306770980148926
Unknown;0.6743065138697226;0.2569444444444444;0.2207613559072749
Unknown;0.7908241835163297;0.0;0.1433053071334755
Unknown;0.24107517849643;0.5555555555555556;0.4621280017305785
Unknown;0.0827583448331033;-0.4285714285714285;-0.7728784029373443
Control;0.4882302353952921;0.2348484848484848;0.3120724414203669
Low;0.0028799424011519;0.6581632653061225;1.3858913922655298
Low;0.0008399832003359;0.6625;0.8043798354913321
Unknown;7.999840003199936e-05;0.8423645320197044;0.8951134202934096
Unknown;0.4602307953840923;-0.1925925925925926;-0.3230617785105801
Unknown;0.744785104297914;-0.1282051282051282;-0.1261022009386787
Unknown;0.0091598168036639;0.6312056737588653;1.039860989361095
Unknown;0.0053598928021439;0.6821705426356589;1.060336636783198
Unknown;0.0291594168116637;0.5851851851851851;0.8482643997651337
Unknown;0.0091598168036639;0.6666666666666666;1.2808130887920657
Unknown;0.0086398272034559;0.6240601503759399;0.5753374970909624
Unknown;0.2098358032839343;0.28;0.5728343219671835
Unknown;0.0009199816003679;0.6328125;1.2852070343947952
Unknown;0.7652246955060898;-0.108695652173913;-0.1093886755010264
Unknown;0.0051998960020799;0.5767195767195767;0.8428744887633349
Unknown;0.2170756584868302;-0.2941176470588235;-0.5699239993232288
Unknown;0.0246795064098718;0.6;0.6803686774457957
Medium;0.3169536609267814;0.1739130434782608;-0.3852091218799858
Control;0.4455110897782044;-0.3043478260869565;-0.3040200655562896
Unknown;0.5678286434271315;-0.2463768115942029;-0.2409044870039409
Unknown;0.0189196216075678;0.6370370370370371;0.9268783719925056
Unknown;0.5398692026159477;0.0141843971631205;0.2990672111521524
Unknown;0.0394792104157916;0.4909090909090909;0.8165527855119804
Unknown;0.0031199376012479;0.717391304347826;1.2542078540299222
Unknown;0.4850302993940121;0.1401515151515151;-0.2567328099611006
Unknown;0.1482770344593108;0.3657142857142857;0.5868395755775667
Unknown;0.5928681426371473;-0.4545454545454545;-0.1708318717359664
Unknown;0.3502729945401092;0.2561576354679803;0.3828021400329165
Unknown;0.5510289794204116;0.3433583959899749;0.2425709023667674
Unknown;0.0284794304113917;-0.6355555555555555;-1.2885130125780753
Unknown;0.1033579328413431;-0.5652173913043478;-0.8285858534373782
Unknown;0.0088798224035519;0.4823747680890538;0.8250660191557797
Low;0.0007199856002879;0.7222222222222222;0.7214091483024914
Unknown;0.2085558288834223;0.4679487179487179;-0.6199282573788826
Medium;0.3577128457430851;0.2051282051282051;0.3978208510510716
Unknown;0.6115477690446192;-0.141025641025641;-0.2076683301661208
Unknown;0.5143897122057559;0.167487684729064;0.2644018100307462
Unknown;0.627347453050939;0.0661040787623066;-0.1512456279385631
Unknown;3.999920001599968e-05;0.8930817610062893;1.6398996402562631
Control;0.6018279634407312;0.1111111111111111;0.2465213061820136
Unknown;0.3431131377372453;-0.0296296296296296;-0.4244074302391257
Unknown;0.0342793144137117;-0.5579710144927537;-1.1486051668210069
High;0.0031199376012479;0.6592592592592592;1.3716679652288164
Unknown;0.1599968000639987;-0.2875816993464052;-0.6949395800606024
Low;0.7082658346833063;-0.108695652173913;-0.1294577103602575
Unknown;0.0048399032019359;-0.6231884057971014;-1.710941522658538
Unknown;0.1059178816423671;0.4311111111111111;0.6620330707968723
Control;0.0010399792004159;0.5634920634920635;1.233848077484898
Unknown;0.0961580768384632;0.4654088050314465;0.6842038598058311
Low;0.0067598648027039;0.7209876543209877;0.8240410037810914
Unknown;0.3266734665306693;0.0496453900709219;-0.4408885818910789
Control;0.2285554288914221;0.5434782608695652;0.4285669707829105
Unknown;0.6307073858522829;-0.057471264367816;0.2053825343602494
Unknown;0.8870622587548249;0.2826086956521739;0.1348577317089512
Unknown;0.0840783184336313;0.4311111111111111;0.7943859340908499
Unknown;0.9385012299754004;-0.0689655172413793;0.0405712227030894
Unknown;0.493910121797564;-0.396078431372549;-0.3136940164542678
Medium;0.0066798664026719;0.6150793650793651;1.0851918348819645
Unknown;0.0237195256094878;0.5177304964539007;0.94339785652296
Unknown;0.1854762904741905;0.67578125;0.4393640363881796
High;0.0001599968000639;0.7816455696202531;1.4631568283957428
Unknown;0.3331133377332453;0.2711111111111111;0.4663556229210259
Unknown;0.7909441811163777;0.0087719298245614;0.0952102809733895
Unknown;0.0526789464210715;0.4420289855072464;0.8116214548272064
Unknown;0.5434291314173717;0.1911111111111111;0.2955666094112776
Unknown;0.0077198456030879;0.6610169491525424;0.8744736732956582
Unknown;0.0413991720165596;0.3992537313432835;0.8054082581105525
Unknown;0.5423091538169237;0.0519480519480519;-0.2370121354682821
Unknown;0.2865142697146057;-0.3125;-0.4775459155590265
Unknown;0.998060038799224;0.3958333333333333;0.0431655948222034
Unknown;0.0032399352012959;0.7049180327868853;1.292312719478329
Unknown;0.2976340473190536;-0.0902777777777777;-0.4616646600085374
Control;0.2147957040859182;-0.2428571428571428;-0.5060409556072069
Unknown;0.0416391672166556;-0.68;-1.097688291593565
Unknown;0.0238395232095358;0.4904761904761904;0.7132594989014284
Unknown;0.3795524089518209;0.2291666666666666;-0.3268790176137118
Unknown;0.1540769184616307;0.5643564356435643;0.4213683338584246
Unknown;0.8402631947361052;-0.2592592592592592;-0.1032600977780468
Unknown;0.8609027819443611;-0.05;-0.0539817315977733
Unknown;0.0009199816003679;0.7588652482269503;1.5127178182496368
Unknown;0.0509589808203835;0.3182957393483709;0.6944824269347867
Control;0.3232335353292934;0.2933333333333333;0.4356164318997471
Control;0.3114337713245735;-0.0507246376811594;-0.4385636380035501
Unknown;0.8451830963380732;-0.2103896103896103;0.0496421397210696
Unknown;0.3852722945541089;0.1354642313546423;0.3091380185493598
Unknown;7.999840003199936e-05;0.8888888888888888;1.9038023819785168
Unknown;0.3304333913321733;0.1725352112676056;0.306941270205319
Unknown;0.0437591248175036;0.4285714285714285;0.8290279171470339
Unknown;0.0192396152076958;0.632;0.9292696871533416
Unknown;0.0053198936021279;0.5928571428571429;1.0522679543284656
Unknown;0.0053198936021279;0.7155555555555555;1.5692282104881057
Control;0.0324393512129757;-0.45;-1.102307400831324
Unknown;0.0496790064198716;-0.3523809523809524;-0.9397049214059569
Unknown;0.0589188216235675;0.5555555555555556;1.0350172543627978
Unknown;0.3166736665266694;0.2118226600985221;0.4051638796070781
Unknown;0.2285554288914221;0.0049261083743842;0.5043917959086783
Unknown;0.127477450450991;-0.1132075471698113;-1.1264427854426895
Unknown;0.6630667386652267;0.1739130434782608;-0.1573191880905637
Unknown;0.0005599888002239;0.8;1.432726659287867
Unknown;0.7819043619127617;0.0521541950113378;0.1609206010683421
Unknown;0.9658206835863282;-0.0914285714285714;0.0542311168665239
Unknown;0.6515869682606348;0.1629629629629629;0.2304026921336228
Control;0.1662766744665106;0.3673469387755102;0.3405264327305866
Unknown;0.5651086978260434;0.1866666666666666;-0.2118686206465954
Unknown;0.0164396712065758;0.6619047619047619;0.9030882385726676
Unknown;0.4697506049879002;0.1912832929782082;0.302940918195266
Unknown;0.4859102817943641;0.1543209876543209;0.2848044139908888
Unknown;0.1762764744705106;0.4723404255319149;0.5173741799247304
Unknown;0.0111597768044639;0.6025641025641025;1.0413515505431783
Unknown;0.9387012259754804;0.0233766233766233;-0.0196722019706019
Unknown;0.3272734545309094;-0.1013824884792626;-0.3959813078080025
Unknown;0.0043999120017599;0.6296296296296297;1.038174755718156
Unknown;0.0477190456190876;0.4652777777777778;0.7477715268235092
Unknown;0.0299194016119677;0.6222222222222222;0.8408942214519094
Unknown;0.7151856962860743;0.1903614457831325;-0.1049508384311579
Unknown;0.4662306753864922;0.237037037037037;0.3371935212338067
Unknown;0.0431591368172636;0.4963680387409201;0.7920840677152422
Low;0.0569988600227995;0.440251572327044;0.7704993791987687
Control;0.0651986960260794;-0.0025974025974025;-1.0190023502876384
Unknown;0.1047579048419031;0.4236111111111111;0.6797762170529865
Unknown;0.7075458490830183;-0.1217948717948717;0.2501058899355183
Medium;0.0001599968000639;0.6316160903316866;1.1531814399083904
Unknown;0.2538749225015499;0.0247524752475247;-0.4110978298749667
Unknown;0.5297494050118997;0.0612244897959183;-0.2553287431620508
Low;0.2308753824923501;-0.3660130718954248;-0.1168190428292832
Unknown;0.0002399952000959;0.6245791245791246;0.9011690828826444
Unknown;0.0008399832003359;0.723404255319149;1.7503654670931297
Unknown;0.9683806323873524;-0.1022222222222222;0.0183997363334278
Unknown;0.4654706905861883;0.0827067669172932;0.3126594919356117
Unknown;0.8958220835583288;-0.0061728395061728;0.1208911171216658
Unknown;0.2278754424911502;0.1969696969696969;-0.7248952916981816
Unknown;0.0071998560028799;0.5833333333333334;0.9115080311706892
Control;0.7746645067098658;0.1428571428571428;0.1228835182823357
Unknown;0.0992380152396952;0.472;0.8063964880292973
Control;0.3032339353212935;-0.2033739456419868;-0.3309700831722573
Control;0.0261194776104477;-0.4722222222222222;-1.43620388084186
Unknown;0.2958340833183336;-0.4326241134751773;-0.4475770736105006
Unknown;0.0002399952000959;0.6883116883116883;1.61344983340332
Control;0.0113997720045599;0.6455026455026455;0.8528226909763773
Unknown;0.510589788204236;-0.3617021276595745;-0.1324566904130833
Unknown;0.8433031339373213;0.3741496598639456;0.1072219258825113
Unknown;0.8025439491210176;0.1702127659574468;0.1217242838919522
Unknown;0.0631587368252634;0.4473067915690866;0.7579526358671209
Unknown;0.0047599048019039;0.6666666666666666;1.3608778638303884
Low;0.1109577808443831;0.6333333333333333;0.6763402561555363
Unknown;0.4220715585688286;0.3809523809523809;0.3800015052398854
Unknown;0.0021199576008479;0.7318840579710145;0.7356664601878163
Unknown;0.3478330433391332;-0.2681704260651629;-0.3817454514177261
Unknown;0.3470330593388132;0.3333333333333333;0.4576642135324765
Control;0.7786644267114657;0.065359477124183;0.1537191126488672
Unknown;0.0233995320093598;0.437037037037037;0.873581772242706
Unknown;0.8944621107577848;0.0802469135802469;0.1245872929210709
Low;0.0005999880002399;0.7096018735362998;1.5903147792338428
Unknown;0.1551568968620627;0.3767441860465116;0.5272442107543628
Unknown;0.4707905841883162;0.1381733021077283;0.2949129818085017
Unknown;0.5819883602327953;0.1111111111111111;0.2601575848915185
Unknown;0.4460310793784124;0.1884057971014492;0.3468940986318215
Unknown;0.4063918721625567;0.1358024691358024;0.38484968985751
Control;0.0273594528109437;-0.6666666666666666;-1.544492559797889
Unknown;0.0006399872002559;-0.5850340136054422;-2.3067733388584037
Unknown;0.3947521049579008;-0.1259259259259259;-0.2975949589141833
Control;0.625507489850203;-0.1306306306306306;-0.1968583894620887
Unknown;0.0261994760104797;0.5897435897435898;0.8764431906085932
Unknown;0.4083518329633407;-0.0130718954248366;-0.3464457394222997
Unknown;0.2863142737145257;0.19140625;0.3950718010207247
Unknown;0.6834663306733866;0.0222222222222222;0.194836423064032
Unknown;0.1780364392712145;-0.2834467120181406;-0.5588030848057267
Low;0.0350792984140317;0.5595238095238095;0.8821055778261159
Unknown;0.0022399552008959;0.4823284823284823;0.8706996958563742
Unknown;0.0259994800103997;0.6326530612244898;1.1123490225690773
Unknown;0.2537149257014859;0.0754716981132075;-0.5447003118882983
Unknown;0.9539009219815604;0.0972222222222222;0.0712812112580973
Control;0.5627487450250995;-0.3049645390070922;-0.240865110317579
Low;0.7222255554888902;-0.0408163265306122;-0.1395781883637803
Unknown;0.6752264954700906;0.1133333333333333;0.1861728338599713
Unknown;0.4441111177776444;-0.3111111111111111;-0.2534733047928423
Unknown;0.0170796584068318;0.4625850340136054;0.8803894805098056
Unknown;3.999920001599968e-05;0.9555555555555556;1.8618364735430344
Unknown;0.9407811843763124;-0.3026634382566586;0.0854767154590705
Unknown;0.1449971000579988;-0.3851851851851852;-0.6262365718135434
Unknown;0.4107917841643167;0.1206636500754147;0.2440234407306166
Medium;0.0167196656066878;0.0909090909090909;-1.5366291088931987
Unknown;0.2770744585108298;0.2259740259740259;0.4661189096910436
Unknown;0.9481410371792564;0.1428571428571428;-0.0003289593019375
Unknown;0.7817443651126977;0.0142857142857142;-0.1136690849392528
Unknown;0.370072598548029;0.1069182389937107;0.3890790329048866
Unknown;0.2898742025159497;0.2;0.3759932842744345
Unknown;0.124637507249855;0.4897959183673469;0.5749965569801871
Unknown;0.3917921641567168;0.1604938271604938;0.3706955407237786
Control;0.1637567248655027;0.4469696969696969;0.5986416652761558
Unknown;0.0083998320033599;0.6666666666666666;1.0982374480421884
Unknown;0.0767184656306873;0.2714285714285714;0.7488760739875087
Unknown;0.6525469490610187;0.04;0.25433894272608
Unknown;0.1081178376432471;0.5277777777777778;0.5724754579482834
Unknown;0.2859142817143657;0.0;0.4601660609261933
High;0.0205995880082398;0.5105633802816901;0.7514302505709587
Unknown;0.0007199856002879;0.76;1.7963740207589731
Low;0.0191596168076638;-0.3778801843317972;-0.970942979906216
Unknown;0.4910701785964281;0.261437908496732;0.2994881356972813
Unknown;0.7243455130897382;0.0108024691358024;0.1106706666329565
Unknown;0.0225195496090078;-0.5947712418300654;-1.062385847527722
Control;0.0195196096078078;-0.5555555555555556;-1.4827475544645696
Unknown;0.8165036699266015;-0.1320754716981132;0.0397771077688086
Unknown;0.1621567568648627;-0.3;-0.9212877256432928
Unknown;0.3179536409271815;-0.4444444444444444;-0.4407548931928223
Control;0.6161476770464591;-0.0049261083743842;0.2454768671362937
Low;0.7319853602927942;0.0929705215419501;0.1421503174142583
Unknown;0.0005999880002399;-0.8300653594771242;-2.0906268781814585
Unknown;0.2079558408831823;0.4488888888888889;0.5945033263481011
Unknown;0.3083138337233255;-0.4585365853658537;-0.3666192239825118
High;0.2862342753144937;0.4592592592592592;0.4237002200209508
Unknown;0.0038399232015359;0.5972222222222222;1.0557966868871471
Medium;0.0419591608167836;-0.5153061224489796;-0.809816673409434
Unknown;0.0093998120037599;0.7083333333333334;1.096912909269675
Control;0.2235955280894382;0.2978723404255319;0.2963405618440214
Unknown;0.4459910801783964;0.0895522388059701;0.3004672324833651
Unknown;0.1694366112677746;0.3133640552995391;0.4652625698672696
Unknown;0.3077938441231175;-0.0436005625879043;-0.3599037723718131
Unknown;0.0001199976000479;0.7435294117647059;1.5740224766217514
Unknown;3.999920001599968e-05;0.8376068376068376;1.691713113165327
Unknown;0.5639487210255795;-0.1088435374149659;-0.2515994046943791
Control;0.0005199896002079;0.6512345679012346;1.224460716756114
Unknown;0.0018399632007359;0.673469387755102;1.2098020282379058
Control;3.999920001599968e-05;0.9833333333333332;2.5402710448894
Unknown;0.7345453090938181;0.0128205128205128;-0.1367745163461487
Unknown;0.7607447851042979;-0.0074074074074074;0.1371326618852843
Unknown;0.4659506809863802;-0.2826086956521739;-0.3108311213137975
Unknown;0.2697946041079178;0.237037037037037;0.4877714926601622
Unknown;0.2762344753104938;0.0638297872340425;-0.4552081457092922
Unknown;3.999920001599968e-05;0.9555555555555556;1.5799184693235109
Unknown;0.2600747985040299;0.3061224489795918;0.4656227089723158
Unknown;0.0407591848163036;0.4855072463768116;0.817319478450576
Unknown;3.999920001599968e-05;0.8095238095238095;1.589774026758212
Unknown;0.4782704345913082;0.3260869565217391;0.3230481603260801
Unknown;0.8903421931561368;0.0496453900709219;-0.0459714277702266
Unknown;0.4495910081798364;-0.3155555555555555;-0.3464472481794852
Unknown;0.0844783104337913;-0.503968253968254;-0.6508473952591417
Unknown;0.8086238275234495;0.0666666666666666;0.1420453390764388
Unknown;0.1437171256574868;0.3144654088050314;0.5341923630026918
Unknown;0.2822343553128937;0.2084309133489461;0.3595874216264168
Unknown;0.4141117177656447;0.234866828087167;0.3295918418175032
Unknown;0.0025199496010079;0.5384615384615384;1.000986844262557
Unknown;0.0513189736205275;0.5426356589147286;0.7387618231524106
Medium;0.0135197296054078;-0.4564564564564564;-1.2033312789005763
Unknown;0.1072778544429111;0.4583333333333333;0.6033594996993227
Unknown;0.0416391672166556;0.4779411764705882;0.64075572669058
Unknown;0.7772244555108898;0.1478873239436619;-0.0922922740875476
Unknown;0.1515969680606388;-0.7142857142857143;-0.7671127874026826
Control;0.1700365992680146;0.4320987654320987;0.5508561974812736
Unknown;0.0023599528009439;-0.4332552693208431;-1.4598941873082305
Unknown;0.0283594328113437;0.5362318840579711;1.0556774774912625
Unknown;0.8078638427231455;-0.04;-0.0375869713079347
Unknown;0.8461430771384573;-0.2;-0.0028939238567397
Unknown;0.0348793024139517;-0.5144927536231884;-0.9291396049217092
Unknown;0.5307093858122838;-0.2411347517730496;-0.2713948050057023
Unknown;0.0241995160096798;0.5625;0.9541806953887516
Unknown;0.7853042939141217;-0.037037037037037;0.14619257657008
Control;0.0711185776284474;0.4444444444444444;0.7216208725674436
Unknown;0.0635987280254394;0.4518518518518518;0.6865108047666589
Unknown;0.0027599448011039;0.6785714285714286;1.079373898329997
Control;0.6963060738785224;0.0340136054421768;0.1600323928957749
Unknown;0.0427591448171036;0.3523809523809524;0.8131656596822403
Unknown;0.2721545569088618;0.2829268292682926;0.3685097752166811
Unknown;0.2996340073198536;0.1629629629629629;0.4455385020423001
Unknown;0.1748365032699346;0.1629629629629629;0.6160655380032337
Unknown;0.120877582448351;-0.5111111111111111;-0.857677372344122
Unknown;0.0214395712085758;0.5128205128205128;0.9652330594348388
Unknown;0.0533589328213435;-0.3392592592592592;-1.0104469410002015
Unknown;0.0267594648107037;-0.5;-1.3721354923070723
Unknown;0.2167556648867022;0.2622601279317697;0.4989728659670151
Unknown;7.999840003199936e-05;0.8163265306122449;1.3406242767978205
Unknown;0.2665146697066058;0.2764227642276423;0.485927880998305
Unknown;0.0035999280014399;0.5153846153846153;1.029845294837969
Unknown;0.3970320593588128;-0.0579710144927536;-0.3735411437079982
Unknown;0.633627327453451;-0.1333333333333333;-0.1853621403862893
Unknown;0.1681966360672786;0.4311111111111111;0.6837217135903897
Unknown;0.6918661626767465;-0.0246913580246913;0.2239784742671147
Unknown;0.0001599968000639;0.5961538461538461;1.4443992396786485
Unknown;0.1083578328433431;0.5285714285714286;0.546148029166183
Unknown;0.3971520569588608;-0.3688888888888889;-0.1715413055878316
Unknown;0.0078398432031359;0.4696296296296296;0.9303262439253536
Unknown;0.4494310113797724;0.0526315789473684;0.2374650813908393
Unknown;0.2268754624907502;0.2222222222222222;0.5332812220241705
Unknown;0.4987500249995;0.1571428571428571;0.2663065889390617
Control;0.2725545489090218;-0.3840579710144927;-0.481973531546723
Medium;0.502909941801164;0.2627906976744186;0.2481675211211661
Unknown;0.1257174856502869;0.391304347826087;0.6844137712512824
Unknown;0.8089438211235775;0.1292517006802721;0.1129752050875284
Medium;0.8875422491550169;0.0130718954248366;0.081739582873091
Unknown;0.8361832763344733;-0.1185185185185185;-0.0324125316201299
Control;0.0272394552108957;-0.525;-1.1155225481738968
Unknown;0.0241595168096638;0.4973544973544973;0.8018252456542179
Unknown;0.0734385312293754;0.4311111111111111;0.9111235372686654
Control;0.1438371232575348;-0.4183673469387755;-0.6194968310630821
Unknown;0.0745185096298074;0.3687943262411347;0.632885841516292
Unknown;0.8028639427211456;0.1699346405228758;-0.0855229568996364
Unknown;0.3816723665526689;0.2051282051282051;0.383531221194569
Unknown;0.8425431491370172;0.0748299319727891;0.1627511867223357
Unknown;0.1001579968400632;0.3006535947712418;0.4813360451121346
Unknown;0.0099998000039999;0.5094339622641509;1.6022571068317373
High;0.0011999760004799;0.723404255319149;1.592298247660301
Unknown;0.0027199456010879;0.6083333333333333;1.391808840902768
Unknown;0.0369592608147837;-0.2608695652173913;-1.188074704634326
Unknown;0.0095198096038079;0.6462585034013606;1.1125810944105132
Unknown;0.0141597168056638;0.5405405405405406;0.86052370384791
High;0.5627887442251155;-0.2222222222222222;-0.1964148644723156
Control;0.0935181296374072;0.5066666666666667;0.6217513222966118
Unknown;0.1012779744405111;0.3115942028985507;0.7381709278094527
Unknown;0.0757184856302874;0.4964539007092198;0.8073083140877823
Medium;0.2208755824883502;0.3734335839598997;-0.5618219692919507
Unknown;0.2009559808803823;-0.1282051282051282;-0.6344750541151452
Medium;0.0130797384052318;-0.3614457831325301;-1.035061052451426
Unknown;0.0878382432351353;0.5555555555555556;0.7337875410632209
Unknown;0.0003199936001279;0.8300653594771242;1.5812562231380771
Unknown;0.0135197296054078;0.3976470588235294;0.8138455523316395
Unknown;0.0394792104157916;0.4528301886792453;0.8002198938394999
High;0.2174356512869742;0.3055555555555556;-0.6451335060605915
Control;7.999840003199936e-05;0.8986175115207373;2.0601564496469096
Unknown;0.9434211315773684;0.0;-0.0322888533802726
Unknown;0.0042399152016959;0.4466666666666666;0.6698826244672981
Unknown;0.0002799944001119;0.8840579710144928;1.8360040242898736
Unknown;0.3765924681506369;-0.0638297872340425;-0.3705804677014368
Unknown;0.0103597928041439;0.6595744680851063;1.0544649136309827
Unknown;0.1349173016539669;0.3407407407407407;0.5595222490674726
Unknown;0.3133937321253575;0.1225296442687747;0.3187540742085964
Low;0.0015199696006079;0.6658595641646489;1.5423153429414944
Unknown;0.3764724705505889;0.1135802469135802;0.2927297661318322
Unknown;0.0027199456010879;0.6741854636591479;1.1072144712475398
Unknown;0.0020399592008159;0.7254901960784313;1.3201844454136171
Unknown;0.0019999600007999;0.7092731829573935;0.8644775806995219
Unknown;0.0039199216015679;0.6394557823129252;1.2463105676310688
Unknown;0.989260214795704;-0.12;0.0834678210308733
Unknown;0.5225495490090198;0.12;0.2784824050231334
Low;0.2083558328833423;0.2448979591836734;-0.6440305273518759
Unknown;0.6780664386712266;0.0222222222222222;0.253160745420752
Control;0.4725905481890362;0.1015625;0.2543841393250676
Unknown;0.2007559848803023;0.224;0.4279650500524818
Unknown;0.0257594848103037;0.54;0.8345637952586707
Unknown;0.1024379512409751;-0.4927536231884058;-0.7605581374803727
Unknown;0.0065198696026079;0.6739130434782609;1.006901776191965
Unknown;0.6414271714565709;0.044776119402985;-0.1399422244350881
Unknown;0.3009939801203976;-0.2222222222222222;-0.4555564967352412
Unknown;0.0387192256154876;0.4930555555555556;0.6486339256718163
Unknown;0.115037699246015;0.425531914893617;0.6540969281887403
Unknown;0.9511409771804564;0.0357142857142857;0.0388432978318904
High;0.5436691266174677;-0.2040816326530612;-0.2765889705900432
Control;0.8106637867242655;0.1805555555555555;0.1250110769484946
Unknown;0.0962780744385112;-0.54;-0.7961217094759865
Unknown;0.375112497750045;0.5277777777777778;-0.3454904218904697
Unknown;0.2295154096918061;0.335064935064935;0.4812290518466806
Unknown;0.0028799424011519;0.6363636363636364;0.9206904807144451
Control;0.5945081098378032;0.3037037037037037;-0.1133697911333508
Unknown;0.0220795584088318;0.4909090909090909;0.9395800009270092
Control;0.3290734185316293;0.0355555555555555;-0.3118213225775322
Medium;0.0207195856082878;-0.0972222222222222;-1.4401285638638808
Control;0.0709185816283674;-0.2916666666666667;-0.7513323719646384
Unknown;0.9069818603627928;-0.0799031476997578;0.071067969368031
Low;0.1730351715154146;0.4782608695652174;0.7680764710007314
Unknown;0.1038379232415351;0.4933333333333333;0.769838985641305
Unknown;0.4544709105817883;0.0425531914893617;-0.3196015507409718
High;0.0011199776004479;0.6476190476190476;1.316009410285952
Unknown;0.0002799944001119;0.8723404255319149;1.104886359300147
Control;0.9567408651826964;0.3466666666666667;0.0087084770860221
Unknown;0.0218795624087518;0.4692307692307692;0.72470741047727
Unknown;0.1969560608787824;0.1521739130434782;0.4505869847334254
Medium;3.999920001599968e-05;0.7648953301127214;0.8342583609403502
Unknown;0.4703905921881562;0.1700680272108843;0.3204315499450532
Unknown;0.7899042019159617;-0.1956521739130435;-0.1068259075538242
Unknown;0.0061598768024639;0.7028985507246377;1.0971921178289608
High;0.0477190456190876;0.36;0.6548894709102695
Unknown;0.6812663746725065;-0.2569444444444444;-0.1498199345039617
Medium;0.0061998760024799;0.64;1.048835046984369
Control;0.0500389992200156;-0.2938271604938272;-0.8862225150289041
Low;0.1306373872522549;-0.2878464818763326;-0.6872106447398971
Unknown;0.3961920761584768;-0.0444444444444444;0.4179505939133616
Unknown;0.0384392312153756;-0.42;-1.0314524040347506
Unknown;0.0185196296074078;0.4652777777777778;0.8541167716604384
Unknown;0.3904721905561888;0.2581967213114754;0.3411098826198461
Medium;0.3937921241575168;-0.4839302112029385;-0.2667097677096731
Unknown;0.0637987240255194;0.4375;0.8231885691020275
Unknown;0.0012799744005119;0.8933333333333333;2.0737207632004404
Unknown;0.6861062778744426;0.0579710144927536;0.2382625323807712
Unknown;0.4267514649707006;0.213032581453634;0.3251240630172373
Unknown;0.4819103617927641;0.1756440281030445;0.2842633776389434
Unknown;0.1075178496430071;-0.0992907801418439;-0.7672618044239021
Unknown;0.1886762264754705;0.2361111111111111;0.5805958355100251
Unknown;0.3041139177216456;-0.0289855072463768;-0.4517912631113838
Unknown;0.9329813403731926;-0.1282051282051282;0.088654669773991
Unknown;0.0031199376012479;-0.5102040816326531;-1.805111003429388
Unknown;0.6681866362672747;-0.0009182736455463;-0.1203409006602331
Unknown;0.9322213555728884;0.3202614379084967;0.0171029443748394
Unknown;0.1882762344753105;0.2716049382716049;0.5748496891895607
Unknown;0.0221595568088638;0.5703703703703704;0.7661101140115777
Low;0.0001999960000799;0.8576923076923076;1.78502300753519
Unknown;0.0548789024219515;-0.3478260869565217;-0.915789595232995
Unknown;0.3334733305333893;0.2318501170960187;0.3447251609714831
Unknown;0.4752304953900922;-0.0818181818181818;-0.2353079317317458
Unknown;0.3569128617427651;0.095679012345679;0.3450457341679158
Unknown;0.0027999440011199;0.544973544973545;1.270752168934414
Unknown;0.0622787544249115;0.3971631205673759;0.8436458771423987
Unknown;0.3295934081318373;0.3623188405797101;0.4223563980000169
Unknown;0.0009199816003679;0.6840277777777778;1.0261662091998254
Control;0.0115997680046399;0.7288135593220338;0.8144267843786424
Unknown;0.4028319433611327;0.3877551020408163;0.290845750252779
Unknown;0.0018399632007359;-0.8819444444444444;-2.1369672221082823
Low;0.0017999640007199;0.6766917293233082;1.1625687640578797
Unknown;0.0082398352032959;-0.6666666666666666;-1.4054977152714403
Control;0.4532709345813083;0.0095238095238095;0.3249902404808452
High;0.0043199136017279;0.6811594202898551;1.1659058871739485
Unknown;0.6315073698526029;0.1156462585034013;0.2329120396503103
Unknown;0.9149017019659608;-0.0851063829787234;0.0693012371054908
Low;0.2037959240815183;0.3057471264367816;0.3713841394974576
Unknown;0.503229935401292;0.0148148148148148;0.2933636012036515
Medium;0.3508729825403492;0.1532467532467532;0.3884879581628533
Low;0.24427511449771;-0.3555555555555555;-0.5379527663653986
Unknown;0.8815023699526009;-0.1612903225806451;-0.0063320607206321
Unknown;0.4009519809603808;-0.2745098039215686;-0.3649893605027633
Medium;0.0001999960000799;0.689156626506024;1.2520050463153338
Unknown;0.0131197376052478;0.6479591836734694;1.0049156428905643
Unknown;0.1317173656526869;0.3259259259259259;0.6889215608626731
Medium;0.25207495850083;-0.3444444444444444;-0.3295615219290131
Unknown;0.0003599928001439;0.7872340425531915;1.5986751398550825
Unknown;0.3987920241595168;0.1584415584415584;0.3485399024651318
Unknown;0.0193596128077438;0.5072463768115942;0.9516643211788608
Unknown;0.8812623747525049;-0.0754716981132075;0.052467099687476
Medium;0.0097598048039039;0.6381766381766382;0.8777302346089301
Unknown;0.0075598488030239;0.4915254237288136;1.0585155422219452
Unknown;0.0087198256034879;0.6470588235294118;0.7676511573104581
Unknown;0.0683186336273274;0.4311111111111111;0.8391891808691245
Unknown;0.869262614747705;-0.1041666666666666;-0.0306317564082918
Unknown;0.9621807563848724;0.0844444444444444;0.0375658443557098
Unknown;0.3322333553328933;0.3407407407407407;-0.4409185260157185
Unknown;0.493390132197356;-0.1673699015471167;-0.239429953276449
Unknown;0.2639147217055659;0.2276119402985074;0.4223902188677821
Unknown;0.1589568208635827;0.3383458646616541;0.5752879706044721
Unknown;0.3166336673266535;0.2222222222222222;0.4168136586577056
Unknown;0.1579168416631667;0.2666666666666666;0.5429548302561368
Unknown;0.0447991040179196;0.3768115942028985;0.861921878144339
Unknown;0.0888382232355353;0.4577777777777778;0.7266877154261094
Unknown;0.3971520569588608;-0.2574626865671642;-0.3111256215771228
Unknown;0.5198296034079318;-0.150197628458498;-0.188550635125497
Unknown;0.0035199296014079;0.6808510638297872;1.238244367294765
Unknown;3.999920001599968e-05;0.9057239057239056;1.5863753290796256
Unknown;0.622867542649147;0.0188679245283018;-0.1989600192360887
High;0.1344773104537909;0.4421768707482993;0.6429879345255223
Unknown;0.1293974120517589;-0.0754716981132075;-0.7413261928595827
Unknown;0.0555988880222395;0.4489795918367347;0.7520161151399897
Unknown;0.8502629947401052;0.0718954248366013;0.0939483726344745
Unknown;0.3879765395894428;0.3275862068965517;0.3784956177201382
Low;0.4084718305633887;0.2882205513784461;-0.3045992452227627
Unknown;0.5129897402051959;0.1185185185185185;-0.2578327711315052
Control;0.747465050698986;-0.1330049261083744;-0.0866572288195817
Unknown;0.3881122377552449;0.1320754716981132;0.3768466472599877
Unknown;0.5349093018139637;0.1631205673758865;0.2766938078412033
Unknown;0.1770764584708306;-0.1822222222222222;-0.6826944611252967
Unknown;0.0741585168296634;-0.0227272727272727;-0.74621606035131
Low;0.0414391712165756;0.522248243559719;0.7438050168518087
Unknown;0.628507429851403;0.0933333333333333;0.2447364178976942
Unknown;0.7591448171036579;-0.1820224719101123;0.1335039632799398
Unknown;0.0289194216115677;0.3743842364532019;0.8338824650282577
Unknown;0.1697566048679026;0.3555555555555555;0.5811917147102456
Unknown;0.0123997520049599;0.5641646489104116;0.9024565058486224
Unknown;0.0073198536029279;0.5652173913043478;1.1883478427133811
Unknown;0.4118717625647487;0.1673699015471167;0.3072923926652681
Unknown;0.6005079898402031;-0.2;-0.2033852663369942
Unknown;0.7921041579168416;-0.0748299319727891;-0.1066233016113614
Unknown;0.4462310753784924;0.3481481481481481;0.3445561122714168
Unknown;0.7723845523089539;0.2448979591836734;0.1298323847041892
High;0.0211995760084798;-0.4965986394557823;-1.294938301931726
Unknown;0.1132377352452951;0.3866666666666666;0.6753063239095022
Unknown;3.999920001599968e-05;0.7623762376237624;1.3350582279782557
Unknown;0.0039199216015679;-0.8148148148148148;-1.678692737787476
Unknown;0.9694606107877842;-0.1481481481481481;0.087526055428381
Unknown;0.4324713505729885;0.3404255319148936;0.2993526647155912
Unknown;0.3578328433431331;0.2569444444444444;0.4095337122127094
Unknown;0.0105597888042239;0.7244444444444444;1.3517844106556909
Unknown;0.0001199976000479;0.95;2.10654649028905
Unknown;0.2228355432891342;-0.0222222222222222;-0.6658491535246273
Unknown;0.0002399952000959;0.8758169934640523;2.0527542717604708
Unknown;0.0877182456350873;0.4696969696969697;0.719451612969084
Unknown;0.0903581928361432;0.3155555555555555;0.7587919142803174
Unknown;0.2202355952880942;0.3396226415094339;0.520697721900654
Low;0.0012799744005119;0.6742770167427702;1.0850956738930213
Unknown;0.5333093338133237;0.1550387596899224;0.2871420740681988
Unknown;0.116117677646447;0.4266666666666667;0.636885496256842
Unknown;0.0003199936001279;-0.6521739130434783;-2.272709524987134
Unknown;0.0554388912221755;-0.2875816993464052;-1.0938121465656203
Unknown;0.6723465530689386;-0.1116883116883116;-0.1590880789856308
Control;0.0012399752004959;0.74;1.366464780230878
Unknown;0.0635987280254394;-0.6197183098591549;-0.9230098581832892
Unknown;0.8285834283314334;-0.0577777777777777;0.1650542420674044
Unknown;0.0337193256134877;-0.1547619047619047;-0.8772836717961354
Unknown;0.7249855002899942;0.0962962962962963;-0.1344226089287429
Unknown;0.0776784464310713;0.4753086419753086;0.742904537558097
Unknown;0.0842105263157894;0.7777777777777778;1.2649326499730609
Unknown;0.0019599608007839;0.75;1.2295747802398334
Unknown;0.125797484050319;0.1534391534391534;0.6779797445827269
High;0.0620787584248315;0.4975369458128079;0.7436042129486399
Unknown;0.1778764424711506;0.0043290043290043;0.4841241237386101
Medium;3.999920001599968e-05;0.9911111111111112;1.7972461900893624
Control;0.8662626747465051;0.1380952380952381;-0.0589960567787812
Unknown;0.4062318753624927;0.4652777777777778;0.3743635924540939
Unknown;0.747465050698986;0.11328125;-0.094115421475757
Unknown;0.0101197976040479;0.6666666666666666;0.7568664400429416
Unknown;0.4850702985940281;-0.291044776119403;-0.2245454751805993
Unknown;0.2217955640887182;0.3386243386243386;0.4991384539134125
Unknown;0.0849983000339993;0.3626373626373626;0.6260270612190246
Unknown;0.5839883202335954;-0.1906976744186046;-0.1211701707066893
Unknown;0.4761904761904761;-0.3541666666666667;-0.3229777347219157
Unknown;0.0941981160376792;-0.3688888888888889;-0.8089954484858234
Unknown;0.4066318673626527;0.3111111111111111;0.3672400857313359
Unknown;0.9507809843803124;0.0851063829787234;0.0139137888802609
Unknown;0.0805583888322233;0.2693208430913349;0.698598688624926
Unknown;0.7747045059098818;0.0844444444444444;0.143595575483851
Unknown;0.0014399712005759;0.7266666666666667;1.02862786633654
Medium;0.0126797464050718;0.5816326530612245;1.0845426641530502
Low;0.0020799584008319;-0.5602836879432624;-2.0126473729124337
Low;0.5802283954320914;0.3703703703703703;0.2327284057495666
Unknown;3.999920001599968e-05;0.8441558441558441;1.3573455603155746
Unknown;0.0264794704105917;0.574468085106383;0.9688329340691112
Unknown;0.0043199136017279;0.717391304347826;1.4587639831391648
Low;0.0004799904001919;0.7777777777777778;1.54856992715762
Unknown;0.0171596568068638;0.5333333333333333;1.1398735355469936
Unknown;3.999920001599968e-05;0.5312169312169313;0.9945249735372088
Unknown;0.881622367552649;-0.1378299120234604;-0.009172807616604
Unknown;0.0059598808023839;-0.4965986394557823;-1.666000882020703
High;3.999920001599968e-05;0.7724137931034483;1.575290656611285
Unknown;0.5669486610267794;0.1045751633986928;0.2754230945839015
Unknown;0.0034399312013759;0.7021276595744681;1.081578595388613
Unknown;0.5888682226355473;-0.1481481481481481;-0.2304596012478933
Unknown;0.1625567488650227;0.3854166666666667;0.4931544438068247
Unknown;0.0719185616287674;0.475177304964539;0.715216533058197
Unknown;3.999920001599968e-05;0.8151815181518152;1.184085451551929
Unknown;0.8002239955200896;-0.1247058823529411;-0.0751035357785939
Unknown;0.5767884642307154;0.1319444444444444;0.2500607937809946
Unknown;0.1530769384612307;-0.4222222222222222;-0.6992792553867022
Unknown;7.999840003199936e-05;0.822463768115942;0.9399571973631978
Unknown;0.9572608547829043;0.0884353741496598;-0.0131838694674672
Unknown;0.0196396072078558;0.6143790849673203;0.7564673737368964
Unknown;0.0383592328153436;-0.4516129032258064;-0.9408013354367056
Unknown;0.5676286474270514;-0.1521739130434782;-0.2281524509422364
Unknown;0.9156216875662486;-0.0652173913043478;0.0482738851497937
Unknown;0.1122777544449111;0.3380952380952381;0.5632693455135762
High;0.4827503449931001;0.28;0.3311044208611344
Unknown;0.0001999960000799;-0.7006172839506173;-1.513807848223391
Unknown;0.0913981720365592;-0.3522012578616352;-0.7773994796790175
Unknown;0.8844223115537689;0.036231884057971;0.0798341040466192
Control;0.0009999800003999;0.8127659574468085;0.8233013454279807
High;0.0002799944001119;0.8333333333333334;2.5182800992816188
Unknown;0.0064398712025759;-0.5763888888888888;-1.320660680563724
Unknown;0.6481070378592428;-0.1733333333333333;-0.1014477327803929
Unknown;0.1811963760724785;0.3643410852713178;0.5307903644472264
Unknown;3.999920001599968e-05;0.9377777777777778;2.5288087116145808
Unknown;0.0013199736005279;0.8299319727891157;0.932997640008282
Unknown;0.0055998880022399;0.6266666666666667;1.4069857852984426
Unknown;0.239235215295694;0.3877551020408163;0.5005202908694718
Unknown;0.0199196016079678;-0.5666666666666667;-1.1533765661337596
Unknown;0.756544869102618;0.1446540880503144;0.1711343955043593
Unknown;0.9329413411731764;-0.0272108843537414;0.0786084265786139
Unknown;0.0681186376272474;0.4552238805970149;0.6788899708256003
Unknown;0.0179196416071678;0.5531914893617021;0.9188405529508864
High;0.1039179216415671;0.5739130434782609;0.8127395498619538
Unknown;0.0162796744065118;0.4395348837209302;0.6431292118507419
Unknown;0.0177996440071198;0.5925925925925926;0.9934277619809138
Unknown;0.0027999440011199;0.5952380952380952;0.9503891320189124
Low;0.4758704825903482;0.2160493827160493;0.3072396939141531
High;0.0001999960000799;-0.8518518518518519;-2.1159494404352914
Unknown;0.1919961600767984;0.2641509433962264;0.4317415429936946
Low;0.0016399672006559;-0.5447941888619855;-1.8068784850150408
Low;3.999920001599968e-05;0.903448275862069;1.0983570795847413
Unknown;0.7624247515049699;0.130718954248366;0.1270575641812961
Unknown;0.0025999480010399;0.7407407407407407;1.198766059498201
Control;0.3883522329553409;-0.2896825396825397;-0.3158875879105756
Unknown;0.493190136197276;-0.0962962962962963;-0.2793859325078998
Unknown;0.1827963440731185;0.3777777777777777;0.5852302122849337
Medium;0.5213895722085559;0.141025641025641;0.2851974019409218
Unknown;0.0474790504189916;0.3541666666666667;0.9384796729864378
Unknown;0.5039899202015959;-0.1633986928104575;-0.2698052700853412
Unknown;0.626627467450651;-0.1615384615384615;-0.162944120755299
Unknown;0.0666786664266714;0.319672131147541;0.5785190015307697
Unknown;0.2193156136877262;-0.3121693121693121;-0.5094663080513688
Control;0.4497110057798844;-0.1836734693877551;-0.2877489524798868
Unknown;0.4418311633767324;0.1733333333333333;-0.3023498891521579
Unknown;0.2728745425091498;0.0592592592592592;-0.5033071225974718
Unknown;0.7194256114877703;-0.1022222222222222;-0.1750484026328093
Unknown;0.1808363832723345;0.0921985815602836;0.5888329808748114
Unknown;0.0245195096098078;-0.5666666666666667;-0.9031026929293442
Unknown;0.4461910761784764;0.3055555555555556;0.3389968496815144
Control;0.3283934321313573;-0.3007518796992481;-0.2729977347672874
Unknown;0.1530369392612147;0.3402777777777778;0.6402258844264287
Unknown;0.0286394272114557;0.644927536231884;0.4737798759060594
Medium;0.2950740985180296;0.162227602905569;0.2719067843853117
Unknown;0.0003199936001279;0.8768115942028986;1.524275840229983
Unknown;0.376432471350573;-0.122077922077922;-0.3503061225959764
Medium;0.621867562648747;0.1780821917808219;0.1761149039085233
Unknown;0.9159416811663766;0.0694444444444444;0.0750054475513211
Medium;0.4060318793624127;0.4240924092409241;0.2530917819025786
Unknown;0.0097998040039199;0.6666666666666666;1.186328760617604
Unknown;0.7122657546849063;0.0153061224489795;0.160526241391622
Unknown;0.7378652426951461;0.072463768115942;0.1857772364308557
Unknown;0.1015179696406071;-0.0844444444444444;-0.8927093452680936
Unknown;0.9008619827603448;0.0333333333333333;0.0923196286962178
Unknown;7.999840003199936e-05;0.815668202764977;1.5570591701108778
Unknown;0.7862242755144897;-0.0148148148148148;0.1433190317795716
Medium;0.8925421491570169;-0.078272604588394;0.1297571155964579
Unknown;0.3008739825203496;0.2023809523809523;0.4042694522913556
Unknown;0.2275154496910061;0.5330520393811533;0.419218745361186
Unknown;0.0799984000319993;0.1360544217687075;-1.0317278081177437
Unknown;0.2637547249055019;-0.1231884057971014;-0.500483640701841
Unknown;0.2131157376852463;-0.28;-0.5999133162017936
Control;0.0141997160056798;-0.4117647058823529;-1.5800519492809488
Unknown;0.9348213035739286;0.1133333333333333;-0.0047262673101411
High;0.0146797064058718;0.5911949685534591;1.1463275925358325
Unknown;0.9453410931781364;-0.0072463768115942;0.004917310774347
Unknown;0.6563868722625548;-0.0647887323943662;-0.1284414125232701
Unknown;0.3879122417551649;0.2108843537414966;0.3770001028761056
Unknown;0.0363592728145437;-0.6129032258064516;-0.9861543269064996
Unknown;0.3939921201575968;-0.1604938271604938;-0.3622976316622417
Unknown;0.875182496350073;0.1358024691358024;0.1049423562028901
Unknown;0.0133997320053598;0.72;0.9273771629444876
Unknown;0.0013199736005279;0.6927297668038409;1.0295352743335433
Low;0.3824723505529889;-0.2074074074074074;-0.3869211571503129
Unknown;0.2768744625107497;-0.4;-0.5289898800329415
Unknown;0.2229955400891982;-0.1014492753623188;-0.550478961644906
Unknown;0.0374792504149917;-0.6231884057971014;-0.8770436719905491
Unknown;0.0002799944001119;0.8844444444444445;1.5598364443144328
Unknown;0.0229195416091678;0.3629976580796253;1.0626018832773787
Unknown;0.0006799864002719;0.8;1.7763448870933216
High;0.0039599208015839;-0.4693877551020408;-1.6345583970549191
Unknown;0.0002799944001119;0.7;1.3115456665759249
Unknown;0.0028799424011519;0.571969696969697;1.1498861218594207
Unknown;0.5800683986320273;-0.2169117647058823;-0.2037876506304808
Unknown;0.0023599528009439;0.6944444444444444;1.140633616371257
Low;0.0099998000039999;0.5516483516483517;1.0360469164297308
Unknown;0.3354732905341893;0.1584415584415584;0.3952946643013048
Unknown;0.7924241515169697;0.0266666666666666;0.198511322142007
Unknown;0.120317593648127;0.3957845433255269;0.6045331582002874
Unknown;0.0695586088278234;0.3888888888888889;0.6690897397543542
Unknown;0.0505589888202235;0.4592592592592592;0.6938774845226522
Unknown;0.9729405411891762;-0.0776942355889724;0.0510302906758188
High;0.1325973480530389;0.2533333333333333;0.777708307905909
Unknown;0.3517529649407012;0.3333333333333333;0.4124524807364049
Unknown;0.6418671626567468;0.0111940298507462;0.1798910943813833
Unknown;0.4425511489770204;-0.1317073170731707;-0.251619445527464
Medium;0.0073998520029599;0.738562091503268;1.1248435509792942
Control;0.7792244155116897;0.0705128205128205;-0.0919930561100847
Unknown;0.3291134177316454;0.2695035460992908;0.4314612839331068
Unknown;0.2022359552808943;0.3166666666666666;0.6286000579441055
Unknown;0.9533409331813364;0.0652173913043478;-0.0093319845954604
Unknown;0.4457110857782844;0.2;0.3759058705563719
Low;0.7724245515089698;-0.1797235023041474;0.1497672697223854
Unknown;0.0003199936001279;0.6962962962962963;1.8336360669276757
Unknown;0.0322793544129117;0.40625;0.6770779405787893
Unknown;0.8143037139257215;-0.0962962962962963;-0.0631465186309516
Unknown;0.5061898762024759;0.1597222222222222;0.2872350634592954
Unknown;0.2706345873082538;-0.1376811594202898;-0.4985381532549656
Unknown;0.2274754504909902;0.3015873015873015;0.4904257974993207
Unknown;0.2035959280814383;-0.4701492537313433;-0.5082561528481796
Unknown;0.5774284514309714;-0.2875816993464052;-0.2149136646787323
Unknown;0.0023999520009599;-0.6962962962962963;-1.240846260908799
Unknown;0.0334793304133917;-0.3006535947712418;-1.020268792556163
Unknown;0.3417531649367012;0.3043478260869565;0.420111505570315
Unknown;0.5687086258274835;0.2169312169312169;0.2279637289255302
Low;0.1986360272794544;0.3273809523809524;0.5600216027539094
Unknown;0.497510049799004;-0.0972222222222222;-0.2680647652722754
Unknown;0.6437871242575148;0.0;0.242982020848794
Unknown;0.0571188576228475;0.4488888888888889;0.8650420884435072
Unknown;0.0039999200015999;0.5233918128654971;0.9554847003749352
Unknown;0.8223835523289534;-0.2444444444444444;-0.0613457317340109
Unknown;0.0627587448251035;0.4397163120567376;0.6970222651096423
Unknown;0.3187136257274854;-0.0918367346938775;-0.4033910046675606
High;0.3311933761324773;-0.1698113207547169;-0.3807897288596273
Unknown;0.4818303633927321;0.2483660130718954;-0.2398117372255298
Unknown;0.367032659346813;0.2518518518518518;0.4060946361313579
Unknown;0.6509469810603787;0.3402777777777778;-0.1571984892896149
Unknown;0.8941021179576408;0.0597402597402597;0.0637548546362568
Unknown;0.7733845323093538;0.065359477124183;-0.0353971109304096
Unknown;0.0881982360352792;-0.4965986394557823;-0.8691109049301083
Medium;0.8553428931421372;0.1069767441860465;0.0603575217201066
Unknown;0.5353092938141237;-0.2444444444444444;-0.2629423794983315
Unknown;0.4146717065658686;-0.2463054187192118;-0.2917070047834382
Unknown;0.0410791784164316;0.4461538461538462;0.6706841585345567
Unknown;0.2797944041119177;0.2564102564102564;0.4589915231871148
Unknown;0.121757564848703;0.3640552995391705;0.6341526605010246
Unknown;0.0325993480130397;0.5320197044334976;0.7267912966877794
Control;0.6940261194776104;0.4183006535947712;-0.0539781459577139
Unknown;0.875782484350313;-0.3246753246753247;-0.0029323508760371
Unknown;0.8448631027379453;0.0;-0.0678328882721818
Unknown;0.1009979800403991;0.4285714285714285;0.5908577777129603
Unknown;0.619867602647947;-0.2023809523809523;-0.1696533075790973
Unknown;0.986260274794504;0.0;0.0124208576543739
Low;0.3857922841543169;0.3081761006289308;0.371833897930139
Unknown;0.1948761024779504;-0.2955974842767295;-0.5765078897140753
Control;0.4572708545829083;0.1452380952380952;-0.2179851701524086
Control;0.49415011699766;0.2442396313364055;0.2773394942578973
Low;0.0001199976000479;0.8059071729957806;1.544515134845461
Low;0.5963880722385553;0.1380597014925373;0.199912500310389
Unknown;0.7817043659126818;-0.0466666666666666;-0.1147629107437128
Unknown;0.0001599968000639;0.7;1.0673902430025808
Unknown;0.1454370912581748;0.2193877551020408;0.5557905452081928
Unknown;0.0935181296374072;0.4339622641509434;0.655964942410456
Control;0.0069598608027839;-0.5144927536231884;-1.4629345453780724
Unknown;0.6459870802583948;0.1407407407407407;0.2306381166676277
Unknown;0.2134357312853743;0.2435897435897435;0.5435725831714747
Unknown;0.0009599808003839;0.6145833333333334;1.2228235944834318
Control;0.0369192616147677;0.458966565349544;0.7859258457284362
Unknown;0.493670126597468;0.1372549019607843;0.3187002417430047
Low;0.2843543129137417;-0.0846560846560846;-0.4338979014225921
Unknown;0.0002399952000959;0.7959183673469388;1.32435973239251
Unknown;0.6666266674666507;0.050314465408805;0.2132474474876675
Unknown;0.125117497650047;0.3842364532019704;0.5877349954288754
Control;0.0017199656006879;-0.6533333333333333;-1.771456463501263
Unknown;0.0183196336073278;0.7037037037037037;1.076056295634655
Low;0.0012399752004959;0.7093596059113301;1.3618857162220537
Unknown;0.5654286914261715;0.2142857142857142;0.2417136541329222
Unknown;0.3069538609227815;0.0809061488673139;0.3136211390235039
Unknown;0.0015599688006239;0.5978835978835979;0.958229175565106
Unknown;0.5129897402051959;-0.2083333333333333;-0.2727607353792136
Control;0.7413851722965541;-0.1858974358974359;-0.0493807377459078
Unknown;3.999920001599968e-05;0.974025974025974;3.6734689514095855
Medium;0.5909081818363633;0.387012987012987;-0.1550109555460215
Unknown;0.118077638447231;0.3244444444444444;0.6611611140989074
Unknown;0.2064358712825743;-0.0165016501650165;0.391002263508014
Unknown;7.999840003199936e-05;0.94;1.2589504604503745
Unknown;0.0097598048039039;0.5238095238095238;1.1234672061484403
Unknown;0.0944781104377912;0.4027777777777778;0.7531551171924101
Control;0.4755104897902042;0.0208333333333333;-0.2954403170146274
Unknown;0.1640767184656306;0.3107142857142857;0.5407338973920941
Unknown;0.1084378312433751;0.3432835820895522;0.5442762114866513
Unknown;0.0587988240235195;0.4774774774774775;0.8165417634045816
Control;0.0251194976100477;0.5512820512820513;0.9245314662865112
Medium;0.9033019339613207;0.0098039215686274;0.0397296829702097
Unknown;0.2361952760944781;-0.086734693877551;-0.4878369701703688
Medium;0.3321533569328613;0.1044776119402985;0.3686348367438365
Low;0.0024399512009759;0.6792452830188679;1.360924682155191
Unknown;0.9362212755744884;-0.072463768115942;0.1303163304958029
Unknown;0.3057138857222855;0.1666666666666666;0.4546168955434627
Unknown;0.376232475350493;-0.0937950937950937;-0.3044564690617874
Medium;0.0830383392332153;0.3266666666666666;0.7135644913683428
Unknown;0.636947261054779;-0.0337662337662337;0.206129777994756
Unknown;0.0021599568008639;0.7688888888888888;1.2735626188249534
Unknown;0.0129597408051838;0.6477987421383647;1.0893239256358118
Unknown;0.376272474550509;-0.2539682539682539;-0.328731558503174
Low;0.4781904361912761;0.375;-0.1095294026353493
Low;0.0034799304013919;0.675;0.7988292576484383
High;0.0679186416271674;0.3870967741935484;0.7909835342295959
Unknown;0.1570368592628147;0.2857142857142857;0.6434597562684421
Unknown;3.999920001599968e-05;0.9555555555555556;2.876703392983893
Unknown;0.0876782464350713;-0.3407407407407407;-0.8573780536897976
Unknown;0.0021599568008639;0.7;1.1196592664058196
Unknown;0.5207495850082998;0.0977272727272727;0.2162862470415676
Unknown;7.999840003199936e-05;0.6476190476190476;1.3690059731059288
Unknown;0.9723805523889524;0.2624113475177305;0.0049248709929996
Low;0.1075978480430391;0.3345070422535211;0.5829543381216891
Unknown;0.6586668266634668;0.3097014925373134;-0.1326424173693611
Medium;0.0003199936001279;-0.8581418581418582;-1.52492547329915
Unknown;0.4466310673786524;0.0884353741496598;0.3318075838962401
Unknown;0.0955580888382232;0.3333333333333333;0.7368562199762867
Unknown;0.0710785784284314;0.4137931034482758;0.714152222568428
Unknown;0.3558328833423331;-0.3511111111111111;-0.4343583128315862
Unknown;0.0619987600247995;0.4126984126984127;0.670815038776774
Unknown;0.1943961120777584;-0.3888888888888889;-0.5865939949577539
Unknown;0.1780364392712145;0.4042553191489361;0.5417465992354862
Unknown;0.0024799504009919;0.5978835978835979;1.400789481155445
Unknown;0.0093598128037439;0.6122448979591837;1.1161653058640255
Unknown;0.5665486690266195;0.1925925925925926;0.2730717907321011
Unknown;0.0408391832163356;0.52;0.9990603602627214
Unknown;0.0001999960000799;0.8301886792452831;0.844203073620163
Unknown;0.1497170056598868;0.3285714285714285;0.4908042952538154
Control;0.0493190136197276;0.5769230769230769;0.696615739195354
Unknown;0.5890282194356112;0.0;0.220999265127843
Control;0.0009999800003999;0.779874213836478;1.5264376729445328
Unknown;0.4436311273774524;0.5416666666666666;0.2915537005067513
Unknown;0.378512429751405;-0.1655172413793103;-0.2936674813836548
Unknown;0.2780744385112297;0.2519480519480519;0.4161397390108334
Unknown;0.1899162016759664;-0.3120567375886525;-0.5872052539488248
Medium;3.999920001599968e-05;0.8877551020408163;1.459532730402689
Unknown;0.0317193656126877;0.5277777777777778;0.9297604428342288
Control;0.8903421931561368;0.0158730158730158;0.0636176627104056
Unknown;0.3013939721205576;0.2543859649122807;0.4570087930267876
Unknown;0.0001999960000799;0.8333333333333334;1.5057676677141816
Unknown;0.6459870802583948;-0.1609977324263038;-0.1741563892175396
Low;0.0001199976000479;0.9733333333333334;0.7591494864916319
Unknown;0.0020399592008159;0.6140350877192983;1.3004925405980985
Unknown;0.0038399232015359;0.5911330049261084;1.3341985788603845
Control;0.0255594888102237;0.574468085106383;1.0117295505015762
Low;0.0001999960000799;0.7820823244552058;1.5750384937583717
Low;0.2848343033139337;0.5142857142857142;0.4094672403397477
Unknown;0.3359932801343973;0.1442687747035573;0.3062826323737212
Low;0.118677626447471;-0.4374120956399437;-0.5787712617364142
Unknown;0.2041159176816463;0.2727272727272727;0.4852911101498118
Unknown;0.2929941401171976;-0.4133333333333333;-0.4978175600732059
Unknown;0.0013599728005439;0.7849462365591398;1.5424444148371987
Control;0.0003599928001439;-0.2687312687312687;-1.6908520902909838
Unknown;0.0007999840003199;0.78;1.5165898679560308
Unknown;0.2859942801143977;-0.3178294573643411;-0.4819952894753975
Control;0.1340773184536309;-0.35546875;-0.573114160202574
Unknown;0.7813443731125378;-0.4259259259259259;-0.0720637625575592
Unknown;0.0631987360252794;0.427536231884058;0.7996875541458611
Low;0.6926661466770665;0.3971631205673759;0.0331110768450187
Unknown;0.0003199936001279;0.7959183673469388;1.2173682570356366
Unknown;0.3047939041219175;-0.2;-0.4550480261288049
Unknown;0.0018799624007519;0.5857142857142857;0.9017100898833228
Unknown;0.8833023339533209;0.0411622276029055;0.0685738610317198
Unknown;0.8294634107317853;-0.3611111111111111;-0.0467174670453452
Unknown;0.0001199976000479;0.8846153846153846;1.1818161187245044
Medium;0.0021199576008479;0.7955555555555556;1.3034206715139338
Unknown;0.9531009379812404;-0.0929705215419501;-0.0044573655284458
Unknown;0.123837523249535;-0.36;-0.713644068297146
Unknown;0.0052798944021119;0.6451612903225806;0.6892711348106327
Unknown;0.5830683386332274;-0.2179487179487179;-0.2156186587979978
Unknown;0.8373832523349533;0.2411347517730496;0.1160283378155875
Control;0.0056798864022719;0.5144927536231884;0.888697264819574
Unknown;0.0013999720005599;0.7266666666666667;1.115255791820578
Unknown;0.8995420091598169;-0.2355555555555555;0.1101969196993442
High;0.0879982400351993;-0.4185463659147869;-0.6915613084898931
Unknown;0.0316393672126557;0.5740740740740741;0.6321705232318445
Control;0.4201115977680446;-0.1521739130434782;-0.1986500398294952
Unknown;0.1507969840603188;0.362962962962963;0.6098860519684223
Unknown;3.999920001599968e-05;0.6475;1.0608306855137215
Unknown;0.0175596488070238;0.56;0.9566117320571292
Unknown;0.2537149257014859;0.2687651331719128;0.459596418587381
Unknown;0.3628327433451331;0.0346534653465346;0.2821611584914159
Unknown;0.0067598648027039;0.6040100250626567;1.045498751221736
Control;0.0121997560048799;-0.5703703703703704;-1.5130464811193292
Unknown;0.0977980440391192;0.2652329749103942;0.5326277285066028
Unknown;0.8334233315333693;0.1584415584415584;-0.0150435470989191
Unknown;0.0145197096058078;0.5555555555555556;0.7964638297167628
Control;0.0001199976000479;0.8380952380952381;1.4420046933689314
Unknown;0.9588208235835284;-0.1532467532467532;0.187829701190129
Unknown;0.3207135857282854;-0.2857142857142857;-0.4397235141961793
Unknown;0.0001599968000639;0.8581560283687943;1.6464456244658476
Medium;0.1832763344733105;0.2026143790849673;-0.6565970980899116
Unknown;0.0687986240275194;-0.5221674876847291;-0.7861735702184216
Unknown;0.494790104197916;0.0147783251231527;0.3194229638404822
Unknown;0.0147597048059038;0.5960591133004927;0.9200458019985472
High;0.0067198656026879;0.6122448979591837;1.1461837923477831
Unknown;0.50334993300134;0.2088888888888889;0.3518003166670011
Unknown;0.2021559568808623;0.3522012578616352;0.5503879149465473
Unknown;0.5267094658106838;0.063231850117096;0.2607581052377131
Unknown;0.0020399592008159;-0.458128078817734;-1.6257010331799138
Unknown;0.1412371752564948;0.4761904761904761;0.615049438569069
Unknown;0.25227495450091;0.2264150943396226;0.4976465502355724
Control;0.9866202675946482;0.2531328320802005;0.035875518616655
Unknown;0.8474630507389852;0.1047619047619047;-0.0556055901049581
Unknown;0.9410211795764084;-0.0638297872340425;0.0632692453710754
Unknown;0.9228215435691286;-0.0797101449275362;0.0750893999251657
Unknown;0.3817523649527009;-0.3012820512820512;-0.3746314613787566
Unknown;0.0002799944001119;0.8844444444444445;1.0573587804183964
Unknown;0.1055578888422231;0.3209302325581395;0.5365396751705164
Unknown;0.0369192616147677;-0.4184397163120567;-1.0733790174362194
Unknown;0.617627647447051;0.0468384074941452;-0.152813785133219
Unknown;0.0008399832003359;0.6610169491525424;0.5886525181621501
Unknown;0.1443971120577588;-0.4444444444444444;-0.7199093677228854
Unknown;0.5523489530209396;-0.3006535947712418;-0.2453849351834371
Unknown;0.2831943361132777;-0.4222222222222222;-0.5182824606136294
High;0.5385892282154356;0.181159420289855;0.2840859643975306
Unknown;0.0121997560048799;-0.6415094339622641;-1.1840439687399675
Unknown;0.4462310753784924;-0.1493055555555555;-0.2821267204135294
Unknown;0.8304233915321694;-0.0121065375302663;0.0070148888466779
Control;0.0003199936001279;0.8571428571428571;1.3151575313968262
Unknown;0.1301173976520469;0.3262411347517731;0.5245183518049731
Unknown;0.3114737705245895;-0.4358974358974359;-0.304515230422172
Unknown;0.0155996880062398;0.5736434108527132;1.0782062219629076
Unknown;0.0027199456010879;0.6727272727272727;1.179902961486364
Unknown;0.0202795944081118;-0.375886524822695;-1.375343674950496
Unknown;0.8203035939281215;0.1541666666666666;-0.0213918896690608
Low;0.0029199416011679;-0.6658595641646489;-1.2682395467042906
Unknown;0.0057198856022879;0.5576036866359447;0.8364147221923325
Low;0.8058238835223296;-0.1269841269841269;0.277008292643234
Unknown;0.3674726505469891;-0.2765957446808511;-0.3949235056616028
Unknown;0.3408331833363333;0.2285714285714285;0.4299579740495026
Unknown;0.2829943401131977;-0.4347826086956521;-0.4832450803207669
Unknown;0.8692226155476891;-0.1089743589743589;-0.0703439623207778
Unknown;0.6142677146457071;0.0814814814814814;0.2033037150676426
Low;0.5240295194096118;0.0972222222222222;-0.2384964460106858
Unknown;0.8909421811563769;-0.2536231884057971;0.0473990133015147
Low;0.9462210755784884;-0.0916666666666666;0.0030542748376381
Unknown;0.3583528329433411;-0.2888888888888888;-0.4041491014733091
Unknown;0.0433591328173436;0.3695652173913043;0.9485130956786816
Low;0.0185196296074078;0.5448717948717948;1.01268337642889
Unknown;0.1471970560588788;0.382716049382716;0.6317713489244515
Control;0.0291194176116477;0.5462184873949579;0.8026052828640878
Unknown;0.0983180336393272;0.3507462686567164;0.6273166871901337
Unknown;3.999920001599968e-05;0.755023923444976;0.944792811432427
Control;0.0027599448011039;-0.5918367346938775;-1.4325560118427
Unknown;0.0001199976000479;0.8985507246376812;1.996370154279762
Unknown;0.3259134817303654;-0.1938775510204081;-0.4320002674309739
Unknown;0.0118397632047359;0.5736961451247166;0.8953231777047317
Unknown;0.8517829643407132;-0.1111111111111111;-0.0441976879317858
Control;0.9639407211855764;0.1133333333333333;0.0443803374936089
Unknown;0.1526769464610707;0.3263888888888889;0.5601752285328754
Unknown;3.999920001599968e-05;0.8108108108108109;1.177584818512024
Unknown;0.115157696846063;-0.5873015873015873;-0.8799027707089193
Unknown;0.8179036419271615;0.3715277777777778;0.1524129861047441
Unknown;0.0191996160076798;-0.5228758169934641;-1.267454149485408
Unknown;0.0562388752224955;-0.3054187192118227;-1.1144216129408
Unknown;0.0020399592008159;-0.4844444444444444;-2.079618186442011
Unknown;0.7706245875082498;0.3666666666666666;0.1821474844389861
Unknown;0.0450790984180316;-0.5111111111111111;-0.9265529226359532
Unknown;0.1677166456670866;0.425531914893617;0.4900881198281497
Unknown;0.0100797984040319;0.6222760290556901;0.6848321588862768
Unknown;0.6830263394732106;0.1587301587301587;0.1819602804270615
Unknown;0.5260294794104118;0.1403508771929824;0.2981258605460438
Low;0.0025974025974025;0.9649122807017544;1.872440343817012
Low;0.0031199376012479;-0.6610169491525424;-1.7032862513307558
Unknown;0.0003999920001599;0.6899862825788752;0.983143061662486
Unknown;0.6583068338633228;-0.0944309927360774;-0.057426686093864
Control;0.2257554848903022;0.2935064935064935;-0.5674893872751973
Control;0.8379032419351613;0.1138014527845036;-0.0342150543131493
Unknown;7.999840003199936e-05;0.8111380145278451;1.3015390562832203
Low;0.125877482450351;-0.3659420289855072;-0.5894058363107485
Unknown;0.4106317873642527;-0.2638888888888889;-0.3124415621286296
High;0.0283594328113437;0.5116883116883116;0.85681936771217
Unknown;0.4129517409651806;-0.1372549019607843;-0.2742834079317335
Unknown;0.0019199616007679;0.7421383647798742;1.2921641714371133
Unknown;0.0373592528149437;0.45703125;0.7346462794790823
Unknown;0.2228355432891342;0.1943793911007025;0.4556551236849718
Unknown;0.0007999840003199;0.8402777777777778;1.0537020705746152
Unknown;0.250634987300254;0.2847222222222222;0.4953620066826322
Unknown;0.9903429903429904;-0.08;0.0072705303497113
Unknown;0.0033599328013439;0.6035714285714285;0.7300214634381396
Unknown;0.8214235715285694;0.3076923076923077;-0.0309950372251495
Unknown;0.0008399832003359;0.7288135593220338;1.1230181547227236
Unknown;0.6133077338453231;0.2716049382716049;0.2276436772478192
Unknown;0.6068278634427311;-0.1290322580645161;-0.219389591153596
Medium;0.0803583928321433;-0.3244444444444444;-0.9656875674295858
Unknown;0.3548729025419491;-0.3191489361702128;-0.3952555877610118
High;0.0005199896002079;0.7291666666666666;1.6192958468897267
Unknown;0.0638787224255515;0.3850837138508371;0.6394952713351242
Unknown;7.999840003199936e-05;0.8765432098765432;1.7427214886476636
Unknown;0.0003199936001279;0.749648382559775;1.4230501519341272
Unknown;0.5945481090378193;-0.1515151515151515;-0.2900102699136329
Unknown;0.0502389952200955;0.5217391304347826;0.8280355762555537
Unknown;0.0025199496010079;0.75;1.2146546471044983
Unknown;0.9205415891682166;-0.0997150997150997;-0.0451401574887576
Unknown;3.999920001599968e-05;0.9202898550724636;2.065794910737571
Unknown;0.2971940561188776;-0.3396226415094339;-0.4472568229132413
Unknown;0.7719845603087938;-0.36;0.0159207628995563
Unknown;0.622947541049179;-0.2698412698412698;-0.1531269776970341
Unknown;0.0651986960260794;0.4305555555555556;0.6865178070839671
Unknown;0.0205195896082078;0.6;1.0190186609144654
Unknown;0.4107117857642847;-0.0709219858156028;-0.3567402752074695
Control;0.0019599608007839;-0.7042606516290727;-1.3765273164326026
Unknown;0.0007999840003199;0.6666666666666666;1.8227927632469745
Unknown;3.999920001599968e-05;0.8703703703703703;1.497857478900264
Unknown;0.0021999560008799;0.605925925925926;1.0677909190453074
Unknown;0.6521069578608428;0.6086956521739131;0.2283992022239795
Unknown;0.3062338753224936;0.3120567375886525;0.4417578480746605
Unknown;0.0001199976000479;0.7806122448979592;1.526417783097845
Control;0.0160796784064318;0.6180555555555556;0.9954371115626576
Unknown;0.2265554688906222;0.2882205513784461;0.4798703918970593
Unknown;0.0086798264034719;0.54296875;0.7703947161814981
Unknown;0.6190476190476191;0.3333333333333333;0.2605652665204952
Unknown;0.1941161176776464;-0.3333333333333333;-0.5893486795357005
Unknown;0.3000739985200296;0.2391304347826087;0.4482073218545754
Unknown;0.1001579968400632;0.3688888888888889;0.7609775604573407
Unknown;0.0021199576008479;0.6090225563909775;1.0426019612628683
Unknown;0.0085598288034239;0.5763546798029556;1.0153843544424948
Unknown;0.0186396272074558;0.6025641025641025;0.877383120961524
Unknown;0.6624267514649707;0.1698113207547169;-0.1127198413509249
Unknown;0.503869922601548;-0.3194444444444444;-0.2320206781983387
Unknown;0.0240395192096158;0.5185185185185185;0.8230148786483629
Unknown;0.0006799864002719;0.8577777777777778;2.024725717700549
High;0.0827983440331193;0.4509803921568627;0.655623469432185
Unknown;3.999920001599968e-05;0.9166666666666666;0.9001722425086567
Unknown;0.5278694426111478;0.1773049645390071;0.2823082301836347
Unknown;7.999840003199936e-05;0.8765432098765432;1.1011519726225296
Unknown;0.0002799944001119;0.5458333333333333;0.9574853660837684
Unknown;0.0135197296054078;0.5666666666666667;0.7451540576628648
Control;0.24627507449851;0.3974025974025974;0.4517004176406037
Control;0.0113197736045279;0.5333333333333333;1.0642575186534482
Low;0.2696746065078698;0.52;0.4877327226926247
Unknown;0.0273194536109277;0.5866666666666667;0.7961949933218486
Unknown;0.0708785824283514;0.4666666666666667;0.7282275728599042
Unknown;3.999920001599968e-05;0.8888888888888888;1.3388032905713396
Unknown;0.6602267954640907;0.0703125;0.1866511072778799
Unknown;0.0273994520109597;0.4507575757575757;0.708598272735523
Unknown;0.3829123417531649;0.4148148148148148;0.3731422245773901
Unknown;0.2342353152936941;0.209090909090909;0.3962076061671314
Unknown;0.1490370192596148;-0.3647798742138364;-0.7528916335077817
Unknown;0.0063198736025279;0.6453900709219859;1.234532539987796
Control;3.999920001599968e-05;0.8805031446540881;1.1608052679939247
Unknown;0.5106697866042679;-0.05859375;0.2437637160358067
Unknown;3.999920001599968e-05;0.79296875;1.7065131462300946
Unknown;0.0952380952380952;0.3202614379084967;0.5901116023011032
Unknown;3.999920001599968e-05;0.8672839506172839;1.9374090552923904
Unknown;0.0739185216295674;0.3873239436619718;0.6157945020856739
Unknown;0.0004399912001759;0.8577777777777778;1.8395926425695808
Unknown;0.1479570408591828;0.3653846153846153;0.4608158505113461
Unknown;0.0006799864002719;0.7358490566037735;1.543776434042775
Unknown;0.1735165296694066;0.0857142857142857;0.4599040847109903
Control;0.0001199976000479;0.8062953995157385;1.2328922660795083
Medium;0.6417071658566829;0.1987179487179487;0.2051537374468299
High;0.5233495330093398;-0.1259259259259259;-0.0394883721242739
Unknown;0.0027999440011199;0.6928571428571428;1.2454423639954015
Unknown;0.0861582768344633;0.375886524822695;0.745650124819116
Unknown;0.0311193776124477;0.4755555555555555;0.8405590124891726
Unknown;0.2983940321193576;0.122077922077922;-0.4169330899400809
Unknown;0.1993560128797424;0.1413043478260869;0.4655711610364673
Unknown;0.0805583888322233;-0.4513888888888889;-0.8260290335037371
Unknown;0.0026799464010719;0.5264735264735265;1.0006286993581497
Medium;3.999920001599968e-05;-0.8678571428571429;-2.27694709593094
Unknown;0.0252394952100958;0.5032679738562091;0.9301670414018924
Unknown;0.0009599808003839;0.528169014084507;1.469650446773914
Unknown;0.9057818843623128;0.2888888888888888;-0.0362608780999384
Low;7.999840003199936e-05;0.8930817610062893;2.150118011294769
High;0.3626327473450531;0.1014492753623188;-0.3730472696076644
Unknown;0.0040799184016319;0.6408163265306123;0.9966311227053838
Low;0.4317913641727165;-0.0208333333333333;-0.3230233400274717
Unknown;3.999920001599968e-05;0.9324675324675324;1.1936730100843804
Unknown;0.1014779704405911;0.3076923076923077;0.5970768229559669
Unknown;0.0045199096018079;0.7115384615384616;1.137787276893346
Unknown;0.9807803843923122;0.3703703703703703;0.0266967592822416
Unknown;0.1437571248575028;0.2888888888888888;0.6431964468566875
Unknown;0.0004399912001759;0.8271604938271605;1.6057904185518928
Unknown;0.0959980800383992;0.0902777777777777;0.7674906780902917
Unknown;3.999920001599968e-05;0.7248677248677249;1.784261192419346
Unknown;0.634307313853723;0.1822222222222222;0.2388627337269298
Unknown;0.0059198816023679;0.5025;0.7914575840409529
Unknown;0.4326713465730685;0.0844444444444444;0.3409337707912528
Low;0.0028399432011359;0.6598639455782312;0.8666128221649618
Unknown;0.5599488010239795;0.2095639943741209;0.2260102049980964
Unknown;0.0667586648267034;0.4930555555555556;0.7580825825601584
Unknown;0.0447591048179036;0.5333333333333333;0.8524295881286291
Unknown;0.0122797544049119;0.6078431372549019;1.0773307942442902
Unknown;0.7654646907061858;0.0572390572390572;0.1080801483415644
Unknown;7.999840003199936e-05;0.8592592592592593;1.693002073341599
Low;0.0578388432231355;-0.4660421545667447;-0.782780685522228
Unknown;0.0489590208195836;0.1733333333333333;1.0661996690304456
Unknown;0.0912381752364952;0.3666666666666666;0.6686007091268227
Unknown;0.0596388072238555;-0.4609929078014184;-0.8826056032690323
Unknown;0.0133197336053278;0.6099290780141844;1.0867407433763177
Unknown;0.4795504089918201;0.0839506172839506;0.2427890963644987
Unknown;0.0007199856002879;0.6779220779220779;0.928446370598011
Control;0.7867042659146817;0.1022222222222222;0.1293297026546339
Unknown;0.7021459570808584;0.0272108843537414;0.1957231444275158
Unknown;0.1651166976660466;0.2650602409638554;0.4117762656711614
Low;0.0012799744005119;0.7681159420289855;1.474265683421948
Unknown;3.999920001599968e-05;0.8976608187134503;1.788830491743734
Unknown;0.8447831043379133;-0.0075757575757575;0.1259394588929959
Unknown;0.0069198616027679;0.6041666666666666;0.9709912790691668
High;0.0227195456090878;0.6289308176100629;1.052175969447176
Unknown;0.0023599528009439;0.64453125;0.7378584950393255
Unknown;0.1713965720685586;0.217391304347826;0.5756467392451121
Unknown;0.6891862162756744;0.3826530612244898;-0.1144059273654955
Unknown;0.0025599488010239;0.7101449275362319;1.2462750692818636
High;0.0016399672006559;0.6592592592592592;1.1385092986668932
Unknown;0.4512709745805084;0.1037037037037037;0.3425702923203013
Unknown;0.0913581728365432;0.3842364532019704;0.6740693991624782
Unknown;0.1540769184616307;0.3317191283292978;0.5360544265941374
Unknown;0.5930281394372112;0.0141843971631205;-0.2123989693990343
Unknown;0.4867502649947001;0.1380952380952381;0.3047669187710688
Unknown;0.7163056738865222;-0.1944444444444444;-0.1256284479103646
Unknown;0.8189836203275934;0.1333333333333333;0.1901255440728559
Control;0.1687966240675186;0.6955503512880562;0.4379644847103614
Unknown;0.0111597768044639;0.3901593901593901;0.5946922923657163
Unknown;0.2800343993120137;-0.173076923076923;-0.478024798716007
Unknown;0.0064398712025759;0.6772486772486772;1.0771409264851033
Unknown;0.0008399832003359;0.78;1.3297434224975009
Unknown;0.6752264954700906;0.2028985507246377;0.234960119403182
Unknown;0.0005199896002079;0.7358490566037735;1.1940429620849695
Unknown;0.0101597968040639;0.6049382716049383;1.0008487926448293
Low;0.9524609507809844;-0.0457516339869281;0.0991601391997738
Unknown;0.6862662746745065;0.009090909090909;0.2213890197147183
Unknown;0.0061998760024799;0.62;1.1597966957947323
Unknown;0.635907281854363;-0.1176470588235294;-0.1969494294540506
Unknown;0.0851182976340473;0.5185185185185185;0.6305337983239967
Unknown;0.0113997720045599;0.6099290780141844;0.8823194986318632
Unknown;0.6712265754684906;0.217391304347826;0.2102890867750458
High;0.2057958840823183;0.2300242130750605;0.5115226320643607
Unknown;0.1722765544689106;0.2074074074074074;0.4536344014134657
Control;0.2575548489030219;0.2692307692307692;-0.4593361588525564
Unknown;0.0033599328013439;0.6666666666666666;1.1165767701456233
Unknown;0.0729585408291834;0.4326241134751773;0.6071343000374292
Unknown;3.999920001599968e-05;0.8796992481203008;1.277423876877949
Unknown;0.0058398832023359;0.5889724310776943;0.7003464494446996
Unknown;0.0571588568228635;0.4755555555555555;0.8943731832383769
Unknown;0.251194976100478;0.2482269503546099;0.469544402138536
Unknown;0.3574328513429731;0.3061224489795918;-0.4078262984160229
Unknown;0.3854722905541889;0.6016260162601627;0.3972555063216565
High;0.0943581128377432;0.3645320197044335;0.6111339117928135
Unknown;0.0444391112177756;-0.1836734693877551;-1.325450984372541
High;0.2683546329073418;0.1631205673758865;0.444040581143392
Unknown;0.8095038099238016;-0.0068587105624142;0.0872978410629178
Unknown;0.9749005019899604;-0.109090909090909;0.1163852989045146
Control;0.4809103817923641;-0.173076923076923;0.325292604838191
Unknown;0.0349993000139997;-0.5822222222222222;-1.0326361917163938
Unknown;0.1417571648567028;0.4392857142857143;0.5364480227209207
Unknown;0.0067598648027039;0.4081632653061224;0.9464729146219828
Unknown;0.4057118857622847;0.2361111111111111;-0.380910116014364
Unknown;0.366592668146637;0.5294117647058824;0.3874052304137638
Unknown;0.1459170816583668;-0.1587301587301587;-0.6251239552701708
Unknown;0.4393912121757565;0.2276422764227642;0.3488035483343439
Unknown;0.0478790424191516;0.2461273666092943;0.5324936892405607
Unknown;0.0205595888082238;0.6711111111111111;1.1504432943414058
High;0.0001199976000479;0.7660818713450293;1.4588250473690343
Control;0.7107057858842823;0.0432098765432098;-0.1413383954583998
Unknown;0.5849083018339634;0.0426065162907268;0.2437477882083182
Unknown;0.1677166456670866;-0.3333333333333333;-0.6284642461050144
Low;0.5163896722065558;0.3829787234042553;0.2850986857223737
Unknown;0.3445531089378212;-0.1111111111111111;-0.455998368963632
Unknown;0.0174396512069758;0.54;1.0208354991487452
Unknown;0.3205935881282374;0.0980392156862745;0.4397267682276156
Unknown;0.9759004819903602;0.0133333333333333;-0.0194513330344235
Unknown;0.3238335233295334;-0.5665294924554184;-0.3590388297943003
Control;0.0042799144017119;0.6309523809523809;0.4816619385892911
Unknown;0.0386792264154716;0.3031358885017421;0.4834676864987554
Low;0.1811163776724465;0.2981818181818181;0.3826878460703244
Unknown;0.2978740425191496;-0.2602040816326531;-0.4213492158523781
Unknown;0.0795984080318393;0.3404255319148936;0.766350438983707
Unknown;0.0043999120017599;0.7375886524822695;1.2323121149958882
Low;0.0285194296114077;0.5175644028103045;0.9027078760075036
Unknown;0.2188756224875502;0.2592592592592592;0.4426766411608865
Unknown;0.0165996680066398;0.5777777777777777;1.1040469860280224
Unknown;0.1275974480510389;0.3653846153846153;0.6508577786947204
Unknown;0.0547189056218875;0.35;0.7605901462538562
Unknown;0.7678246435071299;0.0638297872340425;0.172069850817623
Low;0.0462390752184956;0.5217391304347826;0.8706193384103832
Unknown;0.4387512249755005;0.1377777777777777;0.2783116351282628
Unknown;0.0002799944001119;0.671264367816092;1.1114752733341238
Unknown;0.3901121977560449;-0.12;-0.1418461477037733
Unknown;0.0269994600107997;0.5357142857142857;0.8926622489672837
Unknown;0.3419531609367812;0.1604938271604938;0.3354871974419346
Unknown;0.1048379032419351;-0.2941176470588235;-0.7285517061790561
Unknown;0.0001199976000479;0.9064039408866996;1.0673368751973755
Control;0.0018799624007519;0.8012820512820513;1.433940303440134
Unknown;0.5035499290014199;0.3174603174603174;-0.2110296174602328
Unknown;0.0023599528009439;0.6417233560090703;1.2714275929232677
Unknown;0.620107597848043;0.1069182389937107;0.2171683198130232
Unknown;0.3209535809283814;0.4577777777777778;0.480187198074414
Unknown;3.999920001599968e-05;0.7243589743589743;2.6092385109642864
Unknown;3.999920001599968e-05;0.925925925925926;1.4807899262957818
Unknown;0.9375812483750324;-0.0612244897959183;0.0825779588213764
Unknown;0.8854622907541849;-0.0459183673469387;0.043269908183214
Unknown;3.999920001599968e-05;0.8641975308641975;1.0683154250981102
Control;0.5160696786064278;-0.2063492063492063;-0.1705080817474598
Unknown;0.2107157856842863;-0.2148148148148148;-0.5646094426595314
Unknown;0.0355592888142237;-0.5185185185185185;-1.062117624626232
Unknown;0.0025199496010079;0.5775941230486685;0.9785269035782568
Unknown;0.6639067218655627;-0.0507246376811594;-0.1234030618499588
Unknown;0.0984380312393752;0.36;0.5798911767485265
Unknown;0.0009999800003999;0.6444444444444445;1.6862146648767524
Unknown;0.7735045299094018;0.1736111111111111;0.1713491308540767
Medium;0.9720605587888242;0.1631205673758865;0.0503064232630413
Medium;0.4192316153676926;0.1602564102564102;0.2834874573944221
Unknown;0.0094398112037759;0.4629629629629629;1.399477877330952
Control;0.2259554808903822;-0.1830065359477124;-0.5893842944203406
Control;0.6722265554688907;-0.1194968553459119;-0.065074646118148
Unknown;3.999920001599968e-05;0.7610294117647058;1.5879087799475224
Unknown;3.999920001599968e-05;0.863147605083089;0.990538562146681
Medium;3.999920001599968e-05;1.0;2.1301516447819204
Unknown;0.3404731905361893;0.1948051948051948;0.3893298706570454
Unknown;0.2222355552888942;-0.4707317073170731;-0.4001631093480113
Unknown;0.375432491350173;-0.1466666666666666;-0.3819788583833577
Unknown;0.4638707225855483;-0.18;-0.286774138872522
Unknown;0.9627407451850964;0.2285714285714285;0.1128141850616005
Control;0.0087598248035039;0.5467980295566502;1.0695191082932678
Unknown;0.0055998880022399;0.427536231884058;1.4432178870205612
Unknown;3.999920001599968e-05;0.8442028985507246;1.5802041142101035
Unknown;0.0187996240075198;0.5833333333333334;0.6751842825948141
Unknown;0.3979120417591648;-0.1875;-0.3589338201695027
Unknown;0.0009599808003839;0.7402597402597403;1.1545331598707465
Unknown;0.4459110817783644;0.18;0.3375609583264788
Unknown;0.3116337673246535;-0.2448979591836734;-0.4410218964533967
Unknown;0.5725885482290354;-0.1746031746031746;-0.220423843924009
Unknown;0.7302371541501976;-0.1111111111111111;0.3333254770472025
Control;0.6121077578448431;-0.0070323488045007;-0.1708138796964894
Unknown;0.0411591768164636;-0.4414634146341463;-0.708884563991737
Unknown;0.1523169536609268;0.2888888888888888;0.5030247318220341
Unknown;0.6667066658666827;-0.0133333333333333;-0.1718230739064027
Unknown;0.0400791984160316;0.2238805970149253;0.8239420741231492
Unknown;0.8562228755424891;-0.072463768115942;-0.0735259226603038
Unknown;0.2247955040899182;-0.0311111111111111;-0.6230637487228236
Unknown;0.99810003799924;0.0212765957446808;0.0644682320001782
Unknown;0.0015199696006079;0.7924528301886793;1.2049692161183865
Unknown;0.0009199816003679;0.75177304964539;1.367109496860295
Unknown;0.3592328153436931;0.544973544973545;0.3747418886105827
Unknown;0.2897942041159176;0.1911111111111111;0.5022529766403582
Unknown;0.0019199616007679;0.335064935064935;1.533058988593355
Low;0.6373472530549389;0.0486111111111111;0.2296834370048503
Unknown;0.0005999880002399;0.7333333333333333;1.462648280639131
High;0.0051998960020799;0.5576923076923077;1.3576856634478924
Unknown;0.0175996480070398;0.5333333333333333;1.0614035110530624
Unknown;0.0635587288254234;0.4938271604938271;0.7881930795103582
Unknown;0.1286774264514709;-0.3260869565217391;-0.6973058430981499
High;0.9733005339893204;0.2654320987654321;0.0094602228005087
Unknown;0.4820703585928281;-0.1111111111111111;-0.3067860826075313
Unknown;0.6068678626427472;0.0;0.2570458190177566
Unknown;0.0007199856002879;0.6950354609929078;1.5773904271057482
Medium;0.2895542089158217;0.0044444444444444;-0.4649190309097555
Unknown;0.5362692746145077;0.1324675324675324;0.2653750985383479
Unknown;0.2576748465030699;0.0952380952380952;-0.4441425888440736
Unknown;0.6024279514409712;-0.0673076923076923;-0.2029699609256789
Unknown;0.6077078458430831;-0.2846153846153846;-0.1897328328161814
Unknown;0.0129997400051998;0.6477987421383647;0.8752594071970846
High;0.3147137057258855;0.2539682539682539;0.4054295830596485
Unknown;0.6839463210735786;0.1764705882352941;0.187993093925142
Unknown;7.999840003199936e-05;0.8442028985507246;1.0626873926431264
Unknown;0.0559988800223995;-0.2564102564102564;-0.947654465999708
Unknown;0.0069198616027679;0.6410256410256411;0.9166801332387536
Control;0.8262634747305054;-0.0441558441558441;0.0986784461101863
Unknown;0.0132797344053118;0.5180722891566265;0.6208031166598394
Unknown;0.126077478450431;-0.3185185185185185;-0.6976181383722353
High;0.627867442651147;0.1407407407407407;0.2489600250852536
Unknown;0.8423831523369533;-0.1259259259259259;0.0694412377243817
Unknown;0.0048799024019519;0.6349206349206349;1.0290887822633987
Unknown;0.0047199056018879;-0.6144578313253012;-0.9220044187276378
Unknown;0.6666666666666666;-0.5;-1.0291408815114478
Unknown;0.6609067818643627;0.06;-0.1691451042255313
Unknown;0.0009199816003679;0.5918762088974855;1.0063479032483862
Unknown;0.6931061378772424;0.1866666666666666;0.1796303110388826
Unknown;0.0007199856002879;0.8148148148148148;1.4719497999254232
Medium;0.0004399912001759;0.8407494145199064;1.481786009778705
Unknown;0.4675506489870202;0.0931372549019607;0.230530216257493
Medium;0.0129997400051998;-0.4977777777777777;-0.8702712653487537
Unknown;0.4185916281674366;0.2602040816326531;0.3304403765149171
Unknown;0.0469590608187836;0.5170068027210885;0.711842484729332
Unknown;0.3968720625587488;0.4202247191011236;0.2936395476544041
Unknown;0.0303993920121597;0.5658914728682171;0.8762826637847958
Unknown;0.4715905681886362;0.2757009345794392;0.2231123003016586
Unknown;0.862542749145017;0.1822222222222222;0.0074780177839402
Unknown;0.4237115257694846;-0.1172839506172839;-0.278408172785835
Unknown;0.2725145497090058;-0.0846560846560846;-0.512481825661758
Unknown;0.5476290474190516;0.1288888888888889;0.2879146998914919
Unknown;0.0031599368012639;0.546485260770975;1.3270365073329278
Unknown;0.1764764704705906;0.3866666666666666;0.6424523426023857
Unknown;0.5147497050058999;0.1481481481481481;0.269927113549895
Unknown;0.3009139817203656;0.1871921182266009;0.4149963272140206
High;0.3642727145457091;0.0153061224489795;-0.1740095809855628
Low;0.0001999960000799;0.7694235588972431;1.0458632344362766
Unknown;0.3969520609587808;0.2986111111111111;0.3683731899658979
Control;0.0003199936001279;0.7096774193548387;1.4217437574318683
Unknown;0.0006399872002559;0.8043478260869565;1.5320609646305146
Unknown;0.5153496930061399;-0.3193473193473193;-0.2045280536491134
Unknown;0.0980613589309241;-0.375;-1.05810037279657
Unknown;0.371952560948781;-0.0784313725490196;-0.3844692175630712
Unknown;0.8258634827303454;-0.1691176470588235;-0.0406529893315651
Medium;0.0382392352152956;0.3333333333333333;0.6765381800454887
Unknown;0.0670386592268154;0.3753026634382566;0.6995396619195674
Unknown;0.1950760984780304;-0.3194444444444444;-0.5924459221699198
Unknown;0.1489328063241106;0.4761904761904761;0.8358795129708924
Unknown;0.2593148137037259;0.3024691358024691;0.4478561031898989
Unknown;0.0293994120117597;-0.3891625615763547;-0.9126618151725856
Unknown;0.0129197416051678;0.6571428571428571;0.7682584837542237
High;0.4179516409671807;-0.3090909090909091;-0.2838388405052984
Unknown;0.6906661866762664;-0.2993197278911564;-0.0683427731450369
Control;0.2736745265094698;0.2666666666666666;0.4815554651185213
High;0.122757544849103;-0.3877551020408163;-0.6362278915974952
Unknown;0.2778344433111337;-0.3133333333333333;-0.5305715315657441
Low;0.0377992440151197;0.3687943262411347;0.8613729926256178
Medium;0.0865982680346393;0.5034013605442177;0.8170581018421338
Medium;0.1796364072718545;-0.173469387755102;-0.5836375896122681
High;3.999920001599968e-05;0.9950738916256158;3.398285723825794
Unknown;0.6922261554768905;-0.1045751633986928;-0.1605270063937246
Control;0.5113497730045399;0.2488888888888888;-0.1565669240360166
High;3.999920001599968e-05;0.9863945578231292;2.663881239199654
Low;0.0243995120097598;0.5620915032679739;0.90337048282568
Unknown;0.121237575248495;-0.2246376811594203;-0.7141531744265264
Unknown;0.0449591008179836;0.3622448979591837;0.776677757018488
Unknown;0.1651566968660626;0.2624113475177305;0.6085920002909552
Unknown;0.9390612187756244;0.0277777777777777;0.050509505245195
Unknown;0.0256794864102717;-0.4564705882352941;-0.7593013830167753
Unknown;0.120517589648207;0.4256410256410256;0.7106123832796226
Unknown;0.1331173376532469;0.3262411347517731;0.5825135806316464
Unknown;0.8506629867402652;-0.1375661375661375;-0.076020257410588
Unknown;0.1620767584648307;0.0425531914893617;0.6933217402777445
Low;0.0086798264034719;0.6590909090909091;1.0110756022344078
Unknown;0.0004399912001759;0.8077922077922078;0.8969953004639551
Unknown;0.3830723385532289;0.3142857142857143;0.4326380369535144
Unknown;0.5535089298214035;0.0289855072463768;0.2758654592322881
Unknown;0.0282794344113117;0.5733333333333334;0.9111417384290024
Medium;0.115557688846223;0.2941176470588235;0.672955420132541
Low;0.0017999640007199;-0.5066666666666667;-1.0513871181300314
Unknown;0.3823523529529409;0.2391304347826087;0.3851646422716072
Unknown;0.3353532929341413;0.2116402116402116;0.3930900586971427
Control;0.0937981240375192;-0.4814814814814814;-0.7810067200079558
Unknown;0.0007999840003199;0.7142857142857143;0.9597695789446636
Unknown;0.9286614267714646;0.1604477611940298;0.0207304167715163
Unknown;0.753304933901322;-0.1111111111111111;-0.111845262230126
Unknown;0.0821183576328473;0.4577777777777778;0.8198532061194086
Control;0.502069958600828;0.3876811594202898;-0.1629099628224403
Unknown;0.6155076898462031;-0.0681818181818181;0.1889819601241699
Unknown;0.0486390272194556;0.5128205128205128;0.7703851884976352
Unknown;0.0466790664186716;-0.1288888888888889;-1.312252904677611
Unknown;0.3882322353552929;-0.1773049645390071;-0.3706005270911126
Unknown;0.0181196376072478;0.4933333333333333;0.9100278090690428
Control;0.4280314393712126;0.3660130718954248;-0.287488416285078
Unknown;0.1451170976580468;0.3974358974358974;0.6095183695943905
Unknown;0.0035199296014079;0.5493975903614458;0.7201166728908281
Control;7.999840003199936e-05;0.9555555555555556;1.1524924951545823
Unknown;0.9063418731625368;-0.0663265306122449;-0.0512451756248233
Unknown;0.7323853522929541;0.0597402597402597;0.1914386013022791
Unknown;0.5107097858042839;-0.1363636363636363;-0.226018465383267
Unknown;0.0673986520269594;0.2907801418439716;0.7669535066988293
High;0.0019999600007999;0.6491228070175439;1.25459617448161
Unknown;0.3331533369332613;0.1176470588235294;0.404124760042177
High;0.1933161336773264;0.3546099290780142;0.5831371703484715
Unknown;0.7090258194836103;0.3829787234042553;-0.0529303210126065
Medium;0.6034679306413872;0.125;0.2384658658276752
Medium;0.8904621907561848;0.1326530612244898;-0.0639656035886182
Unknown;0.0230395392092158;-0.4583333333333333;-1.3611546131451615
Unknown;0.4001919961600768;0.2361111111111111;0.3677891987027237
Unknown;0.0043199136017279;-0.580952380952381;-1.4695533993681855
Low;0.4069918601627967;-0.3866666666666666;-0.2753885095525919
Unknown;0.1833963320733585;0.425531914893617;0.5764886166163276
Control;0.0205195896082078;0.5343915343915344;0.898283239057835
Unknown;0.759064818703626;0.2551020408163265;0.1670809155452469
Unknown;0.0134397312053758;0.5434782608695652;1.0721457167978574
Unknown;0.1126777464450711;0.6074074074074074;0.666199663039934
Unknown;0.0001199976000479;0.8910256410256411;1.8774112343236424
Low;0.0954780904381912;0.2852564102564102;0.6174200678672329
Unknown;0.3436731265374692;-0.4814814814814814;-0.403188009739103
Medium;0.0361992760144797;0.4837092731829573;0.7758569230544905
Unknown;0.3575928481430371;-0.2264150943396226;-0.4023223065466187
Unknown;0.6583468330633387;-0.0144927536231884;-0.163916465797923
Unknown;0.3083938321233575;0.463768115942029;0.4374914419351403
Unknown;0.0543589128217435;-0.4097222222222222;-0.8209242654521415
Unknown;0.8218235635287294;0.1304347826086956;0.1686533455301614
Unknown;0.1385172296554069;0.419047619047619;0.5779947165554272
Unknown;0.0476790464190716;0.4782608695652174;0.7853650411527808
Medium;0.0029199416011679;-0.4621212121212121;-1.211194115424919
Control;0.0109197816043679;-0.2259740259740259;-1.5910980965626318
Control;3.999920001599968e-05;0.8765432098765432;1.625416630022303
Unknown;0.0029199416011679;0.8611111111111112;1.5849447817542093
Unknown;0.0065198696026079;-0.52;-1.3793552179520614
Medium;3.999920001599968e-05;0.9047619047619048;1.823821387112187
Unknown;0.0586788264234715;0.3900709219858156;0.8710845892636191
Unknown;0.0069598608027839;0.6632653061224489;0.8078706018095041
Unknown;0.4043519129617408;0.4897959183673469;0.3936076455942839
High;0.0193196136077278;0.4285714285714285;1.0316410316198386
Unknown;0.4389512209755805;0.1527777777777778;0.3376101895374636
Unknown;0.1725565488690226;0.4375;0.5637192823223455
Unknown;3.999920001599968e-05;0.923469387755102;2.597728292387906
Unknown;0.1455170896582068;-0.0748299319727891;-0.942611071942976
Unknown;0.369312613747725;0.1761006289308176;0.4032099873457742
Unknown;0.0125197496050079;0.6296296296296297;0.8615489537606414
Unknown;3.999920001599968e-05;0.9344262295081968;2.4655344068914844
Unknown;0.1502369952600948;0.3594771241830065;0.5832218397217951
Unknown;0.7655046899062019;0.0666666666666666;0.2220389616858987
Unknown;0.0005199896002079;0.7908496732026143;0.7744141306517044
Unknown;0.0095998080038399;0.6177777777777778;0.8724427936736534
Unknown;0.3554328913421731;-0.0797101449275362;-0.4004247397783737
High;0.0021199576008479;-0.6540880503144654;-1.4714748119521084
Unknown;0.5750684986300274;0.083743842364532;0.2359781704484593
Unknown;0.0002799944001119;0.7801418439716312;1.7449068028476942
High;0.0437991240175196;-0.3333333333333333;-0.962055993364493
Unknown;0.8000239995200096;0.1224489795918367;0.1203005671256432
Unknown;3.999920001599968e-05;0.8418367346938775;1.304462320713469
Unknown;0.3490330193396132;0.3492063492063492;0.3668689929233561
Unknown;0.1798364032719345;0.1531531531531531;0.5907623151071626
Unknown;0.490030199396012;0.0911949685534591;0.2963095982230625
Unknown;0.1926361472770544;-0.1587301587301587;-0.5335336717585907
Unknown;0.0956380872382552;-0.4222222222222222;-0.8615702477603485
Unknown;0.2343153136937261;0.6170212765957447;0.4901391082649229
Unknown;0.2952740945181096;0.1418439716312056;0.433411150600031
Control;0.2901141977160457;0.5886524822695035;-0.3661712676797803
Unknown;0.7216255674886503;-0.1377777777777777;-0.1521619724422044
Unknown;0.619987600247995;-0.0571428571428571;0.233162557873916
Unknown;0.0056798864022719;-0.6266666666666667;-1.4987222559893916
Unknown;0.6639867202655947;0.0533333333333333;0.2042674430454796
Unknown;0.3228735425291494;-0.4492753623188406;-0.4381132030447334
Unknown;0.2611547769044619;-0.2066666666666666;-0.3472455543219561
Unknown;3.999920001599968e-05;0.8941798941798942;1.3807850553104422
Unknown;0.0005999880002399;0.7898550724637681;1.627189275650677
Low;0.0844383112337753;0.4557823129251701;0.7707595507202661
Unknown;0.2277154456910861;0.2909090909090909;0.5856789145135374
Unknown;3.999920001599968e-05;0.8546365914786967;1.8158018955617807
Unknown;0.0004799904001919;0.8008658008658008;1.453420085609173
Unknown;0.9759004819903602;-0.0461538461538461;0.1017293754990653
Unknown;0.9006619867602648;0.0496453900709219;0.0643144188301699
Unknown;0.0092798144037119;0.6122448979591837;1.0335927654306565
High;0.1305173896522069;0.1071428571428571;0.5675435048306373
Unknown;0.0104797904041919;-0.5733333333333334;-1.4345231745978269
Control;3.999920001599968e-05;0.8888888888888888;2.338638671851541
Unknown;0.120117597648047;0.3851851851851852;0.6486623064954828
Low;3.999920001599968e-05;0.7869249394673123;1.6894279882047518
Unknown;0.0003999920001599;0.8666666666666667;1.8515333179354447
Unknown;0.4111117777644447;0.0457746478873239;0.3135247274019282
Unknown;0.2076358472830543;-0.2585034013605442;-0.5585487572240282
Unknown;0.1374372512549749;-0.5602836879432624;-0.6217779499266338
Unknown;0.1553568928621427;-0.612590799031477;-0.7574278005737122
Unknown;0.4037519249615007;0.1889400921658986;0.3466154377975428
Control;0.0527589448211035;0.365079365079365;0.8335517960108015
Unknown;0.751744965100698;-0.0153061224489795;0.1306001001444899
Unknown;0.0013199736005279;0.5602836879432624;1.5207714448286545
Unknown;0.0021199576008479;0.7511111111111111;1.478030002752316
Unknown;0.0064398712025759;0.6666666666666666;0.7953766534108089
Unknown;0.1964360712785744;0.3514739229024943;0.5093442104773966
Control;0.9558608827823444;0.0;-0.0155770043899418
Unknown;0.6793464130717386;0.0074074074074074;-0.1564655676832281
Unknown;0.4230315393692126;0.2345679012345679;0.3421335855166252
Low;0.3132737345253095;0.3259259259259259;0.4407834446611679
Unknown;0.0203995920081598;0.4116279069767442;0.7625356488114751
Unknown;0.0073198536029279;0.66;0.9372398399938756
Unknown;0.4145917081658367;0.2125;0.4013729702829288
Unknown;0.0285994280114397;0.4975369458128079;0.8562589030292214
Unknown;0.0003599928001439;0.8844444444444445;1.6058243551695903
Low;0.0165596688066238;0.5460992907801419;1.0866791564182965
Unknown;0.8161436771264575;0.0261437908496732;0.1414890008387225
Unknown;0.0755184896302074;0.6361204013377927;0.4840112239114766
Unknown;0.0024399512009759;0.5964285714285714;0.9570587005266528
Unknown;0.0065598688026239;0.7421383647798742;0.8621684553717188
Low;0.0112397752044959;0.6312056737588653;1.064232234454471
Unknown;0.0027199456010879;0.6627634660421545;0.9186313338188816
Unknown;0.0685586288274234;0.1933333333333333;0.8710390992597397
Unknown;0.0005199896002079;0.6888888888888889;1.0020484613729512
Unknown;0.2357552848943021;0.3333333333333333;0.5550297599955909
Unknown;3.999920001599968e-05;0.8994708994708994;1.5070407547053093
Unknown;0.0320393592128157;0.3939393939393939;0.672590636997376
Unknown;0.4352712945741085;-0.2355555555555555;-0.3594094037696509
Control;3.999920001599968e-05;0.7808641975308642;1.8943309904312864
Unknown;0.6588268234635307;-0.1153846153846153;0.2111888627320372
Unknown;0.0094398112037759;0.5266666666666666;1.0380052434717264
Unknown;0.2652346953060939;0.1437908496732026;0.4915466061810195
Unknown;0.0171196576068478;0.6666666666666666;0.972561266152948
Control;0.0002399952000959;-0.8374384236453202;-2.243598374489198
Unknown;0.0036399272014559;0.5409836065573771;1.3190459016016172
Unknown;0.4779504409911801;-0.2151898734177215;-0.2422257635172887
Unknown;0.8706225875482491;0.1632653061224489;-0.0308368086546762
Unknown;0.4203915921681566;0.2026143790849673;0.3498688639247022
Unknown;0.0579188416231675;0.4285714285714285;0.7428470811966613
Low;0.9619007619847604;0.2941176470588235;0.0049043926488456
Unknown;0.3041139177216456;0.2875816993464052;0.4507994121331378
Unknown;0.6939061218775624;0.0793650793650793;0.1588336081530797
Unknown;0.0008399832003359;0.7756410256410257;1.33801356357574
Unknown;0.4636707265854683;0.0972222222222222;0.3098417617088164
Unknown;0.4176716465670687;0.1823899371069182;0.3535547540135939
Unknown;0.4253514929701406;-0.1791044776119403;-0.3060275871880665
Unknown;0.5047499050019;-0.2638888888888889;-0.2758483649100736
Low;0.1362772744545109;-0.3207920792079208;-0.5042542544607993
Unknown;0.0492390152196956;0.5186567164179104;0.5937218973182723
Unknown;0.1016379672406551;0.5534591194968553;0.6771289562244296
Unknown;0.1719565608687826;-0.0217391304347826;-0.6556934975558592
Low;0.4779104417911641;0.2244897959183673;0.3084907471968998
Unknown;0.1381172376552469;0.3511111111111111;0.687521814030652
Unknown;0.8801023979520409;0.2847222222222222;0.1711445999942235
Unknown;0.0300393992120157;0.4844444444444444;0.9579069856395224
Unknown;0.3263134737305254;0.1729323308270676;0.3973333996493621
Unknown;0.2954340913181736;-0.2318840579710145;-0.4659534061836985
Unknown;0.989340213195736;-0.04;0.0182998954608194
Unknown;0.0018399632007359;0.4928571428571429;1.1974077164299122
Unknown;0.4481110377792444;-0.0141843971631205;-0.2160136468927681
Unknown;0.6439871202575949;-0.0148148148148148;-0.1690923776065719
Unknown;0.9061818763624728;0.0148148148148148;0.0548002999138013
Unknown;0.2527549449011019;0.5911111111111111;0.5106758047898531
Unknown;3.999920001599968e-05;0.8958333333333334;1.1664703784238923
Unknown;7.999840003199936e-05;0.9294871794871796;2.6822934919164507
Unknown;0.4751504969900602;0.1949685534591195;0.311411896429089
High;0.0020399592008159;0.6114864864864865;1.1958890710511771
Unknown;0.112957740845183;0.4710144927536231;0.6210552638490764
Unknown;0.5294294114117718;0.0793650793650793;0.2801556586246959
Unknown;0.0001599968000639;0.7777777777777778;2.001989916057993
Unknown;0.4196316073678526;0.0899470899470899;0.3415140680792127
Unknown;0.0169596608067838;0.6455026455026455;0.936028167815067
Unknown;0.9013019739605208;0.2091503267973856;-0.0056233727064525
Unknown;0.0785984280314393;0.4557823129251701;0.7162348651519072
Unknown;0.0001599968000639;0.8141025641025641;1.4192945766364242
Unknown;0.8944221115577689;0.2101449275362318;0.0845184683641877
Unknown;0.1643967120657586;0.0289855072463768;-0.7683285173387064
Unknown;0.0011199776004479;0.7777777777777778;1.4855945282571237
Control;0.1355972880542389;0.0051020408163265;-0.7207863768417615
Unknown;0.4178316433671326;0.1159420289855072;0.3456887318040924
Unknown;0.0627987440251195;-0.4130434782608695;-0.843807090765726
Unknown;0.8365032699346013;-0.0536585365853658;-0.0530260788296608
Unknown;0.1952760944781104;-0.2916666666666667;-0.5904959892834934
Unknown;0.98670026599468;0.0478723404255319;0.0162624114180758
Unknown;0.3550328993420131;-0.18;-0.3994461305585489
Unknown;0.0412791744165116;0.425531914893617;0.8974229849401568
Unknown;0.0173596528069438;0.5869565217391305;1.0176459358077157
Unknown;0.1923161536769264;-0.2083333333333333;-0.584747353734131
Unknown;0.0423591528169436;0.4025974025974026;0.6425021394328239
Unknown;0.0270794584108317;-0.2621082621082621;-0.980653148086438
Unknown;0.3253534929301414;0.2312925170068027;0.436700406383768
Unknown;0.114237715245695;-0.6376811594202898;-0.7921037484646034
Unknown;0.49135017299654;0.1358024691358024;0.3075246282508002
Unknown;0.2211555768884622;-0.1752808988764045;-0.4143729917639748
Unknown;0.982460350792984;-0.0793650793650793;0.0054898228174522
Unknown;0.3016339673206535;-0.174025974025974;-0.4290444782631201
Unknown;0.0031199376012479;0.5359477124183006;1.4683602635128346
Low;0.3116337673246535;0.3333333333333333;0.4460146482584093
Control;0.7959840803183936;0.1372549019607843;0.0878172552931188
Unknown;0.5618687626247475;0.3611111111111111;-0.1713148834802214
Unknown;0.7177456450870983;0.036231884057971;-0.1339868728733722
Unknown;0.0547189056218875;0.4842767295597484;0.7971096238830976
Unknown;0.0225195496090078;-0.4814814814814814;-1.1739174936737202
Unknown;0.0001599968000639;0.8402777777777778;1.581236741394008
Unknown;0.5919481610367793;0.2869565217391304;0.2642395508486674
Unknown;0.0212795744085118;-0.4755555555555555;-1.2844281084479692
Unknown;0.2761544769104618;0.2089314194577352;0.3590178251526169
Unknown;0.0013199736005279;0.7333333333333333;1.249032455910375
Unknown;0.1560368792624147;0.5144927536231884;0.6009421626947445
High;3.999920001599968e-05;1.0;2.96689701711139
Unknown;0.0002399952000959;-0.8148148148148148;-1.8126415573283077
Unknown;0.2005159896802064;0.5208333333333334;0.5047742547339716
Unknown;0.0032799344013119;0.7;1.2649607234134617
Low;0.3303933921321573;0.3550724637681159;0.4418394000744915
Medium;0.0029999400011999;0.6031746031746031;1.3594758405425338
Unknown;0.0307193856122877;0.5918367346938775;0.9386845228080164
Unknown;0.0393592128157436;0.5072463768115942;0.8550112473471083
Unknown;0.0633587328253434;0.0283687943262411;-0.9573259642467514
Unknown;0.0226395472090558;0.4700460829493088;0.8834913865217173
Medium;0.0033199336013279;0.4963768115942029;1.2342977348109798
Unknown;7.999840003199936e-05;0.9230769230769232;1.9938944683148752
Unknown;0.3013939721205576;0.1111111111111111;0.4613563340503391
Unknown;0.0007199856002879;0.8402777777777778;0.8125782359733843
Unknown;0.0270794584108317;-0.5259259259259259;-0.9998943563542562
Unknown;0.9088218235635288;-0.0522875816993464;0.016390633757608
Unknown;0.5531489370212596;-0.0727762803234501;0.3454956393434208
Control;0.0527989440211195;-0.4695652173913043;-1.4449268079743074
High;0.0123197536049279;-0.2242424242424242;-1.5884204614251165
Unknown;0.0731585368292634;0.4660421545667447;0.41637319622282
Medium;0.0002399952000959;0.7513227513227513;1.6617621755164986
Unknown;0.7720645587088258;-0.1282051282051282;-0.1126607092276983
Unknown;0.368912621747565;0.3142857142857143;0.3683573573844085
Unknown;0.0241195176096478;0.0277777777777777;-1.326043878138175
Unknown;0.5667086658266834;0.0339506172839506;0.2036301574606965
Unknown;0.8460230795384093;-0.0448717948717948;0.0892560937969516
Unknown;0.491470170596588;0.1904761904761904;-0.2603225156784015
Low;0.0086398272034559;0.5061728395061729;0.9434875246148428
Low;0.9121817563648728;-0.108695652173913;-0.0148937866281795
Medium;0.7200655986880262;0.0701298701298701;0.1358777151730442
Medium;0.3534729305413892;0.1489361702127659;0.4040624318427185
Unknown;0.9718605627887442;0.2740740740740741;0.051074757336665
Unknown;0.5186696266074678;0.0844444444444444;0.3147697929910366
Unknown;0.7898242035159296;-0.0466666666666666;0.1519444062631632
Unknown;0.0087598248035039;0.6209150326797386;1.021252717147037
Unknown;0.8559028819423612;-0.0748299319727891;-0.0681240244243851
Unknown;0.370072598548029;0.2733333333333333;0.3844096498634676
Control;0.8850622987540249;0.3888888888888889;-0.0095311856240538
Low;0.4520309593808124;0.2009685230024213;0.3048613750646247
Unknown;0.2538749225015499;-0.5319148936170213;-0.5242805589066258
Unknown;0.3876322473550529;-0.0357142857142857;0.3416276720475467
High;0.6823063538729225;0.3209876543209876;0.1924935628614595
Unknown;0.3889522209555809;-0.3063063063063063;-0.3853774592295546
High;0.1002779944401111;-0.2040816326530612;-0.8237229055722846
Unknown;0.0127997440051198;0.4693877551020408;0.9582514534838475
Unknown;0.4273514529709405;0.2127659574468085;0.3517482865514805
Unknown;0.0633587328253434;0.2438672438672438;0.6203392055958769
Low;0.8445031099378012;0.1176470588235294;-0.0666209203300537
Unknown;0.7017459650806984;0.2448979591836734;0.1736330664723886
Unknown;0.2271554568908622;0.2156862745098039;0.4590133324706303
Unknown;0.7853042939141217;-0.0311111111111111;-0.052947636830555
Unknown;0.3239135217295654;-0.25;-0.4474927054749339
Unknown;0.7203055938881222;-0.1944444444444444;-0.1298798504192754
Control;0.1953160936781264;0.2058111380145278;-0.7099629592699076
Unknown;0.1775964480710385;0.0069444444444444;-0.7584182319383255
Unknown;0.4359512809743805;-0.0588235294117647;-0.3328255503594805
Unknown;0.0031599368012639;0.7278911564625851;0.9817618315483896
Unknown;0.0162396752064958;0.5277777777777778;0.8021627863237586
Unknown;0.0167196656066878;0.5162790697674419;0.6988509163515721
Unknown;0.0030399392012159;0.6818181818181818;1.1639223287622662
Control;0.2737945241095178;-0.2169312169312169;-0.4477547086867199
Unknown;0.0349593008139837;0.496031746031746;0.7887323317557036
Unknown;0.127557448851023;-0.1111111111111111;-0.9014919737105844
Unknown;0.7099458010839783;-0.0544217687074829;0.1816477175111429
Low;0.0733585328293434;-0.3405797101449275;-1.1595341967206076
Medium;0.0134797304053918;0.56;1.189648126137658
Unknown;0.7240655186896262;0.1069182389937107;0.1976993640373761
Unknown;0.621987560248795;0.0726817042606516;0.2212899886907469
Unknown;0.2222355552888942;0.2866666666666667;0.5433151998123235
High;0.0175596488070238;0.6266666666666667;1.042796826598722
Control;0.0362392752144957;-0.595679012345679;-0.9315401775462724
Unknown;0.4098318033639327;0.2;0.4111671735962353
Unknown;0.3870722585548289;0.0151515151515151;-0.3143832015953514
Unknown;0.1850762984740305;0.3004926108374384;0.4957873960261362
Unknown;0.5602287954240915;-0.1822222222222222;-0.2748470963224546
Unknown;0.619747605047899;-0.2230576441102756;-0.1776241060911839
Unknown;0.2057158856822863;0.3141025641025641;0.5461437790270689
Unknown;0.495430091398172;0.2;0.3267515227747186
Unknown;3.999920001599968e-05;0.8337662337662337;1.4292899596460378
Unknown;0.0039599208015839;0.7142857142857143;1.2501727915643306
Unknown;0.0005999880002399;0.7901234567901234;1.052557617091323
Unknown;0.8579828403431932;-0.0694444444444444;0.1056370204006272
Unknown;0.4737905241895162;-0.1549295774647887;0.2672497911550355
Control;0.8207435851282975;0.25;0.2223542803645414
Unknown;0.9600207995840084;-0.0148148148148148;-0.0248362498555376
Unknown;0.0001999960000799;0.8364779874213837;1.6709843356369327
Control;0.4806303873922521;0.0805194805194805;0.293325216023017
Unknown;0.367312653746925;-0.0833333333333333;-0.3913662408215286
Control;0.1279974400511989;0.3428571428571428;0.5217971906583961
Medium;0.1638767224655506;-0.3787878787878788;-0.5295281523611645
Unknown;0.1742365152696946;-0.1322751322751322;-0.5519107549603077
Unknown;0.0027199456010879;0.7051282051282052;1.3281063273279567
Unknown;0.115357692846143;0.3047619047619048;0.5378975758016107
Unknown;0.3500729985400292;0.3112244897959184;-0.2251036555835865
Unknown;0.0015999680006399;0.7407407407407407;1.3134287628674817
Unknown;0.4229115417691646;-0.2954545454545454;-0.3018360581912908
Unknown;0.0048399032019359;0.6359447004608295;1.054742040629299
Unknown;0.1890762184756305;0.2506738544474393;0.4723877087935234
Unknown;0.1809163816723665;-0.4624697336561743;-0.5696191718583773
Control;0.869542609147817;-0.22;-0.0514730717809923
Unknown;0.8839023219535609;0.0844444444444444;-0.0578744682790221
Unknown;0.8699426011479771;-0.0072463768115942;0.1230729519820702
Unknown;0.0043599128017439;0.6666666666666666;1.0758906902154792
Low;0.50094998100038;0.08;-0.2554171234187771
Unknown;0.0134397312053758;-0.0628930817610062;-1.350627628462953
Unknown;0.0016799664006719;-0.6453900709219859;-1.785665485132819
Unknown;0.0054798904021919;0.4722222222222222;1.017517214080409
Unknown;0.498990020199596;0.2019704433497537;0.2757578853451636
Unknown;0.0464790704185916;0.4625850340136054;0.8922122123458559
Unknown;0.0411191776164476;0.4149659863945578;0.8537976440657711
Unknown;0.0074398512029759;0.6466666666666666;1.009393858607188
Unknown;0.0725185496290074;0.4336734693877551;0.589922239963882
Unknown;0.1616367672646547;-0.3511111111111111;-0.7012888389659089
Low;0.1600367992640147;-0.169047619047619;-0.5226159946846058
Unknown;0.0003999920001599;0.9;1.546167505740794
Medium;0.0628387432251355;-0.5555555555555556;-1.0719066074703816
Unknown;0.0015599688006239;0.8141025641025641;0.8080245931189258
Low;0.377192456150877;-0.2229885057471264;-0.2896470225920079
Unknown;0.4320713585728285;0.3090909090909091;0.3319254081235679
Unknown;0.0306793864122717;-0.3214285714285714;-0.9842276431389608
Unknown;0.4679106417871642;0.1666666666666666;0.3337079468012243
Unknown;0.0110797784044319;0.5288220551378446;0.95515976617706
Unknown;0.0069598608027839;0.6304347826086957;1.11924581760831
Unknown;0.1775164496710065;-0.4311111111111111;-0.7154565638391189
Unknown;0.5707485850282994;-0.2355555555555555;-0.2396032740020977
Unknown;0.0002399952000959;0.7883597883597884;1.1297472014415977
Low;0.0195996080078398;0.6888888888888889;1.0793780490130622
Unknown;0.3227535449291014;0.2553191489361702;0.4287320723296082
Unknown;0.3561528769424611;-0.0070921985815602;-0.4027287852294045
Unknown;0.1597168056638867;-0.28;-0.6981125663864374
Unknown;0.9185416291674168;-0.1172839506172839;0.0495776671007718
Unknown;0.0001599968000639;0.8775510204081632;1.455457519314623
Control;0.0257194856102877;-0.3396226415094339;-1.3121632973919777
Unknown;0.869742605147897;0.0192307692307692;0.0967887778194524
Unknown;0.50954980900382;-0.1288888888888889;-0.2842305177190331
Medium;0.0051998960020799;0.7051282051282052;0.7852641775128405
Unknown;0.0687586248275034;-0.3911719939117199;-0.676983016044932
Unknown;0.0082398352032959;0.7066666666666667;1.3336135383710948
Medium;0.0375592488150237;-0.5686274509803921;-0.993043019067998
Unknown;0.1002779944401111;0.6047619047619047;0.7146383302794378
Unknown;3.999920001599968e-05;0.979591836734694;2.275548561919684
Unknown;3.999920001599968e-05;0.8888888888888888;1.6709106916137593
High;0.0611987760244795;0.3968253968253968;0.720369077358568
Unknown;0.1481570368592628;0.010204081632653;-0.866646055713157
Unknown;0.1589968200635987;0.2203389830508474;0.4750921667933139
Control;0.0674786504269914;-0.246031746031746;-0.8398863696956135
Unknown;0.5854282914341713;0.1025641025641025;0.2502144407468795
Unknown;0.0831583368332633;0.4379084967320261;0.6663986070401688
Unknown;0.0763584728305434;-0.5072463768115942;-0.844377088830423
Unknown;0.0985580288394232;0.4666666666666667;0.7291035226156256
Unknown;0.1839163216735665;0.2866666666666667;0.5842230916493035
Unknown;0.3282734345313093;0.1247165532879818;0.3832859894603366
Unknown;0.0015599688006239;0.7248677248677249;0.796050624490756
Unknown;0.2337553248935021;0.1836734693877551;0.4693642927250133
Unknown;0.0375992480150397;0.5460992907801419;0.6543321870122051
Unknown;0.0219995600087998;-0.52;-1.180706507961902
Unknown;0.6119077618447631;0.1458333333333333;0.2750354713173574
Unknown;0.624707505849883;0.1560283687943262;0.2135327119175333
Unknown;0.9503809923801524;0.0296296296296296;0.0338546992296275
Unknown;0.6351872962540749;-0.2285714285714285;-0.20230845294508
Unknown;0.5707885842283155;0.1985815602836879;-0.1067662702271287
Unknown;0.1105177896442071;-0.2296296296296296;-0.8221947038031101
Unknown;0.5698686026279475;-0.0567375886524822;-0.1870682112688119
Unknown;0.0029599408011839;0.4805194805194805;0.9307291070248992
Unknown;0.0689586208275834;0.3809523809523809;0.750255100715289
Control;0.4482310353792924;0.2355555555555555;0.3649206047633532
Unknown;0.2718745625087498;-0.3617021276595745;-0.4799989759524289
Unknown;0.2608747825043499;-0.4;-0.6419510232129431
Control;0.0457190856182876;-0.4930555555555556;-1.079101102604516
High;0.0070798584028319;0.4836601307189542;1.2114296421428368
Unknown;0.6081878362432751;-0.1027568922305764;-0.2035294602558915
Unknown;0.0020814061054579;0.9407407407407408;1.3698460182622796
Unknown;0.1754364912701746;-0.3971631205673759;-0.6039053001120277
Unknown;0.2913541729165416;-0.2608695652173913;-0.4605487071329046
Unknown;0.1315173696526069;0.3071895424836601;0.5924687161594911
Unknown;0.0001599968000639;0.7847222222222222;1.6081526782762654
Unknown;0.0032399352012959;0.84;1.5295191166872653
Unknown;0.5293094138117238;0.1698113207547169;0.2768267041830566
Unknown;0.5426291474170517;-0.1914893617021276;-0.2557091217144758
Unknown;0.4713863661232082;-0.2592592592592592;-0.3511185011893326
Control;0.2324753504929901;0.3018867924528302;0.3321164902877866
