Dosage;p-value;Cliff's Delta;Cohen's D
Low;3.999920001599968e-05;-0.8720217835262083;-2.8879619741380678
Medium;0.0397992040159196;-0.0902777777777777;-1.3164565479454164
Unknown;0.0088798224035519;-0.2893081761006289;-1.674781295180798
Unknown;0.1658766824663506;-0.2847222222222222;-0.6281398634861154
Control;0.1330373392532149;-0.5242566510172144;-0.6513324092029275
Medium;0.992860142797144;-0.2;0.0273599071800906
Medium;3.999920001599968e-05;-0.9493087557603688;-3.5460910042783143
Unknown;0.2127157456850863;-0.4259259259259259;-0.5583428469893316
Control;0.50294994100118;0.0925925925925925;0.2462763679868929
Control;0.5798284034319313;0.1477832512315271;0.2214756368200537
Unknown;0.0275994480110397;0.3815384615384615;0.6855719703924088
High;0.2741145177096458;-0.4423076923076923;-0.490656876067384
Unknown;0.995380092398152;-0.0518867924528301;0.0128862499917806
Low;0.0008799824003519;-0.8755555555555555;-2.1716045486545488
Unknown;0.0977180456390872;-0.4753086419753086;-0.7679133816474454
Unknown;0.0082398352032959;-0.8125;-1.5649230669907297
Unknown;0.0031999360012799;-0.7536231884057971;-1.5718001083852795
Unknown;0.7330253394932101;0.1466666666666666;-0.0508770594595462
Unknown;0.8735825283494331;-0.238095238095238;-0.0453437966603343
Unknown;0.0072398552028959;-0.4693877551020408;-1.4565627206068092
Unknown;0.0463190736185276;-0.3809523809523809;-0.979126175930067
Unknown;0.0819983600327993;-0.3523809523809524;-0.6397412007527382
Low;0.6850262994740105;-0.1929824561403508;-0.0660820045651135
Control;0.9087018259634808;-0.0432098765432098;0.105930174317589
Unknown;0.0036799264014719;-0.7943262411347518;-1.667419528743048
Unknown;0.2102357952840943;-0.1521739130434782;-0.5829245444645506
Unknown;0.0551988960220795;-0.6592592592592592;-0.970613808240686
Unknown;0.5315893682126357;0.0755555555555555;0.3119512119960898
Unknown;0.0749585008299834;-0.6089743589743589;-0.9571956297747218
Unknown;0.6192676146477071;0.2962962962962963;0.2201965158079472
Medium;3.999920001599968e-05;-0.9348148148148148;-2.9540485805825605
Low;0.0001599968000639;-0.6893939393939394;-1.9244175826703744
Unknown;0.4615907681846363;-0.0275689223057644;-0.2926441029354503
Unknown;3.999920001599968e-05;-0.9206349206349206;-3.5692556556231785
Unknown;0.0058398832023359;-0.6326530612244898;-1.477495948427014
Unknown;0.4407111857762845;0.1815181518151815;-0.2247539466328929
Unknown;0.0036399272014559;0.6406035665294925;0.7524403375639163
Control;0.5169896602067958;0.0545454545454545;0.2146225131950772
Control;0.0479990400191996;-0.437037037037037;-0.998531768846026
Medium;0.24687506249875;-0.1328125;-0.4476838847812804
Unknown;0.8549829003419932;-0.0311111111111111;-0.0627193041290303
Unknown;0.2768344633107338;-0.3170731707317073;-0.4863560731277943
Unknown;0.1067178656426871;-0.2355555555555555;-1.0544727222386605
Control;3.999920001599968e-05;-0.9506172839506172;-3.2060822505348257
Unknown;0.0285194296114077;-0.5283018867924528;-1.1280449132160784
Unknown;0.5413891722165557;-0.144927536231884;-0.259515604482506
High;3.999920001599968e-05;-1.0;-4.0914665591698265
Unknown;0.9122217555648888;0.2116402116402116;0.0542173199557613
Control;0.9040619187616248;-0.0816326530612244;-0.0586545086452328
Control;0.120037599248015;0.4493506493506493;0.6238270396369148
High;0.0116797664046719;-0.2916666666666667;-1.3857053634940388
Unknown;0.0812383752324953;-0.5072463768115942;-0.8071792712909865
Unknown;0.0029999400011999;-0.7152777777777778;-1.4336171685935435
Unknown;0.238755224895502;-0.3333333333333333;-0.508883684595938
Unknown;0.7126657466850663;0.0;0.1502310765075544
Unknown;0.0031199376012479;-0.6883116883116883;-1.4629631681362751
Unknown;0.24287514249715;-0.2708333333333333;-0.4435753660481537
Unknown;0.0012399752004959;-0.4917355371900826;-1.0559343741040523
Unknown;0.1323173536529269;-0.25;-0.7415621796479234
Unknown;0.0006799864002719;-0.4769975786924939;-1.8161018977199417
Unknown;0.0408791824163516;-0.4904761904761904;-1.0083478804456507
Unknown;0.7133457330853383;0.0166666666666666;-0.114854895542861
Unknown;0.1265974680506389;-0.3533333333333333;-0.6283499983321732
Control;0.0083598328033439;-0.5961538461538461;-1.2188164743522578
Unknown;0.0367592648147037;-0.4794520547945205;-0.8157865284366381
Control;0.2039559208815823;-0.1285714285714285;-0.541084511670215
Unknown;0.0047599048019039;-0.7169811320754716;-1.6579106344914056
Medium;0.0001199976000479;-0.8627450980392157;-2.05976186561879
Unknown;0.1669166616667666;-0.4066666666666667;-0.6349745297524195
Unknown;0.0525989480210395;-0.4;-0.958348893516906
Unknown;0.0734785304293914;-0.0204081632653061;-0.9265866139155632
Unknown;0.4863502729945401;0.037037037037037;-0.2910519371457443
Unknown;0.8359832803343933;-0.1388888888888889;0.0691721858218819
Low;0.871622567548649;-0.144927536231884;-0.0528478055017242
Unknown;0.5991480170396593;0.0;0.2549166484421528
Unknown;0.0243995120097598;-0.2152777777777778;-1.1520740628323929
Unknown;3.999920001599968e-05;-0.6913779210314263;-1.938693855337562
Unknown;0.0167196656066878;-0.2933333333333333;-1.3167665836536218
Unknown;0.4624307513849723;0.1782945736434108;0.3397381210744394
Unknown;0.0003199936001279;-0.7971014492753623;-2.0306230659449613
Unknown;0.1542769144617107;-0.5909090909090909;-0.7295179856092967
Unknown;0.9254214915701686;-0.0141843971631205;-0.0428347870415424
Unknown;0.378792424151517;-0.4285714285714285;-0.3326267338713279
Unknown;0.7449451010979781;0.2222222222222222;0.1538111199823855
Control;0.123077538449231;0.350210970464135;0.5211558409495357
Unknown;0.0553988920221595;-0.1379310344827586;-1.0419535843386842
Unknown;0.4781504369912602;0.1949685534591195;0.3222092504106162
Unknown;0.25087498250035;-0.4814814814814814;-0.5119282856052149
Unknown;7.999840003199936e-05;-0.7348837209302326;-1.6403124978111026
Unknown;0.123296532689322;-0.3666666666666666;-0.9570391646145784
Unknown;0.7202255954880903;-0.0119047619047619;-0.1215602151754623
Low;0.0081598368032639;-0.5307692307692308;-1.042836061371654
Unknown;0.1481170376592468;0.4013605442176871;0.5723120934076436
Unknown;0.0090798184036319;-0.564625850340136;-1.2789294155560644
Unknown;0.3538729225415492;-0.2638888888888889;-0.4081410557619666
Unknown;0.624307513849723;0.1111111111111111;-0.1763191057953096
Control;0.2527949441011179;-0.6580882352941176;-0.4561819823945163
Unknown;0.0786384272314553;-0.5377777777777778;-0.8503000532438725
Unknown;0.0005599888002239;-0.6234567901234568;-1.4155671797805438
Unknown;0.0045999080018399;-0.4571026722925457;-1.2214550897605672
Unknown;0.0001599968000639;-0.8412698412698413;-1.549452077066658
Unknown;0.0007999840003199;-0.7581699346405228;-2.0424234223786706
Unknown;0.0007999840003199;-0.6450617283950617;-1.4701443551152693
Unknown;0.0052798944021119;-0.4153846153846154;-1.3233754196909528
Unknown;0.0196396072078558;-0.2026755852842809;-0.8813391238849556
Unknown;7.999840003199936e-05;-0.7422839506172839;-1.4148684595933898
Unknown;0.0016399672006559;-0.7925925925925926;-1.7180564401142375
Unknown;0.0028399432011359;-0.6598639455782312;-1.7474039702227069
Unknown;0.0977180456390872;-0.4488888888888889;-0.8247248929261366
Low;0.9061018779624408;0.2794117647058823;-0.0093490756788579
Unknown;0.8013839723205536;0.0378787878787878;-0.0802248185425356
Unknown;0.7162656746865063;0.0256410256410256;0.1357882211496547
Unknown;0.0009199816003679;-0.7191283292978208;-1.5373085385541592
Unknown;0.0055598888022239;-0.7484276729559748;-1.339353372922867
Unknown;0.0002799944001119;-0.6481012658227848;-1.5935866465840696
Unknown;0.5157896842063159;0.0641025641025641;0.2946552862547779
Low;0.8421031579368413;0.0486111111111111;0.084017880911998
Unknown;0.0913181736365272;0.4;0.6973180884338839
Unknown;0.0001999960000799;-0.7925925925925926;-1.943285431810569
Unknown;0.0034399312013759;-0.762962962962963;-1.795985738628974
Unknown;0.5991880162396752;0.2615384615384615;0.182471567177925
Unknown;0.3113537729245415;0.2051948051948052;0.4119639472200251
Unknown;7.999840003199936e-05;-0.6127659574468085;-1.8175097246984
Unknown;0.3628727425451491;-0.0666666666666666;-0.4259452165257077
Unknown;0.0003199936001279;-0.6622807017543859;-1.7470973284362237
Unknown;0.0215595688086238;-0.6848484848484848;-1.3191748140768949
Unknown;0.2587548249035019;-0.3555555555555555;-0.5162028313933816
High;0.4603507929841403;0.2888888888888888;0.3353563717374035
Unknown;0.3184736305273895;0.2753623188405797;0.437418978942192
Unknown;0.4380312393752125;0.2051948051948052;0.322423138260226
Unknown;0.3597928041439171;0.2148148148148148;0.4063382876037824
Unknown;0.0011199776004479;-0.8263888888888888;-1.8715392696157065
Unknown;0.6357072858542829;-0.0666666666666666;-0.2267059040684437
Low;0.0024799504009919;-0.6666666666666666;-1.882762993554731
Unknown;0.0159196816063678;-0.7333333333333333;-1.1072443007990258
Unknown;3.999920001599968e-05;-0.8857142857142857;-2.353598823770502
Unknown;0.0178796424071518;-0.412987012987013;-1.3354166539055137
Unknown;0.2201155976880462;-0.0072463768115942;-0.58662772717177
Unknown;0.2558348833023339;-0.4133333333333333;-0.3360669199269422
Unknown;0.0013999720005599;-0.674074074074074;-1.7177463983565695
Control;0.3091138177236455;-0.0423280423280423;-0.2260939363079618
Control;0.751664966700666;-0.2452830188679245;-0.1706339149293242
Unknown;0.0097598048039039;-0.4379084967320261;-1.5393450012220482
Unknown;0.9273014539709206;0.05;-0.0511320645507892
Unknown;0.5586288274234515;-0.2075471698113207;-0.2332094861481358
Unknown;0.0112397752044959;-0.4074074074074074;-1.299024659038359
Medium;0.1539169216615667;-0.2643097643097643;-0.4515119606075385
Unknown;0.114677706445871;-0.4397163120567376;-0.737418980828015
Unknown;0.0379992400151997;-0.3784722222222222;-0.8473696550761819
Unknown;0.3315533689326213;-0.0888888888888888;-0.4242267909919426
Unknown;0.0480390392192156;-0.6173469387755102;-0.9932156129976188
Control;0.0491990160196796;-0.1372549019607843;-1.0511850569380716
Unknown;0.0055198896022079;-0.6666666666666666;-1.3046239776268114
Unknown;0.0772384552308953;-0.5170068027210885;-0.8238129405712517
Unknown;0.2560748785024299;-0.1066666666666666;-0.5399475826946759
Unknown;0.1492770144597108;-0.1830065359477124;-0.7038598827819101
Unknown;3.999920001599968e-05;-0.912087912087912;-2.1915094797847345
Unknown;0.0032399352012959;-0.8174603174603174;-1.5485409501202332
Unknown;0.2054758904821903;-0.186084142394822;-0.4002441409934769
Unknown;0.0027199456010879;-0.8666666666666667;-1.6692962931412336
Unknown;0.0407191856162876;-0.4597402597402597;-0.845575710177549
Unknown;0.4025919481610368;0.3006535947712418;0.3639312120875631
Unknown;0.5705885882282354;0.1733333333333333;0.2766610650582051
Low;0.0899582008359832;-0.6527777777777778;-0.8475110438631723
Unknown;0.0095198096038079;-0.7189542483660131;-1.4774603246327769
Unknown;0.3131937361252775;-0.3511111111111111;-0.4856924067567104
Medium;0.0002799944001119;-0.6977611940298507;-1.5825566555462007
Unknown;0.9326613467730646;-0.0255102040816326;0.0659440270976388
Unknown;0.0004399912001759;-0.7007575757575758;-1.6873200601005771
Unknown;0.4708305833883322;-0.2115677321156773;-0.2556059473558552
Unknown;0.0005999880002399;-0.7659090909090909;-1.3880406051840233
Unknown;0.0098398032039359;-0.6355555555555555;-1.4595124852752508
Unknown;0.2792744145117097;-0.1805555555555555;-0.4796684944089179
Low;0.0002399952000959;-0.8305084745762712;-1.831107125696032
Unknown;0.0191596168076638;-0.6122448979591837;-1.113871332858858
Unknown;0.119437611247775;-0.2666666666666666;-0.7237050872992817
Unknown;0.0004399912001759;-0.8266666666666667;-2.204094163444076
Unknown;0.5783484330313394;-0.2179487179487179;-0.2275228424366862
High;3.999920001599968e-05;-0.8576923076923076;-2.666111521090634
Unknown;0.0094398112037759;-0.2977777777777777;-1.6176449160656496
Unknown;0.0059998800023999;-0.7688888888888888;-1.663121424218231
Low;0.4866702665946681;0.2142857142857142;-0.2371019098241276
Unknown;0.1121177576448471;-0.4146341463414634;-0.7698600048728387
Low;0.0023599528009439;-0.3576864535768645;-1.3321175693431628
High;0.0568788624227515;-0.3234567901234568;-0.668440919099994
Unknown;0.7723045539089218;0.0518518518518518;0.1291516931027733
Control;0.0003199936001279;-0.8666666666666667;-1.7894548784165074
Unknown;0.0115997680046399;-0.6812196812196812;-1.0022879521828272
Unknown;0.1437571248575028;0.3877551020408163;0.625307460493704
Unknown;0.0078798424031519;0.6831168831168831;1.0125977662621004
Unknown;0.0715985680286394;0.52;0.6502524538448182
Unknown;0.1130777384452311;-0.2814814814814815;-0.8346491260813663
Medium;0.0310393792124157;0.6049382716049383;0.6826191081018337
Unknown;0.0004799904001919;-0.7234848484848485;-1.6430297892256995
Medium;0.0845583088338233;-0.9056603773584906;-1.072305533687537
Unknown;0.8203835923281534;-0.130718954248366;0.1215348117793147
Unknown;0.0487990240195196;-0.5396825396825397;-0.8696619692075208
Unknown;0.0570788584228315;-0.2777777777777778;-0.8913591365073823
Unknown;0.1962760744785104;-0.3714285714285714;-0.5316217211745252
Control;0.1126777464450711;0.4074074074074074;0.8019178332322093
Unknown;0.3250334993300134;0.2040816326530612;0.3975363733974203
Unknown;0.8469030619387612;0.44;-0.0167416720622907
Unknown;0.5541489170216596;-0.2312925170068027;-0.2512923708999452
Unknown;0.119437611247775;-0.5069444444444444;-0.7182611345754342
Unknown;0.3937521249575008;-0.1521739130434782;-0.3674412617945158
Low;0.2688746225075498;-0.2101449275362318;-0.4919151715880367
Unknown;0.3865122697546049;-0.1555555555555555;-0.3796879599074885
Unknown;0.495230095398092;0.0283687943262411;0.2884761660652419
Unknown;0.0113597728045439;-0.5447761194029851;-1.2078125377121236
Unknown;0.4860302793944121;0.2681704260651629;0.2880136378306736
Low;0.0184796304073918;0.5307692307692308;1.0304709860170804
Unknown;0.2037559248815023;0.2395348837209302;0.3937201949664137
Unknown;0.0552788944221115;-0.6369047619047619;-0.8753528528006237
Low;0.3268334633307334;-0.4444444444444444;-0.38968961993294
Unknown;0.0053598928021439;-0.7925925925925926;-1.6537712717651591
Control;0.0012799744005119;-0.7992424242424242;-1.5176954633937183
Unknown;0.0066798664026719;0.6729559748427673;1.262324937332092
Unknown;0.0001199976000479;-0.7807692307692308;-2.2315723827433334
Unknown;0.4609107817843643;-0.1644444444444444;-0.3458617651880524
Unknown;0.0243995120097598;-0.4753086419753086;-1.1851832025879168
Low;3.999920001599968e-05;-0.8210678210678211;-2.417492595095467
Unknown;0.0017199656006879;-0.7246376811594203;-1.8160426663290865
Unknown;0.0023599528009439;-0.5481481481481482;-1.708283281804274
Unknown;0.0229995400091998;-0.4334975369458128;-1.1116803540210536
Unknown;0.1599968000639987;-0.0426065162907268;-0.6126596041060661
Control;0.0385192296154076;-0.6704545454545454;-0.884941149120967
Unknown;0.0207595848083038;-0.3680555555555556;-1.4070898871200088
Medium;0.9810203795924082;0.04;0.0282659569101775
Unknown;0.2890342193156137;-0.2177777777777777;-0.5197557676128874
Unknown;0.0001199976000479;-0.8623188405797102;-2.460420443487096
Unknown;0.7059058818823624;0.0755555555555555;0.1832666905637001
Medium;0.0001199976000479;-0.7755102040816326;-2.2747087996684425
Unknown;0.0135597288054238;-0.1266149870801033;-0.7380403936112049
Unknown;0.0650786984260314;-0.5333333333333333;-0.9467836820027438
Unknown;0.8328233435331294;-0.0141843971631205;0.1141594755852578
Unknown;0.0334393312133757;-0.4476190476190476;-0.8039113606548898
Control;0.0054398912021759;-0.6157635467980296;-1.2261328250871917
Unknown;0.1687566248675026;0.0074074074074074;-0.6553717349775838
Control;3.999920001599968e-05;-0.9314641744548288;-2.962779793108419
Medium;0.0375592488150237;-0.6790123456790124;-0.9130346802394655
Unknown;0.2202755944881102;0.2292134831460674;0.3987124274652495
Unknown;0.0029599408011839;-0.5833333333333334;-1.4481391538967312
Unknown;0.6978660426791464;-0.07421875;0.1642638791381615
Unknown;0.0022799544009119;-0.8;-1.7234196023785011
High;0.1467170656586868;0.3398692810457516;0.5513130313151371
Low;0.1670366592668146;-0.1989795918367347;-0.5938802607113617
Unknown;0.4192316153676926;-0.3185185185185185;-0.3517082968873288
Low;0.8136237275254495;-0.0408163265306122;-0.0646680102701489
Unknown;0.1526769464610707;0.4027777777777778;0.624807045864716
Unknown;0.0053998920021599;-0.8181818181818182;-1.762493692814054
Unknown;0.0401191976160476;-0.3694581280788177;-0.9716973764328108
Unknown;0.0267994640107197;-0.5833333333333334;-1.0401740404979858
High;0.0147997040059198;-0.7407407407407407;-1.3469187375360117
Unknown;0.0393992120157596;-0.5797752808988764;-0.8868536589471024
Unknown;0.1593168136637267;-0.2533333333333333;-0.688463488610707
Unknown;0.3157136857262855;-0.4095238095238095;-0.4558952370132281
Unknown;0.0005199896002079;-0.6371308016877637;-1.488169437297575
Unknown;0.6938933931343798;0.0166666666666666;-0.1959576350681687
Unknown;0.7253454930901382;0.171912832929782;0.1851891038506072
Unknown;0.7372252554948902;-0.0737327188940092;-0.0500879411186578
Unknown;0.0915581688366232;-0.6382978723404256;-0.824963637057045
High;3.999920001599968e-05;-0.9142857142857144;-2.572484033519361
Unknown;3.999920001599968e-05;-0.8758169934640523;-2.264801015242784
Medium;0.0884782304353913;-0.5476190476190477;-0.746142381387068
Control;0.0575188496230075;-0.492063492063492;-0.7990980860897209
Unknown;0.0166396672066558;-0.723404255319149;-1.267995958337849
Unknown;0.1029179416411671;-0.4148148148148148;-0.8262671859183436
Unknown;0.4393912121757565;-0.2435897435897435;-0.3363032459715211
Unknown;0.2956340873182536;0.2177777777777777;0.4975724064729984
Unknown;0.0171596568068638;-0.6962962962962963;-1.2683026523060772
Unknown;0.0459990800183996;-0.4591836734693877;-0.7988286338843692
Control;0.6571468570628587;0.1354642313546423;0.190049259999823
Unknown;0.2563548729025419;-0.0992907801418439;-0.5100635060034052
Unknown;0.245315093698126;-0.4755555555555555;-0.5645846724827122
Unknown;0.4527509449811003;0.2517006802721088;0.3408407485635574
Unknown;0.0046799064018719;-0.7254901960784313;-1.42824957163642
Unknown;0.3103937921241575;-0.28125;-0.3775126715855254
Medium;0.0015199696006079;-0.6704545454545454;-1.4642459170627906
Unknown;0.0371592568148637;0.4907407407407407;0.5640116471155159
Unknown;0.6907461850762985;-0.1027568922305764;-0.155374360271438
Unknown;0.4107917841643167;-0.3402777777777778;-0.343917498999056
Control;0.1025979480410391;-0.574468085106383;-0.778867865295214
Unknown;0.0347593048139037;-0.4888888888888889;-1.1256778313006446
Unknown;0.0401591968160636;-0.34;-1.0450724621450376
Unknown;0.0004799904001919;-0.8805031446540881;-2.219341514334184
Unknown;0.2194356112877742;-0.2654320987654321;-0.5566546540392244
Unknown;0.8993420131597368;0.0755555555555555;-0.0289784713899515
Unknown;3.999920001599968e-05;-0.7835294117647059;-1.9846128292596772
Unknown;0.0056398872022559;-0.3888888888888889;-0.9125250302380252
Medium;0.0342793144137117;-0.4119922630560928;-0.7571904713210035
High;3.999920001599968e-05;-0.8724489795918368;-2.629010564515028
Unknown;0.0072798544029119;0.7333333333333333;1.1783386940160934
Unknown;0.0379592408151837;-0.5142857142857142;-0.9145400796311188
Unknown;0.1916361672766544;-0.057471264367816;-0.6615465105055459
Unknown;0.0113597728045439;-0.6290726817042607;-1.0876821471670035
Unknown;0.6325073498530029;-0.2592592592592592;-0.1602677462057075
Unknown;0.0027599448011039;-0.7901234567901234;-1.8295552391232568
Unknown;0.7739845203095939;0.0340136054421768;-0.11333483020283
Unknown;0.8517829643407132;0.5460992907801419;0.0095256788470704
Control;0.0253194936101277;-0.2892857142857143;-0.9881650310910984
Unknown;0.116437671246575;-0.4609929078014184;-0.7751004994347607
Unknown;0.9388612227755444;-0.1025641025641025;0.046731827580913
Medium;0.4017919641607168;-0.4393939393939394;-0.2767216690694082
Unknown;0.507629847403052;0.3405797101449275;0.2830026192517424
High;0.9813403731925362;-0.0797101449275362;0.1079067988599785
Unknown;0.0088798224035519;-0.6975308641975309;-1.2993419081148048
Unknown;0.0021199576008479;-0.6962962962962963;-1.8013385947023592
Unknown;0.0216395672086558;-0.6666666666666666;-1.2575224878395594
Unknown;0.1669566608667826;-0.2772277227722772;-0.4388397375846585
Unknown;0.879902401951961;0.1181818181818181;-0.0302963627466253
Unknown;0.0015199696006079;-0.6453900709219859;-1.755008231333971
Low;0.124517509649807;0.0222222222222222;-1.2542068513180666
Unknown;0.5845483090338193;0.1037037037037037;-0.2091265251261803
Unknown;0.0633987320253594;-0.4333333333333333;-0.8533793264617004
Unknown;0.0003199936001279;-0.8125;-2.7667656915375307
Unknown;0.0022399552008959;-0.7097505668934241;-1.2523806478548376
Unknown;0.5827483450330994;0.1194968553459119;-0.1965002353290158
Unknown;0.1091578168436631;-0.5185185185185185;-0.7534063297575733
Control;0.3932721345573088;-0.4576923076923077;-0.331944576429821
Unknown;0.4902701945961081;-0.0222222222222222;-0.3107523708244387
Unknown;0.1759164816703665;-0.0492610837438423;-0.6340388241695678
Unknown;0.5984680306393872;0.1388888888888889;0.2381709839331971
Unknown;0.0610387792244155;-0.58;-0.9974483347215513
Unknown;0.0079198416031679;-0.3472222222222222;-1.4329505091184576
Unknown;0.4472710545789084;-0.4577777777777778;-0.3505547486493273
Medium;0.0003999920001599;-0.7948717948717948;-2.5423426978845587
Unknown;0.0450390992180156;-0.4375;-0.9064434138832675
Low;3.999920001599968e-05;-0.9163059163059164;-3.2100438239371147
Unknown;0.0334393312133757;-0.2561576354679803;-1.0992074437284451
Unknown;0.0176396472070558;-0.4038461538461538;-1.2937260380508746
Unknown;0.0009999800003999;-0.7926267281105991;-1.7696298245409885
Unknown;0.5744685106297874;0.0833333333333333;0.2394275435433854
Unknown;0.7259854802903942;0.0518518518518518;-0.1322632776124376
Unknown;0.8492230155396892;0.0666666666666666;0.0912906875490269
Unknown;0.6424271514569708;-0.1328320802005012;-0.1752539708474842
Unknown;0.4023919521609568;0.0444444444444444;-0.3597064617314945
Unknown;0.24187516249675;-0.4113475177304964;-0.5325050235303245
Unknown;0.2257554848903022;0.3529411764705882;0.5293878789196592
Unknown;0.8514229715405692;-0.0844444444444444;-0.0736445542018422
Unknown;0.1075578488430231;-0.3407407407407407;-0.958613961764303
Unknown;0.0191196176076478;0.5705128205128205;0.913078921997265
Unknown;3.999920001599968e-05;-0.796875;-1.6794350788398176
Low;0.0079598408031839;0.5517241379310345;0.85446538997273
Unknown;0.1420771584568308;-0.4861111111111111;-0.6656732240731501
Unknown;0.1046379072418551;0.3866666666666666;0.6874243079780198
Unknown;0.0108797824043519;0.7155555555555555;1.2952129703862314
Unknown;0.988580228395432;0.1102941176470588;0.011067363529271
Unknown;0.118037639247215;-0.3502304147465437;-0.6849806433220045
Low;0.0035599288014239;-0.5851851851851851;-1.5887998247851394
Unknown;0.5114297714045719;0.1111111111111111;-0.2814171345413344
Unknown;0.0213195736085278;-0.6355555555555555;-1.0065491957617902
Unknown;0.0213995720085598;-0.3378684807256236;-1.0487682945686705
Unknown;0.1690766184676306;-0.5376623376623376;-0.6203027250728997
Unknown;0.4539909201815963;-0.2028985507246377;-0.2957220572425389
Unknown;0.0036399272014559;-0.6237037037037036;-1.0866683066391638
Unknown;0.1093178136437271;-0.44;-0.7577965228874965
Unknown;0.0005999880002399;-0.6086956521739131;-2.411374934922127
Unknown;0.1848763024739505;-0.3260869565217391;-0.5866972235850081
Control;0.8010639787204256;-0.0170454545454545;-0.0491661001606762
Unknown;0.0149597008059838;0.6086956521739131;1.1521559938835588
Unknown;3.999920001599968e-05;-0.7908496732026143;-1.6062884643970945
Unknown;0.3891522169556609;0.3688888888888889;0.4263298834579305
Unknown;0.0235595288094238;-0.6444444444444445;-1.102182464828508
Unknown;0.0015599688006239;-0.7111111111111111;-1.7160585174116805
Unknown;0.0643987120257594;-0.226950354609929;-0.9714477527303714
Unknown;0.2012032085561497;-0.032258064516129;-1.0067868062533376
Unknown;0.0378792424151517;-0.4652777777777778;-0.9665128676928656
Unknown;0.0077998440031199;-0.4226190476190476;-1.4071720256207996
Medium;0.0129597408051838;-0.4654088050314465;-1.5022074576207132
Unknown;0.0033999320013599;-0.3172413793103448;-1.4409208815954238
Unknown;0.0228395432091358;-0.1836734693877551;-1.209316934193977
Unknown;0.0178796424071518;-0.6;-1.2592998189642828
Unknown;0.8009439811203776;-0.144927536231884;0.1899237457484344
Unknown;0.123717525649487;-0.3968253968253968;-0.5665413608541692
Unknown;0.0724785504289914;0.4513888888888889;0.7782737137263462
Low;0.0117197656046879;-0.543778801843318;-1.3263389819593263
Unknown;0.0993580128397432;-0.1180555555555555;-1.0623756151941124
Unknown;0.121317573648527;-0.2433862433862433;-0.6782353157728802
Unknown;0.0053198936021279;-0.5612244897959183;-1.4028152593674403
Unknown;0.8582628347433051;-0.0237154150197628;0.0766633039692745
High;0.2580348393032139;0.0844444444444444;-0.5207233746835729
Unknown;0.4491910161796764;-0.1631205673758865;-0.325822388766452
Control;0.0222395552088958;-0.6243386243386243;-1.057729876475404
Unknown;0.1923161536769264;-0.2198581560283688;-0.597962517025295
Medium;0.0153196936061278;-0.6358024691358025;-1.1812293067653796
Unknown;0.743385132297354;-0.2486772486772486;-0.1084521116149112
Unknown;0.6545454545454545;-0.1111111111111111;-0.4879972559319698
Low;0.7166256674866502;0.1636363636363636;0.1779014592463949
Unknown;0.8259834803303934;-0.0493827160493827;-0.0961487683467673
Low;0.0529189416211675;-0.5561224489795918;-0.7817635207806427
Unknown;0.7313453730925381;-0.1176470588235294;-0.1652976589504247
Unknown;0.0424791504169916;0.5;0.8166885925988467
Unknown;0.2519949601007979;-0.3695652173913043;-0.5063220212931755
Unknown;0.0011199776004479;-0.6950354609929078;-1.7616130582417848
Unknown;0.2816343673126537;0.0496453900709219;-0.4872764391190995
Unknown;0.9460210795784084;-0.0072463768115942;0.0328034666783217
Unknown;0.250154996900062;-0.3333333333333333;-0.5501592847685158
Control;0.0909181816363672;-0.4629629629629629;-0.7970274783059681
Unknown;0.0299194016119677;-0.4666666666666667;-1.4105297703221171
Unknown;0.0024799504009919;-0.6038461538461538;-1.6677275809553092
Unknown;0.1603567928641427;-0.1888888888888888;-0.7304074064185214
Control;0.0309193816123677;-0.5942028985507246;-1.0020105127082566
Unknown;0.0759184816303674;-0.3197278911564626;-0.6937836585423666
Unknown;0.0585188296234075;-0.4074074074074074;-0.9575663450731042
Medium;3.999920001599968e-05;-0.9685534591194968;-2.524061816297824
Unknown;0.1506769864602708;-0.0130718954248366;-0.7955716382910242
Low;0.0275994480110397;-0.3621933621933622;-0.8191635487722031
Unknown;0.0002399952000959;-0.8819444444444444;-2.017914194933401
Control;0.1693166136677266;0.4166666666666667;0.585962686592805
Unknown;0.3494330113397732;0.2216666666666666;0.2880527355734265
Unknown;0.3217535649287014;0.0567375886524822;-0.4371393451306032
Unknown;0.615187696246075;-0.0476190476190476;-0.1962667902893506
Medium;0.8913421731565369;0.0518518518518518;0.0674324348730688
High;0.8273034539309214;0.037037037037037;0.1093835507731111
Unknown;0.0048399032019359;-0.6527777777777778;-1.23818246784438
Control;0.0007199856002879;-0.7653846153846153;-1.4089627036488277
Unknown;0.0001599968000639;-0.8214285714285714;-2.18901325511569
Unknown;0.0954380912381752;-0.5862068965517241;-0.7752541046775295
Unknown;0.1393572128557428;0.4;0.6633401168231878
Unknown;0.3159136817263654;-0.2724505327245053;-0.3552191423747778
Unknown;0.0453990920181596;-0.2962962962962963;-1.3475232273243556
Unknown;0.1328773424531509;0.10546875;-0.6505502168141518
High;0.369632607347853;0.3024691358024691;0.3894116026157128
Medium;0.0257994840103197;-0.5555555555555556;-1.153517389208
Unknown;0.6940261194776104;-0.0755555555555555;0.2900065520922618
Unknown;0.7700245995080098;0.1911111111111111;-0.0980915772575256
Unknown;0.0738785224295514;-0.5374149659863946;-0.9204626002706704
Unknown;0.0131997360052798;-0.6455026455026455;-1.119907368287275
Unknown;0.0510789784204315;-0.6594202898550725;-1.0081647457543428
Unknown;0.7111857762844743;-0.3076923076923077;-0.134827133432684
Unknown;0.2708345833083338;0.0555555555555555;-0.4933418434505789
High;0.0072798544029119;-0.8533333333333334;-1.5381526692740173
Unknown;0.7879442411151777;0.0733333333333333;0.1636577477700868
Unknown;0.8295834083318334;-0.0141843971631205;-0.0933392275067048
Unknown;0.0920381592368152;0.4755555555555555;0.7438398001023309
Unknown;0.3135537289254215;-0.4088050314465409;-0.4378366742897726
Unknown;0.115517689646207;0.3469387755102041;0.608744777008868
Unknown;0.0003599928001439;-0.6808510638297872;-2.0550847139767208
Unknown;0.1794364112717745;-0.0888888888888888;-0.8372459093862451
Unknown;0.6423071538569228;0.4222222222222222;0.3099197772744915
Control;0.0130797384052318;-0.7333333333333333;-1.252133317369852
Unknown;0.0113997720045599;-0.5944700460829493;-1.2743859284650576
Unknown;0.125677486450271;-0.2312925170068027;-0.6999520506885412
Unknown;0.4278714425711485;0.1259259259259259;-0.3406059741605958
Unknown;0.0009999800003999;-0.6304347826086957;-1.7476834165953752
Unknown;0.3988320233595328;0.1884057971014492;0.3612264407996685
Unknown;0.0314523589269195;-0.7111111111111111;-2.3552974865467413
Control;0.4683906321873562;0.2318840579710145;0.3165555807738194
Low;3.999920001599968e-05;-0.6825396825396826;-2.9386698244654927
Unknown;0.0255594888102237;-0.7536231884057971;-1.2442853589613136
Medium;0.5909481810363792;0.4465408805031446;0.247464877055108
Unknown;0.7964640707185856;0.1729004940014114;0.0735207367563264
Unknown;0.0012399752004959;-0.4576271186440678;-1.712025061131182
Unknown;0.6957460850782984;0.0277777777777777;0.2035124398062541
Unknown;0.0354792904141917;0.5714285714285714;0.8678951399475532
Unknown;0.8700225995480091;0.0680272108843537;0.0824528190103469
Unknown;0.0294794104117917;-0.76;-1.244960200628042
Unknown;0.8012239755204896;-0.1699346405228758;-0.0857378669803616
Unknown;0.4293914121717566;-0.1767554479418886;-0.318715775406379
Unknown;0.2821543569128617;-0.2561576354679803;-0.4402402640120006
Unknown;0.0693986120277594;0.1970443349753694;-1.0342907242204522
Unknown;0.379712405751885;-0.1773049645390071;-0.3745990475920057
Unknown;0.0033999320013599;-0.7644110275689223;-1.518345771267772
Unknown;0.2689546209075818;-0.2925170068027211;-0.4862625618011917
Unknown;0.0003999920001599;-0.8439716312056738;-2.0514056949343966
Unknown;0.0639587208255834;-0.3695652173913043;-0.9655307384101606
Unknown;0.0054798904021919;-0.7037037037037037;-1.2370124243275906
Unknown;0.6988260234795304;-0.1358024691358024;0.1496109381549817
Unknown;0.372512549749005;-0.1947712418300653;-0.3090128528025636
Unknown;0.0071998560028799;0.6995073891625616;1.045798554558872
Unknown;0.0046399072018559;-0.7210884353741497;-1.4927015513670108
Unknown;0.2196756064878702;-0.3188405797101449;-0.6009328995923715
Unknown;0.4453910921781564;0.2888888888888888;0.3657451768249097
Unknown;0.1339173216535669;-0.217391304347826;-1.032359369300102
Unknown;0.0703185936281274;-0.7083333333333334;-0.8985585693761926
Unknown;0.0008399832003359;-0.6402116402116402;-1.7453332830931398
Unknown;0.1861162776744465;0.0612244897959183;-1.0086647323473892
Low;0.1624767504649907;-0.2624113475177305;-0.6368793522811632
Medium;0.4672706545869082;0.0847457627118644;0.3066942573708921
Control;0.622947541049179;-0.0071428571428571;0.1801792177386448
Unknown;0.0132397352052958;-0.5869565217391305;-1.2366346109658737
Unknown;0.0055998880022399;-0.6177777777777778;-1.9307125577489224
Unknown;0.2066358672826543;-0.3045822102425876;-0.5290654670389191
Unknown;0.2314753704925901;0.2908163265306122;0.4902235327241562
Unknown;0.0003999920001599;-0.6206896551724138;-2.5849657417650618
Unknown;0.0638787224255515;-0.4192037470725995;-0.8218880365460439
Unknown;0.0613587728245435;-0.3541666666666667;-0.8760881378316879
Unknown;0.1898362032759344;-0.4888888888888889;-0.7136168614787833
Unknown;0.0009199816003679;-0.673469387755102;-1.9603497860395591
Unknown;0.2185956280874382;-0.3142857142857143;-0.5179054603309567
Unknown;0.5363892722145557;0.1077694235588972;0.2990240975924373
Unknown;0.1947961040779184;0.362962962962963;0.5737983274053085
Unknown;0.625547489050219;0.1666666666666666;0.2161634443478842
Control;0.0097198056038879;0.5763888888888888;1.0621179973253327
Unknown;0.4869102617947641;0.12;0.3481940246656478
Unknown;0.0017599648007039;-0.6956521739130435;-1.7016869104479668
Unknown;0.4485910281794364;0.2142857142857142;0.3073874969585767
Unknown;3.999920001599968e-05;-0.9296875;-2.9317145850155133
Unknown;0.0011599768004639;-0.6666666666666666;-1.4508227889722356
Unknown;0.0823183536329273;0.4444444444444444;0.7712251423772389
Unknown;0.0015999680006399;-0.6296296296296297;-1.737467556495364
Low;0.0009199816003679;-0.9111111111111112;-2.1066112024715813
Unknown;0.8109837803243936;-0.174025974025974;0.1200648175303554
Medium;0.0049599008019839;-0.82;-1.5048334687494316
Low;0.0775584488310233;0.3673202614379085;0.5302687129481232
Unknown;0.2143557128857423;-0.5583333333333333;-0.6285582386648747
Unknown;0.2956740865182696;-0.2152777777777778;-0.4645179778182644
Unknown;0.0790784184316313;-0.3333333333333333;-0.76096335863486
High;0.0005199896002079;-0.8104575163398693;-1.764144856119076
Unknown;0.2202355952880942;-0.3066666666666666;-0.604511037454299
Medium;0.6619467610647787;-0.1768115942028985;-0.1088215530950796
Medium;3.999920001599968e-05;-0.9411764705882352;-2.8142378318384864
Unknown;0.0005599888002239;-0.8066666666666666;-2.0131129175881
Unknown;7.999840003199936e-05;-0.5704545454545454;-1.9755361702624656
Unknown;0.0444391112177756;-0.3861111111111111;-0.7472806827665534
High;0.0853182936341273;0.0074074074074074;-0.9551985149389208
Control;3.999920001599968e-05;-0.96003996003996;-3.418788585134257
Unknown;0.4351912961740765;0.2101449275362318;-0.3470674690013182
Unknown;0.0007599848003039;-0.7533333333333333;-1.6353898474580917
Unknown;0.0895982080358392;-0.4733893557422969;-0.6956887778426433
Unknown;3.999920001599968e-05;-0.8319783197831978;-1.73571776153132
Unknown;0.1365572688546229;0.0680272108843537;-0.8028422459088497
Low;0.9849003019939602;0.0933333333333333;0.0434183770730017
Unknown;0.9351412971740564;0.2765957446808511;0.0091171335682812
Unknown;0.3654726905461891;-0.0133333333333333;-0.362858101751359
Unknown;0.0646464646464646;-0.8604651162790697;-1.6441604436961337
Unknown;0.6796264074718505;0.1288888888888889;0.2219716977306368
Unknown;0.1595568088638227;-0.4183006535947712;-0.6331882638716662
Unknown;0.7159856802863943;0.1245421245421245;0.1173006627080955
Medium;0.7140257194856103;-0.0634920634920634;0.1404784839437566
Unknown;0.0673186536269274;-0.46;-0.8597991839177839
Unknown;0.4160716785664287;-0.3155555555555555;-0.3823905839626466
Unknown;0.8323433531329374;0.0;0.1040582227650498
Low;0.0010399792004159;-0.5475206611570248;-1.2013850990019466
Unknown;0.1655166896662066;-0.5544794188861986;-0.7369245435595869
Unknown;0.0328793424131517;-0.44;-0.9749138821557616
Unknown;0.246555068898622;-0.3244444444444444;-0.5622732420094209
Unknown;0.8129037419251615;0.0098522167487684;-0.0814566271279293
Unknown;0.746745065098698;-0.0577777777777777;-0.154173850478258
Unknown;0.3783124337513249;-0.2267884322678843;-0.3117514467235019
Unknown;0.1727965440691186;0.0666666666666666;-0.9229302995968356
Unknown;0.0009599808003839;-0.782608695652174;-1.6554234802360217
Unknown;0.0270394592108157;-0.3623188405797101;-1.362809782829106
Medium;0.0314793704125917;-0.5600907029478458;-0.9290109771188158
Unknown;0.1030379392412151;-0.3741496598639456;-0.8136426956173974
Unknown;0.0494390112197756;-0.3466666666666667;-0.9319413796372232
Unknown;0.2189956200875982;-0.3475177304964539;-0.5395719195444915
Unknown;3.999920001599968e-05;-0.8888888888888888;-1.6177355429855014
Unknown;0.0273194536109277;-0.4693877551020408;-1.207219069235079
Unknown;0.2763144737105258;-0.0802469135802469;-0.4946248694424942
Unknown;3.999920001599968e-05;-0.9565217391304348;-3.705914600730696
Unknown;0.9688606227875444;0.0072463768115942;-0.0072375676802121
Unknown;0.0001199976000479;-0.7115384615384616;-2.35481585309583
Unknown;0.0217595648087038;-0.4025157232704403;-1.260065170674554
Control;0.0217195656086878;-0.4586466165413533;-0.9260698722198856
Low;0.1077578448431031;0.2716049382716049;0.5344811806989681
Unknown;0.122197556048879;-0.3790849673202614;-0.7707832967557482
Unknown;0.0578388432231355;-0.4618055555555556;-0.8097564165009719
Unknown;0.0012399752004959;-0.5737704918032787;-1.4038192064643067
Unknown;0.3384732305353893;0.2916666666666667;-0.2687635919119623
High;0.0044399112017759;-0.6360294117647058;-1.175159823081696
Low;0.0281194376112477;-0.52;-1.281852530423134
Unknown;0.0762384752304953;-0.5269230769230769;-0.8672896894248322
Unknown;0.2133557328853423;-0.3169014084507042;-0.4844595362520553
Unknown;0.4176316473670526;-0.1280788177339901;-0.3263586289168228
Unknown;0.0006799864002719;-0.8974358974358975;-1.9394757284152664
Unknown;0.0003599928001439;-0.7185185185185186;-2.0462387011462138
Unknown;0.74222515549689;-0.2266666666666666;0.1549123047098092
Unknown;0.0047199056018879;-0.5576923076923077;-1.2267207428928693
Unknown;0.3409531809363813;-0.1205673758865248;-0.4161068591738571
Unknown;0.9327013459730804;0.4066666666666667;0.1225494244058529
Control;0.9089018219635608;-0.1022222222222222;0.0655902751929329
Control;0.375592488150237;0.2146892655367231;0.388197194802738
Unknown;0.0005199896002079;-0.7777777777777778;-1.538714358748493
Low;0.0207595848083038;0.5662878787878788;0.7094098889342979
Low;0.0160796784064318;-0.6190476190476191;-1.2711796314756438
Unknown;0.0134397312053758;-0.5;-1.5204891810809025
Unknown;0.630907381852363;0.5037037037037037;0.2284348366069689
Unknown;0.1360372792544149;-0.4888888888888889;-0.683793987692084
Unknown;0.6672266554668906;0.0763888888888889;0.198067716460596
Unknown;3.999920001599968e-05;-0.9012987012987012;-2.560699548212288
Unknown;0.6551068978620428;0.1640112464854733;0.1532672893355907
Unknown;0.760544789104218;-0.0933333333333333;-0.1400597498411811
Unknown;0.0047999040019199;-0.8044444444444444;-1.5269564126077566
Unknown;0.2283554328913421;-0.1288888888888889;-0.7351740489911367
Unknown;0.8906221875562489;0.0047058823529411;-0.0323337183932119
Unknown;0.7136657266854662;-0.3333333333333333;-0.1833260374893501
Unknown;0.0260794784104317;-0.46484375;-0.9025694471849528
Medium;0.6111877762444751;0.1037037037037037;0.2529480611110651
Unknown;0.114917701645967;-0.336405529953917;-0.6366305689957815
Unknown;0.6199476010479791;-0.16;-0.2143654911294125
Unknown;3.999920001599968e-05;-0.7965714285714286;-1.5619061636041494
High;0.9370612587748244;0.0072639225181598;-0.0038151359358272
Medium;0.8141837163256734;0.0;0.1402907457781866
Unknown;0.4443911121777564;-0.3915343915343915;-0.2997563480960809
Unknown;0.0011999760004799;-0.7866666666666666;-2.139489048005738
Low;0.9566208675826484;0.0038461538461538;0.0334816186582885
Unknown;7.999840003199936e-05;-0.9555555555555556;-2.2397267266342884
Unknown;0.5773084538309233;0.2888888888888888;0.2489744875605851
Unknown;0.620587588248235;-0.075;-0.1944128361731764
Low;0.379872402551949;0.1736111111111111;0.405010067699606
Unknown;0.5585088298234036;-0.3131313131313131;-0.1752825156045725
Unknown;0.4715105697886042;-0.0494071146245059;-0.2177720715072419
Unknown;0.1402371952560948;-0.2932098765432099;-0.5485816679172456
Unknown;0.0257194856102877;-0.4965986394557823;-0.9780423496000452
Unknown;0.123757524849503;-0.6474358974358975;-0.7957302798427726
Control;0.8405031899362013;-0.1066666666666666;-0.0664957107357659
Medium;0.0007599848003039;-0.9111111111111112;-2.1209138847764155
Unknown;0.8493430131397373;0.1;-0.0156507050059804
Control;0.753544929101418;0.0205761316872428;-0.1139762643271592
Unknown;0.5993880122397552;0.2040816326530612;0.2599642981933904
Unknown;0.0959580808383832;-0.3285714285714285;-0.752887334604516
Unknown;0.2735545289094218;0.2653061224489796;-0.4382289278489762
Unknown;0.2781944361112777;-0.2362637362637362;-0.3255484352446481
Unknown;0.9285414291714166;-0.1466666666666666;0.1146059291117685
Control;0.0001199976000479;-0.6530612244897959;-2.758726539638421
Unknown;0.2335153296934061;0.18;-0.5570941183629513
Unknown;0.2325953480930381;-0.6543778801843319;-0.540211049198614
Unknown;0.6799064018719626;0.0555555555555555;0.2081722692551807
Unknown;0.2672346553068939;-0.3560606060606061;-0.4292262506026477
Unknown;0.1907561848763024;-0.5137844611528822;-0.5603481981995962
Medium;0.3661526769464611;-0.2955665024630542;-0.3598232469705312
Unknown;0.882342353152937;0.0416666666666666;0.0327250946086113
Unknown;0.3661526769464611;-0.2811059907834101;-0.3571689052985246
Unknown;0.0231995360092798;-0.624113475177305;-1.1590830207527436
Unknown;0.0759584808303834;-0.3037037037037037;-0.908502144883664
Unknown;0.5369892602147956;0.1805555555555555;0.2839832080515976
Unknown;0.9024219515609688;-0.1347517730496454;-0.0198434730848902
Unknown;0.6347073058538829;-0.1673469387755102;-0.2000284204600656
Unknown;0.0075998480030399;0.7193877551020408;1.0907586946307466
Unknown;0.1816363672726545;-0.4266666666666667;-0.6004518603102033
Control;0.0002799944001119;-0.8490566037735849;-2.1694539961109167
Unknown;0.0041599168016639;-0.7375886524822695;-1.7643178922099985
Unknown;3.999920001599968e-05;-0.8666666666666667;-3.883420714477154
Unknown;0.6579068418631627;0.0921985815602836;-0.1855451965938718
Control;0.0369992600147997;-0.5986394557823129;-0.9546495501776564
Unknown;0.9695960530373112;0.1969696969696969;0.0941242523632315
Unknown;0.0003999920001599;-0.7293447293447294;-1.4300798638520136
High;0.5746285074298514;0.2444444444444444;0.2479227566425813
Control;0.0039999200015999;0.7192982456140351;1.1887837716196543
High;0.2629547409051819;0.2051282051282051;0.3991202120562509
Unknown;0.1522769544609107;-0.2536231884057971;-0.6485268523613763
Low;0.5418691626167477;0.1383647798742138;0.2727464387753788
Unknown;0.0760784784304313;-0.4130434782608695;-0.809876035120152
Unknown;0.0293594128117437;-0.7028985507246377;-1.1908083234938984
Unknown;0.0524389512209755;0.4387755102040816;0.5929571162553223
Unknown;0.0241195176096478;-0.5064102564102564;-1.4437233179612008
Low;0.9008219835603288;0.0023419203747072;0.0726426002280187
Unknown;0.0603987920241595;-0.108695652173913;-0.929858737375208
Unknown;0.7669046619067619;0.1041162227602905;0.1421128798752243
Unknown;0.874022519549609;-0.0136054421768707;0.078332632540633
Low;3.999920001599968e-05;-0.8923933209647495;-2.509107777640415
Unknown;0.2805543889122217;-0.3066666666666666;-0.5207750437411562
Unknown;0.0087198256034879;0.0517482517482517;-0.9874174963411464
Unknown;0.1761564768704626;-0.2678062678062678;-0.511155607068907
High;0.0019199616007679;-0.8518518518518519;-1.9237953019755256
Unknown;0.0809583808323833;-0.6950354609929078;-0.9125800372412484
Unknown;0.0015199696006079;-0.7013888888888888;-1.4842849893049297
Unknown;0.0940781184376312;-0.2391304347826087;-0.7781333576733367
Unknown;0.5823883522329554;-0.2177777777777777;-0.2319184076965404
Unknown;0.0589588208235835;-0.4246031746031746;-0.7123689120307185
Unknown;0.1105177896442071;0.3472222222222222;0.7284477901896811
Unknown;0.0965580688386232;0.3695652173913043;0.6883205030351182
Control;0.6677866442671146;-0.072463768115942;-0.1496055681686639
Low;0.2702345953080938;-0.6319444444444444;-0.4203717276799338
Unknown;0.0117597648047039;-0.7037037037037037;-1.3358887802441308
Medium;0.0191596168076638;-0.7551020408163265;-1.2965529221777925
Unknown;0.4691506169876602;0.2466666666666666;-0.2560806395471969
Unknown;0.6606267874642507;0.0373134328358208;0.1895985279411662
Unknown;0.1861562768744625;-0.5037037037037037;-0.6074825773218392
Unknown;0.1284774304513909;-0.0960187353629976;-0.6454094943389694
Unknown;0.0323993520129597;-0.4791666666666667;-1.1814053774627664
Unknown;0.0549989000219995;-0.4113475177304964;-1.1102378960703776
Medium;3.999920001599968e-05;-0.7973856209150327;-2.942726714541973
Unknown;0.8595828083438332;-0.0962962962962963;-0.0625144541823798
Unknown;0.0010799784004319;-0.6881188118811881;-1.1424710578465296
Low;0.4361112777744445;-0.4761904761904761;-0.2013721253079429
Unknown;0.2691146177076458;-0.3955555555555555;-0.528229558719769
Unknown;0.0007999840003199;-0.7450980392156863;-1.4845486223846307
Unknown;0.0563188736225275;-0.4962962962962963;-0.8471589687910555
High;0.0002399952000959;-0.8533333333333334;-2.1581127053723823
Unknown;0.9191816163676726;0.0763888888888889;0.0499835249472975
Unknown;0.2339953200935981;-0.2777777777777778;-0.5326404424257198
Unknown;0.1629567408651827;0.3012820512820512;0.6017866029001439
Unknown;0.1903561928761424;0.2962962962962963;0.5649421564147478
Unknown;3.999920001599968e-05;-0.9551282051282052;-2.6571880182026204
Unknown;0.0198396032079358;-0.3849878934624697;-0.7614988065995659
Unknown;0.1274374512509749;-0.5532786885245902;-0.6483877286334304
Unknown;0.1999160016799664;-0.3466666666666667;-0.5763650994614639
Unknown;0.0798784024319513;-0.4829931972789115;-0.7449791085745102
Unknown;0.4547909041819163;-0.2156862745098039;-0.3044492374409766
Unknown;0.2146357072858543;-0.3985507246376811;-0.5419714212762786
Unknown;0.0012799744005119;-0.7955555555555556;-2.519851085652133
Unknown;0.0253594928101437;-0.2409638554216867;-0.8974281551716053
High;0.5597088058238835;-0.2180451127819548;-0.2248837090205683
Unknown;0.0019199616007679;-0.4684684684684684;-1.851118792513592
Unknown;0.8106237875242495;0.1532467532467532;0.0991222902232207
Control;0.0008399832003359;0.6443661971830986;1.118539323003776
Low;0.0010399792004159;-0.8484848484848485;-1.875597075058258
Unknown;3.999920001599968e-05;-0.9272727272727272;-3.698700727060399
Unknown;0.0019199616007679;-0.5606060606060606;-1.6632340143963624
Unknown;0.0081598368032639;-0.3971631205673759;-1.735173649344188
Low;0.0057198856022879;-0.5815602836879432;-1.7214946290326003
Unknown;0.7193456130877383;-0.0919117647058823;0.1597759422759971
Unknown;0.9483810323793525;-0.0444444444444444;0.046286482502844
Medium;0.0271994560108797;-0.3333333333333333;-1.0372279773497677
Control;3.999920001599968e-05;-0.9736842105263158;-3.4475812875226883
Unknown;0.0269994600107997;-0.5694444444444444;-1.1068476071502822
Unknown;0.0992380152396952;-0.4557823129251701;-0.6974624043479718
Unknown;0.0121197576048479;-0.4660421545667447;-1.114398830248261
Unknown;0.2067558648827023;0.3333333333333333;0.5223263545004149
Unknown;0.1573968520629587;-0.25;-0.6422985366164216
Unknown;0.4307913841723165;-0.2733333333333333;-0.3336205082469839
Unknown;0.1106377872442551;-0.6533333333333333;-0.8129122116769406
Unknown;0.0017199656006879;-0.717391304347826;-1.8502126064319595
Unknown;0.8539429211415772;-0.0567375886524822;0.1688971701365888
Unknown;0.123237535249295;-0.2430555555555555;-0.7344955867554191
Unknown;0.4547509049819003;-0.1477272727272727;-0.2689984425028637
Medium;0.4249115017699646;-0.4855072463768116;-0.3372413850974854
Unknown;0.123877522449551;0.1036144578313253;-0.5804331919809106
Unknown;0.7984240315193696;0.0285714285714285;0.117413970136908
Medium;0.0040399192016159;-0.5902777777777778;-0.9774937593010332
Unknown;0.7699846003079939;0.1517857142857142;0.1317341612174085
Unknown;0.0014799704005919;-0.6370370370370371;-1.435870644967666
Unknown;0.0002399952000959;-0.7185185185185186;-2.1513599675906856
High;0.1633567328653427;-0.3560090702947845;-0.5743755450380594
High;7.999840003199936e-05;-0.8300653594771242;-2.3403567794374154
Unknown;0.6752664946701066;-0.1020408163265306;-0.1711959207473687
Unknown;0.6967060658786824;-0.1698113207547169;-0.074215993638844
Unknown;0.4115117697646047;0.2736077481840194;0.3266701954909241
Unknown;0.0189196216075678;-0.3777777777777777;-1.4236070746853249
Unknown;0.1575168496630067;0.3537414965986394;0.4986531634522355
High;0.0305993880122397;-0.6521739130434783;-1.5192887094167289
Unknown;0.2796344073118537;-0.0512820512820512;-0.4992958054622687
Low;0.0697586048279034;-0.6177777777777778;-1.0417735851020369
Unknown;0.1073978520429591;-0.3333333333333333;-0.5888600468647593
Unknown;0.0004799904001919;-0.7925925925925926;-1.8721189733501025
High;0.0015999680006399;-0.6082089552238806;-1.3096696896088116
Unknown;0.6386672266554669;0.130718954248366;0.212771465278985
Unknown;0.746905061898762;0.1012987012987013;-0.0423378483083842
Unknown;0.0050398992020159;-0.5739348370927319;-1.310686859626282
Unknown;0.6537469250614988;-0.191358024691358;-0.17013101761326
Unknown;0.4795904081918362;0.16;0.3046283587989272
Control;0.0160796784064318;-0.4753086419753086;-1.0753031643150694
Unknown;0.6545469090618188;0.0459183673469387;-0.1574663106194003
Unknown;0.0130397392052158;-0.5879120879120879;-1.2428070755704002
Unknown;0.0035999280014399;-0.6417233560090703;-1.2471688901447815
Unknown;0.0610387792244155;0.3694581280788177;0.827858144741725
Unknown;0.9346613067738644;-0.2592592592592592;0.0261104205290905
Unknown;0.0018799624007519;-0.5294117647058824;-1.7496465450785377
Unknown;0.2567148657026859;-0.2361111111111111;-0.5155717149143613
Unknown;0.0703985920281594;0.4130434782608695;0.738000815531353
Unknown;0.0256794864102717;-0.624113475177305;-1.070869696296542
Unknown;0.1671166576668466;-0.2857142857142857;-0.5908315315631186
Unknown;0.0733185336293274;-0.5154320987654321;-0.7152746491679889
Unknown;0.5482290354192916;-0.2962962962962963;-0.2593385183109298
Unknown;0.0031999360012799;-0.8108108108108109;-1.7233979276397111
Unknown;0.0486790264194716;-0.3688888888888889;-1.0413602193363618
Unknown;0.244995100097998;-0.3194444444444444;-0.4151043282847317
Unknown;0.2278354432911341;-0.2196969696969697;-0.5322881213205585
Unknown;0.0899182016359672;-0.3120567375886525;-0.8969562749617613
Unknown;0.2895942081158377;-0.1644444444444444;-0.5129431226259549
Unknown;0.5504689906201876;-0.1644444444444444;-0.2672742314744415
Low;0.0001999960000799;-0.798941798941799;-1.7371432043248662
Unknown;0.7760244795104098;0.0192307692307692;-0.0914562299989574
Unknown;0.0065598688026239;0.5092592592592593;0.9391367966119007
Unknown;0.0229195416091678;-0.5228758169934641;-1.1711210703722246
Unknown;0.0003999920001599;0.6634615384615384;0.8578441497275454
Unknown;0.6859462810743785;0.04;-0.1835469559423472
Unknown;0.0305593888122237;0.5277777777777778;0.8555081262137155
Unknown;0.9228615427691448;0.0296296296296296;0.0638731359868478
Control;0.0233195336093278;-0.8695652173913043;-1.5885789870102274
Unknown;0.9781804363912722;-0.0641025641025641;0.0346240027602794
Unknown;0.0235995280094398;-0.4389610389610389;-1.0154142433182158
Low;0.1894762104757905;-0.3262411347517731;-0.5899443385849416
Unknown;0.0937581248375032;-0.22;-0.874898426592215
High;0.4341113177736445;0.6643990929705216;-0.1460169170473028
Unknown;0.6863062738745225;-0.074074074074074;-0.0542088411964791
Control;0.0448391032179356;-0.3536299765807962;-0.87379930785327
Low;0.2599548009039819;-0.5977777777777777;-0.4034708487776201
Unknown;0.7308253834923302;-0.0691823899371069;0.1781755568803537
Control;0.5920281594368113;0.1523809523809524;0.2227373196741132
Control;0.0038799224015519;-0.5655270655270656;-0.9060048190016254
Unknown;0.6812263754724905;0.1733333333333333;-0.1074947027412512
Unknown;0.0753584928301434;-0.4506172839506173;-0.8457519573098652
Unknown;0.0012399752004959;-0.6157635467980296;-1.4291958164034393
Unknown;3.999920001599968e-05;-0.9822222222222222;-4.1228923822753885
Unknown;0.4307113857722845;0.2222222222222222;0.3420771031905888
Low;0.9290214195716086;0.1171875;-0.0244729568980099
Unknown;0.0001199976000479;-0.92;-2.742939368307481
Unknown;0.3137537249255014;-0.3405797101449275;-0.4455910495179733
Unknown;0.0721185576288474;0.427536231884058;0.794658528363353
Unknown;0.2240755184896302;-0.3049645390070922;-0.5433856536663701
Unknown;0.1921961560768784;-0.291005291005291;-0.5379177890777996
Unknown;0.8979820403591928;-0.0466666666666666;0.0739172391492496
Medium;0.0004399912001759;-0.3166666666666666;-1.775756200950474
Control;0.0004799904001919;-0.7402597402597403;-1.750610405096576
Unknown;0.0033599328013439;-0.7649769585253456;-1.4762166365640312
Control;0.0001999960000799;-0.5333333333333333;-2.533579187765926
Low;0.503469930601388;-0.0857142857142857;-0.2342689344828402
Unknown;0.5763484730305394;-0.2407407407407407;-0.1430936988863526
Unknown;0.6521469570608588;0.2916666666666667;0.2201050730777684
Unknown;0.7059858802823944;-0.173076923076923;-0.1570218131985537
Control;7.999840003199936e-05;-0.9135802469135802;-2.745227550525516
Unknown;0.5359092818143637;0.0314465408805031;0.2839095657119129
Unknown;0.0130797384052318;0.5204081632653061;1.1173178420291014
Control;0.0155996880062398;0.762962962962963;1.1052815167013417
Unknown;0.0617187656246875;-0.34375;-0.8744822117514888
Unknown;0.373912521749565;-0.2993197278911564;-0.3829650626616019
Unknown;0.4888302233955321;-0.1111111111111111;-0.3159261651117494
Unknown;0.0375592488150237;-0.3634085213032581;-0.930138192936248
Unknown;0.0005999880002399;-0.782312925170068;-1.4175503258132087
Unknown;0.1337573248535029;0.392156862745098;0.6484651285618384
Unknown;0.0057998840023199;-0.7801418439716312;-1.631468819389029
Unknown;0.242715145697086;0.1006842619745845;0.3503797219162888
Unknown;0.2116757664846703;0.4;0.5513732520682479
Unknown;0.3017939641207176;-0.1492063492063492;-0.3222145808366186
Unknown;0.5718285634287315;0.1683673469387755;0.2260388236650578
Control;0.7219855602887942;0.125;0.1535883099916801
Unknown;0.0285194296114077;-0.4844444444444444;-1.174298002845992
Unknown;0.0368792624147517;-0.4039362699156513;-0.8426021316509918
Unknown;0.9330613387732244;-0.0072463768115942;0.0316464813275452
Unknown;0.0031599368012639;-0.5507246376811594;-1.8883118540176296
Unknown;0.0423191536169276;0.4876543209876543;0.8843653091963084
Low;3.999920001599968e-05;-0.8478664192949907;-2.1476133032349822
Unknown;3.999920001599968e-05;-0.8639175257731959;-1.8437963423519828
Unknown;0.6832263354732905;0.074074074074074;0.1965401079604911
Unknown;0.0547989040219195;-0.1286764705882352;-0.8084900890952413
Unknown;0.2294354112917741;-0.5816993464052288;-0.5431440301328969
High;0.499790004199916;-0.0317460317460317;-0.2701913164927257
Unknown;0.1722765544689106;-0.3333333333333333;-0.6201303783170496
Unknown;0.1644367112657747;-0.0070921985815602;-1.1549919305097929
Unknown;0.0005999880002399;-0.8740740740740741;-2.010283465402428
Unknown;0.0023199536009279;-0.5880281690140845;-1.3423128176892871
Unknown;0.253354932901342;0.0;-0.4486311328394057
Unknown;0.0005999880002399;-0.6269230769230769;-1.6298176407989962
Unknown;0.0522789544209115;-0.4518518518518518;-0.9777087713014108
Unknown;0.0386392272154556;0.4629629629629629;0.8576995619928728
Unknown;0.8091838163236735;-0.1259259259259259;-0.0766817418051998
Unknown;0.988180236395272;0.3194805194805195;0.0185973672482595
Medium;0.2867542649147017;-0.167487684729064;-0.431592312535581
Unknown;3.999920001599968e-05;-0.8805970149253731;-1.9685141873148744
Unknown;0.624507509849803;0.0077881619937694;0.1577198517567961
Unknown;0.2084758304833903;-0.3115942028985507;-0.5397193198729302
Unknown;0.0036799264014719;-0.5064102564102564;-1.585153805914996
High;0.0003999920001599;-0.6268656716417911;-1.6159547667653746
Low;0.3549929001419971;-0.2177777777777777;-0.4263774549043927
Unknown;0.0510389792204155;-0.2330827067669172;-0.8302144846084577
Control;0.6064278714425712;-0.5;-0.2061016469710874
Unknown;0.0526389472210555;0.391304347826087;0.7482990841954503
Unknown;0.0001599968000639;-0.8723404255319149;-2.227153223412478
Unknown;0.8375432491350173;-0.0408163265306122;-0.0926069347100113
Unknown;0.0080398392032159;-0.5972222222222222;-1.4153352544213176
High;0.3807523849523009;-0.1555555555555555;-0.4197961361407908
Unknown;0.4401511969760605;-0.0493827160493827;-0.3334621347611679
Low;0.0017199656006879;-0.7407407407407407;-1.6083335715488776
Unknown;0.2838743225135497;-0.1275510204081632;-0.4384828230413437
Unknown;0.0004399912001759;-0.8095238095238095;-1.8905250820396349
Low;0.0049599008019839;0.6276881720430108;0.9315070124998774
Medium;3.999920001599968e-05;-0.6491228070175439;-3.2532978947280786
Unknown;0.0012799744005119;-0.7666666666666667;-1.6869423316219472
Unknown;0.0283194336113277;0.6707021791767555;0.8273734962621183
Unknown;0.0520789584208315;-0.7236842105263158;-1.192011759143942
Unknown;0.0088398232035359;0.5106382978723404;1.21364392658512
Low;0.0136797264054718;-0.52734375;-0.9540485090965222
Unknown;0.0299194016119677;-0.5317460317460317;-0.9740102207302443
Unknown;0.0187196256074878;-0.3788235294117647;-0.9012494441238916
Unknown;0.1115177696446071;-0.6066666666666667;-0.758664239546376
Unknown;0.0192796144077118;-0.5333333333333333;-1.211858379552398
Control;0.2387152256954861;0.0761904761904762;0.4781949033418293
Medium;0.1067578648427031;-0.1007751937984496;-0.7367804917556403
Control;0.0420791584168316;0.5345911949685535;0.6978146846506893
Unknown;0.0011199776004479;-0.7777777777777778;-1.6160615927982191
Unknown;0.7739045219095618;0.1555555555555555;0.1602907379681324
Unknown;0.4662706745865083;0.1911111111111111;0.3574668263209467
Control;0.0122397552048959;-0.3333333333333333;-1.2968291168283357
Unknown;3.999920001599968e-05;-0.9433962264150944;-3.12631661261354
Unknown;0.2943941121177576;-0.3155555555555555;-0.5031252725918487
Medium;0.754504909901802;0.0;0.213572045442247
Unknown;0.0055998880022399;-0.6111111111111112;-1.8724406689710749
Unknown;0.5805083898322033;0.1276595744680851;-0.2060782417186955
High;0.0107197856042879;-0.2733333333333333;-1.428377502072244
Unknown;0.4814303713925721;0.2142857142857142;0.2788522864724233
Unknown;0.873342533149337;0.0793650793650793;-0.0458036619873973
Unknown;0.6643067138657227;0.0802469135802469;0.1991555775496135
High;0.2821143577128457;-0.2807017543859649;-0.4689764212677425
Unknown;0.2097558048839023;-0.2;-0.5631539853035545
Unknown;0.0621587568248635;-0.3133802816901408;-1.021536251700497
Unknown;0.0315193696126077;-0.3506493506493506;-1.007164555330344
Medium;0.0037599248015039;-0.4917647058823529;-1.2993465193535654
Unknown;0.618307633847323;0.0225563909774436;0.265324398081771
Unknown;0.1087178256434871;0.3263888888888889;0.6380173541187836
Unknown;0.2927941441171177;-0.3401360544217687;-0.4549181314468023
High;0.0003599928001439;-0.7794486215538847;-1.915532563016522
Unknown;0.124677506449871;-0.3132832080200501;-0.6586408590121244
Unknown;0.7955840883182337;-0.1830985915492957;-0.0731672216482092
Unknown;0.0008799824003519;-0.8321428571428572;-1.5640477695453932
Unknown;7.999840003199936e-05;-0.8639455782312925;-2.333849759929114
Unknown;0.0028799424011519;-0.6122448979591837;-1.6143574786723291
Unknown;0.4333513329733405;-0.1428571428571428;-0.3393107242319961
High;0.0314393712125757;-0.4382716049382716;-0.9870965589094814
Unknown;0.0001999960000799;-0.6921348314606741;-1.5568701538331746
Unknown;0.0015599688006239;-0.8296296296296296;-1.8131364661290448
Low;0.0023999520009599;-0.5785714285714286;-1.1590481528246976
Unknown;0.9339413211735764;-0.0649350649350649;0.0396838247342975
Medium;0.5843483130337394;-0.0752941176470588;-0.1773968250273587
Control;0.0138397232055358;-0.5213675213675214;-0.988416439703642
Low;0.3593928121437571;-0.3777777777777777;-0.4357967050177395
Unknown;0.2753544929101418;-0.0625;-0.4756017104026361
Unknown;0.0443591128177436;-0.5135135135135135;-0.6373968076223966
Unknown;0.1583568328633427;-0.3194444444444444;-0.6575904979218673
Unknown;0.1633167336653267;0.2628205128205128;0.6088691324448793
Control;0.375352492950141;-0.7152777777777778;-0.3896144613698935
Unknown;0.0051198976020479;-0.7391304347826086;-1.4003388859277728
Unknown;0.8101037979240415;-0.0888888888888888;-0.0750190524249675
Unknown;0.0887982240355192;-0.2597701149425287;-0.6425498111670684
Unknown;0.618307633847323;-0.0942028985507246;-0.20388548360718
Control;0.0159596808063838;-0.4705882352941176;-1.0766984652143774
Unknown;7.999840003199936e-05;-0.7657657657657657;-1.5508856390011734
Unknown;0.8590628187436251;-0.1255813953488372;-0.0668579956260279
Low;3.999920001599968e-05;-0.9685534591194968;-4.4430334292977625
Control;0.0271594568108637;0.5035128805620609;0.7809194693187722
Unknown;0.7836243275134497;0.0666666666666666;0.1328139136440517
Unknown;0.0693986120277594;0.397887323943662;0.6156017266019866
Medium;0.0137997240055198;-0.5774647887323944;-1.054531549033184
Medium;0.5164296714065719;0.2088888888888889;0.3184689828778898
Unknown;0.4461510769784604;-0.2034632034632034;-0.2707390820163685
Unknown;0.3318333633327333;-0.238095238095238;-0.3406015364338459
Unknown;0.0201995960080798;-0.644927536231884;-1.0779269832559466
Unknown;0.2757944841103178;0.1736111111111111;0.4687050009180326
Unknown;0.6388672226555469;-0.0303030303030303;-0.1549871007604863
Unknown;0.4161916761664767;-0.0972222222222222;-0.3603914510655609
Unknown;0.0141197176056478;-0.6388888888888888;-1.3960740514272922
Unknown;3.999920001599968e-05;-0.8442028985507246;-2.2362951230706845
Unknown;0.0333193336133277;-0.423963133640553;-0.9162571571806154
Low;0.0096398072038559;-0.7847222222222222;-1.43450591161073
Unknown;0.4593908121837563;-0.2836879432624113;-0.3139433921405312
Control;0.245995080098398;-0.2933333333333333;-0.5063905007708884
Unknown;0.2319953600927981;0.02;-0.5426590855535652
High;0.0007599848003039;-0.5335820895522388;-1.619136352512022
Unknown;0.5277494450110998;-0.0612244897959183;-0.2620194063654758
Unknown;0.2080758384832303;0.0264550264550264;-0.5461197453774559
Unknown;0.0058798824023519;-0.6115384615384616;-1.2475272108352864
Unknown;0.0354792904141917;-0.5763888888888888;-1.0810657351810462
Unknown;0.0177196456070878;-0.4888888888888889;-1.3681056807467364
Unknown;0.0029999400011999;-0.5864197530864198;-1.5569856807839897
Unknown;0.0021199576008479;-0.6333333333333333;-1.3033141091606537
Unknown;0.0046399072018559;-0.6258503401360545;-1.5183669050320234
Unknown;3.999920001599968e-05;-0.9215686274509804;-2.4708145988703825
Unknown;0.251354972900542;-0.3398692810457516;-0.5101999077258083
Unknown;0.4168716625667487;-0.2051282051282051;-0.338471281981645
Unknown;0.0183996320073598;-0.5448717948717948;-1.2162230111451149
Unknown;0.0019199616007679;0.673469387755102;1.3574105183320906
Unknown;0.6211075778484431;0.1632653061224489;0.2341625944465339
Unknown;0.0110797784044319;-0.6153846153846154;-1.456852339157326
Unknown;0.0182396352072958;0.5886524822695035;1.1867675711572825
Low;0.0237995240095198;-0.2836879432624113;-1.277041838688327
Unknown;0.0546789064218715;-0.4861111111111111;-0.895341472682817
Unknown;0.0153596928061438;-0.2083333333333333;-1.5541040478367876
Unknown;0.0806783864322713;-0.5777777777777777;-0.8594629215973867
Unknown;0.1271974560508789;-0.1111111111111111;-0.7636979944692505
Unknown;0.3129537409251815;0.4347826086956521;0.3175208990242152
Control;0.4882702345953081;-0.0857142857142857;-0.1803405982918582
Unknown;0.2853542929141417;-0.2480620155038759;-0.4726789529769566
Unknown;0.0137197256054878;-0.5690072639225182;-1.1716059805221424
Unknown;0.0811583768324633;-0.4528301886792453;-0.8993216696550159
Unknown;0.2788744225115497;0.4779874213836478;0.4459691150895405
Unknown;0.3943121137577248;0.28;0.3683648644703922
Control;0.5460690786184277;-0.3401639344262295;-0.2095682662151474
Unknown;0.0971980560388792;-0.5277777777777778;-0.7623339165862343
Unknown;0.0521989560208795;-0.6190476190476191;-0.8873908324573394
Unknown;0.1480370392592148;-0.4532019704433497;-0.6245849710058293
Unknown;0.1820763584728305;0.2767295597484276;-0.7689029163244778
Low;0.0145597088058238;0.4567901234567901;0.4780739205761546
High;3.999920001599968e-05;-0.8985507246376812;-2.5626641619246424
Unknown;0.8613027739445211;0.019047619047619;0.1063231498976762
Unknown;0.2110757784844303;0.2448979591836734;0.5553749342328161
Unknown;0.0013999720005599;-0.7708333333333334;-1.873367700067516
Control;0.0296394072118557;-0.3241758241758242;-0.923645480127635
Unknown;0.4657906841863162;0.4536340852130325;-0.2229453547767489
Unknown;0.5265094698106038;-0.1041666666666666;-0.2697445469957444
Unknown;0.1709565808683826;0.2448979591836734;0.5724629510653082
Unknown;0.0013599728005439;-0.7166085946573751;-1.1679800870069503
Unknown;0.0028399432011359;-0.572562358276644;-0.9157542280375558
Unknown;0.0035199296014079;-0.5681818181818182;-1.3318512318479871
Control;0.0055598888022239;-0.5734939759036145;-0.9256860687657208
Control;0.0856782864342713;0.1884615384615384;0.5942997803230043
Unknown;0.0087598248035039;0.5898617511520737;1.1307489639195352
Unknown;0.0297594048119037;-0.5644444444444444;-1.101848958886445
Unknown;0.126557468850623;-0.4077922077922078;-0.5417040469731779
Unknown;0.0757984840303194;-0.5037037037037037;-0.7942649599254025
Unknown;0.0894782104357912;-0.4363636363636363;-0.8565704995255928
Low;0.0147997040059198;-0.6143790849673203;-1.3495946322078418
Low;7.999840003199936e-05;-0.7973856209150327;-2.463698740969184
Unknown;0.1431571368572628;-0.0204081632653061;-0.6941828968302424
Low;0.0052398952020959;-0.68359375;-1.206598449756662
Unknown;0.0010799784004319;-0.7354497354497355;-1.4409759791401362
Unknown;0.0823983520329593;-0.4468085106382978;-0.7575057590532643
Unknown;0.983940321193576;-0.1466666666666666;0.0497846103881823
Unknown;0.0095598088038239;-0.7511111111111111;-1.5560973414504675
Unknown;0.5108297834043319;-0.2757352941176471;-0.2430136733014519
Unknown;0.0159196816063678;-0.5185185185185185;-1.307397254378616
Low;0.121397572048559;-0.3155555555555555;-0.6147582235766534
Unknown;0.0829183416331673;0.3451851851851852;0.6085035998187163
Unknown;0.878822423551529;0.2463768115942029;-0.0321122722306356
Low;0.1109177816443671;-0.5822222222222222;-0.7785701576524422
Unknown;0.1801163976720465;-0.4311111111111111;-0.6585730351160201
Control;0.874222515549689;-0.048780487804878;0.0792891371916367
Unknown;0.0032799344013119;-0.6028368794326241;-1.5863767278433938
Low;0.0049199016019679;-0.612590799031477;-1.2961666203353033
Unknown;0.1030379392412151;-0.2888888888888888;-0.9543126767043264
Unknown;0.9817003659926802;0.0434782608695652;0.0345408549311555
Unknown;0.0143597128057438;-0.3955555555555555;-1.5783468921593322
Unknown;0.6506669866602668;0.0184331797235023;-0.1588931361855856
Unknown;0.0330793384132317;-0.5797101449275363;-1.075164715803383
Unknown;0.3319933601327973;0.0148148148148148;-0.4286701704367138
Unknown;0.0175996480070398;0.5777777777777777;0.8883329040323027
Unknown;0.4190316193676126;-0.3544973544973545;-0.3229314701053496
Control;0.5476290474190516;-0.1568627450980392;-0.2516668157181955
Unknown;0.1626367472650547;-0.4791666666666667;-0.6369863981691197
Unknown;0.3350332993340133;-0.18;-0.4307829919522105
Unknown;0.2385152296954061;0.4516129032258064;0.4679150515943637
Unknown;0.0633987320253594;-0.3015873015873015;-0.8265092120657236
Unknown;0.7352252954940901;0.0222222222222222;0.2125958269111387
Unknown;0.0002399952000959;-0.7753623188405797;-2.106948651629267
Medium;0.5638687226255474;-0.1933333333333333;-0.2486636633275771
Unknown;0.0010399792004159;-0.6792452830188679;-2.129738031620482
Unknown;0.497270054598908;0.2898550724637681;0.315987283345099
Unknown;0.0700785984280314;-0.5333333333333333;-0.8640785023428613
Unknown;0.0067598648027039;0.6159420289855072;0.979106674823668
Unknown;0.1853962920741585;0.1735537190082644;0.4147388762628033
Medium;0.0535589288214235;-0.3333333333333333;-1.05522381244401
Unknown;0.4079518409631807;-0.2777777777777778;-0.3613287397516384
Control;0.3847923041539169;0.1702127659574468;0.376605409545147
Unknown;0.1637967240655186;0.3653846153846153;0.5776365152891965
Unknown;0.5453490930181396;0.1739130434782608;0.2795104935756692
High;0.7043859122817544;-0.0217391304347826;0.163521795754901
Medium;0.0003599928001439;-0.7866666666666666;-2.0426951643744404
Unknown;0.1345973080538389;0.065359477124183;-0.8006169988147386
Unknown;0.125437491250175;0.4183006535947712;0.639653543957424
High;0.3016339673206535;-0.2028985507246377;-0.456226738769432
Unknown;0.0013599728005439;-0.7692307692307693;-1.3192198618550033
Unknown;0.0420391592168156;-0.5815602836879432;-0.9675973752772926
Unknown;0.0026399472010559;-0.6938775510204082;-1.3057217178794749
Unknown;0.0169996600067998;-0.4236111111111111;-1.4595234044335843
Unknown;0.3993520129597408;-0.2575757575757575;-0.2645256611998083
Unknown;0.241915161696766;0.2291666666666666;0.5154216398442163
Unknown;0.0001199976000479;-0.7610389610389611;-2.550474616811361
Unknown;0.0232795344093118;-0.0549242424242424;-0.9184635898268808
Unknown;0.4729905401891962;0.2903225806451613;0.2914215880183008
Unknown;0.0281194376112477;-0.5639097744360902;-0.9476358823059322
Unknown;0.0001199976000479;-0.8368794326241135;-2.2281873277817468
Control;0.2904741905161896;0.226950354609929;0.3840613021962639
Unknown;0.0003599928001439;-0.5703125;-1.8959450622469851
Unknown;0.0566788664226715;0.2040816326530612;-1.1543161973610432
Unknown;0.2889942201155976;-0.6304347826086957;-0.4967303615163083
Unknown;0.0097998040039199;-0.7511111111111111;-1.4806913631504806
Unknown;0.0187196256074878;-0.6098484848484849;-0.9775357729124892
Unknown;0.2303553928921421;0.2971014492753623;0.5302541392632706
Unknown;0.1447571048579028;-0.5434782608695652;-0.6684870740940757
Medium;0.7306653866922661;0.4471992653810835;0.1432497701103805
Unknown;0.0055198896022079;-0.3834586466165413;-1.6086266234955229
Unknown;0.0009199816003679;-0.6161971830985915;-1.2502905436255691
Unknown;0.9135417291654166;0.0507246376811594;0.042341801957287
Low;3.999920001599968e-05;-0.9703703703703704;-4.059273106941562
Unknown;0.0047599048019039;-0.6239316239316239;-1.269786310068742
Medium;0.9420611587768244;-0.0628571428571428;0.0487609057722477
Unknown;0.983020339593208;0.0857142857142857;0.008311943528918
Unknown;0.8266634667306654;-0.1194968553459119;-0.0718047487163573
Unknown;0.0140797184056318;-0.6305418719211823;-1.1736579383473
Unknown;0.117957640847183;0.0170731707317073;-0.5599621999518097
Unknown;0.0044399112017759;-0.6086956521739131;-1.942387250398611
Control;0.113557728845423;-0.0454545454545454;-0.8566562843632842
Control;0.0003199936001279;-0.7111111111111111;-1.8842169251608671
Unknown;0.116077678446431;0.3790849673202614;0.6577805410302529
Unknown;0.5787884242315153;0.1496598639455782;0.2543220313103376
Unknown;0.4337913241735165;0.3271604938271605;0.3513614243573248
Unknown;0.4302313953720925;0.3095238095238095;0.4216767455915059
Unknown;0.8873422531549369;0.16;0.0004900488423067
Unknown;0.4149517009659806;0.2164502164502164;0.3379076419921205
Medium;0.0021999560008799;-0.7155555555555555;-1.570374764137449
Unknown;0.2809943801123977;-0.0649350649350649;-0.4467405251824328
Control;0.2180356392872142;0.3095238095238095;0.4915689382062945
Unknown;0.1732765344693106;-0.2767295597484276;-0.5995883558377156
Medium;0.4496710065798684;-0.3142857142857143;-0.2336696030984525
Unknown;0.9479010419791604;0.0816326530612244;0.0411510926294406
Unknown;0.4033119337613248;0.037037037037037;-0.3453587363809873
Low;3.999920001599968e-05;-0.8849498327759198;-3.179637672853717
Unknown;0.0155196896062078;-0.8333333333333334;-1.100513849313649
Medium;0.0217995640087198;-0.5318518518518518;-0.900112050132179
Unknown;0.0027599448011039;-0.7063492063492064;-1.1919072830342408
Unknown;3.999920001599968e-05;-0.82;-1.8747130153012677
Unknown;0.0058398832023359;-0.5057369814651368;-1.0784985128386964
Unknown;0.1283174336513269;-0.4255663430420712;-0.4766950529316487
Control;0.5546289074218516;-0.2569444444444444;0.1933872184947818
Unknown;0.0653586928261434;-0.2888888888888888;-0.9221251811571312
Unknown;0.0823583528329433;-0.5813953488372093;-0.8664742725077135
Unknown;0.6157076858462831;0.0962962962962963;0.2293475944281892
Unknown;0.0206395872082558;-0.3407407407407407;-0.9353138938939936
Unknown;0.0007199856002879;-0.7619047619047619;-1.7979803764745952
Unknown;0.0049999000019999;-0.4133333333333333;-1.867405591997181
Unknown;0.0151196976060478;-0.5;-1.28041444644001
Control;0.3474330513389732;-0.2066666666666666;-0.4102151227274171
Unknown;0.5230295394092118;-0.3784461152882205;-0.2359870415299849
Unknown;0.1130377392452151;-0.2092352092352092;-0.6280734375188992
Unknown;0.2855142897142057;0.1266666666666666;0.4654960432138897
Unknown;0.0117997640047199;-0.2839506172839506;-1.573147130776703
Low;0.5725085498290035;0.0488888888888888;0.3086161717859603
Unknown;0.877262454750905;0.008695652173913;0.0809003336872665
Unknown;0.4824703505929881;-0.2481203007518796;-0.281526634110628
Unknown;0.0304393912121757;-0.5942028985507246;-1.1882243613767196
Unknown;0.7934241315173697;-0.0709219858156028;-0.1056556340404673
Unknown;0.0268394632107357;-0.674074074074074;-1.0733907493392452
Unknown;0.0031999360012799;-0.7481481481481481;-1.4289000726873984
Unknown;0.8373832523349533;0.0921985815602836;-0.0888664775517769
Unknown;0.6070278594428111;0.2148148148148148;0.2354539118211074
Unknown;0.0627187456250875;-0.3915343915343915;-0.8945908223344841
Unknown;0.7655046899062019;0.0434782608695652;0.1403964527138814
Unknown;0.0259594808103837;-0.6440281030444965;-0.9447940111321
Unknown;0.0071198576028479;-0.5902777777777778;-1.5914076109434163
Unknown;0.0098798024039519;-0.582010582010582;-1.1354082330841169
Unknown;0.115677686446271;-0.3962264150943396;-0.7138058205466242
Unknown;0.0613587728245435;-0.4964539007092198;-0.8366337988694782
Unknown;0.7415051698966021;-0.074074074074074;-0.1338498622812063
Unknown;0.0193996120077598;-0.5948051948051948;-1.1716782568981905
Unknown;0.0692386152276954;-0.3333333333333333;-1.0021334529070849
Unknown;0.3067538649227015;0.0753246753246753;-0.3934247833020878
Unknown;0.9384212315753684;0.0884353741496598;0.0428389196991366
Unknown;0.0029199416011679;-0.8405797101449275;-1.603346627717603
Unknown;0.0021599568008639;0.7391304347826086;1.463242583869016
Medium;0.0002399952000959;-0.7615384615384615;-2.1063228110526904
Unknown;0.9008219835603288;-0.0992907801418439;-0.0327128462137299
Unknown;0.1390372192556148;-0.2955974842767295;-0.6749584046773803
Medium;3.999920001599968e-05;-0.8434547908232118;-2.1792773229230327
Unknown;0.0545589088218235;-0.1568627450980392;-1.174318380996351
Unknown;3.999920001599968e-05;-0.7210884353741497;-2.5387120692095246
Unknown;0.1050778984420311;-0.0980392156862745;-0.833657880386523
High;0.6710665786684267;0.0903703703703703;0.1792372597119913
Control;0.2373152536949261;-0.2694444444444444;-0.4372861443772829
Unknown;0.0001599968000639;-0.8050314465408805;-2.5587726763870933
Unknown;0.0139997200055998;-0.4705882352941176;-1.3185579174914048
Unknown;0.0005999880002399;-0.9022222222222224;-2.2636147106296747
Unknown;0.0042399152016959;-0.4813432835820895;-1.3757567039797698
Unknown;0.2023559528809423;-0.1636363636363636;-0.5417130725201109
Unknown;0.2987940241195176;0.18;0.4494862343231167
Control;0.0003999920001599;-0.7597402597402597;-1.5049484487809468
Unknown;0.0017999640007199;-0.5407407407407407;-1.854755107211872
Unknown;0.0927181456370872;-0.4338624338624338;-0.7373145295489003
Unknown;0.1953560928781424;-0.4888888888888889;-0.5847380421976508
Unknown;0.4574308513829723;0.0354609929078014;-0.3168096335086738
Unknown;0.8213035739285214;0.0354609929078014;0.1494149475697701
Unknown;0.0877982440351193;-0.42;-0.9554913923810188
Low;0.0868382632347353;-0.3990147783251231;-0.7298317902546071
Unknown;3.999920001599968e-05;-0.935483870967742;-2.5508076298026565
Low;0.0026399472010559;-0.7124183006535948;-1.4280654785303946
Unknown;0.0133197336053278;-0.5897435897435898;-1.4783179085448834
Unknown;0.1941161176776464;0.3866666666666666;0.5867681607131479
Unknown;0.376952460950781;0.1976744186046511;0.4678017797309198
Control;0.0672786544269114;-0.4074074074074074;-0.7774882331008053
Low;0.0194396112077758;-0.6977777777777778;-1.4223940036581395
Unknown;0.0363192736145277;-0.144927536231884;-1.0380715976865276
Control;0.0563588728225435;-0.6;-0.8915769363080627
Unknown;7.999840003199936e-05;-0.4992592592592592;-2.093560335944401
Unknown;0.3282334353312934;-0.3877551020408163;-0.4217829614178321
Unknown;0.0723185536289274;0.4551282051282051;0.7687457717602764
Unknown;0.0303193936121277;-0.3644859813084112;-0.7387690258436668
Unknown;0.4589908201835963;0.6122448979591837;0.3323674313916385
Unknown;0.0970380592388152;-0.3784461152882205;-0.7164634232244514
Unknown;0.7647047059058819;0.3422222222222222;0.1735515555285806
Low;0.0680786384272314;-0.5;-0.8898599761626301
Control;0.0198796024079518;-0.5578231292517006;-1.1007445174298478
Unknown;0.0011199776004479;-0.6156156156156156;-1.369369415007814
Unknown;0.2540749185016299;0.2916666666666667;0.5002257197091381
Unknown;0.0028399432011359;-0.8553459119496856;-1.6152920218678046
Unknown;0.5256694866102678;-0.1944444444444444;-0.2682030787424643
Unknown;0.0239995200095998;0.5694444444444444;0.838795954044116
Unknown;0.0717585648287034;-0.4202898550724637;-0.8475693997010529
Low;0.0127597448051038;-0.3244444444444444;-1.8702408442009848
Unknown;0.7801443971120577;0.0816326530612244;-0.0646546173877855
Control;0.0019999600007999;-0.4074074074074074;-1.816775177217018
Unknown;0.0017599648007039;-0.7463768115942029;-2.035810900466139
Low;0.0008799824003519;-0.8441558441558441;-1.6141721625444525
Unknown;0.0248795024099518;0.4618055555555556;0.6298110530117864
Unknown;0.8513029739405212;0.1111111111111111;-0.0778182512995788
Unknown;0.4015119697606047;-0.0680272108843537;-0.3587485927628341
Unknown;0.2581148377032459;0.1938775510204081;-0.471277640465647
Unknown;0.0189596208075838;-0.8368794326241135;-1.3877369210424164
Medium;0.0016799664006719;-0.8043478260869565;-2.1053303557171223
Unknown;0.0354392912141757;-0.2431077694235588;-0.9647813335334412
Unknown;0.3246735065298694;-0.3725490196078431;-0.4127144287174821
Unknown;0.122437551248975;0.4468085106382978;0.6857079219921343
Unknown;0.4756704865902681;-0.1871921182266009;-0.2742748558640678
Low;0.6929461410771784;-0.1214285714285714;-0.120548261383001
Unknown;0.367512649747005;-0.0296296296296296;-0.3913922702550088
Unknown;0.1034779304413911;-0.0224719101123595;-0.6279931665427733
Medium;3.999920001599968e-05;-0.6977777777777778;-1.5532036287537856
Unknown;0.1447171056578868;0.2653061224489796;0.6038903327243086
Unknown;0.0584388312233755;-0.1818181818181818;-0.7539463996452859
Unknown;0.6145477090458191;-0.0576923076923076;-0.2064682442855447
Unknown;0.0067998640027199;-0.5133333333333333;-1.5949986802136216
Unknown;0.0986780264394712;-0.2;-0.9751926521656936
Unknown;0.1613167736645267;-0.5714285714285714;-0.6736282003162308
Control;0.2082758344833103;-0.427906976744186;-0.4297432735409239
Low;0.3461930761384772;-0.2087912087912088;-0.297411390391606
Unknown;0.3537129257414851;0.1972789115646258;0.4065574008628707
Unknown;0.7845843083138337;-0.0705128205128205;-0.1267376681459352
Unknown;0.1923961520769584;-0.3333333333333333;-0.5620474054424137
Unknown;0.0265194696106077;-0.5673758865248227;-1.042690439577682
Unknown;3.999920001599968e-05;-0.935897435897436;-3.08951810319171
Low;0.490030199396012;-0.0255102040816326;0.2804110473748314
Unknown;0.0802783944321113;-0.4887218045112781;-0.7507451544035291
Unknown;0.2663546729065418;-0.1911111111111111;-0.5451520969008805
Low;0.0403591928161436;-0.5037037037037037;-0.9613868599417214
Unknown;0.114557708845823;0.3922077922077922;0.6325700272797897
Control;0.8294234115317694;0.0780141843971631;0.1149208942002747
Unknown;0.6745865082698346;-0.0816326530612244;0.1743882518743804
Unknown;0.0078398432031359;-0.6;-1.4330299587153434
Medium;0.0220795584088318;-0.2757352941176471;-1.1231645473864924
Low;0.3828323433531329;-0.1698113207547169;-0.3751217008872625
Unknown;0.2269954600907981;0.1241830065359477;-0.5468985624445745
Unknown;0.7737845243095138;0.2340425531914893;0.1827885238764713
Unknown;0.5262294754104918;-0.0133333333333333;-0.2700960515241916
Unknown;0.1385172296554069;0.4666666666666667;0.6909008619387803
Unknown;0.0080798384032319;-0.4855072463768116;-1.7068248236041728
Control;0.3015139697206055;-0.3081761006289308;-0.4529203939591855
Unknown;0.0019999600007999;-0.0668202764976958;-1.0470343930190436
Low;0.6145877082458351;-0.2628205128205128;-0.0952872652051969
Unknown;0.5988680226395472;0.0902777777777777;0.2195023596745836
Unknown;0.7374252514949701;-0.0507246376811594;0.1267371552884768
Low;0.0007999840003199;-0.5117056856187291;-1.1584557547731065
Unknown;0.2674346513069738;-0.1295938104448742;-0.3579345378593919
Unknown;0.8206235875282495;0.237037037037037;-0.048919009246515
Low;3.999920001599968e-05;-0.9116883116883115;-3.1706597218537853
Medium;0.0359192816143677;-0.6231884057971014;-1.060026298633712
Unknown;0.0916781664366712;0.4968553459119497;0.7752530491382083
Unknown;0.0766784664306713;-0.3244444444444444;-0.9986957469379194
Control;0.0315593688126237;-0.6041666666666666;-1.0140404271397423
Low;0.0420391592168156;0.4857142857142857;0.8851020962807897
Unknown;0.3432331353372932;0.2515723270440251;0.39402640714555
Unknown;0.0582388352232955;-0.5374149659863946;-0.8160982410657669
Unknown;0.1601567968640627;-0.2653061224489796;-0.5889277189222546
Medium;0.0053198936021279;-0.4444444444444444;-1.5370411397150316
Control;0.123677526449471;-0.4285714285714285;-0.6200354484796176
High;0.4127517449651007;0.094017094017094;0.2469134939241259
Unknown;0.4706305873882522;0.2971014492753623;0.3077965550139402
Unknown;0.2231555368892622;-0.1477272727272727;-0.3938456069771534
Unknown;0.0575988480230395;-0.3611111111111111;-0.7975689259092845
Unknown;0.5603087938241235;-0.0851063829787234;-0.227978257280405
Unknown;0.0710785784284314;-0.4629629629629629;-0.8923688336650515
Unknown;0.1518769624607507;-0.6;-0.7512492194490699
Control;0.1351172976540469;0.2335600907029478;0.5494883647675036
Unknown;0.0651586968260634;0.4933333333333333;0.8477428988944109
Low;7.999840003199936e-05;-0.6203703703703703;-1.4770075944162189
Unknown;0.4148317033659326;0.1023809523809523;-0.2523797867638458
Unknown;0.1811963760724785;0.2753623188405797;0.6000441754444209
Low;3.999920001599968e-05;-0.8857142857142857;-2.5331788682275
High;0.0004399912001759;-0.6533333333333333;-2.352650934796503
Unknown;0.0003599928001439;-0.5443037974683544;-1.5425539203204663
High;0.5439491210175796;-0.1180555555555555;-0.241480013665378
Low;0.0219195616087678;-0.8580246913580247;-1.2515528480782878
Unknown;7.999840003199936e-05;-0.8260869565217391;-2.0484371962985226
Unknown;0.4503909921801564;-0.0563165905631659;-0.2659115447760344
Unknown;0.122637547249055;-0.0814814814814814;-0.7673877204779289
Unknown;0.6923461530769385;0.0992907801418439;0.1811417923002972
Unknown;0.0633587328253434;-0.1916666666666666;-0.5525356664695021
Unknown;0.747305053898922;0.0555555555555555;0.1638429846296364
Unknown;0.1995560088798224;0.3209876543209876;0.5375277221586288
Unknown;3.999920001599968e-05;-0.915032679738562;-2.525629622775711
Unknown;0.0003999920001599;-0.7980769230769231;-1.459241796471502
Unknown;0.1289974200515989;0.0444444444444444;-0.7365701910105175
Unknown;0.0010799784004319;-0.8707482993197279;-2.138170803485816
Unknown;0.119557608847823;-0.73;-0.8596275765894374
Low;0.4899902001959961;0.2489795918367346;0.3465301101665132
Unknown;0.0735185296294074;-0.5217391304347826;-0.7648106362934348
Unknown;0.1826363472730545;-0.12;-0.7515180550216687
Unknown;0.5423091538169237;-0.30078125;-0.2092544530941615
Unknown;0.0014399712005759;-0.7638888888888888;-1.990170699517788
Unknown;0.0782784344313113;-0.3636363636363636;-0.8886087753107238
Unknown;0.0483590328193436;0.5106382978723404;0.7332487472251191
Unknown;0.9327813443731126;-0.0814814814814814;-0.0163852176628902
Unknown;0.0713585728285434;-0.4577777777777778;-0.9333945521487618
Unknown;0.0819983600327993;-0.5022222222222222;-0.8864448651052022
Unknown;0.0053598928021439;-0.4320987654320987;-1.3309854607791252
Control;0.0031999360012799;0.6122448979591837;1.4281286241511455
Unknown;0.2384752304953901;0.3704600484261501;-0.501522550632135
Control;3.999920001599968e-05;-0.8751902587519026;-2.578489779641403
Unknown;0.6680266394672106;-0.3484848484848485;-0.0172143153731776
High;7.999840003199936e-05;-0.6923076923076923;-1.4628112505305224
Unknown;0.0438391232175356;-0.5911111111111111;-1.3552289094778591
Medium;0.1579568408631827;-0.1244239631336405;-0.6009511433886562
Unknown;0.0291194176116477;-0.375;-0.982393509301714
Unknown;0.0200795984080318;0.1567656765676567;-0.9030648873720846
Unknown;0.0195196096078078;-0.0634920634920634;-1.4776985173661423
Control;0.0002799944001119;-0.5802469135802469;-1.2351516202396735
Medium;0.0035599288014239;-0.6492537313432836;-1.3106075654282316
Unknown;0.7131857362852743;0.1631205673758865;0.1726885417788772
Unknown;0.9724205515889682;0.6;0.0727604694778364
Unknown;0.0143197136057278;-0.4140625;-1.0846381079795286
Unknown;0.995060098798024;0.1134751773049645;-0.0293816819918576
Unknown;0.8613027739445211;-0.1134751773049645;-0.0460675778130646
Unknown;0.0013999720005599;-0.6401515151515151;-1.197458062706805
Unknown;0.0371192576148477;-0.6470588235294118;-1.035844429243961
Unknown;0.0018399632007359;-0.7209302325581395;-1.7383439836882997
Unknown;0.0905181896362072;-0.5192307692307693;-0.727707529460055
Unknown;0.1950760984780304;-0.4851851851851851;-0.4880648860664446
Unknown;0.0191996160076798;-0.1304347826086956;-1.605551746332715
Unknown;0.0299194016119677;-0.68;-1.3323186615631473
Unknown;0.5089098218035639;-0.0612244897959183;-0.2512972456995701
Unknown;0.2607547849043019;0.2777777777777778;-0.47381152863013
Unknown;0.5843083138337233;0.0136054421768707;-0.2255267733966653
Unknown;0.0638787224255515;-0.4027777777777778;-0.8755458596511891
Unknown;0.1901161976760464;0.2971014492753623;0.5636907064130793
Low;0.0020399592008159;-0.7575757575757576;-1.3839737875304725
Unknown;0.0001599968000639;-0.8607142857142858;-2.034610859159535
Unknown;3.999920001599968e-05;-0.7295918367346939;-2.743299630292244
Unknown;0.5197096058078838;0.1407407407407407;-0.2483168765453191
Unknown;0.4134717305653887;-0.1733870967741935;-0.3031231248051592
Unknown;0.378672426551469;-0.4876543209876543;-0.3718174581709951
Unknown;0.0989980200395992;-0.3778801843317972;-0.6785635379707773
Unknown;0.0032799344013119;-0.6711111111111111;-1.8493114549480956
Unknown;0.1949961000779984;-0.3015873015873015;-0.5462769838617536
Low;0.5159896802063959;0.0533333333333333;0.3154815078097368
Unknown;0.8423831523369533;0.0666666666666666;0.1101388830650762
Unknown;0.0025599488010239;-0.4035087719298245;-1.701226966591827
Unknown;0.0119997600047999;-0.2810810810810811;-1.0753624595265614
Unknown;0.1691166176676466;-0.3688888888888889;-0.7065405533605483
Unknown;0.8094238115237695;-0.0869565217391304;-0.1081493841219441
Unknown;0.0394792104157916;0.6622222222222223;1.036186633256364
Unknown;0.0031599368012639;-0.5277777777777778;-1.7378734387443684
Unknown;0.0055198896022079;-0.17;-1.108769255132918
Unknown;0.8223035539289214;0.0222222222222222;-0.0622539561816935
High;0.0086398272034559;-0.4554216867469879;-0.9011270636620377
Unknown;0.7719845603087938;-0.0148148148148148;-0.1226683325462125
Unknown;0.9394212115757684;0.0847457627118644;0.0348403001848775
Unknown;0.0546789064218715;-0.6428571428571429;-0.8917766424838094
Unknown;0.6067078658426831;0.1525423728813559;-0.1830438002947134
Low;0.1563968720625587;-0.3181818181818182;-0.5352421108366201
Medium;0.3654726905461891;-0.3846153846153846;-0.3886660241778314
Unknown;0.0378792424151517;-0.4311111111111111;-1.0542222197617757
Unknown;0.0062798744025119;-0.7042606516290727;-1.32464726943183
Unknown;7.999840003199936e-05;-0.8181818181818182;-2.986169243562572
Unknown;0.0015599688006239;-0.7222222222222222;-1.4451037620804597
Unknown;0.1689566208675826;-0.2901234567901234;-0.5454305355074088
Control;0.4502309953800924;0.1171171171171171;0.2735612637190644
Unknown;0.7240655186896262;0.1836734693877551;0.1441838792421132
Control;0.0011199776004479;-0.8395061728395061;-1.5123472076112914
Unknown;0.8892114175133043;0.2026143790849673;0.110870109140689
Unknown;0.0125997480050399;-0.25;-1.1234190801322186
Unknown;0.7035459290814183;0.1007751937984496;0.2311829233649104
Unknown;0.0944381112377752;-0.3826530612244898;-0.6882682419062337
Unknown;0.3841123177536449;-0.1354166666666666;-0.2875411892374693
Unknown;0.246555068898622;0.3469387755102041;0.5115090275313194
Unknown;0.8815823683526329;0.0344827586206896;0.0650381810555333
Unknown;0.4608307833843323;-0.3061224489795918;-0.2669923624039731
Medium;0.0068398632027359;-0.4188861985472155;-0.993921258925506
Unknown;0.7712645747085058;-0.0432098765432098;0.1476415232495597
Low;0.0001599968000639;-0.6666666666666666;-1.511129376881302
Unknown;0.627667446651067;0.0816326530612244;0.17925669990534
Unknown;0.0002799944001119;-0.927536231884058;-2.5818333845225685
Unknown;0.0153996920061598;-0.3777777777777777;-1.1194155026753887
Low;0.126037479250415;-0.3466666666666667;-0.7028052576695852
High;0.0033599328013439;-0.5783582089552238;-1.4621715905224182
Unknown;0.0089598208035839;-0.3333333333333333;-1.811461145057868
Unknown;0.5316526610644258;0.3535353535353535;0.4525516705974244
Unknown;0.0819183616327673;-0.4375;-0.7474077917794177
Unknown;0.8677426451470971;-0.3244444444444444;-0.0112591476697145
Unknown;0.0042799144017119;-0.803921568627451;-1.7057079674336044
Medium;7.999840003199936e-05;-0.891156462585034;-2.6702724551559687
Unknown;0.0463990720185596;-0.5377777777777778;-1.012353949440023
Unknown;0.8137837243255135;-0.0217391304347826;0.1233891855373215
Unknown;0.0342393152136957;-0.5376623376623376;-1.0085760850798648
Low;0.0580788384232315;-0.3541666666666667;-0.9677037563683304
Unknown;0.996860062798744;-0.0666666666666666;0.0929951645310448
Medium;7.999840003199936e-05;-0.6464285714285715;-1.7775058709770166
Unknown;0.0088398232035359;-0.725925925925926;-1.4362648108348002
Medium;0.0060798784024319;-0.6086956521739131;-1.555918014682526
Unknown;0.1562368752624947;-0.4609929078014184;-0.6404022054128918
Unknown;0.0018799624007519;-0.7318840579710145;-1.741958603754071
Unknown;0.0001599968000639;-0.6727272727272727;-1.5053375900980563
Unknown;0.2653546929061419;-0.2230576441102756;-0.4389843489263175
Unknown;0.1034779304413911;-0.4184397163120567;-0.7463477111914727
Unknown;0.0158796824063518;-0.4015151515151515;-1.0611828548823818
Unknown;0.0783984320313593;-0.2740740740740741;-0.9590337826647072
Unknown;0.6291074178516429;-0.1773049645390071;-0.2141174402291205
Unknown;0.98790024199516;0.0522875816993464;-0.0195147161935244
Unknown;0.2679546409071818;0.2177777777777777;0.5309770821435541
Unknown;0.1528769424611507;0.3866666666666666;0.6751109990016944
Unknown;0.0007199856002879;-0.7185185185185186;-2.032363109090034
Unknown;0.0042399152016959;-0.3109243697478991;-0.9399771246678638
Unknown;0.1763564728705426;-0.3955555555555555;-0.677721815913164
Unknown;0.2108757824843503;-0.4420289855072464;-0.5546033296344951
Unknown;0.9680206395872084;0.0337662337662337;0.0374473858496611
Unknown;0.0005999880002399;-0.75;-2.398172558306697
Unknown;0.0065598688026239;-0.4892857142857142;-1.3250806242223536
Unknown;0.0884782304353913;-0.4438775510204081;-0.7293157854589939
Medium;0.0001599968000639;-0.8627450980392157;-2.290771519890712
Unknown;0.9605407891842164;0.3401360544217687;0.1157565657351386
Unknown;3.999920001599968e-05;-0.6444444444444445;-1.961560885929811
Low;0.0463990720185596;-0.631578947368421;-0.9964630292684328
Unknown;0.0916781664366712;-0.1111111111111111;-0.8028486292404521
Medium;0.0196796064078718;-0.5305555555555556;-0.9062219913150612
Unknown;0.0243632336655592;-0.8780487804878049;-2.0362520122507424
Unknown;0.4747905041899162;0.1286764705882352;0.2743620183462916
Unknown;0.0204795904081918;-0.3971631205673759;-1.2462722073270964
Unknown;0.0001199976000479;-0.8695652173913043;-2.1520579242627456
Low;0.7140257194856103;-0.5622119815668203;-0.0589864728878353
Unknown;0.752664946701066;0.0746987951807229;0.1103688804942523
Unknown;0.0163196736065278;-0.7074829931972789;-1.2404763930693414
Unknown;0.1859962800743985;-0.4488888888888889;-0.6659616150532514
Unknown;0.0666386672266554;0.3819444444444444;0.7818814447246228
Unknown;0.8079038419231616;0.0666666666666666;0.1183901785476598
Unknown;0.0414791704165916;-0.6382978723404256;-1.0782436427469164
Unknown;0.8551828963420731;0.0717703349282296;0.0775477641243201
Unknown;0.2153956920861582;-0.1428571428571428;-0.5753173287847855
Unknown;0.0006399872002559;-0.6507936507936508;-1.8913329385852689
Unknown;0.0006399872002559;-0.7872340425531915;-1.558936890531433
Control;0.2373952520949581;0.1666666666666666;-0.5966117666234587
Control;0.0097198056038879;-0.5714285714285714;-1.1152007360280276
Medium;3.999920001599968e-05;-0.9506172839506172;-3.413590038456381
Unknown;0.0994380112397752;-0.5277777777777778;-0.8051541854891563
Unknown;0.7320653586928262;0.1022222222222222;0.1651284637323711
Unknown;0.7749445011099778;0.0888888888888888;0.1389596772042672
Control;0.0069198616027679;0.66;0.9306202081395516
Control;0.4587108257834843;-0.2100840336134453;-0.2864712597083779
Low;0.1963160736785264;-0.2916666666666667;-0.5704401563751448
Unknown;0.0001199976000479;-0.6666666666666666;-2.8995771523849294
Unknown;0.0035199296014079;-0.6533333333333333;-1.9638798906952173
Unknown;0.0021199576008479;-0.5639097744360902;-1.562358732983844
Unknown;0.0226795464090718;-0.4285714285714285;-1.194949896836452
Unknown;0.3003139937201255;-0.1896103896103896;-0.4193554139823034
Unknown;0.4150716985660286;0.0915032679738562;-0.3436130323596734
Unknown;0.3961120777584448;-0.76;-0.2946804484567903
Unknown;0.1781564368712625;-0.610062893081761;-0.6497954169526685
Unknown;0.0299994000119997;-0.6209150326797386;-1.0041365446715986
Unknown;0.3212335753284934;-0.2592592592592592;-0.4384886665895442
Unknown;0.0188396232075358;-0.4743589743589743;-1.1926934917175662
Unknown;0.7800243995120097;-0.1180555555555555;-0.0934375426715936
Unknown;0.1259174816503669;0.3269230769230769;0.6804260471110631
Unknown;0.0897582048359032;-0.3333333333333333;-0.9249049210005093
Unknown;0.9749005019899604;-0.0069444444444444;0.0181750497110529
Unknown;0.6475870482590348;0.1407407407407407;0.2323941480410714
Control;0.0023599528009439;0.7948717948717948;1.0997189377309753
Unknown;0.6192676146477071;0.1851851851851851;0.2030442726083846
Unknown;0.3851122977540449;0.1231884057971014;-0.388594044789451
Control;0.0222395552088958;0.5792207792207792;0.8516264371776566
Unknown;0.2050758984820303;-0.3115942028985507;-0.5899052919611434
Unknown;0.1011179776404471;-0.4691358024691358;-0.7737039735048835
Low;0.0367592648147037;-0.3418367346938775;-0.8817412276924249
Unknown;0.0015999680006399;-0.782312925170068;-1.5230145656147682
Unknown;0.6115877682446351;0.0612244897959183;-0.1908218783227298
Unknown;0.0026799464010719;0.5703125;1.0525621356002648
Low;0.3599528009439811;-0.0988505747126436;-0.3092332349469359
Control;0.1556368872622547;-0.3958333333333333;-0.6747667666723305
Unknown;0.1650366992660147;-0.0652173913043478;-0.631226320764623
Control;0.1590368192636147;0.3171912832929782;0.546217116337676
Unknown;7.999840003199936e-05;-0.9644444444444444;-2.5859263393848284
Unknown;0.5067498650026999;-0.2651685393258427;-0.2119374014218167
Unknown;0.0449991000179996;-0.3257575757575757;-0.8338947044317296
Medium;0.0109197816043679;-0.5390070921985816;-1.4891153094859138
Unknown;0.0181196376072478;-0.689922480620155;-1.141106539024007
Unknown;0.0828783424331513;-0.4379084967320261;-0.7603489267572564
Medium;0.3293534129317413;0.1631944444444444;0.3672231137570859
Unknown;0.0025999480010399;-0.52;-2.089403970612941
Low;0.1953160936781264;0.3024691358024691;0.5511052026917155
Unknown;0.0032799344013119;0.6170212765957447;1.368608965149619
Unknown;0.873502529949401;-0.0816326530612244;-0.0391368527593111
Unknown;0.498270034599308;0.1481481481481481;0.2982691815121823
Unknown;0.0044399112017759;-0.7195767195767195;-1.3621118894808302
Unknown;0.9021819563608728;0.0666666666666666;-0.0002885261099715
Unknown;0.0259594808103837;-0.4492753623188406;-1.187106333681532
Unknown;0.0047199056018879;-0.7185185185185186;-1.49158447551049
High;0.8023039539209216;0.2121212121212121;0.1206141727071761
Unknown;0.0132397352052958;0.4097222222222222;1.1897840899998195
Unknown;0.9242615147697046;0.2088888888888889;0.0491089925573999
Unknown;0.7877842443151137;-0.1014492753623188;-0.1092590150400716
Unknown;0.0002399952000959;-0.8454545454545455;-2.660660797260241
Unknown;0.0113197736045279;-0.3970588235294117;-1.0100482681731826
Unknown;0.0095998080038399;-0.7955555555555556;-1.5643794358758458
Unknown;0.0309993800123997;0.0;-1.1671035189827357
Unknown;0.868622627547449;-0.0133333333333333;-0.0473545215047766
Unknown;0.0316393672126557;-0.4333333333333333;-1.0732732929908089
Unknown;0.1059978800423991;-0.5269320843091335;-0.7989708092254576
Unknown;0.7741045179096419;0.2024353120243531;0.1208469201069146
Unknown;0.1939961200775984;-0.3904761904761905;-0.5076142336847259
Unknown;0.9245815083698324;-0.1555555555555555;0.0962856792924222
High;0.256434871302574;0.2608695652173913;0.4902462362754947
Unknown;0.3061538769224615;-0.2148148148148148;-0.4505342919772512
Low;0.0034799304013919;-0.5985915492957746;-1.4319128756290094
Unknown;0.0129997400051998;-0.5546875;-1.0779411984291136
Control;0.0071598568028639;-0.6746031746031746;-1.2461091415725103
Unknown;0.0739985200295994;-0.6020408163265306;-0.8709359379286641
Unknown;0.6961060778784425;0.0657596371882086;0.1517668491310618
Unknown;0.2882342353152937;-0.3061224489795918;-0.5627443646333784
Unknown;0.0024799504009919;-0.4811320754716981;-1.0431275403178395
Unknown;0.0139997200055998;0.5272727272727272;0.9722879967609526
Unknown;0.1893962120757585;0.3481481481481481;0.5914464333011517
High;3.999920001599968e-05;-0.8986175115207373;-2.070268518863276
Unknown;0.4296314073718525;-0.2622222222222222;-0.3877661604503852
Unknown;0.3994320113597728;-0.1893939393939394;-0.3662921207007751
Unknown;0.0018399632007359;-0.7149425287356321;-1.4007434479580148
Unknown;0.1451170976580468;-0.3120567375886525;-0.6476535734631421
Unknown;0.4614707705845883;0.1224489795918367;0.3528517206026082
Unknown;0.0470790584188316;-0.5370370370370371;-1.2742360059844846
Medium;3.999920001599968e-05;-0.6666666666666666;-4.112315585362456
Unknown;0.0033199336013279;-0.8466666666666667;-1.6612700837121348
Unknown;0.0675986480270394;-0.4336734693877551;-0.8034988370887723
Unknown;0.2305153896922061;0.03515625;-0.4630920232386549
Low;0.9461810763784724;-0.1319444444444444;-0.0009393231413281
Unknown;0.0003199936001279;-0.7192982456140351;-2.1128437981634
Unknown;0.1556368872622547;-0.6977777777777778;-0.790357148083499
Unknown;0.0068398632027359;-0.7973856209150327;-1.3693588315200105
Unknown;0.0211595768084638;0.5902777777777778;1.049686791001016
Unknown;0.0062398752024959;-0.5733333333333334;-1.484323669994602
Unknown;0.0395992080158396;-0.5022222222222222;-1.0519796976727591
High;0.0214795704085918;-0.5432098765432098;-1.112138108745987
Unknown;0.0003599928001439;-0.8269230769230769;-2.0172911025463995
Unknown;0.0205995880082398;-0.5738498789346247;-0.9833898730271012
Unknown;0.0098798024039519;-0.6028368794326241;-1.4129272164085145
Unknown;3.999920001599968e-05;-0.9940476190476192;-3.5196385306837814
Unknown;0.619667606647867;-0.144927536231884;-0.1992711293071017
Unknown;0.1742365152696946;-0.2222222222222222;-0.5118891415760971
Unknown;0.0003599928001439;-0.8263888888888888;-2.4579344860321504
Unknown;0.2558348833023339;-0.3819444444444444;-0.545704439919755
Unknown;0.117077658446831;0.3049645390070922;0.6985899509269665
Unknown;0.0001199976000479;-0.8844444444444445;-1.9040663519366243
Unknown;0.0343593128137437;-0.5285285285285285;-0.7725980867648423
Low;7.999840003199936e-05;-0.7079889807162535;-1.5949752730656643
Unknown;0.9722605547889044;0.0;0.0267149706043646
Unknown;0.5567888642227156;-0.0434782608695652;-0.226845198589491
Unknown;0.6897062058758825;0.2246376811594203;0.1858422179848906
Unknown;0.1043979120417591;0.4320987654320987;0.7082804608204009
Unknown;0.0002399952000959;0.782051282051282;1.6380206848529504
Unknown;0.0028799424011519;-0.738498789346247;-1.495656698207204
Unknown;0.2902741945161097;-0.1269841269841269;-0.4370164984570047
Unknown;0.0002399952000959;-0.8439716312056738;-2.156211529133261
Unknown;0.2706745865082698;-0.0659722222222222;-0.4182657746718989
Control;0.0725985480290394;-0.5714285714285714;-0.8172884017297463
Unknown;0.1547969040619187;-0.574468085106383;-0.7657138578067045
Unknown;0.248555028899422;0.3163265306122449;0.4608055459394715
Unknown;0.4760304793904122;0.3443609022556391;0.2041006922393743
Unknown;0.5496690066198676;0.0886699507389162;0.2353233306203969
Unknown;0.1066378672426551;-0.3012820512820512;-0.7598110676253479
Unknown;0.4434311313773724;-0.2977777777777777;-0.3514899791164834
Unknown;0.5077898442031159;-0.4259259259259259;-0.2748022950561459
Unknown;0.0013999720005599;-0.4539007092198581;-2.219021544266921
Unknown;0.2177156456870862;-0.271889400921659;-0.504888665884655
Unknown;0.3231535369292614;-0.2469135802469135;-0.4293319666127931
Control;0.4090318193636127;-0.1742424242424242;-0.3585244118764213
Unknown;0.8807823843523129;-0.1644444444444444;-0.0083063114972604
Unknown;0.0771584568308633;0.2901234567901234;-0.7796286531412091
Unknown;0.2224755504889902;0.3259259259259259;0.5219787153165455
Unknown;0.0118397632047359;-0.3660130718954248;-1.2562147998714888
Unknown;0.4336713265734685;0.0377358490566037;-0.3162919973150682
Low;0.0165596688066238;0.5703703703703704;1.0939050139007758
Unknown;0.0077198456030879;0.6066666666666667;1.0454019276021966
Unknown;0.4517109657806843;-0.1481481481481481;-0.3329617759381083
High;0.2169956600867982;-0.5022222222222222;-0.6116241753156906
Control;0.0178396432071358;-0.6059113300492611;-1.099539921881432
Unknown;0.0298794024119517;-0.574468085106383;-1.1210267398577003
Unknown;0.0001999960000799;-0.8269230769230769;-2.215938228306831
Low;0.0001999960000799;-0.7987421383647799;-2.108895630972028
Unknown;0.2204355912881742;-0.217391304347826;-0.5316626450927014
Unknown;0.0001999960000799;-0.6477987421383647;-2.6606795387666398
Unknown;0.6453070938581228;0.2166666666666666;0.2347578200045814
Control;0.371352572948541;0.1733333333333333;0.4357303426462192
Unknown;0.736985260294794;0.087719298245614;0.1229336921083258
Unknown;0.0135997280054398;-0.4296296296296296;-1.4317434919077552
Unknown;0.497630047399052;0.1858974358974359;0.2939934957730433
Unknown;0.0577588448231035;0.5285714285714286;0.6348689210774888
Unknown;0.9552208955820884;-0.037037037037037;-0.0307640236399839
Unknown;0.0428391432171356;-0.2610837438423645;-0.9830482282584072
Unknown;0.249715005699886;0.1;-0.392978177574717
Medium;0.0008399832003359;-0.8439716312056738;-2.107584591089692
Low;0.4897502049959001;0.3939393939393939;0.3189923649071459
Unknown;0.0941581168376632;0.4844444444444444;0.7868412474745133
Unknown;0.0032799344013119;-0.6222222222222222;-1.6581616109838375
Unknown;0.8790624187516249;0.0222222222222222;-0.0166166818255159
Unknown;0.3234735305293894;0.3294117647058823;0.4697542403000806
Medium;0.1035979280414391;0.4117647058823529;0.688310605126009
Unknown;0.3120337593248135;0.2786885245901639;0.4086544899265545
Unknown;0.494390112197756;0.2533333333333333;0.334982463803843
Low;0.4872302553948921;-0.12;-0.3115121138867673
Control;0.0001599968000639;-0.6582010582010582;-1.140038768125836
Unknown;0.1079178416431671;-0.4964539007092198;-0.7641877658494881
Unknown;0.7895442091158177;0.213032581453634;-0.0707593328540249
Unknown;0.0369192616147677;0.5579710144927537;0.8895860372043206
Unknown;0.0063198736025279;0.6477987421383647;1.0579540526245468
Unknown;0.0912381752364952;-0.2777777777777778;-0.7316746376495686
Control;0.0629587408251834;-0.6076923076923076;-0.7993591458171189
Low;0.0605987880242395;-0.5111111111111111;-0.8626428516397905
Control;0.2758344833103338;0.2307692307692307;0.4081672472487376
Unknown;0.0304793904121917;-0.4791666666666667;-0.8867724004634493
Unknown;0.1942761144777104;-0.3422222222222222;-0.6426561001010135
Low;0.0121197576048479;-0.63718820861678;-1.1758688099495331
Unknown;0.1269174616507669;-0.0899470899470899;-0.6893781281079415
Unknown;0.8407831843363133;-0.06;-0.0602362060564819
Medium;3.999920001599968e-05;-0.981060606060606;-4.489437049577346
Control;0.0009999800003999;-0.5291005291005291;-1.7193278341314655
Unknown;0.8075038499230015;-0.0544217687074829;0.0059505636205393
Unknown;0.0148797024059518;0.5531914893617021;1.0476924251977595
Unknown;0.370352592948141;-0.1977611940298507;-0.3457387125409666
Unknown;0.5951080978380432;0.1956521739130435;0.2636824458840456
Unknown;0.0211595768084638;-0.4339622641509434;-1.4014857088889376
Unknown;0.2118757624847503;0.2389937106918239;0.5538425774169604
Control;0.0001599968000639;-0.7684729064039408;-1.665998723723863
Unknown;0.8674226515469691;0.0217391304347826;0.1123378320904981
Unknown;0.1563968720625587;-0.3688888888888889;-0.7307256232690025
Unknown;0.0005199896002079;-0.6111111111111112;-2.219822669380607
Unknown;0.9475810483790325;0.0204545454545454;-0.0017288740423566
Unknown;0.6775464490710186;-0.1428571428571428;-0.1594680773629872
Unknown;0.0059598808023839;-0.1896103896103896;-1.4684539526458984
Unknown;0.0322393552128957;0.548051948051948;0.7399320930716868
Unknown;0.241355172896542;0.0866666666666666;-0.5231719525501521
Unknown;0.4332713345733085;-0.072463768115942;-0.283894733538615
Unknown;0.5751084978300434;0.078125;0.2169931068048984
Control;0.0240795184096318;-0.6118598382749326;-1.0049299646804737
Unknown;0.0012399752004959;-0.851063829787234;-1.994825199146204
Unknown;0.5134697306053879;-0.04;-0.2801017845967031
Unknown;0.4432311353772925;0.0277777777777777;-0.3203113109726025
Unknown;0.0024799504009919;-0.6541353383458647;-1.3539816544410272
Unknown;0.4773504529909402;0.2755102040816326;-0.2524337117126726
Unknown;0.4157916841663167;0.2391304347826087;0.3600504237285348
Low;0.0007199856002879;-0.7468354430379747;-1.502914466118405
Unknown;0.0001199976000479;-0.8222222222222222;-2.515171916356352
Unknown;0.0703185936281274;-0.4551282051282051;-0.8106772276510182
Medium;7.999840003199936e-05;-0.8366013071895425;-2.454525040434901
Low;0.0009199816003679;-0.7987421383647799;-1.9228281755666128
Unknown;0.115437691246175;-0.2470588235294117;-0.7776239136384916
Control;3.999920001599968e-05;-0.8611111111111112;-2.4259705301829166
Unknown;0.127357452850943;-0.5869565217391305;-0.7149354541647476
Control;0.379592408151837;-0.2335600907029478;-0.3379423457270644
Unknown;0.1505569888602227;0.3421926910299003;0.5841208959560542
Medium;3.999920001599968e-05;-0.9899749373433584;-5.153658156496396
Unknown;0.872942541149177;-0.1925925925925926;-0.0351241917672886
Unknown;0.3912321753564928;0.2654320987654321;0.3693375133809715
Unknown;0.3067538649227015;-0.2638888888888889;-0.4371485355737441
Unknown;0.4298714025719485;-0.2666666666666666;-0.3256608763943862
Unknown;0.0033999320013599;-0.6217948717948718;-1.710526108959186
Control;3.999920001599968e-05;-0.7504835589941973;-1.6478673233107726
Low;0.7245455090898182;-0.0432098765432098;0.1737816207510433
Unknown;0.8468630627387452;0.1136363636363636;0.1183999849588338
Unknown;0.127077458450831;-0.0272108843537414;-0.7751087357795413
Control;0.0077998440031199;-0.6049382716049383;-1.2917927714006403
Unknown;0.1069578608427831;0.2888888888888888;0.7732074507036846
Unknown;0.0004399912001759;-0.783068783068783;-1.8248617311734945
Unknown;0.9717405651886962;0.0311111111111111;0.0190508389074768
Control;0.1887562248755024;-0.2571428571428571;-0.5366887251354561
Unknown;0.7786644267114657;0.1037037037037037;0.127972760658731
Control;0.0684786304273914;0.5040431266846361;0.6996066159025608
Unknown;0.1784764304713905;-0.1568627450980392;-0.5900081766129583
Unknown;0.0656786864262714;-0.5802469135802469;-0.8446835834633453
Unknown;0.4407511849763004;0.0025062656641604;-0.2907661500229179
Unknown;3.999920001599968e-05;-0.9319727891156464;-2.4608527265927376
Unknown;0.0006399872002559;-0.7716627634660421;-1.3386470247324884
Unknown;0.7339453210935781;0.0555555555555555;0.1889909939320958
Unknown;0.122997540049199;-0.2222222222222222;-0.7612757847499633
Unknown;0.2570748585028299;0.1035714285714285;0.4098534145864259
Unknown;0.375112497750045;-0.2101449275362318;-0.3818323512037163
Unknown;0.3501529969400612;-0.1089588377723971;-0.3756305039495977
Medium;0.0003199936001279;-0.5474747474747474;-1.3587722376853535
Unknown;0.5877482450350993;-0.3819444444444444;-0.1953403437716965
Unknown;0.0007599848003039;-0.8095238095238095;-1.813866852464839
High;0.2776744465110697;-0.4492753623188406;-0.4864715718599275
Control;0.2273554528909422;0.1938775510204081;0.4845238778080525
High;0.2253554928901422;0.30078125;0.454773703260954
Unknown;0.0137997240055198;-0.492063492063492;-1.3073523947891623
Unknown;0.1905961880762385;-0.2789115646258503;-0.5595707654534453
Unknown;0.0008799824003519;-0.6683673469387755;-1.413255369225867
Unknown;0.0671586568268634;-0.2857142857142857;-1.0700300388505444
Control;0.6947061058778824;0.0384615384615384;-0.1427430274635487
Unknown;0.1333173336533269;-0.2857142857142857;-0.6660398434001461
Unknown;0.0001599968000639;-0.7142857142857143;-1.9850537352942947
Unknown;0.5368292634147317;0.0955882352941176;0.2352712498793955
Unknown;0.2189556208875822;-0.4238875878220141;-0.4983888707777894
Unknown;0.0521189576208475;-0.5644444444444444;-1.4837039228753977
Unknown;0.0001199976000479;-0.8214285714285714;-2.273516653204254
Unknown;0.0945181096378072;-0.4133333333333333;-0.9325048322231084
Low;0.1352772944541109;0.1333333333333333;0.7025960845819864
Unknown;0.0082798344033119;-0.7051282051282052;-1.2084590863038749
Unknown;0.0007199856002879;-0.7038961038961039;-1.7751252356727771
Unknown;0.6008679826403472;0.2830882352941176;0.213574750445548
Unknown;0.1613167736645267;-0.4421768707482993;-0.6167128264364052
Unknown;0.0851182976340473;0.4339622641509434;0.8117364664053767
Unknown;0.6971060578788424;-0.1564625850340136;-0.1132124982367182
Unknown;0.0129597408051838;-0.6269230769230769;-1.0801741660446988
Low;0.0566388672226555;-0.3697183098591549;-0.7375552086468699
Unknown;0.3073538529229415;0.3809523809523809;0.4495295748440218
Unknown;0.0009199816003679;-0.8263888888888888;-1.963737832202677
Unknown;0.3213535729285414;0.3472222222222222;0.438670099334181
Unknown;0.0132797344053118;-0.5377777777777778;-1.1931026785802568
Unknown;0.0831183376332473;-0.4557823129251701;-1.1173425165055573
Unknown;0.0720385592288154;-0.4539007092198581;-0.9479421204139616
Unknown;0.1278374432511349;-0.3269230769230769;-0.6811432192110217
Unknown;3.999920001599968e-05;-0.7517564402810304;-3.1775134393096844
Unknown;0.0004399912001759;-0.6;-1.6227622112094295
Unknown;0.0362392752144957;0.5051020408163265;0.8147811204854848
Unknown;0.0022399552008959;-0.5678160919540229;-1.3215121159564756
Unknown;0.4435911281774364;-0.1702127659574468;-0.3176961187946351
Unknown;0.621467570648587;0.2080200501253132;0.2177015896933938
High;0.880742385152297;-0.1313131313131313;-0.0512140376771017
Unknown;0.0062398752024959;-0.5022222222222222;-1.5243526148537936
Unknown;0.1089578208435831;-0.3946731234866828;-0.7979191679783304
Control;0.1772364552708945;-0.4181818181818181;-0.5925547469517757
Unknown;0.5291094178116438;0.1823899371069182;0.276934356632366
Unknown;0.3027139457210855;-0.019047619047619;-0.347317841142051
Unknown;3.999920001599968e-05;-0.9371069182389936;-2.5333514585886974
Unknown;0.0416391672166556;-0.7021276595744681;-1.046050324085652
Unknown;0.0017999640007199;-0.6148148148148148;-1.80967993820655
Unknown;0.0994780104397912;0.0173611111111111;-0.9511090268576508
Unknown;0.0722385552288954;-0.3333333333333333;-0.733906401792521
Unknown;0.0007999840003199;-0.4636591478696741;-1.7928849218364311
Low;0.6843863122737546;0.037593984962406;0.1725298275586335
Unknown;0.2237955240895182;-0.3866666666666666;-0.5370382639192973
Unknown;0.0601987960240795;-0.4095238095238095;-0.801979348107878
Unknown;0.1984760304793904;-0.4014084507042254;-0.4983240904313865
Unknown;0.4426711465770684;-0.291005291005291;-0.3027998779254019
Unknown;0.0006399872002559;-0.7777777777777778;-1.9114298662167848
Unknown;3.999920001599968e-05;-0.8843537414965986;-2.350885869224091
Unknown;0.0811583768324633;-0.6474358974358975;-0.8544491106392048
Unknown;0.6374672506549869;0.2148148148148148;-0.1192946718924045
Low;0.1766364672706545;-0.6730769230769231;-0.6791798604277202
Unknown;0.0713185736285274;-0.3049645390070922;-0.8388187397463173
Unknown;0.0068798624027519;-0.5709876543209876;-1.1553675843205693
Control;3.999920001599968e-05;-0.8866666666666667;-2.1969885837874923
Unknown;0.250034999300014;-0.3809523809523809;-0.4708311606074023
Control;0.9771404571908562;-0.0943396226415094;0.018414740075936
Control;0.0004399912001759;-0.9133333333333332;-2.087931489454842
Unknown;0.0850782984340313;0.437037037037037;0.5468029973577473
Unknown;0.5849883002339953;-0.2333333333333333;-0.2264617378921922
Unknown;0.873462530749385;-0.12;-0.0532009692975436
Control;0.0001199976000479;-0.644927536231884;-2.4644878756278747
Unknown;0.8544629107417852;0.096938775510204;-0.0581116881179605
Unknown;0.9425411491770164;0.0434782608695652;0.0511815359594763
Unknown;0.4163516729665407;0.1180555555555555;0.3551884857246468
Medium;0.3883522329553409;0.0070921985815602;-0.3734322724775258
Unknown;0.0001199976000479;-0.6258790436005626;-1.7654147388973944
Unknown;0.4855902881942361;0.1631205673758865;0.309488615459606
Unknown;0.1028379432411351;-0.1404255319148936;-1.2202633617001566
Unknown;0.1838763224735505;0.3888888888888889;0.5840242160046065
Unknown;0.2344353112937741;-0.3188405797101449;-0.5329830142222854
Unknown;3.999920001599968e-05;-0.9555555555555556;-3.598495350021038
Control;3.999920001599968e-05;-0.7189695550351288;-2.228095296508792
Unknown;0.0607587848243035;-0.3666666666666666;-0.9240221474491124
Unknown;0.3814323713525729;-0.0311111111111111;-0.3111215032566217
Control;0.0148397032059358;-0.2681159420289855;-1.0469277555536076
Low;0.1441171176576468;-0.1083333333333333;-0.550775506189717
Low;0.98770024599508;-0.2244897959183673;0.0356569212349289
Low;0.6739865202695946;-0.125;-0.1536941604828054
Unknown;0.75962480750385;0.0133333333333333;0.1756362514129123
Unknown;0.2563548729025419;0.3263888888888889;0.4888678835308885
Unknown;0.1525569488610227;-0.6962962962962963;-0.7907282776718699
Unknown;0.0512389752204955;-0.1977611940298507;-0.9761462803832572
High;0.9287814243715126;0.0072463768115942;0.0875584936602414
Unknown;0.0011599768004639;-0.6654411764705882;-1.6189977636273365
Unknown;0.6136277274454511;-0.0718954248366013;-0.2134156867343614
Control;0.1068778624427511;-0.3111111111111111;-0.7500970603328523
Low;0.6732665346693066;0.1296296296296296;0.1990316930530395
Unknown;0.0183596328073438;-0.5362318840579711;-1.2715068370844016
Unknown;0.7297454050918981;0.0192307692307692;-0.135229104266107
Unknown;0.6149477010459791;0.0681818181818181;0.2014212033193502
Unknown;0.0011999760004799;-0.7222222222222222;-1.7820429323074023
Unknown;3.999920001599968e-05;0.8742138364779874;1.9286683712762376
Unknown;3.999920001599968e-05;-0.8676470588235294;-2.478444430190029
Unknown;0.0998780024399512;0.0755555555555555;-0.9171115069608758
Unknown;0.0568388632227355;-0.60546875;-0.8002583930529261
Medium;0.0048399032019359;-0.6571428571428571;-1.268116317950162
Unknown;0.0121597568048639;-0.8222222222222222;-1.36289078912288
Unknown;0.1637167256654867;-0.0694444444444444;-0.6980880406383502
Unknown;0.0004399912001759;-0.7333333333333333;-2.042867763750074
Unknown;0.0369592608147837;-0.3971631205673759;-0.9867312598504756
Unknown;0.0839583208335833;0.3765432098765432;0.7115868876071264
Control;0.2253954920901582;-0.1902985074626865;-0.4693386991282204
Unknown;0.8030639387212256;-0.1822222222222222;-0.0821798569079231
Unknown;0.0001999960000799;-0.8860294117647058;-1.7193642806800855
Unknown;0.1545169096618067;0.0394088669950738;-0.6978413482269089
Unknown;0.6123877522449551;-0.2465116279069767;-0.2083770259846072
Unknown;0.1267974640507189;-0.3666666666666666;-0.6773139742643137
Unknown;0.1933161336773264;-0.369620253164557;-0.4465414924724431
Control;0.1037579248415031;-0.3809523809523809;-0.6778573134044089
Unknown;0.4858702825943481;-0.1566820276497695;-0.2638504313463202
Unknown;0.0421191576168476;-0.2651515151515151;-0.9529970194516124
Low;0.0349193016139677;0.5602836879432624;0.8976821762876795
Unknown;0.0043199136017279;-0.5797101449275363;-1.353865810537936
Unknown;0.0021999560008799;-0.673202614379085;-1.9612211878026975
Unknown;0.6612667746645067;-0.2280701754385964;-0.1485031804159123
Unknown;0.872382552348953;-0.014336917562724;-0.0290112034824504
Unknown;0.5437091258174837;-0.1269841269841269;-0.2477537040595446
Unknown;0.0925581488370232;-0.4339622641509434;-0.7587999950500306
Unknown;0.2559548809023819;-0.0507246376811594;-0.4942111955506002
Low;3.999920001599968e-05;-0.9382716049382716;-2.6317657397530865
Unknown;0.0129197416051678;-0.5703703703703704;-1.221237887714768
Unknown;0.6946261074778505;-0.0037878787878787;-0.1287453461934911
Control;0.6099878002439951;0.1785714285714285;-0.1649269812083085
Unknown;3.999920001599968e-05;-0.7990867579908676;-2.462128879468538
Low;0.0338393232135357;-0.4722222222222222;-1.034408160804561
Unknown;7.999840003199936e-05;-0.934640522875817;-3.0011828801130065
Unknown;0.5705885882282354;0.0025062656641604;-0.2150228957521296
Unknown;0.0177196456070878;0.6074074074074074;1.0083816783153086
Unknown;0.2178756424871502;0.2723880597014925;0.4559640200430224
Unknown;3.999920001599968e-05;-0.8639455782312925;-1.921633775717134
Unknown;0.0013599728005439;0.8311111111111111;1.2213333130020838
Unknown;0.239435211295774;-0.0133333333333333;-0.5825754904573279
Unknown;0.3528329433411332;-0.2177777777777777;-0.4346729301262397
Medium;0.0229995400091998;-0.5786163522012578;-1.246877925636056
Medium;0.0143997120057598;-0.5644444444444444;-0.814861223597456
Unknown;0.0001599968000639;-0.8051470588235294;-1.5508366352639935
Unknown;0.8020639587208256;0.4074074074074074;0.1393974466197606
Unknown;0.4353112937741245;0.0780141843971631;0.3555513404708382
Unknown;0.2575548489030219;0.2355555555555555;-0.5258447225875059
Low;0.2920341593168136;0.0638297872340425;0.4590733426542253
Unknown;0.0178796424071518;-0.1259259259259259;-1.320871932018281
Unknown;0.4291914161716765;0.1766381766381766;0.2817713699513973
Unknown;0.0223195536089278;0.2328042328042328;-1.2213401742208845
Unknown;0.3327933441331173;-0.2;-0.4219567721634449
Control;0.0001199976000479;-0.7540740740740741;-1.4035316074687911
Unknown;0.3375932481350372;0.2133333333333333;-0.4185308368810781
Unknown;0.8290634187316254;0.0912698412698412;-0.0751112574158572
Unknown;0.2097558048839023;0.1509433962264151;-0.591670472272829
Unknown;0.5937481250374993;-0.2207792207792207;-0.1293114356277062
Unknown;0.2652746945061098;-0.5289855072463768;-0.4951255489308426
Low;0.1113177736445271;-0.25;-0.7887603455559328
Unknown;0.0960380792384152;0.4666666666666667;0.7728190697501364
Unknown;0.2390752184956301;-0.12;-0.5859036921508446
Unknown;0.1313973720525589;-0.1489361702127659;-0.793051285714665
Control;0.9188616227675448;-0.1477272727272727;-0.0290759169479171
Unknown;0.4553108937821243;-0.0805194805194805;-0.2861347438193789
Unknown;0.0087198256034879;-0.4761904761904761;-1.5074424045547432
Control;0.0164396712065758;-0.4761904761904761;-1.1323446246390507
Unknown;0.120517589648207;0.2708333333333333;-0.7506136006084781
Medium;0.0037999240015199;-0.4619047619047619;-1.432922118360837
Control;0.6976260474790504;-0.3461538461538461;-0.1271140716560618
Unknown;0.0493190136197276;-0.3115942028985507;-0.901490816533118
Medium;0.1000379992400152;-0.40625;-0.6591026640861333
Low;0.122437551248975;-0.3974358974358974;-0.682719096030991
Unknown;0.5243495130097398;-0.2626262626262626;-0.269963142182352
Unknown;0.6492270154596909;0.072463768115942;-0.1733274381305684
Unknown;0.0466790664186716;-0.2733333333333333;-1.0700469147344431
Unknown;0.0026399472010559;-0.6410256410256411;-1.7590400526314744
High;0.0598388032239355;-0.0507246376811594;-1.039851323723168
Unknown;0.0373592528149437;0.4577777777777778;1.054477754873649
Unknown;0.5063898722025559;-0.1880952380952381;-0.2061376629335776
High;0.2812743745125097;0.0340136054421768;-0.4847231989263946
Medium;0.0011599768004639;-0.7723970944309927;-1.532452770032534
Unknown;0.369752604947901;-0.2118518518518518;-0.3156297408425769
Unknown;0.1723965520689586;-0.1851851851851851;-0.6280648360607609
Low;0.0809983800323993;-0.7133333333333334;-0.8912879789604224
Unknown;0.0400791984160316;-0.667447306791569;-0.9407359145054808
Unknown;0.7171056578868422;0.3741496598639456;0.1743518507109943
Unknown;0.0015199696006079;0.5;0.9332628898497312
Unknown;0.0227195456090878;-0.543859649122807;-1.0080553457662806
Control;0.375072498550029;-0.0780141843971631;-0.3728012768801719
Unknown;0.0235995280094398;-0.5185185185185185;-1.0000806977977703
High;0.0457590848183036;-0.3741496598639456;-0.925867872898503
Unknown;0.3835123297534049;0.1925925925925926;0.385865108463518
Unknown;7.999840003199936e-05;-0.8114035087719298;-2.2793470433537526
Unknown;0.0508389832203355;-0.3090909090909091;-1.2483341193764916
Unknown;0.366592668146637;-0.3155555555555555;-0.4112442067947569
Unknown;0.752864942701146;0.122077922077922;0.1422352181839256
Unknown;0.0143197136057278;-0.54;-1.2669116424809288
Unknown;0.1566368672626547;-0.3120567375886525;-0.6496122453361706
Unknown;0.0112797744045119;-0.5142857142857142;-0.9325216377874516
Unknown;0.629147417051659;0.2088888888888889;0.2351140526307579
Unknown;0.7852642947141057;-0.0592592592592592;0.1220475412063474
Unknown;0.0968780624387512;-0.0663265306122449;-0.7948479478658852
Unknown;0.2971140577188456;-0.3265306122448979;-0.4602426731327289
Unknown;3.999920001599968e-05;-0.9691358024691358;-3.933516224220486
Unknown;0.0015199696006079;-0.3464052287581699;-2.047319728578501
Unknown;3.999920001599968e-05;-0.9131944444444444;-2.3129688062213933
Low;0.1723165536689266;0.270440251572327;0.5109612497443798
Unknown;0.0003199936001279;-0.8690476190476191;-1.6899260907202651
Medium;3.999920001599968e-05;-0.9466666666666668;-3.9148297299736554
Unknown;0.2200755984880302;-0.3333333333333333;-0.5508064376212883
Unknown;0.0145197096058078;-0.5786163522012578;-1.3282157502760772
Medium;0.0003599928001439;-0.845679012345679;-1.7269067815390622
Control;0.0025999480010399;-0.8296296296296296;-1.6514324657331794
Unknown;0.0017599648007039;-0.7861635220125787;-1.6857763786328697
Unknown;0.1618767624647507;-0.6133333333333333;-0.7039958947840793
Unknown;0.0014799704005919;-0.3880952380952381;-1.0828591974120303
Unknown;0.0113997720045599;-0.5844155844155844;-1.0771726734700835
Unknown;0.0825983480330393;-0.4493506493506493;-0.7353961156478301
Control;0.758704825903482;0.0163934426229508;0.1382641485969927
Unknown;0.3623927521449571;-0.1380952380952381;-0.3622770813911644
Unknown;0.0074398512029759;-0.6791979949874687;-1.2552494389098463
Unknown;0.6529469410611788;-0.1818181818181818;-0.1218616782120516
Unknown;0.0853982920341593;-0.2753623188405797;-0.7903353933382262
Unknown;0.0704385912281754;-0.4166666666666667;-0.8618074900454071
Low;0.0072798544029119;-0.6415094339622641;-1.2817362226311606
Unknown;0.4703105937881242;-0.2444444444444444;-0.3353579835994008
Medium;0.0002399952000959;-0.6086956521739131;-2.615515494274347
Unknown;0.7851842963140737;0.1555555555555555;0.1396431585737527
Control;0.7034259314813703;-0.0738916256157635;-0.1183332025821508
Unknown;0.2846343073138537;-0.362962962962963;-0.4734835421990426
Unknown;0.0008799824003519;-0.76;-1.9513396376621348
Unknown;0.0571988560228795;-0.2653061224489796;-1.2752042400281938
Medium;0.0302393952120957;-0.413265306122449;-1.1772998488660504
Unknown;0.1104377912441751;-0.6089743589743589;-0.7564902179024486
Low;0.0244395112097758;-0.4423076923076923;-1.2319105098079552
Unknown;0.0909181816363672;-0.3148148148148148;-0.7686222505290187
Unknown;0.0277040966696139;-0.72;-1.488279249184037
Unknown;0.118157636847263;-0.2884615384615384;-0.6993943510390036
Control;0.0389592208155836;-0.4081632653061224;-0.9603753583587828
Unknown;0.3210335793284134;-0.1982758620689655;-0.383156883255971
Unknown;0.1448371032579348;0.4238095238095238;0.4772112123071767
High;0.7169056618867623;0.1109022556390977;0.1033967154943049
Unknown;0.0525589488210235;-0.5306122448979592;-0.8807370467827592
Low;0.0004799904001919;-0.7207977207977208;-1.5225707606366756
Unknown;0.1856362872742545;-0.2675324675324675;-0.5677373644748315
Unknown;0.1304373912521749;0.04;-0.9586726164012755
Unknown;0.6711865762684747;-0.1176470588235294;-0.1778466260062816
Unknown;0.0090398192036159;-0.5925925925925926;-1.2173781247400253
Unknown;0.5774684506309874;-0.0961538461538461;-0.1737803027834363
Unknown;0.0133997320053598;-0.5073891625615764;-1.2432640752400677
Unknown;0.1815163696726065;-0.3185185185185185;-0.61767211390798
Unknown;3.999920001599968e-05;-0.9387755102040816;-4.326077794653899
Unknown;0.985420291594168;-0.0638297872340425;0.0469049785554823
Unknown;0.3240735185296294;-0.392156862745098;-0.4327357096520087
Unknown;0.6317473650526989;0.0416666666666666;0.2189171130274267
Unknown;0.119117617647647;-0.196078431372549;-0.7816456364514326
Unknown;0.0031199376012479;-0.6666666666666666;-1.5037540051573015
Unknown;0.5267094658106838;0.1319444444444444;0.2781797798942265
Unknown;0.1749565008699826;-0.1363636363636363;-0.6984500758593755
Control;0.2842343153136937;-0.0567375886524822;-0.472879512764086
Low;0.0034799304013919;-0.8405797101449275;-1.6523229383172282
Unknown;0.3082338353232935;0.1972789115646258;0.4089170057082738
Unknown;3.999920001599968e-05;-0.8897058823529411;-2.984520649293014
Unknown;0.8288234235315294;-0.2757352941176471;-0.0417253378202117
Unknown;0.0047599048019039;-0.6041666666666666;-1.1655222443809248
High;0.2312353752924941;-0.3142857142857143;-0.4933014470005415
Unknown;0.0011199776004479;-0.7777777777777778;-1.820564260871309
Unknown;0.2931541369172616;0.2177777777777777;0.4886331910012389
Low;0.1667966640667186;0.3488372093023256;0.6137217234653009
Control;0.7133857322853543;-0.1077694235588972;-0.1493014393514064
Control;0.0070398592028159;0.4705075445816186;0.9421770532720176
Medium;0.0067598648027039;-0.2932330827067669;-1.516366678684549
Unknown;0.1513569728605427;0.2814814814814815;0.5606212667917756
Control;0.997180056398872;0.0136054421768707;0.0006895218838991
Unknown;0.0705585888282234;-0.5555555555555556;-0.8173083701480065
Unknown;3.999920001599968e-05;-1.0;-3.62974953601227
Unknown;0.0003599928001439;-0.6656891495601173;-1.123540538686233
Unknown;0.8177036459270814;-0.0392156862745098;0.0958147955794755
Medium;3.999920001599968e-05;-0.6464891041162227;-2.1995037809855758
Unknown;0.0033199336013279;0.5833333333333334;1.350954229127185
Unknown;0.0007999840003199;-0.6209150326797386;-2.4583057923621925
Control;0.3791524169516609;0.086734693877551;0.3677364760929151
Unknown;0.0085198296034079;-0.5584795321637427;-1.2552179364693568
Low;0.0012799744005119;-0.6066666666666667;-1.8506204948161125
Unknown;0.1380372392552148;-0.1576354679802955;-0.6224527666403573
Unknown;0.4475524475524475;-0.3333333333333333;-0.5633194503924542
Unknown;0.0394792104157916;0.3706563706563706;0.5696596973181287
Unknown;0.8681826363472731;-0.1666666666666666;-0.0479710870641974
Control;3.999920001599968e-05;-0.9622641509433962;-3.062912414706946
Control;0.5311093778124437;0.1041666666666666;0.2446598247191095
Unknown;0.6676666466670667;-0.0476190476190476;-0.165775178172397
Unknown;0.0009199816003679;-0.7908496732026143;-1.9247490477702855
Control;0.0227195456090878;0.5158730158730159;0.7943136050803914
Unknown;0.0687986240275194;-0.3574380165289256;-0.6347744923428501
Unknown;0.861742765144697;-0.2028571428571428;-0.0326150451243164
Unknown;0.368832623347533;-0.0769230769230769;-0.3869717213622692
Medium;0.2347153056938861;0.3900709219858156;0.4973386288849614
Unknown;0.2563148737025259;-0.1836734693877551;-0.4752854757103827
Unknown;0.0001199976000479;-0.91156462585034;-2.9578841499339483
Unknown;0.0001599968000639;-0.729064039408867;-1.5908651374833809
Unknown;0.5091898162036759;0.0444444444444444;0.3007276399161121
Unknown;0.0043599128017439;0.6739130434782609;1.4034208706878604
Unknown;0.0098398032039359;-0.5466666666666666;-1.4027482313362416
Unknown;0.7776644467110658;0.018018018018018;0.106527338395492
Unknown;0.0003599928001439;-0.8274647887323944;-1.6438750259503705
Unknown;7.999840003199936e-05;-0.8979591836734694;-1.8418875733781164
Control;0.0543589128217435;0.3897058823529412;0.6738971875903217
Unknown;0.630907381852363;-0.0814814814814814;-0.1969919386104298
Unknown;0.0315993680126397;-0.5259259259259259;-1.2024676391751998
Unknown;0.0964780704385912;-0.5555555555555556;-0.8158879950824337
High;0.5323093538129238;0.2363636363636363;-0.2400859136584135
Unknown;0.4487910241795164;-0.231060606060606;-0.2617575205339921
Medium;0.622987540249195;0.4216867469879518;0.1762748189165268
Unknown;0.3961120777584448;0.1349397590361445;0.2826439911317941
Unknown;0.1931961360772784;-0.0952380952380952;-0.6127262358823292
Unknown;0.7955040899182017;0.1019786910197869;-0.0632367665142093
Unknown;0.0009199816003679;-0.6938775510204082;-1.915319413472336
Control;0.1728765424691506;0.0308641975308641;-0.7517812846810314
Unknown;0.7204655906881863;0.0844444444444444;0.2054014309752682
Unknown;0.5490290194196116;0.2622222222222222;0.3044450089543192
Unknown;0.7774644507109858;-0.0141843971631205;0.1482213725646298
Unknown;0.0264794704105917;-0.6666666666666666;-1.0167601081279252
Unknown;0.0955980880382392;-0.3955555555555555;-0.6555079095773546
Unknown;0.0090398192036159;-0.6266666666666667;-1.5031587393789954
Unknown;0.0207995840083198;-0.5733333333333334;-1.2883179314081568
Control;0.0356792864142717;-0.5555555555555556;-0.8500460945205286
Low;0.2252354952900942;-0.2681818181818182;-0.4267041956820976
Unknown;0.0060798784024319;-0.6296296296296297;-1.7016126793564292
Unknown;0.0027999440011199;-0.673202614379085;-1.6530708033262536
Unknown;0.7369052618947621;0.0354609929078014;-0.1296262718069893
Unknown;3.999920001599968e-05;-0.8151023288637967;-2.317857291368953
Unknown;0.7872242555148897;-0.1423611111111111;-0.0843750814230019
Unknown;0.0023599528009439;-0.6013071895424836;-1.6510983051038426
Unknown;0.5237495250094998;0.1914893617021276;0.2907700172946778
Control;0.0589588208235835;-0.3333333333333333;-0.9479575003711382
Unknown;0.0625987480250395;-0.5102040816326531;-0.9273519477764364
High;0.0259594808103837;-0.6405228758169934;-1.123962414377379
Unknown;0.4465910681786364;-0.1384615384615384;-0.2820766872235709
High;0.0196796064078718;-0.6084656084656085;-1.0962694359680076
Unknown;3.999920001599968e-05;-0.9743589743589745;-3.0200861607962666
Control;3.999920001599968e-05;-0.7070707070707071;-1.7765927776180617
Low;0.2305153896922061;0.1063829787234042;-0.5763702772478961
Unknown;0.3303133937321253;-0.3141025641025641;-0.4172242334567445
Unknown;0.3339533209335813;0.2681159420289855;0.4135889267084669
Unknown;0.122437551248975;-0.237037037037037;-0.9751670313298356
Unknown;0.0032799344013119;-0.7037037037037037;-1.627379744288775
Unknown;0.0177596448071038;-0.38;-1.1403965723975276
Control;0.0004399912001759;-0.8677248677248677;-2.0752572083161085
Unknown;0.1921961560768784;-0.2767295597484276;-0.6156322788559463
Unknown;0.2731945361092778;-0.0895883777239709;-0.4521816832831149
Unknown;0.1573968520629587;0.3266666666666666;0.6070656424815102
Unknown;0.1624767504649907;-0.3255131964809384;-0.4595734530484406
Unknown;0.3497530049399012;-0.5333333333333333;-0.4194693210903116
Unknown;0.4549909001819963;0.0833333333333333;-0.3209707671324671
Unknown;0.7316253674926502;-0.125;-0.1581097322109395
Low;0.0178396432071358;-0.6285714285714286;-1.0967295192735194
Unknown;0.0651586968260634;-0.2857142857142857;-0.9236132074846038
Unknown;0.758384832303354;0.0144927536231884;0.1255928041786825
Unknown;0.3136737265254695;0.1527777777777778;0.4385411888434913
Unknown;0.7853842923141537;-0.4124809741248097;-0.0274729208539392
Unknown;0.0078798424031519;-0.7189542483660131;-1.4744635960161334
Medium;0.1306773864522709;-0.3851851851851852;-0.7082941503202967
Unknown;0.0039599208015839;-0.8768115942028986;-1.833205976425009
Unknown;0.1021179576408471;-0.4375;-0.7827915164047468
Unknown;0.9533809323813524;-0.0576923076923076;-0.0120233281916846
Unknown;0.2732745345093098;0.3142857142857143;0.5126369916287808
Control;0.0006799864002719;-0.5661375661375662;-1.7714938042858122
High;0.0008399832003359;-0.8933333333333333;-2.1777081156842875
Unknown;0.0059998800023999;-0.5833333333333334;-1.142729733646097
Unknown;0.9096218075638488;-0.0997304582210242;0.0634189484886436
Unknown;0.0004399912001759;-0.8260869565217391;-1.9750985427586347
Unknown;0.3178736425271494;-0.2287581699346405;-0.4396087663871204
Unknown;0.1640367192656147;-0.2745098039215686;-0.6267920752435017
Low;0.0259194816103677;0.3717948717948718;1.0590666542196387
Unknown;0.0576388472230555;-0.3877551020408163;-0.9935907851002028
Medium;0.0121197576048479;-0.2169312169312169;-1.2395199969009103
Unknown;0.1300773984520309;-0.7443181818181818;-0.9106584869624604
Unknown;0.1299974000519989;-0.2222222222222222;-0.6378369864334139
Unknown;0.0722385552288954;0.4565217391304347;0.7673861136966623
Unknown;0.2369952600947981;0.3111111111111111;-0.5122483210218215
Unknown;0.5366692666146677;0.0829817158931083;0.2390823853816139
Unknown;0.1369572608547829;-0.2444444444444444;-0.7005207935379052
Control;0.0007999840003199;-0.6756756756756757;-1.5284247343345032
Unknown;0.0336793264134717;-0.5784543325526932;-0.9040095860605682
Low;0.2176756464870702;-0.3061224489795918;-0.4868725145488953
Unknown;0.1677166456670866;0.4042553191489361;0.5919348230437854
Unknown;0.6743065138697226;0.0780141843971631;0.2129682230937195
Unknown;0.0193996120077598;-0.5942028985507246;-1.1193195094447064
Medium;0.1288374232515349;0.1666666666666666;0.4922490132008731
Unknown;0.0442391152176956;-0.6419753086419753;-1.0974325806316814
Unknown;0.0718785624287514;0.4133333333333333;0.8069893892102872
Unknown;0.0031599368012639;-0.6950354609929078;-1.463133459653526
Unknown;0.3998320033599328;-0.0816326530612244;-0.3528035163798584
Unknown;0.2015159696806064;0.3125;0.5245623217040669
Control;0.3560728785424291;0.2392857142857143;0.3457273947876346
Unknown;0.4413911721765565;0.1949685534591195;0.3275602525800937
Low;0.1109977800443991;-0.4755555555555555;-0.9838398881566832
Unknown;3.999920001599968e-05;-0.8525641025641025;-1.880636729950776
Unknown;0.0135597288054238;-0.5763888888888888;-1.2559399580585489
Unknown;0.0025641025641025;-1.0;-6.302299338871293
Unknown;0.500229995400092;0.027906976744186;-0.2131457738497841
Unknown;0.7700245995080098;-0.1597222222222222;-0.1229007083879364
Unknown;0.2635147297054059;-0.5111111111111111;-0.530031635203869
Unknown;0.0408791824163516;-0.6875;-1.2090231811774426
Unknown;0.0073998520029599;-0.4140435835351089;-1.5438127956084082
Unknown;0.0108397832043359;-0.6046511627906976;-1.1116500581396564
Unknown;0.0031372549019607;-0.979591836734694;-3.826998143601872
Unknown;0.4072318553628927;-0.1491935483870967;-0.3085024213613913
Unknown;0.0247195056098878;-0.1703703703703703;-1.3640561808974796
Unknown;0.0023199536009279;-0.7038961038961039;-1.4046680881062008
Unknown;0.4246315073698526;-0.2907801418439716;-0.3461648644791041
Unknown;0.0015199696006079;0.7407407407407407;1.2429841493205511
Unknown;0.0027599448011039;-0.6861826697892272;-1.4294411430363654
Unknown;0.5485090298194036;0.1555555555555555;0.2621851443409162
Unknown;0.0002799944001119;-0.8177339901477833;-1.6565064615667966
Unknown;0.0947181056378872;-0.4848484848484848;-0.7664142763443396
Unknown;0.0027999440011199;-0.7681159420289855;-1.4138767821714449
Unknown;0.0102397952040959;-0.5782312925170068;-1.2424289675213072
Unknown;0.0231195376092478;-0.4769975786924939;-1.0378048074023702
Low;0.4156316873662526;0.1292517006802721;0.3687603268942259
Unknown;0.7310253794924102;0.1180555555555555;0.1557538633339296
Unknown;0.0574388512229755;-0.362962962962963;-1.0369440592539363
Unknown;0.5274694506109878;-0.1985815602836879;-0.2073025377911419
Unknown;0.7950640987180256;-0.0192307692307692;-0.053549193023637
Unknown;0.0007999840003199;-0.7638888888888888;-1.8588656129602907
Medium;0.0001999960000799;-0.7857142857142857;-2.245857084158842
Unknown;0.0189196216075678;-0.5064102564102564;-1.2173003004151184
Medium;0.0472790544189116;-0.3108298171589311;-0.7597468144414781
Unknown;0.0003199936001279;-0.5615763546798029;-2.021290581988964
Unknown;0.1529569408611827;-0.6666666666666666;-0.675876135810244
Unknown;0.2031559368812623;0.1407407407407407;0.5510927853504813
Unknown;0.0038399232015359;-0.6172839506172839;-1.9680104136981815
Unknown;0.3622727545449091;-0.2352941176470588;-0.3029670581772063
Low;3.999920001599968e-05;-0.8904761904761904;-2.6177630493991386
Unknown;0.24827503449931;-0.375;-0.436481358702273
Unknown;0.0797984040319193;-0.3765432098765432;-0.8070575884567236
Unknown;0.6517469650606987;-0.093167701863354;-0.186417817536845
Unknown;0.0067998640027199;0.6129032258064516;0.7738665736515833
Unknown;0.624267514649707;-0.2653061224489796;-0.2095687822339038
Unknown;0.0341993160136797;0.5835351089588378;0.7747796650150981
Unknown;0.2195956080878382;-0.5185185185185185;-0.5797983167235993
High;0.123277534449311;0.2345679012345679;-0.638213559266461
Unknown;0.0135997280054398;-0.3057471264367816;-0.9761669280073376
Control;0.8769024619507609;-0.1266666666666666;-0.0857037473771818
Unknown;0.0009999800003999;-0.51171875;-1.6657505335634113
Low;0.0574388512229755;-0.6134831460674157;-0.6993210634641035
Control;3.999920001599968e-05;-0.7916666666666666;-2.269386511755168
Unknown;0.4022719545609088;-0.2608695652173913;-0.4053098370552811
Low;0.7787044259114818;0.025;-0.0980088124058848
Unknown;0.6448271034579308;0.1629629629629629;0.2008086565390142
Unknown;0.2630747385052299;0.0070921985815602;-0.499140491216511
Unknown;0.0889982200355992;0.419753086419753;0.7290584134751644
Unknown;0.0922381552368952;-0.5144927536231884;-0.7546106033491492
Control;0.1637167256654867;-0.3301204819277108;-0.4865960422130529
Unknown;0.0721985560288794;-0.4166666666666667;-0.900539330130122
Unknown;0.0095598088038239;-0.6111111111111112;-1.312486079921711
Unknown;0.0263594728105437;-0.5038759689922481;-0.9997283430501284
Unknown;0.239355212895742;-0.3333333333333333;-0.5249732666654958
Unknown;0.0003599928001439;-0.8055555555555556;-1.735616752682548
Unknown;0.0011599768004639;0.7243589743589743;1.292907192848633
Unknown;0.0001199976000479;-0.7142857142857143;-2.2097744764755247
Unknown;0.242635147297054;-0.1693121693121693;-0.4797166328535157
Unknown;0.0226395472090558;0.4679802955665024;0.8176425811433645
Low;0.5515489690206196;0.1111111111111111;0.2825915889029367
Unknown;0.0022399552008959;-0.7732426303854876;-1.8286504380236464
Low;0.0002399952000959;-0.8333333333333334;-2.1287918858896333
Medium;0.4413911721765565;-0.4513888888888889;-0.3186624526612246
Unknown;0.3521129577408451;0.2536231884057971;0.4055862409317355
High;0.0130797384052318;-0.3115942028985507;-1.8175389317911383
Unknown;0.8849023019539609;-0.0522875816993464;-0.0634040407229009
Unknown;0.0499590008199836;-0.0698795180722891;-0.783405957014962
Unknown;0.1073178536429271;0.2743764172335601;0.608550817264578
Unknown;0.0772784544309113;-0.4743589743589743;-0.861438401417726
Low;0.0143997120057598;0.4708994708994709;0.6248685686894991
Unknown;0.0016799664006719;-0.5;-2.16198661659698
Unknown;0.5373092538149237;0.0929705215419501;-0.2258542868224086
Unknown;0.4911501769964601;0.1058201058201058;0.2889623580900656
Unknown;0.5574288514229715;-0.0915032679738562;-0.2468398630149171
Unknown;0.9646207075858484;-0.1911111111111111;0.0743539382106967
Unknown;0.2670346593068138;-0.3405797101449275;-0.4954349910217601
Unknown;0.3882322353552929;0.3782051282051282;0.3624545876563503
Unknown;0.0957180856382872;0.4025157232704403;0.6936880685177115
Unknown;0.0586388272234555;-0.2925170068027211;-0.9256881198268456
Control;0.0011599768004639;-0.6791208791208792;-1.333875126152779
Unknown;0.1320373592528149;0.3840579710144927;0.6568672010950695
Unknown;0.5389092218155637;-0.1761006289308176;-0.2513003377569631
Unknown;0.1929961400771984;-0.4444444444444444;-0.6102492932598218
Unknown;0.3988320233595328;-0.1631205673758865;-0.3565894490670994
Unknown;0.7926241475170497;-0.0083333333333333;-0.1350128557101612
Unknown;0.0323593528129437;-0.5805555555555556;-0.8585967420673656
Low;0.2199556008879822;0.0153846153846153;-0.479670855323365
Unknown;0.5149497010059799;0.1446540880503144;0.2876222389935214
Unknown;0.0433991320173596;-0.4141791044776119;-0.8510271871009151
Unknown;0.1923161536769264;0.1799242424242424;0.3953415003086771
Unknown;3.999920001599968e-05;-0.8639705882352942;-2.3375217079270354
Unknown;0.623347533049339;-0.1956521739130435;-0.1169605532140355
Unknown;0.8508629827403452;0.0691823899371069;0.0925761030362825
Control;0.0059198816023679;-0.7666666666666667;-1.4301585509060513
Medium;0.0008799824003519;-0.8245614035087719;-1.6080031138046038
Unknown;0.375912481750365;-0.0827067669172932;-0.369913070511076
Control;7.999840003199936e-05;-0.8954248366013072;-1.9156230104324667
Unknown;0.0658386832263354;-0.6029411764705882;-0.8235336713771881
Unknown;0.0321193576128477;-0.3333333333333333;-1.349190996700718
Unknown;0.2878342433151337;-0.2246376811594203;-0.4764673945869104
Unknown;0.0293994120117597;-0.7333333333333333;-1.1513866590404591
Control;3.999920001599968e-05;-0.9022222222222224;-2.4886957727444066
Low;0.5303093938121237;0.1156462585034013;0.2883063262831177
Unknown;0.2730345393092138;-0.2511627906976744;-0.3747701531961715
High;0.0014399712005759;-0.7551020408163265;-2.0349305455659468
Control;0.0069998600027999;-0.5024630541871922;-1.50412357333956
Unknown;0.9016219675606488;-0.0736842105263157;-0.0460473170743138
Unknown;0.115837683246335;-0.6006944444444444;-0.6639421964094125
Unknown;0.0012799744005119;-0.7142857142857143;-1.7634405934142658
Unknown;0.1131177376452471;-0.3854166666666667;-0.652485530619471
Unknown;7.999840003199936e-05;-0.8439716312056738;-3.151089226033508
Low;0.4530309393812123;-0.2483660130718954;-0.3278202215964585
Unknown;0.0557588848223035;-0.4248366013071895;-1.0604885177324603
Unknown;7.999840003199936e-05;-0.8974358974358975;-2.5719701285464978
Low;0.6845863082738345;-0.1478260869565217;-0.1529862653279498
Unknown;0.117597648047039;-0.54421768707483;-0.8649624499854918
Unknown;0.4727505449891002;-0.075;-0.2692705077585356
Unknown;0.2267154656906861;0.5466666666666666;0.5200636497187491
Unknown;0.3386732265354693;-0.2679738562091503;-0.4077389781983528
Unknown;0.634547309053819;0.0579710144927536;0.2231176314291911
Unknown;0.119157616847663;-0.1604938271604938;-0.7493678466833895
High;0.4302313953720925;0.1153846153846153;-0.384664334128183
Unknown;0.0113197736045279;-0.4149659863945578;-1.2317847672900195
Unknown;0.118477630447391;-0.3484848484848485;-0.5096809560342013
Unknown;0.0169196616067678;-0.6828282828282828;-1.075027662377821
High;0.1025579488410231;-0.3316326530612244;-0.7826730140599398
Unknown;0.252954940901182;-0.2914285714285714;-0.4749150896023617
Unknown;0.1046779064418711;-0.3082942097026604;-0.6768088540626188
Unknown;0.0021599568008639;-0.7192307692307692;-1.3290358613597943
Unknown;0.8511429771404572;0.074074074074074;-0.0647646485592505
Unknown;0.0341593168136637;-0.5138888888888888;-1.0146257802215506
Unknown;0.2084358312833743;-0.0733333333333333;-0.6400366324998876
Unknown;0.5541089178216436;0.0217391304347826;-0.2391334270900517
Unknown;0.5626287474250515;-0.0217391304347826;-0.2613212083097599
Unknown;0.0146397072058558;-0.4930875576036866;-1.2316812729127375
Unknown;0.9577408451830964;0.18;0.0066995446092858
Unknown;0.0066798664026719;-0.6699507389162561;-1.239352297604193
Unknown;0.250994980100398;-0.44;-0.5704652460202282
Low;0.0195196096078078;-0.3026819923371647;-0.9896925913829916
Unknown;0.503909921801564;-0.0208333333333333;-0.2817152524192375
Unknown;0.5624287514249715;0.1333333333333333;0.2673625120689812
Unknown;0.0565588688226235;-0.2727272727272727;-0.6520157942202726
Unknown;0.245995080098398;0.3955555555555555;0.5286339499556713
Unknown;0.6385472290554189;-0.1372549019607843;-0.1662869661682812
Unknown;0.3368732625347493;-0.3201970443349753;-0.3968840947194257
Unknown;0.121197576048479;-0.4583333333333333;-0.7221068260505131
Unknown;0.0002799944001119;-0.7610294117647058;-1.614197965643362
Unknown;0.0235195296094078;-0.6583333333333333;-1.1162944780771284
High;0.5710685786284274;-0.2026143790849673;-0.2292747970312708
Unknown;0.1983960320793584;-0.2152777777777778;-0.5776350410233082
Unknown;0.0115997680046399;-0.4853658536585366;-1.0089322298048478
Unknown;0.0426791464170716;-0.5377777777777778;-1.19327258968239
Unknown;0.2025559488810223;-0.0418470418470418;-0.4992566989261681
Unknown;0.0046799064018719;-0.475;-1.0710782222247528
Unknown;0.1717965640687186;0.2888888888888888;0.6465826817084959
Control;0.1353972920541589;-0.0737327188940092;-0.7718158014891603
Low;0.0006799864002719;-0.5307692307692308;-1.14601127161433
Unknown;0.0269994600107997;-0.5555555555555556;-0.9866753618416116
Unknown;0.5142697146057079;-0.2916666666666667;-0.281269918305991
Unknown;0.1919161616767664;-0.2230769230769231;-0.4558299811482839
Unknown;0.1519569608607827;-0.037037037037037;-0.9253909386866608
Unknown;7.999840003199936e-05;-0.6145124716553289;-2.4886501973312347
Unknown;0.498110037799244;0.2826086956521739;0.2873247884007804
Unknown;0.0021199576008479;-0.0025974025974025;-2.024478733280983
Control;0.0060398792024159;-0.5338345864661654;-1.2336260397305487
Control;0.6678666426671467;0.1857142857142857;0.185007774564925
Unknown;0.1469970600587988;-0.4666666666666667;-0.7567765136646752
Control;0.5855482890342193;-0.2571428571428571;-0.1965756177390378
Unknown;0.0002399952000959;-0.935897435897436;-3.227945393997345
Unknown;3.999920001599968e-05;-0.8079625292740047;-1.9428782572806416
Unknown;3.999920001599968e-05;-0.7704081632653061;-2.716179676058064
Unknown;0.2159556808863822;-0.5037593984962406;-0.5163400216725477
Unknown;0.0059998800023999;-0.6243756243756243;-0.994771246019124
Medium;7.999840003199936e-05;-0.8063380281690141;-2.6309946061287013
Low;0.3891122177556448;-0.4;-0.3410618899622506
Unknown;0.3413931721365573;-0.2481203007518796;-0.3885250784630031
Unknown;0.6019479610407792;0.0952380952380952;0.2381624196566684
Control;0.2259554808903822;-0.2578616352201258;-0.5276119361205163
Medium;0.0008399832003359;-0.7333333333333333;-2.0530063768639755
Unknown;0.872862542749145;-0.1066666666666666;-0.0519306200487292
Control;0.0104397912041759;-0.4088669950738916;-1.289285546388346
Unknown;0.0015199696006079;0.8133333333333334;1.364160604340175
Unknown;0.240795184096318;0.2585365853658536;0.3914226069926317
Unknown;0.3417931641367173;0.106060606060606;-0.34307154354392
Unknown;0.2242355152896942;0.2207792207792207;0.4760245293252129
Unknown;0.249235015299694;-0.22;-0.524566606385919
Unknown;0.3338733225335493;-0.1333333333333333;-0.4404292237245555
Medium;0.0158796824063518;0.6169354838709677;0.7816285301027285
Unknown;0.7775044499110018;0.0641025641025641;0.1445652231451213
Unknown;0.501589968200636;0.0933333333333333;0.3025168571644321
Unknown;0.0123197536049279;-0.5460992907801419;-1.285900447629944
Unknown;0.0452390952180956;-0.5714285714285714;-0.976976970404232
Unknown;0.0091998160036799;0.5882352941176471;1.201809153772847
Low;7.999840003199936e-05;-0.7568181818181818;-1.516751095345655
Unknown;0.1265174696506069;-0.3268765133171913;-0.6533156817837196
Unknown;0.0368792624147517;0.4444444444444444;0.8979969087075826
Unknown;0.5444291114177716;0.1138014527845036;0.2552831527435004
Unknown;0.9591808163836724;-0.0687830687830687;-0.0099913933647592
Unknown;0.0569588608227835;-0.7243589743589743;-0.9606477392047824
Unknown;0.1573968520629587;-0.2681159420289855;-0.6538680373163297
Unknown;0.0128797424051518;-0.6666666666666666;-1.2449228996571984
Unknown;0.3301533969320613;0.1858823529411764;0.3253155525886086
Unknown;0.0095598088038239;-0.6962962962962963;-1.276656063494609
High;0.0823583528329433;-0.3384615384615385;-0.798341992004906
Unknown;0.2131157376852463;-0.3546099290780142;-0.562952022290145
High;0.1419571608567828;-0.1699346405228758;-0.6914344208437122
Unknown;0.0216795664086718;-0.38;-1.2274866873698012
Control;0.255234895302094;0.1325757575757575;0.4224050738260282
Low;0.878302433951321;0.0211640211640211;0.0812238619452606
Unknown;0.1512369752604948;-0.3925925925925926;-0.6823702281715823
Unknown;0.0470790584188316;-0.2708333333333333;-0.969857427941094
Unknown;0.0067198656026879;-0.4090909090909091;-1.225357005389492
Medium;0.4169116617667646;-0.1851851851851851;-0.3567918593250738
Unknown;0.0119997600047999;-0.4470046082949309;-1.2783856308540416
Control;0.0143597128057438;0.4044526901669759;0.7104587696602181
Unknown;0.0343193136137277;-0.56;-0.940102186059825
Unknown;0.0126397472050558;-0.7152777777777778;-1.3598198352107915
Unknown;0.0378792424151517;-0.4861111111111111;-0.8632527161065685
Unknown;0.0215195696086078;-0.1635220125786163;-1.1949222420662784
Unknown;0.0358392832143357;-0.2207001522070015;-0.926308127674046
Unknown;3.999920001599968e-05;-0.9470899470899472;-3.1454266585173225
Unknown;0.0177196456070878;-0.188034188034188;-0.8883315010329152
Unknown;0.0011199776004479;-0.640625;-1.2172345620777945
Control;0.3653526929461411;-0.3194805194805195;-0.3557429189987253
Unknown;0.0001999960000799;-0.6851851851851852;-2.986868248854665
Unknown;0.4061118777624447;-0.1377777777777777;-0.3666506914838439
Unknown;0.4707105857882842;-0.1893939393939394;-0.2959957346976647
Unknown;3.999920001599968e-05;-0.9079903147699758;-2.5477991881233275
Control;0.0380392392152156;-0.6231884057971014;-1.1581324074494557
Unknown;0.0241995160096798;-0.5886524822695035;-1.218230449637086
Unknown;0.0012399752004959;-0.872093023255814;-2.4216427542984698
Unknown;0.0206395872082558;-0.8027210884353742;-1.320553514693683
High;0.0052398952020959;-0.7096018735362998;-1.211460057585198
Unknown;0.9443811123777524;-0.1292517006802721;0.0240596041167381
Unknown;0.1336134453781512;-0.2727272727272727;-0.9873818821828912
Control;0.0001199976000479;-0.6803827751196172;-1.50721894624448
Unknown;0.0317193656126877;-0.5555555555555556;-0.9854426224195594
Low;0.9367412651746964;-0.1481481481481481;0.0579329112965477
Medium;3.999920001599968e-05;-0.9047619047619048;-2.6279896243991883
Unknown;0.246635067298654;-0.2826086956521739;-0.5132898587266755
Unknown;0.5327493450130998;0.5816326530612245;-0.1704908184520155
Unknown;0.2333553328933421;0.3560606060606061;-0.4814354617271228
Unknown;0.3087938241235175;-0.2622222222222222;-0.4918905782831459
Unknown;0.9729805403891922;-0.0175438596491228;0.045608167450173
Unknown;3.999920001599968e-05;-0.8649350649350649;-2.495462792360729
Low;0.2553148937021259;-0.3541666666666667;-0.5031335054822481
Unknown;0.506029879402412;0.0711462450592885;0.2186203858165554
Unknown;0.0031199376012479;-0.5952380952380952;-1.4236293606264672
Low;0.367152656946861;0.0718954248366013;0.4053699551731141
Unknown;0.0021199576008479;-0.6355555555555555;-2.357981827869007
Unknown;3.999920001599968e-05;-0.9532467532467532;-2.387582231875908
Unknown;0.1044779104417911;-0.7185185185185186;-0.8582987790299017
Unknown;0.7787044259114818;0.04;-0.1258837941165328
Low;0.5841883162336753;0.1392045454545454;0.217510743017557
Unknown;0.253514929701406;-0.2592592592592592;-0.5165701817434083
Unknown;0.1471170576588468;-0.425531914893617;-0.6991121962524595
Unknown;0.4142317153656927;-0.0666666666666666;-0.3857950336979374
Unknown;0.3631127377452451;-0.4074074074074074;-0.3817268932015389
Unknown;7.999840003199936e-05;-0.8933333333333333;-2.4854227313391357
Unknown;0.378952420951581;-0.12;-0.3913889822791314
Unknown;0.3417531649367012;0.2075471698113207;0.3898628734686265
Unknown;0.24547509049819;-0.3333333333333333;-0.5173462570520952
Unknown;0.3293534129317413;0.392156862745098;0.4189169130906249
Unknown;0.366512669746605;-0.3617021276595745;-0.4095581548508301
Unknown;0.0026799464010719;-0.6266666666666667;-2.055293697748903
Unknown;0.0708385832283354;-0.3766233766233766;-0.8222176963128517
Unknown;0.0386792264154716;-0.5128205128205128;-1.0599750921342763
Unknown;0.0121197576048479;-0.4184397163120567;-1.3363327786489805
Unknown;0.4362312753744925;-0.1180555555555555;-0.333244770675177
Unknown;0.0167596648067038;-0.3386243386243386;-1.129475601932381
Unknown;3.999920001599968e-05;-0.88671875;-2.3984724476897394
Unknown;0.6223475530489391;-0.0983606557377049;-0.1878854221075843
Unknown;0.4118317633647327;-0.1767554479418886;-0.3248773891473308
Unknown;0.2157956840863182;0.1666666666666666;-0.8331993894257217
Unknown;0.0686786264274714;-0.3268765133171913;-0.8562500018479473
Unknown;0.1661961227178618;-0.35;-0.8573837417699837
Unknown;0.3263534729305414;-0.2561576354679803;-0.4007136910053263
Unknown;0.1457970840583188;-0.3265306122448979;-0.5887125252199903
Unknown;0.0072398552028959;-0.8045714285714286;-0.9703354905710594
Unknown;0.249635007299854;-0.3743842364532019;-0.4854481765407709
Unknown;0.0337993240135197;-0.5714285714285714;-0.916013840702006
Unknown;0.0011999760004799;-0.5111111111111111;-2.1156612450894583
Unknown;0.0142397152056958;-0.522962962962963;-1.2135562489620522
Unknown;0.0017599648007039;-0.5138888888888888;-1.8514985033037488
Unknown;0.4214315713685726;-0.0944309927360774;-0.319933819936381
Medium;0.0058398832023359;-0.5591397849462365;-1.5326638169239233
Unknown;0.0311593768124637;-0.4296296296296296;-1.1148587762900446
Unknown;0.0151996960060798;-0.4888888888888889;-1.2257629213158288
Unknown;0.0127597448051038;-0.6025641025641025;-1.3719244792422751
Unknown;0.2075158496830063;-0.3461538461538461;-0.5588506467617732
Low;0.0079998400031999;-0.7463768115942029;-1.5647452541795643
Unknown;0.0016399672006559;-0.7772397094430993;-1.643301329432992
Unknown;0.5391492170156597;0.3785046728971962;-0.1317274731795933
Unknown;0.5496690066198676;0.0141843971631205;-0.2462090063191768
Unknown;0.3279534409311814;-0.2483660130718954;-0.4266852391779508
Unknown;0.0705585888282234;-0.3874643874643874;-0.6402005157644465
Control;0.9469010619787604;-0.0625;-0.0304536673471292
Unknown;0.8575428491430171;-0.0612244897959183;0.1083931573869366
Unknown;0.3427531449371012;-0.3159722222222222;-0.3564807773197637
Unknown;0.1126777464450711;-0.3900709219858156;-0.7234367413454196
Unknown;0.5375492490150197;-0.1419753086419753;-0.2499778953517191
Unknown;0.0387192256154876;-0.141860465116279;-0.8314266489382348
Control;0.0531589368212635;-0.42;-0.8548162269639727
Unknown;7.999840003199936e-05;-0.8641975308641975;-2.5045285806887985
Unknown;0.0399192016159676;-0.5308641975308642;-1.0522277523042318
Unknown;3.999920001599968e-05;-0.927536231884058;-3.125601742668479
Unknown;0.0287594248115037;-0.66;-1.0933006143717376
Unknown;0.3099938001239975;0.4;0.4867030814831056
Unknown;0.4881502369952601;-0.1133004926108374;-0.2755361611359017
Unknown;0.9594208115837684;0.1224489795918367;0.0397373455431187
Unknown;0.0011199776004479;-0.4545454545454545;-2.070716550761877
Unknown;0.0028399432011359;-0.7543859649122807;-1.6587315462937453
Unknown;0.0596788064238715;-0.7;-0.9887786951322848
Control;0.2139957200855982;-0.3061224489795918;-0.5009788526488801
Unknown;0.0972380552388952;0.3856209150326797;0.6379782921647212
Low;3.999920001599968e-05;-0.7352941176470589;-2.951414338419522
Unknown;0.9553008939821204;0.0972222222222222;-0.0013664557142778
Unknown;0.6533069338613228;0.1383647798742138;0.1989265332389298
Unknown;0.0933181336373272;-0.4927536231884058;-0.7798798783354087
Unknown;0.0437591248175036;-0.5037037037037037;-0.9562292304411864
Unknown;0.2903541929161417;0.3333333333333333;0.4227817217733549
Control;0.125037499250015;0.3384615384615385;0.587121849342613
Control;0.5870282594348113;-0.3333333333333333;-0.179415229228648
Control;0.4541909161816763;-0.5374149659863946;-0.3077022567059748
Unknown;0.8142637147257055;0.1358024691358024;-0.0825727043013641
Unknown;0.2309953800923981;-0.0869565217391304;-0.526475661487721
Unknown;0.244035119297614;0.3225806451612903;0.4641895393266478
Unknown;0.0010399792004159;-0.7971014492753623;-1.810161923031092
Unknown;0.0127597448051038;-0.5396825396825397;-1.4416796784584411
High;0.0913981720365592;-0.4148148148148148;-0.741883423639637
Unknown;0.2845943081138377;0.2673611111111111;0.4005044049708555
Unknown;0.0239995200095998;-0.4761904761904761;-1.1748538091934868
Unknown;0.0125997480050399;-0.5833333333333334;-1.4783739401265614
Unknown;0.0496390072198556;-0.524822695035461;-0.9406823606562598
Unknown;0.9399412011759763;0.0210355987055016;0.0009546822333322
Unknown;0.2721145577088458;-0.191358024691358;-0.5088500002531564
Unknown;0.5789484210315794;-0.1185185185185185;-0.2278484660040785
Unknown;0.0189996200075998;-0.717948717948718;-1.420664309484375
Unknown;0.363552728945421;0.1172839506172839;0.4066658872607703
Unknown;0.118517629647407;-0.68;-0.82842274302477
Unknown;0.250754984900302;0.3481481481481481;0.4879604535679078
Unknown;0.2216355672886542;-0.228395061728395;-0.5207131000493674
Unknown;0.0037999240015199;-0.7973856209150327;-1.3295037520861288
Unknown;3.999920001599968e-05;-0.90625;-2.904454881074779
Unknown;0.0386792264154716;-0.5288888888888889;-1.175781782938043
Unknown;0.0002799944001119;-0.657967032967033;-1.2234344126714918
Medium;0.2028759424811503;-0.1231343283582089;-0.5110073229261601
Control;0.0039599208015839;-0.562962962962963;-1.7021678824419766
Medium;0.8590228195436092;0.1428571428571428;0.0970939490020996
Unknown;0.4894302113957721;-0.2012578616352201;-0.2593118637587116
Unknown;0.9682206355872882;0.0666666666666666;0.0003813945910622
Unknown;0.5690686186276275;-0.1288888888888889;-0.2797486337862059
High;0.6595468090638187;0.2266666666666666;0.1881400350727634
Unknown;0.0057998840023199;-0.7943262411347518;-1.5601255203914923
Low;0.0033999320013599;-0.5644444444444444;-1.641587488940784
Unknown;3.999920001599968e-05;-0.8066666666666666;-2.493579614020547
Unknown;0.992060158796824;0.0394088669950738;0.0113415697445908
Unknown;0.0790384192316153;-0.3111111111111111;-1.1821564162349898
Unknown;0.6843863122737546;0.2177777777777777;0.1775548180194545
Unknown;0.242395152096958;-0.3095238095238095;-0.5276282551805339
Unknown;0.5818283634327314;0.14;-0.2120114056763142
Unknown;0.1721165576688466;-0.3194444444444444;-0.6439724221095481
Unknown;0.0296794064118717;-0.5144927536231884;-1.0229262987875034
Unknown;0.3405931881362373;-0.3055555555555556;-0.4176363409867442
Control;0.115117697646047;0.4043583535108959;0.5553195133418315
Unknown;0.8451830963380732;-0.0486111111111111;-0.1002576022814095
Unknown;0.1461970760584788;-0.5147058823529411;-0.6103554105853947
Unknown;0.1081578368432631;0.4666666666666667;0.713861706305495
Unknown;0.5606687866242676;0.1333333333333333;0.2681866643541896
High;0.875742485150297;0.1140350877192982;0.0682592197332106
Unknown;0.7189056218875622;0.1219512195121951;0.1480168935117446
Unknown;0.0591588168236635;-0.455026455026455;-0.7651805155152055
Unknown;7.999840003199936e-05;-0.854875283446712;-2.472606308010151
Unknown;3.999920001599968e-05;-0.925925925925926;-2.90227881621534
Unknown;0.7642647147057059;-0.196078431372549;-0.0858694687749537
Unknown;0.0166796664066718;-0.7904761904761904;-1.4803247010986555
Unknown;0.1783964320713585;-0.3422222222222222;-0.6753131510746314
High;0.0598388032239355;0.4897959183673469;0.8551848563768949
Unknown;0.994620107597848;0.1231884057971014;0.0183945017392304
Unknown;0.0487590248195036;-0.7688888888888888;-1.131889697180193
Medium;3.999920001599968e-05;-0.9935897435897436;-6.91034552059208
Control;0.4846303073938521;0.0913348946135831;0.2894725784545652
Unknown;0.0625587488250235;-0.0347222222222222;-1.0773041064377795
Low;0.0400391992160156;-0.4973544973544973;-1.003848319488894
Unknown;0.2575548489030219;0.291005291005291;0.4464195214023647
Control;0.0015599688006239;-0.8;-1.6505130754792867
Unknown;0.9415011699766004;0.0148148148148148;0.0136474028921935
Unknown;0.0108397832043359;-0.4117647058823529;-1.2713452669594034
High;0.50414991700166;-0.1571428571428571;-0.2603263223510539
Unknown;0.6960260794784104;-0.1984126984126984;-0.1071011003177783
Unknown;0.2199556008879822;0.2407407407407407;0.5276385683423718
Unknown;0.5735485290294194;0.0296296296296296;0.2909691053273752
Unknown;0.7962240755184896;0.1088435374149659;0.1297845075278096
Unknown;0.8157036859262815;-0.0408163265306122;-0.0756965319242395
Unknown;0.1321173576528469;-0.2028985507246377;-0.6886628006987547
Unknown;0.0369192616147677;-0.0909090909090909;-1.0021739903330902
Unknown;0.2171956560868782;-0.2411347517730496;-0.5752645256144205
Unknown;0.7184656306873862;-0.0266343825665859;-0.1386236716906903
Unknown;0.2290354192916141;-0.122077922077922;-0.5396012686217158
Unknown;0.1529569408611827;-0.3603603603603603;-0.6589541242076541
Unknown;0.3635927281454371;-0.1458333333333333;-0.3314899166139601
Unknown;0.2637947241055179;-0.1063829787234042;-0.5976748949408031
Unknown;0.0311193776124477;-0.4855072463768116;-1.2295737970056049
Medium;0.0001999960000799;-0.8151260504201681;-1.7864845722827472
Unknown;0.0453590928181436;-0.375886524822695;-1.3100016213985817
Unknown;0.0005599888002239;-0.532258064516129;-1.5263692704074316
Unknown;0.0193996120077598;-0.4861111111111111;-1.4762425956102267
Unknown;0.0181596368072638;-0.1333333333333333;-0.9207221631161912
Unknown;0.0491190176196476;0.1975308641975308;-1.0350327158808446
Unknown;0.4577508449831003;0.4834054834054834;0.2733677950748285
Medium;0.9753004939901202;0.0384615384615384;0.0231459329216748
Unknown;0.0768784624307513;-0.2711111111111111;-0.8717257191364227
Unknown;0.4773504529909402;-0.2098765432098765;-0.3199095997871777
Unknown;0.0183596328073438;-0.4505050505050505;-0.7527029217976333
Medium;0.0938781224375512;-0.3244444444444444;-1.4132710604533594
Low;0.0761184776304473;-0.3724489795918367;-0.7565346858090222
Unknown;0.0495990080198396;-0.6736111111111112;-0.9603582280054732
Unknown;0.3267934641307173;0.28;0.4235660329815889
Unknown;0.0056798864022719;-0.7333333333333333;-1.684486760539545
Unknown;7.999840003199936e-05;-0.8076923076923077;-1.9335517701641365
Unknown;0.0626387472250555;-0.45;-0.7378836162765599
Medium;0.0040799184016319;-0.4705882352941176;-1.7925194607958184
Unknown;0.5180696386072279;-0.1858974358974359;-0.2828124287126666
Unknown;0.0076798464030719;-0.4527845036319612;-1.2797749305847372
Unknown;0.0181596368072638;-0.5074626865671642;-0.9068084527900128
Unknown;0.8162636747265055;0.0357142857142857;0.1110700421981955
Unknown;0.3230735385292294;-0.3202614379084967;-0.4148637629493069
Unknown;0.0025999480010399;-0.3704545454545455;-1.236473611868656
Unknown;0.0043199136017279;-0.6711111111111111;-1.4902894873905408
Unknown;0.4042319153616928;-0.1830985915492957;-0.3113470842239101
Unknown;0.0562788744225115;0.463768115942029;0.790765948085788
Unknown;0.3149537009259814;-0.2;-0.4391217272891888
Unknown;0.7052258954820904;0.0942028985507246;0.1744631733503164
Unknown;0.1551168976620467;-0.6533333333333333;-0.720712655896493
Unknown;0.0726785464290714;-0.2301587301587301;-0.8291119865722089
Control;0.0099198016039679;-0.6083333333333333;-0.9995963838733396
Control;0.7319453610927782;0.1666666666666666;0.0921703733531762
High;0.0193196136077278;-0.808641975308642;-1.4365960137504974
Unknown;0.0152396952060958;0.5351089588377724;0.958916183360121
Unknown;3.999920001599968e-05;-0.8052805280528053;-1.8263572935839043
Unknown;0.116277674446511;-0.2222222222222222;-0.7380077153019863
Unknown;7.999840003199936e-05;-0.9;-2.6114717955693987
Unknown;0.0155196896062078;-0.2444444444444444;-1.5733183617808328
Unknown;0.0009599808003839;-0.7363636363636363;-2.2777330208593165
Control;0.0390392192156156;0.391812865497076;0.7713463364427114
Unknown;0.0122797544049119;-0.5407407407407407;-1.3196368998385046
Unknown;0.1647567048659027;0.3536585365853658;-0.5236848277690931
Unknown;0.0001599968000639;-0.967741935483871;-2.33488808479188
Unknown;0.0019999600007999;-0.6737588652482269;-1.7537695561887094
Unknown;0.868702625947481;-0.0333333333333333;0.100061768290975
Low;0.2544749105017899;0.3012820512820512;0.4610331688931505
Unknown;0.2159956800863982;-0.2;-0.6153266115151261
Unknown;0.5698286034279314;0.1122448979591836;0.2282424330467302
Control;0.0011599768004639;-0.5424836601307189;-1.7941248405681225
Unknown;0.0010399792004159;-0.5444555444555444;-1.4221250823810272
Unknown;3.999920001599968e-05;-0.9444444444444444;-2.5054828580514044
Unknown;0.0080798384032319;-0.6066176470588235;-1.0468744968227512
Medium;0.0003599928001439;-0.245014245014245;-1.9253883262620888
Unknown;0.7346253074938501;-0.1037037037037037;-0.1255896176789046
Unknown;0.7367852642947141;0.3088888888888889;0.141434732236534
Unknown;0.1569168616627667;-0.4133333333333333;-0.6910488353200891
Unknown;0.8846623067538649;-0.1381733021077283;0.0912050225315702
Unknown;0.8357032859342813;0.0127118644067796;0.0992168790943665
Unknown;0.0064398712025759;-0.6111111111111112;-0.9428785681628592
High;3.999920001599968e-05;-0.9743589743589745;-3.6197588032212495
Unknown;0.1720365592688146;0.3580246913580246;0.5708019638513671
Unknown;0.0005999880002399;-0.7777777777777778;-2.5634065452706114
Unknown;0.3490330193396132;-0.2681159420289855;-0.4039006278948238
Unknown;0.994380112397752;0.0816326530612244;0.0522553694030665
Unknown;0.4521909561808764;-0.0897435897435897;-0.3271140665793034
Low;0.7843843123137537;-0.0098814229249011;0.110511698675396
Control;0.0426391472170556;0.4392857142857143;0.7972660386410416
Unknown;7.999840003199936e-05;-0.9645390070921984;-3.5796176870312744
Unknown;0.3607527849443011;0.1594202898550724;0.3967572230637748
Unknown;0.0082798344033119;-0.3523809523809524;-1.5611434370602433
Unknown;0.9574208515829684;-0.2553191489361702;0.0192627795421377
Unknown;0.123397532049359;-0.2613636363636363;-0.6076966388668447
Unknown;0.9685006299874004;0.0555555555555555;-0.006771401159056
Unknown;0.4444711105777884;-0.2152777777777778;-0.3133930342400027
Unknown;0.3058338833223336;-0.2907153729071537;-0.3639070289147727
Unknown;0.6334273314533709;-0.1984126984126984;-0.1702776405727163
Control;0.0047199056018879;-0.8333333333333334;-1.5079656622701323
Unknown;0.9118617627647448;0.0044444444444444;0.0862036444225612
Unknown;0.0261994760104797;-0.674074074074074;-1.2052483420439062
Unknown;0.0341193176136477;0.3837037037037037;0.7663497111258308
Unknown;0.248955020899582;-0.3866666666666666;-0.5590252276651978
Unknown;0.3135937281254375;-0.2364532019704433;-0.4056949756328605
Control;0.0032799344013119;-0.7898550724637681;-1.640897526359179
Medium;0.2197956040879182;0.3144654088050314;-0.5841574213704722
Unknown;0.7648247035059299;-0.1698113207547169;-0.0859002437789379
Unknown;0.0159996800063998;-0.7066666666666667;-1.2766305653760464
Unknown;0.8477830443391132;0.25;0.1201591669468375
Unknown;0.4711105777884442;-0.1914893617021276;-0.3163237051361156
Unknown;0.0351592968140637;0.5777777777777777;0.7119104290606244
Unknown;0.2184356312873742;-0.2569444444444444;-0.5395657246078025
Unknown;0.0031599368012639;-0.5833333333333334;-1.2285667441824673
Unknown;0.1857585139318885;-0.34375;-0.8277720691652796
Unknown;0.6688666226675466;-0.1147540983606557;-0.1684108553027808
Unknown;0.7042259154816903;-0.1217948717948717;-0.1357421411093778
Unknown;0.6637067258654827;0.1045751633986928;0.1958905384636865
Unknown;0.5522689546209076;0.1773049645390071;-0.2279955515913914
Unknown;0.0005999880002399;-0.6666666666666666;-2.599505125054381
Unknown;0.9745805083898322;0.0044444444444444;0.0418128785825587
Unknown;0.1058778824423511;-0.6304347826086957;-0.8018019916367828
Unknown;0.0221595568088638;0.0679156908665105;-1.2292686683802878
Low;0.4507909841803164;-0.1572327044025157;-0.3206593255506211
Unknown;0.0869182616347673;-0.425531914893617;-0.7573860478962487
Unknown;0.9514209715805684;-0.1037037037037037;-0.0152635384737216
Control;0.0010799784004319;-0.8134328358208955;-1.5592035852676946
Unknown;0.8437431251374973;-0.0071428571428571;-0.0619464700180386
Low;0.625907481850363;0.0793650793650793;0.2124014304623908
Unknown;0.2045559088818223;-0.358974358974359;-0.5635290991290148
Unknown;0.2287954240915181;-0.2986111111111111;-0.5347941827898699
Unknown;7.999840003199936e-05;-0.9288888888888888;-3.2957970717065845
Unknown;0.365552688946221;-0.1241830065359477;-0.3864685076211848
Unknown;0.8129837403251935;-0.0283687943262411;-0.0479776354856854
Unknown;0.6349073018539629;-0.1699346405228758;-0.1956556949003976
Unknown;0.0028399432011359;-0.7755102040816326;-1.6399498515075437
Unknown;0.1359972800543989;-0.1895424836601307;-0.4959746614039706
Unknown;0.240235195296094;-0.2444444444444444;-0.5741570323571725
Control;0.7071858562828743;0.0283687943262411;-0.1750791685854863
Unknown;0.7855442891142177;-0.1288888888888889;-0.1205056825532381
Unknown;0.1370772584548309;-0.4027777777777778;-0.6751119592197758
Unknown;0.1978760424791504;0.1608187134502924;-0.614437574187064
Unknown;0.3580728385432291;-0.1489361702127659;-0.4068266307437218
Unknown;0.372072558548829;0.1644444444444444;0.423292527249737
Control;0.9713005739885202;-0.1231884057971014;0.0777510202963997
Unknown;0.2991940161196776;-0.2244897959183673;-0.4500927035491993
Unknown;0.1775164496710065;-0.2814814814814815;-0.6030505613656751
High;0.0060398792024159;-0.6474358974358975;-1.353742720477202
Unknown;0.4802303953920921;0.226950354609929;0.3148006827313032
Unknown;0.867822643547129;-0.0496453900709219;-0.0563598275800073
Unknown;0.0044399112017759;-0.365079365079365;-1.37423035929962
Unknown;0.1037979240415191;-0.1538461538461538;-0.8276590650098502
Low;0.626267474650507;0.432183908045977;0.181931140209315
Unknown;0.0043999120017599;-0.7619047619047619;-1.4162634620132404
Unknown;0.0237195256094878;-0.5259259259259259;-1.0419740513643008
Low;7.999840003199936e-05;-0.899749373433584;-2.879802115078062
Unknown;0.0983180336393272;-0.4733333333333333;-0.777438624409858
Unknown;0.7820643587128258;-0.1655328798185941;-0.097909873087403
Control;0.1453970920581588;0.3153846153846154;0.5368977721520061
Unknown;0.1021579568408631;0.4025157232704403;0.6455681619686748
Unknown;0.3277934441311174;-0.2753623188405797;-0.4408594933774891
Unknown;0.0001999960000799;-0.8446115288220551;-2.0198718818661514
Unknown;0.7607047859042819;-0.1058201058201058;-0.1180890851860849
Unknown;0.0413191736165276;-0.5955882352941176;-0.961981286508972
Unknown;3.999920001599968e-05;-0.9555555555555556;-3.0391997720633843
Unknown;0.2164756704865902;0.1388888888888889;-0.9498061600550596
Control;0.8535429291414172;0.037037037037037;0.0854153835284709
Unknown;0.5584688306233875;-0.0144927536231884;-0.2428367795685538
Unknown;0.0887982240355192;-0.2681159420289855;-0.804832355074748
Unknown;0.0008399832003359;-0.7866666666666666;-2.050824044101164
Medium;0.0601587968240635;-0.0689655172413793;-0.9541958953213696
Unknown;0.5969080618387632;-0.3066666666666666;-0.1893055998665483
Unknown;0.0313593728125437;0.5974842767295597;0.8269309881575891
Unknown;0.0075198496030079;-0.4102564102564102;-1.5039182945535066
Unknown;0.4761104777904442;0.1341991341991342;-0.2255067852844106
Unknown;0.0024799504009919;-0.7866666666666666;-1.4167119017941383
High;0.1513969720605588;-0.1555555555555555;-0.8869021957579003
Unknown;0.0084798304033919;-0.5942028985507246;-1.3077240181390903
Unknown;0.1352372952540949;-0.0945821854912764;-0.5203940048851069
Unknown;0.3586728265434691;-0.4235588972431077;-0.3616514266679065
Unknown;0.6182276354472911;-0.0784313725490196;-0.2172377536049079
Unknown;0.7685846283074339;0.12;0.2064098563761517
Unknown;0.0326393472130557;-0.3952569169960474;-0.7013540523904636
Unknown;0.9265414691706166;0.1377777777777777;0.0897720383697043
Unknown;7.999840003199936e-05;-0.88;-2.1306422528305493
Unknown;0.9192216155676888;0.0591133004926108;0.0363469713773239
Unknown;0.3183136337273254;-0.1527777777777778;-0.4345118613936699
Unknown;0.2044359112817743;-0.2533333333333333;-0.6291596010580408
Medium;0.8303033939321214;0.0476190476190476;0.108968298536681
Unknown;0.0004399912001759;-0.5871212121212122;-1.4976730122709114
Unknown;0.8041839163216735;0.2740740740740741;0.1521979055968945
Unknown;0.493590128197436;-0.181159420289855;-0.2936643738401246
Unknown;0.239435211295774;-0.1217948717948717;-0.5343668267794178
Unknown;0.1933161336773264;-0.5792207792207792;-0.5703318682625882
Unknown;0.1006779864402711;-0.2740740740740741;-0.7665880969675084
High;3.999920001599968e-05;-0.961904761904762;-2.852855217023758
Unknown;0.5240295194096118;0.1159420289855072;0.2932133625576117
Unknown;0.0003999920001599;-0.7246376811594203;-1.620209445496459
Unknown;0.0546389072218555;-0.4312354312354312;-0.692085272489917
Control;7.999840003199936e-05;-0.9119496855345912;-2.334348512749545
Unknown;0.1995560088798224;-0.3842364532019704;-0.5207570753808342
Unknown;0.3461930761384772;-0.1666666666666666;-0.4130301781290962
Unknown;0.120437591248175;-0.0074074074074074;-0.8270897383571066
Control;0.8401831963360733;-0.226950354609929;0.1218768516214633
Unknown;0.1693966120677586;-0.3695652173913043;-0.6256509248357647
Unknown;0.0181996360072798;-0.432183908045977;-0.8892833802469263
Unknown;0.5143897122057559;-0.2704918032786885;-0.2397198239712236
Unknown;0.2293554128917421;-0.2;-0.5508862531151542
Unknown;0.3943921121577568;-0.3469387755102041;-0.3738947270686833
Unknown;0.0057198856022879;-0.7047619047619048;-1.1633124331880098
Unknown;0.0153596928061438;-0.3627906976744186;-0.8861329551827163
Medium;0.2583148337033259;-0.4117647058823529;-0.2033613802025873
Unknown;0.0140797184056318;-0.625;-1.2050914778983222
Unknown;0.0293594128117437;-0.5111111111111111;-1.0572405829260754
Control;0.122317553648927;-0.1309523809523809;-0.6509427342534156
Medium;0.4780704385912281;0.3111111111111111;0.3137980281250014
Unknown;0.1524369512609747;0.4736842105263157;0.6010247540739211
Unknown;3.999920001599968e-05;-0.8455882352941176;-1.949476600995904
Control;0.0085598288034239;-0.5373493975903615;-1.1061295119958432
Unknown;0.0093998120037599;0.4857667584940312;0.7025766612087342
Low;0.0001199976000479;-0.6543778801843319;-2.1315095853084665
Unknown;0.9191816163676726;-0.0295950155763239;0.0312473357248933
Unknown;0.0034399312013759;-0.5288888888888889;-2.1441896782081584
Unknown;0.0011999760004799;-0.5617283950617284;-2.1120322772584026
Unknown;0.0019199616007679;-0.8169934640522876;-1.625619417827698
High;0.0008799824003519;-0.7959183673469388;-1.74269042836642
Unknown;0.0810383792324153;-0.5555555555555556;-0.7711332231334834
High;0.0251594968100637;0.5769230769230769;0.9254076138770788
Unknown;0.6618667626647468;-0.0933333333333333;-0.2009070175010459
Unknown;0.0011199776004479;-0.5401234567901234;-1.4642816816167905
Unknown;0.0685986280274394;0.3688888888888889;0.792668336434662
Unknown;0.0138797224055518;-0.7872340425531915;-1.273865096926864
Unknown;0.0076798464030719;-0.3106382978723404;-1.6938249741755935
Unknown;0.0949181016379672;-0.36;-0.8234165554176458
Unknown;0.4323513529729405;-0.0754716981132075;-0.3371356005119293
Unknown;0.2252754944901102;-0.0214285714285714;-0.4718914434544727
Unknown;0.0223195536089278;-0.4973544973544973;-1.1964135508758975
Unknown;0.0002799944001119;-0.7847222222222222;-2.430444506311552
Unknown;0.0602787944241115;-0.3891625615763547;-0.7808238688215113
Low;0.1084378312433751;0.25;0.5837558356999756
Unknown;0.1696366072678546;-0.2361111111111111;-0.6007083369563018
Unknown;0.0001199976000479;-0.7038961038961039;-2.697961133877108
Medium;0.0473590528189436;0.3418367346938775;0.7402697266032088
Low;0.8021839563208736;0.0952380952380952;-0.0766890933366289
Unknown;0.1539569208615827;-0.6170212765957447;-0.6895729679630644
High;3.999920001599968e-05;-0.6666666666666666;-3.645623835927465
Control;0.0221995560088798;0.4506172839506173;0.7880226252807251
Unknown;0.4341913161736765;0.0625;0.3409998956180055
Low;0.6799864002719945;0.0148148148148148;-0.1520945439579114
Unknown;0.0116397672046559;-0.427536231884058;-1.4920391896946268
Unknown;0.0911949685534591;0.5163398692810458;0.9059232412331222
Control;0.378792424151517;0.0755555555555555;0.3970354700459288
Unknown;0.2825943481130377;-0.2452830188679245;-0.4772010508298184
Unknown;0.99310013799724;0.0217391304347826;0.019419419547998
Unknown;0.0006799864002719;-0.8518518518518519;-2.237386157793837
Unknown;0.4197916041679166;-0.3531746031746032;-0.2998759161870017
Unknown;0.2685546289074219;-0.2993197278911564;-0.5004253185988202
Unknown;0.1001179976400472;-0.6305418719211823;-0.8198000810771393
Unknown;0.0055598888022239;0.5972222222222222;1.2185428260383573
Unknown;3.999920001599968e-05;-0.9216417910447762;-2.7367672720997622
Low;0.0003199936001279;-0.7377049180327869;-1.76145850017441
Medium;3.999920001599968e-05;-0.8919753086419753;-2.5263838469959814
Unknown;0.0837583248335033;-0.3066666666666666;-0.9076996133921011
Unknown;0.0061198776024479;-0.4938271604938271;-1.4745307367122398
Unknown;0.0115197696046079;-0.7222222222222222;-1.2089947179356766
Low;3.999920001599968e-05;-0.9871794871794872;-4.114849713140624
Unknown;0.4043519129617408;-0.1956521739130435;-0.3629217914006183
Unknown;0.2887942241155177;-0.2222222222222222;-0.4654478449113234
Medium;0.0001199976000479;-0.7244444444444444;-1.5064483050747215
Unknown;0.0049599008019839;-0.5862068965517241;-1.191871874091425
Unknown;0.2107957840843183;-0.275;-0.3915789881453448
Low;0.8850622987540249;-0.1292517006802721;-0.0346676562726786
Low;0.0030399392012159;-0.6925418569254186;-1.1241939004477888
Unknown;0.1858362832743345;0.4397163120567376;0.5799208664951265
Unknown;0.1807963840723185;-0.4656084656084656;-0.6292201690916223
Unknown;0.0547989040219195;-0.4933333333333333;-1.216540718418608
Unknown;0.0568388632227355;0.4964539007092198;0.6604833856089005
Control;0.6968260634787304;-0.2316176470588235;-0.13457963478046
Unknown;0.0984780304393912;-0.2355555555555555;-0.863759880333749
Unknown;0.4154716905661886;-0.1527777777777778;-0.2831766023443911
Unknown;0.0035999280014399;-0.4469135802469136;-1.1427152756300831
Unknown;0.3140337193256134;0.2592592592592592;0.4364968063181621
Unknown;3.999920001599968e-05;-0.7148217636022514;-1.6456507831799851
Low;0.1563968720625587;-0.0217391304347826;-0.666452979411654
Unknown;0.1988360232795344;0.5111111111111111;0.6064905890473881
Unknown;0.3539529209415811;-0.3974358974358974;-0.4051340490332399
Unknown;0.0027199456010879;-0.6931216931216931;-1.7282859301568194
Unknown;0.8223435531289375;-0.0853932584269663;-0.0249296605262731
Low;3.999920001599968e-05;-0.8903318903318903;-2.542152177237384
Unknown;0.6104277914441711;-0.2588996763754045;-0.1469852464929313
Unknown;0.8963820723585528;0.0298507462686567;0.0463207474250471
Control;0.0293194136117277;-0.5144927536231884;-1.1243758071300751
Unknown;0.0020799584008319;-0.5;-1.4876466336123906
Unknown;0.0145597088058238;-0.56;-1.1582466457698162
Unknown;0.0143197136057278;-0.1626984126984127;-1.2749817833511954
Unknown;0.1353972920541589;-0.0754716981132075;-0.970416748035432
Low;0.0005599888002239;-0.5955882352941176;-1.588952846346057
Unknown;0.0221195576088478;-0.5970149253731343;-1.1353743838242611
Control;0.9915001699966;0.0377358490566037;-0.0087997069613524
Unknown;0.0023199536009279;-0.5376623376623376;-1.6188532387669186
Unknown;0.0104797904041919;-0.6477987421383647;-1.1876180727469796
Unknown;0.0168396632067358;-0.7066666666666667;-1.6000816825639956
Control;3.999920001599968e-05;-0.8673469387755102;-2.2822526932760114
Unknown;0.5273494530109398;0.0864197530864197;0.2719069995299959
High;3.999920001599968e-05;-0.8571428571428571;-2.617859752719188
Unknown;0.0466390672186556;-0.2571428571428571;-0.9483202512839428
Unknown;0.2301153976920461;0.0158730158730158;-0.4852489404401908
Unknown;0.0113597728045439;0.5308641975308642;1.247774375791171
Unknown;0.0112797744045119;-0.6370370370370371;-1.2431762143072025
Unknown;0.0055198896022079;-0.6868131868131868;-1.089262827262314
Control;0.3099938001239975;0.5434782608695652;0.4431321375621104
Unknown;0.0218795624087518;-0.6289308176100629;-1.2758562028989644
Low;0.0052798944021119;-0.6224489795918368;-1.1775603047388516
Unknown;0.0709185816283674;-0.3227513227513227;-0.8203485091210341
Unknown;0.1915161696766064;-0.2866666666666667;-0.603197413248858
Unknown;0.3486730265394692;-0.0380952380952381;-0.3114925134504072
Unknown;0.5523889522209556;0.2666666666666666;0.2318729658629787
Unknown;0.0047599048019039;-0.0416666666666666;-1.2151416706262683
Unknown;0.0074798504029919;-0.5170068027210885;-1.571687574790295
Unknown;0.374432511349773;-0.3510895883777239;-0.3619129767658606
Unknown;0.0005199896002079;0.8888888888888888;1.103506241322428
High;0.0099198016039679;-0.8285714285714286;-1.45070358394819
Unknown;3.999920001599968e-05;-0.7426470588235294;-4.39004926208382
Unknown;0.0341193176136477;-0.5277777777777778;-1.01716391200475
Unknown;0.0001999960000799;-0.7619047619047619;-2.26091566649056
Unknown;0.0321193576128477;-0.8044444444444444;-1.36461465046982
Unknown;0.0127597448051038;-0.6962962962962963;-1.2267592339142814
Unknown;0.2768744625107497;0.1473922902494331;-0.4471036666842439
Unknown;0.0193196136077278;-0.0138888888888888;-1.6797174930082273
Unknown;0.0020399592008159;-0.7421383647798742;-1.6025115835613744
Unknown;0.0721585568288634;-0.3194444444444444;-1.3230796622870775
Low;0.6321073578528429;-0.2155844155844155;-0.1678886553512865
Unknown;0.0025599488010239;-0.62109375;-1.2568886557112622
Low;0.0771984560308793;-0.729064039408867;-0.7921686008900449
Medium;0.0201195976080478;0.463768115942029;0.999822477877448
Unknown;0.0485990280194396;-0.4736842105263157;-0.95342780334284
Control;0.8265034699306014;-0.1931818181818181;-0.0335744677143425
Unknown;0.2882742345153097;-0.320754716981132;-0.4908054805887563
High;0.0013199736005279;-0.8333333333333334;-1.7220691405210142
Unknown;0.3892722145557089;-0.2962962962962963;-0.3641717968511563
Unknown;0.9643807123857524;0.0691823899371069;0.0251188636756191
Unknown;0.0518389632207355;0.4761904761904761;0.7062046547325663
Unknown;0.3958320833583328;-0.1753731343283582;-0.3205224554495186
Unknown;0.0574388512229755;-0.5510204081632653;-1.0433214410359404
Unknown;0.6429071418571629;-0.2028985507246377;-0.1829241318321219
Unknown;0.996980060398792;0.2753623188405797;0.0374773205435573
Unknown;0.121917561648767;-0.5198412698412699;-0.6663265271451732
Medium;0.9583008339833204;0.0230414746543778;-0.0048706600543443
Control;0.3220735585288294;0.1275510204081632;-0.4040633906023433
Unknown;0.0422791544169116;-0.1472222222222222;-1.1378626692680402
High;0.0004399912001759;-0.8439716312056738;-2.005799011453438
Unknown;0.0001599968000639;-0.8455882352941176;-1.946370562336472
Unknown;0.6923061538769225;0.3037037037037037;0.1844865167876474
Unknown;0.748785024299514;0.0769230769230769;0.1353103414590288
Unknown;0.0137597248055038;-0.7320261437908496;-1.2750859985671863
Unknown;0.868982620347593;0.0044444444444444;-0.0868356693594941
Unknown;0.0623187536249275;0.5333333333333333;0.8041673824275984
Unknown;0.0817183656326873;-0.2695035460992908;-0.8416632350778529
Unknown;0.121357572848543;-0.4601449275362319;-0.6180083722964619
Unknown;0.0004399912001759;-0.851063829787234;-2.252858900213095
High;0.0084798304033919;-0.4222222222222222;-0.8931314794332061
Unknown;0.0025599488010239;-0.5645604395604396;-1.071735865752835
Unknown;0.4318313633727325;-0.192;-0.3603275849821735
Unknown;0.0017199656006879;-0.5835351089588378;-1.4818538625911428
Control;0.2057158856822863;-0.426056338028169;-0.4773572285628059
Low;0.0001599968000639;-0.6923076923076923;-1.5071846291955588
Medium;0.5857082858342834;-0.0411622276029055;-0.2239150567306247
Unknown;0.2826086956521739;-0.5;-0.8835364381935641
High;0.0001599968000639;-0.7806122448979592;-1.9553555435300676
Unknown;0.0924381512369752;-0.3666666666666666;-0.7507990114236419
Unknown;0.7867842643147137;0.0902777777777777;0.1126238025016253
Control;0.114397712045759;-0.6081632653061224;-0.8655630728882554
Unknown;0.99930001399972;0.0666666666666666;-0.0070379943613662
Medium;0.5910681786364272;-0.2622222222222222;-0.2301137658119818
Unknown;0.0115997680046399;-0.4588235294117647;-1.0006280910356142
Low;0.497510049799004;-0.0217391304347826;-0.2146804362028628
Unknown;0.3582328353432931;-0.36;-0.4380785500771048
Unknown;0.2961940761184776;-0.391304347826087;-0.4635414254062907
Control;0.0375592488150237;-0.5259259259259259;-1.1823723678661229
Unknown;0.1485570288594228;-0.1372549019607843;-0.6660228473665413
Unknown;0.0512789744205115;-0.3533333333333333;-1.0024830832403728
Unknown;0.5370692586148277;0.1304347826086956;0.3169512102031155
Unknown;3.999920001599968e-05;-0.9245283018867924;-3.329355035296264
Unknown;3.999920001599968e-05;-0.8412698412698413;-3.634116439927872
Unknown;0.0019599608007839;-0.7730496453900709;-1.5432992964836292
Unknown;0.0117197656046879;-0.5777777777777777;-1.408066295881928
Unknown;0.7950640987180256;0.0311111111111111;-0.0701502934545711
Unknown;0.2981940361192776;0.0212765957446808;-0.4886394625820074
Unknown;0.0727585448291034;-0.4642857142857143;-0.8319542645113222
Unknown;0.0063198736025279;-0.725925925925926;-1.324434698054887
High;3.999920001599968e-05;-0.899749373433584;-2.4876882163533622
Unknown;0.4577908441831163;0.2328042328042328;0.2949427627155378
Unknown;7.999840003199936e-05;-0.880184331797235;-2.490621352469487
Unknown;0.4358712825743485;-0.1063829787234042;0.3651854005504263
Unknown;0.1347573048539029;0.0283687943262411;-0.8389213358064188
Unknown;0.0784384312313753;-0.6621621621621622;-1.0987794555613888
Unknown;0.0526389472210555;-0.5862068965517241;-0.8570611604316001
Control;0.7969440611187776;0.0296296296296296;0.0886830222286045
Control;0.0087998240035199;0.5952380952380952;0.9930433825605436
Unknown;0.0056798864022719;-0.8085106382978723;-1.7335200375542783
Control;0.8501029979400412;-0.2074074074074074;0.0538585272603607
Unknown;0.4105517889642207;0.1596424010217113;0.2964759821698302
Unknown;0.1987560248795024;0.3866666666666666;0.6257833596827166
Unknown;0.0019999600007999;-0.7674418604651163;-1.6119188953550447
Unknown;0.1087178256434871;-0.68;-0.7855828610712783
Unknown;0.8946221075578489;0.2431077694235588;0.0831233127243743
Control;3.999920001599968e-05;-0.8973063973063973;-1.7401348470950375
Unknown;0.2561148777024459;-0.4166666666666667;-0.51062430117831
Unknown;0.0185196296074078;0.5253456221198156;0.8708090738451005
Unknown;0.1041579168416631;-0.320754716981132;-0.8103541290913508
Unknown;0.0027199456010879;0.7028985507246377;1.3128940378952214
Unknown;0.998180036399272;-0.0488888888888888;0.0164151946590815
Unknown;0.0424391512169756;-0.4583333333333333;-1.0253541374660002
Medium;0.0976780464390712;0.4805194805194805;0.504290130926713
Low;0.1704765904681906;-0.3888888888888889;-0.6375608150127715
Low;0.1356772864542709;-0.3819444444444444;-0.6983511287081875
Unknown;0.0173196536069278;-0.7610389610389611;-1.1661437874080531
Unknown;0.3980320393592128;-0.2266666666666666;-0.390209009902621
Unknown;0.1507569848603027;-0.5246913580246914;-0.6569203929318091
Unknown;0.0181196376072478;-0.654320987654321;-1.1026154890334303
Control;0.0001999960000799;-0.8395061728395061;-2.342907500284173
Unknown;0.0628387432251355;-0.4887218045112781;-0.8586344692993991
Unknown;0.0332793344133117;-0.2466666666666666;-1.0981656287648267
Unknown;0.0451590968180636;-0.4285714285714285;-1.0029308471079326
Control;0.4600307993840123;-0.1129411764705882;0.2610835882788929
Unknown;0.0131197376052478;-0.4507575757575757;-1.0433571800017958
Unknown;0.5975480490390193;0.22;0.225650047089175
Unknown;0.2164756704865902;-0.2904411764705882;-0.4804912184623442
Unknown;0.6051478970420592;0.1053864168618267;0.2190335576447036
Control;0.0741985160296794;-0.4183908045977011;-0.6411698826235783
Unknown;0.4475910481790364;-0.0963636363636363;-0.2301863720001863
Unknown;0.5714285714285714;-0.3461538461538461;-0.3993848899643227
Unknown;0.6083078338433231;0.0625;0.2341560075226276
Unknown;0.0446391072178556;-0.4183673469387755;-0.882960860605997
Unknown;0.4615107697846043;-0.0533333333333333;-0.3165171639741495
Unknown;0.6529469410611788;-0.04;-0.2084399081196062
Low;0.8275034499310013;-0.0980392156862745;0.1235028972799396
Unknown;0.743265134697306;-0.1512345679012345;-0.1123508586966574
Unknown;3.999920001599968e-05;-0.9087301587301588;-2.5140405581473906
Unknown;0.0559588808223835;0.5333333333333333;0.8198943176304924
Unknown;0.0269194616107677;-0.5815602836879432;-1.4053045541977307
Unknown;0.6691066178676427;0.1768707482993197;0.1842518096524395
Low;0.1402771944561108;-0.06;-0.8613497163891911
Unknown;0.0200395992080158;-0.5060532687651331;-0.9268862988754184
Unknown;0.1413971720565588;-0.3883720930232558;-0.5043775837780554
High;0.0002399952000959;0.8027210884353742;1.700356418956491
Unknown;0.0205195896082078;-0.04;-1.3683688083213448
Unknown;0.5487890242195156;0.04;-0.2793130974641636
Unknown;0.0121997560048799;-0.5555555555555556;-1.1262826687212648
Unknown;0.0171596568068638;-0.5074626865671642;-1.0297336269113213
High;0.0002399952000959;-0.6510560146923783;-1.361050444421378
Unknown;0.0354392912141757;-0.4353741496598639;-1.018924776629582
Unknown;0.8659026819463611;-0.2222222222222222;-0.0462755223127061
Unknown;0.8355432891342173;-0.0101010101010101;0.1151108362925606
Low;0.1917561648767024;-0.4225352112676056;-0.5054598724377996
Unknown;0.4699906001879962;0.1521739130434782;0.3205693076549149
Unknown;0.4786704265914682;0.1777777777777777;0.320118032927457
Unknown;0.4295114097718046;0.1185185185185185;-0.3323544748449547
Unknown;0.8321033579328413;-0.1428571428571428;-0.0275445265250203
Unknown;0.0660386792264154;-0.2243589743589743;-0.9251501264756332
Control;0.0047599048019039;-0.5777777777777777;-1.003082295554398
Unknown;0.4730305393892122;-0.0980392156862745;-0.3005156998263447
Unknown;0.5879882402351952;-0.3511111111111111;-0.2073939524058719
Unknown;0.0217995640087198;-0.1568627450980392;-1.3171830699816942
Medium;0.0405991880162396;-0.7866666666666666;-1.245710716633358
Control;0.0003199936001279;-0.6388888888888888;-1.408209642800774
Unknown;0.5441091178176436;-0.2222222222222222;-0.2528599691431263
Medium;0.0009999800003999;-0.6666666666666666;-2.032368660785888
Unknown;0.0027599448011039;0.6041666666666666;0.9899715551768244
Unknown;0.0228795424091518;-0.4941520467836257;-0.8691458102064596
Unknown;0.5217495650086998;-0.0833333333333333;-0.2491963954041809
Unknown;0.99690006199876;-0.0674486803519061;0.0147301942339485
Medium;0.0042399152016959;0.7111111111111111;0.963361884880922
Control;0.0315593688126237;0.2492492492492492;0.7330560035286473
Unknown;0.7172256554868902;0.0625;0.1706871622766241
Unknown;0.8005839883202336;0.0709219858156028;-0.0915852284344104
Unknown;0.0417191656166876;-0.6967930029154519;-1.042313094919905
Low;0.0319593608127837;-0.3584905660377358;-1.153733655280658
Unknown;0.0427191456170876;-0.3993993993993994;-0.7739781270641357
Unknown;0.8335433291334173;-0.0755555555555555;-0.0609632872649863
Unknown;0.0763184736305273;-0.7066666666666667;-0.9654975521257024
Unknown;0.7654646907061858;0.0208333333333333;0.1297546971932387
Unknown;0.2222355552888942;-0.5377777777777778;-0.6194164020467982
Unknown;0.0106797864042719;-0.8076923076923077;-1.4122094607333773
Unknown;0.5820683586328274;0.2679738562091503;0.2440303730605535
Unknown;0.3155536889262215;-0.1914893617021276;-0.4386454018376448
Unknown;0.4528709425811483;0.1228070175438596;0.3664954592858095
Unknown;0.4479510409791804;0.3205128205128205;0.3468709099321153
High;0.0309193816123677;0.0;-1.327967464299093
Medium;0.0011999760004799;-0.5902777777777778;-2.148235903283977
Unknown;0.3577528449431011;0.0733333333333333;-0.3937654198330673
Control;0.7135457290854182;-0.14;-0.1623552968255686
Unknown;0.6396672066558668;0.44;-0.177765375172365
Unknown;0.120837583248335;-0.4330400782013685;-0.5166796032668859
Low;0.2853542929141417;0.3383458646616541;0.4304472737235817
Unknown;0.0133597328053438;-0.3404255319148936;-1.5032049877583376
Unknown;0.4914301713965721;-0.25;-0.2846607443875691
Unknown;0.0105597888042239;-0.5639097744360902;-1.211232889918085
Unknown;0.0109197816043679;0.5289855072463768;1.198416451515526
Unknown;0.3390332193356133;-0.1629629629629629;-0.4159794091643242
Unknown;3.999920001599968e-05;-0.8830128205128205;-1.5437862912879896
Unknown;0.0001999960000799;-0.8503401360544217;-1.743664606859778
Unknown;0.753784924301514;0.4933333333333333;-0.0527843185594337
Unknown;0.0003599928001439;-0.7142857142857143;-1.9528077996023188
Unknown;0.8136637267254655;-0.0652173913043478;-0.1010567872953844
Unknown;3.999920001599968e-05;-0.7152777777777778;-2.7940109772866784
Unknown;0.241835163296734;-0.1694444444444444;-0.4257396269660404
Unknown;0.0923581528369432;0.5288888888888889;0.7579542475141262
Low;3.999920001599968e-05;-0.8525345622119815;-2.267997414271452
Medium;0.0009199816003679;-0.6497695852534562;-1.6721682060282224
Unknown;0.8804623907521849;-0.1153846153846153;-0.0629715544895167
Unknown;0.1457170856582868;-0.5460992907801419;-0.6592845997838606
Unknown;0.874342513149737;-0.1648351648351648;-0.0306686166096024
Unknown;0.618427631447371;0.3015873015873015;-0.1661821036440358
Control;0.0417991640167196;-0.5512820512820513;-0.966159247697361
Medium;0.0993980120397592;-0.1923076923076923;-0.6936825040592635
Control;0.4692706145877082;-0.2777777777777778;-0.2579681598906728
Unknown;0.1982760344793104;-0.5555555555555556;-0.6512342938356847
Unknown;0.0522789544209115;-0.5902777777777778;-1.0062272990058392
Unknown;0.0015999680006399;-0.5694444444444444;-1.942123193437528
Unknown;0.1095978080438391;-0.3333333333333333;-0.6174983932471607
Unknown;0.5792284154316913;0.1985815602836879;-0.1879178693455835
Unknown;0.8896222075558489;-0.0992907801418439;-0.0489320980176393
Unknown;0.0015199696006079;-0.6870748299319728;-1.44234685103372
Control;0.4875502489950201;-0.0238095238095238;0.2698144766514422
Unknown;0.0003599928001439;-0.7058823529411765;-2.30209475761608
Unknown;0.0005199896002079;-0.5663265306122449;-2.22448255853447
Unknown;0.0573588528229435;-0.6453900709219859;-0.8950492860643656
Unknown;0.5730685386292275;0.0869565217391304;0.2528024098978205
Medium;0.0421191576168476;-0.4836601307189542;-0.8663670274323189
Unknown;0.99330013399732;-0.0188679245283018;0.0272125872926684
Unknown;0.0255194896102077;-0.6977777777777778;-1.2573029329180554
Unknown;0.2221955560888782;-0.2538461538461538;-0.4724749071033648
Unknown;0.0908381832363352;0.0144927536231884;-0.9542754250925874
Medium;7.999840003199936e-05;-0.7103174603174603;-2.2456473504255654
Unknown;0.0007999840003199;-0.6066666666666667;-1.1926069467341112
Unknown;0.372272554548909;-0.2424242424242424;-0.3974825839783706
Unknown;0.7141857162856743;-0.3188405797101449;-0.1293525778152275
Medium;0.2647547049059018;0.2028985507246377;0.4111001172038775
Unknown;0.0001599968000639;-0.7037037037037037;-1.6928361960336151
Unknown;0.8002639947201056;0.1476997578692493;-0.0762427481876815
Unknown;0.0775984480310393;-0.4583333333333333;-0.8894502662710173
Unknown;0.0872382552348953;-0.413265306122449;-0.7085716827102961
Unknown;0.9761404771904562;-0.1111111111111111;0.0723329550659156
Control;3.999920001599968e-05;-0.7879518072289157;-1.7050003556169506
Medium;0.8045439091218176;0.2152777777777778;0.1352951965272535
Unknown;3.999920001599968e-05;-0.8141025641025641;-2.660370775717251
High;0.0024799504009919;-0.5806451612903226;-1.7090261216499754
Unknown;0.4719905601887962;-0.1377777777777777;-0.3096605887334787
Unknown;0.873342533149337;-0.0687830687830687;-0.042607705474126
Unknown;0.3647127057458851;-0.2315270935960591;-0.3527919520751189
Unknown;0.0012399752004959;0.6394557823129252;1.485338629650835
Unknown;0.1761964760704785;0.0567375886524822;-0.7727300337951166
Unknown;0.0013999720005599;-0.7703703703703704;-1.8474258424949372
Unknown;0.1883562328753425;-0.44;-0.6479575538016786
Unknown;0.0667186656266874;-0.0398550724637681;-0.8762966369870746
Low;0.4598708025839483;0.2395833333333333;0.2900679923832288
Unknown;0.0261194776104477;-0.4915254237288136;-1.0112412629635106
Unknown;0.4810703785924281;-0.2666666666666666;-0.268657126213186
Unknown;3.999920001599968e-05;-0.9555555555555556;-2.6731933241104224
Unknown;0.0673586528269434;-0.8044444444444444;-1.0704150111254351
Unknown;0.0317593648127037;-0.260233918128655;-0.8770175686317091
Unknown;0.0055998880022399;-0.4933333333333333;-2.2110232639172205
Unknown;0.8879022419551609;-0.0196078431372549;0.0750579519413944
Unknown;0.1345173096538069;-0.2549019607843137;-0.6730411793954655
Unknown;3.999920001599968e-05;-0.9191919191919192;-3.478797871904155
Control;0.0514389712205755;-0.562962962962963;-0.9150488148169148
Unknown;0.0938781224375512;-0.524822695035461;-0.8036457487826877
Unknown;0.8542229155416892;-0.1666666666666666;-0.0666710065465889
Unknown;0.0007199856002879;-0.8441558441558441;-1.7452441724281886
Unknown;0.0005599888002239;-0.782312925170068;-1.873317397778774
Low;0.0563988720225595;-0.5333333333333333;-0.8411380374466175
High;0.0001199976000479;-0.8055555555555556;-2.377904231310064
Unknown;0.0024799504009919;-0.7583333333333333;-1.5439960084805526
Unknown;0.9655806883862322;0.1956521739130435;0.0517758300723933
Unknown;0.6161876762464751;0.0196078431372549;0.2135205816850864
High;0.8553828923421531;-0.2;0.1637502992915835
Unknown;0.3882322353552929;-0.2866666666666667;-0.3239739284802888
Unknown;0.0021199576008479;-0.7543859649122807;-1.6463280314182924
Unknown;0.0122797544049119;0.4923076923076923;0.8913706250529725
Unknown;0.0321193576128477;-0.2873134328358209;-1.0686841622617864
Unknown;0.0157996840063198;-0.84;-1.3875449704063811
Unknown;0.9421811563768724;0.0384615384615384;-0.0385843391747955
Low;0.4417511649767004;-0.1481481481481481;-0.3437860675031409
Unknown;0.0306793864122717;-0.59765625;-1.0013487813122728
Unknown;0.0044399112017759;-0.6041666666666666;-1.5869284244702135
Unknown;0.0058398832023359;-0.7152777777777778;-1.567795904536165
Unknown;0.0952780944381112;-0.4791666666666667;-0.7593581331286273
Unknown;0.4707505849883002;0.1632653061224489;0.3282460307680769
Unknown;0.7676246475070498;0.0942028985507246;-0.1095212744906801
Unknown;0.9190216195676086;0.2888888888888888;0.0703432814917262
Medium;0.8878222435551288;-0.0797101449275362;0.0388328468876309
Unknown;0.0076798464030719;-0.6923076923076923;-1.5649600621405313
Unknown;0.0571988560228795;-0.2866666666666667;-1.0779774865331913
Unknown;0.0072398552028959;-0.3877551020408163;-1.5147386258034576
Medium;0.0006399872002559;-0.7237237237237237;-1.4141175907020131
Unknown;0.5604287914241716;-0.4964539007092198;-0.2545171136593574
Unknown;0.0569988600227995;-0.1066666666666666;-1.1570029581656076
Unknown;0.0001199976000479;-0.782608695652174;-1.957629027647998
Low;0.0005599888002239;-0.8641975308641975;-2.135446254440291
Unknown;0.4547509049819003;-0.2857142857142857;-0.3549737758193392
Unknown;0.8856222875542489;0.0053981106612685;0.0409172026450561
Unknown;0.5870282594348113;-0.2177985948477751;-0.2027488354077559
Unknown;0.0039199216015679;-0.6666666666666666;-1.7252038606660915
Unknown;0.8439831203375933;0.1377777777777777;0.1031017262208586
Unknown;0.1364372712545749;-0.2666666666666666;-0.6843071722394959
Unknown;0.4229915401691966;-0.1509433962264151;-0.3458667365025396
Unknown;0.2761944761104778;-0.5266666666666666;-0.4981103880876213
Control;0.9442611147777044;-0.0977443609022556;0.0684857372883643
High;0.0003199936001279;-0.7843137254901961;-2.1538682350919696
High;0.0041999160016799;-0.4844444444444444;-1.1438456413291642
Control;0.0188396232075358;-0.4564564564564564;-0.9196253002678664
Unknown;0.0016399672006559;-0.6139705882352942;-1.365181985793097
Medium;3.999920001599968e-05;-0.9629629629629628;-2.39781965912924
Unknown;0.0019199616007679;-0.8085106382978723;-1.817566589714967
Unknown;0.1555168896622067;-0.5220125786163522;-0.6468036537559955
Unknown;0.743065138697226;0.0392156862745098;0.1513048824006042
High;0.0061198776024479;0.62;1.2844529585369902
Unknown;0.0004399912001759;-0.7523809523809524;-2.1472672002537645
Unknown;0.0207995840083198;-0.0793650793650793;-1.1155177474559872
High;3.999920001599968e-05;-0.98;-4.4644960834529765
Unknown;0.0005599888002239;-0.8296296296296296;-1.9312523898932257
Unknown;0.127357452850943;-0.0897435897435897;-0.7018876318676037
Unknown;0.3115937681246375;-0.0423076923076923;0.3871753631290892
Unknown;0.7301053978920422;-0.1666666666666666;-0.080544043002416
High;0.0016799664006719;-0.8636363636363636;-2.088398516129628
Unknown;0.0019599608007839;-0.6549295774647887;-1.5735974787916267
Unknown;0.7096658066838664;0.1266666666666666;0.2028138551755954
Unknown;0.1647167056658866;-0.2243589743589743;-0.6834159644643425
Medium;0.0633187336253275;-0.40234375;-0.8412202144482801
Unknown;0.0056398872022559;-0.851063829787234;-1.616555998296428
Unknown;0.8376632467350653;-0.0256410256410256;-0.0538333595550912
Control;0.0633187336253275;0.4625850340136054;0.8349024996030404
Unknown;0.0394392112157756;-0.362962962962963;-1.0290652585737312
Low;0.9146217075658488;0.2147887323943662;0.1350528031676214
Low;0.0049599008019839;-0.7016742770167428;-1.1672716047256717
Unknown;0.3936321273574528;0.2416666666666666;0.3802502510804645
High;0.8869022619547609;0.0952380952380952;-0.0314572465854259
Unknown;0.7752644947101058;0.1020408163265306;0.1551494477274527
Unknown;0.0718785624287514;0.3137254901960784;0.8238023443097893
High;0.0811983760324793;-0.3881278538812785;-0.6750487333409423
Unknown;0.113757724845503;0.3777777777777777;0.7721054913670139
Unknown;0.0116797664046719;-0.8104575163398693;-1.3983091673105568
Unknown;0.1728765424691506;-0.3544776119402985;-0.5281937688439745
Unknown;0.4451510969780604;-0.2295918367346938;-0.3056893147029663
Unknown;0.2846343073138537;-0.0510204081632653;-0.4345419319718842
Unknown;0.0046399072018559;-0.5901234567901235;-0.9695478778641256
Unknown;0.3186336273274534;0.1333333333333333;0.4362009384299513
Unknown;0.0012799744005119;-0.8735362997658079;-1.7246572351920435
Unknown;0.4585508289834203;0.0989345509893455;0.2703372670038633
Unknown;0.5147097058058839;0.2088888888888889;0.3178174334216729
Medium;0.0001199976000479;-0.8592592592592593;-2.1195281128483434
Unknown;0.1847163056738865;-0.3407407407407407;-0.6361776187332477
Unknown;0.3305933881322374;-0.3725490196078431;-0.4343667875612463
Low;0.0997180056398872;0.2831168831168831;0.5243140651782446
Unknown;0.0467990640187196;-0.4331065759637188;-1.0880413156782809
Unknown;0.0052398952020959;-0.6975308641975309;-1.594239894590748
Unknown;0.2398644833427442;-0.2105263157894736;-0.682348108569998
Unknown;0.2922341553168937;0.4;0.4655264907872636
Unknown;0.3015139697206055;0.3472222222222222;0.4513682845782575
Unknown;0.4197516049679006;0.2624113475177305;0.3557126293609817
High;3.999920001599968e-05;-0.9738562091503268;-3.596534908595512
Unknown;0.3956320873582528;-0.0592592592592592;-0.3680488861408382
Control;0.7002259954800903;-0.0987654320987654;-0.1316336538731296
Unknown;0.0259194816103677;-0.3877551020408163;-1.2371044715606805
Unknown;0.0030799384012319;-0.7375886524822695;-1.2648399130038344
Unknown;0.5485090298194036;-0.2926829268292683;-0.1849875389153988
Unknown;0.0155596888062238;-0.3842364532019704;-1.3446351968597188
Control;0.0017199656006879;-0.8472222222222222;-1.8334560950912115
Unknown;0.2029959400811983;-0.382716049382716;-0.5779220028901709
Unknown;3.999920001599968e-05;-0.934640522875817;-3.8496131312361777
Unknown;0.4702705945881082;-0.2333333333333333;-0.2842734713467942
Unknown;0.1041579168416631;0.4444444444444444;0.6267812019212946
Unknown;0.1410771784564308;0.44;0.6830387065535353
Control;0.9397812043759124;-0.2222222222222222;0.1066368692335637
Unknown;0.4737905241895162;0.0544217687074829;0.3410071183727617
Medium;0.4668706625867482;-0.238095238095238;-0.2787007880127213
Unknown;0.1481570368592628;-0.3888888888888889;-0.6500076967525612
Unknown;0.1845163096738065;-0.3981481481481481;-0.4781065748167867
Unknown;0.2161156776864462;-0.1805555555555555;-0.5968280115915818
Unknown;0.2087958240835183;-0.3142857142857143;-0.5310656158944294
Unknown;0.3987520249595008;0.1768707482993197;0.3693025279170765
Medium;0.3795524089518209;0.1044776119402985;0.3323610179365366
Unknown;0.0160396792064158;-0.489010989010989;-1.0625756207062966
High;0.8332233355332893;-0.0709219858156028;-0.0655902221112031
Unknown;0.120837583248335;-0.4937343358395989;-0.7811271002029943
Unknown;0.0001999960000799;-0.8814814814814815;-2.475389796993654
Unknown;0.0514789704205915;-0.4130434782608695;-0.876295110626707
Unknown;0.0431191376172476;-0.5319148936170213;-0.9654287573342366
High;0.2266754664906702;0.3811533052039381;0.4268175038593987
Medium;0.1421571568568628;0.3511111111111111;0.7028860051916547
Low;0.5441891162176756;0.0866510538641686;-0.2155733130261505
Unknown;0.1106377872442551;0.2608695652173913;0.7828038391971599
Unknown;0.1027979440411191;-0.5376623376623376;-0.7446447365549815
Medium;0.6066678666426671;-0.1644444444444444;-0.2178347367607586
High;0.0487990240195196;0.4444444444444444;0.8743751693758741
Unknown;0.8516629667406652;-0.2679738562091503;-0.0419808355891098
Medium;0.0021999560008799;-0.7866666666666666;-1.770031745777218
Unknown;3.999920001599968e-05;-0.9710144927536232;-3.4379561988289686
Unknown;0.0110797784044319;-0.4761904761904761;-1.2269770098756294
Medium;0.1036379272414551;0.2682926829268293;0.5759114636563291
Unknown;0.2929541409171816;-0.4358974358974359;-0.4602922265442211
Unknown;0.1899562008759824;-0.3955555555555555;-0.6373190856619232
Unknown;0.8824223515529689;0.0912698412698412;0.0676019275679948
Unknown;0.0094398112037759;-0.6538461538461539;-1.1220214345453012
Unknown;0.1442371152576948;-0.3079365079365079;-0.4635980720245046
Unknown;0.4458310833783324;-0.0488888888888888;0.2778961506955683
High;0.2334353312933741;-0.3581395348837209;-0.580356112765897
Unknown;0.3877922441551168;0.1309523809523809;0.328545605340691
Unknown;0.1291174176516469;-0.2807692307692307;-0.6543393420291475
Unknown;0.0788384232315353;-0.3155555555555555;-1.2920642350873863
Unknown;0.1672366552668946;0.1022222222222222;-1.0117115716936853
Control;0.0758384832303353;-0.5319148936170213;-0.8838280393295256
Control;0.1838763224735505;-0.1466666666666666;-0.6225496704433595
Unknown;0.0401591968160636;-0.5024630541871922;-1.0201567878844702
Unknown;0.0381192376152476;-0.413265306122449;-0.9174375705232098
Unknown;0.9683006339873202;-0.0476190476190476;0.0739872463679469
Control;0.119397612047759;-0.4648526077097505;-0.6738734906343212
Unknown;0.0497190056198876;-0.4436090225563909;-0.9235775215447516
Unknown;0.0861182776344473;-0.3404255319148936;-0.9191186927253072
Unknown;0.0008799824003519;-0.8867924528301887;-1.9882140507303885
Unknown;0.5799884002319954;0.0233196159122085;0.2005814005310745
Unknown;0.0208795824083518;-0.6088888888888889;-1.4918566833545042
Unknown;0.0982780344393112;-0.1753086419753086;-0.6053846201215063
Unknown;0.9498210035799284;0.1012987012987013;0.0542188717313549
Unknown;0.4686306273874522;0.1088888888888888;0.2503096303808627
Unknown;0.0377992440151197;-0.3076923076923077;-1.1933920794445312
Unknown;0.1023579528409431;-0.4113475177304964;-0.7493226580923916
Unknown;0.7321453570928581;-0.1134751773049645;-0.1328017213861224
Low;0.5151896962060759;0.016025641025641;0.2043517694443551
Unknown;0.0107997840043199;-0.5625;-1.3411332730702257
Unknown;0.0416791664166716;-0.5108958837772397;-0.8615331930087746
Unknown;0.241315173696526;-0.2280701754385964;-0.4688439542738838
Unknown;0.9515409691806164;0.1041666666666666;0.0595486484889701
Unknown;0.5701885962280754;0.3422222222222222;0.2653661029801311
Unknown;0.1605567888642227;-0.4390804597701149;-0.4992184330957319
Low;0.0038399232015359;-0.65234375;-1.210015294100362
Control;0.3425531489370212;-0.0340136054421768;-0.3730066232545907
Unknown;0.4646707065858683;-0.0217391304347826;-0.306042368198629
Unknown;0.0012799744005119;-0.7189542483660131;-1.9185739073391868
Unknown;0.0092398152036959;-0.5588235294117647;-1.0148008095490246
Unknown;0.2241955160896782;0.1616161616161616;0.3628453134699373
Medium;0.7162656746865063;-0.1150442477876106;-0.1066334960531015
Unknown;0.4102717945641087;-0.2063492063492063;-0.3386016242972346
Unknown;0.0861182776344473;-0.5679012345679012;-0.8616244110131241
Unknown;0.126037479250415;-0.2654320987654321;-0.6536134901124061
Unknown;0.9203815923681526;-0.1153846153846153;-0.0470509844957901
Medium;0.0294394112117757;-0.6177777777777778;-1.1932645289677093
Unknown;0.5405491890162196;-0.2012578616352201;-0.2686108403747335
Unknown;0.2367952640947181;-0.3986928104575163;-0.5544721564433133
Unknown;0.0072398552028959;-0.6296296296296297;-1.597051799572099
Unknown;0.627147457050859;0.1176470588235294;0.2224017511573603
Control;0.0013199736005279;-0.6601307189542484;-1.6239190193236703
Unknown;0.5477890442191157;0.1063829787234042;0.2768850764663929
Unknown;0.0101197976040479;-0.4653846153846154;-1.2811141906342285
Unknown;0.0195196096078078;-0.6574712643678161;-0.9780895746611395
Unknown;0.0001199976000479;-0.7731707317073171;-1.5517824865762884
Medium;0.0370792584148317;-0.5069444444444444;-1.0343324797139766
Control;0.7787044259114818;-0.1066666666666666;0.1745030277353288
Unknown;0.9117817643647128;-0.0987654320987654;-0.0253648476889358
Unknown;0.9087018259634808;-0.0074074074074074;-0.0545361568724378
Unknown;0.374192516149677;-0.2883116883116883;-0.3570614048628179
Unknown;0.0344393112137757;-0.4;-1.3111202317225088
High;0.0013199736005279;-0.6485507246376812;-1.546049050906657
Unknown;0.0497590048199036;-0.5736961451247166;-0.8809486241525794
Unknown;0.0007599848003039;-0.8888888888888888;-2.2297062832880874
Unknown;0.0015199696006079;-0.8042328042328042;-1.485265034016405
Unknown;0.8579828403431932;-0.0620155038759689;-0.041443362332053
Low;0.0032799344013119;-0.6533333333333333;-1.5744977627132315
Low;0.9438211235775285;-0.0975609756097561;0.0564636815080651
Unknown;0.5134297314053718;0.1152073732718894;0.2683377483770559
Unknown;0.0943181136377272;-0.2222222222222222;-0.7800796056267901
Unknown;0.5937881242375153;-0.1911111111111111;-0.242163486615978
Unknown;0.0045599088018239;-0.7733333333333333;-1.507601120551765
Unknown;0.0246395072098558;0.1555555555555555;-1.5468798061466784
Unknown;0.0141197176056478;-0.38;-1.1863071717687892
Control;0.0391192176156476;-0.4962962962962963;-0.7395127915051486
Unknown;0.1721667390360399;0.5072463768115942;0.7959305816536958
Unknown;0.6257874842503149;0.0666666666666666;-0.2111095447278249
Unknown;0.5929881402371953;-0.1532467532467532;-0.2250792087295118
Unknown;0.0011999760004799;-0.6530612244897959;-2.093765765789045
High;0.877222455550889;-0.0921658986175115;-0.0411518072493505
Medium;0.1329173416531669;-0.3402597402597402;-0.6487761626744593
Low;0.0037199256014879;-0.6206896551724138;-1.0929977642196005
Unknown;0.0761584768304634;-0.1629629629629629;-0.8742975464966298
Unknown;3.999920001599968e-05;-0.9659863945578232;-2.4157267532825943
Unknown;0.0115597688046239;-0.7013888888888888;-1.40710360813225
Unknown;7.999840003199936e-05;-0.880184331797235;-2.280359089039051
High;0.8434631307373852;0.4353741496598639;0.126125498604663
High;0.1835563288734225;-0.0217391304347826;-0.7150978013618184
Unknown;0.0444791104177916;0.4640522875816993;0.9017666245846052
Unknown;0.0575588488230235;-0.5185185185185185;-0.8893650545813568
Unknown;0.1050778984420311;0.4470588235294118;0.5260511212815516
Unknown;0.0008399832003359;-0.8488888888888889;-2.4839916848648382
Unknown;0.0560788784224315;-0.4933333333333333;-0.8939091944518704
Unknown;0.0459190816183676;-0.3246268656716418;-0.8108027207754361
Unknown;0.494510109797804;0.0524691358024691;-0.2195890737929878
Low;0.0266794664106717;-0.2971014492753623;-0.9724315592123262
High;0.0031599368012639;-0.6699507389162561;-1.3151444090265445
Unknown;0.0001199976000479;-0.7535714285714286;-1.5470423888434537
Unknown;0.7710245795084099;-0.0204081632653061;-0.0957000300285616
Unknown;0.0165996680066398;0.4963855421686747;0.715998601726383
Unknown;0.373312533749325;-0.5733333333333334;-0.3855792071310979
Unknown;0.377232455350893;0.3148148148148148;0.3793179599998513
Unknown;0.4054318913621728;0.0666666666666666;-0.3870144159539943
Unknown;0.3300333993320133;-0.1088435374149659;-0.4274377854065996
Unknown;0.0760384792304153;-0.625;-0.8744987100213177
Unknown;0.0607587848243035;-0.5208333333333334;-0.90179613461815
Unknown;0.5759884802303954;0.0816326530612244;0.2318319119772895
Unknown;0.0020799584008319;-0.7101449275362319;-1.5969368581183674
Unknown;0.2292354152916941;0.2314606741573033;0.4015679226645199
Unknown;0.500589988200236;-0.2888888888888888;-0.301979243919328
Unknown;0.0139997200055998;-0.5673758865248227;-1.2911641222062875
Unknown;0.1398372032559348;-0.2638888888888889;-0.6625349322716345
Unknown;0.0453590928181436;-0.654320987654321;-0.9858291179850794
Unknown;0.2101157976840463;-0.1489361702127659;-0.590976767196218
Unknown;0.7685846283074339;0.0576923076923076;-0.0995332335789449
Unknown;0.0513589728205435;0.3641975308641975;0.8584910780206536
Unknown;0.0845983080338393;-0.3713450292397661;-0.6183652797960175
Unknown;0.0008799824003519;-0.3333333333333333;-2.295099463630485
Unknown;0.5547889042219155;0.2;0.2629876629984238
Unknown;0.7230655386892262;0.0567375886524822;0.1652136889259294
Unknown;0.0734385312293754;-0.2198581560283688;-0.8355994026007746
Medium;0.1136377272454551;-0.3511111111111111;-0.8330939087020243
Unknown;0.0017599648007039;-0.63;-2.4409943130858203
Unknown;0.0443191136177276;-0.2552693208430913;-0.9461429552305762
Unknown;0.2771944561108778;-0.1925925925925926;-0.487740972014738
Control;0.0011599768004639;-0.7333333333333333;-1.7256845306802402
Low;0.494590108197836;0.162227602905569;0.3070177301936361
Medium;0.0004799904001919;-0.8439716312056738;-1.8346051028469368
Unknown;0.9705405891882164;0.0480109739368998;0.0143419665930849
Unknown;0.0313193736125277;-0.3418367346938775;-1.09813496514799
Low;0.0007599848003039;-0.7801418439716312;-1.8867429736256456
Unknown;0.0440391192176156;0.6091954022988506;0.7508728926244894
Unknown;0.0041999160016799;-0.7142857142857143;-1.303327283825706
Unknown;0.0162396752064958;-0.7511111111111111;-1.4719220736005565
Unknown;0.5150696986060279;0.2013888888888889;0.2925488294199832
Unknown;0.0401991960160796;-0.4538461538461538;-0.896807522264106
Unknown;0.8198636027279455;-0.0918367346938775;-0.0856937251126253
Unknown;0.0384392312153756;0.5255102040816326;0.6158266238800354
Unknown;0.7975840483190336;0.1014492753623188;-0.1227329203618668
Medium;0.1422371552568948;-0.3807692307692307;-0.5721356885151685
Low;3.999920001599968e-05;-0.9727891156462584;-3.6788686175120153
Unknown;0.1292774144517109;-0.2976190476190476;-0.6214145576439426
Unknown;0.0043199136017279;-0.6604938271604939;-1.4260233134154037
Unknown;0.125517489650207;-0.4506172839506173;-0.7357077484411446
Unknown;0.1303173936521269;-0.1836734693877551;-0.6981788264014872
Unknown;0.0001999960000799;-0.8;-1.872541000233076
Unknown;0.0041199176016479;-0.4577777777777778;-1.895327414895113
Unknown;0.0021599568008639;-0.4126984126984127;-1.7697633642025796
Unknown;0.1754764904701906;0.2;0.5669779043566187
Unknown;0.0020799584008319;-0.78;-1.5681949470536034
Unknown;0.0785584288314233;-0.2407407407407407;-0.8855251154113724
Unknown;0.8354632907341853;0.1216931216931216;0.0987532592345321
Unknown;0.4711905761884762;-0.203125;-0.3862459384726506
Unknown;0.5637087258254835;0.1972789115646258;0.2530311016801689
Unknown;0.0160396792064158;-0.54;-1.3592992401541355
Unknown;0.1530369392612147;-0.6170212765957447;-0.8668281713939335
Unknown;0.254154916901662;-0.2888888888888888;-0.555863946658194
Unknown;0.1355972880542389;-0.2138364779874214;-0.7030496506294108
Unknown;0.0423591528169436;-0.6028368794326241;-0.964731614927929
Unknown;0.0005199896002079;-0.7232704402515723;-1.95215821752283
Unknown;0.2990740185196296;0.2352941176470588;0.4488818245921228
Control;0.123117537649247;0.4385964912280701;0.6808400368960181
Unknown;0.0142797144057118;-0.7430555555555556;-1.3383231024016826
Medium;0.632467350652987;-0.1858823529411764;-0.1507212810188374
High;0.3402731945361092;-0.4814814814814814;-0.3769699505960179
Unknown;0.9631407371852564;-0.0457516339869281;0.0302421837252092
Unknown;0.0043599128017439;-0.3333333333333333;-1.5928258493379484
Unknown;0.115077698446031;0.0;-0.759727586428966
Unknown;0.2595148097038059;0.2330827067669172;-0.4579462373430217
Unknown;0.0151196976060478;-0.2692307692307692;-1.4880287003626709
Unknown;0.0221595568088638;-0.6370370370370371;-1.22955433577644
Unknown;0.8381432371352573;0.0765306122448979;-0.0459814620348308
Unknown;0.0005599888002239;-0.6666666666666666;-1.5055610132996329
Low;0.1033579328413431;-0.3472222222222222;-0.7912120029687726
Unknown;0.0278394432111357;-0.4380952380952381;-0.914212786567392
Unknown;0.0020799584008319;-0.5538847117794486;-1.7014528390812933
Unknown;0.0439991200175996;-0.3498023715415019;-0.748174245350347
Unknown;0.1302373952520949;-0.4108527131782946;-0.692361065406278
Unknown;0.1961160776784464;-0.2569444444444444;-0.5760108312023339
Low;0.3465930681386372;-0.3832199546485261;-0.3838793506326183
Medium;0.0145197096058078;-0.4561403508771929;-0.9341674648486444
Unknown;0.0480790384192316;-0.3537414965986394;-0.8905861035970788
Unknown;0.0393992120157596;-0.808641975308642;-0.9872085134641788
Low;0.0593588128237435;0.3153846153846154;0.7200993115702722
Unknown;0.0098398032039359;-0.6462585034013606;-1.2736108838951488
Unknown;0.0055198896022079;-0.7727272727272727;-1.672812317898309
Low;0.0005599888002239;-0.6315049226441631;-1.4456489482865758
Unknown;0.2292354152916941;0.3459119496855345;0.473613475330887
Unknown;0.0937981240375192;-0.3032581453634085;-0.7244122265566936
Unknown;0.8820623587528249;-0.0617283950617283;0.0558679497278265
Unknown;0.0391192176156476;-0.4609929078014184;-1.1151356902857434
Unknown;0.5735085298294034;-0.0496453900709219;-0.2435288801762905
Unknown;0.0225995480090398;-0.5644444444444444;-1.079664367254018
Unknown;0.0247195056098878;0.6124031007751938;0.5938005908579181
Unknown;0.0799984000319993;-0.4259259259259259;-0.8089850941508977
Unknown;0.4595908081838363;0.074074074074074;0.3365666952658318
Unknown;0.6560668786624267;-0.0398550724637681;-0.1475967148855809
Unknown;0.0947581048379032;0.3775510204081632;0.6552747257021879
Unknown;0.4383912321753564;-0.228395061728395;-0.3391725614806493
Unknown;0.0074398512029759;-0.7073170731707317;-1.4348590527183598
Unknown;0.5234695306093878;-0.1379310344827586;-0.2604325049332293
Control;0.5972680546389072;-0.0902777777777777;-0.1301684566887893
Unknown;0.1900761984760304;-0.4154411764705882;-0.5159762289916753
Unknown;0.1291174176516469;0.375;0.7103029567524376
Unknown;0.6030279394412111;-0.3129251700680272;-0.1824910765757628
Unknown;0.2144357112857743;-0.1025641025641025;-0.5652947696620252
Control;0.626347473050539;0.1148775894538606;-0.1615272453038494
Unknown;0.24347513049739;-0.3407407407407407;-0.5146875220286867
Unknown;0.0166396672066558;-0.5029239766081871;-1.2513688845574058
Unknown;0.113557728845423;-0.2296296296296296;-0.890330746412338
Unknown;0.1486370272594548;0.0;-0.772183096705471
Unknown;0.4817391304347826;0.0476190476190476;-0.3675409440963381
Unknown;0.2115557688846223;-0.4397163120567376;-0.5657780855789942
Low;0.1071978560428791;0.3840579710144927;0.6736124446272375
High;0.0797184056318873;-0.3263888888888889;-1.1420612179846326
Unknown;0.7912241755164897;0.261455525606469;0.1344869921667335
Control;0.0088398232035359;-0.64;-1.2632184622651976
Unknown;0.3967920641587168;-0.2731829573934837;-0.3403240538628074
Unknown;0.7995840083198336;-0.1105990783410138;0.1485840059717113
Unknown;0.0200395992080158;-0.4382716049382716;-1.5117489206999586
Low;0.0751984960300794;-0.3333333333333333;-0.87021764177553
Unknown;0.1556368872622547;-0.5144927536231884;-0.6366813376089311
Unknown;0.1079978400431991;-0.4539007092198581;-0.7030543673705474
Unknown;0.3146737065258694;-0.2463768115942029;-0.4300617980280229
Unknown;0.4444711105777884;-0.226950354609929;-0.3338834018019282
High;3.999920001599968e-05;-0.9629629629629628;-2.4797738846926847
Unknown;0.2827943441131177;-0.2056737588652482;-0.4757788185789392
Control;0.7767444651106978;-0.0141843971631205;-0.1115492378577889
Unknown;0.1294374112517749;0.2066666666666666;0.6077053787132393
Unknown;0.0001199976000479;-0.7662337662337663;-1.9120199217738956
Unknown;0.0012799744005119;-0.7101449275362319;-1.6852268889829405
Unknown;0.1664366712665746;-0.1025641025641025;-0.745027706880955
Unknown;0.0068798624027519;0.6870748299319728;1.2274451470914347
Unknown;0.1782364352712945;-0.6441102756892231;-0.5909762222897178
Unknown;0.5379092418151636;0.0384615384615384;-0.245171595883626
Unknown;0.0184396312073758;-0.6594827586206896;-1.1652785125305474
Unknown;0.0162396752064958;0.6434782608695652;1.156047272582127
Unknown;0.0480790384192316;-0.5835351089588378;-0.916632253322885
Control;0.4618307633847323;0.0117845117845117;0.2329339060747169
Unknown;0.6617467650646988;-0.228395061728395;-0.1242280820896797
Unknown;7.999840003199936e-05;-0.8814814814814815;-2.0264262973276463
Control;0.3201135977280454;-0.0984848484848484;-0.3762899315705388
Unknown;0.371952560948781;-0.3666666666666666;-0.385925734589871
Unknown;0.0051598968020639;-0.5481481481481482;-1.3211106915555195
Low;0.8077038459230815;-0.0062893081761006;0.1288086270387939
Unknown;0.1023579528409431;-0.4660493827160494;-0.610849610582529
Unknown;0.0646387072258554;-0.4311111111111111;-0.9535175929447506
Unknown;0.7949041019179617;-0.0763888888888889;-0.0594354534279222
Unknown;0.1306773864522709;-0.3866666666666666;-0.7401924244840518
Unknown;0.2935541289174216;-0.2;-0.5125869114380958
Unknown;0.4395112097758045;-0.3090277777777778;-0.2787463429863043
Unknown;0.1619167616647667;0.3653846153846153;0.5689568468144369
High;0.6860262794744105;-0.1180555555555555;-0.1709619047557817
Unknown;0.0221595568088638;-0.5;-1.160268603534462
Unknown;0.6911061778764425;0.1911111111111111;-0.1032834457665431
Unknown;0.986860262794744;0.0123456790123456;0.0156123224733002
Unknown;0.0887982240355192;-0.2789115646258503;-1.2264636916967293
Unknown;0.1134777304453911;-0.5555555555555556;-0.7879886205650427
Unknown;0.9639807203855922;0.0074074074074074;0.0708222232998517
Unknown;0.7689446211075779;-0.2177777777777777;-0.1117858240279332
Unknown;0.0041599168016639;0.6805555555555556;1.0954524430573325
Unknown;0.0098398032039359;-0.6148148148148148;-1.3972019067813128
Unknown;0.0118397632047359;-0.2484683458134785;-0.8457686577403909
Low;0.0097198056038879;-0.6987012987012987;-1.438208838605034
Unknown;0.0324793504129917;-0.4666666666666667;-1.2026823848022905
Unknown;0.0274794504109917;-0.3560975609756097;-1.4086461368060363
Unknown;0.6535069298614028;0.2;0.2138416557473066
Unknown;0.0689186216275674;-0.4066666666666667;-0.8518472412190952
Unknown;0.1043179136417271;-0.2101449275362318;-0.8355435035466211
Unknown;0.0657186856262874;-0.3171641791044776;-0.8048668931395494
Unknown;0.4370712585748285;0.3962264150943396;0.3260857643820873
Unknown;0.5544289114217715;-0.2875816993464052;-0.2326945198286368
Unknown;0.0114797704045919;-0.6;-1.089419152177978
Unknown;0.0003999920001599;-0.8571428571428571;-1.839122743211916
Control;0.0243195136097278;-0.44;-1.2948434373172666
Unknown;0.5836683266334673;0.1259259259259259;0.2458645664711086
Unknown;0.6015879682406352;-0.2857142857142857;-0.1788048718477694
Unknown;0.0088798224035519;-0.6884057971014492;-1.2943623830209745
Medium;7.999840003199936e-05;-0.6911764705882353;-1.5792960505568938
Unknown;0.0652786944261114;-0.4962962962962963;-0.8372132926628355
Unknown;0.621267574648507;0.12;0.2559406303255342
Unknown;0.0737985240295194;-0.2959183673469387;-0.8463401895306478
Unknown;0.0035199296014079;-0.7111111111111111;-1.6118228027424846
Control;0.8209035819283614;0.0354609929078014;-0.0796791346172734
Unknown;0.0275194496110077;-0.4844444444444444;-1.2171935864272307
Unknown;0.0044799104017919;-0.4285714285714285;-1.6494614989480532
Unknown;0.0133642930856553;-0.6190476190476191;-1.333226879190499
Unknown;0.0133597328053438;-0.6808510638297872;-1.292715381197488
Unknown;0.9705005899882002;0.0998593530239099;0.0256195156853202
Unknown;0.8509029819403612;-0.1133333333333333;-0.0492568854380955
Low;0.5187496250074999;0.1481481481481481;0.2978724556101701
Unknown;0.3191136177276454;-0.2243589743589743;-0.4466780277406682
Unknown;7.999840003199936e-05;-0.9215686274509804;-2.680163490082978
Unknown;3.999920001599968e-05;-0.9023923444976076;-2.740888081368744
Unknown;0.0832783344333113;-0.4565217391304347;-0.8088729348289024
Unknown;0.1799564008719825;-0.4313725490196078;-0.6112815798808005
Unknown;0.1076778464430711;-0.4878504672897196;-0.7560574515099454
Low;0.0066398672026559;0.6155844155844156;1.0993518776889324
Unknown;0.0215995680086398;-0.5529953917050692;-0.9477910085275618
Unknown;0.8278634427311454;-0.0714285714285714;0.1572532455141897
Unknown;0.4544709105817883;-0.2074074074074074;-0.3203846840016608
Unknown;0.2807543849123017;0.2789115646258503;0.4699713823764574
Unknown;0.4336713265734685;-0.1666666666666666;-0.4102288331608311
Unknown;0.0071998560028799;-0.4012345679012346;-1.510631186713275
Control;0.0005199896002079;-0.8742138364779874;-2.049329613711813
Unknown;0.8641827163456731;-0.0141843971631205;-0.0088904943534432
Unknown;0.0667586648267034;0.4844444444444444;0.7688149573315539
High;0.1449971000579988;0.3722222222222222;0.5026730286727517
Control;0.4010025062656641;-0.5272727272727272;-0.6544450551024675
Unknown;0.0623187536249275;-0.3089802130898021;-0.7373114538048708
Unknown;0.0189596208075838;-0.5909090909090909;-1.2334222050128911
Unknown;0.753304933901322;0.125;0.2159118172391594
Unknown;0.0119197616047679;-0.4;-0.884533091467252
Unknown;0.0491590168196636;-0.436144578313253;-0.6962831008595596
Control;0.0004799904001919;-0.7122507122507122;-1.6805752993771044
Unknown;0.7439051218975621;0.0866666666666666;0.1921821485993812
Unknown;0.1651966960660786;-0.5178571428571429;-0.5491623967509542
Unknown;0.0707985840283194;0.4933333333333333;0.855814668029788
Unknown;0.2164356712865742;-0.4736842105263157;-0.7453047846829328
Unknown;0.0461590768184636;0.5454545454545454;0.990028010407803
Unknown;0.0667586648267034;-0.5064935064935064;-0.761708352414599
Unknown;0.0003999920001599;-0.6666666666666666;-2.274482490474854
Unknown;0.8269434611307774;0.1020408163265306;0.1038841261596472
Control;0.0002399952000959;-0.8156028368794326;-2.330510171762899
Unknown;0.0103197936041279;-0.7013888888888888;-1.3232828723528152
Low;0.2368752624947501;-0.5012987012987012;-0.5039567942903516
Unknown;0.7332253354932902;0.3333333333333333;0.1888946869760499
Unknown;3.999920001599968e-05;-0.8541666666666666;-6.049286488066229
Unknown;0.0049199016019679;-0.7588652482269503;-1.4768880570858984
Unknown;3.999920001599968e-05;-0.8225308641975309;-2.042666585198936
High;0.1666766664666706;0.3185185185185185;0.5540722893471948
Unknown;0.0273994520109597;-0.4074074074074074;-1.118290561832185
Unknown;0.4040319193616127;0.1960199004975124;-0.2204747164888281
Unknown;0.0065998680026399;-0.6035714285714285;-1.153101202369427
Unknown;0.6821463570728585;-0.1292517006802721;-0.1658863514541296
Unknown;0.493070138597228;-0.2452830188679245;-0.2498812195994125
Unknown;0.0985980280394392;-0.2916666666666667;-0.8673699263221781
Unknown;0.0238395232095358;-0.4375;-0.8374572602284712
Unknown;3.999920001599968e-05;-0.959349593495935;-2.728443521566143
High;0.4212715745685086;0.1133333333333333;0.3452946898263051
Unknown;0.9653806923861524;-0.2051282051282051;0.0247637527206362
Unknown;0.7069058618827624;-0.1116883116883116;-0.1358725462619266
Unknown;0.2607547849043019;-0.2807881773399014;-0.4628396726647563
High;3.999920001599968e-05;-0.9722222222222222;-4.673004760585658
Unknown;0.6803463930721385;0.3202614379084967;0.2283241285763591
Unknown;0.0176396472070558;-0.624113475177305;-1.19625687864812
Low;0.8281034379312414;-0.0123456790123456;-0.0969318337739406
Control;0.7723045539089218;0.2142857142857142;0.1084680249696812
Unknown;0.0005999880002399;-0.6077481840193705;-1.9187520311372968
Unknown;0.0669186616267674;0.3765432098765432;0.7522763419890076
Unknown;0.0955580888382232;0.3703703703703703;0.6317712620263688
Unknown;0.0001599968000639;-0.7973856209150327;-3.809256881127484
Unknown;0.7316253674926502;0.0;0.1651975976286618
Unknown;0.0712385752284954;-0.7631578947368421;-0.9522834832290132
Unknown;0.2705945881082378;-0.4693877551020408;-0.4572970519309211
Unknown;0.1014379712405751;-0.0733333333333333;-0.8469160678384964
Unknown;0.0133997320053598;-0.6263157894736842;-0.8842087952459954
Unknown;0.1807163856722865;0.434074074074074;0.4612300885371245
Unknown;0.0296794064118717;-0.5578231292517006;-1.0365045073263164
Unknown;0.0023199536009279;-0.5588972431077694;-1.499225635432275
Unknown;0.6844263114737705;-0.2;-0.115425878166672
Unknown;0.0914781704365912;-0.5555555555555556;-0.8135568867020017
Unknown;0.8254234915301694;0.1666666666666666;0.1033229612247569
Unknown;0.0051598968020639;-0.5831381733021077;-0.948968349683076
Unknown;0.0214795704085918;-0.2400468384074941;-0.854482895188239
Unknown;0.5271494570108598;-0.1333333333333333;-0.256324471609075
Unknown;0.0219595608087838;0.075075075075075;-1.165626981261724
Unknown;0.5787084258314834;0.2571428571428571;-0.1995592799888965
Unknown;0.3849923001539969;0.2352941176470588;0.3764218954264907
Unknown;3.999920001599968e-05;-0.9047619047619048;-2.903665893300785
Unknown;0.7348653026939461;-0.0921985815602836;-0.136882348242106
Unknown;0.2604747905041899;-0.3673469387755102;-0.4961913112347006
Unknown;0.9431411371772565;-0.12;-0.0009713098537159
Medium;0.0269594608107837;-0.3386666666666666;-0.7894729672308564
Unknown;0.985340293194136;-0.0561224489795918;0.0249715995473636
Unknown;0.0062798744025119;-0.3598484848484848;-1.3734669541915734
Unknown;0.0788384232315353;-0.4565217391304347;-0.9164749292876966
Unknown;0.0152396952060958;-0.4779874213836478;-1.540471107547856
Unknown;0.8686626267474651;0.3333333333333333;0.1275496744474182
Unknown;0.7335053298934021;0.109090909090909;-0.1403931837298845
Unknown;0.0014399712005759;-0.6410256410256411;-1.5935040403553906
High;0.0081998360032799;-0.6728110599078341;-1.2153185206509705
Unknown;0.1737565248695026;0.2777777777777778;0.4240213146067675
Unknown;0.0182796344073118;-0.3945841392649903;-0.9050370580599112
Unknown;0.118677626447471;-0.6339869281045751;-0.7780969036004212
Unknown;0.0024399512009759;-0.7074829931972789;-1.5099899544193789
Unknown;0.0003599928001439;-0.5643939393939394;-1.85527877421413
Unknown;0.0151996960060798;-0.54421768707483;-1.1993327263208304
Unknown;0.0171996560068798;-0.6326530612244898;-1.1001076150303994
Unknown;0.0087998240035199;-0.7866666666666666;-1.4584404077215474
Low;0.4627907441851163;0.2421875;0.2899237286190487
Unknown;0.8407431851362973;-0.0793650793650793;-0.0928905870403122
Unknown;0.2239155216895662;0.1832611832611832;0.4283738191810053
Unknown;0.4329113417731645;0.1320754716981132;0.3405694867470556
Unknown;0.0040399192016159;-0.808641975308642;-1.5315686917627638
Unknown;0.0004799904001919;-0.7414965986394558;-2.4753415341248366
Unknown;0.1615967680646387;-0.4537037037037037;-0.5166571962820554
Medium;0.0283194336113277;0.5024630541871922;0.878405782968797
Unknown;0.8113037739245215;-0.0888888888888888;-0.0960248095810542
Low;0.0277594448111037;-0.7733990147783252;-1.0570365526298366
Unknown;0.0026399472010559;0.5878220140515222;1.0907187174081454
Unknown;0.3131137377252455;-0.2666666666666666;-0.4460238162032764
Unknown;0.3076338473230535;-0.1987179487179487;-0.4432247728293373
Unknown;0.7766644667106658;-0.1503267973856209;-0.112177377310741
Unknown;0.0001999960000799;-0.8442028985507246;-1.837005410736828
Unknown;0.0003599928001439;-0.8125;-2.1773753593254384
Unknown;0.0026799464010719;-0.7986111111111112;-1.3634446435546672
Unknown;0.2255154896902061;-0.1944444444444444;-0.5361409471214583
High;0.0241195176096478;-0.5289855072463768;-1.1393750674115324
Unknown;0.6628267434651307;0.3333333333333333;-0.1607939806071342
Unknown;0.119637607247855;0.2971014492753623;0.704640383817142
Unknown;0.4853502929941401;-0.1156462585034013;-0.2678993815526753
Unknown;0.0063198736025279;0.6888888888888889;1.1185343739553717
Unknown;0.0013599728005439;-0.7155555555555555;-2.2845115111827874
Control;0.0259194816103677;-0.4988290398126463;-0.8481726379336321
High;3.999920001599968e-05;-0.7905882352941176;-2.612542018023132
Unknown;0.0901181976360472;-0.7222222222222222;-0.9617332842553348
Unknown;0.3494730105397892;0.1851851851851851;0.4191046377538771
Unknown;0.0007599848003039;-0.7611940298507462;-1.8682535185004063
Unknown;0.0836383272334553;0.4155251141552511;0.5904394041000187
Unknown;0.0517189656206875;0.5035128805620609;0.7253726401049522
Unknown;0.6031479370412591;-0.3086419753086419;-0.1679331886128533
Unknown;0.0817983640327193;-0.2518518518518518;-0.8833682336793937
High;7.999840003199936e-05;-0.6729559748427673;-3.4602864802680746
Unknown;0.5395892082158357;-0.1481481481481481;-0.266170199898825
Unknown;0.1872762544749105;-0.1711711711711711;-0.6181837989786647
Unknown;0.8615027699446011;-0.0919540229885057;-0.0757347363617177
Unknown;0.497910041799164;-0.1347517730496454;-0.2870618539056768
Medium;0.0091198176036479;-0.4466666666666666;-1.2740176574108857
Unknown;0.3838723225535489;-0.2088888888888889;-0.4001199535944668
Unknown;0.2739545209095818;-0.1631205673758865;-0.4844064993511002
Unknown;0.0944381112377752;-0.4130434782608695;-0.7606418864520692
High;3.999920001599968e-05;-0.974025974025974;-3.7227703104438175
Unknown;0.5363092738145238;0.2444444444444444;0.3000652588640092
Unknown;0.5709085818283635;-0.2836879432624113;-0.2087090966787782
Control;0.0015199696006079;-0.7283950617283951;-1.655726724008164
Unknown;0.6688666226675466;-0.1014492753623188;-0.1834279063080789
Medium;0.3571928561428771;-0.0220588235294117;-0.3439072951458817
Unknown;0.1707165856682866;-0.4693877551020408;-0.6135607668364417
Unknown;0.0299994000119997;-0.7142857142857143;-1.0531023018493184
Unknown;0.0002399952000959;-0.8936170212765957;-2.4244594598386846
Low;0.3358732825343493;0.0835629017447199;0.3056741130754582
Low;0.5931081378372433;0.1543209876543209;0.2438936662547363
Unknown;0.1301173976520469;-0.2056737588652482;-0.9332855855345256
Unknown;0.0210395792084158;-0.7111111111111111;-1.1498753072006305
Unknown;0.0721185576288474;-0.3422222222222222;-1.1628924701040333
High;0.0076798464030719;-0.6842105263157895;-1.2602152934103668
Unknown;0.0179996400071998;-0.36;-1.4653914185727546
Unknown;0.6697466050678986;0.0416666666666666;-0.1664367769451831
Unknown;0.1330773384532309;-0.4897959183673469;-0.7170586234059806
Unknown;0.1062378752424951;-0.5294117647058824;-0.7640616981191649
Unknown;0.4404311913761725;-0.0488888888888888;-0.3466792785986877
Unknown;0.5303893922121558;0.1884057971014492;0.2777864003181228
Unknown;0.0718785624287514;-0.4347826086956521;-0.8507260502605932
Unknown;0.4620307593848123;0.4149659863945578;0.3337338142687561
Unknown;0.3426731465370692;0.181159420289855;0.4207601132693805
Unknown;0.0735985280294394;-0.4148148148148148;-0.8122152117034382
Unknown;0.254954900901982;0.1830065359477124;0.5026365663862712
High;0.5611887762244755;-0.3333333333333333;-0.2340498044548059
Medium;0.0283994320113597;0.0311111111111111;-1.288950637700445
Unknown;0.5900281994360113;0.2246376811594203;0.2363269415862567
Unknown;0.2867542649147017;-0.1045751633986928;-0.4664870071984743
Low;0.6713865722685546;-0.1296296296296296;-0.1896228914163584
Unknown;0.8629827403451931;0.1929824561403508;0.1468492274875159
High;3.999920001599968e-05;-0.7602339181286549;-1.8692511945285224
Unknown;3.999920001599968e-05;-0.8666666666666667;-2.037966942419529
Unknown;0.0002799944001119;-0.6546546546546547;-1.6076806156431185
Unknown;0.0018799624007519;-0.7687074829931972;-1.6957577889527893
Unknown;0.7622247555048899;0.2371794871794871;0.1402893080663766
Unknown;0.3637527249455011;-0.2048780487804878;-0.308499960684529
Unknown;0.2069158616827663;0.1702127659574468;-0.6313267769551525
Unknown;0.986780264394712;-0.1044776119402985;0.0175450363038656
Unknown;3.999920001599968e-05;-0.91156462585034;-3.4347827092729126
Unknown;0.5534689306213876;0.2666666666666666;0.2778704041497406
High;0.0002399952000959;-0.9533333333333334;-2.5471226899825847
Unknown;0.0015999680006399;-0.3020289855072464;-1.0651400089868768
Unknown;0.2281954360912781;-0.5555555555555556;-0.4689671198493204
Unknown;0.0002799944001119;-0.6521739130434783;-2.6491691633610985
Unknown;0.1301573968520629;-0.3155555555555555;-0.7699128533631091
Unknown;0.8957820843583129;-0.0904761904761904;-0.0302024711610951
Medium;0.1518769624607507;0.3836477987421384;0.5074835257944723
Unknown;0.8231835363292734;-0.05859375;-0.0851671599346237
Unknown;0.0592388152236955;-0.4829931972789115;-0.8313780240168663
Unknown;0.7987440251194976;-0.2222222222222222;-0.0926133391817035
Unknown;0.622667546649067;0.2193877551020408;-0.1600711510740388
Unknown;0.1737165256694866;-0.2911111111111111;-0.4768837375331718
Unknown;0.8867822643547129;-0.0987654320987654;-0.0247065138636883
Medium;0.0123197536049279;-0.4842767295597484;-1.5778010479750662
Unknown;0.0504389912201755;0.5434782608695652;0.7954000721079368
Unknown;0.1861962760744785;0.4577777777777778;0.5568492866885315
Unknown;0.9817003659926802;0.0061728395061728;0.0649645689537166
Unknown;0.0747185056298874;0.4964539007092198;0.7583719983795679
Unknown;0.115437691246175;0.3558441558441558;0.6141949878563057
Unknown;0.0056398872022559;-0.2888888888888888;-1.8131384986293868
Unknown;0.7391452170956581;0.0902777777777777;0.1588974172516831
Unknown;0.0356792864142717;-0.3131313131313131;-0.7768010541297483
Control;0.0220795584088318;-0.5757575757575758;-1.028314338511597
High;0.0095998080038399;0.5471698113207547;0.768614527649721
Unknown;0.2693946121077578;0.2645502645502645;-0.5186761572844727
Unknown;0.4085518289634207;0.2013888888888889;0.3121533484056076
Unknown;0.0203595928081438;-0.574468085106383;-1.29591860052887
Unknown;0.0867182656346873;0.4052287581699346;0.6716291799065267
Control;0.0143597128057438;-0.6533333333333333;-1.2360609569935028
Unknown;0.7356252874942502;-0.0691244239631336;0.1765435567235349
Low;0.0210395792084158;0.5359477124183006;0.9183585877139372
Medium;0.3001539969200616;-0.3472222222222222;-0.4586679144570807
High;0.0032399352012959;-0.7753623188405797;-1.546911675875881
Unknown;0.0541989160216795;0.4761904761904761;0.7571449982735313
Unknown;0.758704825903482;-0.0769230769230769;-0.0852487169296304
Unknown;0.0801983960320793;-0.36;-1.005722000327152
Unknown;0.3193136137277254;-0.3015873015873015;-0.3920635039154093
Unknown;0.5308693826123477;0.0902777777777777;0.24537580556197
High;0.4654306913861722;0.2179487179487179;0.3479715360651118
Unknown;0.1646767064658706;0.4184397163120567;0.6319703253106396
Unknown;0.6511469770604588;0.1089743589743589;0.1987107426183886
Unknown;0.0696786064278714;-0.5217391304347826;-1.037407686336428
Unknown;0.4187916241675166;0.1909090909090909;0.383826044668659
Control;0.115357692846143;-0.3953488372093023;-0.6992059633253851
Unknown;0.0006799864002719;-0.5986394557823129;-1.9775060930388044
Unknown;0.0405591888162236;0.4705882352941176;0.9202826653709728
Medium;0.0165196696066078;-0.5833333333333334;-1.2429170902475488
Unknown;0.0645987080258394;0.4444444444444444;0.7745267007975852
Unknown;0.8558228835423292;0.1911111111111111;0.122944083779527
Unknown;0.0587188256234875;-0.4506172839506173;-0.7150845023451284
Low;3.999920001599968e-05;-0.9431818181818182;-2.350790235809549
Low;0.2041159176816463;-0.5867346938775511;-0.573963373840888
Unknown;0.0067198656026879;-0.6388888888888888;-1.582587177676509
Unknown;0.0847983040339193;-0.0125786163522012;-0.8232902167751814
Unknown;0.0517589648207035;0.5333333333333333;0.8435688365725796
Unknown;3.999920001599968e-05;-0.944186046511628;-2.4369261890310407
Unknown;0.8722225555488891;0.1768707482993197;0.0815707386837149
Low;0.0051998960020799;-0.6136363636363636;-1.1562140076969671
Unknown;0.3977920441591168;0.1632183908045977;0.2918492721154878
Unknown;0.9190616187676246;0.0354609929078014;0.0303152355702619
Unknown;0.8051838963220735;0.0952380952380952;0.1657864986909664
Unknown;0.0209195816083678;-0.4465408805031446;-1.228184765075222
Unknown;0.9344213115737684;-0.1111111111111111;0.0590205500593771
Unknown;0.0027999440011199;-0.6319444444444444;-1.559246775557696
Unknown;3.999920001599968e-05;-0.8688524590163934;-1.8737347726036813
Unknown;0.3089938201235975;-0.0992907801418439;-0.4465915499010436
Control;3.999920001599968e-05;-0.7761904761904762;-2.408913722706382
Medium;0.7103057938841223;0.3681318681318681;0.1902168024524169
Unknown;0.0668386632267354;-0.4576271186440678;-0.782895639934931
Medium;3.999920001599968e-05;-0.9296875;-2.9700447987944085
Unknown;0.4479110417791644;0.1475;0.2628885151574869
Control;0.8335033299334014;-0.0043290043290043;-0.0638220334063758
Unknown;0.375472490550189;0.1439024390243902;0.2991551097708993
Unknown;0.5369892602147956;0.5647382920110193;-0.1728770432114666
Unknown;0.0560788784224315;-0.4791666666666667;-0.956838237157236
Unknown;7.999840003199936e-05;-0.7502497502497503;-1.9352039965708765
Unknown;0.2024359512809743;0.3864168618266979;0.527777791640185
Unknown;0.4335113297734045;0.2028985507246377;0.3499967782639405
Unknown;0.2563548729025419;-0.3584905660377358;-0.4919878805125002
Medium;0.0004399912001759;-0.6857707509881423;-1.3554406599814843
Unknown;0.0541589168216635;-0.3575;-0.6836720679836271
Medium;0.5889082218355632;-0.1382488479262673;0.2293106086833212
Unknown;0.7163456730865383;-0.1936619718309859;-0.1176273123026665
Unknown;0.0678786424271514;-0.5933333333333334;-0.9953647650933184
Unknown;0.3317133657326853;-0.1458333333333333;-0.4290117439734097
Unknown;0.7418651626967461;0.08;0.15996967687618
Unknown;0.3046339073218536;-0.36;-0.4993161964356726
Unknown;0.0902781944361112;-0.4150943396226415;-0.7993120680518998
Unknown;0.4708305833883322;0.1805555555555555;0.3312883328628801
Unknown;0.251914961700766;0.1912832929782082;0.4587328152312885
Unknown;0.4637107257854843;0.0105820105820105;-0.2880973978993863
Unknown;0.2103957920841583;-0.2764227642276423;-0.6316964819912443
Unknown;0.2908741825163496;0.3974025974025974;-0.2726053380025212
Unknown;0.0977180456390872;-0.3703703703703703;-0.7702214821121409
Unknown;0.0059198816023679;-0.6041666666666666;-1.2990509854261356
Unknown;0.0159596808063838;-0.7430555555555556;-1.292267550288205
Unknown;0.0079198416031679;-0.6274509803921569;-1.245846257122265
High;0.0008399832003359;-0.8525641025641025;-1.990547481860283
Unknown;3.999920001599968e-05;-0.5266955266955267;-2.665656385705191
Unknown;0.0086398272034559;0.6190476190476191;1.0482511149555616
Unknown;3.999920001599968e-05;-0.8979591836734694;-2.2530313117381637
Unknown;0.0013199736005279;-0.7971014492753623;-1.812463553785597
Control;0.0298394032119357;-0.4332552693208431;-0.9491250206739522
Control;0.3827923441531169;-0.3741496598639456;-0.3720777588177699
Unknown;0.3561128777424451;-0.1116883116883116;-0.3749413271863785
Unknown;0.0495190096198076;-0.4285714285714285;-0.9319438092050042
Unknown;0.0045999080018399;-0.2569444444444444;-1.87192878012674
Unknown;0.8456630867382652;0.032051282051282;-0.0757448823894423
Unknown;0.1246498599439775;-0.3737373737373737;-1.0382578172611738
Unknown;0.246315073698526;0.2781954887218045;0.4683774276838279
Unknown;0.1810363792724145;0.2888888888888888;0.5768691221846872
Unknown;0.3621527569448611;0.1022222222222222;0.4228580324925791
Unknown;3.999920001599968e-05;-1.0;-3.629094853145228
Unknown;0.0279194416111677;-0.5294117647058824;-1.0628018004641056
Unknown;0.0813183736325273;-0.0694444444444444;-0.8368327648114039
Unknown;0.9709005819883604;-0.0797101449275362;-0.008237784890875
Unknown;0.0034399312013759;-0.544973544973545;-1.2801171634769897
Unknown;0.5248695026099478;0.3428571428571428;-0.1685294103350292
Control;0.3335533289334213;-0.5378787878787878;-0.430546465171612
Low;3.999920001599968e-05;-0.9846938775510204;-4.519599425131902
Low;7.999840003199936e-05;-0.775;-1.837039643923579
Unknown;0.0005199896002079;-0.8078817733990148;-1.632340556179324
Unknown;0.9246615067698646;-0.0592592592592592;0.0723750655129128
Unknown;0.992540149197016;0.282051282051282;0.0376522985781379
Unknown;0.0017999640007199;-0.8014184397163121;-1.7455574322865912
Unknown;0.0062798744025119;-0.689922480620155;-1.3195804981733688
Unknown;0.0328793424131517;-0.4518518518518518;-1.006093387462817
Unknown;0.1029979400411991;-0.6737588652482269;-0.8372342169563292
Unknown;0.0415991680166396;-0.4486215538847117;-0.7625985959033716
Unknown;0.2838343233135337;-0.2177777777777777;-0.5210955082726604
Unknown;0.0049599008019839;-0.5546875;-1.3253541405913856
Unknown;0.7312253754924901;0.1376811594202898;0.1764561903806713
Unknown;0.0198796024079518;-0.7142857142857143;-1.0841872416237788
Unknown;0.4707105857882842;0.1830065359477124;0.3179610444864395
Unknown;0.119477610447791;-0.5822222222222222;-0.8132100124502968
Medium;0.373592528149437;-0.2463768115942029;-0.3915247801836697
Control;0.120877582448351;0.3695652173913043;0.6861627920491611
Unknown;0.2903141937161256;-0.4782608695652174;-0.4712480433837443
Unknown;0.6415071698566028;-0.2888888888888888;-0.1787147623770693
Unknown;0.4327113457730845;-0.1702127659574468;-0.3431311314104989
Unknown;0.0017599648007039;-0.7090909090909091;-1.627199649673721
Unknown;0.0251994960100798;-0.6739130434782609;-1.2005939233961382
Unknown;0.4663106737865242;0.0113636363636363;0.2874025356310149
Unknown;0.1389172216555668;-0.3657142857142857;-0.6022527964059239
Unknown;0.0540789184216315;0.4848484848484848;0.7253068746243089
Unknown;0.1053978920421591;-0.1428571428571428;-0.6716907571924988
Unknown;0.50314993700126;-0.3984962406015037;-0.2438380943652364
Unknown;0.0054798904021919;0.5911111111111111;1.5125119835715986
Unknown;0.7019859602807944;0.2101449275362318;-0.1300757997490488
Unknown;0.0022399552008959;-0.562152133580705;-1.124834396514207
Low;0.0006399872002559;-0.7103174603174603;-1.477389775756012
Unknown;0.0671986560268794;-0.4423076923076923;-0.8367744914539695
Medium;0.8504629907401852;-0.0384615384615384;0.1177888271177399
Unknown;0.8438631227375453;0.032051282051282;0.1155472226298189
Unknown;0.2370752584948301;-0.3251231527093596;-0.4902134080402194
Unknown;0.0832383352332953;-0.3755274261603376;-0.6333488338758609
Unknown;0.0035599288014239;-0.7421383647798742;-1.5650136080280597
Control;0.378152436951261;0.2679738562091503;0.386735875387808
Unknown;0.0258394832103357;-0.5185185185185185;-1.1439620278561224
Unknown;0.2140357192856143;0.1956521739130435;0.538156557435673
High;0.0013999720005599;-0.7333333333333333;-1.8378609377482968
Unknown;0.6809863802723946;0.2810457516339869;-0.1145163317160894
Low;0.8269434611307774;0.2536231884057971;-0.0535992422768993
Unknown;0.6443471130577388;0.2898550724637681;0.2198941015538527
Unknown;0.3295934081318373;-0.3422222222222222;-0.4616447763904884
Control;0.0757584848303034;-0.3214285714285714;-0.7085705535924286
Unknown;0.0458390832183356;-0.7610062893081762;-0.990094616925831
Low;3.999920001599968e-05;-0.7530864197530864;-2.527051628613106
Unknown;0.8288634227315453;0.1418439716312056;-0.0760620449004447
Control;0.0001199976000479;-0.6123188405797102;-1.9592099871132256
Unknown;0.0119597608047839;-0.2229885057471264;-1.0180945723081118
Unknown;0.0462390752184956;-0.427536231884058;-0.999473398728472
Unknown;0.1599168016639667;-0.4488888888888889;-0.726969630787329
Unknown;0.0031599368012639;-0.5655172413793104;-1.135972689089848
Unknown;0.1020779584408311;0.4745098039215686;0.7908328777001494
Medium;0.0020399592008159;-0.6865079365079365;-1.3581552207325078
Unknown;0.0067198656026879;-0.6595744680851063;-1.3714547756948563
Unknown;0.0001599968000639;-0.82421875;-2.133899367035572
High;0.0003599928001439;-0.7689873417721519;-2.0303661670788933
Unknown;0.0522789544209115;-0.4933333333333333;-1.006299196702495
Unknown;0.7689846203075938;0.0321637426900584;0.1255443539777052
Unknown;0.0043199136017279;-0.6086956521739131;-1.3812038036011318
Unknown;0.870582588348233;-0.12;0.1629144898180859
Unknown;0.0545589088218235;-0.7288135593220338;-0.9636457578910252
Unknown;0.0013599728005439;-0.6119402985074627;-1.5275320106369374
Unknown;0.4227515449691006;-0.3051948051948052;-0.3156809063969497
Unknown;0.3285534289314213;-0.1111111111111111;-0.4276018855563663
Unknown;0.252194956100878;-0.4166666666666667;-0.4925056423648024
Unknown;0.0195996080078398;-0.7049180327868853;-1.2686154701061558
Unknown;0.4248715025699486;0.2152777777777778;0.3589164382117511
Control;0.8957020859582808;0.0809523809523809;-0.0413787270652387
Unknown;0.0052798944021119;0.6977777777777778;1.0362037768168195
Unknown;0.5684686306273875;-0.3571428571428571;-0.160657902332517
Unknown;0.2270354592908141;-0.0277777777777777;-0.5903165245622258
Unknown;3.999920001599968e-05;-0.5742574257425742;-1.6167963902346951
Unknown;0.2379952400951981;0.4;-0.6052437267816626
Unknown;0.8913821723565528;0.0321428571428571;0.0874179292756757
Unknown;0.0002799944001119;-0.8085106382978723;-2.135676159716942
Unknown;0.0075998480030399;-0.2982456140350877;-1.525578462341218
Control;0.0965580688386232;-0.4066666666666667;-0.811660372755536
Control;0.7139857202855943;0.0869565217391304;0.1645513573311759
Unknown;0.50054998900022;0.174025974025974;0.2712660222421315
Unknown;0.1538769224615507;-0.0258751902587519;-0.5436924379643914
Unknown;7.999840003199936e-05;-0.8958333333333334;-2.4671245521879155
Unknown;0.3249135017299654;-0.1584507042253521;-0.3723742056224197
Unknown;0.0003999920001599;-0.639344262295082;-2.1269996552228814
Unknown;0.1381572368552629;-0.616;-0.7757656786910274
Unknown;0.0039199216015679;-0.6071428571428571;-1.32086697220055
Unknown;0.0075198496030079;-0.7155555555555555;-1.8099478468432049
Control;0.6195876082478351;0.1055555555555555;0.2185694131938097
Unknown;0.2575948481030379;0.2;0.4553624248657157
Unknown;0.2790344193116137;-0.4777777777777778;-0.5928979510148384
Unknown;0.2669146617067658;-0.1970443349753694;-0.4612261137811671
Unknown;0.0141597168056638;0.0147783251231527;-1.5672622367154518
Unknown;0.4480310393792124;-0.1320754716981132;0.3255687558812903
Unknown;0.1959560808783824;0.3333333333333333;0.5798379000963814
Unknown;0.0033199336013279;-0.7703703703703704;-1.7977160849218423
Unknown;0.9580608387832245;-0.1111111111111111;0.0545104285971042
Unknown;0.4613107737845243;0.2742857142857143;-0.2722428812526358
Unknown;0.7119857602847943;-0.1407407407407407;-0.1738319450511215
Control;0.0030399392012159;-0.7074829931972789;-1.6875907380834745
Unknown;0.0473190536189276;-0.5133333333333333;-1.0244740125717686
Unknown;0.1314773704525909;-0.6095238095238096;-0.6539506969046842
Unknown;0.3394332113357733;-0.3898305084745763;-0.3661807505218504
Unknown;0.0415591688166236;-0.2037037037037037;-0.997374892985498
Unknown;0.5639487210255795;-0.4042553191489361;-0.1643005712576829
Unknown;0.2867142657146857;-0.5256410256410257;-0.4707713585204343
Unknown;0.3134737305253895;-0.0545454545454545;-0.408473094539403
Unknown;0.5129097418051639;0.1566820276497695;-0.2285916188761962
Unknown;3.999920001599968e-05;-0.8677248677248677;-2.023978625671943
Unknown;0.1420371592568148;-0.5277777777777778;-0.6828149811452847
Unknown;0.0479590408191836;-0.437037037037037;-0.9177236155311668
Unknown;0.3134337313253735;-0.2265060240963855;-0.3393995007351078
Unknown;0.0513189736205275;-0.3185185185185185;-0.911279169785272
Unknown;0.0921981560368792;-0.5932203389830508;-0.7968630727065446
Low;0.1516769664606707;-0.4150943396226415;-0.6429542000195478
Control;0.6272674546509069;-0.1116883116883116;-0.1865460241179141
Unknown;0.1705565888682226;-0.4027777777777778;-0.6599287337140103
Unknown;0.9295014099718004;-0.0512820512820512;-0.0153810887101405
Medium;0.5414291714165717;-0.1093860268172194;-0.1735325967069152
Unknown;0.99530009399812;0.0396039603960396;0.0383001193674713
Unknown;0.98230035399292;-0.1564625850340136;-0.0266102235075814
Low;0.9019019619607608;-0.0718954248366013;-0.0458406674880819
Unknown;0.0788784224315513;-0.3787878787878788;-0.5524943589343693
Unknown;0.0010399792004159;-0.8794326241134752;-2.159094300778632
Unknown;0.7374652506949861;-0.04;-0.1587515076490959
Unknown;0.0408391832163356;-0.3734335839598997;-0.8492336792569936
Unknown;0.7256654866902662;0.0679012345679012;0.1427813771925243
Unknown;0.499710005799884;0.1818181818181818;0.3112151598806176
Unknown;0.5257494850102998;-0.3333333333333333;-0.1111852866519324
Control;0.0550788984220315;-0.4444444444444444;-0.8274421827144933
Unknown;0.8378232435351293;-0.12;-0.0729713827365408
Control;0.5786684266314673;-0.1733833177132146;-0.1654570636940834
Control;0.0050398992020159;0.6111111111111112;1.4740821877882195
Unknown;0.0447591048179036;0.5319148936170213;0.9178918669771656
Unknown;0.0002399952000959;-0.7246753246753247;-1.8840343870650704
Control;0.0437991240175196;-0.5661375661375662;-0.8918731574584932
Unknown;0.0791184176316473;0.4964539007092198;0.7527903904447686
Unknown;0.0336393272134557;-0.3786848072562358;-0.9565395751766304
Unknown;0.0172796544069118;-0.5035460992907801;-1.2347643819241192
Unknown;0.0301593968120637;-0.4332552693208431;-1.0075221935395042
Unknown;3.999920001599968e-05;-0.891156462585034;-2.8320761971233903
Low;0.0015999680006399;-0.76;-1.9100186678604043
Unknown;0.0259194816103677;-0.54421768707483;-1.0458924820536053
Unknown;0.1984760304793904;-0.6304347826086957;-0.6196339092622869
Unknown;0.998020039599208;0.1729323308270676;0.014137113355727
Unknown;0.4601507969840603;-0.2571428571428571;-0.3398879977227592
Control;0.0667186656266874;-0.4640522875816993;-0.7947745958158643
Unknown;0.0371192576148477;-0.2962962962962963;-1.1514204888683632
Unknown;0.5994680106397872;0.0679012345679012;0.2567929628389144
Low;7.999840003199936e-05;-0.8969555035128806;-2.731487757450586
Unknown;0.3349533009339813;-0.3302325581395349;-0.4600092193318991
Unknown;0.1439571208575828;-0.2927400468384075;-0.6169921645522
Unknown;0.8197836043279134;0.0296296296296296;-0.075137188562654
Unknown;0.1982360352792944;-0.3623188405797101;-0.6917759335798928
Unknown;0.3249135017299654;0.2654320987654321;0.4323173739970905
Control;0.364632707345853;0.0952380952380952;-0.4962118202633008
Unknown;0.0026399472010559;0.5986394557823129;1.3693709713417763
Unknown;0.8560628787424251;0.0888888888888888;0.1102669303745217
Control;0.7801843963120738;0.045045045045045;0.1266693673384884
Unknown;0.0960380792384152;-0.5384615384615384;-0.8374531087923398
Unknown;0.5767884642307154;0.0196078431372549;0.2529838529490376
Unknown;0.4888702225955481;0.09375;-0.2388881367919989
Unknown;0.3060738785224295;-0.0933333333333333;-0.6190431217734829
Unknown;0.0930381392372152;0.4557823129251701;0.6199398318185012
Low;0.0003199936001279;-0.746031746031746;-1.921015949844025
Unknown;0.0006799864002719;-0.5828135828135829;-1.1374503068797914
Unknown;0.0820383592328153;-0.6938775510204082;-0.9508950849507408
Unknown;0.6638667226655467;-0.1446540880503144;-0.1940828268314863
Unknown;0.7725445491090178;-0.1597222222222222;-0.0927195111944924
Control;0.7171856562868743;0.1063829787234042;0.157039473208388
Low;0.3455130897382052;-0.1904761904761904;-0.4152695042219954
Unknown;0.0365992680146397;-0.4533333333333333;-0.9566799930241864
Unknown;0.4155916881662366;0.2;0.3608826520607991
Unknown;0.0171596568068638;-0.3469387755102041;-1.150683004528812
Unknown;3.999920001599968e-05;-0.9555555555555556;-2.709104394145157
Unknown;0.7179856402871942;0.3704600484261501;0.1569870180765049
Unknown;0.1430771384572308;0.3703703703703703;0.5312079089755876
Unknown;0.2367152656946861;-0.0437405731523378;0.3482910379173894
Medium;0.7361052778944421;-0.2181818181818181;-0.1403566573342731
Unknown;0.240755184896302;-0.3922077922077922;-0.4750839587501786
Unknown;0.0089598208035839;-0.4185463659147869;-1.2381696536429898
Unknown;0.4831503369932601;-0.0761904761904762;-0.2745255274693603
Unknown;0.0519589608207835;-0.3081761006289308;-1.0191330924126856
Unknown;0.6789464210715785;-0.0821428571428571;-0.1461359273584581
Unknown;0.0003599928001439;-0.8503401360544217;-2.0602107144625954
Unknown;0.0450790984180316;-0.3888888888888889;-0.9032720734159064
Control;0.0985180296394072;-0.4848484848484848;-0.7810039135596727
Unknown;0.0053198936021279;-0.7291666666666666;-1.3825837575807958
Unknown;0.1878362432751344;-0.2571428571428571;-0.6940448675996185
Unknown;0.9186616267674648;0.04;0.0695853650301082
Unknown;0.0551188976220475;-0.4166666666666667;-0.8845031836470333
Unknown;0.0229195416091678;-0.5138888888888888;-1.1927488777145268
High;0.0003199936001279;-0.7394366197183099;-1.7058611088052082
Unknown;0.0025199496010079;-0.66;-1.9233188104465488
Low;0.490310193796124;0.0875576036866359;0.289438898680562
Unknown;0.617147657046859;0.0;0.2585759459195544
Unknown;7.999840003199936e-05;-0.4753086419753086;-1.7631255021479697
Unknown;0.3254334913301734;0.4379084967320261;0.4204076160499493
Control;0.0013199736005279;0.7152777777777778;1.621468535819816
Unknown;0.7315853682926341;0.1320754716981132;0.1546964409492263
Unknown;0.0582388352232955;-0.7;-1.2055054478610274
Unknown;0.9246615067698646;0.2152777777777778;0.0627490034257076
Control;0.876382472350553;-0.1133004926108374;-0.0500032266264617
Low;0.508629827403452;-0.2471655328798186;-0.2382415875659171
Unknown;0.7241855162896742;0.2222222222222222;0.1787276794897229
Unknown;0.0773184536309273;-0.5644444444444444;-0.9507413039956872
Unknown;0.2958340833183336;0.2804878048780488;0.3526346999141519
High;0.0580788384232315;-0.4074074074074074;-0.9040669143464046
Unknown;0.0001599968000639;-0.7083333333333334;-2.4233696125310527
Medium;0.0479190416191676;0.4642857142857143;0.7153612052327737
Unknown;0.0013199736005279;-0.7638888888888888;-1.894679593193389
Control;0.4671106577868442;0.2198581560283688;0.2814044530225408
Unknown;0.0006399872002559;-0.5111940298507462;-1.6061138110678164
Unknown;0.0046399072018559;-0.6036866359447005;-1.3628336043865428
Unknown;0.0649587008259834;-0.1561181434599156;-0.7525546142747349
Unknown;3.999920001599968e-05;-0.6941176470588235;-2.300217569730518
Unknown;0.0195596088078238;-0.8062678062678063;-1.132566255644788
Unknown;0.2751144977100458;0.2312925170068027;0.4773628276716128
Control;0.0001599968000639;-0.7438271604938271;-1.6551152614914002
Unknown;0.0391592168156636;-0.5578231292517006;-1.0100212917881082
Control;3.999920001599968e-05;-1.0;-5.085853555048268
Unknown;0.8190636187276255;0.0705128205128205;0.1321271147314043
Unknown;0.0557188856222875;-0.5333333333333333;-0.917556515574498
Unknown;0.7942241155176897;0.1594202898550724;0.131223158235307
Unknown;0.0873982520349593;-0.437037037037037;-0.9978998739009712
Unknown;0.3809523809523809;-0.2695035460992908;-0.3757471888732554
Unknown;0.0010799784004319;-0.84;-1.8639577488904309
Unknown;0.0203995920081598;-0.4897959183673469;-1.0727821052585649
Unknown;0.4929101417971641;-0.4202898550724637;-0.2896508892201528
Unknown;0.0001199976000479;-0.7794486215538847;-1.9878198870801125
Unknown;0.0043999120017599;-0.5942028985507246;-1.4933527993185691
Unknown;0.2078758424831503;-0.2836879432624113;-0.5618407963646491
Unknown;0.3773924521509569;0.2444444444444444;0.3901393656972792
Unknown;0.875342493150137;0.5476190476190477;0.108784033971098
Unknown;0.5755484890302194;-0.1644444444444444;-0.2455972998068612
Unknown;0.0559588808223835;-0.4591194968553459;-0.8900713679068866
Unknown;0.4316713665726685;-0.1662763466042154;-0.2978664154042437
Unknown;0.4665106697866042;-0.234866828087167;-0.2895370291349285
Unknown;0.0003599928001439;-0.4989010989010989;-1.6285379612805202
Unknown;0.0038799224015519;-0.7131782945736435;-1.5327752613318193
Medium;0.867022659546809;0.3423423423423423;0.1167818516152588
Unknown;0.5893882122357553;-0.3472222222222222;-0.2147840703253066
Unknown;0.0006399872002559;-0.7316176470588235;-1.4460223691368983
Unknown;0.6890262194756105;-0.1232394366197183;-0.1291228021602774
Unknown;0.621867562648747;0.0884353741496598;0.240699471210004
Control;0.0045999080018399;-0.4876543209876543;-1.537507570462389
Unknown;0.0639587208255834;0.4285714285714285;0.7288893134399921
Unknown;0.1005579888402232;-0.391304347826087;-0.8201845786409454
Unknown;0.9188216235675286;0.0066666666666666;-0.0513443422048077
Unknown;0.4458710825783484;0.34;0.3429714565774611
Unknown;0.0143197136057278;0.6159420289855072;0.9623122406940774
Unknown;0.2763144737105258;-0.0567375886524822;-0.4854217759088956
Unknown;0.0876382472350553;-0.5208333333333334;-0.8742252174306809
Unknown;0.3922321553568929;0.0222222222222222;-0.3692666522782528
Control;0.4680706385872282;-0.3765432098765432;-0.2975986484214164
Unknown;0.1504369912601748;-0.3555555555555555;-0.663960146768291
Unknown;0.2098758024839503;-0.6071428571428571;-0.5833103069131572
Control;0.7332653346933061;-0.0249433106575963;0.1581501387459784
Unknown;0.0670786584268314;-0.2238095238095238;-0.9096514042977576
Unknown;0.5131097378052439;-0.3170731707317073;-0.2067753105509679
Unknown;0.0246395072098558;-0.1777777777777777;-1.2908528757427429
Unknown;0.0313593728125437;-0.1259259259259259;-1.3159662968572128
Unknown;0.0908381832363352;0.4133333333333333;0.7695510548189682
Unknown;0.0191596168076638;-0.4294871794871794;-1.3837988949650897
Unknown;0.2249955000899982;0.0874074074074074;-0.4326854313522784
Unknown;0.1455970880582388;0.2909090909090909;0.6452760335983856
Unknown;0.2294354112917741;-0.347547974413646;-0.5081780628674093
Unknown;0.0001199976000479;-0.7653061224489796;-1.7789543407011743
Unknown;0.3909521809563808;-0.1951219512195122;-0.3724552724499135
Unknown;0.0072798544029119;-0.6884615384615385;-1.31473565649047
Unknown;0.2579148417031659;0.2608695652173913;0.5066946155332767
Unknown;0.624907501849963;0.0962962962962963;-0.1929376965390848
Unknown;0.2135957280854382;-0.4844444444444444;-0.6414595226941364
Unknown;0.8472230555388892;0.0617283950617283;0.0771590562714195
Unknown;0.0001599968000639;-0.7192307692307692;-2.236332224092493
Unknown;0.0170396592068158;-0.5071428571428571;-0.9967634335845208
Unknown;0.9521809563808724;0.04;-0.0043343710507455
Unknown;0.0003199936001279;-0.6385185185185185;-1.6240984281066566
Unknown;0.0327593448131037;-0.2076555023923445;-0.7928268292680873
Unknown;0.0298794024119517;-0.2592592592592592;-1.110349271062984
Unknown;0.5483490330193396;-0.2095238095238095;-0.2273491313246657
Control;0.368112637747245;-0.1014492753623188;0.3838340944330426
Medium;0.1758764824703506;-0.3604651162790697;-0.4837429467937001
Unknown;0.0141997160056798;-0.5289855072463768;-1.3743398259970576
Unknown;0.2825143497130057;-0.2244897959183673;-0.4762845907550128
Medium;0.116917661646767;-0.1176470588235294;-0.7405350982535905
Unknown;0.1404771904561908;-0.237037037037037;-0.6854965040632952
Control;0.1305173896522069;0.4833333333333333;0.700624964538946
Unknown;0.0268794624107517;-0.5873015873015873;-0.9098229650638572
Unknown;0.0275594488110237;-0.4755555555555555;-1.6295994066525756
Control;0.0369592608147837;0.4897959183673469;0.8518158838831846
Unknown;0.0137197256054878;-0.4042553191489361;-1.1626866575159027
Unknown;0.0029599408011839;-0.6862745098039216;-1.705147770231301
Unknown;0.0182396352072958;-0.75;-1.2140891552846662
Unknown;0.2755144897102058;-0.1700680272108843;-0.4804883362001838
Unknown;0.0189196216075678;-0.3660130718954248;-1.1850034310097957
Unknown;0.0056798864022719;-0.6729559748427673;-1.5255519379050178
High;0.0022799544009119;-0.7801418439716312;-1.7811344530643494
Unknown;0.0005599888002239;-0.7666666666666667;-2.279698838709125
Unknown;0.3250334993300134;-0.217391304347826;-0.4276267981956314
Unknown;0.1692766144677106;-0.3945578231292517;-0.6527226098741457
Unknown;0.1751964960700786;-0.3243243243243243;-0.6771296533516331
High;0.4485910281794364;0.1241830065359477;0.3422911830887439
Control;0.0014799704005919;-0.7933333333333333;-2.0605038480357054
Unknown;0.0639587208255834;-0.5942028985507246;-0.902799710187794
Unknown;0.2073158536829263;-0.4964539007092198;-0.5844010361084844
Medium;0.0033599328013439;-0.7343358395989975;-1.5310748641191654
Unknown;0.3359532809343813;-0.2115384615384615;-0.4172616492554348
Medium;0.7429851402971941;0.0409638554216867;0.1104464456216027
Unknown;0.0658386832263354;-0.6533333333333333;-0.9696104648662676
Unknown;0.0018399632007359;-0.8169934640522876;-1.8163004448004436
Unknown;0.0029599408011839;-0.4941176470588235;-1.3820422496416178
Unknown;0.0284394312113757;-0.5911949685534591;-1.148908403131783
High;0.0671586568268634;-0.3263888888888889;-1.0314763712706538
Control;3.999920001599968e-05;-0.9447004608294932;-2.556914123466297
Unknown;0.0110397792044159;0.0;-2.095389132592282
Unknown;0.0010799784004319;-0.5266666666666666;-1.26350539931442
Unknown;0.0012799744005119;-0.8913043478260869;-1.9858225714616404
Unknown;0.0511989760204795;0.0921985815602836;-1.0213016443902534
Unknown;0.0084398312033759;-0.7375886524822695;-1.448587168326358
Unknown;0.1114377712445751;-0.362962962962963;-0.7399628464445747
Unknown;0.1944761104777904;-0.1324110671936759;-0.4348599281010446
Low;0.0001599968000639;-0.8789346246973365;-2.37283560133464
Unknown;0.1587168256634867;-0.2864197530864197;-0.4752373053620747
Unknown;0.0094398112037759;-0.6040100250626567;-1.2399812702512638
Unknown;0.0093998120037599;-0.7254901960784313;-1.498099331117112
Unknown;3.999920001599968e-05;-0.9649122807017544;-3.116610646520734
Unknown;0.0001999960000799;-0.6802721088435374;-2.382182188638485
Unknown;0.7920241595168097;0.1466666666666666;0.1349599878033726
Unknown;0.0120397592048159;-0.2866666666666667;-1.4312622824676653
Low;0.1834363312733745;-0.3197278911564626;-0.6282162765243671
Unknown;0.997860042799144;0.0296296296296296;0.0303259801968734
Control;0.3661526769464611;-0.0703125;-0.3381835982140851
Unknown;0.1071578568428631;-0.2346666666666666;-0.5919779958693343
Unknown;0.124357512849743;-0.4333333333333333;-0.685310007629016
Unknown;0.1090778184436311;0.5289855072463768;0.4883330473955685
Unknown;0.0239995200095998;-0.7391304347826086;-1.1953936932390592
Unknown;0.7842243155136898;-0.1144278606965174;-0.0902348656847767
Unknown;0.0985180296394072;0.4183006535947712;0.7309264732206133
Unknown;0.6897462050758985;-0.1736111111111111;-0.1412407888172653
Unknown;0.1545569088618227;-0.3900709219858156;-0.659168101967321
Unknown;0.7382652346953061;-0.0663265306122449;-0.1265604204455516
High;0.4249915001699966;0.0476190476190476;-0.3355315918255122
Control;0.0889982200355992;-0.2291666666666666;-0.7701075667502718
Unknown;0.3034339313213736;0.5866666666666667;0.4194989853600158
Unknown;0.0183196336073278;-0.5694444444444444;-1.2112863980298014
Unknown;0.0282794344113117;-0.5532467532467532;-1.0105008461214993
Unknown;0.0435591288174236;-0.4848484848484848;-0.860645176749627
Control;0.1324773504529909;-0.3259259259259259;-0.6784336417132529
Unknown;0.3271934561308773;-0.1428571428571428;-0.3960776216417153
Control;0.8686626267474651;-0.1511111111111111;-0.0384161950707122
Medium;0.2020759584808303;0.1805555555555555;0.5530579762533792
Control;0.1908361832763344;0.2462121212121212;0.468511154435018
Unknown;0.5891882162356753;0.2493946731234866;0.2276806834245018
Low;0.042336083369518;-0.6521739130434783;-1.1413103150876778
Unknown;0.4268314633707326;-0.4133333333333333;-0.3209433749327056
Unknown;0.6658666826663466;-0.0851063829787234;-0.1707635912337912
High;3.999920001599968e-05;-0.8714285714285714;-2.7070557681395484
Unknown;0.0002399952000959;-0.8723404255319149;-1.9852357086289296
Control;0.1104777904441911;-0.44;-0.7528626817956521
Unknown;0.0722785544289114;-0.5346153846153846;-0.7273362056513565
Unknown;0.120837583248335;-0.144927536231884;-1.1255857768453748
Medium;0.0002399952000959;-0.677938808373591;-1.4647650349751151
Unknown;0.886102277954441;0.0476190476190476;-0.0563689159903055
Unknown;0.0231995360092798;0.2391304347826087;-1.3228933245551904
Unknown;0.0171196576068478;-0.6521739130434783;-1.3049152768727497
High;0.0217595648087038;-0.5733333333333334;-0.8908523548395857
Unknown;0.1624367512649747;0.3402777777777778;0.5952437514459857
Medium;0.0001199976000479;-0.8533333333333334;-2.219305017924633
Control;0.2717945641087178;-0.0271604938271604;0.3771774199213363
Low;0.1591968160636787;0.138592750533049;0.5936761339380113
Unknown;0.8021439571208576;0.1185185185185185;0.0856467776916763
Unknown;0.3439531209375812;-0.2266666666666666;-0.4100944599869342
Unknown;0.0012799744005119;-0.7291666666666666;-1.8149724233099152
Unknown;0.7054258914821704;-0.0245901639344262;0.1596641317802817
Medium;3.999920001599968e-05;0.7741046831955923;1.116820817290288
Unknown;0.0161196776064478;-0.5625;-1.2195037074153725
Unknown;0.0045999080018399;-0.8844444444444445;-2.013335400314119
Unknown;0.2297954040919181;-0.427536231884058;-0.5297350131485292
Unknown;0.3894322113557729;-0.1979949874686716;-0.3478924330219511
Unknown;0.8023839523209536;-0.1100702576112412;0.1265854133818442
Unknown;0.7886242275154497;0.1985815602836879;0.131027539021055
Unknown;0.0216395672086558;-0.6041666666666666;-1.2588355785738243
Unknown;0.0013599728005439;-0.7536231884057971;-1.5424433952918395
Unknown;0.8590628187436251;-0.1217948717948717;-0.0575573540283135
Unknown;0.2849943001139977;0.0748299319727891;0.4152019736165717
Unknown;0.1376372472550549;0.0009182736455463;-0.5269431682407395
Unknown;0.0893182136357272;-0.2745098039215686;-0.7978959513620425
Unknown;0.0219995600087998;-0.4876543209876543;-1.1800754698132574
Unknown;0.0559588808223835;-0.5481481481481482;-0.8631120007951194
Low;0.0004399912001759;-0.8692307692307693;-1.8928879420129707
Unknown;0.6490270194596108;0.3333333333333333;0.2176680566424532
Unknown;0.242715145697086;-0.1147540983606557;-0.4728524370543219
Unknown;0.3423531529369412;0.2363636363636363;0.3221237466966388
Unknown;0.7096658066838664;0.0401234567901234;-0.1384482580726553
Unknown;0.0010799784004319;-0.6349206349206349;-1.9167811351195168
Unknown;0.0064398712025759;-0.5815602836879432;-1.586469315380601
Unknown;0.6837863242735145;-0.2391304347826087;-0.1562987349040346
Unknown;0.0541189176216475;-0.5138888888888888;-0.751789089532799
Control;0.0871182576348473;-0.7288135593220338;-1.0901012629505975
Unknown;0.0005599888002239;-0.7328385899814471;-1.44624822247463
Unknown;0.0026799464010719;0.7013888888888888;1.6632767561188202
Low;0.0017199656006879;-0.6641604010025063;-1.2963821380263612
Unknown;0.0189996200075998;0.6289308176100629;0.967100015097422
Control;0.6814263714725706;0.0380952380952381;0.1740110916141533
High;0.0007199856002879;-0.7753623188405797;-1.5663000455732516
Unknown;0.1714365712685746;-0.3809523809523809;-0.6443226003533209
Unknown;0.1919161616767664;-0.1843971631205673;-0.5760349741795429
Low;0.120757584848303;-0.328735632183908;-0.5276032059838021
Unknown;0.0272394552108957;-0.0074074074074074;-1.2494747897016472
Medium;0.374792504149917;-0.3714285714285714;-0.3585493483102964
Low;0.5271094578108437;-0.1333333333333333;-0.2737009048550438
Unknown;0.3581928361432771;0.2096774193548387;0.3350852520854455
Unknown;0.8319833603327933;0.0196078431372549;0.1124519295454485
Medium;7.999840003199936e-05;-0.7518072289156627;-1.5393937831010231
Unknown;0.0002799944001119;-0.673469387755102;-2.033078346702783
Unknown;0.0860782784344313;-0.2222222222222222;-0.9675418669514152
Medium;0.0403991920161596;0.4571428571428571;0.5649963167587893
Unknown;7.999840003199936e-05;-0.8794326241134752;-2.4579730272019717
Unknown;0.0755984880302394;-0.3714285714285714;-0.816053450475696
Unknown;0.1912361752764944;-0.3405797101449275;-0.6428720605645704
Unknown;0.0101997960040799;0.1242138364779874;-1.0538477637353418
Medium;0.1890762184756305;-0.5612535612535613;-0.4954685194408847
Unknown;0.0003199936001279;-0.5399515738498789;-1.8410557674481904
Unknown;0.0465990680186396;-0.5163398692810458;-0.9076279893809636
Unknown;0.0640787184256314;-0.4755555555555555;-0.9664655313097064
Unknown;0.0648387032259354;0.5277777777777778;0.7618478735832737
Unknown;0.8445031099378012;-0.0933333333333333;-0.075269162589487
Unknown;0.1007579848403032;-0.437037037037037;-0.7216677508955675
Unknown;0.5253094938101238;0.0717299578059071;0.2350174788458793
Unknown;0.0747985040299194;-0.1529850746268656;-0.7749195133591095
Unknown;0.0137197256054878;-0.4085213032581453;-1.163087539569194
Unknown;0.0129997400051998;-0.3333333333333333;-1.4957697906308205
Unknown;0.4357912841743165;-0.2666666666666666;-0.3363144861941132
Unknown;0.0050798984020319;-0.4347826086956521;-1.826588685384565
Unknown;0.0951180976380472;-0.2711111111111111;-0.8524290910726778
Unknown;0.8146637067258655;0.3097014925373134;0.139063348020699
Unknown;0.7741445171096578;0.1067193675889328;0.1023542632246416
Unknown;0.0029199416011679;-0.7588652482269503;-1.6796227403812298
Unknown;3.999920001599968e-05;-0.8114478114478114;-2.0983380990985045
Unknown;0.6584668306633867;0.0566037735849056;-0.1710500095982482
High;0.0009599808003839;-0.7687074829931972;-1.714432691755195
Unknown;0.2359952800943981;0.0566037735849056;-0.5304412483039906
Unknown;0.0111197776044479;-0.3673469387755102;-1.3761670011231737
Unknown;0.8573028539429212;-0.065359477124183;0.035177198550184
Unknown;0.3041055718475073;-0.3103448275862069;-0.5671272538897421
Low;0.4699506009879802;-0.238095238095238;-0.2872252790093639
Unknown;0.1278774424511509;-0.3111111111111111;-0.7441196683866288
Control;0.2986740265194696;0.270935960591133;0.4179080084822886
Unknown;0.0124797504049919;-0.6981132075471698;-1.242787864385674
Unknown;0.988380232395352;0.0283687943262411;0.0242497253646236
Unknown;0.99070018599628;0.0044444444444444;0.0451413174268325
Unknown;0.1453170936581268;-0.0719696969696969;-0.5971370210790203
Low;0.3413931721365573;-0.4238875878220141;-0.3806008622785887
Unknown;0.242155156896862;-0.1555555555555555;-0.5808228209358818
Unknown;0.3507529849403012;0.1595505617977528;0.3116986350871559
Unknown;0.0091598168036639;-0.2610837438423645;-1.3195227287846705
Unknown;0.0542789144217115;-0.6444444444444445;-0.9745221153731528
Unknown;0.0160796784064318;-0.612590799031477;-1.1040623430063323
Unknown;3.999920001599968e-05;-0.9130434782608696;-3.459214769308945
Unknown;0.5415891682166357;-0.1448663853727144;-0.2133729288733705
Unknown;0.9727405451890964;-0.1111111111111111;0.0505972487373893
Unknown;0.0962380752384952;0.0748299319727891;-0.7640446080023897
Unknown;0.0034399312013759;-0.4740740740740741;-1.6216620526045875
Unknown;0.1474370512589748;-0.2755102040816326;-0.6180361235623316
High;0.6453870922581548;0.4965986394557823;-0.1138825454142845
Unknown;0.7232255354892902;-0.1466666666666666;-0.1694505297806164
Unknown;3.999920001599968e-05;-0.6914191419141914;-2.428047168622685
Unknown;0.0002399952000959;0.9037037037037036;1.6531373845032449
Unknown;0.3301533969320613;0.0423280423280423;-0.3926026814982437
Unknown;0.2776744465110697;-0.3031914893617021;-0.4263567093954136
Unknown;0.1803563928721425;-0.3125;-0.6067544803339859
Unknown;0.1124377512449751;-0.7511111111111111;-0.9638182500791564
Unknown;0.0001999960000799;-0.92;-2.541699218619501
Unknown;0.627587448251035;0.0755555555555555;-0.1849785310808953
Unknown;0.0004399912001759;-0.8823529411764706;-2.1927597419279774
Unknown;0.2135557288854223;-0.2651515151515151;-0.5592804922590611
Unknown;0.116237675246495;-0.1644444444444444;-0.8879851377225431
Unknown;0.0705185896282074;-0.6477987421383647;-0.921808667225806
Low;0.0061998760024799;-0.7503805175038052;-1.308865702996414
Unknown;0.750664986700266;0.1162790697674418;0.1386003896432537
Unknown;0.0736785264294714;-0.64;-0.8825529336575779
Unknown;0.3149137017259655;0.5289855072463768;0.4222181362121554
Unknown;0.0752784944301113;0.4248366013071895;0.7320730522634725
Unknown;0.0462390752184956;0.4597402597402597;0.6894272902854419
Control;7.999840003199936e-05;-0.9133333333333332;-2.2354331473184885
Unknown;0.0844783104337913;-0.3697183098591549;-0.6386544016885429
Unknown;0.9518609627807444;0.0222222222222222;-0.0532522182370318
Unknown;0.6076278474430511;-0.1666666666666666;-0.1810984424594246
Unknown;0.0197996040079198;-0.3703703703703703;-1.3087016179470066
Unknown;0.2812743745125097;-0.4382716049382716;-0.4784010385843645
Unknown;0.2210526315789473;-0.4444444444444444;-0.918623276953434
Unknown;0.0416391672166556;-0.6111111111111112;-0.9537304314804148
Unknown;0.1288774224515509;-0.1957671957671957;-0.7036447873978351
High;0.1036379272414551;-0.4729064039408867;-0.737809699670998
Unknown;0.0137197256054878;-0.0447330447330447;-1.2059676728675326
Medium;3.999920001599968e-05;-0.9644444444444444;-4.208303356691005
Control;0.1104377912441751;-0.2047619047619047;-0.6612476730112011
Unknown;0.0405591888162236;-0.4375;-1.0241494760299843
Unknown;0.7824243515129697;-0.06640625;-0.1020060478397088
Unknown;0.0111597768044639;-0.7278911564625851;-1.045548743132584
Unknown;0.25207495850083;0.2723880597014925;0.4207746887238879
Unknown;0.1861962760744785;-0.492063492063492;-0.5620741421667779
Unknown;0.0647187056258874;-0.3406593406593406;-0.7875956383026271
Unknown;0.7925041499170017;0.2744186046511628;-0.0953040843876288
Unknown;0.1880362392752144;0.3055555555555556;0.6019081315037814
Unknown;0.6750264994700106;0.0844444444444444;0.214056490127127
Unknown;0.3379932401351972;-0.3481481481481481;-0.3643273665574593
Unknown;0.7169456610867783;0.0567375886524822;0.2228765102483478
Unknown;0.0039199216015679;-0.4332552693208431;-1.534885460141873
Unknown;0.748865022699546;0.0666666666666666;0.1603541875221087
Unknown;0.0005999880002399;-0.7333333333333333;-1.8374919597864263
Medium;0.0004799904001919;-0.8214285714285714;-1.9562458481057088
Low;0.0247195056098878;0.3333333333333333;1.0975166900349569
Low;0.8524229515409691;-0.2469135802469135;-0.0309720006623882
Unknown;3.999920001599968e-05;-0.8909090909090909;-2.873702767413548
Unknown;0.0545589088218235;-0.8156028368794326;-1.1529117754169422
Unknown;0.0122397552048959;-0.7246376811594203;-1.367228614182863
Low;0.0030399392012159;-0.6470588235294118;-1.5705586772560278
Unknown;0.0245995080098398;-0.4148148148148148;-1.2359772966093243
Unknown;3.999920001599968e-05;-0.6433862433862434;-1.7865224934363848
Unknown;0.9015819683606328;0.2179863147605083;-0.0072189430328709
Unknown;0.0019599608007839;0.5850340136054422;1.4434045437212528
High;3.999920001599968e-05;-0.8390804597701149;-1.958024047873845
Unknown;0.4260714785704286;-0.326797385620915;-0.327625577513831
Unknown;0.0005599888002239;-0.6453900709219859;-2.063199229738093
Unknown;0.7058258834823303;0.1037037037037037;-0.1453841198618373
Unknown;0.0224395512089758;-0.4548611111111111;-1.249472923967322
Unknown;0.0803583928321433;-0.3475177304964539;-0.8543533603648987
Unknown;3.999920001599968e-05;-0.8267326732673267;-1.959175487991268
Unknown;0.7167456650866982;-0.0188235294117647;0.1409396914382818
Unknown;0.7870642587148257;-0.2083333333333333;-0.0752498367257431
Unknown;0.0047199056018879;0.7244444444444444;1.215501683162259
Unknown;7.999840003199936e-05;-0.8478260869565217;-1.9787880366408968
Unknown;0.0767984640307193;-0.2789115646258503;-0.9622347689630868
Unknown;0.0010799784004319;-0.6601307189542484;-1.823722455063154
Unknown;0.0255594888102237;-0.543778801843318;-1.0249664966784895
Unknown;0.9762204755904882;0.0652173913043478;0.0286995120279416
Unknown;0.1689966200675986;-0.1594202898550724;-0.6646187404117175
Unknown;0.5685886282274355;-0.1095238095238095;-0.2321823179297079
High;0.0545989080218395;-0.4133333333333333;-1.0634040778168747
Unknown;3.999920001599968e-05;0.8425925925925926;1.111279224088297
Unknown;0.6463070738585228;-0.0062893081761006;0.2221635388683912
Unknown;0.627227455450891;0.144927536231884;0.2230330953280344
Control;0.0002799944001119;-0.8978723404255319;-2.81746062795435
High;0.0002399952000959;-0.8133333333333334;-2.444732846095759
Unknown;0.7576248475030499;0.6111111111111112;0.2198550916162134
Unknown;0.3971920561588768;0.2355555555555555;0.4045865923872332
Unknown;0.3128737425251495;-0.2170542635658914;-0.4552031265226648
Unknown;0.0002399952000959;-0.92;-2.986820934304603
Unknown;0.0038399232015359;-0.8503401360544217;-1.653991847474467
Unknown;0.0077198456030879;-0.44;-1.877898941360749
Unknown;0.4210715785684286;-0.2312925170068027;-0.3506408399462043
Unknown;0.498430031399372;0.5466666666666666;-0.1555595595609048
Unknown;0.0752384952300954;-0.1698113207547169;-0.8201678071539674
Unknown;0.6569068618627627;-0.1224489795918367;-0.1845596556242854
Unknown;0.7557848843023139;-0.417910447761194;-0.0800214402538899
Unknown;0.0830383392332153;-0.6312056737588653;-0.8339251835490148
High;0.2785144297114058;-0.6;-0.525840262321892
Unknown;0.1873562528749425;-0.3186046511627907;-0.4494797833408646
Unknown;0.0064398712025759;-0.725925925925926;-1.4291909600471366
Unknown;0.0157596848063038;-0.6904761904761905;-1.1590034092627914
Low;0.0017599648007039;-0.8024691358024691;-1.7173860606789204
High;0.0002799944001119;0.8148148148148148;1.7349872221270275
Unknown;0.4006719865602688;-0.0943396226415094;-0.3637730317425691
Low;0.0212395752084958;0.4092009685230024;0.948125508656808
Low;3.999920001599968e-05;-0.8666666666666667;-2.340219066000214
Unknown;0.9141017179656408;-0.1699346405228758;-0.0163918222213719
Unknown;0.0246395072098558;-0.562962962962963;-1.3366820223187537
Control;0.4757904841903162;-0.0476190476190476;-0.267344123291395
Unknown;0.8528629427411452;0.0592592592592592;0.0719879761745272
Unknown;0.2885542289154217;-0.5555555555555556;-0.5128658024286457
Medium;0.4500309993800124;-0.2307692307692307;-0.3232250188078063
Unknown;0.0153596928061438;-0.3402777777777778;-1.5270118063073743
Unknown;0.4504309913801724;0.1699346405228758;0.337208108990472
Unknown;0.5596688066238675;0.0961538461538461;0.2341740590633745
Unknown;0.2647547049059018;0.1434426229508196;-0.4243902611778638
Unknown;0.3907921841563169;0.3544973544973545;0.3524457860772649
Control;0.1735165296694066;0.3214285714285714;0.5523683198049809
Unknown;0.0035999280014399;-0.3511111111111111;-2.050079433884967
Unknown;0.50234995300094;0.1259259259259259;0.2878224739830977
Unknown;0.7759844803103938;0.0577777777777777;0.1762641262381536
Unknown;0.0292794144117117;-0.4822695035460992;-1.1972658785691614
Unknown;0.4283514329713406;0.1904761904761904;-0.2886026010234063
Unknown;0.9020219595608088;-0.0555555555555555;0.073784725383947
Control;0.0237195256094878;0.5538847117794486;0.8695838979348889
Unknown;0.1741965160696786;-0.3541666666666667;-0.6602797309233426
Unknown;0.0738385232295354;-0.6956521739130435;-0.8942212475183803
Medium;0.7709845803083938;-0.1138014527845036;-0.0765873696123955
Unknown;0.0013999720005599;-0.7971014492753623;-1.75566584991061
Unknown;0.4863502729945401;0.122077922077922;-0.2641651798333119
Medium;0.6499870002599948;-0.0167427701674277;0.172493946136468
Unknown;0.3112737745245095;-0.1666666666666666;-0.442673871161819
Medium;7.999840003199936e-05;-0.6188118811881188;-1.5195208225170491
Unknown;0.0022799544009119;-0.6477987421383647;-1.713294039948284
Unknown;0.4136717265654687;-0.1530612244897959;-0.3255591579988144
Unknown;0.6069478610427791;-0.2391304347826087;-0.2232536126538712
Unknown;0.8209035819283614;0.2266666666666666;-0.0406056048932245
Unknown;0.0196796064078718;-0.46;-1.021805341531426
Unknown;0.0001199976000479;-0.8064516129032258;-2.013840206601943
Unknown;0.8786224275514489;0.0814814814814814;0.074569886653399
Medium;0.4149917001659967;-0.0040485829959514;-0.2362703148907336
Unknown;0.379992400151997;-0.2182539682539682;-0.3295185628223018
Unknown;0.4460310793784124;-0.4036568213783403;-0.250653057102828
Unknown;0.0009199816003679;-0.7891156462585034;-1.8931367467677755
Unknown;0.4195916081678366;0.1666666666666666;0.3537376123893083
Unknown;0.5518289634207316;0.2622222222222222;0.2928000525579763
Control;0.0765984680306393;0.3398692810457516;0.7938781640172585
Unknown;0.0439991200175996;0.4466666666666666;0.9324801118483624
High;0.0349593008139837;-0.6289308176100629;-1.1377831444505242
Unknown;0.2363152736945261;-0.3043478260869565;-0.5304783886920137
Unknown;0.1062778744425111;-0.1464788732394366;-0.622424423224361
Unknown;0.5123497530049399;-0.1768707482993197;-0.2696244866005528
Unknown;0.0069198616027679;0.6589861751152074;0.962563373973709
Unknown;0.5540289194216116;0.1666666666666666;-0.2343785985729871
Unknown;0.5306293874122517;-0.1790123456790123;-0.1807936304619931
Unknown;0.4131917361652767;-0.4;-0.3453044184619078
Unknown;0.0077598448031039;-0.6515775034293553;-1.131202521941502
Low;0.5605087898242035;0.1703703703703703;0.2941693341928851
Unknown;0.0121997560048799;0.5904761904761905;1.0802966647624552
Unknown;0.2249555008899822;0.3043478260869565;0.4512036174659241
Unknown;0.4366312673746525;0.5507246376811594;-0.453779338277752
Unknown;0.0003599928001439;-0.84;-2.211355460992148
Unknown;0.0539589208215835;-0.2552693208430913;-0.9813849880669078
Unknown;0.0441991160176796;-0.58;-1.158403756948295
High;0.0035999280014399;-0.5510204081632653;-1.5948047258832627
Unknown;0.0934381312373752;-0.3333333333333333;-0.7161915913942853
Unknown;0.0021599568008639;-0.571969696969697;-1.5939327030622867
Unknown;0.2753944921101578;0.2242647058823529;0.4090507208371233
Unknown;0.0016399672006559;-0.7013888888888888;-1.832038790701633
Low;0.0856782864342713;-0.5252747252747253;-0.7362833751243504
Unknown;0.118157636847263;-0.4233766233766233;-0.6675877125400218
Unknown;0.4352312953740925;-0.1866666666666666;-0.3452610613443396
Unknown;0.2198356032879342;-0.3676814988290398;-0.5076731267810004
Unknown;0.0364392712145757;-0.4791666666666667;-1.0528363358624402
Unknown;0.0789584208315833;-0.5481481481481482;-0.8623052245303596
Unknown;0.6119477610447791;-0.0776942355889724;-0.1847495095514321
High;0.127557448851023;-0.1288888888888889;-1.0496180170567302
Unknown;0.4758304833903322;-0.1790123456790123;-0.3110190197194517
Unknown;0.7937041259174816;0.1716417910447761;-0.077137454238952
Unknown;0.3380732385352293;0.0853658536585365;-0.3029127985246476
Medium;3.999920001599968e-05;-0.9607843137254902;-2.2525498850701746
Control;0.3594728105437891;-0.0833333333333333;-0.3842130375100629
Unknown;0.7726645467090658;-0.1134751773049645;-0.1325181015971903
Unknown;0.2977140457190856;-0.3166666666666666;-0.5690711412052895
Unknown;0.2963540729185416;-0.3043478260869565;-0.4611827460126498
Unknown;0.3559528809423811;0.0844444444444444;-0.40772249556828
Low;0.1605967880642387;-0.511520737327189;-0.6139717212148947
Unknown;7.999840003199936e-05;-0.6222222222222222;-2.872511491212079
Unknown;0.2897142057158857;-0.3359375;-0.3991347081553266
Unknown;0.7593448131037379;0.1111111111111111;0.1770371619117932
Unknown;0.6662266754664907;-0.2222222222222222;-0.1618712151497694
Unknown;0.3109137817243655;0.144927536231884;-0.4499675849358462
Unknown;0.4748305033899322;-0.328042328042328;-0.2732892188424519
Unknown;0.245555088898222;0.1641791044776119;0.4355736718678214
Unknown;0.2093958120837583;0.2745098039215686;0.5437454534794821
Unknown;0.0013199736005279;0.725925925925926;0.8818886059152033
Unknown;0.5649087018259635;0.1568627450980392;0.2422871209099072
Unknown;0.0028799424011519;-0.6159420289855072;-1.536784640981666
Unknown;0.9291814163716726;-0.2063492063492063;-0.0081565231910408
Low;0.4315913681726365;-0.4226190476190476;-0.3239839309283769
Unknown;0.8642227155456891;0.2152777777777778;-0.0439864779007302
Unknown;0.8408231835363292;0.0434782608695652;-0.0899086456519481
Unknown;0.0033599328013439;-0.6888888888888889;-1.7405539793652338
Unknown;0.0051598968020639;-0.6812865497076024;-1.2494667975667395
Unknown;0.8537829243415131;-0.0444444444444444;-0.0730243318031551
Unknown;3.999920001599968e-05;-0.9290780141843972;-2.7748641260976483
Unknown;0.2891942161156777;-0.0357142857142857;-0.4383519604775971
High;0.997220055598888;0.1949685534591195;0.0201644439487502
Unknown;0.1529969400611987;-0.2352941176470588;-0.6746467400620965
Unknown;0.879942401151977;-0.1629629629629629;-0.0503481751049089
Unknown;0.5523489530209396;-0.1597222222222222;-0.2433673201301922
Unknown;0.2001559968800624;-0.148051948051948;-0.5442075943368451
Unknown;0.7913441731165377;-0.0261437908496732;-0.1079355251176125
Unknown;0.372232555348893;0.3877551020408163;0.3958265238507229
Medium;0.9397012059758804;-0.0488372093023255;0.0330068515904806
Unknown;0.245955080898382;0.2444444444444444;0.5065669007522333
Unknown;0.3966720665586688;0.3054187192118227;-0.2669014128700139
Unknown;0.0436791264174716;-0.3115384615384615;-0.8355696099984516
Unknown;0.6721865562688746;-0.3397435897435897;-0.1571787662933362
Unknown;0.4397912041759165;-0.3548387096774194;-0.1229257800114994
Unknown;0.0059198816023679;-0.6748768472906403;-1.4666917421517458
Control;0.0316793664126717;-0.3660130718954248;-1.041306435343233
Unknown;0.3949921001579968;-0.2207792207792207;-0.3436713615887015
Unknown;0.9837803243935122;-0.0763888888888889;0.0271774494483405
Unknown;0.3868322633547329;-0.319047619047619;-0.3451933792304893
Unknown;0.755984880302394;0.0595238095238095;0.1279697037755166
Unknown;0.9173016539669206;-0.0425531914893617;-0.0095551554434658
Low;0.1740765184696306;-0.5974842767295597;-0.6276871370704031
Unknown;0.2668746625067498;0.2075471698113207;0.4659557964522217
Control;3.999920001599968e-05;-0.5404761904761904;-1.8044607841144211
Control;0.0130397392052158;-0.4331797235023041;-1.1158356548864907
Low;0.0001199976000479;-0.8593530239099859;-1.8290637421690328
Low;0.6575868482630347;-0.1305970149253731;-0.1437545149736357
Unknown;0.7126657466850663;0.1333333333333333;0.1717084445927338
Unknown;0.0012799744005119;-0.6232558139534884;-1.4425465035860467
Unknown;0.1067978640427191;-0.1224489795918367;-0.8140600019920621
Unknown;0.0366392672146557;-0.4276729559748428;-1.0219208872943069
Control;0.1431171376572468;0.4855072463768116;0.6331373315799332
Unknown;0.5447091058178837;-0.3481481481481481;-0.2576124069288914
Unknown;0.0129597408051838;-0.2564102564102564;-1.4157156989973445
Unknown;0.0009599808003839;-0.6041666666666666;-1.624640533876465
Control;0.0097598048039039;-0.5440729483282675;-1.2781137460198475
Unknown;0.0480390392192156;-0.4901960784313725;-1.0005807427216398
Low;0.5523089538209236;0.1216931216931216;0.2638837668335719
Unknown;0.1365172696546069;-0.6020408163265306;-0.7343148759706662
Unknown;0.2942741145177096;0.2138364779874214;0.464156519242476
Unknown;0.1004379912401752;-0.3103448275862069;-0.7023212208971564
Control;0.0007999840003199;0.8133333333333334;1.6657921476093565
Unknown;0.0399592008159836;-0.6962962962962963;-1.173358794889677
Low;0.0003999920001599;-0.7438423645320197;-1.9996448515672445
Unknown;0.629307413851723;-0.3520408163265306;-0.1702320365094625
Unknown;0.6843863122737546;0.1197411003236245;0.1491168488991844
Unknown;0.0029199416011679;-0.5555555555555556;-1.5477614160600008
Unknown;0.2989540209195816;0.3125;0.4574090910136356
Control;0.0315193696126077;0.5705128205128205;0.9744868333642998
Unknown;3.999920001599968e-05;-0.9168831168831169;-2.3394073500034347
Medium;0.4223915521689566;-0.4025974025974026;-0.3178512253157608
Unknown;0.504389912201756;-0.2444444444444444;-0.2988716653522186
Unknown;0.0013999720005599;0.0099009900990099;-1.3145171291776268
Unknown;0.0138397232055358;-0.78;-1.384544801344599
Unknown;0.0306793864122717;-0.5026455026455027;-1.2232819160700663
Unknown;0.1105977880442391;-0.375;-0.7546035383370773
Control;0.6955060898782024;0.1041666666666666;0.1770304854404304
Unknown;0.24707505849883;-0.2571428571428571;-0.4620750697658619
Unknown;0.8592228155436892;-0.0708955223880597;-0.0408628362926974
Unknown;0.2353952920941581;-0.3423423423423423;-0.5363579747984124
Control;0.0434791304173916;-0.4743589743589743;-1.0291051996469125
Medium;0.8261034779304414;-0.1339869281045751;-0.0369898669379586
Unknown;0.6655866882662347;0.173469387755102;0.1805942822797921
Medium;0.1261974760504789;-0.1604477611940298;-0.6569737448875035
Low;0.0039999200015999;-0.7987421383647799;-1.6515125766759302
Unknown;0.9212215755684886;-0.0942028985507246;-0.0291340025376669
Unknown;0.2886342273154537;-0.2898550724637681;-0.4669331053720731
Unknown;0.245155096898062;0.1976911976911977;0.3872360039514543
Medium;0.0391992160156796;-0.46;-0.8821759076820038
Unknown;0.0437991240175196;0.0597402597402597;-1.0456874510838572
Unknown;0.0019599608007839;-0.7955555555555556;-1.723726130675131
Unknown;0.0129197416051678;-0.6792452830188679;-1.2929220535966897
Unknown;0.25147497050059;0.2539682539682539;0.4328790439829001
Low;0.1808763824723505;-0.4151785714285714;-0.5662811115858792
Low;0.0407591848163036;-0.4583333333333333;-0.8789981202462052
High;0.2255554888902222;-0.4086021505376344;-0.5630660189999731
Unknown;0.0697586048279034;-0.4353741496598639;-0.991623174450744
Unknown;3.999920001599968e-05;-0.9555555555555556;-3.286857265887669
Unknown;0.9280214395712084;-0.0592592592592592;-0.0274546609514679
Unknown;0.1862762744745105;-0.4095238095238095;-0.5452016363856835
Unknown;0.7898642027159457;0.0;0.1143965523952281
Unknown;3.999920001599968e-05;-0.6857142857142857;-1.8790526625268809
Unknown;0.1533569328613427;-0.4184397163120567;-0.6543353280050899
Low;0.7347853042939141;-0.056338028169014;-0.1075712170664578
Unknown;0.1346373072538549;-0.3694029850746269;-0.600722334263203
Medium;3.999920001599968e-05;0.944055944055944;1.6892170731285183
Unknown;0.1856362872742545;-0.3197278911564626;-0.6063780687794958
Unknown;0.2314753704925901;-0.2619047619047619;-0.5587514416010051
Unknown;0.0275594488110237;-0.4778325123152709;-1.0705168884798706
Unknown;0.2773144537109258;0.3066666666666666;0.4570565287873716
Unknown;0.0072798544029119;-0.6296296296296297;-1.0781007368311804
Unknown;0.0014799704005919;0.7361111111111112;1.155486478210639
Unknown;0.0244395112097758;-0.5531914893617021;-1.0289738061735134
Unknown;0.0007999840003199;-0.5873015873015873;-1.9007989795130544
Unknown;0.0151596968060638;-0.564625850340136;-1.1675062281590538
Unknown;0.3547529049419011;-0.2888888888888888;-0.4104151196494057
Unknown;0.0021199576008479;-0.8577777777777778;-1.8990962886484184
Unknown;0.0579588408231835;-0.4716981132075472;-0.8120442831665142
Unknown;0.0918781624367512;-0.3809523809523809;-0.704662381008071
Control;0.0033599328013439;-0.6384615384615384;-1.142804801991978
Unknown;0.3011539769204616;-0.037037037037037;-0.4913348724150888
Control;0.0182396352072958;-0.8616352201257862;-1.3702015686361748
Unknown;0.1935561288774224;-0.2013888888888889;-0.4915720940213295
Unknown;0.4789104217915642;0.0459770114942528;0.2447650197960106
Unknown;0.0918381632367352;-0.2571428571428571;-0.7261817652011858
Unknown;0.1899162016759664;0.3333333333333333;0.5561210625433144
Medium;3.999920001599968e-05;-0.8469387755102041;-2.191380671999021
Unknown;0.0085198296034079;-0.5138888888888888;-1.6238407384273716
Control;0.7226655466890662;-0.0052910052910052;0.1444026751893068
Unknown;0.501229975400492;-0.2894736842105263;-0.2806309750461422
Unknown;0.0012799744005119;-0.7133333333333334;-1.802128900450674
Unknown;0.3151136977260454;0.2335600907029478;0.3705464202906087
Low;0.0001999960000799;-0.92;-2.805227692640645
Unknown;0.0004399912001759;-0.6190476190476191;-2.009325969683456
Unknown;0.0120797584048319;-0.5665024630541872;-1.2820015605935438
Control;0.0367192656146877;-0.475177304964539;-1.1610294328464597
Low;7.999840003199936e-05;-0.8450363196125908;-2.0453322359152133
Low;0.0015599688006239;-0.6952380952380952;-1.5438346678316162
Unknown;0.8175836483270335;-0.0948616600790513;0.0946538819518331
Low;0.2826343473130537;-0.1308016877637131;-0.386809241715521
Unknown;0.7641447171056579;-0.2103896103896103;-0.1121440795218092
Unknown;0.6477470450590989;0.0933333333333333;0.2234908196171652
Unknown;0.0051998960020799;-0.7956989247311828;-1.6561573157502405
Control;0.0294794104117917;0.2927072927072927;0.5376698388950409
Unknown;0.0043199136017279;-0.7733333333333333;-1.5684427149639515
Unknown;0.1830763384732305;0.3410852713178294;0.5848934769209492
Control;0.875942481150377;0.3203125;0.0833945981826925
Unknown;0.2109957800843983;0.4567901234567901;0.5458345352293918
Unknown;0.4062718745625087;-0.4710144927536231;-0.3646602466437489
Low;0.0748785024299514;-0.4680851063829787;-0.9072655727095734
Unknown;0.0005199896002079;-0.8231292517006803;-1.5159373436918868
Unknown;0.9361412771744564;0.2;-0.0105019734519804
Unknown;0.0746385072298554;-0.3571428571428571;-0.6381709894166501
Unknown;0.4349913001739965;-0.0895883777239709;-0.3015317078432277
Unknown;0.4665106697866042;-0.0138888888888888;-0.2657296903457269
Unknown;0.0048799024019519;-0.7628205128205128;-1.6259359579736932
Medium;0.0013599728005439;-0.7511111111111111;-2.154970393697478
Unknown;0.3931121377572448;0.1473922902494331;0.3500210226878779
Unknown;0.7570648587028259;0.1377777777777777;0.1918284150486894
Unknown;0.0050398992020159;-0.6497695852534562;-0.9657614972887244
Unknown;0.5139097218055639;0.2756410256410256;0.3075258586468832
Unknown;0.243235135297294;-0.3475177304964539;-0.5260912554761975
Control;7.999840003199936e-05;-0.6231884057971014;-2.2020103006932787
Unknown;0.0011199776004479;-0.7533333333333333;-1.840721045360532
Unknown;0.7620247595048099;0.1911111111111111;0.1709655935025135
High;0.7712645747085058;0.3784461152882205;0.1338406365630697
Unknown;0.1719965600687986;-0.419753086419753;-0.5926665127507438
Control;0.500789984200316;0.1304347826086956;0.2882115497676937
Unknown;0.0748785024299514;-0.4518518518518518;-0.9396719059984192
Unknown;0.0771584568308633;-0.2825;-0.6725558815835063
Unknown;0.0003199936001279;-0.8333333333333334;-2.302076872535073
Unknown;0.124837503249935;-0.297820823244552;-0.6216986181309275
Unknown;0.4019519609607808;0.3762376237623762;0.2621945416237603
Unknown;0.0332393352132957;-0.5639097744360902;-0.998463158507102
Control;0.0029199416011679;0.6592592592592592;1.4941959749686875
Unknown;0.0033199336013279;-0.4982078853046595;-1.2273530530508203
Unknown;0.0905981880362392;-0.1324675324675324;-0.9182318935200282
Unknown;0.0746785064298714;-0.3197278911564626;-0.8177466458058871
Control;0.0001999960000799;-0.719047619047619;-2.0387124215330954
Unknown;0.8915021699566009;-0.0025974025974025;-0.0813103278933859
Unknown;0.1522769544609107;0.4285714285714285;0.6193118601334002
Unknown;0.0177996440071198;-0.9290780141843972;-1.4416366445144362
Medium;0.2098358032839343;-0.3464052287581699;-0.5586550057259507
Unknown;0.2624347513049739;0.4482758620689655;0.448790087034711
Unknown;0.4668706625867482;-0.1379310344827586;-0.2961996481742878
Unknown;0.1609167816643667;-0.541871921182266;-0.600337534499702
High;0.0006799864002719;-0.7278911564625851;-1.9936269722319648
Unknown;0.0078798424031519;-0.4844444444444444;-1.4963934975570303
Unknown;0.0799184016319673;-0.4339622641509434;-0.8963398915390227
Unknown;0.0782784344313113;-0.0304449648711943;-0.8101408153038446
Unknown;0.0533989320213595;-0.1921182266009852;-0.924373964789594
Unknown;0.0891182176356472;-0.4489795918367347;-0.7712705568947376
Unknown;0.3456330873382532;-0.2893081761006289;-0.4138242753272425
Control;0.3505129897402051;-0.2832080200501253;-0.3774079575275538
Unknown;0.7701445971080578;0.0285714285714285;0.1340010102757915
Unknown;0.868062638747225;0.0;-0.0570269683513093
Unknown;0.0999180016399672;-0.2681159420289855;-0.8019642105301108
Unknown;0.0736385272294554;0.4615384615384615;0.7779526006872536
Unknown;0.0735585288294234;-0.68;-0.9952627926307452
Unknown;0.1029579408411831;-0.1883720930232558;-0.583067665960085
Unknown;0.0306793864122717;0.4468085106382978;0.8940014093633032
Unknown;0.6121077578448431;-0.1194379391100702;-0.1417638306752774
Unknown;0.0031199376012479;-0.612590799031477;-1.4231627782034455
Unknown;0.9843403131937362;0.3703703703703703;0.0757461103144249
Unknown;0.1819163616727665;0.3594771241830065;0.5897535888862081
Unknown;0.7690646187076259;0.1822222222222222;0.1295357769099033
High;0.502429951400972;-0.1014492753623188;-0.2838137686469404
Unknown;0.3145937081258375;0.1761006289308176;0.4326136331887936
Unknown;0.0380792384152317;-0.0729166666666666;-0.9595711266964844
Unknown;0.6827063458730825;-0.1525423728813559;-0.1307285730016411
Control;0.0026799464010719;-0.6394557823129252;-1.493431299800667
Unknown;0.0001599968000639;-0.6879432624113475;-2.294147223510105
Unknown;0.375072498550029;0.2709632709632709;0.2627277034130444
Unknown;0.0421191576168476;-0.5116279069767442;-1.0023789456578764
Unknown;0.0027999440011199;-0.7454545454545455;-1.4216573483293935
Unknown;0.0317193656126877;0.3971631205673759;1.0354380238716274
Unknown;0.0641587168256634;-0.3583333333333333;-0.8023172883720494
Low;0.24187516249675;0.3171912832929782;0.4682866484888095
Unknown;0.0225995480090398;-0.5161290322580645;-1.0832969176612195
Low;0.6514269714605708;-0.1746031746031746;-0.2146864428680721
Unknown;0.7210255794884103;0.1134751773049645;0.1641438241207208
Unknown;0.0599588008239835;-0.5238095238095238;-0.8510558420887734
Unknown;0.2535949281014379;0.2681159420289855;0.4969344350955947
Unknown;0.0552788944221115;-0.3461538461538461;-0.894149560626692
Unknown;0.8082238355232896;0.0148148148148148;-0.0735152890951678
Low;0.2285554288914221;0.0833333333333333;-0.5721167595672498
Unknown;0.617467650646987;0.1739130434782608;0.2041597353200176
Low;0.883382332353353;0.0583333333333333;-0.0453137145146185
Unknown;0.0378792424151517;0.5111111111111111;0.7857757255677458
Unknown;0.0009999800003999;-0.644927536231884;-2.182255081026176
Low;0.0035599288014239;-0.7243589743589743;-1.3741140236429747
Unknown;0.1667566648667026;-0.3703703703703703;-0.6326280660100055
Control;0.0003999920001599;-0.8375350140056023;-1.5572159259641214
Unknown;0.2950740985180296;-0.4253731343283582;-0.4128062047329943
Unknown;7.999840003199936e-05;-0.7186602870813397;-1.4673207424044767
Control;0.5227495450090999;0.2993197278911564;0.3034094258248673
Unknown;7.999840003199936e-05;-0.8985507246376812;-2.807238847959597
Unknown;0.0376792464150717;0.4489795918367347;0.9001820733779551
Unknown;0.0099998000039999;-0.6462585034013606;-1.122447388135213
Unknown;0.4130717385652287;-0.2740740740740741;-0.3490365792266402
Control;0.1853962920741585;-0.12;-0.6107985912374182
Unknown;0.3958320833583328;-0.2777777777777778;-0.3686809398589003
Unknown;0.0053598928021439;-0.6636636636636637;-1.2260833470399803
Unknown;0.374992500149997;0.2275132275132275;0.3909633381444464
Unknown;0.0049599008019839;-0.625;-1.5847513892614042
Unknown;0.1370772584548309;-0.0522875816993464;-0.7491264562671216
Unknown;0.98290034199316;0.1773399014778325;0.0375046132664381
Unknown;0.9519809603807924;0.2177777777777777;-0.0001061210520058
Unknown;0.1091178176436471;-0.28;-0.7297092855434703
Unknown;0.0155996880062398;0.5555555555555556;0.8686338122437818
Unknown;0.0143197136057278;-0.5390070921985816;-1.2258539609351828
Unknown;0.0166796664066718;-0.6658595641646489;-1.0224581770165706
Unknown;0.0013999720005599;-0.2116402116402116;-1.7639797898223335
Unknown;0.7995040099198016;-0.1578947368421052;-0.105005328573873
Low;0.0051948051948051;-0.9298245614035088;-2.7203541396532427
Low;0.0971180576388472;0.3559322033898305;0.6989626910676294
Unknown;0.0160796784064318;-0.654320987654321;-0.9279367803711128
Unknown;0.1945561088778224;0.3026634382566586;0.5219093531489504
Control;0.0031599368012639;-0.6103896103896104;-1.4439134876007649
Control;0.5360292794144117;-0.1815980629539951;-0.2489970943138982
Unknown;0.0002799944001119;-0.864406779661017;-2.327997639513462
Low;0.9033419331613368;0.3188405797101449;0.1023576412791022
Unknown;0.3616727665446691;0.2361111111111111;-0.3083251640773255
High;0.1459970800583988;-0.5324675324675324;-0.6605573292679658
Unknown;0.0401991960160796;-0.4444444444444444;-1.0987293521587598
Unknown;0.0025999480010399;-0.6666666666666666;-1.7523935429166764
Unknown;0.0218795624087518;-0.609375;-0.9665794064143284
Unknown;0.4162716745665086;-0.1990632318501171;-0.3147408683227464
Unknown;0.0001199976000479;-0.9027777777777778;-2.407554788838981
Unknown;0.119917601647967;-0.2569444444444444;-0.7441938321395577
Unknown;0.9264069264069263;0.16;-0.0489428806256319
Unknown;0.0103997920041599;-0.5071428571428571;-1.0741212593426015
Unknown;0.1657166856662866;-0.3717948717948718;-0.6407871032942575
Unknown;0.0132397352052958;-0.6464891041162227;-1.1721651153781634
Unknown;0.0009199816003679;-0.6172839506172839;-2.097126487692937
Unknown;0.7017459650806984;0.064516129032258;0.2249497819203524
Medium;0.1555568888622227;0.0488888888888888;-0.8087480765767425
Unknown;0.3211135777284454;0.2553191489361702;0.4302109381305674
High;0.0009999800003999;-0.7673611111111112;-1.9631880472465597
Unknown;0.125637487250255;-0.2267884322678843;-0.5828066549469066
Unknown;0.0001599968000639;-0.8641975308641975;-2.191362846977936
Unknown;0.0003599928001439;-0.7946554149085795;-1.7014736263350154
Unknown;0.5755084898302034;0.106060606060606;0.3211996357946738
Unknown;0.2994340113197736;-0.3652173913043478;-0.4979948720457978
Unknown;0.0363992720145597;-0.7243589743589743;-1.0225045597411286
Unknown;0.5951880962380752;0.0769230769230769;-0.1600384681152318
Unknown;0.0025199496010079;-0.8043478260869565;-1.6562042497042662
Unknown;0.123717525649487;-0.2389937106918239;-0.7822963109545806
Unknown;0.250034999300014;-0.3511111111111111;-0.5486100069157743
Unknown;0.4273514529709405;-0.2199546485260771;-0.3172521233685555
Unknown;0.9422211555768883;0.0625;0.0168925418018662
Unknown;0.0115597688046239;-0.6818181818181818;-1.3170696128777946
Unknown;0.7680646387072259;0.1063829787234042;0.1324313206184884
Control;0.0003999920001599;0.7694235588972431;1.2965038833999734
Unknown;0.0002799944001119;-0.8188405797101449;-2.3105807167385937
Unknown;0.0133997320053598;-0.8333333333333334;-1.3388709937590035
Unknown;0.0197596048079038;-0.5703703703703704;-0.9924083654625327
Unknown;0.0328393432131357;-0.5362318840579711;-1.096769728232404
Unknown;0.4424711505769884;-0.1418439716312056;-0.2865965460271379
Unknown;0.0168396632067358;-0.75;-1.4267535364433626
Control;7.999840003199936e-05;-0.9513888888888888;-2.668736358917516
Unknown;0.0341993160136797;-0.3032581453634085;-1.0761392512000878
Unknown;0.0041599168016639;-0.5859375;-1.3266426890805658
Unknown;0.1428571428571428;-0.5555555555555556;-1.250659492284648
Unknown;0.0755184896302074;0.3925925925925926;0.7787970644094471
Unknown;0.4277914441711166;-0.181159420289855;-0.3371996217950382
Unknown;0.3275534489310214;-0.3066666666666666;-0.5117836161815267
Unknown;0.0001199976000479;-0.8095238095238095;-2.046156496577027
Unknown;0.0104397912041759;-0.6847290640394089;-1.2219913628559056
Unknown;0.0217995640087198;-0.5833333333333334;-0.9740322572924228
Unknown;0.5729885402291954;0.0062893081761006;-0.2180637070452123
Unknown;0.6670266594668106;-0.2708333333333333;-0.1551945391171475
Unknown;0.4761104777904442;-0.2645502645502645;-0.276406411934547
Unknown;0.0017599648007039;-0.8488888888888889;-2.404925736101547
High;0.6470670586588269;-0.2941176470588235;-0.1907373742575616
Unknown;0.0227195456090878;-0.5192307692307693;-0.965064979109786
Unknown;0.3780724385512289;-0.2907801418439716;-0.379937919045342
Unknown;7.999840003199936e-05;-0.8703703703703703;-2.2087735128944086
Unknown;0.0100397992040159;-0.4114583333333333;-0.8987233754879091
Unknown;0.2338753224935501;-0.26;-0.5170983856050697
Control;0.0259994800103997;-0.3194805194805195;-1.108697565063776
Control;7.999840003199936e-05;-0.8285714285714286;-2.059191248691599
Low;0.0029999400011999;-0.6355555555555555;-1.9994721265660564
Unknown;0.0616787664246715;-0.68;-1.0032744020105042
Unknown;0.2969540609187816;-0.1733333333333333;-0.5028279445305839
Unknown;3.999920001599968e-05;-0.9153439153439152;-2.8614184673239533
Unknown;0.7068658626827463;-0.0859375;-0.1281245458121624
Unknown;0.0431591368172636;-0.5587121212121212;-0.7846760586598779
Unknown;0.0062398752024959;-0.5185185185185185;-1.4924611503349656
Unknown;0.4392712145757085;-0.1545454545454545;-0.245943139224562
Unknown;0.2792744145117097;0.270440251572327;0.4439151346166021
Unknown;0.1104377912441751;-0.5531914893617021;-0.7823774553805022
Control;0.0004399912001759;-0.7735849056603774;-2.207255019545407
Unknown;0.0025599488010239;-0.02734375;-1.536498764424559
Unknown;0.7425451490970181;-0.2265625;-0.1033868256824916
Unknown;0.0059598808023839;-0.5163398692810458;-1.4983422157766926
Unknown;0.0001599968000639;-0.8672839506172839;-2.0631411859944664
Unknown;0.0535589288214235;-0.4154929577464789;-0.7580370676897376
Unknown;0.0004799904001919;-0.8844444444444445;-2.3471654432064484
Unknown;0.7748645027099458;-0.032051282051282;-0.1346429545291294
Unknown;0.0012399752004959;-0.7295597484276729;-1.9659895083236731
Unknown;0.0154396912061758;0.5428571428571428;0.7706230171653516
Control;0.0004399912001759;-0.7578692493946732;-1.677251860100259
Medium;0.2319553608927821;-0.2628205128205128;-0.5445272444396442
High;0.8949021019579608;0.0518518518518518;0.0691724642968455
Unknown;0.0011599768004639;-0.7;-1.702617533410224
Unknown;0.0787184256314873;-0.3120567375886525;-0.8558917293729916
Unknown;0.1521569568608627;-0.4222222222222222;-0.6879385349280716
Unknown;0.1124377512449751;-0.574025974025974;-0.7687745031011295
Unknown;0.2005959880802384;-0.2644927536231884;-0.4766715054817784
Unknown;0.8452230955380893;-0.0208333333333333;0.1185142098690897
Unknown;0.0291194176116477;-0.4965034965034965;-0.7564634932026685
Medium;3.999920001599968e-05;0.8714285714285714;1.7456550372920996
Unknown;0.0047599048019039;-0.5620915032679739;-1.4583436353131216
Unknown;0.0004799904001919;-0.5633802816901409;-2.0596502883206838
Unknown;0.1402771944561108;-0.3688888888888889;-0.8181492392425714
Low;3.999920001599968e-05;-0.9182389937106918;-3.4090457563930223
High;0.5236695266094679;-0.3333333333333333;-0.2866780843637445
Unknown;0.6824663506729866;-0.2326530612244897;-0.1456765908098388
Low;0.1855162896742065;-0.1805555555555555;-0.6290716432514348
Unknown;7.999840003199936e-05;-0.9168831168831169;-2.242251181708218
Unknown;0.0949581008379832;-0.3397435897435897;-0.7977669729710577
Unknown;0.0011199776004479;-0.7115384615384616;-1.8561738225987072
Unknown;0.0020399592008159;-0.5925925925925926;-1.7041883249633225
Unknown;0.0028399432011359;-0.6;-1.89485521043876
Unknown;0.0100797984040319;-0.7407407407407407;-1.3507743042830702
Unknown;0.0095598088038239;-0.0625;-1.6449124186692925
Unknown;3.999920001599968e-05;-0.7566137566137566;-2.5442182748173185
Unknown;0.0157196856062878;-0.1733333333333333;-1.6337278426241015
Unknown;0.0621187576248475;-0.4975;-0.699090905336562
Unknown;0.123797524049519;-0.1377777777777777;-1.104090975822497
Low;0.0015599688006239;-0.7414965986394558;-1.490131531992235
Unknown;0.1570768584628307;-0.369901547116737;-0.5254670157675047
Unknown;0.0590388192236155;-0.5972222222222222;-0.9035756927916512
Unknown;7.999840003199936e-05;-0.8888888888888888;-2.7450656720596083
Unknown;0.0286394272114557;-0.5630252100840336;-1.2599956956055711
Unknown;0.0207195856082878;-0.5117845117845118;-0.8710050654025158
Unknown;7.999840003199936e-05;-0.9407407407407408;-3.136273491989892
Low;0.0597988040239195;0.4332552693208431;0.7121880024041357
Unknown;0.0084798304033919;-0.3955555555555555;-2.2479844777481124
Unknown;0.0791584168316633;-0.2333333333333333;-0.922206484550518
Unknown;0.4368712625747485;0.0425531914893617;0.3466469918583352
Unknown;0.0300393992120157;-0.574468085106383;-1.1029428918477728
Unknown;0.8263434731305374;-0.1555555555555555;-0.0270043971027939
Unknown;0.0064398712025759;-0.6311688311688312;-1.3314014738194786
Control;0.5410691786164277;-0.2088888888888889;-0.2828528714888471
Unknown;0.5126297474050518;0.0748299319727891;-0.2652438295018323
Unknown;0.0456790864182716;-0.4265060240963855;-0.7507589861004336
Low;0.9085018299634008;0.108695652173913;-0.0028050930110111
Unknown;3.999920001599968e-05;-0.8947368421052632;-2.7224917889828824
Unknown;0.9602207955840883;0.0378787878787878;0.0351087323447027
Unknown;0.0277594448111037;-0.5972222222222222;-1.1491814266567115
High;0.0642787144257114;-0.6289308176100629;-0.9015522956346068
Unknown;0.0117997640047199;-0.58203125;-1.00612479720874
Unknown;0.4046319073618528;-0.3115942028985507;-0.3617547112933681
Unknown;0.0013999720005599;-0.6632653061224489;-1.3107535327765765
Unknown;7.999840003199936e-05;-0.8768115942028986;-2.519034436999082
High;0.0035999280014399;-0.6948148148148148;-1.229454152137913
Unknown;0.0971180576388472;-0.3703703703703703;-0.7471086105003281
Unknown;0.6595468090638187;-0.0541871921182266;-0.1494491587127551
Unknown;0.0955980880382392;-0.3317191283292978;-0.8069904119785509
Unknown;0.8448631027379453;-0.0354609929078014;0.1047503876860131
Unknown;0.0009599808003839;-0.6619047619047619;-1.4173290892276706
Unknown;0.7057058858822823;-0.0972222222222222;-0.1606651400100401
Unknown;0.8991020179596408;0.0866666666666666;0.0429279206699487
Control;0.0002399952000959;-0.6955503512880562;-1.991518580669052
Unknown;0.0861182776344473;-0.3416493416493416;-0.5143613842803137
Unknown;0.6012679746405072;0.0192307692307692;0.2603728177283579
Unknown;0.0019599608007839;-0.6931216931216931;-1.5657775706710222
Unknown;0.0015599688006239;-0.8066666666666666;-1.6710557636513388
Unknown;0.5367892642147157;-0.2826086956521739;-0.2331313843524801
Unknown;0.0278394432111357;-0.6819407008086253;-1.0196040919121665
Unknown;0.0040799184016319;-0.5925925925925926;-1.619815612993658
Low;0.24287514249715;-0.2091503267973856;-0.5135996508353594
Unknown;0.6130677386452271;-0.2454545454545454;-0.2331486726001207
Unknown;0.0134397312053758;-0.5266666666666666;-1.332233832518518
Unknown;0.2097558048839023;-0.0588235294117647;-0.5920540237040535
Unknown;0.0051198976020479;-0.6604938271604939;-1.3640629106936757
Unknown;0.0010799784004319;-0.7446808510638298;-1.7285125972937596
Unknown;0.0391592168156636;-0.3623188405797101;-0.9785071953029458
High;0.1119177616447671;-0.1573849878934624;-0.696604416571907
Unknown;0.0004799904001919;-0.6814814814814815;-1.4024464484446455
Control;0.3230335393292134;-0.3782051282051282;-0.433464769111114
Unknown;0.0068798624027519;-0.6950354609929078;-1.382232064985922
Unknown;0.2687546249075018;-0.2907801418439716;-0.4821090259103648
Unknown;3.999920001599968e-05;-0.8446115288220551;-1.87262584731862
Unknown;0.0091598168036639;-0.6040100250626567;-1.2501691706074152
Unknown;0.0388792224155516;-0.5822222222222222;-1.027010248041469
Unknown;0.7146257074858503;-0.0496453900709219;-0.1300447313225633
Unknown;0.376192476150477;-0.272108843537415;-0.3840535232219619
Unknown;0.254154916901662;-0.2113821138211382;-0.5090520497131164
High;0.2651546969060618;-0.3596059113300492;-0.4610606745061554
Unknown;0.367192656146877;0.1224489795918367;0.3938072902154174
High;0.0705185896282074;-0.4893617021276595;-0.8170056477588953
Unknown;0.0129997400051998;-0.4650205761316872;-0.9955734021050586
Unknown;0.373472530549389;-0.1636363636363636;-0.4159082724848786
Control;0.5598288034239315;-0.0641025641025641;-0.2643704411769425
Unknown;0.0108797824043519;0.6711111111111111;1.0912174951831406
Unknown;0.0003999920001599;-0.7214285714285714;-2.0086251905730688
Unknown;0.0365192696146077;-0.2857142857142857;-1.1976546048613446
Unknown;0.0185596288074238;-0.5277777777777778;-1.2907941716507632
Unknown;0.0101997960040799;-0.6274509803921569;-1.4620045524815373
Unknown;0.0991180176396472;0.365079365079365;0.6752940219213927
Unknown;0.6869062618747626;-0.1138211382113821;-0.1685574235733278
Unknown;0.0007199856002879;-0.5111876075731497;-1.087565803084142
Unknown;0.1702765944681106;-0.6355555555555555;-0.706733668603353
High;7.999840003199936e-05;-0.783625730994152;-1.936991696906459
Control;0.9560608787824244;0.0185185185185185;0.0240711944689466
Unknown;0.1806763864722705;0.3182957393483709;0.447954334356777
Unknown;0.1450370992580148;-0.2948717948717949;-0.654256313091262
Low;0.3989920201595968;-0.2978723404255319;-0.3501690654318647
Unknown;0.7101457970840583;0.1733333333333333;0.1794594852245018
Unknown;0.0069198616027679;-0.62;-1.5465167060277405
Unknown;0.5350292994140117;-0.1437908496732026;-0.2733737046281682
Unknown;0.8929421411571768;-0.1;0.0114671835816457
Unknown;0.0417591648167036;0.5720164609053497;0.6863108729437303
Control;3.999920001599968e-05;-0.9325396825396826;-1.988403106371513
Unknown;0.1738765224695506;-0.3797909407665505;-0.3987041062193376
Low;0.0320393592128157;-0.2945454545454545;-0.7902688618889018
Unknown;0.3221935561288774;0.2346938775510204;0.3948848807084397
Unknown;0.1091178176436471;-0.2553191489361702;-0.7513012069982495
Unknown;0.0161196776064478;-0.7092198581560284;-1.2507249603479431
Low;0.0761184776304473;-0.6206088992974239;-0.7755727891005141
Unknown;0.1666366672666546;-0.4021164021164021;-0.5618621386799422
Unknown;0.0322393552128957;-0.6666666666666666;-1.1178544023774084
Unknown;0.0026399472010559;-0.6987179487179487;-1.6599349155312133
Unknown;0.0211195776084478;-0.3576923076923077;-1.1279642209097038
Unknown;0.2253954920901582;-0.3049645390070922;-0.5466597890446839
Low;0.0645587088258234;-0.5869565217391305;-0.8986101823714387
Unknown;0.3598728025439491;-0.117037037037037;-0.3181517143027377
Unknown;0.0103197936041279;-0.5218390804597701;-1.0711396081016131
Unknown;0.1766364672706545;0.4755555555555555;0.6701701989982344
Unknown;0.3260734785304294;-0.4744897959183674;-0.3917167381006513
Unknown;0.5385492290154197;-0.2455418381344307;-0.2096719338817896
Unknown;0.4504709905801884;0.2483660130718954;0.3397401749688754
Unknown;0.0001199976000479;-0.8275862068965517;-1.8151268321409204
Control;0.0023199536009279;-0.9423076923076924;-1.7973364074479488
Unknown;0.4157116857662847;-0.2698412698412698;-0.3243058491494393
Unknown;0.0005199896002079;-0.6462585034013606;-1.889191381367775
Unknown;0.9157416851662968;-0.050314465408805;0.0590158774953873
Unknown;0.3901121977560449;-0.2888888888888888;-0.4074100842673726
Unknown;3.999920001599968e-05;-0.717948717948718;-5.077191779224634
Unknown;3.999920001599968e-05;-0.9312169312169312;-2.433321828994535
Unknown;0.2877142457150857;0.3265306122448979;0.4274157414935555
Unknown;0.9219415611687768;-0.0663265306122449;-0.0203569014645102
Unknown;3.999920001599968e-05;-0.9814814814814816;-3.8930364284773713
Control;0.122797544049119;0.4603174603174603;0.662340505941652
Unknown;0.7618247635047299;0.1703703703703703;-0.0973035284837986
Unknown;0.0083598328033439;0.654320987654321;1.2647025325781909
Unknown;0.0004799904001919;-0.7098255280073462;-1.5619410119466808
Unknown;0.7429051418971621;0.0434782608695652;0.153972244410243
Unknown;0.624107517849643;0.0133333333333333;-0.1721581403866752
Unknown;3.999920001599968e-05;-1.0;-3.7924556379411207
Unknown;0.1942361152776944;-0.3611111111111111;-0.5698302296436628
Medium;0.5122297554048919;-0.2907801418439716;-0.2572084016696576
Medium;0.0517989640207195;-0.6923076923076923;-0.9223388847814776
Unknown;0.0013599728005439;-0.7530864197530864;-2.187191878447764
Control;0.5262694746105078;0.1437908496732026;0.2919757347753074
Control;0.0311593768124637;-0.5849056603773585;-0.9385094041225972
Unknown;0.0005599888002239;-0.7683823529411765;-1.813070856075241
Unknown;0.0009999800003999;-0.5698924731182796;-1.1160093892410938
Medium;3.999920001599968e-05;-1.0;-5.286144177431548
Unknown;0.4786304273914522;-0.2571428571428571;-0.2850230502126889
Unknown;0.9636607267854644;0.4926829268292683;0.0419048604366069
Unknown;0.1963960720785584;0.3466666666666667;0.5587072236327626
Unknown;0.501469970600588;0.22;0.2898072353240875
Unknown;0.0139597208055838;-0.5095238095238095;-1.0817724333525898
Control;0.0084798304033919;-0.5467980295566502;-1.4013819954718354
Unknown;0.0022799544009119;-0.5;-2.123358592690251
Unknown;0.0003199936001279;-0.8405797101449275;-1.6188521950655284
Unknown;0.0139197216055678;-0.5641025641025641;-1.131392492579612
Unknown;0.1789564208715825;0.1527777777777778;0.6008028486092081
Unknown;0.0072798544029119;-0.5584415584415584;-1.2712129415712632
Unknown;0.5897882042359153;-0.12;-0.2260768826166934
Unknown;0.2018359632807344;0.3197278911564626;0.5232455466638846
Unknown;0.0543189136217275;-0.3968253968253968;-0.8348375500836938
Unknown;0.2302371541501976;0.5555555555555556;0.7211545024727571
Control;0.0066398672026559;-0.4711673699015471;-0.975582713077394
Unknown;0.118157636847263;0.375609756097561;0.5163418502676524
Unknown;0.4433111337773244;-0.2444444444444444;-0.3285360672954047
Unknown;0.867822643547129;0.1377777777777777;-0.0640573391579678
Unknown;0.0104797904041919;-0.25;-1.4161496242329314
Unknown;0.3477530449391012;-0.181159420289855;-0.4132748767168641
Unknown;0.5547089058218836;0.0844444444444444;-0.2505938059455076
Unknown;0.0010799784004319;-0.7588652482269503;-1.886165192412082
Unknown;0.0034799304013919;-0.7735849056603774;-1.6531037346932234
Unknown;0.0138797224055518;-0.6312056737588653;-1.1341171043464005
Unknown;0.0412391752164956;-0.5608465608465608;-0.8657888763963576
Unknown;0.4525509489810204;-0.2622222222222222;-0.31456288546903
Unknown;0.0005599888002239;-0.5636363636363636;-2.350592958441396
Low;0.7055058898822023;-0.0486111111111111;-0.1426095733948048
Unknown;0.0011999760004799;-0.8133333333333334;-1.9947630012114368
High;0.0023199536009279;-0.903846153846154;-1.8373103683197816
Unknown;0.2375552488950221;-0.4148148148148148;-0.5346465262998744
Unknown;0.0666786664266714;-0.419753086419753;-0.9856281571364562
Unknown;0.5250294994100118;0.391304347826087;0.2883145913972896
High;0.1330373392532149;-0.5061728395061729;-0.7023701894643841
Unknown;0.1841963160736785;0.326797385620915;0.5766556514486507
Unknown;0.2633547329053419;-0.3024691358024691;-0.4871675554192395
Unknown;0.0073998520029599;-0.4893617021276595;-1.4248026873335575
Medium;0.1049179016419671;-0.2533333333333333;-0.8744622970689311
Unknown;0.0225195496090078;-0.5324675324675324;-0.9862971609581858
Unknown;0.9784204315913682;-0.1095238095238095;0.0578985848985136
Unknown;0.3867122657546849;0.1923076923076923;0.3548951441226153
Unknown;0.3278734425311493;0.3653846153846153;-0.2840721507738845
Unknown;0.1937961240775184;-0.4842767295597484;-0.5797930188760222
High;0.0145997080058398;-0.3015873015873015;-1.213009241059207
Unknown;0.3591928161436771;-0.2095588235294117;-0.3418540256005277
Unknown;7.999840003199936e-05;-0.8478260869565217;-2.3310852662678925
Unknown;0.2728345433091338;0.1538461538461538;-0.4538131538292528
Unknown;0.0254794904101917;-0.5705128205128205;-0.9646827861432228
Control;0.9603807923841524;-0.0233766233766233;-0.0090249409470402
Unknown;0.1540369192616147;-0.5036144578313253;-0.5110430872982268
Unknown;0.2144357112857743;0.2888888888888888;0.5524824226542083
High;0.0048399032019359;-0.5703703703703704;-1.406627218761736
Unknown;0.2252354952900942;0.3407407407407407;0.5290835666331717
Unknown;0.0001599968000639;-0.8677248677248677;-1.943652616279292
Unknown;0.1093578128437431;0.655421686746988;0.5020843809469215
Unknown;0.6666666666666666;-0.5;-0.970576706435456
Unknown;0.0179596408071838;-0.0466666666666666;-1.4540205226384395
Unknown;7.999840003199936e-05;-0.6305609284332688;-1.4874486408056868
Unknown;0.2712345753084938;-0.3066666666666666;-0.480224889292891
Unknown;0.0153596928061438;-0.8148148148148148;-1.2628012979345846
Medium;0.0074798504029919;-0.8594847775175644;-1.3825847164374556
Unknown;0.1949961000779984;-0.065359477124183;-0.4129995717212955
Medium;0.2623947521049579;0.4111111111111111;0.3652355600584899
Unknown;0.0721185576288474;-0.3571428571428571;-0.782055136487479
Unknown;0.0060798784024319;-0.6054421768707483;-1.5406915181272898
Unknown;0.2530349393012139;-0.3393258426966292;-0.3866424542472552
Unknown;0.0550788984220315;-0.5271317829457365;-0.898152345874255
Unknown;0.0631987360252794;-0.397196261682243;-0.6250500481600424
Unknown;0.7063058738825223;-0.2977777777777777;-0.0498851013849299
Unknown;0.3023539529209416;0.095679012345679;-0.3651719298639678
Unknown;0.0979580408391832;-0.3121693121693121;-0.7380041218491424
Unknown;0.3239935201295974;-0.0666666666666666;-0.507037713703475
Unknown;0.0064798704025919;-0.4331065759637188;-1.608449637436173
Unknown;0.3056738865222695;-0.6266666666666667;-0.499014780091519
Unknown;0.0257594848103037;-0.1693121693121693;-1.090314883393788
Unknown;0.115637687246255;-0.3448275862068966;-0.6865849489609018
High;0.0089198216035679;-0.5816326530612245;-1.126257240204353
Low;0.0003199936001279;-0.8045112781954887;-1.6507327925315032
Unknown;0.0004799904001919;-0.7708333333333334;-2.2599856731857493
Control;0.0006399872002559;-0.5253456221198156;-1.9242520164670236
Unknown;0.0002399952000959;-0.8188405797101449;-2.1124387330312824
Unknown;0.6640267194656106;-0.0536130536130536;0.1546339376484482
Unknown;0.888575192923019;0.0;0.0040648418219587
Unknown;0.9443411131777364;0.0849673202614379;-0.0062385929907893
Unknown;0.4399912001759964;-0.0808823529411764;-0.2850882950944198
Medium;0.2999540009199816;-0.2784636488340192;-0.363380568242575
Unknown;0.0406791864162716;-0.3414043583535109;-1.1457471188548771
Unknown;0.7021459570808584;0.375;0.1756666293968819
Unknown;0.3139920948616601;-0.7619047619047619;-0.6287533496343968
Unknown;0.619987600247995;-0.3024691358024691;-0.2057681667294548
Unknown;0.0974380512389752;0.3940886699507389;0.623983524609445
Unknown;0.2195556088878222;-0.4961038961038961;-0.5149700058279054
High;0.0690386192276154;0.4285714285714285;0.6980156539151395
Unknown;0.0338393232135357;0.4693877551020408;0.8423589265506862
Control;0.1296774064518709;-0.42;-0.7018866301268095
High;0.6519469610607788;0.1224489795918367;0.1930648005456184
Unknown;0.2554348913021739;0.26;0.5060045635701973
Low;0.0183996320073598;-0.2907801418439716;-1.306459288522248
Medium;0.1709565808683826;-0.4761904761904761;-0.6506255111446101
Medium;0.3099538009239815;0.2244897959183673;0.4017133399839004
High;3.999920001599968e-05;-1.0;-6.828613116955925
Unknown;0.2772744545109097;-0.0457516339869281;-0.4885428546857813
Control;0.120997580048399;-0.3266666666666666;-0.5454708655492424
High;3.999920001599968e-05;-0.9931972789115646;-5.550426810227164
Low;0.0228795424091518;-0.6862745098039216;-1.3441450300845947
Unknown;0.3578728425431491;0.1956521739130435;0.4047021864594304
Unknown;0.0987180256394872;-0.4030612244897959;-0.7325474792928082
Unknown;0.0065598688026239;-0.5106382978723404;-1.5946594808786425
Unknown;0.9595408091838163;-0.0416666666666666;0.0287993071676649
Unknown;0.9243815123697526;0.3129411764705882;0.0622060605494351
Unknown;0.1490370192596148;-0.4051282051282051;-0.7304625966251037
Unknown;0.0151596968060638;-0.3900709219858156;-1.3051570603200982
Unknown;0.1779564408711825;0.1111111111111111;-0.6631286964146044
Unknown;0.0843983120337593;-0.1063829787234042;-1.278626562695096
Low;3.999920001599968e-05;-0.7575757575757576;-2.5041294453392937
Unknown;0.0055998880022399;-0.6519480519480519;-1.2954962944295052
Unknown;0.740185196296074;-0.0666666666666666;-0.1310434353029129
Unknown;0.9371012579748405;0.2608695652173913;0.065178910363986
Unknown;0.7233855322893542;-0.2133333333333333;-0.1325128418268708
Medium;0.0079598408031839;-0.3398692810457516;-1.5195309778030897
Low;0.0030399392012159;0.5216666666666666;0.9174210540386192
Unknown;0.1944761104777904;-0.3043478260869565;-0.59817922719033
Unknown;0.4091518169636607;0.2486772486772486;0.3291709458652148
Control;0.374392512149757;0.2296296296296296;0.3963157950019068
Unknown;0.0119197616047679;-0.6497695852534562;-1.1445901920180503
Unknown;0.7845843083138337;-0.1007462686567164;-0.070571374655861
Unknown;0.7368252634947301;0.0962962962962963;0.1692241181370771
Unknown;0.0374792504149917;-0.5022222222222222;-1.4942219686705311
Control;0.0160396792064158;-0.3659420289855072;-1.0124597190521747
Unknown;0.0654386912261754;0.0303030303030303;-0.8193840238495009
Unknown;0.0123197536049279;-0.5769230769230769;-1.142757131786574
Unknown;0.243235135297294;0.2;0.5367556971749123
Unknown;0.6983060338793224;0.0496453900709219;-0.1190562167371208
Unknown;0.0035999280014399;-0.7133333333333334;-1.7642792776211955
Control;0.1887962240755185;-0.4509803921568627;-0.6074091973980545
Unknown;0.0997180056398872;-0.4423076923076923;-0.7326371145000131
Unknown;0.0014799704005919;-0.6120481927710844;-1.207984230230301
Control;0.0345193096138077;-0.8666666666666667;-1.2234681962651424
Unknown;0.7241055178896422;-0.0612244897959183;-0.1045283856157554
Unknown;0.6300273994520109;0.0909090909090909;-0.1822871099944138
Unknown;0.9159816803663928;0.0833333333333333;-0.0124281894483412
Unknown;0.2869942601147977;-0.2907801418439716;-0.4660151421858626
High;0.0016799664006719;-0.6541353383458647;-1.7931323412656617
Unknown;0.0312793744125117;-0.2418300653594771;-1.1105465645693724
High;0.0316793664126717;-0.6170212765957447;-1.1101895649316589
Unknown;0.0426391472170556;-0.4893617021276595;-0.9816441865424248
Medium;0.2824743505129897;-0.0277777777777777;-0.4709633741370431
Medium;0.4724305513889722;-0.1989795918367347;-0.2441257123237321
Unknown;0.4876302473950521;-0.2222222222222222;-0.3020229769415408
Unknown;0.5444291114177716;-0.1111111111111111;-0.2506219918528843
Unknown;0.0392392152156956;0.3809523809523809;0.7217668122322799
Low;0.3279534409311814;0.28;0.4446699095590422
Unknown;0.0100397992040159;-0.475177304964539;-1.2646115867015906
Control;7.999840003199936e-05;-0.8677248677248677;-1.896386052159158
Unknown;0.7072658546829064;-0.1887755102040816;-0.1456850396250069
Unknown;0.1399172016559668;-0.4130434782608695;-0.6651572706254135
Unknown;0.0011999760004799;-0.6;-1.9092074772745056
Unknown;0.0007999840003199;-0.8397435897435898;-2.387207929678628
Low;0.1358372832543349;-0.3076923076923077;-0.6272325541870686
Unknown;0.0313593728125437;0.5777777777777777;0.9932317755343472
Medium;0.0291594168116637;-0.4686716791979949;-0.9846762474445796
Unknown;0.6057478850422992;0.2767295597484276;0.2468105619313205
Unknown;0.0581188376232475;-0.717391304347826;-0.9346790122747378
Unknown;0.2580348393032139;-0.3333333333333333;-0.4986929514813795
Unknown;0.0040799184016319;0.5659722222222222;0.8725448781581384
Unknown;0.5987480250394992;0.2536231884057971;0.2157176303727422
Unknown;0.0003199936001279;-0.6666666666666666;-1.6999685918020848
Unknown;0.1102377952440951;-0.3333333333333333;-0.74986065129076
Medium;0.0877982440351193;-0.4337121212121212;-0.5177464824052895
Control;0.2918341633167337;-0.0909090909090909;-0.4352095189015792
Control;3.999920001599968e-05;-0.9012345679012346;-2.8441901099404308
Unknown;0.0049199016019679;-0.8958333333333334;-1.8059731558149608
Unknown;0.9573808523829525;0.2066666666666666;0.0139100669719415
Medium;3.999920001599968e-05;-0.9455782312925172;-2.8022885151610355
Unknown;0.0051998960020799;-0.524822695035461;-1.591981536871048
Unknown;0.0632387352252955;-0.4948979591836734;-0.8035171239164087
Unknown;0.0028399432011359;-0.6530612244897959;-1.273644102373811
High;3.999920001599968e-05;-0.7142857142857143;-2.992568016751704
Unknown;0.0547589048219035;-0.5;-0.9918834687102192
Unknown;0.2709145817083658;-0.2569444444444444;-0.4863690704228436
Unknown;3.999920001599968e-05;-0.8673469387755102;-3.2477386704728075
Unknown;0.1578768424631507;0.2517006802721088;0.623837802863917
Unknown;0.9703805923881522;0.0880503144654088;-0.0070962279788345
Unknown;0.0017599648007039;-0.7222222222222222;-1.452956903258788
Unknown;7.999840003199936e-05;-0.911007025761124;-2.9639883777501765
Unknown;0.0001599968000639;-0.7647058823529411;-2.090844211963996
Unknown;0.1668366632667346;-0.1466666666666666;-0.6572798902110518
Unknown;0.0864782704345913;-0.673202614379085;-0.8500349995373183
Unknown;0.0918781624367512;-0.4311111111111111;-0.9417521899329884
Unknown;0.6515869682606348;0.0217391304347826;0.2003301848367162
High;0.5115897682046359;0.610062893081761;0.2891593442966103
Unknown;0.0001999960000799;-0.7586206896551724;-1.7102182931382384
Unknown;3.999920001599968e-05;-0.7730496453900709;-2.7681440667186057
High;0.7649047019059618;0.2569444444444444;0.1452841243581917
Unknown;0.2775544489110217;-0.2176870748299319;-0.4724938833094154
Unknown;0.0001999960000799;-0.8214285714285714;-1.7269781236629946
Unknown;0.0122797544049119;-0.3968253968253968;-1.4704736632214983
Unknown;0.242915141697166;0.081081081081081;-0.7362883140937688
Unknown;0.5533889322213555;-0.1572327044025157;-0.2685120068441152
Unknown;0.8159436811263775;0.1957671957671957;-0.0746821207840087
Unknown;0.4085918281634367;0.3333333333333333;0.4018263417534988
Unknown;0.0003199936001279;-0.6382978723404256;-2.437401265116413
Unknown;0.1845163096738065;-0.2765957446808511;-0.681520998235297
Control;0.0555188896222075;-0.5957446808510638;-0.9423815536379246
Unknown;0.3166336673266535;0.3511111111111111;0.4786930706895997
Unknown;0.6348273034539309;0.2238095238095238;0.1800834008818262
Unknown;0.1395572088558228;-0.32;-0.6514492859870734
Unknown;0.1835163296734065;0.1066666666666666;-0.6763783392965977
Unknown;0.497830043399132;-0.0507246376811594;-0.2849698244392017
Unknown;0.9556608867822644;0.1083333333333333;0.0390128460877707
Unknown;3.999920001599968e-05;-0.9153439153439152;-2.536915540343092
Unknown;0.0005199896002079;-0.8188405797101449;-2.3225903223392037
Low;0.0509189816203675;-0.5578231292517006;-0.9327306406678142
Unknown;0.8157036859262815;-0.0545454545454545;0.1517479604752816
Unknown;0.0011999760004799;-0.8045112781954887;-1.769527927262639
Unknown;0.0031199376012479;-0.7489177489177489;-1.5405283897910318
Unknown;0.7698646027079459;0.0923076923076923;-0.0810334871133966
Unknown;0.2044359112817743;-0.5602836879432624;-0.6492529798195273
Unknown;0.0014399712005759;-0.6581632653061225;-1.5816426926095202
High;0.0508789824203515;0.0765306122448979;-1.1522391631813425
Unknown;0.3918721625567488;0.5288888888888889;0.3946735777067283
Control;0.0009999800003999;-0.8296296296296296;-2.005249265809081
Unknown;0.6659466810663787;-0.1111111111111111;-0.1966009307935307
Low;3.999920001599968e-05;-0.927360774818402;-3.0023981000677136
Unknown;0.0194396112077758;-0.7866666666666666;-1.5176579672176094
Unknown;0.1450770984580308;-0.0598591549295774;-0.594306332804285
Unknown;0.7558248835023299;0.0340136054421768;-0.1067946668232971
Unknown;0.0189596208075838;0.5106382978723404;0.531436744376498
Unknown;0.0267194656106877;0.5205811138014528;0.8271151288556851
Unknown;0.7118657626847463;0.0829493087557603;0.1402248307270739
Control;0.0011599768004639;-0.6878306878306878;-1.7197854593547974
Unknown;0.1755964880702386;-0.0306122448979591;-0.6499309150591673
Unknown;0.0003599928001439;-0.7021276595744681;-2.425352792041034
Unknown;0.0017599648007039;-0.7688888888888888;-1.7404174714539973
Unknown;0.0562788744225115;-0.5345911949685535;-0.847054618701509
Unknown;0.2661546769064619;-0.4512471655328798;-0.4394008859128328
Control;0.3591528169436611;-0.2015503875968992;-0.40104606289873
Unknown;0.3574328513429731;-0.0814814814814814;-0.3920373681804842
Unknown;0.7311453770924582;0.0;-0.0858016186957081
Low;0.1405971880562389;-0.1703703703703703;-0.7641961428600537
Unknown;0.1487570248595028;-0.3465116279069767;-0.4945939911784651
Unknown;0.0115997680046399;-0.6733333333333333;-1.2680770708721163
Unknown;0.8169436611267774;-0.025;0.1706721790381898
Unknown;0.6757464850702986;-0.2019704433497537;-0.1684053704842744
Unknown;0.0054398912021759;-0.8044444444444444;-1.7919940811947086
Low;0.0005999880002399;-0.851063829787234;-1.9031750207801008
Unknown;0.6563468730625387;-0.0065359477124183;-0.1698408321931267
Unknown;3.999920001599968e-05;-0.808695652173913;-1.975182673351803
Unknown;0.0279194416111677;-0.5535714285714286;-0.9052305457986568
Unknown;0.0649187016259674;-0.5911949685534591;-0.8648567552163047
Low;0.0018799624007519;-0.6170212765957447;-1.7350785147102827
Unknown;0.0093198136037279;-0.6112412177985949;-1.1110263003529093
Unknown;0.0394792104157916;-0.1133333333333333;-1.297262972710414
Unknown;0.0524389512209755;-0.5851851851851851;-0.7189180344917397
Unknown;0.4851102977940441;-0.2444444444444444;-0.3369349420666503
Unknown;3.999920001599968e-05;-0.9894179894179894;-2.8122099904541003
Unknown;0.0003599928001439;-0.6484848484848484;-1.349043850759931
Unknown;0.6036679266414672;0.1466666666666666;0.2688690684209117
Control;7.999840003199936e-05;-0.7407407407407407;-2.0937846527852324
Unknown;0.1672366552668946;0.0897435897435897;-0.8053424324431632
Unknown;0.0033599328013439;-0.7;-1.7044256774067046
Unknown;0.5212295754084918;0.065359477124183;-0.2568184208684121
Unknown;0.0044399112017759;-0.7210884353741497;-1.6194573899787643
Control;0.1117577648447031;0.2857142857142857;0.6537177074588894
Unknown;0.0462390752184956;-0.3770491803278688;-0.93421444057812
Unknown;0.122877542449151;0.3952180028129395;0.5320093983770354
Unknown;0.6963860722785544;-0.1700680272108843;-0.1686647322571362
Unknown;0.6035479290414192;-0.130718954248366;-0.2036863812637336
Unknown;0.1560368792624147;-0.3402597402597402;-0.5857108506700166
Low;0.2255554888902222;-0.2483660130718954;-0.5569126533605632
Unknown;0.5517089658206836;-0.2222222222222222;-0.2458985354380988
Unknown;0.9485410291794164;0.0052910052910052;0.045114616574446
Unknown;0.0018399632007359;-0.75;-1.816873049968873
Unknown;0.9610207795844083;0.0972222222222222;0.0121574947224021
Unknown;0.2121157576848463;-0.1446540880503144;-0.5472332215211485
Unknown;0.2838343233135337;0.3955223880597014;0.4042998409501012
Unknown;0.2246355072898542;0.2569444444444444;0.5389056746843143
Low;0.0805583888322233;0.3366336633663366;0.5033400460807266
Unknown;0.0656386872262554;-0.7052238805970149;-0.8422286257530119
Unknown;0.3649527009459811;-0.3522012578616352;-0.3871351678175627
Unknown;0.5775084498310034;-0.0942028985507246;-0.217024791512685
Low;0.5311893762124758;-0.3945578231292517;-0.2151888041160634
Unknown;0.0200795984080318;-0.4577777777777778;-1.28623476433939
Unknown;0.5523089538209236;-0.1736111111111111;-0.2130852948809553
Unknown;0.1368772624547509;-0.5555555555555556;-0.9870899395688824
Unknown;0.5463890722185556;0.1177944862155388;0.2494850315844868
Unknown;0.2845943081138377;-0.217391304347826;-0.4740721867805103
Unknown;0.4566708665826683;0.1555555555555555;0.372237863195225
Unknown;0.0002399952000959;-0.7642857142857142;-1.9233232052558424
Unknown;0.2067958640827183;-0.3475177304964539;-0.5847293675068475
Unknown;0.2374352512949741;-0.2148148148148148;-0.5216409247725653
Unknown;0.4797104057918842;0.1629629629629629;0.3091642035811771
Unknown;0.1314773704525909;-0.4577777777777778;-0.7299629597047647
Unknown;0.0010799784004319;-0.8402777777777778;-1.8483195903972676
Unknown;7.999840003199936e-05;-0.8974358974358975;-3.6455203085533534
Unknown;0.8297434051318974;0.0943396226415094;0.1290229603544139
High;0.0021999560008799;-0.7027027027027027;-1.4110381455862164
Unknown;0.0819983600327993;-0.4202898550724637;-0.7658708343891493
Unknown;0.117677646447071;-0.1587301587301587;-0.6721051383872527
Unknown;0.0001599968000639;-0.7569444444444444;-2.649165119427761
Unknown;0.125397492050159;-0.291005291005291;-0.6414654801436901
Unknown;0.0009999800003999;-0.6878306878306878;-1.6186073117488242
Unknown;0.0064398712025759;-0.4705882352941176;-1.4131647916328685
Unknown;0.0249195016099678;-0.3129251700680272;-1.1650978462729538
Unknown;0.0373592528149437;-0.5705128205128205;-1.000224193818922
Unknown;0.747985040299194;-0.1956521739130435;-0.1245213814552194
Unknown;0.9235815283694326;-0.1521739130434782;-0.0019599065949572
Unknown;0.0025599488010239;-0.8222222222222222;-1.6671907988838388
Control;0.2115557688846223;-0.3775510204081632;-0.5152950845763558
Unknown;0.0782784344313113;-0.391304347826087;-0.9603067750655632
Unknown;0.2223555528889422;0.3188405797101449;-0.8050192586008869
Unknown;0.875982480350393;0.1024390243902439;-0.0485407570561755
Unknown;0.8347833043339133;0.0069444444444444;0.1009292816313759
Unknown;0.7925441491170176;0.0;0.0965387663568911
Unknown;0.3007139857202855;-0.2733333333333333;-0.4595531514178983
Unknown;0.0437991240175196;-0.3900709219858156;-0.9678194822895134
Unknown;0.0079198416031679;-0.6014492753623188;-1.5817470460354952
Unknown;0.2910741785164297;0.1180555555555555;-0.5257359941185414
Unknown;0.0019599608007839;-0.4909090909090909;-1.6151654920490697
Unknown;0.3360332793344133;0.3846153846153846;0.3321007427897267
Unknown;0.0009999800003999;-0.782312925170068;-1.8815377295279796
Unknown;0.0084398312033759;0.6956521739130435;1.1446023923600002
Unknown;0.0345593088138237;-0.2716049382716049;-1.0750710373927466
Unknown;0.4721905561888762;0.2314606741573033;0.2512330966161915
Unknown;0.5100297994040119;-0.0533910533910533;-0.2266069644015158
Unknown;0.4722305553888922;-0.2883116883116883;-0.2589568139582899
Unknown;0.0002799944001119;-0.5490196078431373;-2.30089551732842
Low;0.5625087498250035;-0.1489361702127659;-0.2445642560049531
Control;0.3342733145337093;-0.0457516339869281;-0.4190547930899977
Unknown;0.0112797744045119;-0.5972222222222222;-1.182208874905589
Unknown;0.3585128297434051;-0.0289855072463768;-0.377674872925398
Unknown;0.0208795824083518;-0.5974842767295597;-1.208860474736993
Unknown;0.4662306753864922;0.0666666666666666;-0.2991766112823569
Unknown;0.0001199976000479;-0.8541666666666666;-2.531297722080489
Unknown;0.0125197496050079;-0.6434782608695652;-1.261577088546659
Unknown;0.4848303033939321;0.1466666666666666;0.3320067162370204
Unknown;0.6423071538569228;-0.1578947368421052;0.1703866969784525
Unknown;0.0144797104057918;-0.7142857142857143;-1.1965975598620051
Unknown;0.0214395712085758;-0.4782608695652174;-1.0326861683704165
High;3.999920001599968e-05;-0.9935897435897436;-5.868606217896682
Unknown;0.2561948761024779;0.5333333333333333;0.4913664788481957
Unknown;0.0214795704085918;-0.5833333333333334;-1.0224416659267423
Unknown;0.113157736845263;-0.6857142857142857;-0.7771484062303895
Low;0.3641927161456771;-0.2028985507246377;-0.398144600492347
Medium;3.999920001599968e-05;-0.9365079365079364;-3.211757563438701
Unknown;0.1559968800623987;-0.54421768707483;-0.6486942914065789
Unknown;0.0044399112017759;-0.7536231884057971;-1.546561543930155
Unknown;0.8934621307573849;-0.0283687943262411;-0.0174445802315148
Unknown;0.0189996200075998;-0.5391705069124424;-1.0444488421865374
Medium;0.0007199856002879;-0.5108695652173914;-1.885404045169216
Unknown;0.0001599968000639;-0.8974358974358975;-2.2680223686812373
Unknown;0.1415971680566388;-0.3541666666666667;-0.6799548514086025
Unknown;0.0669586608267834;-0.5833333333333334;-0.838260470985769
Unknown;0.0506389872202555;0.4962962962962963;0.7630785047371926
Unknown;0.990380192396152;0.0;0.0040821905773357
Unknown;0.8625827483450331;-0.013477088948787;-0.0928986781481909
Control;0.3861522769544609;0.1913043478260869;0.4073810354716504
High;0.0736785264294714;0.2666666666666666;0.7513438468571147
Unknown;0.1611967760644787;-0.5644028103044496;-0.5804592134608313
Medium;3.999920001599968e-05;-0.9576719576719576;-3.5296775863468377
Unknown;0.8992220155596888;0.141025641025641;0.0666561302802512
Unknown;0.2312753744925101;-0.3974025974025974;-0.5016702862717137
Unknown;0.7779844403111937;-0.0138888888888888;-0.1086857076883404
Unknown;0.5865882682346353;0.0339506172839506;-0.1603078760785857
Unknown;0.4253114937701246;-0.0512820512820512;-0.3355185090758621
Unknown;0.2068758624827503;-0.4047619047619047;-0.517541355214035
Low;0.1693566128677426;-0.3209876543209876;-0.5219665495309461
Low;0.249035019299614;0.1666666666666666;-0.5227866608514249
Medium;0.8182636347273055;-0.3038961038961039;-0.0486172816221252
Medium;0.0018799624007519;-0.3617021276595745;-1.9206819555636383
Unknown;0.0879982400351993;-0.3777777777777777;-0.7879072004666293
Unknown;0.114677706445871;-0.1822222222222222;-0.7844126641585497
Unknown;0.988220235595288;0.1866666666666666;0.0039287019706755
Unknown;0.0021199576008479;-0.8366013071895425;-1.6555363470234343
Unknown;0.6143877122457551;-0.0952380952380952;-0.2008440142839674
Unknown;0.4179916401671966;-0.3933333333333333;-0.350845769359244
Control;0.2260754784904302;-0.2777777777777778;-0.5999312118914758
Low;0.2585548289034219;-0.3849878934624697;-0.4405659162568537
Unknown;0.4033519329613407;0.1560283687943262;0.3656704922728341
Unknown;0.0919981600367992;-0.0408163265306122;-0.7892929248313182
High;0.3343133137337253;-0.3271604938271605;-0.4230528852528878
Unknown;0.371112577748445;-0.1801801801801801;-0.391981029749891
High;0.1577168456630867;0.3265306122448979;0.6198087446649948
Unknown;0.0054798904021919;-0.3775510204081632;-1.4310735054110857
Unknown;0.1695566088678226;-0.0709219858156028;-0.6399062095339036
Unknown;0.493590128197436;-0.1370851370851371;-0.2386515148738453
Low;0.0169196616067678;-0.3660130718954248;-1.2408092813073932
Unknown;0.0432791344173116;-0.3537414965986394;-1.0811835808584511
Unknown;0.5665886682266355;-0.1176470588235294;-0.235273958296593
Unknown;0.3919921601567969;-0.0488888888888888;-0.355076412033512
Unknown;0.1862362752744945;0.3472222222222222;0.5784038189352456
Unknown;0.8643027139457211;0.1481481481481481;0.1024209127129791
Control;0.1542769144617107;-0.4818401937046004;-0.5718693736467967
Unknown;0.123597528049439;0.3263888888888889;0.6624240602183439
Unknown;0.7617447651046979;0.1372549019607843;0.1371090724662734
Unknown;0.0475190496190076;-0.6258503401360545;-1.170219946287423
Unknown;0.1335973280534389;-0.3571428571428571;-0.5917520459319996
Unknown;0.0030399392012159;-0.4837209302325581;-1.2248491945900928
Unknown;0.1003979920401592;-0.4181818181818181;-0.8510959541260149
Control;0.6947061058778824;-0.3121693121693121;-0.178033062707631
Unknown;0.0692386152276954;-0.5515873015873016;-0.7228015476359536
Unknown;0.872142557148857;0.0311111111111111;0.1059393470272206
Unknown;0.8431431371372573;-0.0612244897959183;-0.080421195519877
Low;0.0263194736105277;0.5072463768115942;0.936043131020468
Medium;3.999920001599968e-05;-0.9266666666666666;-2.9671717082394378
Unknown;0.4208315833683326;-0.2327044025157232;-0.2454242224241176
Unknown;0.3572328553428931;0.3082706766917293;0.3670466282766235
Unknown;0.98230035399292;-0.0866666666666666;0.0563793796252177
High;0.0050798984020319;-0.76;-1.7931350777519193
Control;0.0413591728165436;0.3395061728395062;0.7375151526325311
Unknown;0.2869142617147657;-0.3333333333333333;-0.5233438922707313
Unknown;0.7297454050918981;-0.1439393939393939;-0.1035576951250524
Unknown;0.4327113457730845;-0.0738916256157635;-0.31241745656184
Unknown;0.501429971400572;0.1911111111111111;0.3421445428090393
Unknown;0.3160336793264134;0.162907268170426;0.4042749517801557
Unknown;0.8987420251594969;-0.0833333333333333;0.0998355563627833
Unknown;0.3669526609467811;-0.0933333333333333;-0.4211125465687156
Unknown;3.999920001599968e-05;-0.9896103896103896;-3.727971067942529
Unknown;0.0005999880002399;-0.7959183673469388;-1.955312920285756
Unknown;0.0006399872002559;-0.8148148148148148;-1.9607611717288864
Unknown;0.7168656626867462;0.1458333333333333;0.1571156644965304
Unknown;0.1038779224415511;0.1619718309859155;-0.7453454275135657
Control;0.5762284754304914;0.3076923076923077;0.1800369071607812
Unknown;0.9165816683666328;-0.037037037037037;-0.0295303868170468
Unknown;0.0005199896002079;-0.7610062893081762;-2.3921287398374584
Control;0.0299194016119677;-0.387012987012987;-0.9163109587380134
Unknown;0.0026799464010719;-0.8076923076923077;-1.3393218947187868
Control;0.1859962800743985;-0.3714285714285714;-0.5548271321392181
Medium;0.1946361072778544;0.2765151515151515;0.4657750382501554
Unknown;0.9071818563628729;0.1534391534391534;0.0005670689650539
Unknown;7.999840003199936e-05;-0.8653846153846154;-2.550463612401694
Unknown;0.4065118697626047;-0.2285714285714285;-0.3268166809763685
Unknown;0.0005599888002239;-0.6581632653061225;-1.587106529391921
Unknown;0.0343993120137597;-0.6296296296296297;-1.0155545114286992
Unknown;0.114597708045839;0.1818181818181818;-0.6728906816884863
Unknown;0.0103597928041439;-0.5898617511520737;-1.160072546246924
Unknown;0.0212795744085118;-0.5309973045822103;-0.9398124288992384
Unknown;0.7658246835063299;-0.0314769975786924;-0.0941949897994191
Control;0.0237195256094878;-0.68;-1.048188762984998
Unknown;0.0611987760244795;-0.3333333333333333;-1.1769528764926231
Unknown;0.7186656266874663;0.0;-0.1386075144697311
Unknown;0.0506389872202555;-0.5769230769230769;-0.8900722246336378
Low;0.1658366832663346;-0.376;-0.662117016784759
Unknown;0.5394692106157877;0.10062893081761;0.2646501478220248
Unknown;0.1409971800563988;0.3262411347517731;0.6351499175111203
Unknown;0.0105997880042399;-0.492063492063492;-1.2156664727320567
Unknown;0.0126797464050718;-0.4236453201970443;-1.31412634553548
Unknown;0.1889162216755665;-0.4897959183673469;-0.6023682528553871
Unknown;0.0492390152196956;-0.3696145124716553;-0.9237554835439205
Unknown;0.0456390872182556;-0.5666666666666667;-1.0593986007817804
Unknown;0.0982780344393112;-0.336734693877551;-0.7369415661269527
Unknown;0.2692746145077098;0.2177777777777777;0.5080095394643352
Low;0.4394712105757885;0.0166666666666666;-0.2478767340306726
Unknown;0.0177596448071038;-0.7333333333333333;-1.3941005232755512
Medium;0.6535069298614028;0.1888888888888888;0.3228121013913217
Unknown;0.0905981880362392;-0.7243589743589743;-0.8308210697443917
Low;0.8898222035559289;0.0735632183908046;0.0637537087835814
Unknown;0.0281994360112797;-0.387012987012987;-0.9755372114195122
Unknown;0.7219855602887942;0.336734693877551;0.1717781853458214
Unknown;0.9202215955680888;0.0533333333333333;0.0626655053421871
Unknown;0.0074398512029759;-0.3032581453634085;-1.324422844411389
Unknown;0.0004399912001759;-0.8188405797101449;-2.033402693391494
Unknown;0.878822423551529;0.3688888888888889;0.1494376045002342
Unknown;0.7887842243155136;-0.1466666666666666;-0.1055383078520126
Unknown;0.0439991200175996;-0.6349206349206349;-0.9421123883073008
Low;0.0021199576008479;-0.8311111111111111;-1.7292354821520086
Unknown;0.7711045779084418;-0.0425531914893617;-0.1066717967904562
Unknown;0.2305553888922221;0.2907801418439716;0.5267738229315359
Unknown;0.9812603747925042;0.2444444444444444;0.1004821594506229
Unknown;0.2249155016899662;0.3148148148148148;0.5332761499491621
Unknown;7.999840003199936e-05;-0.9251700680272108;-2.9951319679424544
Control;0.758144837103258;0.3270440251572327;0.1709044257808281
Unknown;0.6718265634687306;0.173076923076923;0.1874756879205176
Unknown;0.980060398792024;-0.1022222222222222;0.0373130435800616
Medium;0.0038799224015519;-0.7564102564102564;-1.4685200755634835
Unknown;0.3086738265234695;0.2572298325722983;0.3573523314525825
Unknown;0.0331993360132797;-0.7688888888888888;-1.351051628394044
Medium;0.0105197896042079;0.6470588235294118;1.0289747816472832
Unknown;0.0278394432111357;-0.7;-1.070797679875357
Unknown;3.999920001599968e-05;-1.0;-4.971465955591961
Unknown;3.999920001599968e-05;-0.91005291005291;-2.7727815139317324
High;0.0009599808003839;-0.4557823129251701;-1.552212588555523
Unknown;0.5344293114137717;-0.0612244897959183;0.228501841594641
Unknown;0.3787524249515009;-0.0895883777239709;-0.3463916451313012
Control;0.1879962400751985;0.3492063492063492;0.4689393654577367
Unknown;0.3054738905221895;-0.3141025641025641;-0.445057201147424
Unknown;0.9532209355812884;0.0;-0.0210873630398341
Unknown;0.0990780184396312;0.4202898550724637;0.7302896260675935
Unknown;0.0651986960260794;-0.4066666666666667;-1.038499026931147
Unknown;0.2381952360952781;-0.1933333333333333;-0.5280685563660442
Unknown;0.8007039859202816;0.0566893424036281;-0.0577839013437538
Unknown;0.0255594888102237;-0.5343915343915344;-0.9081167260221892
Unknown;0.5477090458190836;-0.1071428571428571;-0.2556907372646352
Unknown;0.2069558608827823;-0.4113475177304964;-0.5609514344964301
Unknown;0.1707965840683186;0.5466666666666666;0.5180139865439018
Unknown;0.6777064458710825;0.1319444444444444;0.1779458602492563
Unknown;0.8995820083598328;-0.1134751773049645;-0.0291389383668053
Unknown;0.5236295274094518;-0.1481481481481481;-0.2648907578103979
Unknown;0.3351132977340453;-0.2857142857142857;-0.3892116576009735
Unknown;0.0479990400191996;-0.4609929078014184;-1.0865255763833108
Unknown;0.3655926881462371;0.4222222222222222;0.401411339010633
Unknown;0.7140257194856103;-0.226950354609929;-0.1752505687300828
Unknown;0.0037599248015039;-0.5144855144855145;-1.1820130673028222
Unknown;0.0522389552208955;-0.7755102040816326;-1.0662439660532637
Control;0.5269494610107798;-0.1733333333333333;-0.289630790242559
Unknown;0.2561548769024619;0.2907801418439716;-0.5893333241282243
Unknown;0.0359192816143677;-0.4777777777777778;-1.215725746201766
Control;0.0165196696066078;0.4861111111111111;1.0637370585714423
High;0.0038399232015359;-0.477124183006536;-2.016518976707597
Unknown;0.5787084258314834;-0.0977443609022556;-0.2242506861027419
Unknown;0.0222016651248843;-0.8962962962962963;-1.9115336398250309
Unknown;0.9446211075778485;0.5177304964539007;0.032235756139428
Unknown;0.5481090378192436;0.0507246376811594;0.2858097647141709
Unknown;0.24167516649667;-0.2026143790849673;-0.5213749686390662
Unknown;0.0002799944001119;-0.7222222222222222;-2.4791054968156585
Unknown;0.0415191696166076;-0.8488888888888889;-1.2627637864400287
Unknown;0.7333853322933541;-0.1635220125786163;-0.1345990328533449
Unknown;0.1018779624407511;-0.3687943262411347;-0.7678542103347502
Unknown;0.7075172338330233;0.3518518518518518;0.2563179733344233
Control;0.370232595348093;-0.3081761006289308;-0.3746915701266177
