Dosage;p-value;Cliff's Delta;Cohen's D
Low;0.0343593128137437;-0.3247106875425459;-0.6210852410646754
Medium;0.4596774193548387;-0.4137931034482758;-0.775809820602283
Unknown;0.0269194616107677;0.60062893081761;1.097990781539252
Unknown;0.0235995280094398;0.6304347826086957;1.250046450270357
Medium;1.0;-0.02;-0.148461497791618
Medium;0.2111557768844623;-0.3110599078341013;-0.5891157415098756
Unknown;1.0;-0.0555555555555555;-0.2513579676212995
Control;0.2704345913081738;0.2257462686567164;0.5985932582122344
Control;0.8079838403231935;0.1182266009852216;0.2496571014448263
Unknown;1.0;-0.0172413793103448;-0.1412929664185257
High;0.0023599528009439;0.717948717948718;1.576871885663082
Unknown;0.4288314233715325;0.165880503144654;0.2962365299995838
Low;0.9117017659646808;-0.1555555555555555;-0.41478067789217
Unknown;0.868262634747305;-0.1203703703703703;-0.1673897358606483
Unknown;1.0;-0.0590277777777777;-0.0357634451122474
Unknown;1.0;-0.0579710144927536;-0.1321406407718702
Unknown;0.3607527849443011;-0.2977777777777777;-0.5751536210124325
Unknown;0.8245035099298014;0.1177944862155388;0.1969665391377124
Unknown;0.4207115857682846;-0.2925170068027211;-0.4803626747778473
Unknown;0.1618767624647507;-0.373015873015873;-0.6591405244231453
Unknown;0.1384372312553748;-0.25;-0.5882305402386693
Low;0.6115077698446031;-0.131578947368421;-0.3804700802167556
Control;0.3917921641567168;0.1944444444444444;0.4793993222492657
Unknown;0.5807483850322993;0.2163120567375886;0.4470630850261085
Unknown;0.3378332433351333;-0.1304347826086956;-0.5224632900120594
Unknown;7.999840003199936e-05;0.8777777777777778;2.020095023916903
Unknown;0.0639587208255834;-0.5466666666666666;-0.9044312632922692
Unknown;0.626227475450491;0.1987179487179487;0.2963146649216649
Unknown;0.1304773904521909;-0.4135802469135802;-0.7744410685975384
Medium;0.0008399832003359;0.6456456456456456;1.525440911652047
Low;0.0003999920001599;0.6814516129032258;1.8616781247119627
Unknown;0.9130217395652088;-0.037593984962406;0.157348747010584
Unknown;1.0;-0.0317460317460317;-0.0674143535978122
Unknown;0.7968640627187457;-0.1423611111111111;-0.2497333332574409
Unknown;0.0623587528249435;-0.3374587458745874;-0.6231723648749808
Unknown;0.7233055338893222;0.1289437585733882;0.2359168278140004
Control;0.747265054698906;0.1155555555555555;0.1563374252796988
Control;0.3813123737525249;0.2355555555555555;0.5520524474738834
Medium;0.0003199936001279;0.69140625;1.4211547019800832
Unknown;1.0;0.0465116279069767;0.015925858065745
Unknown;0.2086758264834703;-0.3699186991869919;-0.7472315468326493
Unknown;1.0;0.1;0.1714985851425088
Unknown;0.620147597048059;0.2484276729559748;0.3125712152875309
Unknown;0.0053198936021279;0.6594202898550725;1.7092344183365458
High;0.3017939641207176;0.1255813953488372;0.7967839799645139
Unknown;0.3080338393232135;0.2592592592592592;0.5459498419379007
Control;0.2315953680926381;-0.3214285714285714;-0.6305898774321406
Control;0.7451850962980741;0.1450617283950617;0.2775784395549197
High;1.0;-0.0416666666666666;-0.2170286830706077
Unknown;1.0;-0.1702898550724637;0.0757420911604313
Unknown;0.0371992560148797;-0.4583333333333333;-1.1697953037312037
Unknown;1.0;-0.0416666666666666;-0.0820291318246688
Unknown;0.504309913801724;0.2119047619047619;0.3537384714429171
Unknown;0.250754984900302;0.2623376623376623;0.8345880519279104
Unknown;0.2960340793184136;-0.2465277777777778;-0.4385472181737977
Unknown;0.1411971760564788;-0.2272727272727272;-0.5693837554431693
Unknown;0.9499810003799924;-0.1180555555555555;-0.137062493657565
Unknown;0.3924321513569728;-0.2203389830508474;-0.5536773294205051
Unknown;0.6954660906781864;0.1095238095238095;0.2806162451287944
Unknown;0.2253554928901422;-0.2098765432098765;-0.5402402871882424
Unknown;0.6794264114717705;0.1333333333333333;0.2910427500435997
Control;1.0;0.0579710144927536;0.1782272129841124
Unknown;0.0275994480110397;0.4885844748858447;0.8890039065424225
Control;0.2753544929101418;0.2738095238095238;0.5408512226926698
Unknown;1.0;-0.0384615384615384;-0.2112235418114766
Medium;0.8920221595568089;0.1437908496732026;0.1861823448832311
Unknown;0.3591528169436611;-0.4133333333333333;-0.4953158452434802
Unknown;0.8865422691546169;0.1925925925925926;0.1510588167446932
Unknown;1.0;-0.064625850340136;-0.0684780190581565
Unknown;0.1941561168776624;-0.3851851851851852;-0.693103280083672
Unknown;0.8601427971440572;-0.0317460317460317;-0.1527830828380352
Low;0.3461530769384612;0.1847826086956521;0.5482730039618126
Unknown;0.7786244275114498;-0.1481481481481481;-0.2353963865967196
Unknown;0.1525969480610387;-0.375;-0.7017294652672371
Unknown;1.0;-0.037037037037037;-0.2092926630424937
Unknown;0.9723405531889362;0.13;0.0736690958163052
Unknown;1.0;-0.0465116279069767;-0.2309073571817941
Unknown;0.629507409851803;0.1231884057971014;0.5256235019211597
Unknown;1.0;-0.25;-0.5488212999484517
Unknown;0.5953480930381393;0.2133333333333333;0.3746343246326777
Unknown;1.0;-0.0163934426229508;-0.1342862125657206
Unknown;0.8571428571428571;-0.0666666666666666;-0.1825741858350556
Control;0.0528789424211515;0.5682137834036568;0.8384646974778527
Unknown;1.0;0.0615763546798029;0.1440311601912234
Unknown;1.0;-0.0251572327044025;-0.0516511061886711
Unknown;0.3365932681346373;-0.2851851851851852;-0.526243241524571
Unknown;0.0207995840083198;-0.4246575342465753;-0.8993728335918317
Unknown;1.0;-0.125;-0.3933978962347215
Unknown;0.7592648147037059;0.0297619047619047;0.1963578149527796
Low;1.0;-0.0288461538461538;-0.0795470620874612
Unknown;0.0254394912101757;0.5666666666666667;1.3801978884973471
Unknown;0.124237515249695;0.3061224489795918;0.8215911102638381
Unknown;0.6833863322733545;0.1736111111111111;0.2588634954533962
Unknown;0.6076278474430511;-0.1701388888888889;-0.3086695206271092
Control;0.1956360872782544;0.3455882352941176;0.6207460158472635
Unknown;0.5594288114237715;0.2711111111111111;0.4068381021724862
Unknown;0.3454330913381732;-0.1929012345679012;-0.4014040072503624
Unknown;0.8969020619587609;-0.0185185185185185;0.0986310340124517
Unknown;0.6075478490430192;-0.0687830687830687;-0.2845551705837737
Unknown;0.1863162736745265;-0.3660130718954248;-0.6537065979564436
Unknown;0.0016799664006719;-0.6358024691358025;-1.1520785330161134
Unknown;1.0;-0.0076923076923076;-0.033488293524613
Unknown;0.6575068498630028;-0.0869565217391304;-0.3230291412348993
Unknown;0.0016799664006719;0.5347222222222222;1.1075191027853
Unknown;0.7813043739125217;-0.1555555555555555;-0.4249013566989197
Unknown;0.0190796184076318;-0.6190476190476191;-1.1263957662593855
Unknown;0.5419491610167797;-0.2444444444444444;-0.549964408040972
Low;0.8923821523569528;-0.07;-0.2877424176667931
Unknown;0.885422291554169;-0.0388257575757575;-0.1518503734107339
Unknown;1.0;0.0427350427350427;0.0601448759831847
Unknown;1.0;-0.0508474576271186;-0.2410630211070923
Unknown;0.0775584488310233;-0.4716981132075472;-0.8483388494929566
Unknown;0.0156796864062718;-0.4525641025641025;-0.8167509289442172
Unknown;0.1512769744605107;-0.3878205128205128;-0.7341312607473424
Low;1.0;0.2;0.4999999999999999
Unknown;0.0957580848383032;-0.4733333333333333;-0.7969658630854064
Unknown;0.0019599608007839;0.6777777777777778;1.79996964151691
Unknown;0.1789164216715665;0.4074074074074074;0.8038369524685002
Unknown;7.999840003199936e-05;-0.7576923076923077;-1.423549493370394
Unknown;0.0585988280234395;0.4675324675324675;0.9251203765710114
Unknown;1.0;0.0340425531914893;0.0760263706306181
Unknown;1.0;-0.0977777777777777;-0.1003139725151038
Unknown;1.0;0.0324074074074074;0.1079044943774492
Unknown;1.0;0.0125;0.0310428153952762
Unknown;0.5603887922241555;0.1777777777777777;0.4623522443101985
High;0.4420311593768125;-0.2790697674418604;-0.6435087613090209
Unknown;0.7953216374269005;-0.2352941176470588;-0.5452032265107638
Unknown;1.0;0.0535714285714285;0.1050210063021006
Unknown;0.1491570168596628;0.4111111111111111;0.7341813004856483
Unknown;0.4795104097918041;-0.2291666666666666;-0.5675139399803956
Unknown;0.5397092058158837;-0.2444444444444444;-0.5874504568180079
Unknown;0.0471190576188476;-0.4333333333333333;-0.9102581058557724
Unknown;0.6965860682786345;-0.1142857142857142;-0.2320080843336549
Unknown;0.6091478170436592;0.1064935064935064;0.4943467968671237
Unknown;0.9250614987700246;-0.0760869565217391;-0.1520814518017867
Unknown;0.3179136417271654;-0.3033333333333333;-0.5908168493992032
Unknown;0.0114397712045759;0.6060606060606061;1.2030670427074135
Control;1.0;0.0;0.0
Control;0.0533989320213595;0.6470588235294118;1.0826207228050773
Unknown;0.0343193136137277;0.5882352941176471;1.1000798421245006
Unknown;1.0;-0.0357142857142857;-0.0769382536178922
Unknown;0.1513169736605268;0.4245283018867924;0.704841692127012
Unknown;1.0;-0.074074074074074;-0.1637834754333501
Medium;0.0047999040019199;-0.4242424242424242;-0.8181293847051858
Unknown;1.0;0.0714285714285714;-0.0310098763577915
Unknown;0.0001999960000799;0.7170138888888888;1.7499899959698049
Unknown;0.6326673466530669;-0.2;-0.320015461345396
Unknown;0.8407031859362812;-0.125;-0.3944771791852593
Unknown;0.1355172896542069;-0.3522012578616352;-0.7695355742013182
Unknown;0.987460250794984;0.0173611111111111;0.090082497908657
Unknown;0.1777564448711025;0.2933333333333333;1.0431021117339738
Unknown;0.49695006099878;0.2745098039215686;0.3654557576139015
Unknown;0.1366372672546549;-0.2647352647352647;-0.5168246832373771
Unknown;0.249235015299694;0.1468253968253968;1.0112495363833642
Unknown;0.4193916121677566;-0.1634304207119741;-0.3513917960516934
Unknown;1.0;-0.0222222222222222;-0.1556997888323046
Unknown;0.0755184896302074;0.4987012987012987;0.844112565713084
Unknown;0.1070778584428311;0.3888888888888889;0.8668834248631563
Unknown;1.0;-0.0755555555555555;-0.2025478734167333
Low;0.2388752224955501;-0.325;-0.7277565730583472
Unknown;0.0015599688006239;-0.7549019607843137;-1.6564736718414763
Unknown;0.8567028659426812;0.1377777777777777;0.1621310894188524
Medium;1.0;-0.0149253731343283;-0.1284848911531465
Unknown;0.1034379312413751;-0.2831632653061224;-0.7445613251933967
Unknown;0.0207995840083198;0.25;1.7320508075688774
Unknown;0.6154676906461871;-0.1598173515981735;-0.2288868963563476
Unknown;0.5107097858042839;-0.1636363636363636;-0.3031579216095677
Unknown;0.0992780144397112;-0.4933333333333333;-0.9036519915598482
Unknown;0.1704365912681746;0.4201388888888889;0.7890534607899988
Low;0.1943161136777264;-0.3268765133171913;-0.6233063761159693
Unknown;0.377432451350973;-0.3061224489795918;-0.5122367477004715
Unknown;0.1054778904421911;0.3566666666666667;0.8303184440180663
Unknown;0.3040339193216135;0.2;0.5950865314596843
Unknown;0.0073998520029599;0.6121794871794872;1.4319643319327664
High;0.1120777584448311;0.4019230769230769;0.7303884994455518
Unknown;0.0542389152216955;-0.3644444444444444;-1.0992086185163616
Unknown;1.0;-0.0977777777777777;-0.0735836368185551
Low;0.5930281394372112;-0.1857142857142857;-0.3713095509243262
Unknown;1.0;-0.1;-0.3456073558887953
Low;0.0211595768084638;0.4627092846270928;0.9947580602835162
High;1.0;-0.019753086419753;0.0280524567083885
Unknown;0.8962620747585048;0.106060606060606;0.2441159178171545
Control;0.1383172336553269;0.3928571428571428;0.7203847503866586
Unknown;0.0030399392012159;-0.4747054747054747;-0.9393760688070708
Unknown;0.0463590728185436;-0.5204081632653061;-0.978920952149555
Unknown;0.0001199976000479;0.7671957671957672;2.4971917204683103
Unknown;0.984940301193976;-0.0488888888888888;-0.1241541710488402
Unknown;0.0567588648227035;0.5;1.0633763354378498
Medium;0.0080398392032159;0.6728395061728395;1.454829733556225
Unknown;0.0013599728005439;-0.6571969696969697;-1.1510563146425448
Medium;0.0869182616347673;-0.4591194968553459;-0.9249605164007808
Unknown;0.4482310353792924;0.2352941176470588;0.4376652436070717
Unknown;0.4688306233875322;0.1825396825396825;0.3794686026640297
Unknown;0.3939521209575808;0.3125;0.5265963864917909
Unknown;0.0139997200055998;0.5532467532467532;1.0920204841354035
Control;1.0;-0.0588235294117647;-0.2778594651131056
Unknown;1.0;-0.0068027210884353;-0.0770910925806703
Unknown;0.5694286114277715;-0.2066666666666666;-0.4103378827234332
Unknown;1.0;-0.025;-0.1679438245519263
Unknown;0.2551948961020779;0.3333333333333333;0.6938886664887108
Unknown;0.3916321673566528;0.2826086956521739;0.4668314799849574
Low;0.3764724705505889;0.1782608695652174;0.9357424349355828
Unknown;0.2101957960840783;0.3851851851851852;0.7456456505602713
Unknown;0.0587188256234875;0.5035460992907801;0.9304371494907244
Unknown;0.6152676946461071;0.1305970149253731;0.2785658342021281
Unknown;0.1118777624447511;-0.3308270676691729;-0.6889978328632054
Low;0.2065958680826383;0.2788461538461538;0.5831029903635607
Unknown;0.8900221995560089;-0.07875;-0.1708287389172705
Unknown;0.6047479050418991;0.2023809523809523;0.3080055118934062
Low;0.1478370432591348;-0.3777777777777777;-0.6758318540907411
Unknown;0.0615187696246075;0.5481481481481482;1.0966248760526416
Control;0.1528369432611347;-0.3143939393939394;-0.6188190874052472
Unknown;0.0005199896002079;-0.6474358974358975;-3.184927033739109
Unknown;1.0;-0.0673076923076923;0.0073274746131954
Unknown;0.2038759224815503;-0.2;-1.5329709716755886
Unknown;0.8480630387392252;0.015432098765432;0.1552623607478781
Low;1.0;-0.0303030303030303;-0.0623869564292033
Unknown;0.6088278234435311;0.1956521739130435;0.3230743748139454
Unknown;1.0;0.0259259259259259;-0.0230245718717579
Unknown;0.876022479550409;-0.1034482758620689;-0.2302277710024288
Unknown;0.0002799944001119;0.7719298245614035;2.570898026633651
Control;0.0007999840003199;0.6496212121212122;1.647504857729157
Unknown;1.0;0.0486111111111111;0.0379805355807476
Medium;0.5;0.25;1.0801234497346437
Unknown;0.0289594208115837;-0.6311111111111111;-1.197569901704192
Unknown;0.5049099018019639;0.217391304347826;0.4433278656567076
Unknown;0.2669146617067658;0.3181818181818182;0.7259477905925106
Medium;0.1955160896782064;-0.3061224489795918;-0.6972764715599662
Unknown;0.1959960800783984;0.2310077519379845;0.4267532279121447
Unknown;0.1616367672646547;-0.4666666666666667;-0.7234251192363421
Unknown;0.0761984760304793;-0.4893617021276595;-0.8397455834501704
Unknown;0.7276654466910661;-0.0571428571428571;-0.1999856285703833
Control;0.0397428404441846;0.7543859649122807;1.7678555606180102
Unknown;0.8011439771204576;0.1666666666666666;0.1997617427174776
Control;1.0;-0.0198019801980198;-0.1680997012964905
Medium;1.0;-0.0246913580246913;-0.1658441966017854
Unknown;0.8164636707265854;-0.0909090909090909;-0.3302891295379082
Unknown;0.6872262554748905;-0.1515151515151515;-0.2560240478413415
Unknown;0.4234715305693886;0.109375;0.6710943652414492
Unknown;0.6357072858542829;-0.17;-0.3518830147235803
High;0.0944781104377912;0.4509803921568627;0.8963991812649462
Low;0.6338273234535309;0.1709183673469387;0.3274262512516048
Unknown;0.4801103977920442;0.2407407407407407;0.4416834819100203
Low;1.0;0.0;
Unknown;0.7967040659186816;-0.1493055555555555;-0.3271022543084387
Unknown;1.0;-0.0681818181818181;-0.2625165823557251
Unknown;0.5223895522089558;0.1403508771929824;0.676641439923515
Unknown;0.7723045539089218;-0.1388888888888889;-0.2563792836378392
High;0.0256794864102717;-0.5555555555555556;-1.1666666666666663
Unknown;3.999920001599968e-05;-0.8764044943820225;-1.9601825806238231
Unknown;0.5087498250035;-0.2088888888888889;-0.4449023986560387
Unknown;0.4495510089798204;0.2121212121212121;0.585978849551084
Unknown;1.0;-0.027027027027027;-0.1743714581157289
Unknown;1.0;0.0;
Unknown;0.6956260874782504;-0.1743341404358353;-0.2268431963862508
Unknown;0.7006259874802504;-0.1105990783410138;-0.2253424385850244
Unknown;0.0115997680046399;0.5460992907801419;1.3928953153006975
High;3.999920001599968e-05;-0.85;-2.231702590826275
Unknown;0.1801163976720465;0.44;0.7554171177793504
Medium;0.1691966160676786;-0.1666666666666666;-0.7422225280584248
Control;0.3456730865382692;-0.246031746031746;-0.4716013733655393
Unknown;0.4239915201695966;0.1453900709219858;0.7713188419613026
Unknown;0.7815043699126017;-0.1555555555555555;-0.4478669393041166
Unknown;0.0943581128377432;-0.4455128205128205;-0.8289754850106704
Unknown;1.0;-0.0444444444444444;-0.2227384185558818
Unknown;0.3043939121217575;-0.2888888888888888;-0.6135324896823314
Unknown;1.0;0.0178571428571428;0.0219395960452585
Control;0.246195076098478;0.2633181126331811;0.473112605182069
Unknown;1.0;-0.0070921985815602;-0.0427063322841243
Unknown;1.0;-0.0177777777777777;-0.1197569901704193
Unknown;0.0033999320013599;-0.7346938775510204;-1.382783857409089
Unknown;0.0171996560068798;-0.565359477124183;-1.2067442385778109
Unknown;0.5777484450310993;-0.126953125;-0.3055050463303893
Medium;0.0997180056398872;0.3333333333333333;0.7385489458759964
Unknown;0.1691566168676626;0.382716049382716;0.4916321783740445
Unknown;0.1850362992740145;-0.3333333333333333;-0.6468226366926348
Unknown;0.7706245875082498;0.1006944444444444;0.2357022603955158
Unknown;0.4116317673646527;-0.2481481481481481;-0.4599040080083933
Unknown;0.2215555688886222;0.3733333333333333;0.7244441159319562
Unknown;0.5614287714245715;-0.2264150943396226;-0.3615588260784977
Unknown;0.7015059698806024;-0.2083333333333333;-0.4314792056040092
Unknown;1.0;-0.0977777777777777;-0.2025478734167332
Unknown;3.999920001599968e-05;0.611764705882353;1.8446543911585969
Unknown;0.0109197816043679;0.3703703703703703;0.9834754240871152
Medium;0.9159016819663608;0.0522243713733075;0.1890489529282631
High;0.0420391592168156;0.4821428571428571;1.0070563845070215
Unknown;0.8803423931521369;0.1733333333333333;0.2054717309083589
Unknown;0.3128337433251335;0.2660098522167488;0.5451963402245301
Unknown;1.0;-0.0588235294117647;-0.2499999999999999
Unknown;1.0;-0.0225563909774436;-0.038653847352787
Unknown;0.2225155496890062;-0.3641975308641975;-0.649972791363675
Unknown;0.1474770504589908;-0.3981481481481481;-0.7673740866506955
Unknown;0.3057538849223015;-0.2857142857142857;-0.6577636818983621
Unknown;0.0114397712045759;0.6063829787234043;1.382738251978152
Control;0.8933821323573529;-0.1014492753623188;-0.3503154258888813
Unknown;0.0240395192096158;0.5815602836879432;1.0931334274170077
Unknown;1.0;0.0064102564102564;-0.0056425243126253
Medium;0.7708245835083298;-0.1590909090909091;-0.4242247904570916
Unknown;0.9353412931741364;0.1014492753623188;-0.1034451548469065
High;0.9491010179796404;-0.1739130434782608;-0.2021460539635885
Unknown;0.0236795264094718;0.5370370370370371;1.1542944541260114
Unknown;1.0;-0.0444444444444444;-0.2250466503461923
Unknown;0.1635167296654067;0.4088050314465409;0.8229798476038579
Unknown;0.0981580368392632;-0.2376237623762376;-0.5852764650729967
Unknown;0.0087198256034879;0.6545454545454545;1.767286400721373
Unknown;0.9496210075798484;-0.1134751773049645;-0.2251879398612514
Unknown;1.0;-0.0888888888888888;-0.3259341380258032
Unknown;0.0001599968000639;-0.8533333333333334;-1.99826183106929
Unknown;0.4631107377852443;0.2256944444444444;0.4617207788738872
Unknown;0.4001919961600768;-0.2176870748299319;-0.4425887184085825
Unknown;0.752304953900922;-0.1383647798742138;-0.2617562977804576
Unknown;0.4438311233775324;0.2253086419753086;0.4963338238483136
Control;1.0;-0.0368663594470046;-0.0779750821413619
Unknown;0.9497810043799124;0.0622222222222222;0.1425393290199596
Unknown;0.9358612827743444;0.0738916256157635;0.133248146639954
Unknown;0.4053518929621407;-0.25;-0.6009252125773316
Unknown;0.1308373832523349;0.36;0.9646959613641702
Unknown;1.0;0.0208333333333333;0.050135161474624
Unknown;0.7081458370832583;-0.2;-0.4562456829074336
Medium;1.0;-0.0909090909090909;-0.3302891295379082
Unknown;0.0748385032299354;-0.5381944444444444;-0.8050801603615251
Low;3.999920001599968e-05;0.5425685425685426;2.775833924901717
Unknown;1.0;0.0073891625615763;0.0552754648184049
Unknown;0.4687106257874842;-0.2307692307692307;-0.5286570789840688
Unknown;0.3246335073298534;-0.2419354838709677;-0.5489699809915014
Unknown;0.3029539409211815;-0.2951388888888889;-0.5730187740937616
Unknown;0.6288674226515469;-0.1888888888888888;-0.2853213887305689
Unknown;0.2351552968940621;-0.3688888888888889;-0.7133763750064217
Unknown;0.8169836603267935;-0.0451127819548872;-0.1584336282955698
Unknown;0.6071478570428591;-0.1629629629629629;-0.2874858483623922
Unknown;0.8647827043459131;-0.0127659574468085;0.1602492259466144
Unknown;0.0170396592068158;0.5588235294117647;1.2950646120299831
Unknown;0.0600387992240155;-0.4238095238095238;-1.166359628892164
Unknown;0.9000619987600248;0.0592592592592592;0.1364960757942305
Unknown;0.3932321353572928;-0.2375;-0.4880935300919763
Unknown;0.0418791624167516;-0.453125;-0.8385076769374165
Low;0.2694346113077738;-0.293103448275862;-0.583136118317767
Unknown;0.9895002099958;0.0520833333333333;0.1109783958043366
Unknown;0.0165196696066078;0.5733333333333334;1.1069573427240589
Unknown;0.0325193496130077;-0.6;-1.0288250157467824
Unknown;0.0727985440291194;0.4301470588235294;0.7852536008421798
Unknown;0.7375852482950341;0.0806451612903225;0.1992695859063762
Low;0.0068398632027359;0.5407407407407407;1.592005891515697
Unknown;0.8103837923241535;-0.1555555555555555;-0.2649064714130087
Unknown;0.4688706225875482;0.2444444444444444;0.4554200340426489
Unknown;0.5267094658106838;-0.1768707482993197;-0.3213154466985592
Unknown;0.124517509649807;0.3844155844155844;0.7801946597705728
Unknown;0.6921461570768584;-0.1594202898550724;-0.2753800572577619
Unknown;0.1455570888582228;-0.3259259259259259;-0.5717830907126686
Unknown;0.0781984360312793;-0.5111111111111111;-0.9171518057092956
Unknown;0.4574708505829883;0.2028985507246377;0.5605563479828047
Unknown;0.9283414331713364;-0.1014492753623188;-0.1458230563173853
Control;0.0325193496130077;0.3484848484848485;0.7648680924472021
Unknown;1.0;-0.0434782608695652;-0.0224273883280796
Unknown;0.504989900201996;-0.1323529411764706;-0.3285839898589038
Unknown;0.0116797664046719;0.6711111111111111;1.454120149370413
Unknown;0.0011599768004639;-0.7777777777777778;-1.5946616763509465
Unknown;0.4309113817723645;-0.2444444444444444;-0.5935381889140295
Unknown;0.0054398912021759;-0.6808510638297872;-1.3847859374658604
Unknown;0.7141129032258065;-0.3103448275862069;-0.6458561330552779
Unknown;0.8067038659226815;0.1597222222222222;0.2527426770655654
Unknown;0.3038739225215495;-0.2553191489361702;-0.590627549199672
Medium;0.2274354512909741;-0.3113207547169811;-0.7580735485605116
Unknown;0.1631967360652787;0.3;0.5627314338711378
Unknown;0.0015999680006399;0.6785714285714286;1.5164442537077236
Unknown;0.8009439811203776;-0.1777777777777777;-0.4802401801501313
Unknown;0.8651026979460411;0.1376811594202898;0.1621361087813802
Unknown;0.2108357832843343;0.2031746031746031;0.5865943926426967
Unknown;0.8941421171576569;0.0486111111111111;0.1742808990558085
Low;0.7619047619047619;0.1451612903225806;0.2729967994368815
Unknown;1.0;-0.0416666666666666;-0.0895806416477618
Unknown;0.2116357672846543;-0.3253968253968254;-0.5845178296240274
Unknown;0.3587528249435011;-0.2551020408163265;-0.5178145113183563
Unknown;0.0002799944001119;0.5869565217391305;1.2490270813259348
High;1.0;-0.064516129032258;-0.2750265433645654
Unknown;0.7332653346933061;-0.1737588652482269;-0.2869904119292993
Control;0.0003999920001599;0.782967032967033;1.619172099907511
Unknown;1.0;0.0531914893617021;0.0385460217431879
Medium;1.0;-0.074074074074074;-0.2758034970507372
Unknown;0.5365892682146357;-0.1851851851851851;-0.3768153429442477
Unknown;1.0;0.0;
Low;0.9219015619687606;0.0675324675324675;0.1478947733293071
Unknown;0.4299914001719965;-0.2407407407407407;-0.5835752498756173
Low;3.999920001599968e-05;0.9540816326530612;4.425023345475764
Unknown;0.5398292034159317;-0.196078431372549;-0.372655941034899
Unknown;0.0582788344233115;0.5;0.9696015787204268
Unknown;0.2772744545109097;0.3333333333333333;0.5460348942645717
Unknown;1.0;-0.0035460992907801;-0.0092646339770601
Unknown;0.0235195296094078;-0.5957446808510638;-1.1173995114105928
Unknown;0.881662366752665;0.0507246376811594;0.2145646105941146
Unknown;1.0;-0.1066666666666666;-0.0574662821227488
Control;0.2145557088858223;0.4629629629629629;0.6857625465642393
Unknown;0.7272254554908901;-0.1555555555555555;-0.3252573592200121
Unknown;0.492990140197196;-0.1865384615384615;-0.4080612023089081
Unknown;1.0;0.0;
Control;0.3511129777404452;0.266304347826087;0.7152953686896947
Unknown;0.9231415371692566;-0.1111111111111111;-0.3673154433462264
Unknown;0.3547129057418852;0.2444444444444444;0.5344429926530121
Medium;0.8423431531369373;-0.110062893081761;-0.2868644978333436
Unknown;0.0147197056058878;0.565359477124183;1.211131808363422
Low;0.4761104777904442;-0.1558441558441558;-0.4487745552040594
Unknown;0.0193996120077598;-0.5833333333333334;-1.085143415353039
Unknown;0.3211935761284774;-0.15;-0.440587842613506
Unknown;0.1049579008419831;-0.3687943262411347;-0.7753380194989001
Unknown;0.5290294194116117;-0.1714285714285714;-0.3317622952295699
Medium;1.0;0.0;0.0
High;0.4898702025959481;-0.196078431372549;-0.5175079157368618
Unknown;0.0016799664006719;0.7364341085271318;1.5147432274885977
Control;1.0;-0.0573770491803278;-0.1659516499599221
Unknown;0.6045479090418192;0.1071428571428571;0.5013717446901313
Unknown;0.0133997320053598;-0.5639097744360902;-1.1725713640993434
Unknown;0.49915001699966;0.2083333333333333;0.5575704743085071
Unknown;0.2021559568808623;0.3013698630136986;0.5791125618443421
Unknown;1.0;0.0185185185185185;0.0607012783562189
Unknown;0.4055118897622047;-0.2109375;-0.4230570561133246
High;0.2187956240875182;-0.3055555555555556;-0.6164806876155976
Medium;0.4427111457770845;0.2875816993464052;0.4867902433835049
Unknown;0.1587168256634867;0.4210526315789473;0.8828477584718009
Unknown;0.6671066578668426;-0.2;-0.4146829137841422
Unknown;0.0325593488130237;-0.4931972789115646;-1.1583053059306232
Unknown;0.0022399552008959;0.7116402116402116;1.4350424405410929
Unknown;0.9341013179736404;0.1130434782608695;0.1941940391712371
Unknown;0.0132797344053118;0.5961538461538461;1.423616391832569
Unknown;0.5950680986380272;-0.1512345679012345;-0.3314796046302213
High;1.0;0.0;
Unknown;0.0073598528029439;0.6333333333333333;1.5659104290150547
Unknown;0.6565068698626028;-0.1702127659574468;-0.3489467667552032
Unknown;0.1428371432571348;0.48;0.8574966743073048
Unknown;1.0;-0.0754716981132075;-0.2962998616422921
Unknown;0.6141877162456751;-0.1479591836734693;-0.3177758740866833
Unknown;0.1413571728565428;0.4822695035460992;0.7815519084339463
Unknown;0.2293554128917421;-0.3822222222222222;-0.7133763750064215
Control;0.3430731385372292;0.3272727272727272;0.7617457274331693
Unknown;0.0001199976000479;0.8064516129032258;2.1219538571898804
Unknown;0.0075998480030399;0.5680272108843537;1.3057991209468691
Unknown;0.8485830283394332;0.1259259259259259;0.2333333333333333
Unknown;0.3246335073298534;-0.3007246376811594;-0.5867308422229267
Unknown;1.0;0.0217391304347826;0.0139756978248874
Unknown;0.962072155411656;0.2333333333333333;0.5132649025747364
Low;1.0;0.0;
Unknown;0.7931841363172737;-0.1521739130434782;-0.4416953252097556
Medium;0.4016719665606688;0.1474358974358974;0.8191554642125286
Unknown;0.0090398192036159;-0.3577981651376147;-0.6928905387997727
Unknown;0.4152316953660926;0.1283292978208232;0.4284466801518682
Unknown;0.2509149817003659;-0.2291666666666666;-0.6400295591220116
Unknown;0.5420291594168116;0.2195767195767195;0.3502710371041052
Unknown;0.0368392632147357;0.564625850340136;1.030617191156774
Unknown;0.7976640467190657;0.0837209302325581;0.2175831857833256
Unknown;0.0069598608027839;0.6437908496732027;1.3683865935692707
Unknown;1.0;-0.0123152709359605;-0.0336057731611784
Unknown;0.0691986160276794;0.3890577507598784;0.8373262364977146
Unknown;0.9565408691826164;-0.0886699507389162;-0.1748754545845674
Unknown;1.0;-0.0638297872340425;-0.272000967116269
Unknown;1.0;0.0325814536340852;0.0213505288202005
Unknown;0.0080398392032159;0.6190476190476191;1.3619525185042325
Unknown;0.9244615107697846;0.0354609929078014;0.1506916721011119
Unknown;0.1062778744425111;0.4782608695652174;0.8869013869814523
Unknown;1.0;0.0444444444444444;0.039610657185461
Unknown;0.9297814043719126;0.0938271604938271;0.1142799921132918
Unknown;0.9459010819783604;0.0013071895424836;0.114413357046763
Unknown;1.0;-0.06;-0.1277015751965978
Unknown;0.9173816523669528;-0.1428571428571428;-0.1391769099681711
Unknown;0.0555988880222395;-0.5181159420289855;-0.9622629093210502
Unknown;0.5219895602087958;-0.2533333333333333;-0.4388299183352705
Unknown;0.0268394632107357;0.6370370370370371;1.2347664673998244
Unknown;0.7066258674826503;-0.1076388888888889;-0.2961100461319909
Unknown;1.0;0.082010582010582;0.1143308398568399
Unknown;0.2383952320953581;0.3265306122448979;0.6163094852738632
Low;1.0;-0.0425531914893617;-0.2196063531745152
Medium;0.3540329193416132;0.2755102040816326;0.5304605430488412
Control;1.0;-0.0294117647058823;-0.099221029360983
Unknown;0.0907981840363192;0.4311111111111111;0.9932333683907214
Unknown;1.0;-0.0045454545454545;0.0063663583482372
Unknown;0.1465970680586388;0.2627551020408163;0.7186112414943955
Unknown;1.0;-0.0024630541871921;0.0467184819626032
Unknown;0.5643487130257395;0.1100702576112412;0.5352020404348523
Unknown;0.2128757424851503;0.3576388888888889;0.6731256247629889
Unknown;0.1434371312573748;-0.5111111111111111;-0.9586048011615912
Unknown;0.2649147017059658;0.3469387755102041;0.6499395364130649
Unknown;0.0325993480130397;-0.4791666666666667;-1.007885575516057
Unknown;0.8541029179416412;-0.1228070175438596;-0.2055070757243396
Unknown;0.0010399792004159;-0.7555555555555555;-1.5538825291993328
Unknown;0.998860022799544;0.0869565217391304;0.146681186867106
Unknown;0.1352772944541109;0.4355555555555555;0.8728715609439696
Unknown;0.0404391912161756;0.463768115942029;1.1140337905692856
Unknown;0.6747065058698826;-0.1377551020408163;-0.2362546931879997
Unknown;0.1099978000439991;0.328125;0.7182594676909244
Unknown;0.9515809683806324;-0.0608465608465608;-0.1651438212822637
Unknown;0.0091598168036639;-0.6493055555555556;-1.1760989095539676
Unknown;0.5523889522209556;-0.2444444444444444;-0.3799777060437093
Low;1.0;-0.0333333333333333;-0.1976877835631603
Unknown;0.1789564208715825;0.3688311688311688;0.6962191904793702
Medium;0.4333113337733245;-0.24;-0.5454823740581938
Low;0.4886702265954681;-0.1529411764705882;-0.442068814327936
Unknown;1.0;-0.075;-0.1835734556802979
Unknown;0.9488610227795444;0.0972222222222222;0.1711118911101132
Unknown;0.0569588608227835;-0.4716981132075472;-0.8829257543449556
Unknown;1.0;0.0044444444444444;0.077684549320995
Medium;0.7575048499030019;0.0913043478260869;0.1749729690669555
Medium;0.5733885322293554;-0.2156862745098039;-0.4281036641996512
Unknown;0.4810303793924121;0.1633333333333333;0.3959823988086061
Unknown;0.3164736705265895;0.1806818181818182;0.4086346745464259
Unknown;0.0934381312373752;0.4916666666666666;0.7363115546316584
High;0.5839883202335954;-0.2;-0.5217491947499509
Control;1.0;0.0031347962382445;-0.0027687547379298
Unknown;0.0159996800063998;0.4565217391304347;1.7473325003547269
Unknown;0.2009959800803984;0.38;0.6512112460304426
Unknown;0.0056798864022719;0.6610644257703081;1.2781502655740036
Unknown;1.0;0.0;
Unknown;0.1052378952420951;0.4217687074829932;0.9523778359460354
Low;0.0673586528269434;-0.46;-0.959166304662544
Unknown;0.0189596208075838;0.574468085106383;1.2103278964897393
Unknown;0.4536709265814683;0.2604651162790697;0.528739909097912
Unknown;0.2424242424242424;-0.6744186046511628;-1.439245834257849
Unknown;0.0186796264074718;0.6666666666666666;1.433954287834307
Unknown;0.0938781224375512;-0.434640522875817;-0.7894148030185781
Unknown;0.507709845803084;-0.1318681318681318;-0.2948306357309578
Medium;0.2099158016839663;-0.2962962962962963;-0.6545522248115724
Unknown;0.3053938921221575;-0.3333333333333333;-0.5488060848896277
Unknown;0.121477570448591;-0.4666666666666667;-0.7966873563711511
Unknown;0.3832752613240418;0.4102564102564102;0.91153664695785
Low;0.1060778784424311;-0.2606790799561884;-0.5600306573624082
Unknown;0.0304393912121757;-0.4213075060532688;-1.0106970686333654
Unknown;0.8271834563308734;-0.1533333333333333;-0.2399802493518985
Unknown;0.0182396352072958;0.5333333333333333;1.8475208614068024
Unknown;1.0;-0.041871921182266;0.0104588535892787
Unknown;0.6808663826723466;-0.1688888888888889;-0.3032392174315614
Unknown;0.0279594408111837;-0.4611872146118721;-0.7923813927616371
Unknown;1.0;-0.0666666666666666;-0.1311651671567905
Unknown;0.1382372352552948;0.3659420289855072;0.7863927643724772
Unknown;0.4406311873762524;0.144927536231884;0.761386987626881
Medium;1.0;-0.0158730158730158;-0.1319436022825954
Unknown;0.1487570248595028;0.5306122448979592;0.8255132861731863
Unknown;0.9401411971760564;0.0566666666666666;0.1172257873704289
Unknown;0.3161136777264455;0.1028368794326241;0.5131579844660674
Unknown;0.0029999400011999;0.6777777777777778;1.5604388245469205
Unknown;0.5672686546269075;-0.2108843537414966;-0.4163394843102309
Unknown;0.1347173056538869;-0.4320987654320987;-0.7774204252306451
Unknown;1.0;0.0217391304347826;0.013039283687745
Unknown;1.0;-0.0072463768115942;-0.0187827958058961
Unknown;0.5099898002039959;-0.2371794871794871;-0.4857231506587723
Unknown;0.5488290234195317;0.2610062893081761;0.4026196300307847
Control;0.0011599768004639;0.7225274725274725;1.5088757746504278
Low;0.0125197496050079;-0.4583333333333333;-0.9214565985072478
Unknown;0.3228335433291334;-0.2973856209150327;-0.5796528219121795
Unknown;0.6458670826583468;0.1510416666666666;0.2687419249432848
Unknown;0.6373472530549389;-0.1738095238095238;-0.3766645357001203
Unknown;0.0456390872182556;-0.3625;-0.7863729095926286
High;0.8683426331473371;0.0625;0.09832622398428
Low;0.0193196136077278;0.3333333333333333;2.1213203435596424
Unknown;0.0443191136177276;-0.4384615384615384;-0.8355693596661388
Unknown;0.880862382752345;-0.0950704225352112;-0.1961505047833115
Unknown;0.6333473330533389;0.1896551724137931;0.304716727510826
Unknown;0.627587448251035;-0.1794871794871795;-0.3091353008074
Unknown;0.992020159596808;0.0555555555555555;0.1111905145678217
Unknown;0.3355532889342213;-0.2977777777777777;-0.52339591628063
Unknown;1.0;-0.0596153846153846;-0.153856821817506
Unknown;0.2348353032939341;-0.2836879432624113;-0.6211052354015292
Unknown;0.0418791624167516;0.42;1.3560674463015912
Control;0.2723945521089578;-0.3581395348837209;-0.6792060761750318
Control;0.993660126797464;0.0119047619047619;0.1101854512654856
Unknown;0.7116257674846503;-0.1505968778696051;-0.2142360363635709
Low;1.0;-0.03125;-0.1767766952966368
Low;1.0;-0.0680272108843537;-0.2112387490961056
Unknown;1.0;0.1111111111111111;0.0507211249160768
Unknown;0.1648367032659347;0.4311111111111111;0.762744746604508
Unknown;0.9207815843683126;0.1185185185185185;0.1684486709930344
Unknown;0.8892622147557049;0.1041666666666666;0.1314737907219665
Unknown;0.0823983520329593;0.4207792207792207;0.8593771445397215
Unknown;0.9168616627667446;0.0524835988753514;0.1025465155624598
Unknown;0.0415591688166236;-0.5688888888888889;-1.1575210894250556
Unknown;0.0845583088338233;-0.3822222222222222;-0.9258200997725514
Unknown;0.6659866802663946;-0.2;-0.3135889618628102
Unknown;0.74362512749745;-0.1;-0.3496029493900505
Unknown;0.0044399112017759;-0.7555555555555555;-1.462196479831632
Unknown;0.9069418611627768;0.0927419354838709;0.1838129087976817
Medium;0.996260074798504;0.1111111111111111;0.306381676672686
Unknown;1.0;0.0576036866359447;0.1172117664478329
Unknown;1.0;-0.0933333333333333;-0.2121320343559642
Unknown;0.7885442291154177;-0.0686274509803921;-0.2735353001411929
High;0.0172396552068958;-0.5254237288135594;-1.0391285089579083
Medium;0.0727985440291194;-0.4528301886792453;-0.9132127803988592
Unknown;0.2101557968840623;-0.2962962962962963;-0.6018321426738127
Low;1.0;0.0;
Unknown;0.8905821883562329;-0.0888888888888888;-0.185186703656065
Unknown;0.4287514249715006;0.3155555555555555;0.4863408645460881
Unknown;0.2610747785044299;0.1666666666666666;1.2110601416389966
Low;0.4036719265614688;-0.25;-0.5764326952451694
Unknown;1.0;0.0;
Unknown;0.2805943881122377;0.2401185770750988;0.4487555713917154
Unknown;0.0068398632027359;0.5138888888888888;1.09402050924164
Unknown;0.0494390112197756;0.4603174603174603;1.0211571891276658
Unknown;0.1543569128617427;-0.3725490196078431;-0.7435889722517208
Medium;0.0191996160076798;0.7333333333333333;1.5460024116378743
Unknown;0.0001199976000479;0.7634615384615384;1.518750527769836
Control;1.0;0.0164609053497942;-0.0247924311245846
Unknown;0.8559828803423931;-0.0884353741496598;-0.2185125802963017
Unknown;0.5562688746225075;-0.1309523809523809;-0.3153040690822282
Unknown;0.9384212315753684;0.1020408163265306;0.1828725132058738
Unknown;0.0300393992120157;0.3475274725274725;0.7702186899618586
Unknown;0.2613147737045259;0.4311111111111111;0.745958926896495
Unknown;0.1369172616547669;-0.4523809523809524;-0.7534553366335844
Unknown;0.0063598728025439;0.6013824884792627;1.280382347005649
Unknown;0.6407071858562828;0.2777777777777778;0.2892837736803117
Unknown;0.6410671786564268;-0.1496212121212121;-0.3412232762247126
Unknown;0.0033999320013599;0.6892230576441103;1.3227372470834085
Medium;0.6889062218755625;-0.1269841269841269;-0.3188304882605011
Unknown;0.5453090938181236;-0.2083333333333333;-0.5339360629309896
Unknown;0.366352672946541;0.1382488479262673;0.4874724468205904
Unknown;0.380112397752045;0.2943262411347517;0.4655209515382023
Unknown;1.0;0.0074074074074074;0.0
Unknown;0.0035599288014239;-0.6597222222222222;-1.5192007814942543
Unknown;1.0;-0.0072463768115942;-0.0639482402664809
Unknown;1.0;-0.0204081632653061;-0.0829184989234173
Unknown;0.8171836563268735;0.125;0.3068155838107573
Unknown;1.0;-0.06;-0.105409255338946
Unknown;0.0419991600167996;-0.5106382978723404;-0.9412269172600728
Unknown;0.6127077458450831;-0.1524822695035461;-0.3204695653699458
Unknown;1.0;0.1162790697674418;0.2078724432511516
Unknown;0.4835903281934361;-0.1638176638176638;-0.3795251323960654
High;1.0;0.0075757575757575;0.0202475203051568
Control;0.1807163856722865;0.2321428571428571;0.8776377711686915
High;0.1046779064418711;-0.3176638176638177;-0.6337010221763768
Unknown;0.5529089418211636;-0.2210144927536232;-0.4277477745005509
Low;1.0;-0.0220125786163522;0.0041771033794652
Unknown;0.371192576148477;-0.2857142857142857;-0.5132717399207724
Unknown;0.4404711905761885;0.144927536231884;0.761386987626881
Unknown;1.0;-0.0178571428571428;-0.140730930520603
Unknown;0.1785564288714225;-0.3653846153846153;-0.6643790992475895
Low;0.1068378632427351;-0.360655737704918;-0.7812429066512785
Unknown;0.5793484130317393;-0.1521739130434782;-0.394521265024748
Unknown;0.7901841963160737;-0.0605326876513317;-0.2753813709045972
Unknown;0.5647087058258835;0.2585034013605442;0.3346139333554317
Low;1.0;-0.0103092783505154;-0.106691899936347
Unknown;1.0;-0.0266666666666666;-0.0781837768391916
Unknown;0.0063198736025279;-0.4328671328671328;-0.8161511033901379
Unknown;0.7020259594808104;-0.1267806267806268;-0.2718824634287286
High;1.0;0.3333333333333333;0.5773502691896256
Unknown;0.1743165136697266;0.25;1.914854215512676
Unknown;1.0;-0.0390070921985815;-0.0886355357791549
Unknown;1.0;-0.108695652173913;-0.360422751661385
Unknown;0.4051118977620447;0.2045454545454545;0.5863747515029584
Unknown;0.0766384672306553;0.3830645161290322;0.8679296687821969
Unknown;0.0340793184136317;0.5972222222222222;1.087114613009218
Unknown;1.0;0.0108695652173913;0.0332170007324841
Control;0.6643867122657546;-0.1376811594202898;-0.3557217163591082
Unknown;0.0905981880362392;-0.4465408805031446;-0.8812776621484922
Medium;0.5914681706365873;0.1700680272108843;0.4369968157724637
Unknown;0.0240395192096158;-0.56;-1.006490564195191
Unknown;0.511389772204556;0.2313432835820895;0.3133095784889637
Unknown;1.0;-0.0444444444444444;-0.2250466503461923
Unknown;1.0;-0.0210772833723653;0.017547996290753
Unknown;0.6031479370412591;0.125;0.5435573065046089
Unknown;1.0;-0.0212765957446808;-0.1535879851915169
Medium;0.24027519449611;-0.3529411764705882;-0.8208512602438095
Unknown;0.8215835683286334;0.0925925925925925;0.1957339825527529
Unknown;0.4739905201895962;-0.1633333333333333;-0.2961066087541905
Low;0.0493990120197596;0.4583333333333333;1.0631820865390142
Unknown;0.116677666446671;-0.4711111111111111;-0.8581783046019166
Unknown;0.2131557368852623;-0.3333333333333333;-0.7343130710225099
Unknown;0.8452630947381052;-0.0909090909090909;-0.1931218198341068
High;0.0267594648107037;-0.5740740740740741;-1.1707436584096482
Unknown;0.0620787584248315;-0.4895833333333333;-0.8446875234138147
Unknown;0.4417111657766844;-0.2256944444444444;-0.4240430739653233
Unknown;0.1629967400651987;0.3076923076923077;0.8044353571910461
Unknown;0.5995880082398352;-0.1888888888888888;-0.3818117421399505
Unknown;0.3343133137337253;-0.2884615384615384;-0.5549849704044646
Unknown;0.0150796984060318;-0.3135593220338983;-0.656707455917777
Unknown;0.4216315673686526;-0.2236842105263158;-0.4479300890968683
Unknown;0.98130037399252;0.04;0.0939192576233799
Unknown;1.0;-0.0158730158730158;-0.1319436022825954
Unknown;0.5189096218075638;-0.2156862745098039;-0.544581148637171
Unknown;0.627227455450891;-0.1884057971014492;-0.3524930313608269
Unknown;0.0438791224175516;-0.3911111111111111;-1.549193338482967
Unknown;0.505909881802364;-0.1301204819277108;-0.3143248181533003
High;0.1016779664406711;-0.3684210526315789;-0.7965569182278239
Unknown;1.0;0.0;
Unknown;1.0;0.0151515151515151;0.0387610519655745
Control;1.0;0.0422535211267605;0.0738590176143485
Low;0.1963560728785424;-0.3488372093023256;-0.7349703241564789
Unknown;7.999840003199936e-05;0.8155844155844156;2.116628881104103
Unknown;0.0007199856002879;0.6685606060606061;2.012877556691944
Unknown;0.6513869722605548;0.1950354609929078;0.3471151575069133
Low;0.0961580768384632;-0.425531914893617;-0.8647000156246539
Unknown;1.0;0.0606617647058823;0.0134294662030469
Unknown;0.3827123457530849;-0.2814814814814815;-0.5605816456794529
Medium;1.0;-0.0701754385964912;-0.2865170544821075
Control;0.0001599968000639;0.7792792792792793;3.0226221247406664
Unknown;0.6080278394432111;0.125;0.5435573065046089
Unknown;0.3966720665586688;-0.2355072463768115;-0.4472946750082996
Unknown;0.8963420731585369;-0.1147540983606557;-0.3745063538946545
Unknown;0.7685446291074178;-0.1428571428571428;-0.2292445865261851
Unknown;0.8964620707585849;0.1025641025641025;0.2361419217744233
Unknown;0.2763544729105417;0.3666666666666666;0.5462198864775625
Unknown;0.1366372672546549;-0.4444444444444444;-0.8350787652461622
Unknown;0.0096798064038719;0.6086956521739131;1.504983445608956
Unknown;0.2789544209115818;0.2136752136752136;0.6430934043231052
Unknown;0.4374712505749885;-0.2361111111111111;-0.4640268429445485
Unknown;1.0;-0.0264550264550264;-0.0980061712608425
Medium;0.2691946161076778;-0.3333333333333333;-0.6711560552140243
Unknown;0.883142337153257;0.0746987951807229;0.1569361353702471
Unknown;0.0008399832003359;0.7454545454545455;1.591313707251971
Medium;0.0726785464290714;-0.3611111111111111;-0.6758815391080918
Unknown;0.0079598408031839;-0.5357142857142857;-0.977486292515038
Unknown;0.0145597088058238;-0.5296296296296297;-1.2347664673998249
Unknown;0.5273494530109398;-0.2444444444444444;-0.3871371282309814
High;0.8009839803203936;-0.1292517006802721;-0.2971728256615808
High;1.0;-0.1666666666666666;-0.5163977794943221
Unknown;0.4488710225795484;-0.173469387755102;-0.3908032720997359
Unknown;0.0437191256174876;-0.5188679245283019;-1.0523312250199903
Unknown;0.0097598048039039;-0.5939849624060151;-1.0912280377595844
Unknown;1.0;0.0037037037037037;0.0123892835050905
Unknown;0.2036759264814703;0.3877551020408163;0.644433695006874
High;0.6937861242775144;0.1347826086956521;0.4969567004614477
Unknown;0.874662506749865;0.0224358974358974;0.2046152971729685
Low;0.2258754824903502;-0.3777777777777777;-0.8047478161629564
Unknown;0.1108377832443351;-0.3409436834094368;-0.6332523741635595
Unknown;0.2774344513109738;-0.3185185185185185;-0.5975054396868478
High;1.0;-0.0597014925373134;-0.2630169574840917
Unknown;0.0840383192336153;-0.4411764705882353;-0.9074061336904536
Unknown;0.8650226995460091;-0.1038961038961039;-0.2060005024485894
Unknown;0.3029539409211815;-0.4235588972431077;-0.4925404054655466
Unknown;0.0587588248235035;0.5534591194968553;1.040970321852502
Unknown;0.3555928881422371;-0.3265306122448979;-0.491346800949879
Control;0.0022799544009119;0.8095238095238095;1.8774030876227068
Unknown;1.0;-0.0535714285714285;-0.2462659137386694
Unknown;1.0;-0.0192307692307692;-0.146605636554954
Unknown;0.2999140017199656;-0.3114754098360656;-0.6164992174957716
Unknown;0.0517189656206875;-0.4110275689223057;-0.7870147381856767
Unknown;0.1507569848603027;-0.3777777777777777;-0.8130873945100311
Unknown;0.2636347273054539;-0.3431372549019608;-0.5962774189383306
Unknown;0.6531069378612427;0.0277777777777777;0.2533723166886974
Unknown;0.374859287054409;0.3245614035087719;0.7233773201988014
Unknown;1.0;-0.0921985815602836;-0.020492262216512
Unknown;0.3525529489410212;0.2857142857142857;0.5207624516338668
Unknown;0.7101057978840423;-0.103395061728395;-0.2360358452056434
Unknown;0.5207895842083158;-0.2518518518518518;-0.3738945964916245
Unknown;0.2178356432871342;-0.3611111111111111;-0.669149605118206
Unknown;0.8943021139577209;-0.1590909090909091;-0.3865679269275488
Unknown;0.2111157776844463;-0.2569444444444444;-0.5069231064343143
Unknown;1.0;0.0151515151515151;0.131340404599205
Unknown;0.6049479010419792;0.202127659574468;0.3493248766750736
Unknown;0.0079598408031839;0.6977777777777778;1.560065004062782
Unknown;0.5267494650106997;-0.1733333333333333;-0.4245349044041858
Low;0.1483170336593268;-0.3333333333333333;-0.7391185942027817
Unknown;0.1414771704565908;0.4487179487179487;0.755248040845043
Unknown;0.0636387272254555;-0.3919753086419753;-0.7330859199209835
Unknown;0.4159916801663966;-0.2450980392156862;-0.4369487152165634
Unknown;0.0595588088238235;0.3173076923076923;0.6532662298709225
Unknown;1.0;-0.0266666666666666;-0.1443375672974065
Unknown;1.0;-0.0673758865248227;-0.125823430786909
Unknown;0.4089918201635967;0.2555555555555555;0.4497045257548031
Control;0.0914381712365752;-0.5652173913043478;-1.0669301387385286
Unknown;0.1603567928641427;0.2692307692307692;0.7190729493208726
Unknown;0.4021119577608448;-0.3532467532467532;-0.4247700945921477
Low;0.243915121697566;-0.3191489361702128;-0.7131925525559536
Unknown;0.0182396352072958;-0.59;-1.0596461475836412
High;0.0307993840123197;-0.4761904761904761;-0.8951698519286432
Unknown;0.8591028179436411;-0.2;-0.1589243895713756
Control;0.0001199976000479;0.8646616541353384;2.0525690173631554
Low;0.6892262154756905;0.0666666666666666;0.3385555833846722
Unknown;1.0;0.0641025641025641;0.1235941124698371
Control;0.3528329433411332;-0.2333333333333333;-0.4823222781256664
Control;3.999920001599968e-05;0.7841444270015698;2.2291678043928145
Unknown;0.251954960900782;-0.2333333333333333;-0.5602332490542037
Unknown;1.0;-0.0392156862745098;-0.077946582378585
Unknown;0.1800363992720145;-0.3103448275862069;-0.6764247159369791
Unknown;0.9055418891622168;-0.0401234567901234;-0.1429577819276435
Low;1.0;-0.078125;-0.3044514377796592
Unknown;0.124517509649807;0.36;0.96469596136417
Unknown;0.5516289674206516;0.2391304347826087;0.3486845123655325
Unknown;0.4478710425791484;0.3079710144927536;0.4664542668438126
Unknown;0.0271194576108477;-0.5177304964539007;-1.053222878737633
Unknown;0.1687566248675026;0.4021164021164021;0.6315978103198746
Unknown;0.0375192496150077;-0.52;-0.9638094061735296
Medium;1.0;-0.0321428571428571;-0.1132049188879355
Unknown;0.4311113777724445;-0.2096774193548387;-0.5354454010309432
Low;1.0;-0.0363636363636363;-0.2028949994184732
Unknown;0.981540369192616;0.132716049382716;0.0667761310852569
Unknown;1.0;0.0347222222222222;-0.0608754078373316
Unknown;1.0;-0.0961538461538461;-0.3384764168728018
Unknown;0.6551468970620588;-0.1320754716981132;-0.3217544331504193
Unknown;1.0;-0.0612244897959183;-0.2008579481721232
Control;0.874422511549769;0.1111111111111111;0.2576735608413086
Unknown;1.0;0.048828125;0.0500285959417143
Unknown;0.1749965000699986;0.3546099290780142;0.6677239045700599
Unknown;0.0265194696106077;-0.6311111111111111;-1.1547005383792512
Unknown;0.0593588128237435;0.2681704260651629;1.3598958190943609
Unknown;0.4007519849603008;-0.2653061224489796;-0.4830755150031077
Unknown;0.7628247435051299;0.1333333333333333;0.1780495443565602
Unknown;0.7121057578848423;0.1205673758865248;0.226566028086183
Unknown;0.117877642447151;-0.2795698924731182;-0.5440297434973427
Unknown;0.4077518449631007;-0.2633333333333333;-0.5239319230521235
Unknown;0.3468730625387492;0.1904761904761904;0.3788916353327938
Unknown;0.7321053578928421;-0.1275510204081632;-0.1969103547866793
Control;0.2002359952800944;0.4021739130434782;0.6695761377172684
Unknown;1.0;0.0545454545454545;-0.0396049103695124
Unknown;0.0230795384092318;-0.3977272727272727;-0.7565406546108374
Unknown;0.6947461050778985;-0.144927536231884;-0.3303360556061336
Unknown;0.753904921901562;0.0434782608695652;0.2882538466923633
Unknown;0.9796204075918482;-0.12;-0.3837612894400988
Low;1.0;-0.0306122448979591;-0.1856853650124496
Unknown;0.0017599648007039;-0.5360824742268041;-0.9968936551290484
Unknown;1.0;0.0518518518518518;0.0549463413822982
Unknown;0.0001199976000479;0.7367424242424242;2.3943559652873336
Unknown;0.9109417811643769;-0.1274509803921568;-0.2796801529712144
High;0.991260174796504;0.0054945054945054;0.1022386100574892
Unknown;0.7724645507089858;0.1041666666666666;0.3933978962347215
Unknown;0.5102697946041079;0.2261904761904762;0.4204874996332874
Unknown;0.752744945101098;0.1629629629629629;0.2636352520041483
Unknown;1.0;-0.0035211267605633;-0.0302522790248015
Unknown;1.0;-0.0069444444444444;0.0
Unknown;0.3053938921221575;0.2557692307692307;0.5224937861305397
Unknown;0.3536329273414532;0.2851851851851852;0.488733759934043
Unknown;0.994860102797944;-0.0030864197530864;-0.1310922773666899
Unknown;0.2108357832843343;0.3777777777777777;0.7090789496884796
Unknown;0.3299534009319813;0.2779220779220779;0.556664092135184
Medium;1.0;-0.0172413793103448;-0.1380444180074395
Unknown;1.0;-0.0541044776119402;-0.1411499987996973
Unknown;0.4432711345773084;-0.146417445482866;-0.32692913950127
Unknown;0.9565408691826164;-0.0905797101449275;-0.1440808518125712
Unknown;0.2580348393032139;-0.3782051282051282;-0.5881670631722808
High;0.2624347513049739;-0.2388059701492537;-0.5540482833873458
Low;0.621467570648587;0.2551724137931034;0.4447432263856746
Unknown;0.9391812163756724;-0.0827067669172932;-0.1288713871989779
Unknown;0.7787044259114818;-0.1123188405797101;-0.3090530316956948
Unknown;0.121957560848783;0.4468085106382978;0.7973260573409578
Unknown;0.4724305513889722;-0.2176870748299319;-0.4240254411705775
Unknown;1.0;-0.03125;-0.0585205735980652
High;0.6977860442791144;0.1777777777777777;0.4110679964309665
Unknown;0.5479890402191956;-0.191358024691358;-0.3590109871423002
Low;0.0966780664386712;-0.3994708994708995;-0.7152355217170897
Unknown;0.0491190176196476;-0.4566326530612244;-0.8775309652269031
Unknown;0.4033919321613567;-0.2571428571428571;-0.414392011109054
Low;0.0039599208015839;-0.4274193548387097;-0.8406502281099695
Medium;1.0;0.05;0.2564945880212887
Unknown;1.0;-0.0333333333333333;-0.0869048189253482
Unknown;0.0097998040039199;-0.5883777239709443;-1.0737910227068703
Unknown;1.0;-0.131578947368421;-0.3519076715388934
Unknown;0.244155116897662;-0.3191489361702128;-0.612523755636471
Low;1.0;-0.0476190476190476;-0.2340126166724879
Unknown;0.8570228595428091;0.0952380952380952;0.3395411912439762
Unknown;0.0277594448111037;-0.4211764705882353;-0.7786039402866574
Unknown;0.0309193816123677;-0.5266666666666666;-1.0759393609567236
Unknown;0.0934781304373912;-0.4666666666666667;-0.7981720689709664
Control;0.0807583848323033;0.5666666666666667;0.9507932583568588
Medium;1.0;-0.0232558139534883;-0.1613206844569708
Control;0.2325581395348837;0.6829268292682927;1.4675987714106855
Unknown;0.0211195776084478;0.6319444444444444;1.2266334536566454
Unknown;0.7060258794824104;-0.1555555555555555;-0.3079201435678003
Unknown;0.1946361072778544;-0.3866666666666666;-0.8593378488473195
Control;1.0;-0.0300751879699248;-0.1237100763025648
Unknown;0.3467930641387172;0.1792452830188679;0.5507454010074273
Unknown;1.0;-0.03125;-0.0861422933270681
Unknown;0.2251154976900462;0.1666666666666666;1.3165611772087664
Unknown;0.5727885442291154;-0.1666666666666666;-0.3217145067307204
High;0.7936241275174496;0.14;0.2851145779868949
Unknown;0.4743105137897242;0.2738095238095238;0.3660679892720326
Unknown;1.0;0.0;
Unknown;0.874302513949721;-0.1018518518518518;-0.1683686315497382
High;1.0;0.0555555555555555;0.0600610767393434
Unknown;0.0909981800363992;0.32;0.9309717847227396
Unknown;0.8828623427531449;-0.0774647887323943;-0.1356861438385215
Unknown;0.8845423091538169;0.0909090909090909;0.1223240636902243
Medium;0.3839523209535809;-0.1647058823529411;-0.4492037313796923
Unknown;0.124717505649887;-0.3508771929824561;-0.6880637912948745
Unknown;0.0417991640167196;-0.5;-0.8703942824355821
Unknown;0.0087998240035199;-0.6598639455782312;-1.2377913727614869
High;0.1745565088698226;0.3308270676691729;0.6880637912948744
Unknown;1.0;-0.0325814536340852;-0.095270296479202
Unknown;0.4375112497750045;0.0966183574879227;0.6152275234600528
Unknown;0.1004779904401911;-0.3714285714285714;-0.6854914183456784
Unknown;1.0;-0.0317460317460317;-0.188119693268877
Unknown;1.0;0.1122448979591836;0.112147776940985
Unknown;1.0;-0.0272108843537414;0.0164092593418677
High;0.0139597208055838;-0.5925925925925926;-1.2084113582798734
Unknown;1.0;0.0157303370786516;-0.0049539369763931
Unknown;1.0;-0.0222222222222222;-0.1560002673240131
Low;0.8063038739225216;-0.1142857142857142;-0.374288880276475
Unknown;1.0;-0.0756302521008403;-0.2022407384250856
Medium;0.8491030179396412;-0.0847058823529411;-0.1969078931624668
Control;0.0903981920361592;-0.3917378917378917;-0.7260039610465825
Low;0.1873162536749265;-0.4;-0.7921180343813392
Unknown;0.7688246235075299;0.1555555555555555;0.3494544034095225
Unknown;0.502309953800924;-0.1081081081081081;-0.3649988126338677
Unknown;0.7238655226895462;-0.1568627450980392;-0.3248409775860831
Control;0.2006759864802704;-0.4479166666666667;-0.7372349410885072
Unknown;0.121557568848623;-0.427536231884058;-0.8315925197069031
Unknown;0.9231015379692408;-0.0962962962962963;-0.2148007441762755
Unknown;1.0;-0.0264367816091954;-0.0794850867334588
Unknown;1.0;0.0978260869565217;0.1063455415832125
Control;0.7924241515169697;-0.1372549019607843;-0.3423752347411007
Unknown;0.4183916321673566;0.2747747747747748;0.3582598343889316
Unknown;1.0;-0.0476190476190476;-0.2314550249431378
Low;0.6997460050798984;-0.0094339622641509;-0.2736746791864049
Control;0.0041999160016799;0.6997578692493946;1.3623286252723092
Unknown;0.5663886722265554;-0.2366666666666666;-0.3882901373576604
Unknown;0.2899142017159656;-0.272887323943662;-0.4855925623451671
Medium;0.5901081978360433;0.1496478873239436;0.3476270883285943
Medium;0.247555048899022;0.4577777777777778;0.7443873683187768
Unknown;0.0049599008019839;-0.5131578947368421;-1.0112093840401046
Unknown;0.0896382072358552;-0.3434343434343434;-0.6421158473095673
Unknown;0.1303573928521429;-0.3985507246376811;-0.8091996121240446
Unknown;0.0594788104237915;0.5177304964539007;1.0396554548200152
Unknown;0.0072798544029119;0.4787878787878787;0.940787181327832
Unknown;0.2024359512809743;0.3611111111111111;0.681385143869247
Unknown;0.2812743745125097;0.2916666666666667;0.6853933263458362
Unknown;1.0;-0.0144927536231884;-0.0983837495010367
Unknown;0.3466330673386532;0.3859649122807017;0.5518785831415002
Low;0.1746365072698546;-0.3541666666666667;-0.7707697590755469
Unknown;0.1051178976420471;0.4361702127659574;0.7629374119432348
Control;0.0548389032219355;-0.48;-0.8817116792229084
Unknown;0.864822703545929;-0.1533333333333333;-0.1889509971893319
High;0.1588768224635507;0.3936567164179104;0.666187065401559
Unknown;0.3478330433391332;-0.2959183673469387;-0.5083906310376
Unknown;0.1395172096558068;0.3492063492063492;0.8070004782770744
Unknown;1.0;-0.0134615384615384;0.0659420855578719
Unknown;0.6008679826403472;-0.2083333333333333;-0.4127171304530405
Unknown;0.2320353592928141;0.3333333333333333;0.6831300510639734
Unknown;0.0112397752044959;-0.5617283950617284;-1.2869440608094995
Unknown;0.0006799864002719;0.5857142857142857;1.4680906266211684
Unknown;0.8098238035239296;0.1428571428571428;0.2426871565355562
Unknown;0.1001179976400472;-0.47;-0.8646920305474705
Unknown;0.5461890762184757;0.1928104575163398;0.3711857422198232
Unknown;0.4210715785684286;-0.2395833333333333;-0.4455034034019809
Unknown;0.5828283434331314;-0.1666666666666666;-0.3392753935791082
Unknown;0.4316205533596838;-0.4186046511627907;-0.786470108028672
Unknown;0.1817963640727185;-0.3741496598639456;-0.6735674262484526
Unknown;1.0;-0.1153846153846153;0.0677963319399481
Unknown;0.7466650666986661;-0.4184397163120567;-0.2708730743531907
Low;0.3854722905541889;-0.2801418439716312;-0.5669858368175734
Unknown;0.981780364392712;0.0930232558139534;0.1565830214800941
Unknown;0.6497470050598988;0.2291666666666666;0.3705724539978272
Unknown;0.3988720225595488;-0.2629629629629629;-0.4423912964464804
Unknown;0.1500369992600148;0.4634146341463415;1.043140585534062
Unknown;1.0;0.0029644268774703;-0.0399441543499422
Unknown;0.0613187736245275;0.4279279279279279;1.0876624063753917
Unknown;0.0007999840003199;0.7142857142857143;1.8200047686353769
Unknown;0.1493170136597268;0.3993710691823899;0.8101298462105143
Unknown;0.7599448011039779;0.1352201257861635;0.2022380669273624
Unknown;0.6378672426551469;-0.2127659574468085;-0.40620722697764
Control;0.3409531809363813;-0.2131147540983606;-0.5143873796879251
Unknown;0.756664866702666;-0.2395833333333333;-0.3076689684949675
Unknown;1.0;0.0047619047619047;-0.0554503366058919
Unknown;0.0063998720025599;0.5369458128078818;1.35242630684519
Unknown;0.0731185376292474;0.4874213836477987;0.9632985715377465
Low;1.0;-0.0061728395061728;-0.0297585416447958
High;0.0202395952080958;-0.5;-0.9442769713082368
Unknown;0.252314953700926;-0.3214285714285714;-0.5626352651215898
Unknown;0.8876622467550649;-0.119047619047619;-0.2034471672162736
Unknown;1.0;-0.0069444444444444;-0.0390342871628069
Control;0.2959540809183816;-0.2912087912087912;-0.5850743270623437
Unknown;0.8340633187336254;-0.125;-0.2522249029510233
Unknown;0.6821063578728426;-0.0069444444444444;-0.2951011235111364
Unknown;0.0574388512229755;-0.4791666666666667;-0.911285707327043
Unknown;1.0;0.0649350649350649;-0.0134884793637389
Unknown;0.6353072938541229;-0.0651428571428571;-0.1951834518220735
Unknown;0.3299534009319813;0.1818181818181818;0.620322806932314
Control;0.9707805843883124;0.0867469879518072;0.0932470002765205
Control;0.0026799464010719;-0.6;-1.147441013351396
Unknown;0.0007199856002879;-0.7423887587822015;-1.7157384396894253
Unknown;0.5309132161089053;0.375;0.7842193570679061
Unknown;0.3925921481570368;0.2373333333333333;0.3527039221007472
Unknown;1.0;-0.0888888888888888;-0.3259341380258032
Unknown;0.8416231675366492;-0.05;-0.2120756387589672
Low;1.0;-0.0490196078431372;-0.1181918706902767
Low;0.8813423731525369;-0.1372549019607843;-0.4142084347897571
Unknown;0.5607087858242835;-0.2040816326530612;-0.5266324201121068
Low;0.3213135737285254;-0.21875;-0.5340044722298958
Unknown;0.0015999680006399;-0.6666666666666666;-1.179004815944762
Unknown;0.1088378232435351;0.3546099290780142;0.824955546652158
Unknown;0.2601147977040459;-0.2933333333333333;-0.5644325210301583
Unknown;0.0257994840103197;0.5822222222222222;1.3143318571403635
Unknown;0.1368772624547509;0.3308823529411764;0.6622663227102784
Unknown;1.0;-0.0555555555555555;-0.2130032168075646
Low;0.1639967200655986;-0.3037037037037037;-0.5979414312144803
Unknown;1.0;-0.0325925925925925;0.0473575236127801
Unknown;0.1973960520789584;0.3442028985507246;0.6449151654464406
Low;0.623307533849323;-0.2222222222222222;-0.5131356004181123
Unknown;0.5107497850042999;-0.1911111111111111;-0.4216370213557838
Control;0.3837123257534849;-0.1865853658536585;-0.4024410410856218
Unknown;0.0338793224135517;-0.5602836879432624;-1.0590061077444874
Low;0.2979940401191976;-0.2542372881355932;-0.5673161762910893
Unknown;0.0198796024079518;-0.6888888888888889;-1.3310715279162793
Unknown;0.5930681386372273;0.2101449275362318;0.3480869459688734
Unknown;0.0198396032079358;0.4666666666666667;1.570162031457724
Unknown;0.0964780704385912;0.2534562211981567;1.131120292716992
Unknown;0.9308213835723286;-0.0036231884057971;-0.1272944764978294
Unknown;1.0;0.0074074074074074;-0.0393283253103558
Unknown;0.0882782344353113;-0.4518518518518518;-0.8672014583155155
Unknown;0.3950720985580288;0.2698412698412698;0.4228900316110311
Unknown;0.1886762264754705;0.3723404255319149;0.7187376414339529
Unknown;0.3613127737445251;0.2233333333333333;0.4700096710803842
Unknown;1.0;-0.064516129032258;-0.257009932129762
Unknown;0.1483170336593268;-0.3333333333333333;-0.6746373253533324
Unknown;0.8445031099378012;0.1288888888888889;0.2464456706145391
Unknown;1.0;0.0471014492753623;0.0267678380415873
Medium;0.8899822003559928;0.0866666666666666;0.2997783523893942
Unknown;0.1563968720625587;0.3962264150943396;0.6958818537009369
Unknown;1.0;-0.0869565217391304;-0.3217447260438934
Unknown;0.4802303953920921;-0.2407407407407407;-0.4869572581589812
Unknown;0.623747525049499;0.2028985507246377;0.3557217163591081
Unknown;0.1641167176656467;0.1931818181818181;0.6478471677862917
Medium;0.8350232995340093;-0.1511111111111111;-0.263931551629543
Unknown;0.6703065938681226;-0.1666666666666666;-0.3409361848166171
Control;0.1323573528529429;0.3120567375886525;0.7858890628841234
Unknown;0.8015839683206336;-0.1794871794871795;-0.4853626716970754
Unknown;0.0732385352292954;-0.4565217391304347;-0.8980265101338745
High;0.122117557648847;0.2898550724637681;1.137539387983225
Medium;0.6625067498650027;-0.18;-0.4869016027204134
Unknown;0.2087558248835023;-0.3039215686274509;-0.6827164088516213
Unknown;0.6580268394632107;-0.2124183006535947;-0.2739704582092385
High;0.3593128137437251;0.0909090909090909;0.6361942179900353
Unknown;0.0936781264374712;-0.4230769230769231;-0.8395803147377295
Unknown;0.1343573128537429;-0.4468085106382978;-0.7111503579102462
Unknown;0.0125597488050238;-0.6258503401360545;-1.1258793224311074
Unknown;0.1401171976560468;0.3958333333333333;0.8680624598312455
Unknown;0.0249595008099838;-0.4545454545454545;-0.9534625892455924
Unknown;0.3020339593208135;-0.3159722222222222;-0.6241098530020435
Unknown;0.6977060458790825;0.0831168831168831;0.2658191467344856
Unknown;1.0;0.0179924242424242;0.0677809075068666
Unknown;0.6127477450450991;-0.2373271889400921;-0.3056213068720639
Unknown;0.9370612587748244;-0.0150375939849624;-0.1359538276508244
Unknown;0.6625867482650347;-0.1808510638297872;-0.3869238681674345
Control;0.0074398512029759;-0.723404255319149;-1.5364985346600666
Unknown;0.4127117457650847;0.2734375;0.3952847075210474
Unknown;0.6343873122537549;-0.1607142857142857;-0.4567128486695088
Unknown;0.6521069578608428;0.1630434782608695;0.3802243704142709
Unknown;0.0555988880222395;-0.5181818181818182;-1.0598920044669236
Unknown;0.3265934681306374;-0.240530303030303;-0.5019559862750753
Unknown;0.8497830043399132;-0.0714285714285714;-0.1937116862652786
Unknown;0.1467970640587188;0.3405797101449275;0.737357266977977
Medium;0.0003199936001279;0.6161616161616161;1.3837453835331843
Unknown;0.2309153816923661;0.2706766917293233;0.6991386146826188
Unknown;0.6365872682546349;-0.1458333333333333;-0.4382615323430832
Unknown;0.979940401191976;-0.0289855072463768;-0.1327165288131291
Low;0.5841483170336593;-0.2;-0.5217491947499509
Unknown;1.0;-0.0512820512820512;-0.229629110819992
Medium;1.0;-0.1;-0.3496029493900505
Unknown;0.4574708505829883;0.2476190476190476;0.3821059726711982
Unknown;0.0015599688006239;-0.7547169811320755;-1.4129775414101275
Unknown;0.0076398472030559;-0.583743842364532;-1.2477825581745996
Unknown;1.0;-0.0121951219512195;-0.1164050492949297
Unknown;1.0;0.0;
Control;0.3985507246376811;0.5909090909090909;1.2018504251546631
Control;0.6534914361001317;-0.3255813953488372;-0.7028410669254156
Unknown;1.0;-0.0686274509803921;-0.079154844192443
Unknown;0.4539509209815803;0.2448979591836734;0.4480597903824618
Unknown;0.0103997920041599;-0.6388888888888888;-1.242915305029572
Unknown;1.0;-0.0892857142857142;-0.2018849013175373
Unknown;0.3153136937261255;-0.28;-0.648074069840786
Unknown;1.0;-0.0346320346320346;-0.1327547117633612
Medium;0.0271194576108477;0.6;1.3067283469242004
Unknown;0.0016799664006719;0.7324675324675325;1.8738756521523925
Control;1.0;-0.0847457627118644;-0.3169217923610189
Unknown;0.7235055298894022;-0.1477987421383647;-0.3431278665456093
Medium;1.0;0.019047619047619;0.0224530000890298
Unknown;0.0260794784104317;0.4583333333333333;1.213578969792193
Unknown;0.75402491950161;0.1728395061728395;0.3093696348336336
Low;0.503589928201436;-0.1331103678929766;-0.2975096132806316
Unknown;1.0;0.0;
Medium;0.0593188136237275;-0.3466666666666667;-0.7283055971941246
Unknown;1.0;-0.0476190476190476;-0.2323106841457231
Unknown;1.0;-0.0144444444444444;-0.045135465758124
Unknown;0.0001599968000639;0.4677846425419241;1.936604546660016
Unknown;0.6591468170636587;-0.0722789115646258;-0.1866603968794652
Control;0.2961140777184456;0.2604166666666667;0.6422122298923856
Unknown;0.1373572528549429;-0.4977777777777777;-0.8944271909999155
Unknown;0.1346373072538549;0.5023255813953489;0.9797226049198547
Unknown;0.5192696146077078;0.2185185185185185;0.3617782678575943
Unknown;1.0;-0.0222222222222222;-0.0530786893375458
Unknown;0.2987140257194856;-0.3129251700680272;-0.6169620099435217
Unknown;0.0144397112057758;0.7090909090909091;1.4770978917519926
Unknown;1.0;0.0266666666666666;0.0748539433862165
Unknown;0.0089198216035679;0.5513784461152882;1.2886818847591073
Unknown;0.0155596888062238;0.4256854256854256;1.1804486557499805
Unknown;0.7891442171156577;-0.0333333333333333;-0.1895433466107402
Unknown;0.6476270474590509;0.1543209876543209;0.2998138609261862
Low;0.755144897102058;-0.1288888888888889;-0.3206419264224808
Unknown;1.0;0.0347826086956521;-0.0649335314455291
Unknown;0.0095198096038079;-0.5714285714285714;-0.9925945561322332
Unknown;0.873782524349513;-0.1395348837209302;-0.421007142999162
Unknown;0.0989980200395992;-0.4148936170212766;-0.8984721347397013
Unknown;0.623187536249275;0.1851851851851851;0.3352203060292893
Unknown;0.3039939201215976;-0.2888888888888888;-0.616259654080446
Unknown;0.6452270954580909;0.2198581560283688;0.2800964625487629
Unknown;0.0402791944161116;0.5037037037037037;1.0911288874353864
Unknown;0.2337553248935021;0.3015873015873015;0.5383271585679238
Unknown;0.0815583688326233;-0.4818840579710144;-0.8127440366329132
Unknown;1.0;-0.1100702576112412;-0.0867190241189972
Unknown;1.0;-0.0763888888888889;-0.0832444444191469
Unknown;0.0266394672106557;-0.4973544973544973;-0.9259703369320446
Unknown;1.0;-0.0597484276729559;-0.1418247211501455
Unknown;0.0545989080218395;-0.4042553191489361;-0.9383021146734069
Unknown;0.9306613867722644;0.0026455026455026;-0.1155299462080867
Unknown;0.3230735385292294;-0.2649350649350649;-0.5042987531429007
Unknown;0.9419011619767604;0.1466666666666666;0.1702513061517497
Unknown;0.0717585648287034;-0.4155844155844156;-0.7807968569411934
Unknown;0.119077618447631;-0.3333333333333333;-0.8341115438626248
Unknown;0.0401591968160636;-0.5703703703703704;-0.997717128909826
Unknown;0.2324753504929901;-0.3478260869565217;-0.626830162670643
Medium;1.0;0.0023584905660377;0.0047859696076969
Unknown;0.1787964240715185;-0.3659420289855072;-0.6656801607594026
Unknown;0.3204735905281894;-0.3012820512820512;-0.5867429743750516
Medium;0.7367052658946821;-0.0789473684210526;-0.3065696697424829
Unknown;0.0091998160036799;0.6339869281045751;1.379065405288645
Unknown;1.0;-0.119047619047619;-0.119433868144567
Unknown;0.381592368152637;-0.1666666666666666;-0.5192377520339359
High;0.488710225795484;0.1288888888888889;0.4151908622169947
Control;0.4864302713945721;0.1894586894586894;0.3576423835197361
Unknown;0.0092798144037119;0.5974842767295597;1.394237430354403
Unknown;0.0042399152016959;0.6339869281045751;1.6238151643188607
Unknown;1.0;-0.0772727272727272;-0.1892328190651407
Unknown;0.1484770304593908;0.3059701492537313;0.7400733252484303
Unknown;0.3839923201535969;0.2571428571428571;0.4181247173284043
Unknown;0.3361532769344613;0.27;0.5847247660777096
Control;0.4385512289754205;-0.1865942028985507;-0.3918411612370256
Unknown;0.6777064458710825;-0.1777777777777777;-0.4852168952493672
Unknown;0.115637687246255;0.4338624338624338;0.707601504445769
Unknown;0.24507509849803;0.2777777777777778;0.6851553447193318
Unknown;0.4197916041679166;-0.2553191489361702;-0.4555973814042873
Unknown;0.5714685706285875;-0.1702127659574468;-0.3543211790637857
Unknown;1.0;-0.0166666666666666;-0.0294056415234002
Low;0.9052618947621048;0.0918367346938775;0.1731483201193625
Unknown;0.2149157016859662;-0.3410138248847926;-0.5849036790726605
Low;0.120997580048399;0.5359477124183006;0.8671926736615423
Unknown;0.3499130017399652;-0.2692307692307692;-0.6063744496206908
Unknown;0.9486210275794484;-0.12;-0.2772413120334688
Unknown;0.1868362632747345;-0.4761904761904761;-0.8975968580501299
Control;1.0;-0.05;-0.1136590486085163
Low;1.0;-0.0222222222222222;-0.1556997888323046
Unknown;1.0;0.0289855072463768;0.0944840302192025
Unknown;0.0583588328233435;0.3345070422535211;0.8623242540888976
Unknown;0.7141057178856423;0.1904761904761904;0.3098926340998649
Unknown;0.0046799064018719;-0.6762820512820513;-1.335063680003372
Unknown;0.0203595928081438;0.4439252336448598;0.7870381430045142
Unknown;0.0301593968120637;0.5476190476190477;1.2112545662578456
Unknown;0.0394792104157916;0.5162907268170426;0.9491754567168352
Unknown;1.0;0.0883720930232558;0.073904776149448
Low;0.1394772104557909;0.3819444444444444;0.8284323596528987
Control;0.0178796424071518;0.5884353741496599;1.3618789652957035
Unknown;0.6515069698606027;-0.1578947368421052;-0.4315707410079047
Unknown;0.8528629427411452;-0.0902777777777777;-0.2238221148896599
Unknown;1.0;-0.0062893081761006;-0.0517644896719181
Unknown;0.0073598528029439;-0.6354166666666666;-1.3428993067626074
Unknown;0.9254614907701846;-0.0694444444444444;-0.1378616986447518
Unknown;0.2716345673086538;0.1666666666666666;1.183215956619923
Low;0.7091458170836583;-0.2;-0.5163977794943222
Unknown;0.4092718145637087;0.1836734693877551;0.4773470381107771
Unknown;0.7595048099038019;0.0543478260869565;0.2695579463610903
Low;0.0908381832363352;-0.3333333333333333;-0.6340683105837632
Unknown;0.1396772064558709;0.2881944444444444;0.7075321086121873
Unknown;0.3939521209575808;-0.2666666666666666;-0.5462783526148968
Unknown;0.1053178936421271;0.4217687074829932;0.9523778359460354
Unknown;0.496310073798524;0.298469387755102;0.3580915534655478
Unknown;1.0;0.0;0.0471923500251323
Medium;1.0;-0.0942028985507246;-0.2138447156309091
Unknown;0.0237195256094878;0.5037593984962406;1.2013258598827476
Unknown;0.0397992040159196;-0.5294117647058824;-0.936409688174176
Unknown;0.0790784184316313;0.475177304964539;0.945005449358999
Unknown;0.2093958120837583;0.312;0.828128674451788
Low;0.2691946161076778;-0.2226190476190476;-0.4819247003375799
Unknown;0.6136677266454671;0.1777777777777777;0.3553345272593505
Unknown;0.0011199776004479;0.4202247191011236;1.6335653905600425
Medium;0.0105597888042239;-0.4729729729729729;-0.9486832980505138
Unknown;0.24867502649947;0.3316326530612244;0.5411474212832044
Unknown;0.5572288554228916;-0.1191919191919192;-0.237629658032099
Unknown;0.6676266474670507;-0.1314102564102564;-0.2912876325017676
Unknown;0.9126217475650488;0.08;0.2008281608925125
Unknown;0.9515409691806164;0.1066666666666666;0.1351174871758982
Unknown;0.2299154016919661;0.2244897959183673;0.7667097450700937
Control;0.2787944241115178;0.2302325581395349;0.4444665506850316
Low;1.0;-0.0459540459540459;-0.0639479889010758
Unknown;0.6786664266714666;-0.173469387755102;-0.3604466592355526
Unknown;1.0;0.0192307692307692;0.0146132851101286
Unknown;0.99870002599948;-0.0035460992907801;-0.0677580037349633
Unknown;0.9754856614246068;0.2222222222222222;0.5404289889185183
Unknown;0.9527409451810964;0.1057692307692307;0.1797793663241548
Low;0.7428571428571429;0.4166666666666667;0.7827803638564368
Unknown;0.0565188696226075;-0.4285714285714285;-0.8259065218354553
Unknown;0.0273194536109277;0.6;1.469693845669907
Low;0.4712305753884922;-0.237037037037037;-0.4681018315104873
Unknown;0.3267534649307014;0.2623376623376623;0.477523361866863
Control;1.0;0.0177304964539007;0.0485899160892317
Unknown;0.9298214035719286;-0.0892857142857142;-0.1216005094739778
Unknown;0.0068398632027359;0.6777777777777778;1.3694976898480011
Medium;1.0;0.0786290322580645;0.1246867257291525
Low;0.4662706745865083;-0.1886792452830188;-0.4362241365650062
Unknown;0.5813483730325394;0.1699346405228758;0.3729958168121692
Unknown;0.4561908761824763;-0.2340425531914893;-0.5513607488632423
Unknown;0.0764384712305753;0.5111111111111111;1.056007346163612
Unknown;0.0177996440071198;0.5543478260869565;1.3328339427694105
Control;0.3592328153436931;-0.2641509433962264;-0.6213427101248183
Unknown;0.0898782024359512;0.2039170506912442;0.5624814017114187
Low;0.1885162296754065;-0.3461538461538461;-0.695999434654762
Unknown;1.0;-0.0208333333333333;-0.098569741913666
Unknown;0.0006399872002559;-0.6630434782608695;-1.7144272240971
Low;1.0;-0.0434782608695652;-0.2112328556347856
Unknown;0.0039999200015999;0.4158607350096712;1.0552974288691035
Unknown;0.117197656046879;0.4185185185185185;0.8528329779863333
Low;0.0001199976000479;-0.8181818181818182;-2.09887448771902
Medium;0.8056238875222496;-0.1666666666666666;-0.4944132324730442
Unknown;0.0078398432031359;-0.6572327044025157;-1.2904758573548143
Unknown;0.0349993000139997;0.5422222222222223;1.2681574039427217
Control;0.0133197336053278;0.5729166666666666;1.412866905763248
Low;0.5315493690126197;0.1904761904761904;0.5018126947672209
Unknown;0.6595468090638187;-0.1352201257861635;-0.3007570878762221
Unknown;0.0490390192196156;0.3696145124716553;0.8749326536859121
Unknown;0.0097998040039199;0.5892857142857143;1.2399348882292565
Medium;1.0;-0.0555555555555555;-0.1849491300411979
Control;0.1849963000739985;-0.3253968253968254;-0.6572636050934652
High;0.3833923321533569;0.2636423405654174;0.3142033557080304
Unknown;0.2128757424851503;0.4021739130434782;0.6374542476834684
Unknown;0.0040799184016319;-0.4630681818181818;-1.0395970347519936
Unknown;0.5091898162036759;0.1736111111111111;0.3147108858857612
Unknown;0.0018799624007519;-0.6737588652482269;-1.494290523002242
Unknown;1.0;-0.0555555555555555;-0.2513579676212995
Unknown;1.0;-0.0166666666666666;-0.0469668218313862
Control;0.0020399592008159;0.5782312925170068;1.6161879507233967
Unknown;0.0004799904001919;-0.9333333333333332;-2.469786565477338
Low;0.4539109217815644;-0.1619937694704049;-0.301678727198505
Unknown;0.5286694266114678;0.1702380952380952;0.2644415767806142
Unknown;0.9615007699846004;0.108695652173913;0.1440808518125712
Low;1.0;-0.0571428571428571;-0.1411862416005035
High;0.6061878762424752;-0.1956521739130435;-0.5141933776432958
Unknown;0.1011979760404791;0.3086124401913875;0.6505183660927613
High;0.882542349153017;-0.1284722222222222;-0.290044352401964
Low;0.2748345033099338;-0.3205128205128205;-0.662615015100579
Unknown;0.248595028099438;0.3369565217391304;0.7252218309367976
Unknown;0.0397192056158876;-0.4307458143074581;-0.8103217817744771
Unknown;0.5865082698346034;-0.1814814814814815;-0.3258794024152227
Unknown;1.0;-0.0851063829787234;-0.3177107625642913
Unknown;1.0;0.0005208333333333;0.0015236624030655
Unknown;0.9591408171836564;0.1141975308641975;0.2288970451358123
Unknown;0.0086398272034559;-0.6574074074074074;-1.26345964527141
Unknown;0.0041999160016799;-0.6209150326797386;-1.397709826057562
Unknown;0.0840383192336153;-0.2708333333333333;-0.5616429918873506
Unknown;0.2983940321193576;-0.4148148148148148;-0.5211859330130932
Unknown;1.0;-0.119047619047619;-0.0628334365983862
Unknown;1.0;-0.0256410256410256;-0.1683451245853585
Unknown;1.0;0.05;0.0645497224367902
Unknown;0.0179596408071838;-0.5511111111111111;-1.329045091887071
Unknown;0.0001599968000639;0.7298387096774194;1.993192855009801
Unknown;0.6393072138557229;-0.1944444444444444;-0.3847029464570689
Unknown;0.3603127937441251;-0.2318181818181818;-0.5172396434511358
Unknown;0.8801023979520409;0.0106382978723404;0.1474871653391089
Unknown;0.1735165296694066;0.3851851851851852;0.6725117949503613
Unknown;1.0;0.0488888888888888;0.0387601266489208
Unknown;0.9033419331613368;0.0088888888888888;-0.1200600450375328
Unknown;0.2879142417151657;0.2530864197530864;0.4654668716124736
Control;1.0;-0.0612244897959183;-0.1317077779613269
Unknown;0.1536769264614707;-0.3275862068965517;-0.679088745673868
Control;0.3197536049279014;-0.2207001522070015;-0.4514328097790509
Unknown;0.4146717065658686;-0.25;-0.6030226891555273
High;0.4416711665766684;-0.1572481572481572;-0.3937408888289044
Unknown;1.0;0.0954545454545454;0.1317111421876384
Medium;0.1126377472450551;0.4193548387096774;0.785487093366156
Unknown;0.0104797904041919;0.5795454545454546;1.033464528084299
Unknown;1.0;0.0108225108225108;0.0293907312600174
Unknown;0.0328393432131357;0.373015873015873;1.3435730383484894
Control;0.0003599928001439;0.3263888888888889;1.937890682358961
Medium;0.2169556608867822;0.1609848484848484;0.5593553825167841
Unknown;0.3914721705565889;-0.2446808510638297;-0.4497088117454734
Unknown;0.1761964760704785;0.3866666666666666;0.7024432884059564
Unknown;0.3148737025259495;0.298828125;0.4981583731163036
Unknown;1.0;-0.0666666666666666;-0.280305955290694
Unknown;0.5420291594168116;0.1843971631205673;0.4876995134966371
Unknown;0.0099198016039679;-0.5151515151515151;-0.9132066581121652
Unknown;0.1787564248715025;0.3562091503267974;0.7248984115076881
Unknown;1.0;0.0;
Unknown;0.7655846883062338;0.078125;0.3382439885879711
Unknown;1.0;-0.0666666666666666;-0.2658478991551974
Unknown;0.1584368312633747;0.3478260869565217;0.902013455322318
Unknown;0.7373452530949381;0.1238095238095238;0.2773794893168631
Unknown;0.0990380192396152;-0.4540816326530612;-0.7691737139095421
Unknown;1.0;-0.0277777777777777;0.0
Unknown;0.9111017779644408;0.1088435374149659;0.1436589920345791
Unknown;0.0211195776084478;-0.4861111111111111;-1.036525661715279
Unknown;0.3350732985340293;0.1956521739130435;0.5538697511666305
Low;0.2183956320873582;-0.3272727272727272;-0.6633952367128061
Unknown;0.5459490810183796;-0.168103448275862;-0.3229973734139831
Unknown;0.9568208635827284;-0.1071428571428571;-0.3615443067098217
Unknown;0.1951160976780464;0.362962962962963;0.7028624531001012
Unknown;0.9116217675646489;-0.002016129032258;-0.1565109492445477
Unknown;0.3650726985460291;-0.324074074074074;-0.5221995609924157
Unknown;0.0037599248015039;-0.6290322580645161;-1.3536610790631998
Unknown;0.1823163536729265;-0.3377777777777778;-0.9237604307034016
Unknown;0.4389912201755965;0.1700680272108843;0.3997798787538427
Low;1.0;-0.12;-0.3977207791677701
Unknown;0.4516709665806684;-0.1666666666666666;-0.446303699144337
Unknown;0.3094338113237735;0.2656641604010025;0.5515308155296927
Unknown;1.0;0.0054054054054054;0.0181941082151343
Unknown;0.0987180256394872;0.4755555555555555;0.913664385152257
Unknown;0.9473010539789204;0.1347826086956521;0.1120832439950342
Unknown;0.621307573848523;0.2444444444444444;0.3580676234306378
Unknown;0.7122257554848903;0.1875;0.2989098175667716
Unknown;0.3450730985380292;0.14;0.4231663590620839
Unknown;0.1018779624407511;-0.4222222222222222;-0.8592029767051017
High;0.3898322033559329;-0.1666666666666666;-0.4791968589521739
Unknown;0.3275534489310214;0.3674242424242424;0.5845278343603078
Unknown;1.0;-0.0629539951573849;-0.1590403089527896
Unknown;1.0;0.0;
Unknown;1.0;0.105911330049261;0.06043923639769
Medium;1.0;-0.0384615384615384;-0.1965064163901544
Unknown;0.4331513369732605;0.2444444444444444;0.6350852961085883
Unknown;0.121597568048639;-0.3508771929824561;-0.726299636979277
Unknown;0.0561588768224635;0.4363636363636363;0.9075252890102684
Unknown;0.3227135457290854;0.3333333333333333;0.6753816335059705
Unknown;1.0;0.0;0.0
Control;1.0;-0.0183823529411764;-0.0610216776783581
Unknown;0.504029919401612;0.2321428571428571;0.3438482256233652
Control;0.0234795304093918;-0.5555555555555556;-1.0659317946079123
Unknown;0.0133043057571359;-0.8431372549019608;-1.5083626875135605
Unknown;0.628267434651307;0.1402597402597402;0.377910477312869
Unknown;0.4604707905841883;0.2583333333333333;0.526118056598442
Unknown;0.7291054178916422;-0.1428571428571428;-0.4260840516231732
Unknown;0.4175916481670366;0.1458333333333333;0.377705149155021
Unknown;0.0618787624247515;-0.4693877551020408;-0.8378670497713953
Unknown;0.2918341633167337;-0.3078817733990148;-0.5044737608472463
Unknown;0.0367992640147197;-0.5272108843537415;-1.0585305967697014
Medium;0.0013999720005599;0.4564164648910411;1.1325625942748954
Unknown;0.4341913161736765;0.1790123456790123;0.4574388099361505
Low;0.0450390992180156;0.4435483870967742;0.9547081044452126
Unknown;0.1432371352572948;-0.3775510204081632;-0.6840626241148574
Unknown;0.0131197376052478;0.5797101449275363;1.435685072155108
Unknown;0.0035599288014239;0.7222222222222222;2.000120769300554
Low;1.0;-0.04;-0.1442644490060314
High;0.2139557208855823;-0.125;-1.1417405259389843
Unknown;1.0;-0.0754716981132075;-0.1584445352887663
Unknown;0.7408963585434174;0.202020202020202;0.4033353763771788
Unknown;0.6397472050558989;-0.15625;-0.3517490235460659
Unknown;0.5949481010379792;0.123076923076923;0.414893067398145
Unknown;1.0;0.0065359477124183;-0.0227155425212127
Medium;0.3123537529249415;-0.2857142857142857;-0.6577636818983621
Unknown;0.6700265994680107;0.1866666666666666;0.3651483716701105
Unknown;0.2728345433091338;0.2210144927536232;0.5971708566789272
Unknown;1.0;0.0502645502645502;0.1662360052431954
Low;1.0;-0.0625;-0.2687419249432849
Unknown;0.0341593168136637;-0.3866666666666666;-0.7742845835441898
Medium;0.7622247555048899;0.0642857142857142;0.1757685718382189
Unknown;0.8169036619267614;0.1296296296296296;0.2101050788156825
Medium;1.0;-0.0217391304347826;-0.1538554437923503
Unknown;0.5579488410231795;-0.2198581560283688;-0.4510186209292636
Unknown;0.1609967800643987;0.427536231884058;0.7427344893060872
Unknown;0.1757964840703186;0.2242424242424242;0.5230197025758215
Unknown;0.6637067258654827;-0.0175438596491228;-0.2616445258963814
Unknown;1.0;0.0;
Unknown;0.367592648147037;0.25;0.4317863183887142
Unknown;0.7439051218975621;-0.1444444444444444;-0.3021920730431631
Unknown;0.6396272074558509;0.2127659574468085;0.359415263041222
Unknown;0.2058358832823343;-0.3333333333333333;-0.8014111847270724
Unknown;0.0204795904081918;0.6181818181818182;1.5637085784927591
Unknown;0.2831943361132777;0.3244444444444444;0.8238858408710995
Unknown;0.9620207595848084;0.1;0.1995930819792703
Unknown;0.7279054418911621;0.0576230492196878;0.126713499283252
Unknown;0.2593148137037259;0.3066666666666666;0.696572345547434
Unknown;0.0203595928081438;-0.6159420289855072;-1.1375393879832254
Unknown;0.7097458050838983;-0.1766233766233766;-0.1918818468968714
Unknown;0.4411511769764604;-0.2604166666666667;-0.4054386674572555
Unknown;0.505429891402172;-0.1696428571428571;-0.3898625463856666
Unknown;0.0221195576088478;-0.5178571428571429;-0.937105752282913
Medium;0.0152396952060958;-0.6296296296296297;-1.397086916355547
Unknown;0.2619547609047819;-0.2687074829931973;-0.6126387114742025
Unknown;0.113957720845583;-0.2444444444444444;-0.5814786097699453
Low;1.0;0.0;
Unknown;0.0998780024399512;-0.3888888888888889;-0.9181561700975344
Medium;0.0390392192156156;-0.375;-0.8077747210701756
Unknown;1.0;0.1829268292682926;0.3824838403991075
Unknown;0.0389592208155836;-0.4153846153846154;-0.8097164473090782
Unknown;0.9232215355692888;0.0957446808510638;0.1781689329716084
Unknown;0.0067198656026879;-0.6521739130434783;-1.2552949341696529
Low;0.8151036979260414;-0.1036866359447004;-0.2531098492974253
Unknown;0.6018279634407312;0.1192771084337349;0.2999577784182067
Unknown;0.0422791544169116;0.5272108843537415;1.1447489025607605
Unknown;0.3541129177416451;0.3333333333333333;0.6666666666666667
Unknown;0.5651486970260595;0.1909722222222222;0.371320330548689
Unknown;1.0;-0.04;-0.2121320343559642
Unknown;0.3945921081578368;0.3404255319148936;0.4845657946328118
Unknown;0.996140077198456;-0.0229665071770334;0.0381686674427021
Unknown;0.6412671746565068;0.1938775510204081;0.3538795287897292
Unknown;0.9005419891602168;0.0404312668463611;0.1660511726174703
Unknown;1.0;-0.0625;-0.2886751345948129
Control;1.0;-0.0388888888888888;-0.0843325310246205
Control;0.0387992240155196;0.4623015873015873;0.8646048928181905
Unknown;0.0010399792004159;-0.75;-1.390758974918296
Unknown;0.5741885162296754;-0.2146341463414634;-0.4630192997914006
Unknown;0.368952620947581;-0.2814814814814815;-0.5263220183306565
Control;0.2701545969080618;-0.3433333333333333;-0.632022194859105
Control;0.0004399912001759;-0.75;-1.3219368220911072
Low;1.0;0.0;0.0
Unknown;1.0;0.0780141843971631;0.1738536992243299
Unknown;0.0671186576268474;0.5822222222222222;1.2307907776609923
Unknown;0.4054318913621728;0.2285714285714285;0.446854581452221
Unknown;0.251234975300494;0.3605442176870748;0.5860031017863497
Unknown;0.6596268074638507;-0.1481481481481481;-0.2457670658817335
Unknown;0.6466270674586508;-0.1895424836601307;-0.293438450946362
Unknown;0.0089198216035679;-0.7045454545454546;-1.5959958637799778
Unknown;1.0;-0.0440251572327044;-0.1564641904960571
Unknown;7.999840003199936e-05;-0.9019607843137256;-2.119453101147511
Unknown;0.0014799704005919;0.6955128205128205;1.79135551118284
Unknown;0.3909121817563649;0.3333333333333333;0.5265963864917909
Unknown;0.064754856614246;-0.7111111111111111;-1.2039836204307697
Unknown;0.0926381472370552;0.4533333333333333;0.9379929993382738
Unknown;0.6107077858442831;-0.15625;-0.353414715008181
Unknown;0.5960680786384273;-0.1296296296296296;-0.331671733398281
Control;0.0433191336173276;0.5833333333333334;1.2315302134607442
Unknown;0.1371572568548629;0.3851851851851852;0.7557865589964629
Unknown;1.0;-0.0543478260869565;-0.1198543456198113
Control;0.5567088658226835;-0.2894736842105263;-0.6548663241716687
Unknown;0.7934241315173697;0.0797101449275362;0.1828181787293967
Unknown;1.0;0.0524691358024691;0.0944112164583522
Low;0.3986720265594688;0.0688775510204081;0.4113731065814059
Unknown;0.4411111777764445;0.2585034013605442;0.4620189885516338
Unknown;0.7909441811163777;-0.0025510204081632;-0.1728947157062558
Unknown;0.0448391032179356;0.484375;0.9065368335002016
Low;1.0;0.0809523809523809;0.1738309121662525
Unknown;0.4215915681686366;-0.2427536231884058;-0.4319782944576612
Control;0.2888342233155337;0.2805194805194805;0.6012725555944035
Unknown;0.0313193736125277;0.5111111111111111;1.6088440586001385
Unknown;0.6569068618627627;-0.1123595505617977;-0.3567826043013153
Unknown;0.0756384872302553;0.4488636363636363;0.7846420867750048
Medium;0.3197536049279014;0.3049645390070922;0.6239250285374669
Unknown;0.2837143257134857;-0.3023255813953488;-0.6343747233619828
Unknown;0.0217195656086878;0.6176470588235294;1.0747728609191578
Medium;0.1035179296414071;0.28125;0.7945407252172647
Unknown;0.0118797624047519;0.4933333333333333;1.548517939801715
Low;0.3814723705525889;-0.2592592592592592;-0.5484840486291427
Unknown;0.0065998680026399;-0.7361702127659574;-1.459942509670058
Unknown;0.3155936881262374;0.288265306122449;0.5178958200275516
Unknown;0.0265594688106237;0.5833333333333334;1.13077832133135
Unknown;1.0;-0.0576923076923076;-0.2590587963544238
Unknown;0.1804763904721905;0.4431818181818182;0.7345868651510918
Unknown;1.0;-0.0652173913043478;-0.073802205202689
Unknown;0.0359192816143677;-0.5227272727272727;-0.9819046698384432
High;0.3342733145337093;-0.2121212121212121;-0.5231055381796169
Unknown;0.0074398512029759;-0.7118055555555556;-1.424570885995769
Unknown;0.8045839083218336;-0.1777777777777777;-0.4802401801501315
Unknown;0.8246635067298654;-0.1195652173913043;-0.2220914406443329
Unknown;0.2664746705065898;0.35;0.7805506128748213
Unknown;0.9340613187736244;-0.0955882352941176;-0.2319630052031563
Unknown;0.7061458770824584;-0.2;-0.5163977794943222
Unknown;0.0305993880122397;0.4347826086956521;1.4818474149146237
Unknown;0.5334293314133718;-0.154074074074074;-0.3025221993773244
Unknown;0.0083198336033279;0.4666666666666667;2.009166809659052
Unknown;0.0127197456050878;-0.5644028103044496;-1.2085739321166429
Unknown;0.1610367792644147;0.2343987823439878;0.5943047772994893
Unknown;0.1979560408791824;0.3928571428571428;0.6051246410589117
Unknown;0.3571928561428771;-0.3111111111111111;-0.6405126152203484
High;1.0;-0.0217391304347826;-0.1554174680400523
Unknown;0.6428271434571309;0.1037037037037037;0.2827919299121696
Low;0.0149197016059678;0.4154929577464789;1.331933027342376
Unknown;0.0043999120017599;-0.591796875;-1.1649102387448589
Control;0.0091998160036799;-0.5645161290322581;-1.0988456522066152
Unknown;0.8612347052280311;0.1428571428571428;0.4225771273642582
Unknown;0.749665006699866;-0.0929705215419501;-0.2375655483665996
Unknown;0.7678246435071299;-0.2244897959183673;-0.5488979291519348
Unknown;0.0399992000159996;-0.4394654088050314;-0.6519170723411365
Unknown;0.0478790424191516;-0.4701298701298701;-0.8773983105150639
Unknown;1.0;-0.0111111111111111;-0.021786881754939
High;0.374392512149757;-0.2258064516129032;-0.5614162199678692
Unknown;0.5885882282354353;0.2285714285714285;0.3435810552464143
Unknown;1.0;-0.0606060606060606;-0.1404278331956611
Unknown;0.0101597968040639;0.296551724137931;1.1095321304959291
Unknown;0.2285154296914061;0.4680851063829787;0.6277209560967476
Unknown;0.122157556848863;-0.3877551020408163;-0.7688017264346997
Unknown;0.3132337353252934;-0.3081761006289308;-0.6098502359569339
Medium;0.8600627987440251;0.1194968553459119;0.2272596443599017
Unknown;0.0030799384012319;0.6054421768707483;1.7043830849382755
Unknown;0.0398792024159516;0.5336927223719676;1.0485167211961206
Unknown;0.6455070898582028;-0.140625;-0.2876118708177639
Low;0.9605407891842164;0.0777777777777777;0.2572896417393184
Unknown;1.0;0.0555555555555555;0.109855578025443
Unknown;1.0;-0.1111111111111111;-0.3651483716701107
Unknown;0.0472790544189116;0.3986928104575163;0.9985643534307276
Unknown;1.0;-0.0173611111111111;0.0
Unknown;0.7076258474830504;0.2444444444444444;0.2821382463434394
Unknown;0.5307493850122997;-0.1777777777777777;-0.3944053188733077
High;1.0;0.0339506172839506;0.0454044328476318
Unknown;0.0438391232175356;0.5032679738562091;1.0054415607515377
Unknown;0.6831863362732745;-0.1525423728813559;-0.4418758165911953
Unknown;0.25167496650067;0.2056737588652482;0.6520772911244308
Unknown;1.0;-0.0208333333333333;-0.1532739632208237
Unknown;0.3855522889542209;-0.2681159420289855;-0.4688107355545367
Unknown;0.8934221315573688;-0.0763888888888889;-0.1116917629021925
Unknown;0.3801523969520609;0.28125;0.5642745759835803
Unknown;0.1305173896522069;-0.4166666666666667;-0.8498365855987976
Unknown;0.0179196416071678;-0.5957446808510638;-1.071750273453965
Unknown;0.4663506729865402;-0.2488888888888888;-0.4961389383568338
Unknown;0.0300793984120317;0.2222222222222222;1.48002573980191
Low;0.3585128297434051;-0.1955922865013774;-0.3666440712246038
Unknown;0.2134357312853743;0.3555555555555555;0.7511873941464982
Unknown;0.2591948161036779;-0.3369565217391304;-0.6636788670723381
Unknown;0.0007599848003039;0.6231884057971014;2.5339752758675758
Unknown;1.0;0.0030864197530864;0.0797211884879386
Unknown;0.9638207235855284;0.0705128205128205;0.1672314353869184
Unknown;0.6648667026659467;-0.1138014527845036;-0.2751411837845965
Unknown;0.243395132097358;0.3201058201058201;0.5809025770546905
Unknown;0.4367512649747005;-0.2446808510638297;-0.4661250975216738
Unknown;0.4368712625747485;0.1527777777777778;0.4825246905274595
Control;1.0;0.0666666666666666;-0.08304547985374
Unknown;0.4695906081878362;0.3262411347517731;0.427678369445211
Unknown;0.8509029819403612;0.010204081632653;0.2096716569199731
Unknown;0.0001999960000799;-0.5548872180451128;-0.9474132630599044
Unknown;0.0228395432091358;-0.5073891625615764;-0.9654756429457694
Unknown;0.0974380512389752;0.4583333333333333;0.8873192804513151
Unknown;0.4353912921741565;-0.2488888888888888;-0.4818708815494673
Unknown;0.4199116017679646;-0.2075471698113207;-0.426200926629673
Unknown;0.9769804603907922;0.1104651162790697;0.3047439959481968
Unknown;0.495390092198156;-0.2027649769585253;-0.4304874326554357
Unknown;0.7179456410871783;-0.1358024691358024;-0.2052014895072955
Control;1.0;-0.0681818181818181;-0.2795704655946617
Unknown;0.6002279954400912;-0.2325581395348837;-0.332194889546095
Unknown;0.5249895002099958;-0.1697530864197531;-0.3512458158101277
Unknown;0.0863582728345433;0.4814814814814814;0.9166487710016455
Unknown;1.0;-0.0098039215686274;-0.0136807412738865
Unknown;0.7200255994880103;0.110062893081761;0.4341391479017639
Low;0.3357132857342853;0.2777777777777778;0.6383715976920132
Unknown;0.0102797944041119;-0.6326530612244898;-1.1718126478174824
Unknown;1.0;0.0962962962962963;0.0
High;0.868942621147577;0.14;0.2452000051092838
Control;0.4785104297914042;0.1477832512315271;0.4048673464847839
Unknown;0.0126797464050718;0.5638297872340425;1.3413765859528768
Unknown;0.2884342313153737;0.2692307692307692;0.625100908988823
Low;0.0739185216295674;-0.4748427672955975;-0.8934125826368244
Unknown;0.7141857162856743;0.1195652173913043;0.3001935204231813
Unknown;0.0577188456230875;0.3238993710691824;1.104573225545677
Unknown;0.3074738505229895;-0.2833333333333333;-0.6493885018666324
Unknown;1.0;0.0451127819548872;-0.0182999712159389
Unknown;0.6407871842563149;0.1222222222222222;0.5164413334757174
Unknown;0.0049199016019679;-0.7115384615384616;-1.4590403879653062
Unknown;0.0315993680126397;0.4833333333333333;1.071401028308415
Unknown;0.2659546809063818;-0.3259259259259259;-0.6240224142688579
Unknown;0.3056338873222535;-0.2832512315270936;-0.5682603059867514
Unknown;0.5801883962320754;-0.1222222222222222;-0.3893808421392032
Low;0.4567508649827003;0.1439393939393939;0.7411196078283487
Unknown;1.0;0.017094017094017;0.0
Unknown;0.9336213275734484;-0.037037037037037;0.1823417552050647
Unknown;0.8194236115277694;-0.1764705882352941;-0.4555047203271657
Medium;0.2857142857142857;-0.3888888888888889;-0.9071920502411116
Unknown;0.2875542489150217;0.3302107728337236;0.5476214778040988
Unknown;0.1420371592568148;0.3244444444444444;0.9237604307034012
Low;0.3242735145297094;0.3272727272727272;0.7121045619099116
Control;0.6447071058578828;0.2122807017543859;0.3898384337874379
Unknown;0.0001199976000479;0.8581560283687943;1.7273140988737967
Unknown;0.9780604387912242;-0.075187969924812;-0.1813942071165037
Unknown;0.0057998840023199;0.6739130434782609;1.366679164847732
Unknown;0.0304393912121757;0.5448717948717948;1.2020385988337516
Unknown;0.0135597288054238;-0.6041666666666666;-1.285888320162301
Control;0.0239995200095998;0.3582417582417582;1.0582087141635272
Low;0.2705545889082218;-0.3095238095238095;-0.7006916592293853
Control;0.2666746665066699;0.2576923076923076;0.4949519843998413
Unknown;0.7108657826843463;-0.1354166666666666;-0.2477409386631246
Unknown;1.0;0.0711111111111111;0.0781837768391915
Low;0.0873182536349273;-0.3809523809523809;-0.79180466229819
Unknown;0.4436711265774684;0.2116402116402116;0.3798660802460556
Unknown;0.0315593688126237;0.5966666666666667;1.26110460703862
Medium;1.0;-0.043010752688172;-0.2220207697084891
Control;0.0028399432011359;0.6118598382749326;1.4333376996400469
Unknown;0.9685406291874162;-0.1444444444444444;-0.2089932078311165
Unknown;0.0386792264154716;-0.417910447761194;-0.7819326281595096
Unknown;0.0164796704065918;-0.5978260869565217;-1.286724334119839
Unknown;0.5609087818243635;0.1289308176100629;0.5861488643411624
Unknown;0.7088258234835303;-0.0641025641025641;-0.2645778643629777
Unknown;0.0461190776184476;-0.5;-0.9329195313242992
Unknown;0.2204755904881902;-0.3822222222222222;-0.6810052246069987
Unknown;1.0;0.0416666666666666;0.0709842214152023
Unknown;0.8212235755284895;-0.0909090909090909;-0.3302891295379082
Unknown;0.9734205315893684;0.0701754385964912;0.0734302100414892
Unknown;0.6531869362612748;0.1558441558441558;0.3397647942917504
Unknown;1.0;-0.0233766233766233;0.0626573303618119
Unknown;1.0;0.0666666666666666;0.0957704261361146
Unknown;0.1811163776724465;0.3423913043478261;0.6250033512094291
Unknown;0.2005559888802223;0.3412698412698413;0.5468587653713821
Control;0.1815963680726385;-0.3450134770889488;-0.6606825524831537
Unknown;0.6508669826603468;-0.1595744680851064;-0.3398488469182422
Unknown;0.1637967240655186;0.44;0.7509918883733762
Unknown;0.872582548349033;-0.0248226950354609;-0.1535879851915168
Unknown;0.0236795264094718;-0.4812030075187969;-1.2179465978653192
Unknown;0.2795144097118057;0.2576530612244898;0.5792093170149224
Unknown;0.5075498490030199;-0.217391304347826;-0.5494837278298225
Low;1.0;0.0225035161744022;0.0774057379613778
Unknown;0.7970240595188096;-0.1481481481481481;-0.3256694736394648
Unknown;0.0034799304013919;0.6955128205128205;1.4070942716906711
Medium;1.0;0.0476190476190476;0.1329102350022616
Low;0.0491990160196796;-0.490566037735849;-0.9850484156094632
Unknown;0.2795944081118378;0.2;1.3038404810405295
Control;1.0;0.0897435897435897;0.0548215479095072
Control;1.0;-0.0068027210884353;-0.0734630886692453
Unknown;1.0;-0.0789473684210526;-0.2922365218569551
Medium;0.0380392392152156;-0.4629629629629629;-0.9705102606506008
Unknown;0.5174296514069718;0.1962962962962963;0.3826490495975994
Unknown;0.2857942841143177;-0.2901234567901234;-0.5833529778241819
Unknown;0.6508669826603468;-0.1284722222222222;-0.2900443524019641
Unknown;0.121357572848543;-0.374074074074074;-0.7831605910197802
Unknown;0.2343153136937261;-0.3397435897435897;-0.6435748152484662
Control;0.8950620987580249;0.0541586073500967;0.1579841772308285
Low;0.3209535809283814;-0.1790123456790123;-0.7220769914554517
Unknown;0.8871822563548729;-0.0271317829457364;0.2082347730612447
Unknown;0.0008799824003519;0.7687074829931972;1.8523865287779215
Control;1.0;-0.0709876543209876;-0.086066296582387
Unknown;0.6648267034659306;0.1244444444444444;0.3461938579263324
Unknown;0.3589928201435971;0.1931216931216931;0.6073369343165136
Unknown;0.4603507929841403;0.3022222222222222;0.4784702801194553
Unknown;1.0;-0.0222222222222222;-0.0608580619450184
Control;0.116157676846463;0.3411764705882353;1.2498916361697852
Unknown;0.6660666786664267;-0.1078431372549019;-0.3104555605576441
Unknown;0.1897162056758864;0.3395061728395062;0.6804138174397716
Unknown;0.7982240355192897;0.1954887218045112;0.1846046573335635
Unknown;0.1008779824403511;0.4591836734693877;0.8127370565536289
Unknown;0.0201995960080798;-0.3630952380952381;-0.7072767708230103
Unknown;0.254554908901822;-0.3125;-0.6753816335059704
Unknown;0.5953080938381232;0.1773049645390071;0.4079550947746147
Unknown;0.249915001699966;-0.2428571428571428;-0.5530235167335672
Unknown;0.5841083178336434;0.2222222222222222;0.3206169233361225
Unknown;0.874022519549609;0.135593220338983;0.1650661903258667
Medium;0.5494690106197876;0.0969696969696969;0.2464031660918023
Unknown;0.3501529969400612;-0.2708333333333333;-0.6343350474165464
Unknown;0.9606607867842644;-0.0666666666666666;-0.1599389887611356
High;0.9744605107897842;-0.1304347826086956;-0.4196271637081412
Control;1.0;-0.109090909090909;-0.3562326062544144
High;0.240115197696046;-0.25;-0.5593472850946803
Unknown;1.0;-0.0090702947845804;-0.0811264099191652
Unknown;0.0212395752084958;-0.5850340136054422;-1.109879056729779
Unknown;0.5826283474330514;0.202127659574468;0.3269869691980907
Unknown;0.3215135697286054;-0.2788018433179723;-0.558931568354747
Control;0.4299914001719965;0.1211538461538461;0.4203521437290807
Unknown;0.0445991080178396;0.5204081632653061;1.0302995355356674
Unknown;0.2975940481190376;-0.2525510204081632;-0.5202344508362576
Unknown;0.0035599288014239;0.6397058823529411;1.2497637955269791
Unknown;0.4084718305633887;0.1756440281030445;0.4630997282592782
Unknown;0.5624687506249875;0.2311111111111111;0.4342389421232805
Unknown;0.1774764504709906;0.336734693877551;0.6289217453756203
Unknown;0.8453830923381532;0.1555555555555555;0.3071549505676948
Low;0.7234655306893862;-0.1555555555555555;-0.3252005468683183
Unknown;0.0001599968000639;-0.8910256410256411;-1.896053964052308
Unknown;0.1480370392592148;0.3450134770889488;0.7923315145184537
Unknown;0.7765044699106017;0.109375;0.2414900922097495
Unknown;0.4140317193656126;0.2108843537414966;0.5976612435644881
Unknown;0.0017999640007199;-0.7515723270440252;-1.6746182863451953
Unknown;0.6591868162636747;0.2368421052631578;0.3932949912762913
Unknown;0.74662506749865;0.1346153846153846;0.1860347667218434
Low;0.6499470010599788;-0.1408450704225352;-0.3906293670984815
Unknown;0.0140797184056318;0.6581196581196581;1.478139936249678
Unknown;1.0;0.0;0.0
Unknown;0.1618767624647507;0.4184397163120567;0.8386494639476364
Unknown;0.0065598688026239;-0.7377777777777778;-1.4315309289359808
Unknown;1.0;-0.1020408163265306;-0.3505892204335867
Unknown;0.3617927641447171;0.2659574468085106;0.6028653843800089
Unknown;0.0188796224075518;-0.5801282051282052;-1.1628846320117747
Unknown;0.6663866722665547;-0.1569086651053864;-0.3513568445060303
Unknown;0.0812783744325113;-0.3611111111111111;-0.7211781617949519
Unknown;0.0167996640067198;0.5510204081632653;1.157868447043679
Unknown;1.0;0.0080459770114942;0.0274460157997626
Unknown;0.0448391032179356;-0.4219858156028369;-1.0648838370859637
Unknown;0.4265514689706206;-0.225563909774436;-0.4417150226680972
High;0.0656386872262554;-0.3376623376623376;-0.7271669410491232
Unknown;0.122597548049039;-0.4088888888888889;-0.8852587100294373
Unknown;0.0593588128237435;-0.4527845036319612;-0.9096389206661212
Control;1.0;-0.0040816326530612;-0.0496786063588537
Unknown;1.0;-0.0943396226415094;-0.3141426511277622
Unknown;0.5682686346273075;0.0493975903614457;0.2574567528760695
Unknown;0.6931861362772744;-0.173076923076923;-0.4533427744748185
Unknown;0.0099998000039999;0.6028368794326241;1.2993235730423285
Unknown;0.0002399952000959;0.7518518518518519;2.557340735592741
Unknown;0.8455430891382172;0.1319444444444444;0.1788304219175195
Unknown;0.0669186616267674;0.3498542274052478;1.079795899081613
Unknown;0.4318713625727485;-0.1528822055137844;-0.40780205827603
Low;0.2589948201035979;0.3383458646616541;0.5343786236483339
Unknown;0.0432791344173116;-0.53;-0.9444099281347856
Unknown;1.0;-0.0071428571428571;0.0268295138391671
Unknown;0.0723585528289434;-0.4207746478873239;-0.7268568001424032
Unknown;0.8311033779324414;0.0396825396825396;0.1341663992198555
Unknown;0.6769464610707786;0.1666666666666666;0.2953414679002422
Unknown;0.496390072198556;-0.2414965986394557;-0.4939232613494595
Unknown;1.0;-0.0641025641025641;-0.0726783450076715
Unknown;0.8260634787304254;0.2148148148148148;0.2729815604398242
Low;0.4759904801903962;0.2115384615384615;0.4852601138971698
Unknown;0.0987180256394872;0.4680851063829787;0.903058544632461
Unknown;0.2819943601127977;-0.2083333333333333;-0.5196974793911069
Control;0.752984940301194;0.1033333333333333;0.2495441083788837
Unknown;0.9030619387612248;-0.0785714285714285;-0.164776246351644
Control;0.1106377872442551;0.4065934065934066;0.9004057163208968
Unknown;0.8536629267414652;-0.0629629629629629;-0.1964979918736314
Unknown;0.0458390832183356;0.5;1.0392304845413265
Unknown;0.0394392112157756;0.4421768707482993;1.0992038839764078
Unknown;0.7243455130897382;-0.1326530612244898;-0.2004985394902052
Unknown;0.1890362192756144;-0.3478260869565217;-0.7308925282264033
Unknown;0.0530789384212315;0.5069444444444444;0.9217019201869732
Unknown;0.4797904041919161;-0.270042194092827;-0.3253257590596471
Unknown;1.0;0.0177304964539007;-0.0200416592129597
Unknown;0.5758284834303314;-0.1666666666666666;-0.3241488296571746
Unknown;0.125757484850303;-0.427536231884058;-0.7517654820590808
Unknown;0.3029539409211815;-0.3545454545454545;-0.682106517181641
Unknown;0.0015199696006079;-0.74;-1.7532387612205458
Unknown;0.7919041619167617;-0.12;-0.2821382463434393
Control;0.6666266674666507;-0.1175373134328358;-0.2655522021400897
Low;0.2335153296934061;-0.225;-0.5219385401360572
Low;0.0482790344193116;-0.4897959183673469;-0.9139959647255124
Low;0.0386392272154556;0.5703125;0.9894121810895588
Unknown;0.498190036199276;0.2888888888888888;0.5126201297971774
Unknown;1.0;0.1041666666666666;0.1378616986447517
Unknown;0.4255514889702206;0.2666666666666666;0.5205206806958677
Unknown;0.0311193776124477;-0.4328358208955223;-0.9118664336255486
Unknown;1.0;0.0459558823529411;0.0894318429155809
Unknown;0.0227995440091198;0.6274509803921569;1.247145318057358
Control;1.0;-0.0333333333333333;-0.0823244601307713
Low;1.0;-0.0462962962962962;-0.1212985716340745
Unknown;0.1442371152576948;0.3405797101449275;0.8416972336946323
Unknown;0.74762504749905;-0.1437908496732026;-0.3012624701279446
Unknown;0.6635467290654187;0.034274193548387;0.2032566095537102
Unknown;0.0057598848023039;-0.6875;-1.2772519520515944
Unknown;0.5523089538209236;-0.1855345911949685;-0.3369515466387336
Unknown;1.0;-0.0588235294117647;-0.1264466869944256
Unknown;0.4075118497630047;0.3422222222222222;0.5773502691896258
Unknown;0.125797484050319;-0.333984375;-0.6504797382514432
Unknown;0.0001599968000639;0.9555555555555556;2.3664319132398464
Unknown;0.3313533729325413;0.2818181818181818;0.5900797834279949
Unknown;0.3378332433351333;-0.3;-0.4867439095556752
Unknown;0.0655986880262394;0.5070921985815603;0.9347858132375256
Unknown;0.7867042659146817;0.1574074074074074;0.2091424709434644
Control;0.0164396712065758;0.3769230769230769;1.0816409800174418
Unknown;0.0084398312033759;0.7066666666666667;1.549193338482967
Unknown;1.0;-0.0526315789473684;-0.2703690352179375
Unknown;0.0125597488050238;0.5789473684210527;1.174130071320067
Unknown;1.0;-0.0486486486486486;-0.1614366007501894
Unknown;0.0003599928001439;-0.8231292517006803;-1.854311304345028
Unknown;0.1753164936701266;0.1924050632911392;0.564592947589107
Control;0.117077658446831;-0.3835978835978836;-0.7048986298877574
Unknown;0.8308233835323293;-0.0714285714285714;-0.2215071322645862
Unknown;1.0;-0.0142045454545454;-0.0868076487436185
Low;0.0001999960000799;0.8260869565217391;2.2722331478659648
Unknown;0.4169516609667806;0.1775362318840579;0.4671877158006253
Unknown;1.0;-0.088235294117647;-0.201754814584554
Unknown;0.9013019739605208;-0.0726817042606516;-0.1142846747524766
Unknown;0.0081998360032799;0.6021505376344086;1.212201346119887
Unknown;0.612347753044939;-0.1671159029649595;-0.3762965290498596
Unknown;0.0326793464130717;-0.5283018867924528;-0.979919684260439
Unknown;0.6547069058618827;0.181159420289855;0.3256654686966388
Low;0.0822383552328953;0.34375;1.0590060448366911
Unknown;0.0089998200035999;0.6444444444444445;1.404852700859101
Unknown;0.3627927441451171;-0.1666666666666666;-0.4057389656984896
Control;0.5770684586308273;0.1284153005464481;0.3580496543561067
Unknown;0.2135957280854382;0.2176560121765601;0.5408300622781371
Low;0.8248235035299294;-0.1458333333333333;-0.408248290463863
Unknown;0.0093598128037439;0.5326797385620915;1.5712606286847377
Unknown;0.0894382112357752;0.3061224489795918;0.987245854830591
Unknown;0.9184216315673688;0.0592592592592592;0.1720156155140465
Unknown;0.5837483250334994;-0.2145522388059701;-0.2443520259889486
Unknown;0.5623487530249395;-0.2210884353741496;-0.4558696050682557
Unknown;0.1056778864422711;0.5288888888888889;0.9831466325842506
Unknown;0.6040679186416271;0.2533333333333333;0.3921876451814771
Unknown;0.995780084398312;-0.1377777777777777;-0.1885618083164126
Medium;1.0;-0.0754716981132075;-0.2962998616422921
Unknown;0.0193196136077278;0.46875;1.1028542567152853
Unknown;0.6040679186416271;0.0987654320987654;0.3635845598945755
Unknown;0.9365812683746324;0.0638297872340425;0.1203249955574595
Unknown;1.0;0.0222222222222222;0.0343597727924588
Low;0.0591588168236635;-0.5;-0.9986187687582878
Unknown;0.0042399152016959;0.5740740740740741;1.8902234943769625
Unknown;3.999920001599968e-05;-0.7706552706552706;-1.4163052087240984
Unknown;0.0142797144057118;0.3624338624338624;1.5126907738517783
Unknown;0.6396272074558509;0.1292517006802721;0.3207268037593131
Control;1.0;0.0787037037037037;0.0
Unknown;0.1057978840423191;-0.4533333333333333;-0.823238981055213
Unknown;0.3921521569568608;-0.2182539682539682;-0.4432098171199214
Unknown;1.0;-0.0220125786163522;-0.0555623713179712
Unknown;0.3985920281594368;-0.2051948051948052;-0.4621656369048019
Unknown;0.1424371512569748;-0.391304347826087;-0.7867183938373666
Low;1.0;0.0507246376811594;0.1098593847810786
Unknown;0.1375972480550389;-0.4177777777777778;-0.7863768173273058
Unknown;0.4013519729605408;-0.2177777777777777;-0.5393598899705938
Unknown;0.718816067653277;-0.2520325203252032;-0.4305069103586585
Control;0.0676786464270714;-0.4034090909090909;-0.7853692296737697
Unknown;0.8493830123397532;-0.1058201058201058;-0.2234884559593402
Unknown;1.0;0.0068027210884353;-0.1085853137500598
Control;0.7678246435071299;0.1870748299319728;0.220913233529373
Unknown;1.0;-0.0625;-0.147689134796412
Medium;1.0;0.019047619047619;0.0423289994455299
Control;0.5577488450230995;0.2615384615384615;0.2931458189764875
Unknown;0.9724605507889842;0.0833333333333333;0.0959798996937848
Medium;0.6678666426671467;0.0892857142857142;0.4198769263760545
Low;1.0;-0.0196078431372549;-0.146862614204502
Unknown;0.8073438531229375;0.106060606060606;0.3917422548616847
Unknown;0.9508609827803444;-0.0507246376811594;-0.1979131233319198
Unknown;0.254554908901822;-0.29;-0.5727385520304525
Unknown;0.1953960920781584;0.3269230769230769;0.8181158122275282
High;0.6043879122417551;-0.1739130434782608;-0.3690145273616454
Unknown;0.7601447971040579;0.1644444444444444;0.3195741847747844
Unknown;0.4431511369772604;0.1285714285714285;0.3056442433027242
High;1.0;0.0833333333333333;0.1632993161855452
Medium;0.7353852922941542;0.0920096852300242;0.3824307827324044
Unknown;0.2151556968860623;0.3051851851851851;0.5460562927029069
Unknown;0.379192416151677;0.2444444444444444;0.5047811221828803
Low;0.7366652666946661;0.1066666666666666;0.4100916757040452
Unknown;0.0020399592008159;-0.639344262295082;-1.448083672153409
Unknown;0.0851182976340473;0.4149659863945578;0.9061761339909912
Unknown;0.0005199896002079;-0.5891089108910891;-1.1376662695893325
Unknown;0.2023559528809423;-0.2982456140350877;-0.679912275043175
Control;0.4845903081938361;0.21;0.4232808366400098
Unknown;0.0308793824123517;0.4230769230769231;0.964008032777634
High;0.5487090258194837;0.275;0.4548588261473421
Unknown;1.0;0.0113636363636363;0.0
Unknown;0.0137997240055198;0.6030701754385965;1.4058957453791163
Unknown;1.0;0.0166666666666666;-0.0488531968746031
Unknown;0.0655586888262234;0.4977777777777777;1.079569098850762
Unknown;0.3062738745225095;0.2935064935064935;0.5135830740962715
Unknown;0.2526349473010539;-0.3333333333333333;-0.6757110076457676
Unknown;0.0008399832003359;-0.7659574468085106;-1.5214774454527007
Unknown;0.9464610707785844;0.1142857142857142;0.0663976485433774
Unknown;0.0217195656086878;-0.64;-1.1860264890573855
Unknown;0.0117197656046879;0.5851851851851851;1.3455252090229148
Unknown;0.1569968600627987;-0.3571428571428571;-0.6487758945974833
Unknown;1.0;-0.0408163265306122;-0.214538857568648
Unknown;1.0;-0.0246913580246913;-0.1124107004574833
Unknown;1.0;-0.0460992907801418;-0.1115778883467334
Unknown;0.2345553088938221;-0.25;-0.6009252125773316
Low;1.0;-0.0204081632653061;-0.1501133358680772
Unknown;0.1636367272654547;-0.3134920634920635;-0.5989704516745898
Medium;0.5238095238095238;0.4;0.8000000000000003
Unknown;0.0532789344213115;0.3625;1.13430512755264
Unknown;1.0;-0.0786163522012578;-0.1231370901654159
Medium;0.5545889082218356;-0.2037037037037037;-0.4930268706966994
Unknown;0.6131877362452751;0.2044025157232704;0.2947032833086516
Unknown;0.0929181416371672;0.38;1.072421789957301
Unknown;3.999920001599968e-05;0.8564064801178203;2.733355420467245
Unknown;0.3487530249395012;-0.2363636363636363;-0.5810872031479766
Unknown;0.9189416211675766;-0.1064935064935064;-0.1423328095527396
Control;0.2133957320853582;-0.3208430913348946;-0.5838113252074155
Unknown;1.0;-0.1;-0.0888398220961465
Unknown;0.0011999760004799;0.7293233082706767;1.5770433568367044
Unknown;1.0;-0.0454545454545454;-0.0861514352646808
Unknown;0.505989880202396;0.1847826086956521;0.3532754025469919
Unknown;0.1012379752404951;-0.4230769230769231;-0.7713749860606633
Low;0.629467410651787;0.1888888888888888;0.3960730020785535
Unknown;0.0783184336313273;0.4272727272727272;0.997613560435364
Medium;0.4510309793804123;0.2391304347826087;0.5250970542823545
Unknown;0.869062618747625;-0.1363636363636363;-0.2087191790047416
Control;0.3071538569228615;0.3103448275862069;0.5532138289988155
Unknown;0.6891462170756585;-0.2444444444444444;-0.3000437413430915
Unknown;0.4193116137677246;0.2566666666666666;0.4466267007648172
Unknown;0.9458610827783444;-0.0816326530612244;0.082739206457384
Medium;0.7339053218935622;-0.1428571428571428;-0.4260840516231732
Unknown;0.0522789544209115;-0.4807692307692308;-0.8809188949883587
Low;0.7201855962880742;0.141025641025641;0.3440260803587758
Unknown;0.7659046819063619;0.0987654320987654;0.220666046991496
Unknown;1.0;0.0;
Unknown;1.0;-0.0096153846153846;-0.0140790220519949
Control;0.8081438371232575;-0.1088435374149659;-0.2211048428931166
Unknown;0.493670126597468;-0.1724137931034483;-0.4794633014853841
Unknown;0.8112237755244895;-0.0976190476190476;-0.2139124808752866
High;0.4390312193756125;0.1291585127201565;0.3339167322796962
Unknown;0.3911921761564769;-0.2857142857142857;-0.4866309172481396
Low;1.0;-0.0256410256410256;-0.1693442142146852
Unknown;0.6448671026579469;0.1584415584415584;0.3141331858071162
Unknown;1.0;-0.0222222222222222;-0.0441188397338905
Unknown;0.5493890122197556;0.1928104575163398;0.352067910764217
Unknown;0.1393972120557589;0.4148148148148148;0.7876632762116731
Unknown;0.9207415851682966;0.0288461538461538;-0.1363457191082707
Unknown;0.2352352952940941;0.2906403940886699;0.6121019064475955
Unknown;0.3608727825443491;0.1518518518518518;0.5235551855940876
Unknown;1.0;-0.0816326530612244;-0.204057202303616
Unknown;0.1302773944521109;-0.425531914893617;-0.7787524262848092
Unknown;0.4560708785824283;-0.2254901960784313;-0.4564354645876383
Unknown;0.9002619947601048;-0.0833333333333333;-0.1414939358449806
Unknown;0.1723565528689426;0.4183006535947712;0.6736433622755843
Unknown;0.0900781984360312;-0.4313725490196078;-0.904500056157495
Unknown;0.1509169816603668;-0.375;-0.759105483283959
Unknown;0.0039199216015679;0.7538461538461538;1.5020818885799805
Control;0.5615763546798029;0.3703703703703703;0.7810389148386747
Low;1.0;-0.0434782608695652;-0.2222771122371935
Unknown;0.0265994680106397;-0.5011709601873536;-0.8890617043609641
Unknown;1.0;-0.0441176470588235;-0.2241121244910489
Unknown;0.0730385392292154;-0.3823529411764705;-0.7292081551245693
Unknown;0.0106397872042559;0.6145833333333334;1.3370438062187773
Unknown;0.0321993560128797;-0.5481481481481482;-1.0456521552371352
Unknown;0.1913161736765264;0.3066666666666666;0.7413457330658615
Low;1.0;0.0;
Control;0.6648667026659467;-0.1308016877637131;-0.3120174962953219
Medium;0.0546389072218555;-0.4385964912280701;-0.8940006842802283
Unknown;0.2601547969040619;-0.3111111111111111;-0.70125335821045
Control;1.0;-0.048780487804878;-0.2345941101089521
Unknown;0.0427191456170876;0.5370370370370371;0.9573128942217176
Unknown;0.2058358832823343;0.3814814814814815;0.6691292237891384
Unknown;0.6085878282434352;-0.1016617790811339;-0.2493215817383327
Unknown;0.996220075598488;-0.0032679738562091;0.105434502687183
Medium;0.1339573208535829;-0.3389830508474576;-0.7226625331726105
Unknown;1.0;0.1304347826086956;-0.0291704894020454
Unknown;0.9577808443831124;-0.1045751633986928;-0.2183912854880124
Control;0.8436631267374652;-0.125;-0.2522249029510233
Unknown;0.123997520049599;-0.3157894736842105;-0.591404431777768
Unknown;0.2119957600847983;-0.2241379310344827;-0.5838659487785979
Unknown;1.0;0.0;
Unknown;0.7244255114897702;-0.0747663551401869;-0.2997843713570166
Unknown;0.7668646627067459;0.1265432098765432;0.1990747226622063
Control;1.0;0.1132075471698113;0.0501463900841459
Control;0.1837563248735025;-0.3392857142857143;-0.5736404210392894
Unknown;0.0557988840223195;-0.4722222222222222;-0.783525354619481
Unknown;0.115637687246255;0.434640522875817;0.7370364942327778
Control;1.0;0.0317460317460317;0.0135287751314437
Unknown;0.7064658706825864;0.0863636363636363;0.261592457260527
Unknown;0.874222515549689;-0.0857142857142857;-0.3065548949445398
Unknown;0.9524209515809684;-0.1121794871794871;-0.2190982530872236
Medium;0.377872442551149;0.3170731707317073;0.5514330137492122
Unknown;1.0;-0.0535714285714285;-0.2483096493104945
Unknown;1.0;0.0238095238095238;0.0218255779433657
Unknown;1.0;0.0295566502463054;-0.028169937794899
Unknown;0.9277014459710806;0.0925925925925925;0.1263879746273328
Unknown;0.7062658746825063;-0.1159420289855072;-0.2654258571960858
Unknown;0.5921481570368593;0.2711111111111111;0.4047100025020527
Unknown;0.0266794664106717;-0.4054054054054054;-0.8427733891259914
Unknown;0.0236395272094558;0.5035211267605634;1.017613389559077
Unknown;0.5571488570228595;0.1258503401360544;0.3406355891250647
Unknown;0.0091598168036639;0.6222222222222222;1.356604432712226
Unknown;0.0707585848283034;0.4740740740740741;0.9708108797904328
Unknown;0.2073158536829263;0.3777777777777777;0.8735194924158035
High;0.7992240155196896;0.1506493506493506;0.2097993835443496
Unknown;0.4262314753704926;0.3333333333333333;0.3861436048050046
Medium;0.867102657946841;-0.0819277108433735;-0.2225305454927292
Unknown;0.0360792784144317;-0.4012048192771084;-0.7549496842624719
Unknown;0.0815583688326233;0.4421768707482993;1.0249640261905546
Unknown;0.125237495250095;0.319634703196347;0.6802143171624879
Unknown;0.9667406651866962;-0.0884353741496598;-0.1590062145359226
Control;0.8066238675226496;0.1764705882352941;0.4763305116224669
Unknown;1.0;0.0222222222222222;0.1556997888323048
Unknown;1.0;0.0222222222222222;-0.107676380411633
Unknown;1.0;0.0141843971631205;0.0511554667040296
Unknown;0.0363992720145597;0.6296296296296297;1.131392238790306
Unknown;0.3609527809443811;-0.2103703703703703;-0.4212844283206808
Unknown;0.0377192456150877;-0.3433333333333333;-1.0322117242129023
Unknown;0.0124397512049759;0.76;1.5513435037626797
Control;0.4233515329693406;0.0972222222222222;0.631071334166419
Low;0.1361972760544789;-0.25;-0.6030226891555273
Unknown;0.0713185736285274;0.5;0.9672041516493516
Unknown;0.124397512049759;-0.3958333333333333;-0.8424785545890938
Unknown;0.9461810763784724;0.1347517730496454;0.1378243218151276
Unknown;0.113917721645567;-0.2448835568101623;-0.5337854656856255
Unknown;0.117837643247135;0.2777777777777778;0.8570083295022041
Unknown;0.1319173616527669;-0.4019607843137255;-0.7788392991385952
Unknown;0.9630607387852242;-0.1159420289855072;-0.2572121234582987
Unknown;0.2618747625047499;0.238095238095238;0.5852027109033803
High;0.5147097058058839;0.3137254901960784;0.4032297961170794
Unknown;0.7251454970900582;-0.0884615384615384;-0.1936022241054305
High;1.0;-0.0212765957446808;-0.155086440043259
Unknown;0.0097598048039039;-0.6410256410256411;-1.2150463598503134
Control;0.7362652746945061;-0.0858585858585858;-0.2026593358210185
Low;0.8017839643207136;0.1347517730496454;0.2572147736932828
Unknown;1.0;0.032051282051282;-0.0317992983789357
Unknown;0.7939841203175937;-0.1268115942028985;-0.2290841634984288
Unknown;1.0;0.0454545454545454;0.0893980312535348
Unknown;1.0;-0.074074074074074;0.0877230177129731
Unknown;1.0;0.0136054421768707;0.0078198879470614
Control;0.0003599928001439;-0.8148148148148148;-1.8180055508123143
Unknown;0.2142357152856943;0.3616352201257861;0.697244252897216
Unknown;0.0609987800243995;-0.4285714285714285;-0.8825501028467727
Unknown;0.2355952880942381;0.4489795918367347;0.665508853367114
Unknown;0.9267814643707126;-0.0097751710654936;0.0838654975664833
Unknown;0.753904921901562;-0.1518518518518518;-0.2461810946240623
Unknown;0.3527529449411011;-0.3263888888888889;-0.5270462766947297
Unknown;1.0;-0.1538461538461538;-0.4264014327112208
Low;0.6645867082658347;-0.1309523809523809;-0.3131908861814512
Unknown;0.8054238915221695;-0.1458333333333333;-0.2264554068289192
Unknown;0.7331853362932741;-0.1594202898550724;-0.3249187804560602
Unknown;0.0472390552188956;-0.4895833333333333;-0.9073223097076804
Unknown;0.0195196096078078;-0.4657534246575342;-0.8978759113204943
Unknown;0.0013199736005279;-0.7450980392156863;-1.386206560167344
Medium;1.0;-0.0888888888888888;-0.3259341380258032
Unknown;0.4335513289734205;0.3155555555555555;0.5262545781279971
Unknown;0.2710745785084298;-0.3194444444444444;-0.5806634506933839
Unknown;0.0109997800043999;-0.6089743589743589;-1.2299322734273257
Unknown;1.0;0.0;
Control;0.7639847203055938;-0.1058201058201058;-0.2191003125293648
High;0.0161596768064638;-0.5933333333333334;-1.382010533438329
Unknown;0.1351972960540789;0.2896825396825397;0.6635457670933068
Unknown;0.0352792944141117;0.3719676549865229;1.3288542301373063
Unknown;0.0102797944041119;-0.6304347826086957;-1.3616974512897886
Unknown;0.2832743345133097;0.4019607843137255;0.542446758977359
Unknown;0.5723885522289555;0.1928104575163398;0.3407600881573788
Low;1.0;0.0;
Unknown;0.4611507769844603;-0.2448979591836734;-0.4787039316563519
Medium;1.0;-0.0925925925925925;-0.3151612275115695
Unknown;1.0;-0.1363636363636363;-0.4018497898326148
Unknown;0.4768304633907322;-0.2037037037037037;-0.3490788859476839
Unknown;0.7117457650846983;-0.1666666666666666;-0.3638217273717699
Unknown;0.6448271034579308;0.1222222222222222;0.5164413334757174
Unknown;0.2678746425071499;0.2756680731364275;0.5166485852072438
Unknown;0.1290374192516149;-0.4259259259259259;-0.7212374686873472
Control;0.992260154796904;-0.1291291291291291;-0.1328544442786507
Unknown;0.0325193496130077;0.5128805620608899;0.8751636434548793
Low;0.4405511889762205;-0.2063492063492063;-0.5297498661018429
Unknown;0.2817543649127017;-0.301418439716312;-0.6292489357018276
Unknown;0.4873502529949401;0.2978723404255319;0.4357678476221904
Unknown;0.0174396512069758;-0.6014492753623188;-1.241358751691937
Medium;1.0;0.025;0.0489060276900418
Unknown;0.9355412891742164;0.1234567901234567;0.1908121868397792
Unknown;0.1019579608407831;-0.4488888888888889;-0.9221249727714812
Unknown;0.0149597008059838;0.5780141843971631;1.3472549534781124
Unknown;1.0;-0.125;-0.2906190968595482
Unknown;0.0795184096318073;0.4652777777777778;0.911285707327043
Control;1.0;0.0;0.0
Unknown;0.3273534529309413;0.358974358974359;0.5867429743750514
Low;0.0384792304153916;-0.5777777777777777;-1.2081593946193594
Unknown;0.4363112737745245;0.2925170068027211;0.4929636533917545
Unknown;1.0;0.03125;-0.0399435045313558
Unknown;0.495070098598028;0.1093023255813953;0.2915429809457702
Unknown;0.9529009419811604;-0.125;-0.3933978962347215
Unknown;0.2069158616827663;0.4;0.706440901392334
Unknown;0.4114317713645727;0.2465277777777778;0.451200621879151
Unknown;0.3536329273414532;0.261501210653753;0.5009658407401394
Unknown;0.2116757664846703;-0.2367864693446088;-0.4706140098023786
Unknown;1.0;-0.0408163265306122;-0.2062842492517586
Unknown;0.8991820163596728;-0.1008064516129032;-0.2428821263036346
Unknown;0.0172796544069118;-0.6150793650793651;-1.089920008774063
Unknown;0.0259994800103997;-0.544973544973545;-1.006096652538325
Unknown;0.5334693306133877;-0.2127659574468085;-0.541545931015694
Unknown;0.0029599408011839;-0.7111111111111111;-1.3708696494235697
Unknown;0.5731485370292594;0.2014051522248243;0.3069829901253527
Unknown;0.2216755664886702;-0.3822222222222222;-0.7133763750064217
Unknown;0.0049599008019839;-0.6206896551724138;-1.1957618296519188
Unknown;1.0;0.0681818181818181;0.0689360146778136
Unknown;0.0005199896002079;0.7427536231884058;2.480342862855478
Unknown;0.0764784704305913;-0.4625850340136054;-0.9105836410651844
Unknown;7.999840003199936e-05;-0.8159806295399515;-2.054035500176314
Low;0.9720605587888242;0.2040816326530612;0.0549911201698232
Unknown;0.7691446171076578;-0.1527777777777778;-0.258715361824411
Unknown;0.0055198896022079;0.6370370370370371;1.637629183654013
Unknown;0.0107197856042879;0.6170212765957447;1.3458045598516797
Unknown;0.5397092058158837;-0.1699346405228758;-0.3980580192275619
Unknown;0.0002799944001119;0.7465277777777778;2.033805211017917
Medium;0.4843503129937401;0.1952380952380952;0.4461471222691856
Unknown;0.0064798704025919;-0.6538461538461539;-1.132722900290699
Medium;0.0004799904001919;-0.6582278481012658;-1.2543708788233765
Unknown;1.0;-0.041871921182266;-0.0938169050485732
Unknown;0.0562788744225115;0.4964539007092198;1.155663946991717
Unknown;1.0;-0.0407407407407407;-0.0697216688778398
Unknown;0.1391972160556789;0.4074074074074074;0.8281427322803893
Unknown;0.0034799304013919;0.6650602409638554;1.1838304825189607
Low;0.6840263194736105;-0.15;-0.4131415729155905
Unknown;0.0027599448011039;0.6701388888888888;1.277245894653049
Unknown;0.1026379472410551;-0.4290123456790123;-0.7906041890382427
Unknown;1.0;-0.093167701863354;-0.0033918567015793
Unknown;0.123277534449311;0.3069403714565005;0.6095108666000111
Unknown;0.0291194176116477;-0.5306122448979592;-1.0333620416138103
Unknown;1.0;-0.0508474576271186;-0.2410630211070923
Unknown;1.0;-0.1111111111111111;-0.3478327964999672
High;0.5441091178176436;-0.0768175582990397;-0.2949948835673671
Unknown;0.0276794464110717;0.4344827586206896;0.8356241620768443
Control;1.0;0.06;0.0848528137423856
Unknown;0.0612387752244955;0.375;0.9710241660404146
Low;0.0021199576008479;-0.5280898876404494;-0.9879980002922302
Control;0.0841583168336633;0.4978723404255319;1.012028376905879
Unknown;1.0;0.0;
Low;1.0;-0.05;-0.2513123449750173
Unknown;0.0101197976040479;-0.6370370370370371;-1.2632251099618088
Unknown;0.0448391032179356;0.5035460992907801;0.997633829387648
Unknown;0.9109017819643608;0.1358024691358024;0.1777369234102894
Unknown;0.498870022599548;0.3041666666666666;0.3981941217026672
Control;0.0717585648287034;0.3119143239625167;0.8627239422515958
Unknown;0.0340393192136157;-0.5705128205128205;-0.9858783754036258
Unknown;0.1279574408511829;0.4691358024691358;0.8390919572793945
Unknown;1.0;-0.0793650793650793;0.0
Unknown;0.9295014099718004;0.0222222222222222;0.1210862465943298
Unknown;0.6133477330453391;-0.1914893617021276;-0.5069505697591938
Unknown;0.2074358512829743;-0.3429487179487179;-0.6325932305489176
Unknown;0.1826363472730545;0.4421768707482993;0.6909974511367443
Unknown;0.0317593648127037;-0.5079365079365079;-0.9327122138714468
Unknown;0.0354792904141917;-0.5012531328320802;-0.8584291875300617
Low;1.0;-0.0222222222222222;-0.1556997888323046
Unknown;0.0187596248075038;0.562358276643991;1.1488068685081552
Low;0.2839543209135817;-0.3181818181818182;-0.7426406610973785
Medium;1.0;-0.0208333333333333;-0.1518210966567918
Unknown;0.1124777504449911;-0.4130434782608695;-0.7814584263612278
High;0.1887562248755024;-0.3478260869565217;-0.7613869876268812
Unknown;1.0;-0.0277777777777777;-0.1781741612749496
Unknown;0.8447831043379133;0.0674698795180722;0.1928171975529043
Unknown;0.7253054938901222;-0.1428571428571428;-0.3962304342154409
Unknown;0.7870242595148097;-0.1538461538461538;-0.4424976788687097
Low;1.0;-0.0015873015873015;-0.0046155146870621
Unknown;0.8939421211575769;0.14;0.2761705829659298
Unknown;0.0933181336373272;-0.4081632653061224;-0.7319552766620168
Unknown;0.376032479350413;0.1778975741239892;0.4995755411084837
Unknown;0.3019939601207976;0.1895424836601307;0.6085963362580121
Unknown;0.1312773744525109;-0.4533333333333333;-0.8783100656536799
Unknown;0.9254614907701846;0.0797101449275362;0.1923866393224507
Unknown;0.3495930081398372;-0.2692307692307692;-0.6298897789321866
Unknown;1.0;-0.0314465408805031;-0.0959464498646571
Unknown;1.0;-0.0340136054421768;-0.1083702511084657
Control;0.4360312793744125;-0.2758620689655172;-0.5581602159931165
Unknown;0.3951120977580448;-0.1666666666666666;-0.4974004506400586
Unknown;0.1979160416791664;-0.3616352201257861;-0.6516321121057109
Unknown;0.4635907281854363;0.2551020408163265;0.4510924559277873
Unknown;0.6166276674466511;-0.1914893617021276;-0.4835898409423589
Unknown;1.0;-0.0755555555555555;-0.1108867411207854
Unknown;0.0153996920061598;0.5666666666666667;0.9708476722772482
Low;0.631907361852763;-0.1307692307692307;-0.3332033783383014
Unknown;0.0219995600087998;-0.6163522012578616;-1.0457025481121156
Unknown;0.1764364712705746;0.1343283582089552;0.6919589122151906
Unknown;3.999920001599968e-05;-0.651685393258427;-1.270258967666671
Unknown;0.627027459450811;-0.1102941176470588;-0.2712252974265838
Unknown;1.0;0.0289855072463768;0.0393914544466804
Unknown;0.2884342313153737;-0.3144654088050314;-0.6098875233502671
Control;0.5087719298245614;-0.4705882352941176;-0.6957252427829382
Medium;0.0629187416251675;-0.3421052631578947;-0.7346830225490216
Unknown;1.0;-0.0413533834586466;-0.105813149719955
Unknown;0.0530389392212155;-0.4166666666666667;-0.9784921095801632
Unknown;0.2019559608807823;0.3244444444444444;0.7289976671678564
Unknown;0.749345013099738;0.1739130434782608;0.3017514696982568
Unknown;0.5837483250334994;-0.2;-0.5217491947499509
Control;0.2325153496930061;0.2844444444444444;0.5432122599532573
Low;0.6080678386432271;0.2176870748299319;0.3168691431717926
Unknown;1.0;0.0837209302325581;0.0436099617973938
High;1.0;0.0555555555555555;0.169277791692336
Control;0.7940641187176256;-0.1009852216748768;-0.2541571477292225
Unknown;0.6471070578588428;0.231578947368421;0.328609159641995
Unknown;0.8660226795464091;-0.078125;-0.1603920000110547
Unknown;0.242395152096958;0.2556390977443609;0.6292121309897106
Unknown;0.0369592608147837;-0.4166666666666667;-0.841120082507414
Unknown;0.0717185656286874;-0.4855072463768116;-0.8811992470192065
Low;0.6810663786724266;-0.25;-0.5931710140017395
Unknown;0.8278634427311454;0.1143790849673202;0.2882181308618757
Unknown;0.4786304273914522;0.0544871794871794;0.4852601138971698
Unknown;1.0;-0.0612244897959183;-0.2495039859904175
Unknown;0.0992380152396952;-0.3285714285714285;-0.7016346774189153
Unknown;0.8902621947561049;-0.1590909090909091;-0.4495424919720626
Unknown;0.2877942441151176;-0.2745098039215686;-0.5312993839565964
Unknown;0.0159596808063838;0.5833333333333334;1.2475506487236423
Unknown;0.2298754024919501;-0.3641975308641975;-0.5973344103748432
High;1.0;-0.0769230769230769;-0.1677605130642779
Unknown;0.9537409251814964;-0.1076388888888889;-0.2524390821487007
Unknown;0.8669426611467771;-0.0446127946127946;0.0998758051436514
Unknown;0.0554788904221915;0.402020202020202;0.7242389930545184
High;1.0;-0.0714285714285714;-0.2894671117609197
Unknown;0.5918681626367472;-0.1739130434782608;-0.4831248399575223
Unknown;0.8357832843343133;-0.0985915492957746;-0.3466387899589793
Unknown;0.0323193536129277;-0.4807692307692308;-0.8656071105839676
Unknown;0.7258254834903302;-0.1333333333333333;-0.2970778537856679
Unknown;0.4149517009659806;0.2118055555555555;0.4439794978219329
Unknown;0.0735185296294074;0.3958333333333333;1.1673301581067592
Unknown;0.1952360952780944;0.3804347826086957;0.6730239874960631
Unknown;0.8416231675366492;-0.2101449275362318;-0.1801290185825051
Unknown;1.0;0.0115207373271889;0.0254152031877087
Unknown;0.0043999120017599;0.6833333333333333;1.7862391395388206
Unknown;1.0;-0.037037037037037;-0.2135042050734495
Unknown;0.8771929824561403;-0.3513513513513513;-0.6740938478604224
Low;1.0;-0.0465116279069767;-0.2296758424959084
Unknown;0.5185896282074358;-0.2152777777777778;-0.3933978962347215
Unknown;0.8191836163276734;0.141025641025641;0.2857383834063721
Unknown;0.0003999920001599;0.5306324110671937;1.3929493336620244
Unknown;0.1017179656406871;0.48;0.9153920208141468
Unknown;0.121317573648527;-0.4366666666666666;-0.7734147609790347
Unknown;1.0;0.0197044334975369;0.0346450814127725
Unknown;0.0908781824363512;0.4861111111111111;0.8752518121139662
Unknown;0.2811143777124457;-0.213235294117647;-0.4632666070229864
Unknown;1.0;-0.075;-0.1679438245519263
High;0.3853922921541569;-0.2549019607843137;-0.6074018838492452
Unknown;0.3637527249455011;-0.2666666666666666;-0.6292532049656924
Unknown;0.0014799704005919;-0.5428571428571428;-1.1208743051202716
Unknown;0.4038319233615328;0.2772727272727273;0.6242881965223253
Unknown;0.1480370392592148;0.3246753246753247;0.6220586551000583
Unknown;0.3276734465310694;-0.1875;-0.4056480110060071
Unknown;0.4489510209795804;0.3863636363636363;0.4872101572973796
Control;0.9135817283654328;0.0990783410138248;0.1753229980740343
Low;0.8365032699346013;-0.0897435897435897;-0.3297021429558811
Unknown;0.375752484950301;-0.2430555555555555;-0.5637945294671509
Unknown;0.0078398432031359;0.7326388888888888;1.4494861506789571
Unknown;0.0001599968000639;0.6662162162162162;1.9711072747513996
Unknown;0.123197536049279;0.2888888888888888;1.1226870354663678
Unknown;0.8582228355432892;0.0566893424036281;0.1485864128307903
Unknown;0.0808783824323513;-0.4782608695652174;-0.8685639018701934
Unknown;0.617507649847003;0.1064935064935064;0.4943467968671238
Control;1.0;-0.2075471698113207;-0.407210809014205
Control;0.1611967760644787;-0.3571428571428571;-0.6761338314117308
Unknown;0.5188696226075479;0.2711111111111111;0.4529108136578382
Unknown;0.8955465587044534;0.1711711711711711;0.4422067532675413
Unknown;0.8481830363392732;-0.1053864168618267;-0.2024692293161502
Unknown;0.0734785304293914;0.3418367346938775;0.8855069313193772
Unknown;0.0014399712005759;0.7117346938775511;1.5111634038009774
Unknown;0.0424391512169756;-0.3836163836163836;-0.7044792252773416
Medium;0.3050738985220295;0.2178571428571428;0.5688669870207347
Low;0.9006219875602488;-0.1047619047619047;-0.2070065082395361
Unknown;0.0030399392012159;-0.6428571428571429;-1.167893469148408
Unknown;0.5513889722205556;-0.1938775510204081;-0.3969168197038938
Control;0.0040471785383903;0.9111111111111112;2.0959775030094416
Unknown;0.4046719065618687;0.1466666666666666;0.8003675626198988
Control;0.2055558888822223;0.354679802955665;0.643267520902677
Unknown;0.872862542749145;-0.1111111111111111;-0.2425913739452491
Unknown;0.3367532649347013;0.1604938271604938;0.3920688863067864
Unknown;0.0721185576288474;0.4242424242424242;0.8522980891630866
Unknown;0.6044679106417872;-0.2441558441558441;-0.2781025054103254
Unknown;0.7634647307053859;-0.16;-0.4535573676110725
Unknown;0.0090798184036319;0.662962962962963;1.2815718283399562
Medium;0.3403531929361413;-0.217391304347826;-0.5603656501211943
Unknown;1.0;-0.0588235294117647;-0.2596188760169678
Unknown;0.9053418931621368;-0.1555555555555555;-0.4432733108029125
Unknown;0.7001059978800424;0.1773049645390071;0.2694498538807742
Unknown;0.5095898082038359;0.037037037037037;0.3598143553866114
Unknown;0.0093598128037439;-0.7124183006535948;-1.3395958822473086
Low;1.0;-0.0022727272727272;0.0262590858308221
Unknown;0.0334793304133917;-0.513317191283293;-0.933289209361498
Unknown;0.3911921761564769;-0.2549019607843137;-0.583886518221356
Unknown;0.0119997600047999;0.5738498789346247;1.0736287927267216
Unknown;0.8357032859342813;-0.119047619047619;-0.190709072463829
Unknown;0.5666686666266675;0.1378205128205128;0.3939820824698797
Unknown;0.7735191637630662;0.3;0.7223151185146152
Unknown;0.2356352872942541;-0.3541666666666667;-0.7471660769441981
Unknown;0.2561548769024619;0.2117647058823529;0.4122549345750396
Unknown;0.742705145897082;-0.1555555555555555;-0.31752644813856
High;0.7079458410831784;0.0634615384615384;0.2318016828014213
Unknown;0.73962520749585;0.1702127659574468;0.3039911998271895
Unknown;1.0;0.0666666666666666;0.039307306924825
Control;3.999920001599968e-05;-0.8175824175824176;-1.8296866215363785
Low;0.115837683246335;-0.3941798941798942;-0.7427364300461292
Unknown;0.2943541129177416;-0.2954545454545454;-0.6763712041956715
Unknown;0.8444444444444444;0.1590909090909091;0.3882901373576604
Unknown;0.5833483330333393;0.2329545454545454;0.2770764344964276
Medium;0.3083138337233255;-0.2888888888888888;-0.6651023313078305
Unknown;0.9081018379632408;-0.0898617511520737;-0.2453685096417508
Unknown;0.0490790184196316;-0.4833333333333333;-0.9793475199655096
Unknown;1.0;0.0277777777777777;-0.0786795792469443
Unknown;0.614507709845803;-0.1481481481481481;-0.4395869822638579
Unknown;1.0;-0.0062893081761006;-0.0130593785184142
Unknown;1.0;0.0264550264550264;0.0591578901417526
Unknown;3.999920001599968e-05;-0.6730769230769231;-1.4708526305837162
Unknown;0.0001199976000479;0.7081967213114754;2.3059529454930785
Control;0.8317833643327134;0.2545454545454545;0.1521488236187677
Unknown;0.2632347353052939;0.3549382716049383;0.6634111456505476
Unknown;0.989620207595848;-0.0409090909090909;-0.1880844218306967
Unknown;0.3309933801323974;0.3293650793650793;0.501711647819018
Unknown;0.0007599848003039;-0.711864406779661;-1.3782997481815622
Unknown;0.1389972200555989;-0.4148936170212766;-0.7220602402704331
Unknown;0.3547929041419171;-0.3720930232558139;-0.7220006802368781
Unknown;0.7776644467110658;-0.1598639455782313;-0.341581218470813
High;1.0;0.0702576112412178;0.1714214475683859
Unknown;0.9310613787724246;-0.0136054421768707;0.1108565209837356
Unknown;1.0;-0.0303030303030303;-0.1794351406413183
Control;0.0808383832323353;0.4334928229665071;0.6635874200263562
Unknown;0.2297154056918861;-0.3407407407407407;-0.6477682302438383
Low;1.0;-0.0444444444444444;-0.2130032168075646
Unknown;0.1269974600507989;0.4202898550724637;0.8584316073469266
Unknown;1.0;-0.0331632653061224;-0.024828622718628
Unknown;1.0;-0.0303030303030303;-0.184637236468999
Unknown;0.0222395552088958;-0.6311111111111111;-1.280514081163006
Unknown;0.0478790424191516;-0.5;-0.9062793976983144
Unknown;0.0314393712125757;0.5012987012987012;1.09463012085427
Low;0.0871982560348793;-0.4375;-0.836843968501019
Unknown;0.7235855282894342;-0.0760869565217391;-0.1799165068270721
Unknown;0.2319953600927981;-0.2833333333333333;-0.6146855527763827
Low;1.0;0.0490196078431372;0.1181918706902768
Unknown;1.0;0.0711111111111111;0.1692198178587604
Unknown;0.0023999520009599;-0.6311688311688312;-1.530583339726182
Unknown;0.0009199816003679;-0.7777777777777778;-1.580493513541528
Unknown;0.3525129497410051;0.3422222222222222;0.5751536210124328
Low;0.2617547649047019;-0.2585227272727273;-0.5245154654913438
Unknown;0.6852262954740905;0.0925925925925925;0.281173920010896
Unknown;0.3877522449551009;-0.2553191489361702;-0.6099479274201477
Unknown;0.9507409851802964;0.1111111111111111;0.2381965336701655
Unknown;0.498190036199276;0.3111111111111111;0.4194394673271061
Unknown;0.0034799304013919;-0.7073170731707317;-1.5463758631408246
Unknown;0.2027159456810864;-0.3422222222222222;-0.7490253407188312
Unknown;0.2905141897162057;0.1428571428571428;1.0465362369445672
Unknown;0.7939841203175937;0.1111111111111111;0.2469831112569012
Unknown;0.6859462810743785;0.1176470588235294;0.2466026107179993
Unknown;0.3600327993440131;-0.2977777777777777;-0.5487283575575098
Unknown;0.8629027419451611;-0.1444444444444444;-0.3068663294774195
Unknown;0.5423804226918799;0.2619047619047619;0.8877978854192528
Unknown;0.0001599968000639;0.8141025641025641;2.62525156230541
Unknown;0.7286654266914662;0.1702127659574468;0.3039911998271895
Unknown;0.2077558448831023;0.4219858156028369;0.6617794676315385
Unknown;0.0275994480110397;-0.492063492063492;-0.9578837333512968
Unknown;0.9348613027739444;-0.09375;-0.2282177322938192
Unknown;0.2738345233095338;-0.2872807017543859;-0.4938720848791822
Unknown;0.4642707145857083;-0.1961259079903147;-0.4322749454989234
Unknown;0.0050398992020159;0.6594202898550725;1.7092344183365462
Unknown;0.4030319393612128;0.1938775510204081;0.4732706090187863
Unknown;0.3333333333333333;0.25;1.35400640077266
Unknown;0.0015199696006079;0.6945812807881774;1.518805722008759
Unknown;0.0087598248035039;0.6147959183673469;1.2172723933020655
Unknown;0.0558388832223355;-0.24;-0.5883071163583649
Unknown;0.9780604387912242;-0.1034482758620689;-0.3540219837619373
Unknown;1.0;0.0291005291005291;-0.0118957642752512
Unknown;0.99530009399812;0.1296296296296296;0.1823417552050646
Unknown;0.4681906361872762;-0.16;-0.4563485162175595
Unknown;0.248915021699566;-0.3125;-0.5992833373434161
Unknown;0.3191536169276614;-0.2397094430992736;-0.4657771195998395
Medium;0.7142257154856902;0.1693548387096774;0.3142438179028999
Unknown;0.0469190616187676;0.5222222222222223;1.1293246218723396
Unknown;0.8037439251214976;-0.1333333333333333;-0.2942073412628816
Unknown;0.1004779904401911;0.4326923076923077;0.8091285754235021
Unknown;0.7939841203175937;0.1346153846153846;0.2138576773943204
Low;0.5939881202375953;-0.1956521739130435;-0.5141933776432958
Unknown;0.0940381192376152;-0.3793103448275862;-0.7527090282612887
Unknown;0.8980220395592088;0.0046728971962616;-0.1006045107917077
Unknown;0.2659146817063659;0.3262411347517731;0.6757660296333927
Unknown;0.4200315993680126;-0.2745098039215686;-0.4743804755082844
Unknown;0.1934761304773904;0.2435897435897435;0.5410478727457352
Control;0.3184336313273734;0.2456140350877192;0.5621891488276681
Unknown;0.1909161816763664;-0.3571428571428571;-0.6833363110772293
Unknown;1.0;0.0520833333333333;0.0938487510619121
Unknown;0.0057198856022879;-0.5460992907801419;-1.5235935970137793
Unknown;0.0009199816003679;-0.7685185185185185;-1.439676756443072
Unknown;7.999840003199936e-05;0.7023255813953488;1.6074583435964571
Control;0.126637467250655;-0.3733333333333333;-0.8103009393118074
Unknown;1.0;0.0555555555555555;0.0543581802318015
Unknown;0.0023199536009279;-0.7006172839506173;-1.4581025362154196
Unknown;0.874302513949721;-0.1413043478260869;-0.225904434828309
Unknown;0.0379592408151837;0.4833333333333333;1.091404805840085
Unknown;1.0;0.0727272727272727;0.1119850655181873
Unknown;0.7448251034979301;0.0886699507389162;0.2286179287380834
Unknown;0.0070798584028319;-0.6598639455782312;-1.3291012509091975
Unknown;1.0;-0.0681818181818181;-0.2825289656088067
Unknown;0.0670386592268154;0.4335839598997493;0.9491754567168356
Unknown;0.2581148377032459;0.3902439024390244;0.7893113925438763
Control;1.0;-0.0233766233766233;-0.0790935307253849
Unknown;0.876342473150537;-0.1372549019607843;-0.3933859224136301
Low;0.0199196016079678;0.25;1.755942292142123
Unknown;0.2074758504829903;-0.375;-0.6287902106058676
Unknown;0.0005599888002239;0.7924528301886793;1.6961347923464465
Unknown;1.0;-0.0518518518518518;0.02958568254489
Unknown;1.0;-0.0666666666666666;-0.2788866755113585
Unknown;1.0;0.0;0.0
Control;0.9434611307773844;0.119047619047619;0.2633594085158726
Control;1.0;-0.043859649122807;-0.1129515095901366
Unknown;0.7271854562908742;-0.0987654320987654;-0.2353537990982779
Unknown;0.6733065338693226;0.1739130434782608;0.3609320471783369
Unknown;0.5241495170096598;0.1632653061224489;0.4637158121146795
Unknown;0.2946741065178696;0.2898550724637681;0.5883574571373682
Unknown;0.0494390112197756;0.4285714285714285;1.295303651717224
Unknown;0.6877862442751145;-0.1701388888888889;-0.2450064084657923
Unknown;0.7891042179156417;-0.1564625850340136;-0.3091198079864998
Unknown;1.0;-0.0138888888888888;-0.0501351614746237
Unknown;0.499990000199996;0.2234042553191489;0.4831461501317488
Unknown;0.0109997800043999;-0.3689320388349514;-0.7858552232249627
Unknown;0.8194236115277694;-0.1358024691358024;-0.3093696348336334
Unknown;0.4580708385832283;0.3148148148148148;0.4691834518403918
Unknown;1.0;-0.0897435897435897;-0.1793230393710106
Unknown;0.1939961200775984;-0.3580246913580246;-0.6537956627001436
Unknown;7.999840003199936e-05;-0.9111111111111112;-2.2107762904952133
Unknown;0.0585588288234235;-0.5296296296296297;-0.9471739187597528
Unknown;0.6161876762464751;0.2075471698113207;0.3832439584437465
Unknown;0.0092398152036959;-0.6568627450980392;-1.2554507392394436
Unknown;0.4522709545809084;-0.1805555555555555;-0.4885699182018388
Unknown;0.4293914121717566;-0.32;-0.5086706936589318
Unknown;1.0;-0.0357142857142857;-0.2016794565011596
Medium;0.0360792784144317;-0.417910447761194;-0.884444816248533
Control;1.0;-0.0222222222222222;-0.1573133012414231
Medium;0.3369132617347653;-0.2545454545454545;-0.5241843720498842
Unknown;0.0233995320093598;-0.483974358974359;-1.128515175210165
Unknown;0.4027919441611168;0.2466666666666666;0.474196932744807
Unknown;1.0;0.0133333333333333;0.0239345090452396
High;1.0;0.0666666666666666;0.1885618083164127
Unknown;0.0234395312093758;-0.5319148936170213;-1.178740455287096
Low;0.9061818763624728;-0.1555555555555555;-0.4432733108029124
Unknown;0.0059598808023839;0.5666666666666667;1.8403047155781371
Unknown;0.0136797264054718;-0.5812807881773399;-1.0166113809579418
Unknown;0.0941581168376632;0.56;0.9534073144497984
Unknown;1.0;-0.048780487804878;-0.2372449751552132
Unknown;0.8058238835223296;0.1666666666666666;0.2421305166215274
Unknown;0.9351412971740564;0.125;0.1486904285332951
Unknown;0.4788304233915321;0.2571428571428571;0.4503225765017593
Control;0.7559048819023619;-0.1041162227602905;0.2095613128741201
Unknown;0.0007599848003039;-0.75;-1.4229028791108285
Unknown;0.0001199976000479;-0.7426470588235294;-1.631257167345772
Unknown;0.7837443251134977;-0.1302325581395348;-0.2620486344966252
Unknown;0.0008799824003519;-0.71;-1.5630364016321454
High;0.7848643027139457;0.131578947368421;0.193624667271731
Unknown;1.0;0.032520325203252;0.0312139500095277
Unknown;0.6362272754544909;-0.1772486772486772;-0.3020283477428945
Unknown;1.0;-0.0113378684807256;-0.073098505333593
Unknown;0.9517009659806804;-0.1111111111111111;-0.1917988185229169
Unknown;1.0;0.0784313725490196;0.044334515692416
Unknown;1.0;0.0;
Unknown;0.9124217515649689;-0.0577777777777777;-0.1759649541439652
High;0.1715565688686226;0.4081632653061224;0.8140316517021425
Unknown;0.4820703585928281;-0.217391304347826;-0.4386740280441845
Unknown;1.0;-0.0622222222222222;-0.1632993161855451
Control;0.6547469050618988;-0.1522248243559719;-0.312664836786752
Unknown;0.9202615947681048;-0.125;-0.2749207073845789
Low;0.0075198496030079;-0.6005291005291006;-1.0059818123004218
Unknown;1.0;-0.0502645502645502;-0.0621899059217638
Control;0.0006799864002719;0.6714285714285714;2.435590024086997
Unknown;0.5592688146237075;-0.1888888888888888;-0.3169092921651645
Unknown;0.0160796784064318;0.5555555555555556;1.565574844517827
High;0.3379532409351813;-0.2523809523809524;-0.5140633189317638
Unknown;0.0849983000339993;0.4717741935483871;0.8418521643345765
Unknown;0.4604307913841723;-0.238562091503268;-0.4856550670075018
Unknown;0.6475070498590029;-0.1860465116279069;-0.4998338594405039
Unknown;0.6932261354772905;0.1462585034013605;0.258874478439695
Unknown;0.1389972200555989;-0.3392857142857143;-0.6697233845138647
Unknown;0.2050758984820303;0.391304347826087;0.7632641706216681
Unknown;0.9815003699926002;0.037037037037037;0.0907459417275174
Unknown;0.1710365792684146;-0.3297872340425531;-0.6814623988650392
Unknown;0.6618267634647307;-0.171912832929782;-0.3430478374010618
Unknown;0.5871482570348593;0.1844155844155844;0.3583451357849744
Unknown;0.5603087938241235;0.1372549019607843;0.6299568991602988
Unknown;1.0;-0.0833333333333333;-0.3138229572304239
Unknown;0.9349813003739924;0.0815602836879432;0.274789454833574
Unknown;0.0476790464190716;0.5688405797101449;1.1240711338883995
Medium;3.999920001599968e-05;0.8975155279503105;2.8317638841555026
Unknown;0.0260394792104157;-0.5815602836879432;-1.0318456510410243
Unknown;0.5175096498070039;-0.1666666666666666;-0.440587842613506
Unknown;0.1021179576408471;0.4861111111111111;0.903696114115064
Unknown;1.0;0.004040404040404;0.0104527395974215
Unknown;0.5648287034259315;-0.191358024691358;-0.3986059424396931
Unknown;0.0096798064038719;-0.4805194805194805;-0.962791776067378
Medium;0.2229955400891982;-0.3269230769230769;-0.7232405706795789
Unknown;0.5519089618207635;0.1911111111111111;0.3937813043138232
Unknown;0.0004799904001919;-0.808641975308642;-1.7381653237999206
Unknown;0.3218735625287494;0.2282828282828282;0.4152035729772443
Medium;1.0;0.0576923076923076;0.1395079397224321
Low;1.0;0.0;
Unknown;0.1849563008739825;-0.3784722222222222;-0.7458594413871198
Unknown;1.0;0.0733333333333333;0.039307306924825
Unknown;0.1045179096418071;0.5555555555555556;0.9504704073453274
Unknown;0.8498630027399452;-0.1046511627906976;-0.2322069161359914
Unknown;0.125437491250175;-0.4288461538461538;-0.6367796145179331
Medium;0.5065098698026039;0.1775362318840579;0.4658495941925907
Unknown;0.9935001299974;-0.0865384615384615;-0.0966492054081207
Unknown;0.4319913601727965;-0.2115384615384615;-0.5090097337879789
Unknown;1.0;-0.0496031746031746;-0.1305952061575488
Unknown;0.9316213675726486;0.0790816326530612;0.1379712326043086
Unknown;0.7141057178856423;-0.1241830065359477;-0.2989596070191799
Unknown;0.2274354512909741;-0.2301495972382048;-0.4474498297799195
Unknown;0.2203955920881582;0.3688888888888889;1.0896083593711985
Unknown;1.0;0.0;
Unknown;1.0;0.0253623188405797;0.0086068974325465
Unknown;0.1984760304793904;-0.3703703703703703;-0.7289923430398378
Unknown;0.8253834923301534;-0.1159420289855072;-0.1924948357937555
Unknown;0.0759184816303674;0.5566666666666666;0.9988952492358985
Unknown;0.0295194096118077;0.3948412698412698;1.1536179047403947
Control;0.0007199856002879;0.6339031339031339;1.385163964498668
Control;1.0;0.0;
High;0.0075198496030079;-0.6296296296296297;-1.1696286543530905
Unknown;0.0389592208155836;0.3979591836734694;1.0226138907007811
Unknown;0.1047179056418871;-0.297029702970297;-0.5534359861162597
Unknown;0.1287174256514869;-0.4222222222222222;-0.7680665921170443
Unknown;0.2631547369052619;0.3333333333333333;0.6708203932499369
Unknown;0.6956660866782665;0.2088888888888889;0.3703280399090204
Unknown;0.1113577728445431;-0.4772727272727273;-0.865627385024683
Control;1.0;0.2258064516129032;0.3007528242702513
Unknown;0.9135417291654166;0.1159420289855072;0.2630225830107993
Unknown;0.4667106657866842;-0.2109756097560975;-0.3295824500797231
Unknown;0.0714785704285914;-0.4032258064516129;-0.7344313317281693
Unknown;0.5624687506249875;0.226950354609929;0.3868991009534319
Unknown;0.1536369272614547;-0.3733333333333333;-0.7343991709245791
Low;0.5735485290294194;-0.2179487179487179;-0.4499183443391235
Unknown;0.2638347233055338;0.3463414634146341;0.6353617643356452
Unknown;0.1579168416631667;-0.3316326530612244;-0.6210891277747073
Control;0.8593828123437531;-0.2;-0.5099019513592785
Unknown;0.1102377952440951;-0.2777222777222777;-0.5559653739453261
Unknown;0.8993020139597208;-0.0416666666666666;-0.1588764242434266
Unknown;0.3455530889382212;0.2461538461538461;0.4938534119054681
Medium;0.0681186376272474;-0.3333333333333333;-0.7064286637625784
Unknown;0.374672506549869;0.2222222222222222;0.6471502289294339
Unknown;0.0050398992020159;-0.4777777777777778;-0.8858669885590476
Unknown;0.8415431691366173;0.08;0.1889509971893321
Unknown;0.5527089458210835;0.234192037470726;0.3151326728206649
Unknown;0.0205595888082238;0.3411016949152542;1.4094105449404302
Unknown;0.4542709145817084;-0.162037037037037;-0.2827468823134829
High;0.4834703305933881;-0.24;-0.4849703794529669
Unknown;0.3935121297574048;0.287037037037037;0.4866832259860246
Unknown;0.0844783104337913;0.3472222222222222;0.9549844651417084
Unknown;0.2073958520829583;-0.3550724637681159;-0.690566710341146
Unknown;0.9062618747625047;-0.1020408163265306;-0.1737648936071527
Unknown;0.3481130377392452;0.1923076923076923;0.4923664280175059
Low;0.377632447351053;0.1867588932806324;0.3839998277586305
Control;0.5190296194076118;0.1946428571428571;0.351791973660547
Unknown;0.9109817803643928;0.1560283687943262;0.1622361370050678
Unknown;0.0768784624307513;0.4777777777777778;0.976629556147144
Unknown;0.7208655826883462;0.0928571428571428;0.3888233465536931
Unknown;0.488710225795484;-0.3157894736842105;-0.6970150353573228
Unknown;0.9725805483890322;0.0606060606060606;0.138533157253579
Unknown;0.0136397272054558;0.5555555555555556;1.2496203267176065
Unknown;1.0;-0.0625;-0.2687419249432849
Unknown;0.0033999320013599;-0.5342465753424658;-0.8925148219053092
Unknown;0.0808383832323353;-0.2817460317460317;-0.7807210681885468
Unknown;0.0729585408291834;-0.5022222222222222;-0.9221249727714812
Unknown;0.740985180296394;-0.1;-0.305420454041261
Unknown;0.3249535009299814;0.2414814814814815;0.4706267041799101
Unknown;1.0;0.0095238095238095;-0.0450529683750649
Unknown;1.0;-0.0270935960591133;-0.0792379491230295
Control;1.0;0.0398550724637681;0.1314143275310715
Medium;1.0;-0.1132075471698113;-0.3705323998432538
Unknown;0.4199516009679806;-0.2452830188679245;-0.5912091862334282
Unknown;0.7064258714825703;0.0133333333333333;0.2921186973360885
Unknown;0.5877482450350993;-0.1527777777777778;-0.3344479399792877
Unknown;1.0;0.0496453900709219;0.0475090681981679
Unknown;0.629747405051899;-0.0666666666666666;-0.335416122254687
Unknown;0.0033199336013279;-0.6736111111111112;-1.5101992432741995
Unknown;1.0;-0.0104166666666666;0.0
Unknown;1.0;-0.0714285714285714;-0.2964997266644405
Unknown;0.0374392512149757;-0.4894613583138173;-0.9235183848092496
Unknown;0.0763584728305434;0.4166666666666667;0.8797567878607686
Unknown;0.0677586448271034;0.3627450980392157;0.9310780031929432
Unknown;0.5390692186156277;0.2907801418439716;0.3940012241868818
Unknown;0.0299194016119677;0.5555555555555556;1.2472191289246473
Unknown;0.7969840603187937;0.1590909090909091;0.260993378799425
Unknown;0.5305093898122037;-0.2282608695652173;-0.4658495941925908
Unknown;0.0508389832203355;0.2576112412177986;1.3528700522276025
Unknown;0.75382492350153;-0.1134751773049645;-0.265225360501291
Unknown;0.5891882162356753;0.137037037037037;0.3651483716701106
Unknown;0.0221595568088638;0.4428571428571428;1.1381803659589922
Low;0.4392312153756925;-0.2439024390243902;-0.5514330137492124
Unknown;0.2194756104877902;-0.3269230769230769;-0.6823429439342092
Unknown;0.8165036699266015;-0.0902777777777777;-0.2006058184678845
Unknown;0.0510789784204315;-0.5688888888888889;-1.0896083593711985
Unknown;0.1393172136557268;-0.4509803921568627;-0.7929193679543722
Unknown;0.0087998240035199;0.4645390070921986;1.9455497647944
Unknown;0.0074798504029919;0.6209150326797386;1.4304189417950828
Unknown;0.5134297314053718;-0.2093023255813953;-0.4421268102525314
Unknown;0.0099198016039679;-0.4852941176470588;-0.8699870124336853
Unknown;0.5076698466030679;-0.2622222222222222;-0.4597302569819896
Control;0.0411991760164796;-0.524822695035461;-0.9367738494574
Unknown;0.7945841083178337;-0.1777777777777777;-0.3651483716701106
Unknown;1.0;-0.0531914893617021;-0.0578165129540695
Unknown;0.5710685786284274;-0.1555555555555555;-0.3571492062927699
Unknown;0.981740365192696;0.0553191489361702;0.0897170747258134
Unknown;0.0154396912061758;-0.5777777777777777;-1.303167531070003
Unknown;0.0666786664266714;0.5;0.9546745825871452
Unknown;0.0397192056158876;-0.4925925925925926;-1.0542076785708367
High;0.0215195696086078;-0.5576923076923077;-1.0394368986723692
Unknown;0.7383452330953381;0.1050724637681159;0.2310721866730222
Unknown;0.875942481150377;-0.1595744680851064;-0.2232636537353526
Unknown;0.114117717645647;0.3253968253968254;0.8120456053820853
Unknown;0.2961940761184776;0.2692307692307692;0.7239130880752574
Low;0.1389572208555828;-0.2470588235294117;-0.5991722231054911
Unknown;0.8383432331353373;-0.1428571428571428;-0.4031114018951046
Unknown;1.0;-0.0111111111111111;-0.0856593614583411
Low;0.49515009699806;-0.1929824561403508;-0.4752262869289579
Unknown;0.2217555648887022;0.3733333333333333;0.7244441159319562
Unknown;1.0;0.0589569160997732;0.100947413443905
Control;1.0;-0.0096153846153846;-0.0470212112381684
Unknown;0.8979820403591928;-0.0849056603773584;-0.1205931349255054
Unknown;0.0532789344213115;-0.532608695652174;-0.9100036866801922
Unknown;0.5996680066398672;0.18796992481203;0.3742642676604678
Unknown;0.0165596688066238;-0.5132275132275133;-1.1299441702570916
Unknown;0.498430031399372;-0.1727941176470588;-0.3631503806230495
Unknown;1.0;-0.0222222222222222;-0.0764103809774566
Unknown;0.6035079298414032;-0.2083333333333333;-0.4321823795522005
Control;0.1601167976640467;-0.3666666666666666;-0.7160214425208667
Unknown;0.5628287434251315;-0.2318840579710145;-0.3571072734492098
Unknown;0.0500389992200156;0.5036231884057971;1.0800839570820484
Unknown;0.0317993640127197;0.4933333333333333;1.2735544465275297
Medium;1.0;-0.0369458128078817;-0.1053697165919314
Unknown;7.999840003199936e-05;0.8966666666666666;2.7107304530166645
Unknown;0.5595888082238355;-0.1037735849056603;-0.3463329497235499
Unknown;0.981780364392712;0.032051282051282;0.0909488183370076
Unknown;0.0252794944101117;0.3523391812865497;0.9319621419231134
Unknown;0.0268794624107517;-0.5666666666666667;-0.9896121363398458
High;0.4435511289774204;0.0888888888888888;0.4778236203730199
Unknown;0.6346273074538509;0.1014492753623188;0.3106342216500093
Unknown;1.0;0.0;0.0
Unknown;0.2318753624927501;-0.2857142857142857;-0.6232745606431103
Unknown;0.6743065138697226;-0.1764705882352941;-0.4589456693890687
Unknown;0.751384972300554;0.1511111111111111;0.2961100461319913
Unknown;0.0069598608027839;0.45141065830721;1.0017902689236735
Unknown;0.4054318913621728;0.2933333333333333;0.5520524474738833
Unknown;1.0;-0.0066666666666666;-0.0624919742467084
Unknown;0.0007999840003199;-0.7268170426065163;-1.3630913882202953
Unknown;0.8578628427431452;-0.0798611111111111;-0.1916328882050467
Unknown;1.0;0.0;-0.0702728368926306
Medium;0.7871842563148737;-0.137844611528822;-0.3086544294394343
Unknown;0.1402371952560948;0.3238636363636363;0.658480446243387
Unknown;0.2092358152836943;-0.3219696969696969;-0.7072612322759944
Unknown;0.2847943041139177;0.3188405797101449;0.5439217468118461
Unknown;0.5665886682266355;-0.1602564102564102;-0.3494758298742415
Unknown;0.0399192016159676;-0.4675324675324675;-0.9046338971546084
Unknown;0.7365452690946181;-0.1666666666666666;-0.2511334955189743
High;0.3865522689546209;0.1857142857142857;0.5729768325921981
Unknown;0.6066678666426671;0.217391304347826;0.3869557015371478
Unknown;0.8649827003459931;0.0869565217391304;0.179919061971058
Unknown;1.0;0.0;
Control;0.3524729505409892;-0.2830188679245283;-0.5365947556488829
Unknown;0.0828383432331353;0.3399014778325123;0.8575873851345588
Unknown;0.2559548809023819;-0.3152173913043478;-0.6211314899061395
Unknown;0.5753484930301394;0.1955555555555555;0.3938927711338648
Control;0.621587568248635;0.1241134751773049;0.5346600405461027
Unknown;0.0674386512269754;0.5072463768115942;0.9908701751218396
Unknown;0.0010799784004319;-0.6114942528735632;-1.1557007550327731
Unknown;0.1351972960540789;0.1905737704918032;0.74850705350613
Unknown;0.0790384192316153;-0.4573643410852713;-0.9510156254767276
Unknown;0.2701945961080778;0.2959183673469387;0.7004594967545061
Unknown;0.0156796864062718;-0.6;-1.1046742974548
Unknown;0.7116657666846663;-0.2174418604651162;-0.2094036784018597
Medium;1.0;-0.0196078431372549;-0.146862614204502
Unknown;0.6941861162776745;-0.1739130434782608;-0.4783648732349397
Unknown;0.2850342993140137;0.3481481481481481;0.6426139834591699
Control;0.7336253274934501;-0.1088709677419354;-0.2531150536807974
Medium;1.0;-0.1111111111111111;-0.3689323936863108
Unknown;0.9867402651946962;-0.0776942355889724;-0.0895243863868583
Unknown;1.0;0.0441176470588235;0.0661978515269375
Control;0.5605487890242196;-0.1012658227848101;-0.2684497292871577
Unknown;0.6928661426771464;-0.0524835988753514;-0.1956023156538078
Low;0.0013599728005439;0.6797235023041475;1.7677906396868597
Unknown;1.0;0.0311526479750778;-0.0345058699962972
Unknown;1.0;-0.0222222222222222;-0.1003139725151038
Unknown;0.0791584168316633;0.4598765432098765;0.9275723826778876
Unknown;1.0;0.0065359477124183;-0.0227155425212127
High;1.0;0.0;
Unknown;0.2749545009099818;0.3533333333333333;0.5746826770772259
High;0.0082798344033119;0.6923076923076923;1.4291923471232175
Unknown;0.0935581288374232;-0.5377777777777778;-0.8848020217749295
Unknown;0.7893042139157217;-0.0833333333333333;-0.1673774019450098
Unknown;0.5885482290354193;-0.2;-0.3604001591002509
Unknown;0.3563928721425571;0.3297872340425531;0.4949264993008454
Unknown;0.1561568768624627;-0.4428571428571428;-0.8225245618640612
Unknown;0.8605827883442331;-0.0622222222222222;-0.2441112790789413
Unknown;0.0419191616167676;-0.5849056603773585;-1.0671952612111508
Unknown;0.5670686586268274;0.1482142857142857;0.2795930729277233
Unknown;0.7035859282814344;-0.1481481481481481;-0.4359083654388629
Unknown;0.118837623247535;-0.4305555555555556;-0.8164965809277259
Unknown;0.5091898162036759;0.1773399014778325;0.357030771277276
Low;0.0337193256134877;-0.4202898550724637;-0.7630091376492423
Unknown;0.2172356552868942;-0.2777777777777778;-0.7811230739806507
Unknown;0.2857542849143017;0.2961038961038961;0.5959866137174425
Medium;0.0147997040059198;-0.5978835978835979;-1.375908262335639
Low;1.0;-0.037037037037037;-0.2049946146189992
Unknown;0.0290794184116317;0.4716312056737589;1.0951243247896776
High;0.1969560608787824;-0.3666666666666666;-0.6976532089799344
Control;0.2573548529029419;-0.1882716049382716;-0.4672965796644497
Unknown;0.4717105657886842;-0.2291666666666666;-0.543557306504609
Low;1.0;-0.0222222222222222;-0.1573133012414231
Unknown;0.9805403891922162;0.0615942028985507;0.158316827244524
Unknown;0.936945653926786;-0.1830065359477124;-0.2824444598715432
Unknown;0.7670646587068258;-0.1635220125786163;-0.2484296137128369
Unknown;0.0055598888022239;0.7065217391304348;1.7863818652210677
Unknown;0.0440791184176316;0.5061728395061729;1.1368489644698274
Unknown;0.2775144497110058;-0.24;-0.4950177135580828
Unknown;0.1583568328633427;-0.3945578231292517;-0.7548760460379708
Unknown;0.8655426891462171;0.0591133004926108;0.1477609706698657
Unknown;0.0131197376052478;0.6006944444444444;1.3343293381353405
Unknown;0.0008799824003519;-0.6507936507936508;-1.3844373104863457
Low;1.0;-0.0983606557377049;-0.3256267600877513
Medium;1.0;-0.0277777777777777;-0.1770570708816972
Unknown;0.996540069198616;0.1111111111111111;0.2182178902359923
Unknown;0.3884322313553729;0.2006172839506173;0.4461215591952601
Unknown;0.870102597948041;-0.1395348837209302;-0.421007142999162
Low;1.0;-0.0192307692307692;-0.1453139317587876
Unknown;1.0;-0.0289855072463768;-0.0615947608246358
Unknown;0.8577828443431131;-0.1234567901234567;-0.2601119170482061
Medium;0.3547529049419011;-0.1666666666666666;-0.4666666666666666
Unknown;0.0016799664006719;0.6354679802955665;1.5388699677519475
Unknown;0.0001199976000479;0.6388888888888888;1.583787796639234
Low;0.0443991120177596;-0.3698630136986301;-0.737193225237575
Unknown;0.3168736625267495;-0.2801418439716312;-0.535355380151639
Unknown;1.0;-0.0185185185185185;-0.1113083188148783
Unknown;0.9686606267874642;0.0888888888888888;0.2689170581811257
Unknown;0.0073598528029439;-0.648936170212766;-1.3206487866754086
Control;0.0335193296134077;-0.4264705882352941;-0.8995557811043464
Unknown;0.4561508769824604;0.2705882352941176;0.54127264659008
Unknown;0.4087518249635007;0.2194444444444444;0.3555714368087764
Unknown;0.0617587648247035;0.2074074074074074;0.8549113794548526
Unknown;0.6785864282714346;-0.1590909090909091;-0.3357985018750849
Unknown;0.118877622447551;0.1513032422123331;0.5761026145307202
Low;0.5426291474170517;0.1813725490196078;0.501719354366403
Unknown;0.6925861482770345;0.2;0.3865018684461679
Unknown;0.7100257994840103;0.1602564102564102;0.299572344757639
Unknown;1.0;0.0;
Unknown;0.8319033619327614;-0.0797752808988764;-0.1586229824438627
Low;0.121717565648687;-0.2857142857142857;-0.6605782590758164
Unknown;0.8787424251514969;-0.0242718446601941;-0.1213997218664495
Unknown;0.24267514649707;-0.2686567164179104;-0.5075466922600104
Control;0.0447591048179036;-0.6511627906976745;-1.1756774260167464
Unknown;0.1004379912401752;0.2523809523809524;1.1097382363378947
Unknown;1.0;0.0433333333333333;-0.1044465935734188
Unknown;0.1558368832623347;0.2976190476190476;0.6582119092056392
Unknown;1.0;-0.0425531914893617;-0.2196063531745152
Low;0.618867622647547;-0.1341911764705882;-0.3365038993970433
Unknown;0.7551048979020419;-0.126865671641791;-0.2677383503473156
Control;0.7055858882822343;-0.2204081632653061;-0.3477129392586163
Unknown;0.0008799824003519;-0.6883116883116883;-1.2099701256368307
Unknown;0.1943561128777424;-0.3805031446540881;-0.6592577770531366
Unknown;1.0;0.0133333333333333;0.0
Unknown;0.8201435971280574;-0.1111111111111111;-0.197844992818766
High;0.0448391032179356;0.5806451612903226;1.2323191233752029
Unknown;1.0;-0.0649350649350649;-0.1501658998222021
Unknown;0.2070758584828303;0.2804232804232804;0.7375448835581315
Unknown;0.0019199616007679;0.6944444444444444;1.8869629361153215
Unknown;0.7911041779164417;-0.1555555555555555;-0.4478669393041167
Unknown;0.0005599888002239;-0.5089285714285714;-0.9455364802124108
Unknown;0.4089918201635967;-0.2610062893081761;-0.5025937277887677
Low;0.4287914241715165;0.125;0.7198637950995629
Unknown;0.5965880682386352;-0.1698113207547169;-0.441077392582503
Unknown;0.6551468970620588;-0.1933333333333333;-0.4042141743664731
Unknown;0.0763984720305593;0.35;0.7041132642401625
Unknown;1.0;-0.0380952380952381;-0.0221373672699587
Unknown;0.0373592528149437;-0.3551136363636363;-0.6755882189466377
Unknown;0.0557588848223035;0.4693877551020408;0.9822288170527798
Unknown;0.3956320873582528;0.1840193704600484;0.5637833270730326
Unknown;0.1873162536749265;-0.3703703703703703;-0.7383869351684449
High;1.0;-0.0333333333333333;-0.0771099600956059
Unknown;0.24987500249995;-0.2794117647058823;-0.5507343001332962
Unknown;1.0;0.0069444444444444;0.0
Unknown;0.0167196656066878;-0.6150793650793651;-1.1519214716824568
Unknown;0.6948261034779304;-0.2044444444444444;-0.41478067789217
Unknown;0.3402731945361092;0.3185185185185185;0.5895703484756206
Unknown;0.4241515169696606;0.1814058956916099;0.4561473191251655
Unknown;0.8998620027599448;0.1041666666666666;0.2170286830706078
Unknown;0.2030359392812143;-0.3396226415094339;-0.7185287892880344
Unknown;1.0;0.1111111111111111;0.2215752857047511
Low;1.0;-0.0857142857142857;-0.1815682598006406
Unknown;0.0002399952000959;-0.7890625;-1.551410684386013
Low;0.3338733225335493;-0.2413793103448276;-0.5480839116975365
Medium;1.0;0.018018018018018;0.0369186484427448
Unknown;0.0013599728005439;-0.7368421052631579;-1.6100212611948856
Control;0.4544309113817724;-0.2442307692307692;-0.3597206385043471
Unknown;1.0;-0.0283018867924528;-0.0545634440154339
High;0.0361192776144477;0.3333333333333333;1.8027756377319943
Unknown;0.2250754984900302;0.3364197530864197;0.6936174396380276
Unknown;1.0;-0.0283018867924528;-0.0529260038910357
Unknown;0.6791864162716745;-0.1836734693877551;-0.3874147909599854
Unknown;0.1023579528409431;0.3917910447761194;0.725220800979689
Unknown;0.4416311673766525;-0.2857142857142857;-0.4817919551769316
Unknown;0.1690366192676146;-0.3550724637681159;-0.6755851438460281
Unknown;0.7073858522829544;0.1775362318840579;0.2869853603644074
Unknown;0.0079998400031999;-0.5833333333333334;-1.0328092298087057
Medium;0.0194396112077758;-0.5166666666666667;-0.9716160599105428
Control;0.4545509089818204;-0.2619047619047619;-0.5333371006497443
Unknown;1.0;-0.0930555555555555;-0.0118437967084271
High;0.9965000699986;-0.1300813008130081;-0.1817581891294504
Unknown;3.999920001599968e-05;0.7849264705882353;2.07037508321176
Unknown;0.7805843883122338;0.1185185185185185;0.2369267831018624
Unknown;0.0074798504029919;-0.5923076923076923;-1.1094499300417469
Unknown;0.1555168896622067;-0.4313725490196078;-0.7169956427655368
Unknown;0.7211855762884742;0.1822222222222222;0.3036288461106359
Unknown;0.6505869882602348;-0.1969696969696969;-0.4111731980255285
Unknown;0.9681006379872402;-0.0652173913043478;-0.1912421891113483
Unknown;0.7019059618807624;0.1521739130434782;0.2545462797054012
Unknown;1.0;0.09375;0.129701310350135
High;0.1050378992420151;-0.2666666666666666;-0.6140350877192982
Unknown;0.2365152696946061;-0.1607142857142857;-0.4585808026766784
Unknown;1.0;-0.1063829787234042;-0.3558741396085811
Unknown;0.0987180256394872;-0.4067796610169492;-0.7652541106239992
Control;0.0022799544009119;0.5625;1.2710807442894418
Low;0.6636667266654667;-0.1384615384615384;-0.3928712589219992
Medium;0.0711185776284474;0.4213075060532688;0.8604676507926102
Unknown;1.0;0.0;
High;0.0901181976360472;-0.413265306122449;-0.8222580947514208
Unknown;0.758264834703306;0.05;0.2094446692718743
Unknown;1.0;0.0798611111111111;0.0180016728485577
Control;0.1410371792564148;-0.5102040816326531;-1.0412414097938036
Unknown;0.4481510369792604;-0.2;-0.450351975024481
Unknown;0.5124297514049719;-0.1470588235294117;-0.4614994522444276
Low;0.1518769624607507;-0.2638339920948616;-0.5099535304339781
Unknown;0.4158316833663327;0.2533333333333333;0.4946130819183252
Unknown;0.7800243995120097;0.1702898550724637;0.2156174139379527
Unknown;0.0329993400131997;0.4705882352941176;1.279802780924946
Unknown;0.1901161976760464;-0.3333333333333333;-0.6920232065945008
Unknown;0.9058218835623288;-0.1333333333333333;-0.359092423229804
Unknown;0.4333113337733245;-0.3364779874213836;-0.5102442526958834
Unknown;0.987620247595048;0.1014492753623188;0.2017902852950627
Unknown;0.74582508349833;0.1481481481481481;0.2875768105062163
Unknown;0.3899522009559809;0.1955555555555555;0.5151818659174738
Unknown;0.75022499550009;0.1489361702127659;0.2406308836039313
Unknown;1.0;-0.0408163265306122;-0.1043688514014462
Unknown;0.8555828883422332;0.0629629629629629;0.1964979918736315
Unknown;0.5556688866222675;-0.1851851851851851;-0.3379441525308096
Unknown;0.2137157256854863;0.3133640552995391;0.5852634920345986
Unknown;0.3288734225315494;-0.3049645390070922;-0.603570753904004
Unknown;0.3485130297394052;0.226950354609929;0.672897412340636
Unknown;1.0;-0.1515151515151515;-0.4351941398892445
Unknown;1.0;-0.0591133004926108;-0.0177020034601681
Control;1.0;-0.0378787878787878;-0.0928276652815312
Control;1.0;0.056;0.0943798867620113
Unknown;0.4298714025719485;-0.2624113475177305;-0.5262884252877208
Unknown;0.0679186416271674;0.3614303959131545;0.7544666550180894
Unknown;0.6967860642787145;0.1911111111111111;0.2652271599752088
Unknown;0.1677966440671186;0.2162162162162162;0.8476619949764963
Unknown;0.3475930481390372;0.3266666666666666;0.492469609000874
Unknown;0.1485970280594388;-0.3333333333333333;-0.713771950488906
Control;0.3101137977240455;0.31875;0.5621079371816639
Unknown;0.0454390912181756;-0.5032051282051282;-0.949842142860899
Unknown;1.0;-0.0299539170506912;-0.0772760414109002
Unknown;0.6809463810723786;0.1729559748427672;0.2905285929244999
Unknown;0.5443491130177397;0.2318840579710145;0.3857264874594299
Unknown;1.0;-0.04;-0.1154700538379252
Unknown;1.0;-0.03125;-0.0296655241856581
Medium;0.0516389672206555;-0.3552631578947368;-0.775739832587262
Low;1.0;0.0;
Low;1.0;-0.0625;-0.2687419249432849
Unknown;0.3472330553388932;0.1584415584415584;0.496123233533116
Unknown;0.619067618647627;0.28;0.3834067804583568
Unknown;0.5912681746365073;0.2222222222222222;0.3317728798142026
Unknown;1.0;0.1265432098765432;0.0205758072679461
Control;0.495590088198236;0.2222222222222222;0.4819047958178381
Unknown;0.4271514569708606;-0.2105263157894736;-0.5068126034417435
Unknown;0.0063598728025439;-0.6166666666666667;-1.3135813339858846
Unknown;0.2351552968940621;-0.2872340425531915;-0.5969155625505638
Control;0.504389912201756;0.1470588235294117;0.2892612644972465
Unknown;0.0265194696106077;-0.4393939393939394;-0.9246820291521054
Unknown;0.7796644067118658;-0.0933333333333333;-0.2453666198915341
Unknown;0.1754364912701746;-0.3235294117647059;-0.6535857067259416
Unknown;0.0634387312253755;-0.4519906323185012;-0.8157377027628512
Control;0.2642747145057099;0.3045977011494253;0.4467005627442622
Unknown;0.0020799584008319;0.4518181818181818;1.2403750055011782
Unknown;1.0;0.0;
Unknown;0.0379592408151837;0.4964539007092198;1.255713074394915
Unknown;0.0242795144097118;-0.5204081632653061;-1.0162697637951414
Unknown;0.5787084258314834;0.2633333333333333;0.3774684564267452
Unknown;1.0;-0.1333333333333333;-0.4050957468334666
Low;1.0;0.0;
Unknown;3.999920001599968e-05;0.8688271604938271;4.381741463672745
Unknown;0.2260754784904302;0.2817460317460317;0.5401128591672006
Unknown;0.8675026499470011;0.037037037037037;0.1681972841086461
Unknown;0.3411131777364453;0.226950354609929;0.672897412340636
Unknown;0.0821983560328793;0.4795918367346938;0.913875901504882
Low;0.3541129177416451;-0.2866666666666667;-0.5573021612070909
Unknown;0.9237815243695128;-0.0024213075060532;-0.1198218602685707
Unknown;0.0006799864002719;-0.7102564102564103;-1.359537643791518
High;0.615547689046219;-0.1700680272108843;-0.3389904005913611
Unknown;0.0080798384032319;0.65;1.616036486861619
Unknown;0.0168796624067518;-0.6622222222222223;-1.109466935465485
Unknown;0.3404731905361893;0.4583333333333333;0.5142560781864418
Unknown;0.0001999960000799;0.7350746268656716;1.5585870644070314
High;0.6381072378552429;-0.1120293847566574;-0.2855928859698146
Unknown;0.8326633467330653;0.1122448979591836;0.1736951956218521
Unknown;1.0;0.0098039215686274;-0.0462879993719644
Unknown;0.4729105417891642;-0.1558441558441558;-0.4196784664909082
Low;0.1495570088598228;0.3485915492957746;0.7053504849041426
Unknown;0.0058398832023359;-0.6884057971014492;-1.3056100794402632
Unknown;1.0;0.0148148148148148;0.034390664973448
Unknown;0.8588628227435451;0.1666666666666666;0.1909371316835711
Unknown;0.7586648267034659;-0.1278195488721804;-0.2484620351760949
Unknown;0.6129477410451791;0.1314102564102564;0.3361788391447599
Control;0.4075924075924076;0.3555555555555555;0.7084919084320761
Unknown;0.8378632427351453;-0.1470588235294117;-0.3173065188390085
Unknown;1.0;-0.0533333333333333;-0.1217161238900368
Unknown;3.999920001599968e-05;0.7941176470588235;3.548241064745778
Medium;0.8049039019219616;-0.1777777777777777;-0.4802401801501313
Control;0.0006799864002719;0.7063492063492064;1.600829260410883
Unknown;0.4910301793964121;0.2740740740740741;0.3942002732036793
Medium;0.0004799904001919;0.6474358974358975;3.184927033739109
Unknown;0.1452770944581108;-0.3420138888888889;-0.6009252125773316
Unknown;0.3101137977240455;-0.1169590643274853;-0.410928350895598
Unknown;1.0;-0.0256410256410256;-0.048781639382623
Unknown;0.1443571128577428;0.3167155425219941;0.5276349347493109
Medium;0.3987120257594848;0.2555555555555555;0.5711159241054571
Control;0.2366352672946541;-0.2522522522522522;-0.500765643937035
Unknown;1.0;-0.0625;-0.1259113121867347
Unknown;0.0194396112077758;-0.6170212765957447;-1.1627925042095697
Unknown;1.0;-0.0625;-0.2604294632400591
Low;1.0;-0.5;-1.0
Unknown;1.0;0.0405405405405405;0.0427857110552596
Unknown;0.3459130817383652;0.3688888888888889;0.5607721540920446
Unknown;0.0395592088158236;-0.6088888888888889;-1.129642920972832
Unknown;0.0829583408331833;-0.5208333333333334;-0.9034728884269388
Unknown;0.7892642147157057;0.1227272727272727;0.2913398770500179
Unknown;0.8265434691306174;0.0993589743589743;0.2204673151291402
Unknown;0.0634387312253755;0.2320261437908496;1.002746967668318
Unknown;1.0;0.0780141843971631;0.1738536992243299
Unknown;1.0;-0.0555555555555555;-0.2556549962824568
Unknown;0.0612787744245115;-0.483974358974359;-0.9630070758494592
High;0.6190276194476111;-0.181159420289855;-0.3766009442373301
Medium;0.0494790104197916;0.4791666666666667;1.1751270972874024
Unknown;0.3893122137557249;0.22;0.4584154532451419
Unknown;0.3249935001299974;0.3222222222222222;0.6355817763068742
Unknown;0.0038799224015519;0.6177908113391984;1.133480062489344
Low;1.0;0.0;-0.0251779300666806
Unknown;0.7043459130817383;0.2056737588652482;0.2610746036664004
Unknown;1.0;0.0416666666666666;-0.0568667815668439
Unknown;0.4745505089898202;0.2606516290726817;0.4152735946740014
Unknown;0.4218315633687326;-0.2789855072463768;-0.4715024207306406
Unknown;0.9564208715825684;-0.0909090909090909;-0.2083729044282493
Unknown;0.0614387712245755;-0.2692307692307692;-0.6117645507305274
Unknown;0.0393592128157436;0.5068027210884354;1.1009158448580567
Unknown;0.9127817443651128;0.0857142857142857;0.2075971296435309
Unknown;0.7878642427151457;0.1123188405797101;0.2154343398875347
Unknown;0.0192396152076958;0.5833333333333334;1.3414302174353263
Unknown;0.2568348633027339;0.2333333333333333;0.5192703185652312
Unknown;0.0543989120217595;0.56;1.0263014959197725
Low;0.0716785664286714;-0.4032258064516129;-0.8126154944443912
Medium;1.0;-0.064516129032258;-0.2729967994368814
Unknown;0.6993460130797384;-0.1666666666666666;-0.2535941792043802
Unknown;0.0021599568008639;0.6134751773049646;2.31358349780333
Unknown;0.0041999160016799;0.575091575091575;1.00895520416151
Unknown;0.0268794624107517;-0.5471698113207547;-1.139968553025386
Control;0.0145597088058238;0.5980392156862745;1.4018392733522915
Medium;0.248555028899422;0.1884615384615384;0.6928085372829437
Control;0.6626267474650507;0.1473922902494331;0.2983618614367569
Unknown;0.245555088898222;-0.3853658536585366;-0.7128366807835551
Unknown;0.0435591288174236;0.3120567375886525;1.132771893081174
Unknown;1.0;0.0208333333333333;-0.1043444880877992
Unknown;1.0;-0.0205223880597014;-0.0371851964572349
Unknown;1.0;0.0851063829787234;0.0767928365037065
Unknown;0.0088798224035519;-0.6631205673758865;-1.198360540198301
Unknown;1.0;0.0204081632653061;-0.0216764039221094
Control;0.2856342873142537;0.251984126984127;0.5112053073605161
Unknown;1.0;-0.065359477124183;-0.0866902601359126
Unknown;0.2595548089038219;0.1989795918367347;0.6184718079196979
Unknown;0.0199196016079678;0.5709219858156028;1.1426775829450615
Unknown;1.0;-0.108695652173913;-0.3640819597052575
Medium;0.0346793064138717;0.5038759689922481;1.287933508065359
Unknown;0.2668346633067339;0.2012578616352201;0.6429194649749925
Unknown;0.987220255594888;0.0044444444444444;0.1348878815268454
Unknown;0.0174796504069918;-0.4923076923076923;-0.9514095289850588
Unknown;0.5120297594048119;0.1485507246376811;0.3966593811948378
Medium;0.4134717305653887;-0.1904761904761904;-0.5076446407010449
Unknown;0.241555168896622;0.215;0.4065785563073631
Unknown;1.0;-0.0227272727272727;-0.1592795619605696
Unknown;0.0307593848123037;0.6086956521739131;1.1957516471871583
Medium;0.248955020899582;-0.2717391304347826;-0.5495557762747328
Unknown;0.9274614507709846;0.015432098765432;0.1232078064144416
Unknown;0.6499870002599948;0.1525423728813559;0.2952187600352237
Unknown;1.0;-0.0232558139534883;-0.1595952799353104
Unknown;0.9558208835823284;-0.1071428571428571;-0.3615443067098217
Unknown;0.4411111777764445;-0.1772486772486772;-0.4168699436875489
Control;0.241115177696446;0.2585365853658536;0.464267437551203
Medium;1.0;-0.0185185185185185;-0.0465437134386254
Unknown;0.6670266594668106;-0.1866666666666666;-0.3690748111375474
High;0.118517629647407;-0.3548387096774194;-0.7058670422484877
Unknown;0.8885822283554329;-0.16;-0.1885618083164126
Unknown;0.0135197296054078;-0.5555555555555556;-1.1785558016416129
Unknown;0.3541129177416451;-0.3522167487684729;-0.474818171801994
Unknown;0.3361532769344613;-0.2755102040816326;-0.5203730428909819
Unknown;0.1504369912601748;-0.3652482269503546;-0.7994674700337046
Unknown;0.9675406491870162;0.1244444444444444;0.1702513061517498
Unknown;0.512189756204876;-0.1920289855072463;-0.3512926078628921
Low;0.9118617627647448;0.0989583333333333;0.2193771231275208
Unknown;0.8105837883242335;0.1194805194805194;0.2522634830329376
Unknown;0.0062398752024959;-0.6666666666666666;-1.291263377902088
Unknown;0.1093578128437431;0.4636363636363636;0.9676450313369922
Unknown;0.3450730985380292;0.2533333333333333;0.6102498669106571
Unknown;0.3795524089518209;0.185672514619883;0.373764378506728
Unknown;1.0;0.1;0.2679456508228335
Unknown;0.9064618707625848;-0.0952380952380952;-0.2345809951061511
Unknown;0.122637547249055;0.4281045751633986;0.8150343069430103
Unknown;0.0129597408051838;-0.5041152263374485;-1.0112491707687756
Control;0.4181818181818181;0.6046511627906976;0.9827076298239908
Unknown;0.0329593408131837;-0.5212765957446809;-1.0911865704844048
Unknown;1.0;0.0797101449275362;0.1087429419965434
Unknown;0.6712265754684906;-0.1662337662337662;-0.3627144339293954
Unknown;0.0397192056158876;-0.553921568627451;-1.0987481312586629
Low;0.3995520089598208;0.1261904761904762;0.7499255594589845
High;0.1070378592428151;0.4583333333333333;0.8859628320198082
Unknown;0.0587188256234875;0.398989898989899;0.9907034688924096
Unknown;0.629747405051899;-0.174074074074074;-0.3012021938773819
Unknown;0.5838683226335474;-0.1405228758169934;-0.3508007479530414
Unknown;0.0004799904001919;0.6466666666666666;3.12433969969301
Unknown;1.0;0.0;
Unknown;1.0;-0.0153846153846153;-0.1306419063406061
Unknown;0.0025999480010399;-0.5970149253731343;-1.1673234957041558
Unknown;0.8094238115237695;0.1955555555555555;0.2275520495954298
Unknown;0.8265434691306174;-0.1274509803921568;-0.2584015142160112
Low;0.6381872362552748;0.1768292682926829;0.617121986917851
Unknown;0.117077658446831;-0.349609375;-0.6835603738434486
Unknown;1.0;0.0277777777777777;0.0226107815823068
Unknown;0.0007999840003199;-0.7986111111111112;-1.7050515568037894
Unknown;0.8148237035259295;0.1597222222222222;0.1666666666666666
Unknown;1.0;-0.0340136054421768;-0.0665801825565785
Unknown;0.0003599928001439;0.75;2.383664990894532
Unknown;0.74822503549929;-0.1555555555555555;-0.3098386676965936
Medium;0.8095238095238095;0.3;0.5916079783099617
Unknown;0.115437691246175;0.2692307692307692;0.8511805463579816
Unknown;0.2715545689086218;-0.26;-0.5488844425506441
Unknown;0.2070758584828303;0.3083900226757369;0.5936367942179962
Medium;0.0271594568108637;-0.4054054054054054;-0.7929751955291883
Unknown;1.0;-0.0106382978723404;-0.0772619676315811
Unknown;0.0095598088038239;0.5666666666666667;1.724114679646174
Unknown;0.0031999360012799;-0.7210144927536232;-1.2783785651393218
Low;0.373792524149517;-0.2592592592592592;-0.5905297187486408
Unknown;0.3978720425591488;0.2280701754385964;0.5791159845443645
Unknown;0.2826343473130537;-0.1639676113360323;-0.3442589662112695
Unknown;1.0;-0.0166666666666666;-0.135504914748152
Unknown;0.0033199336013279;0.75;1.6462730799485974
Unknown;0.7461850762984741;-0.1377777777777777;-0.3036288461106359
Unknown;0.6123077538449231;-0.2166666666666666;-0.3581790074558159
Unknown;0.0071998560028799;-0.660377358490566;-1.1075466037807038
Unknown;0.0477190456190876;-0.5166666666666667;-0.9739677297971076
Control;1.0;0.0816326530612244;0.1313064328597226
High;0.0173996520069598;0.4509803921568627;1.3094189018566036
High;0.8539429211415772;-0.0923076923076923;-0.2033230307593986
Control;0.0163196736065278;0.3783783783783784;1.2465227298980917
Unknown;0.0485590288194236;0.3694852941176471;0.9749863641527464
Medium;0.5595088098238036;-0.1956521739130435;-0.4277477745005509
Unknown;0.2007559848803023;-0.3404255319148936;-0.7483681629678386
Unknown;0.0065998680026399;-0.6666666666666666;-1.2997389598276252
Unknown;1.0;0.0;0.0693736761776302
High;1.0;-0.0181818181818181;-0.0435843199369803
Unknown;1.0;0.0571428571428571;0.0763004878257936
Unknown;0.0003199936001279;0.6625;2.188717291859732
High;1.0;0.0034013605442176;0.00902554763416
Unknown;0.244395112097758;0.3111111111111111;0.6507355761931699
Unknown;0.2714345713085738;-0.3044871794871794;-0.592837145225882
Unknown;0.74862502749945;-0.125;-0.3706828548698636
Unknown;0.3041139177216456;0.3525641025641026;0.6207342695399882
High;0.5235495290094198;-0.25;-0.5967081414398551
Unknown;0.0733985320293594;0.3626760563380282;0.7824223100134808
Unknown;0.3114737705245895;-0.2866666666666667;-0.563631405890685
Unknown;0.6643467130657387;0.1538461538461538;0.2995723447576391
Medium;0.1499570008599828;-0.296875;-0.60380736442456
Unknown;0.119237615247695;0.4113475177304964;0.9166831413646488
Unknown;0.75722485550289;0.1506410256410256;0.2547748429018629
Control;0.7875442491150177;0.1948717948717948;0.2244589254506099
Unknown;1.0;0.0851851851851851;0.0235462115391343
Low;0.5703485930281395;0.2095070422535211;0.3161427505173669
Low;0.4213915721685566;0.0974124809741248;0.6362633808122203
Unknown;1.0;-0.075;-0.1679438245519263
High;1.0;0.1333333333333333;0.2696799449852967
Unknown;0.4072318553628927;-0.2108843537414966;-0.4583334762845818
Unknown;0.0016399672006559;-0.7124183006535948;-1.6490264795459482
High;0.1627567448651027;-0.2602739726027397;-0.5831012132885093
Unknown;0.1646367072658547;0.3333333333333333;0.8299712518922567
Unknown;1.0;-0.0588235294117647;-0.2596188760169678
Unknown;0.1423971520569588;0.3059701492537313;0.7400733252484303
Unknown;0.7849043019139618;0.135204081632653;0.1810257670828818
Unknown;1.0;-0.0229591836734693;-0.0864750482240291
Unknown;0.2681146377072458;-0.2271604938271605;-0.4522169874290154
Unknown;0.8157036859262815;-0.2037037037037037;-0.2720724536610041
Unknown;0.4127917441651167;-0.2047619047619047;-0.4565242058511701
Unknown;0.7052658946821063;-0.0821917808219178;-0.21805099707769
Unknown;0.9589008219835604;-0.1555555555555555;-0.1695361759922048
Medium;1.0;0.0;
Unknown;1.0;0.0074074074074074;-0.0253533341373963
Unknown;0.8909421811563769;0.1111111111111111;0.2055681945812488
Low;1.0;-0.0363636363636363;-0.2028949994184732
Unknown;0.8206635867282654;0.1473922902494331;0.1895519762250482
Unknown;0.7761044779104418;-0.1080246913580246;-0.2268710655446645
Unknown;0.2709501025290499;0.3888888888888889;1.043498389499902
Unknown;0.5891082178356433;0.1703703703703703;0.3256694736394648
Unknown;0.5200695986080278;-0.2013888888888889;-0.4235089413454674
Unknown;0.5374692506149877;-0.2340425531914893;-0.3971411987088586
High;0.5846233230134159;-0.2307692307692307;-0.5124342072946384
Unknown;0.3366732665346693;-0.28125;-0.6293860187225168
Control;0.4731105377892442;0.1851851851851851;0.3703414340548162
Unknown;0.4122317553648927;0.2857142857142857;0.5248700401623125
Unknown;1.0;0.0390070921985815;0.113091044260271
Unknown;0.1725165496690066;0.348780487804878;0.5645568857716821
Unknown;1.0;-0.0517241379310344;-0.2287953677759795
Control;1.0;0.1276595744680851;0.0729468004457111
Unknown;0.4089518209635807;0.2962962962962963;0.4427176511351853
Unknown;0.113757724845503;-0.4166666666666667;-0.8138107296338715
Unknown;0.9107417851642968;-0.0677966101694915;-0.1324835434925174
Unknown;0.500309993800124;0.2142857142857142;0.3328575869404248
Unknown;0.1276974416017797;0.5535714285714286;1.0526436282325602
Control;1.0;-0.1632653061224489;-0.4462107482531601
Unknown;0.1965960680786384;0.3605442176870748;0.766010532847159
Medium;1.0;-0.0175438596491228;-0.1393684286244309
Unknown;0.2136757264854702;-0.1805555555555555;-0.7087777723654779
Unknown;0.2696346073078538;-0.2434640522875817;-0.5137887895241071
Unknown;0.3370332593348133;-0.2847222222222222;-0.507775004737184
Unknown;0.3079938401231975;-0.25;-0.5801461706225646
Unknown;0.244795104097918;-0.3299319727891156;-0.6348181647505358
Medium;1.0;0.0;
Unknown;0.4543109137817244;-0.2100840336134453;-0.3971546182247573
High;1.0;-0.0212765957446808;-0.1535879851915169
Unknown;0.0389192216155676;0.4887218045112781;0.9325276181709812
Unknown;0.2333153336933261;0.1666666666666666;1.2780193008453873
Unknown;0.2976340473190536;0.2971014492753623;0.5173257385702523
Unknown;1.0;-0.1063829787234042;-0.359415263041222
High;0.9647007059858804;0.0646976090014064;0.1314603328873788
Low;1.0;-0.0140515222482435;-0.1306473125517991
Unknown;0.5339093218135638;-0.3188405797101449;-0.3640288388932871
Unknown;0.6709065818683626;0.135064935064935;0.2791452631195412
Medium;0.6140277194456111;-0.2222222222222222;-0.5520524474738834
Unknown;0.0259594808103837;-0.5620915032679739;-1.140474946934251
Medium;0.629267414651707;-0.2266666666666666;-0.4540669375902262
Unknown;1.0;-0.0289855072463768;-0.0721377935971061
Unknown;0.615427691446171;-0.1481481481481481;-0.3064805352034943
Medium;0.1067978640427191;0.3310104529616725;0.97297099909513
Unknown;0.3121937561248775;0.3846153846153846;0.5946113732691097
Unknown;1.0;-0.0769230769230769;-0.3048749218101055
Unknown;0.1915561688766224;-0.3234126984126984;-0.5819964233173593
Unknown;1.0;0.0807692307692307;0.0266402802382927
Unknown;0.0502389952200955;-0.3444444444444444;-0.6171710921337691
Unknown;0.0166396672066558;0.6088888888888889;1.382389535235948
High;1.0;0.0;
Unknown;0.243115137697246;-0.2678571428571428;-0.5455890216144669
Unknown;0.6082278354432912;-0.1807692307692307;-0.3275518763884805
Unknown;0.2652746945061098;0.3777777777777777;0.7379978006932223
Unknown;1.0;0.0266666666666666;0.0
Control;0.5362348178137651;0.4324324324324324;0.610251096463589
Unknown;0.5165496690066199;-0.1970443349753694;-0.3927855850136594
Unknown;0.0120397592048159;-0.6147959183673469;-1.1190578469764372
Unknown;0.9701405971880562;-0.0408163265306122;-0.0911197470519333
Control;0.2150756984860302;-0.3492063492063492;-0.649526977883523
Unknown;0.3860722785544289;0.2091836734693877;0.5430125006874559
Unknown;1.0;-0.0070921985815602;-0.027522561051369
Unknown;0.1037179256414871;0.4088050314465409;0.8918662776716266
Unknown;0.0215195696086078;-0.419753086419753;-0.8060231947716878
Unknown;1.0;-0.1155555555555555;-0.0837707816583392
Unknown;0.376832463350733;0.2679012345679012;0.3541778369827573
Unknown;0.3855122897542049;0.2649350649350649;0.4517096943913926
Unknown;0.0124797504049919;-0.4544444444444444;-0.852350766457197
Unknown;0.0018399632007359;0.6474358974358975;1.8768289619929268
Unknown;0.9193016139677208;0.0319148936170212;-0.1299288911750782
Unknown;0.0367992640147197;0.4290780141843971;1.1467307098784296
Low;0.8553428931421372;-0.036231884057971;-0.1332488890043962
Unknown;0.8202635947281054;-0.1458333333333333;-0.2103595366140505
Unknown;0.2005959880802384;0.2760290556900726;0.5887927403420141
Unknown;0.5561888762224756;-0.175438596491228;-0.3142805418374649
Unknown;0.2559548809023819;-0.3125;-0.6753816335059704
Unknown;0.249355012899742;0.3842105263157894;0.6317862218648919
Unknown;0.0019199616007679;0.4448275862068965;1.2391693062331604
Low;1.0;-0.0625;-0.2700308624336608
Control;1.0;-0.0668202764976958;-0.1639351248430979
Unknown;0.2340353192936141;0.1666666666666666;1.2909944487358054
Unknown;0.0031999360012799;0.6535947712418301;1.575304349558678
Unknown;0.114397712045759;-0.4613970588235294;-0.6619034252868121
Unknown;0.0309593808123837;-0.3131313131313131;-0.6579350034595952
Medium;0.0006399872002559;0.5185439560439561;1.1637045551635052
Unknown;0.0007999840003199;0.7142857142857143;1.6829901709553028
Unknown;0.3996720065598688;0.2716049382716049;0.5329658973039563
Unknown;0.5310693786124278;0.2253086419753086;0.3635923075225613
Unknown;0.0393192136157276;-0.5;-0.9795103671940176
Unknown;0.5825083498330034;0.1621621621621621;0.3379478618208263
Unknown;0.5910281794364113;-0.196078431372549;-0.4906697660676672
Unknown;0.5135097298054039;-0.2222222222222222;-0.449885681669695
Unknown;0.8413431731365373;-0.1372549019607843;-0.2069514119694872
Control;0.2765544689106218;-0.3681818181818181;-0.7412545601473969
Unknown;0.0104397912041759;0.5425531914893617;1.6484644261671957
Unknown;0.0907581848363032;-0.34375;-0.7569125885243729
Unknown;0.9349813003739924;-0.0367816091954023;-0.1213854715919784
Unknown;0.0239595208095838;-0.4317073170731707;-0.8483564291846697
Medium;1.0;-0.0217391304347826;-0.1554174680400523
Unknown;0.4306713865722685;0.2592592592592592;0.520851946975524
Unknown;0.6399072018559628;0.2111111111111111;0.3397643268967192
Unknown;0.5123097538049239;-0.2100840336134453;-0.4445893712684867
Unknown;0.0815183696326073;0.3592592592592593;1.0495880524738976
High;0.2249555008899822;0.2898550724637681;0.6169156463609576
Unknown;0.6715465690686186;-0.1700680272108843;-0.289267263496227
Unknown;0.0011599768004639;0.7037037037037037;2.063496219664672
Unknown;0.0686786264274714;-0.4074074074074074;-0.8068287970154475
Unknown;0.0639587208255834;0.3108108108108108;1.4319574587938062
Low;0.7405851882962341;-0.1666666666666666;-0.3292927799690711
Low;0.9094218115637688;-0.0512195121951219;-0.2038035326838473
Unknown;0.0012799744005119;-0.6705069124423964;-1.3231536539071165
Unknown;1.0;-0.0952380952380952;-0.3320778360912658
Unknown;0.6970260594788105;-0.1911111111111111;-0.4001653917788268
Unknown;0.4527909441811164;0.3033333333333333;0.4323803761730761
Unknown;0.8465830683386333;0.1066666666666666;0.2288050223253607
Unknown;0.496430071398572;-0.17;-0.4076197322920544
Control;0.0012399752004959;-0.6419753086419753;-1.0974044104111944
Unknown;0.4174375578168363;-0.3777777777777777;-0.6922186552431729
Unknown;0.123277534449311;0.48;0.9587225543243532
Unknown;0.4772704545909081;0.2129870129870129;0.3586952360288844
Unknown;0.2747145057098858;-0.3197278911564626;-0.6600685333718568
High;1.0;-0.032258064516129;-0.1897933227917781
Medium;0.4063518729625407;-0.2181818181818181;-0.5301340666313609
Low;0.5340693186136277;-0.2660098522167488;-0.3882886213160431
Unknown;0.617507649847003;0.074074074074074;0.33358661548394
Unknown;0.0066398672026559;0.6851851851851852;1.76966079981595
Unknown;0.1301973960520789;0.3472222222222222;0.8402562629444952
Unknown;1.0;0.0046082949308755;0.0089651408206046
High;1.0;-0.0408163265306122;-0.214538857568648
High;0.7141857162856743;-0.1827956989247312;-0.3589799939973009
Unknown;0.0211595768084638;-0.5751633986928104;-1.151717073035275
Unknown;0.6575868482630347;-0.1555555555555555;-0.2911243088934682
Unknown;0.4026319473610528;-0.1905882352941176;-0.3937003937005904
Unknown;0.1097978040439191;-0.4666666666666667;-0.9307089982231836
Unknown;0.3823923521529569;0.3095238095238095;0.5339231608900379
Unknown;0.4043119137617247;-0.1753731343283582;-0.3883452167834343
Unknown;0.2779544409111817;-0.2331768388106416;-0.4920656058868062
Low;0.0006799864002719;0.7922794117647058;1.7267020298863618
High;0.3583128337433251;-0.2606516290726817;-0.5375644461317673
Unknown;1.0;-0.0857142857142857;-0.3190387347732472
Unknown;0.2231155376892462;0.1428571428571428;1.2051476890327393
Unknown;0.247795044099118;-0.2337349397590361;-0.4682097578201752
Unknown;0.0265594688106237;0.6066666666666667;1.0729299638020808
Unknown;1.0;-0.074074074074074;-0.2931312435171759
Unknown;0.9748605027899442;-0.0933333333333333;-0.1351474756798972
Unknown;0.2980340393192136;-0.3401360544217687;-0.5164891476846206
Unknown;1.0;-0.0416666666666666;-0.078233799006363
Unknown;0.3457130857382852;-0.2708333333333333;-0.6343350474165464
Unknown;1.0;0.0076530612244897;-0.0557079716322369
Unknown;0.3976320473590528;0.217391304347826;0.5141933776432958
Unknown;0.2102757944841103;0.2865168539325842;0.4947692780942025
Unknown;0.500429991400172;0.2177777777777777;0.4474321215796983
Unknown;0.8898222035559289;0.0106382978723404;0.1386518145668996
Unknown;0.3402331953360932;0.2916666666666667;0.5235421525934357
Unknown;0.1959160816783664;-0.3641975308641975;-0.691144204845008
Unknown;0.497110057798844;-0.2198581560283688;-0.442860348840951
Unknown;0.5161496770064599;-0.2115384615384615;-0.3698272253789553
Unknown;0.1427971440571188;-0.4166666666666667;-0.7122419741475571
Unknown;0.3909121817563649;0.1539682539682539;0.3767024577805056
Unknown;0.3548329033419332;0.3022222222222222;0.5438396392188338
Unknown;0.9747005059898802;0.0709219858156028;0.0888021992515423
Unknown;0.623787524249515;-0.1985815602836879;-0.3927903499622323
Medium;1.0;-0.1333333333333333;-0.4050957468334666
Unknown;0.1861962760744785;0.44;0.8211941830054517
Unknown;0.6128277434451311;-0.1288056206088993;-0.2731052736504727
Unknown;0.9676606467870642;0.0888888888888888;0.2003581023458428
Control;0.119037619247615;0.3023809523809523;0.7958197978263668
Low;0.5818283634327314;-0.1694915254237288;-0.4460065684097487
Medium;0.6957060858782824;-0.1511627906976744;-0.3578319117007113
Unknown;1.0;0.0875;-0.0099684260314184
Unknown;1.0;-0.034090909090909;-0.1338673891558737
Low;1.0;0.0851063829787234;0.1055462352792513
Unknown;1.0;-0.0357142857142857;-0.2057377999494558
Unknown;0.0162396752064958;-0.5333333333333333;-0.9248043889897672
Unknown;1.0;0.0844444444444444;0.1140531897024402
Unknown;0.3312333753324933;0.2534722222222222;0.4769741089916784
Unknown;0.4409911801763965;0.2692307692307692;0.3876100070457489
Unknown;0.5567488650226995;-0.1038961038961039;-0.3134319321657734
Unknown;0.7985440291194176;0.1811224489795918;0.1963639130451339
Unknown;0.1633167336653267;-0.3840579710144927;-0.6925433610644437
Medium;0.3502329953400932;-0.2096774193548387;-0.5394264625437181
Low;7.999840003199936e-05;0.8231292517006803;2.1743605762025577
Unknown;0.0801983960320793;0.4224924012158054;0.8086091305351081
Unknown;1.0;0.0493827160493827;0.0261975058451639
Unknown;0.1349573008539829;-0.3888888888888889;-0.7698003589195008
Unknown;0.8174236515269695;0.064625850340136;0.1646451527045822
Unknown;0.2743545129097418;-0.2692307692307692;-0.5274497555997034
Unknown;0.4177516449671006;0.2711111111111111;0.500562146986621
Unknown;0.0929181416371672;-0.4153439153439153;-0.7579794133449471
Unknown;0.0011199776004479;-0.7266666666666667;-1.7883410316838146
Unknown;0.1691566168676626;-0.41;-0.6828448708365765
Unknown;0.6767864642707145;0.1728395061728395;0.3072850377484956
Unknown;0.0881182376352473;0.4682539682539682;0.8039292848076699
Unknown;1.0;-0.1290322580645161;-0.3971222647875137
Unknown;0.4421511569768604;0.3265306122448979;0.412449400293384
Unknown;0.4321113577728445;-0.24;-0.5604890905754052
Unknown;0.0401191976160476;-0.5957446808510638;-0.9958225958414644
Unknown;0.122877542449151;0.4266666666666667;0.9389529557231416
Unknown;0.7979840403191936;-0.1509433962264151;-0.4372584688184542
Unknown;0.0948781024379512;-0.425531914893617;-0.812590076266206
Unknown;0.8351032979340414;0.160377358490566;0.1736574557559724
Unknown;0.7390652186956261;-0.1339869281045751;-0.2212252898814513
Control;0.0705185896282074;-0.4561403508771929;-0.9473998611396244
Unknown;0.1273974520509589;0.3576388888888889;0.8389825438993657
Medium;1.0;0.0;
High;0.7038659226815464;-0.1481481481481481;-0.4359083654388629
Unknown;0.1567568648627027;0.3958333333333333;0.7687061147858073
Unknown;0.9034619307613848;0.072463768115942;0.1294365623669608
Unknown;0.5974680506389872;0.1077694235588972;0.5083062607163826
Unknown;1.0;0.0833333333333333;0.016193099716629
Unknown;1.0;-0.0111111111111111;-0.0285702386654009
Unknown;1.0;0.0229591836734693;-0.0493647727897687
Unknown;1.0;0.0333333333333333;0.0660567815398447
Low;0.4057918841623167;-0.25;-0.5637945294671506
Unknown;0.3503129937401252;-0.2404761904761904;-0.4641960613383309
Unknown;0.9731405371892562;-0.1052631578947368;-0.3577247213489583
Unknown;0.3587128257434851;0.1828063241106719;0.4015391773263428
Unknown;1.0;0.0232558139534883;0.0090120675681401
Unknown;0.2169556608867822;0.2673611111111111;0.6358492015562662
Low;0.8964620707585849;-0.1111111111111111;-0.1943650631615101
Medium;1.0;0.0321637426900584;0.1156912108976011
Unknown;0.0141197176056478;0.5493827160493827;0.9672684742570344
Low;1.0;0.0711538461538461;0.0132732309574431
Unknown;0.0020399592008159;-0.7142857142857143;-1.5097493025979094
Unknown;0.0252394952100958;0.4909090909090909;1.7706129487661912
Low;1.0;-0.0126582278481012;-0.1181376638815653
Unknown;1.0;-0.0628930817610062;-0.1669155661972353
Unknown;0.252994940101198;0.3032581453634085;0.5402685631185972
Unknown;0.7942641147177056;-0.1132075471698113;-0.2602101599648793
Unknown;0.3095938081238375;-0.2941176470588235;-0.6490714530352709
Unknown;0.3187536249275015;-0.3120567375886525;-0.5478889756718338
Unknown;0.5707085858282834;0.2095238095238095;0.5073022251854692
Unknown;0.5757884842303154;-0.1046511627906976;-0.3612120941854037
Unknown;0.3540729185416291;-0.2716049382716049;-0.5275012153005361
Unknown;1.0;-0.0357142857142857;-0.1958565504643343
Unknown;1.0;0.0181159420289855;-0.0455343330811746
Unknown;0.0853182936341273;-0.3532467532467532;-0.7677572044011499
Unknown;0.2579148417031659;-0.3209876543209876;-0.5775494585242358
Unknown;0.2085558288834223;0.4097560975609756;0.8365657220413298
Unknown;0.1623967520649587;0.3399014778325123;0.6786883924062533
Control;1.0;0.0;
Unknown;0.9118217635647288;0.0735294117647058;0.1874825826636958
Unknown;0.2307953840923181;-0.3875;-0.7241628575397455
Unknown;0.8473030539389212;-0.0748299319727891;-0.209075771102224
Unknown;0.0678786424271514;-0.483974358974359;-0.8804210600263112
Control;0.5429891402171957;0.1256038647342995;0.3232640758527578
Unknown;0.113997720045599;0.3333333333333333;0.865020525814719
Unknown;0.6357072858542829;-0.219298245614035;-0.3461790322746478
Unknown;1.0;0.0111111111111111;0.0299490078562277
Unknown;1.0;-0.0673076923076923;-0.1608188607657067
Unknown;1.0;0.0;
Unknown;3.999920001599968e-05;0.782608695652174;3.1902634506381093
Low;1.0;-0.0869565217391304;-0.3217447260438934
High;0.5088298234035319;-0.2727272727272727;-0.6527912098338667
Unknown;1.0;-0.0188679245283018;-0.1450689241123196
Control;0.2022359552808943;-0.34;-0.7458978726096734
Unknown;0.1956760864782704;0.3283208020050125;0.5771319581385425
Unknown;0.1319973600527989;-0.3442622950819672;-0.7536794987826362
Unknown;0.0877982440351193;0.5246913580246914;0.97270275265728
Low;1.0;-0.0643939393939393;-0.0723816330240633
Unknown;1.0;-0.0289855072463768;0.0091379890625274
Unknown;0.5682286354272914;0.1524822695035461;0.325500426405838
Unknown;0.616467670646587;-0.1884057971014492;-0.3239686830043144
Unknown;1.0;-0.018018018018018;-0.1340287403995589
Unknown;1.0;-0.0444444444444444;-0.2204060148215312
Control;0.7762644747105057;0.0992907801418439;0.2285831418531632
Unknown;0.0131197376052478;0.6166666666666667;1.4734657517519376
Unknown;0.6399072018559628;0.2077922077922078;0.3011533181754079
Unknown;0.2531549369012619;-0.217391304347826;-0.6108472217815261
Unknown;0.1656766864662706;-0.392156862745098;-0.7289481548141823
Unknown;0.0052798944021119;-0.673469387755102;-1.170017660777226
Unknown;0.498910021799564;-0.2549019607843137;-0.6018547184887584
Unknown;1.0;0.0256410256410256;0.0079645614495494
Unknown;0.0005199896002079;0.7241379310344828;1.631774780003148
Unknown;1.0;0.0521739130434782;0.1070711120957841
Unknown;0.249555008899822;-0.3075060532687651;-0.5168111286656923
Control;0.3263534729305414;-0.2122448979591836;-0.4225011326359205
Unknown;0.8525829483410332;-0.0987654320987654;-0.1979667755153575
Unknown;0.5736285274294514;0.2703703703703703;0.3406305093469996
Control;1.0;-0.0068965517241379;-0.0167693071576736
Unknown;0.9342613147737046;0.12;0.1756620131307359
Unknown;0.9594608107837844;0.0777777777777777;0.2572896417393184
Low;0.1773164536709265;0.3805031446540881;0.7687211880507606
Unknown;0.1671566568668626;0.3348765432098765;0.5575193494329422
Unknown;0.1088778224435511;-0.5333333333333333;-0.9428090415820632
Unknown;0.9349413011739766;-0.0729166666666666;-0.1529094338621028
Unknown;0.6932261354772905;0.1555555555555555;0.2671618698168113
Unknown;0.99210015799684;-0.0352564102564102;-0.1405593132372386
High;0.1353972920541589;-0.4166666666666667;-0.8498365855987976
Unknown;1.0;0.0606060606060606;0.1295500551262591
Unknown;0.375112497750045;0.1955555555555555;0.6172133998483675
Unknown;0.988980220395592;0.0786163522012578;0.1438128924701766
Unknown;0.1336773264534709;0.238095238095238;0.91542621282475
Unknown;0.0536389272214555;-0.5733333333333334;-1.0480647481487275
Unknown;0.5929081418371632;-0.2518518518518518;-0.3407177036902658
Unknown;0.6374672506549869;0.1466666666666666;0.3458371816572479
Unknown;0.8324633507329854;-0.1458333333333333;-0.4082482904638631
Unknown;0.0057598848023039;0.6555555555555556;1.6856440812586524
Unknown;0.6432671346573069;-0.0095302927161334;0.1696496194595299
Low;0.0980780384392312;0.2493506493506493;0.9907813870175364
Unknown;0.1707565848683026;-0.3888888888888889;-0.7135137262455337
Unknown;0.6417071658566829;0.1768292682926829;0.617121986917851
Unknown;0.375912481750365;0.3181818181818182;0.7856182641430207
Unknown;0.4262714745705085;0.38;0.4242640687119286
Unknown;1.0;-0.0398550724637681;-0.1429849730689541
Unknown;1.0;0.0055970149253731;0.0169926629261907
Unknown;3.999920001599968e-05;0.8962264150943396;2.460052088227742
Unknown;0.0266394672106557;0.5326797385620915;1.1423230544746583
Unknown;0.8857422851542969;-0.0596153846153846;-0.1291731521952881
Unknown;0.8470230595388092;-0.125;-0.2837345221059482
Control;0.9851551956815114;-0.1216216216216216;-0.3243374865704011
Unknown;0.0040399192016159;-0.7074074074074074;-1.583901736491366
Unknown;0.8105037899242015;0.0912698412698412;0.2407996736383892
Unknown;0.0078798424031519;0.5543478260869565;1.7863818652210677
Medium;0.0293994120117597;-0.3137254901960784;-0.6436016745895302
Unknown;0.3189536209275814;0.2083333333333333;0.5416025603090641
Unknown;0.8981820363592729;0.1511111111111111;0.1983870704427974
Unknown;0.7975840483190336;0.1309523809523809;0.2492223931396135
Unknown;0.6452670946581068;-0.178030303030303;-0.3591662725721228
Unknown;0.3826323473530529;0.1777777777777777;0.9237604307034012
Unknown;0.0407191856162876;0.4013605442176871;1.12010974142745
Unknown;1.0;0.0;
Unknown;1.0;-0.0689655172413793;-0.2903294469037951
Unknown;0.9204615907681848;0.0970464135021097;0.0833514368644453
Unknown;0.619107617847643;-0.1953488372093023;-0.3737526243409864
Low;0.872822543549129;-0.0962962962962963;-0.2949275309643202
Unknown;0.5695886082278354;0.1282051282051282;0.577866451920526
Unknown;0.0549589008219835;0.5784313725490197;1.0218925970891182
Unknown;0.123077538449231;0.2535885167464115;0.5972461825865828
Unknown;0.6172276554468911;0.217391304347826;0.3542804113983618
Unknown;0.7091458170836583;0.1470588235294117;0.3573639298084985
Unknown;1.0;-0.0301142263759086;-0.1010028729340209
Low;1.0;-0.0571428571428571;-0.1422236269069555
Unknown;0.752984940301194;-0.0576036866359447;-0.216243525313982
Unknown;0.6909861802763945;-0.15;-0.4372373160976031
Unknown;0.0865182696346073;-0.2888888888888888;-0.9284022744706404
Unknown;1.0;0.0;
Unknown;1.0;0.075;0.0228741368314426
Unknown;0.4548709025819483;-0.2654320987654321;-0.4040136345292734
Control;0.3863522729545409;0.1477987421383647;0.8283880383580903
Unknown;1.0;-0.0638297872340425;-0.272000967116269
Unknown;0.2845543089138217;-0.3733333333333333;-0.6318240236065634
High;0.5773484530309394;-0.1375;-0.4163767107048511
Control;1.0;-0.109090909090909;-0.3499271061118826
Unknown;0.488590228195436;0.2374429223744292;0.2961125222945905
Unknown;1.0;-0.0681818181818181;-0.2825289656088066
Unknown;0.9313813723725526;0.1076388888888889;0.1811857688348696
Unknown;0.0836783264334713;-0.3056179775280899;-0.677381004569357
Unknown;0.870982580348393;-0.0853658536585365;-0.3085613532631611
Control;0.5969080618387632;0.0341880341880341;0.2638264220688038
Unknown;0.0160396792064158;-0.3733333333333333;-1.418271051980557
Unknown;0.0040399192016159;0.4839285714285714;1.4396133125194188
Unknown;0.4593508129837403;0.28;0.4809628896337213
Unknown;0.4237515249695006;-0.3421052631578947;-0.7076485563505792
Unknown;0.6318273634527309;-0.1846153846153846;-0.3570363684418118
Unknown;3.999920001599968e-05;0.9383116883116884;3.17857358202512
Unknown;1.0;-0.0769230769230769;-0.2886751345948128
Unknown;1.0;-0.0442176870748299;-0.1303519334135491
Unknown;0.1041179176416471;-0.4166666666666667;-0.8109653331251888
Low;0.2038759224815503;0.3168831168831169;0.7041658875399673
Unknown;0.2371152576948461;0.3936170212765957;0.6805732037140794
Unknown;0.3905121897562049;-0.2569444444444444;-0.5000000000000001
Unknown;0.8001439971200576;0.0815602836879432;0.2225061833672521
Unknown;0.3526329473410531;-0.1604938271604938;-0.3379943469891385
Unknown;1.0;-0.1111111111111111;-0.3458775657415617
Unknown;0.9156216875662486;-0.0497512437810945;-0.1088556985695509
Unknown;1.0;-0.0214285714285714;-0.0476921492633403
Unknown;0.2963940721185576;-0.4034090909090909;-0.7729182346164422
Unknown;0.116837663246735;-0.4213836477987421;-0.7406637326221254
Unknown;0.377872442551149;-0.2708333333333333;-0.4983040018973141
Unknown;0.8227035459290815;0.2421875;0.1391344927746028
Unknown;1.0;-0.032520325203252;0.1109256293300238
High;0.4799904001919962;-0.1833333333333333;-0.438170146847881
Unknown;0.998660026799464;-0.1153846153846153;-0.3747909116090586
Unknown;0.0097598048039039;0.5922077922077922;1.2753303908287696
Unknown;0.1136377272454551;0.3842364532019704;0.7094825198855853
High;0.3062338753224936;-0.2888888888888888;-0.6651023313078305
Unknown;0.0887582248355032;0.4673202614379085;0.9456936197355332
Unknown;0.9185816283674326;0.1843971631205673;0.1304121419869056
Low;1.0;-0.0277777777777777;-0.1799651754853265
Control;0.0018799624007519;0.6309523809523809;1.3806393755447035
Unknown;0.5669886602267955;-0.135593220338983;-0.285413490733104
Unknown;1.0;-0.1153846153846153;-0.3508232077228116
Unknown;0.2909141817163657;-0.2671957671957672;-0.49830750567422
Unknown;0.6704665906681866;0.1274509803921568;0.3097512738476932
Unknown;0.8610627787444252;-0.0850694444444444;-0.2019776697545991
Unknown;0.9464210715785684;0.1140350877192982;0.22563285740501
Unknown;0.6019479610407792;0.1071428571428571;0.5013717446901313
Unknown;0.119677606447871;-0.4;-0.7738501927094741
Unknown;0.0874382512349753;-0.2421052631578947;-0.5797678134402173
Unknown;1.0;-0.077037037037037;-0.0406087414772241
Unknown;0.4513109737805243;-0.2312925170068027;-0.4670561718068471
Unknown;0.2736345273094538;-0.2205513784461152;-0.5236234368849314
Unknown;0.7308253834923302;0.1629629629629629;0.236656990967774
Unknown;0.0509189816203675;-0.4888888888888889;-1.0205615580256815
Unknown;0.5269494610107798;0.2066666666666666;0.3866079089401275
Unknown;0.0523989520209595;-0.4363636363636363;-0.8344608748432129
Unknown;0.4031519369612608;-0.1366995073891625;-0.2956610136549966
Unknown;1.0;0.0333333333333333;0.0949944265109272
Unknown;0.7015859682806344;0.1081081081081081;0.2625806489562469
Unknown;0.7686246275074499;0.1714285714285714;0.2084396698940297
Unknown;1.0;0.0326797385620915;-0.0622299212730941
Unknown;1.0;-0.0132275132275132;-0.0264223812645371
Unknown;1.0;0.0815602836879432;0.0772619676315811
Unknown;0.3845923081538369;-0.272108843537415;-0.4867293697349231
Unknown;0.7150656986860263;-0.1966666666666666;-0.27102951557655
Medium;1.0;-0.0133333333333333;-0.1222904532453574
Unknown;0.2944341113177736;0.3163265306122449;0.4968478613038514
Unknown;1.0;0.0492424242424242;0.1782271780890497
Unknown;0.636027279454411;-0.3152173913043478;-0.2988282529233199
Unknown;1.0;0.0354609929078014;0.0758315981787682
Unknown;0.5126697466050679;-0.2333333333333333;-0.4786344211304794
Unknown;1.0;-0.1363636363636363;-0.4106827085248899
Unknown;0.1725165496690066;-0.3846153846153846;-0.7303052600692999
High;0.0301593968120637;-0.4838709677419355;-0.863944464974605
Unknown;0.0012799744005119;-0.57;-1.1693766974183797
Unknown;0.0011199776004479;-0.5638297872340425;-1.0380439247739777
Unknown;0.0810383792324153;-0.4625850340136054;-0.8695832066011608
Unknown;0.4654706905861883;0.2196969696969697;0.3563209056230303
Unknown;0.0068398632027359;-0.6530612244897959;-1.197065531658464
Unknown;0.7985440291194176;-0.125;-0.2105124488924482
Unknown;0.0317593648127037;-0.6;-1.1802375449568958
Low;0.9077418451630967;0.0773809523809523;0.1785994272403201
Unknown;0.5971480570388592;0.123015873015873;0.3921108624453491
Unknown;0.0076398472030559;0.4776334776334776;1.1099160922852376
Unknown;0.1703565928681426;0.5283018867924528;0.7526643412097903
Unknown;0.0049599008019839;-0.6666666666666666;-1.4124890736515752
Unknown;0.2325553488930221;0.2448979591836734;0.7080753118622399
Unknown;1.0;-0.0422535211267605;-0.2201528428924712
Medium;0.0607187856242875;-0.5014005602240896;-0.9296263481568008
Unknown;0.0037999240015199;0.6666666666666666;1.5409848773868116
Low;1.0;-0.0689655172413793;-0.2747639552558711
Unknown;0.3073538529229415;0.2810304449648712;0.5025131913924199
Unknown;0.4597508049839003;0.2777777777777778;0.4066797956148966
Unknown;0.7859842803143937;-0.1538461538461538;-0.4424976788687097
Unknown;0.0060798784024319;0.6437908496732027;1.3306643929068216
Unknown;0.5705885882282354;0.2119565217391304;0.3180227589695228
Unknown;0.8452630947381052;-0.15625;-0.2416262269144932
Unknown;0.9422211555768883;-0.125;-0.3722885729500346
Unknown;0.116917661646767;0.4097222222222222;0.8498365855987974
High;1.0;-0.0384615384615384;-0.074660136678944
Unknown;0.9761004779904402;-0.12;-0.3837612894400988
Unknown;0.123957520849583;0.3985507246376811;0.859584885214999
Unknown;0.5117097658046839;-0.1921182266009852;-0.3907329814819874
Unknown;0.3475130497390052;0.2727272727272727;0.622031688426064
Unknown;1.0;-0.1647058823529411;-0.1535150773731743
Control;0.4407111857762845;0.2711864406779661;0.3835701241010753
High;0.7284654306913861;0.0647058823529411;0.3203537716145826
Unknown;1.0;-0.0208333333333333;-0.1518210966567918
Unknown;0.2861942761144777;0.3111111111111111;0.6390096504226935
Unknown;1.0;-0.0231481481481481;-0.0642583000796716
Unknown;0.0002399952000959;-0.6712328767123288;-1.2647242303358106
Unknown;1.0;0.0135135135135135;-0.0221730035079246
Unknown;0.0119597608047839;0.5308641975308642;1.1358780589892703
Unknown;0.5817083658326834;-0.2012195121951219;-0.477469426801837
High;0.2961038961038961;0.4074074074074074;0.7631757831493757
Unknown;0.8960220795584088;-0.0888888888888888;-0.1721984547041146
Unknown;0.74522509549809;0.1441441441441441;0.3486266824268428
Unknown;1.0;0.0;
Unknown;1.0;0.0602836879432624;0.0037554822421668
Medium;1.0;-0.1;-0.3133397807202562
Unknown;0.8015839683206336;-0.1644444444444444;-0.3508232077228116
Unknown;0.5863482730345393;0.25177304964539;0.3779605815687178
Unknown;0.8488230235395292;-0.1367521367521367;-0.2309759206725263
High;1.0;-0.037037037037037;-0.2049946146189992
Unknown;0.2931541369172616;-0.4;-0.6263384857111031
Unknown;0.3323133537329253;-0.2765957446808511;-0.6441223618391749
Control;0.4407911841763164;-0.2592592592592592;-0.526999920542066
Unknown;1.0;-0.0454545454545454;-0.2279211529192758
Medium;0.2334753304933901;-0.25;-0.5714552024082846
Unknown;0.5168296634067319;-0.227891156462585;-0.4209175759492997
Unknown;0.9461810763784724;0.0793650793650793;0.1299000264588768
Unknown;0.0297594048119037;0.475177304964539;1.2344916603767209
Low;0.115477690446191;0.1359044995408631;0.7728422011467173
Low;0.2017559648807023;0.3404255319148936;0.7483681629678386
Unknown;1.0;0.0609756097560975;0.1201099749967251
Unknown;0.4749505009899802;0.2777777777777778;0.4302051201319314
Unknown;0.1389572208555828;0.2977777777777777;0.9792963834957368
High;0.0238395232095358;0.5087719298245614;1.4476174821472252
Unknown;0.9041019179616409;0.1066666666666666;0.1649057162381144
Unknown;1.0;-0.0659722222222222;-0.1578106921579996
Unknown;1.0;-0.0408163265306122;-0.1383994372064256
Unknown;0.2626747465050699;0.4150326797385621;0.645261719423771
Unknown;0.1085578288434231;0.3911111111111111;0.8961792537779264
Unknown;0.0197196056078878;0.5217391304347826;1.286724334119839
Unknown;0.7975840483190336;-0.1521739130434782;-0.4416953252097554
Unknown;1.0;-0.0136054421768707;-0.0280880226966747
Unknown;0.756104877902442;-0.1304347826086956;-0.2524007250010868
Unknown;0.622387552248955;0.2301587301587301;0.3663498772322535
Unknown;0.1065978680426391;-0.4281045751633986;-0.8183911795171287
High;0.9805403891922162;0.0784313725490196;0.2559357816458139
Medium;0.873742525149497;-0.1422222222222222;-0.3140879692195767
Unknown;0.2028759424811503;0.391304347826087;0.7632641706216681
Unknown;0.3479930401391972;-0.2483660130718954;-0.5181145888064425
Low;0.745985080298394;-0.1388888888888889;-0.3352297368773544
Unknown;0.0513589728205435;-0.4661654135338345;-0.885495183997264
High;0.5791084178316434;0.0847953216374269;0.4587099112305293
Unknown;0.7765044699106017;0.1666666666666666;0.2597115917026905
Unknown;7.999840003199936e-05;0.7162162162162162;1.7540456446847243
Unknown;0.2908341833163336;0.2993197278911564;0.5811599335495969
Unknown;0.8427431451370972;0.048076923076923;0.2254594098883305
Unknown;0.2671546569068618;-0.2353658536585365;-0.4297490417239044
Unknown;0.7783844323113538;-0.1560283687943262;-0.3081184852767126
Unknown;0.879142417151657;-0.1044776119402985;-0.3565311036371112
Unknown;0.5469890602187957;0.2517006802721088;0.4068890504063101
Unknown;0.8605827883442331;-0.14;-0.4193017451530248
High;1.0;-0.04;-0.2121320343559642
Unknown;0.5082298354032919;0.1275362318840579;0.2529189909674716
Unknown;1.0;-0.0694444444444444;-0.2843339078342197
Unknown;0.0246395072098558;0.427536231884058;1.5509468998023024
Unknown;0.7414251714965701;-0.1955555555555555;-0.2379601450132858
Unknown;0.507629847403052;-0.1142857142857142;-0.3525932486980136
Medium;0.2336753264934701;-0.320754716981132;-0.6578297505577787
Unknown;0.1661166776664466;0.296875;0.7065198893041165
Unknown;0.0379992400151997;-0.5306122448979592;-1.0507933510765413
Unknown;0.2885142297154057;-0.3;-0.6414439817157764
Unknown;0.4768304633907322;0.1792207792207792;0.3465941258386521
Unknown;0.4063118737625247;0.0988888888888888;0.3445200277193427
Unknown;0.1581568368632627;-0.3919753086419753;-0.7276877967435827
Medium;0.0263194736105277;-0.5471698113207547;-1.0547071108917303
Unknown;0.0393592128157436;-0.5253623188405797;-0.9984038297885895
Unknown;0.0016399672006559;-0.8;-1.6203829873338664
Unknown;0.377472450550989;0.2932098765432099;0.4703712362186028
Unknown;0.0002399952000959;-0.8723404255319149;-1.8087779124644536
Unknown;1.0;0.0753246753246753;0.0975509826975644
Unknown;0.0034399312013759;0.5925925925925926;2.0474688851176865
Unknown;0.8970620587588248;-0.1145833333333333;-0.2347013970190886
Unknown;0.7881042379152416;-0.1038961038961039;-0.3556433795795097
High;1.0;-0.0646900269541779;-0.1592215345033776
Unknown;1.0;0.0714285714285714;0.1280339485973598
Unknown;0.0823983520329593;0.375;0.8446387595572095
Unknown;0.5519889602207956;-0.2127659574468085;-0.3839724458027277
Unknown;0.0421591568168636;-0.5032679738562091;-0.9476416186324026
Control;1.0;0.0153061224489795;-0.1126810149944301
Unknown;0.1468370632587348;-0.3640552995391705;-0.6250624034884736
Low;0.872742545149097;-0.1372549019607843;-0.4142084347897571
Medium;0.4029119417611648;0.3333333333333333;0.5039714682691333
High;0.0033999320013599;-0.6851851851851852;-1.6597661539992343
Unknown;0.8476630467390652;-0.0884353741496598;-0.186676565212386
Unknown;0.4479110417791644;0.2297702297702297;0.3165917411377404
Unknown;1.0;-0.0088888888888888;-0.0749268649265355
Unknown;0.6020679586408272;0.1428571428571428;0.3895968612369898
Unknown;0.1385572288554229;-0.447463768115942;-0.609079152191302
High;1.0;-0.1422764227642276;-0.0982794585681606
Unknown;0.0108397832043359;-0.6382978723404256;-1.1880784436735332
Unknown;0.6381072378552429;-0.173076923076923;-0.3443302947261366
Unknown;0.3816723665526689;-0.358695652173913;-0.7263280111622836
Unknown;0.0184396312073758;0.4909090909090909;1.5772856152337975
Control;0.366472670546589;0.3658536585365853;0.7778596698899332
Unknown;0.5471090578188437;0.2346938775510204;0.3588031734588562
Unknown;0.5325493490130198;-0.1928104575163398;-0.3593541783862986
Medium;0.2617947641047179;-0.3076923076923077;-0.6918326955503611
Unknown;0.7861042779144417;0.1284722222222222;0.2325221353722645
Unknown;1.0;-0.0044444444444444;-0.0308057088268173
Unknown;0.3363932721345573;-0.1774691358024691;-0.4002184113480375
Low;0.4740705185896282;-0.1309523809523809;-0.4084479717134961
Low;0.0139197216055678;-0.5535714285714286;-1.0414088858524626
Unknown;0.1317573648527029;0.3546099290780142;0.8274114486453231
Unknown;0.2013159736805264;0.3647798742138364;0.6800739127526303
Unknown;0.1374772504549909;0.44;0.7223977230971553
Unknown;0.0002399952000959;0.9069767441860463;3.2175046145963497
Unknown;0.3398332033359332;0.2517006802721088;0.5850764513048158
Low;0.0005199896002079;-0.6950757575757576;-1.7320508075688774
Unknown;0.0001199976000479;0.6931034482758621;1.55397180902591
Unknown;1.0;0.0476190476190476;0.1411149174021652
Unknown;0.0599988000239995;-0.4625850340136054;-0.9115174897588444
Unknown;0.5956680866382672;-0.1823899371069182;-0.3337323776271655
Unknown;0.8280634387312253;-0.1058201058201058;-0.2769020835651255
Unknown;0.2009559808803823;-0.358695652173913;-0.6829584581981619
Unknown;0.9715805683886324;0.0983606557377049;0.1203985439832412
Unknown;0.5252294954100918;-0.217391304347826;-0.4322649674336257
Medium;1.0;0.0;
Unknown;0.8935021299574009;-0.0484261501210653;-0.1442022586140535
Medium;0.121557568848623;-0.3125;-0.683988807402427
Unknown;1.0;0.0;
Control;0.3329933401331973;-0.1991341991341991;-0.4298005956381097
Unknown;0.1315573688526229;-0.2560975609756097;-0.5435442670889502
Unknown;1.0;-0.0505050505050505;-0.2408881053594699
Unknown;1.0;-0.1123188405797101;-0.1570933729251531
Unknown;0.6491470170596588;0.0369630369630369;0.2165796026232859
Unknown;0.1084778304433911;-0.2740046838407494;-0.7332562231074053
Unknown;0.3970320593588128;0.2814814814814815;0.4817133486105284
Unknown;0.4513909721805564;-0.2295597484276729;-0.4209184794384472
Medium;1.0;-0.0217391304347826;-0.1561926223152057
Unknown;0.0953180936381272;0.33;0.6958748946381322
Medium;0.0473590528189436;-0.4677419354838709;-0.9269041374894428
Unknown;0.4227915441691166;0.2323943661971831;0.3917345028325203
Unknown;0.5513489730205395;-0.23;-0.3591033609987479
Unknown;0.1405971880562389;-0.375;-0.8280422745481164
Unknown;0.2347153056938861;-0.32;-0.6553380724324208
Unknown;0.3309133817323653;-0.1688888888888889;-0.6144762981140548
Unknown;0.1563968720625587;0.3836477987421384;0.8330901679922885
Unknown;1.0;0.0555555555555555;0.0506070322189304
Unknown;0.5505489890202196;-0.0024213075060532;0.3411106642923039
Unknown;0.0577188456230875;-0.5333333333333333;-0.9534586879995208
Unknown;0.253354932901342;0.1666666666666666;1.224744871391589
Unknown;1.0;0.0343915343915343;-0.011467130274623
Unknown;0.5797084058318833;-0.174074074074074;-0.3889623959094655
Unknown;0.0062798744025119;-0.6666666666666666;-1.2627952931737585
Unknown;0.7063458730825384;-0.0659722222222222;-0.2709180084435254
Unknown;0.4389512209755805;-0.2679738562091503;-0.4403794282959723
High;0.6644267114657707;0.1826923076923076;0.2960586184353505
Unknown;0.6973860522789544;-0.1168831168831168;-0.3572948005052482
Unknown;0.6560668786624267;0.2108843537414966;0.3422594578280031
Unknown;0.4841503169936601;-0.2244897959183673;-0.5595571365321317
Unknown;0.7465450690986181;-0.1477272727272727;-0.3051080285585894
Control;0.8573828523429532;0.0749414519906323;0.1812666122839825
Unknown;0.7256654866902662;0.1792207792207792;0.2253701999394494
Unknown;0.1115977680446391;-0.360655737704918;-0.7419849195283603
Unknown;0.2873542529149417;0.3125;0.6088473558172232
Unknown;0.0774384512309753;0.5096153846153846;1.002994836169442
Unknown;0.3238095238095238;0.303030303030303;1.3812923566845796
Unknown;1.0;-0.2932330827067669;-0.1347589910737422
Unknown;1.0;0.0083333333333333;-0.0321184140479293
Unknown;0.0060398792024159;-0.6355555555555555;-1.5701620314577234
Unknown;0.243955120897582;0.1312056737588652;0.9064493222337544
Unknown;1.0;-0.125;-0.3879795987085977
Unknown;0.4729505409891802;0.2222222222222222;0.3906176642503679
Unknown;0.8316633667326654;0.0978260869565217;0.1761748522231672
Unknown;0.2214755704885902;0.3174603174603174;0.5966325096036996
Unknown;0.1608367832643347;-0.3220338983050847;-0.7178121183764842
Low;0.2170756584868302;0.3061224489795918;0.6415858405120092
Low;0.0241595168096638;0.2;1.457737973711325
Unknown;0.0793584128317433;-0.4236453201970443;-0.762306704610978
Unknown;0.7017459650806984;-0.1481481481481481;-0.3544587784792832
Unknown;1.0;-0.0512820512820512;-0.2441271381843067
Unknown;0.1979960400791984;-0.4722222222222222;-0.874530574583628
Unknown;0.4665506689866203;-0.2325581395348837;-0.5344561823505396
Unknown;0.240155196896062;-0.2386363636363636;-0.5814398143642425
Unknown;0.3587528249435011;0.3297872340425531;0.565993076349722
Unknown;0.0781984360312793;0.4185463659147869;0.845207507887243
Unknown;0.7973040539189217;-0.1777777777777777;-0.3651483716701107
Unknown;0.0008799824003519;0.65625;1.4893628686072329
Unknown;0.3269134617307654;0.1913043478260869;0.6833119152606303
Unknown;0.1359172816543669;0.4338624338624338;0.7439610914727632
Unknown;0.2209555808883822;-0.3464052287581699;-0.6422418069611537
Unknown;0.2201555968880622;-0.3955555555555555;-0.7456730978078303
Medium;0.8344233115337694;0.1739130434782608;0.2051237098079735
Control;0.9689608636977058;0.2027027027027027;0.3441664059757129
Unknown;0.2839943201135977;0.2222222222222222;0.5766152590008676
Unknown;1.0;0.065040650406504;0.14244289240423
Unknown;0.7085058298834024;-0.1702127659574468;-0.4717901278254817
Unknown;0.1940361192776144;0.2961038961038961;0.6563858267229463
Unknown;1.0;0.0;0.0
Unknown;0.2098758024839503;-0.2916666666666667;-0.547401908112378
Unknown;0.1768764624707506;0.3314285714285714;0.7467429781033058
Unknown;0.5259494810103797;-0.2083333333333333;-0.3166502481905618
Unknown;0.3421931561368773;0.2512315270935961;0.4704672413444812
Unknown;0.7119457610847783;-0.2982456140350877;-0.2736021277910838
Unknown;0.4222315553688926;-0.2844444444444444;-0.5025746899807539
Unknown;1.0;0.108695652173913;0.0426696343006981
Unknown;0.3106737865242695;-0.2578849721706864;-0.4112312478502779
Low;0.1499570008599828;-0.3;-0.6928203230275509
Unknown;0.0074798504029919;-0.6378205128205128;-1.301073503504352
Medium;0.7850642987140257;-0.1538461538461538;-0.4132594162209395
Unknown;0.9407011859762804;0.125;0.0894682851199792
Unknown;0.6666666666666666;-0.1231527093596059;-0.2691668720495608
Unknown;0.0020399592008159;-0.569620253164557;-1.0311467390262443
Unknown;0.8540629187416252;0.0188679245283018;0.231822744856625
Control;0.0409191816163676;0.7450980392156863;1.2626776328726232
Unknown;0.0688386232275354;0.4740740740740741;1.030798138758207
Unknown;0.5379092418151636;-0.1630434782608695;-0.3621033212599525
High;0.3634727305453891;-0.2666666666666666;-0.550596554344981
Unknown;1.0;-0.0066666666666666;-0.0577350269189626
Low;1.0;0.0271317829457364;0.0759612248801476
Unknown;0.9110217795644088;-0.1666666666666666;-0.1795013418874451
Unknown;0.4718305633887322;0.2044444444444444;0.4767036572248992
Control;1.0;0.1666666666666666;0.3580574370197161
Unknown;0.1723165536689266;-0.4025157232704403;-0.7051733343892637
Low;0.7864242715145697;-0.1139240506329113;-0.1841300778135661
Unknown;0.0110397792044159;-0.6099290780141844;-1.302380815009605
Control;1.0;0.0525362318840579;0.1087209482081182
Unknown;0.2937141257174857;-0.2114942528735632;-0.4557156062497331
Unknown;0.0195996080078398;0.5869565217391305;1.0805949232136864
Unknown;0.25247495050099;0.28;0.7514691493021795
Unknown;0.9945001099978;-0.0126436781609195;-0.0923674858842217
Unknown;1.0;-0.088;-0.0183470651153987
Medium;0.0829983400331993;0.3412698412698413;0.8784980682855354
Unknown;1.0;-0.0780141843971631;-0.1370756029254677
Unknown;0.0008799824003519;-0.580078125;-1.712900399257872
High;0.5309493810123798;-0.1666666666666666;-0.358231547137966
Unknown;1.0;-0.0711111111111111;0.0781837768391915
Unknown;0.0183196336073278;-0.4342105263157895;-0.7503897539693742
Unknown;1.0;-0.0579710144927536;-0.1782272129841122
Unknown;0.2379952400951981;0.2311111111111111;0.7221519153102055
Unknown;0.3273934521309574;-0.2566585956416465;-0.4938683700236083
Unknown;0.2121157576848463;-0.2537313432835821;-0.531014820480525
Unknown;1.0;-0.0227272727272727;-0.160930171455096
Unknown;0.5525089498210036;0.2222222222222222;0.3713203305486894
Unknown;0.9333013339733204;-0.0454545454545454;-0.1795650813786327
Unknown;3.999920001599968e-05;-0.7704918032786885;-1.9058642399633183
Unknown;1.0;0.0486111111111111;0.0624812284122509
Control;0.0263994720105597;0.75;1.60344810408052
Unknown;0.0442391152176956;0.6133333333333333;1.0690449676496974
Unknown;0.0181596368072638;0.4547619047619047;1.0154134525399936
Unknown;0.4624707505849883;-0.2777777777777778;-0.4635863249727655
Unknown;3.999920001599968e-05;0.4603960396039604;1.8544483065283532
Unknown;0.3955520889582208;0.3;0.533620912704073
Unknown;0.242995140097198;-0.4797794117647059;-0.5111287410910169
Unknown;1.0;-0.0141843971631205;0.0103630952599528
Unknown;0.2291554168916621;0.1654135338345864;0.6973366497318446
Control;1.0;-0.0909090909090909;-0.2288073343562993
Control;1.0;0.0543478260869565;0.0796111732250504
Unknown;0.6331073378532429;-0.1818181818181818;-0.2712435019735125
Unknown;0.2052358952820943;-0.273972602739726;-0.5344783434629178
Unknown;1.0;0.0138888888888888;0.0
Unknown;0.6807063858722826;0.1320422535211267;0.2495777456510853
Unknown;0.866782664346713;0.1100702576112412;0.1240596322960834
Unknown;0.7822243555128897;-0.18;-0.4515650227744867
Unknown;0.9053818923621528;0.0875;0.1446949865007675
Unknown;1.0;-0.1176470588235294;-0.3651483716701107
Control;0.3585528289434211;-0.2277777777777777;-0.5098146205593725
Unknown;0.2940741185176296;-0.2809523809523809;-0.50136365282497
Unknown;0.118957620847583;-0.5333333333333333;-1.0518569357011789
Unknown;0.0002399952000959;-0.7192118226600985;-1.5975969928069147
Unknown;0.2205955880882382;0.3596059113300492;0.5812960104626688
Unknown;1.0;0.0377358490566037;0.0904350153472696
Unknown;0.7172656546869063;0.1956521739130435;0.2160903273483539
Unknown;0.6335873282534349;-0.1222222222222222;-0.5164413334757175
Unknown;0.0321993560128797;0.4308390022675737;1.083349882922268
Unknown;1.0;0.0;
Unknown;0.623147537049259;0.2;0.3646979602840842
Control;1.0;-0.1111111111111111;-0.216814545195997
Unknown;0.117717645647087;0.4;0.8485281374238571
Unknown;0.0106797864042719;-0.559322033898305;-1.1112861195563537
Unknown;0.0179196416071678;0.5351089588377724;1.1549483669471845
Unknown;0.0218395632087358;0.5925925925925926;1.1144978347496326
Unknown;0.4012719745605088;-0.3205128205128205;-0.4399058702145836
Unknown;1.0;-0.037037037037037;-0.2032499478734036
Unknown;1.0;0.0444964871194379;0.0667646099809746
Unknown;1.0;0.0502645502645502;0.0603815407225467
Unknown;0.4472710545789084;0.2604166666666667;0.4296048500638277
Unknown;0.4218715625687486;0.2555555555555555;0.4658048622993294
Unknown;0.0360392792144157;0.4614457831325301;0.7832857161738651
Unknown;0.1984360312793744;0.3851851851851852;0.6784478159593141
Unknown;0.4752304953900922;-0.1937046004842615;-0.4119707285313095
Low;0.0929181416371672;0.3837209302325581;1.0813212855460883
Control;0.1303173936521269;0.4181818181818181;0.7221757875147309
Unknown;0.0337193256134877;0.4583333333333333;1.136091576593648
Unknown;1.0;0.0096153846153846;-0.0522295149562601
Medium;0.6827463450730985;-0.073394495412844;-0.2401264518010743
Unknown;0.4060718785624287;0.1072607260726072;0.4179618769847433
Unknown;0.5397892042159157;-0.2074074074074074;-0.3785166493051125
Low;0.0201195976080478;0.5294117647058824;1.4459926931301317
Unknown;0.1632767344653106;-0.2373737373737373;-0.4656772593001907
Unknown;0.8042239155216896;-0.1524822695035461;-0.3276422985044364
Unknown;0.6537469250614988;-0.1955555555555555;-0.3757802483368661
Unknown;0.3477530449391012;-0.2581453634085213;-0.4692602786892211
Unknown;0.0721585568288634;-0.4475308641975308;-0.8016834228546446
Unknown;1.0;-0.0263157894736842;-0.17283511576181
Unknown;0.0306393872122557;0.5108024691358025;0.8600960148251151
Control;0.0947981040379192;-0.4126984126984127;-0.8415120121137477
Unknown;1.0;-0.0416666666666666;-0.2211629342323456
Control;0.3874722505549889;0.1960227272727272;0.3509213664723045
Control;0.7885042299154017;0.1574468085106383;0.2936670546608292
Unknown;0.2878742425151497;0.2971014492753623;0.5618106793424641
Unknown;0.3573928521429571;0.3116883116883117;0.5027819076883963
Control;0.875942481150377;-0.1529411764705882;-0.3185575741607064
Unknown;0.0009199816003679;-0.7836879432624113;-1.3656834581962078
Unknown;0.5210695786084278;0.1995464852607709;0.4036372515608033
Unknown;0.0485190296194076;-0.5108695652173914;-1.054917700724647
Unknown;0.2751544969100618;-0.2810304449648712;-0.5598761990956727
Unknown;0.0050398992020159;0.7244897959183674;1.5452718968693246
Low;0.8705025899482011;-0.14;-0.3981609097987184
Unknown;0.3425531489370212;-0.2108843537414966;-0.4877771782165634
Unknown;1.0;0.0652173913043478;-0.0293781363293695
Unknown;0.0031199376012479;0.6892230576441103;1.429405493819685
Unknown;0.2985540289194216;-0.3809523809523809;-0.5794051276679995
Control;0.9501409971800564;-0.0588235294117647;-0.1588146750733466
Unknown;0.1828763424731505;0.3222222222222222;0.6926212888709403
Unknown;0.2577948441031179;-0.3302469135802469;-0.6223831755849292
Low;0.114717705645887;-0.3817330210772833;-0.7509577867332893
Unknown;0.117837643247135;-0.4634146341463415;-0.8372710532914533
Unknown;0.0111197776044479;-0.5573770491803278;-1.1071246969413853
Unknown;0.1367972640547189;-0.362962962962963;-0.7826237921249266
Unknown;1.0;-0.0108695652173913;-0.0645800014107501
Unknown;0.116157676846463;-0.4320987654320987;-0.77075775626735
Control;0.4404510218463707;0.3809523809523809;0.6737785745753421
Unknown;0.0292794144117117;-0.5510204081632653;-1.0712264722904108
Unknown;0.2097958040839183;0.3333333333333333;0.688164238916747
Control;0.120517589648207;-0.3918918918918919;-0.7769582142891052
Unknown;1.0;-0.0512820512820512;-0.2412717517905032
Unknown;0.0268394632107357;-0.4607843137254901;-1.096627457642377
Unknown;0.7321453570928581;-0.125;-0.3952847075210474
Unknown;0.1480370392592148;0.4;0.8804509063256237
Unknown;0.0033599328013439;-0.6349206349206349;-1.123572559963537
Low;0.1769164616707665;0.3392857142857143;0.6552222236541327
Unknown;1.0;0.0609840609840609;0.0410164844404915
Unknown;0.6380272394552109;0.2040816326530612;0.3874147909599854
Unknown;1.0;-0.0377358490566037;0.0724110590662191
Unknown;1.0;-0.0694444444444444;-0.1551582227085438
Low;0.5571888562228755;-0.2040816326530612;-0.5036255203702775
Unknown;0.1583168336633267;0.29;0.7554171177793504
Unknown;0.6946261074778505;-0.1481481481481481;-0.3826293621223677
Unknown;0.0306793864122717;-0.5748299319727891;-1.016670764285802
Unknown;1.0;0.0556900726392251;0.1131225874095264
Unknown;0.0157596848063038;0.6111111111111112;1.216255858643015
Unknown;0.2568748625027499;0.1493212669683258;0.4313597475799052
Medium;1.0;-0.0528455284552845;-0.1264637712360803
Unknown;0.7819443611127778;0.1506493506493506;0.2385053455697825
Unknown;0.2197956040879182;0.2531328320802005;0.6315310348512475
Unknown;1.0;-0.0047619047619047;-0.0094664220768983
Unknown;0.3833523329533409;0.2788461538461538;0.5646656672989493
Unknown;0.624867502649947;0.1517857142857142;0.2420987922167353
Unknown;0.8003039939201216;0.0986394557823129;0.1974259488112095
Unknown;0.24947501049979;0.3580246913580246;0.692303388073554
Control;0.4825103497930041;0.1969696969696969;0.5346354787492321
Unknown;0.0557588848223035;0.4513888888888889;1.000227660788379
Unknown;0.2689946201075978;-0.2666666666666666;-0.58024198495056
Unknown;0.4372712545749085;0.2857142857142857;0.4490000534060812
Unknown;0.2911941761164777;-0.2604166666666667;-0.6422122298923856
Unknown;0.6716665666686666;-0.1597222222222222;-0.3434920649445458
High;1.0;-0.0285714285714285;-0.1786974345345889
Unknown;0.1545969080618387;0.44;0.7924058156930615
Low;0.0105597888042239;0.5691244239631337;1.2058992681928404
Unknown;0.2751144977100458;-0.31;-0.6125727942836173
Unknown;0.6931461370772585;0.1342592592592592;0.1651525566560308
Unknown;0.4280714385712286;-0.196078431372549;-0.4479267740299085
Unknown;0.3882722345553089;0.2307692307692307;0.4901266324055036
Unknown;0.0152396952060958;-0.7055555555555556;-1.3901295395301327
Unknown;0.7610247795044099;0.1145833333333333;0.2500962093551103
Control;0.3013939721205576;0.2167487684729064;0.5701847691896403
Low;1.0;-0.0476190476190476;-0.2323106841457232
Unknown;0.0047599048019039;0.6568627450980392;1.6965164054657988
Unknown;0.0609987800243995;-0.5380952380952381;-1.2086656070921236
Unknown;0.0006799864002719;0.6585365853658537;1.2196036908461416
Unknown;0.0886782264354713;0.4375;1.0071401144781609
Medium;1.0;-0.0714285714285714;-0.2894671117609197
Unknown;0.9430611387772244;-0.1041666666666666;-0.1822939490070383
Control;0.9379812403751924;-0.1276595744680851;-0.3984922283378521
Unknown;0.2987140257194856;-0.2727272727272727;-0.4736128620113001
Unknown;0.117357652846943;0.4423963133640553;0.8022083747499656
Unknown;0.1468370632587348;0.3052039381153305;0.5503825269698296
Unknown;0.0149597008059838;-0.4166666666666667;-0.884484553381272
Unknown;0.4148317033659326;-0.1994301994301994;-0.3597270640576547
Unknown;0.742585148297034;-0.1388888888888889;-0.2928773226108617
Unknown;1.0;-0.0272108843537414;-0.0961880299300984
Control;0.5588688226235475;0.15;0.6231822882460331
Unknown;1.0;0.0986394557823129;0.0764221767460382
Unknown;0.1327573448531029;0.5148148148148148;0.8077022542744257
Unknown;0.0967180656386872;0.4528985507246377;0.8534799901845882
Unknown;0.2744745105097898;0.3333333333333333;0.6127633533453719
Unknown;0.1455970880582388;0.3900709219858156;0.7156297610967417
Unknown;0.4296714065718686;0.3688888888888889;0.5671340455668534
Unknown;0.0485590288194236;-0.5510204081632653;-0.9690052326314558
Unknown;0.8902621947561049;0.1259259259259259;0.111787369653302
Unknown;0.0124797504049919;0.5714285714285714;1.2858201014657271
Unknown;0.3414731705365892;0.3043478260869565;0.5468778756444189
Unknown;0.1817563648727025;0.3687943262411347;0.6986330920232124
Unknown;0.629427411451771;-0.2222222222222222;-0.5126201297971774
Unknown;0.0933981320373592;0.2043650793650793;1.0182559558165631
Unknown;0.5912681746365073;-0.2444444444444444;-0.4907097104200174
Unknown;0.5634687306253875;0.1289308176100629;0.5861488643411624
Unknown;0.0003999920001599;-0.7822014051522248;-1.4867191678785816
Unknown;0.5683886322273555;-0.1404358353510895;-0.2846424726454495
Unknown;0.6595468090638187;0.1306818181818181;0.2443388887126104
Unknown;1.0;0.0;
Medium;1.0;-0.0405405405405405;-0.2150592379507112
Unknown;1.0;-0.0158730158730158;-0.0827359540661621
Unknown;0.3108737825243495;0.1716101694915254;0.4546977099461616
Unknown;1.0;-0.0160714285714285;0.0070116286496832
Unknown;0.1499970000599988;-0.391156462585034;-0.710558977324584
Control;0.868702625947481;-0.0961538461538461;-0.2311250817605121
Unknown;0.0610387792244155;-0.4496487119437939;-0.9027209675730734
Unknown;1.0;0.0;
Unknown;0.8529429411411772;-0.0633333333333333;-0.1876931547080546
Unknown;0.7966640667186656;0.17;0.2358955016467268
Unknown;0.751944961100778;0.1376811594202898;0.3325115134104812
Unknown;0.2583148337033259;0.301418439716312;0.6087697443936244
Unknown;0.9289014219715606;0.0555555555555555;0.1182073404843747
Unknown;1.0;0.0555555555555555;0.0753865781376445
Control;1.0;-0.0064102564102564;-0.0166751056114458
Unknown;0.5236295274094518;-0.2296296296296296;-0.4523155668122381
Unknown;1.0;0.0153061224489795;0.0263992394358848
Control;0.8219835603287934;-0.1269841269841269;-0.3779644730092272
Unknown;0.626907461850763;0.1619047619047619;0.355953773919702
Unknown;0.2310753784924301;-0.2073170731707317;-0.5097215647493951
Unknown;0.1713965720685586;-0.3111111111111111;-0.7121671763216807
Unknown;0.4860702785944281;0.2888888888888888;0.4590188606293697
Unknown;1.0;0.0;-0.0595788510273512
Unknown;0.244355112897742;-0.3717948717948718;-0.6422138469424205
Unknown;0.3189136217275654;-0.1969696969696969;-0.5020746247552398
Unknown;1.0;0.0454545454545454;0.0542905270524706
Unknown;1.0;-0.0405117270788912;-0.1405151298579535
Unknown;0.6011079778404432;0.1071428571428571;0.5013717446901313
Unknown;1.0;0.0;
Unknown;0.5967080658386832;0.1692307692307692;0.3094484586266501
Unknown;0.492270154596908;-0.25;-0.4253514339579712
Unknown;0.6704265914681706;-0.1851851851851851;-0.3672361438109011
Unknown;0.0369992600147997;0.5377777777777778;1.116877110034071
Unknown;1.0;-0.0064102564102564;-0.0166751056114458
Unknown;0.0191196176076478;0.4884615384615384;1.0978978884592234
Unknown;0.122477550448991;0.3642857142857142;0.6555569286884805
Unknown;0.991660166796664;0.109090909090909;0.1059451829441716
Unknown;0.0879982400351993;0.2296296296296296;0.706223691607354
Unknown;0.0251994960100798;0.4157894736842105;0.9116294614378904
Unknown;0.0166796664066718;-0.5934959349593496;-1.1778869067795843
Unknown;0.0483190336193276;-0.4714285714285714;-0.8902631872477615
Control;0.2325153496930061;-0.3904761904761905;-0.7351470441147051
Medium;1.0;0.0;
Unknown;0.1378372432551348;0.3347826086956522;1.171102834362645
Unknown;0.2174756504869902;-0.3673469387755102;-0.634862931870527
Medium;1.0;-0.0217391304347826;-0.1554174680400523
Unknown;0.4196716065678686;0.2666666666666666;0.5358913016456672
Unknown;0.0992380152396952;0.4735449735449735;0.7811204197491638
Unknown;0.0055198896022079;0.6977777777777778;1.688811218974262
Control;1.0;-0.2666666666666666;-0.5667224869582991
Unknown;0.3110737785244295;-0.3085106382978723;-0.6033113011639892
Unknown;0.2204355912881742;-0.3464052287581699;-0.6556366705558125
Unknown;0.3230735385292294;-0.3044871794871794;-0.5356956851756904
Unknown;0.1898362032759344;0.3741496598639456;0.6781429264413905
Unknown;0.2073958520829583;-0.3333333333333333;-0.6298129983507751
High;1.0;-0.0780141843971631;-0.1738536992243299
Unknown;1.0;-0.0256410256410256;-0.1703374439291563
Unknown;0.4382312353752925;-0.2463768115942029;-0.4214307463682512
Unknown;0.9170616587668248;0.1394557823129251;0.1813735654027976
Unknown;1.0;0.0;
High;0.6769464610707786;-0.1764705882352941;-0.4589456693890687
Control;0.4647107057858843;-0.23;-0.476871416944381
Unknown;0.8685426291474171;-0.1159420289855072;-0.1591517535198074
Unknown;0.990140197196056;-0.1099290780141844;-0.2453572163386078
Medium;1.0;-0.0588235294117647;-0.2642970699354621
Unknown;0.0166796664066718;0.592948717948718;1.3900544000158874
Medium;0.5917881642367153;-0.1012048192771084;-0.3009060776181576
Unknown;0.3337933241335173;0.3022222222222222;0.7238998603066159
Unknown;0.613147737045259;0.2222222222222222;0.3104555605576443
Unknown;0.0012399752004959;0.5529411764705883;1.2316893683814054
Unknown;0.0046399072018559;0.5943396226415094;1.5742705477814618
High;1.0;0.0625;0.123524151332609
Control;0.3858722825543489;0.1267281105990783;0.7645076516188274
Unknown;1.0;-0.0208333333333333;-0.1488728335438534
Unknown;1.0;-0.0666666666666666;-0.2788866755113585
Unknown;1.0;-0.0434782608695652;-0.2222771122371935
Unknown;0.7293054138917222;0.1418439716312056;0.3419266281550453
Unknown;0.6113877722445551;0.1985815602836879;0.3368417709978685
Unknown;0.4013919721605568;-0.2037037037037037;-0.4694052677921194
Unknown;0.0200795984080318;0.3715415019762846;0.9659625705005732
Low;0.2936341273174536;0.2905569007263922;0.5841270699775298
Unknown;0.4371512569748605;-0.1666666666666666;-0.3520515403624645
Unknown;1.0;-0.0200501253132832;-0.0558465955652799
Unknown;1.0;0.0196078431372549;0.0414396839818735
Unknown;0.2953940921181576;-0.225563909774436;-0.5368432297816662
Unknown;0.6962260754784905;-0.1938775510204081;-0.2865420881280147
Unknown;0.3034339313213736;0.3555555555555555;0.6193109875424301
Unknown;0.3459930801383972;-0.1666666666666666;-0.4859721165285661
Low;0.0664386712265754;0.3979591836734694;1.183778514677052
Unknown;0.5370292594148117;-0.1888888888888888;-0.3724306895532809
Unknown;0.1829163416731665;-0.25;-0.6063390625908324
Unknown;0.619747605047899;-0.16;-0.3356052718794081
Unknown;0.4339513209735805;-0.2608695652173913;-0.5150810831407843
Unknown;0.2733945321093578;-0.3297101449275362;-0.5707274803533582
Unknown;0.8890622187556249;-0.0444444444444444;-0.1795836875731162
Unknown;0.0985180296394072;-0.4411764705882353;-0.8052100323795743
Unknown;0.0802383952320953;-0.40625;-0.8878542618468912
Unknown;0.624907501849963;-0.202127659574468;-0.3642233655344192
Unknown;0.0979580408391832;-0.3877551020408163;-0.7243197104217988
High;1.0;-0.0816326530612244;-0.310072773259042
Unknown;0.1535169296614067;-0.41;-0.6932718188871543
Unknown;0.2775544489110217;0.1145833333333333;0.7877953217216725
Unknown;0.5819483610327794;0.2453416149068323;0.2773610927869218
Unknown;0.9217415651686968;-0.0151515151515151;0.1041139602650368
Control;0.0986380272394552;-0.5555555555555556;-1.0324691030531807
Unknown;0.0981980360392792;0.3896103896103896;0.8031042352316241
Control;0.0023599528009439;0.6444444444444445;1.2364494617161763
Medium;0.6688266234675306;0.1555555555555555;0.3871371282309813
Control;0.99610007799844;0.0793650793650793;0.1783339348786655
Unknown;0.9805403891922162;0.0774818401937046;0.0910441878988932
Low;1.0;-0.1304347826086956;-0.3914854653307288
Unknown;0.4524309513809724;0.32;0.538113389829637
Unknown;0.7371852562948741;-0.1595744680851064;-0.3516938335902028
High;1.0;0.0;
Unknown;1.0;0.0106382978723404;-0.0181274661529402
Control;0.0092798144037119;-0.6083333333333333;-1.4702988968756816
Unknown;1.0;-0.046875;0.0
Unknown;0.1082778344433111;0.4420289855072464;0.9102936590271788
Medium;0.0621187576248475;0.2753623188405797;0.9995265065022012
Unknown;0.6896662066758665;-0.1122448979591836;-0.2324792579872096
Unknown;1.0;-0.0444444444444444;-0.095657340530592
Unknown;0.1909561808763824;-0.3703703703703703;-0.6989088068190452
High;1.0;-0.0533333333333333;-0.213437474581095
Unknown;1.0;0.0;-0.0922428553934575
Medium;0.5361492770144597;0.2142857142857142;0.4579589979124736
Control;0.0034799304013919;0.5987654320987654;1.172877591688852
Low;0.1865162696746065;0.1428571428571428;1.3093073414159542
Unknown;0.8349033019339613;-0.1166666666666666;-0.2655425022718972
Unknown;0.1845963080738385;0.3266666666666666;0.6690024788736272
Unknown;0.614507709845803;0.1979166666666666;0.3342219191412982
Unknown;0.5309493810123798;-0.1639344262295081;-0.4360055994179816
Medium;0.0078798424031519;-0.4141414141414141;-0.7978811633946907
Unknown;0.97810043799124;0.0763888888888889;0.1046076524101412
Unknown;0.0010799784004319;0.8222222222222222;2.3129880337377804
Unknown;0.9648207035859284;0.072463768115942;0.1061200460352595
Unknown;0.0587588248235035;-0.4937343358395989;-0.8832927887300215
Unknown;1.0;-0.0983606557377049;-0.3435590005883209
Unknown;0.0492790144197116;-0.4893617021276595;-1.0085301927263042
Unknown;0.0476390472190556;0.4166666666666667;1.3218592315208868
Unknown;0.4390312193756125;-0.2572463768115942;-0.4382515074910479
Unknown;1.0;0.0384615384615384;0.039224347739297
Unknown;1.0;-0.0793650793650793;-0.190958206068858
Unknown;0.5289094218115638;-0.148078725398313;-0.3173444243635139
Unknown;0.0602387952240955;-0.3856209150326797;-0.9564072431559516
Unknown;0.628507429851403;0.1851851851851851;0.3889447757741223
Unknown;0.630867382652347;-0.1777777777777777;-0.3625156886550881
Low;0.0043999120017599;0.5980769230769231;1.3521631127742009
Unknown;0.4088318233635327;0.2536231884057971;0.5109625171645609
Unknown;1.0;0.0679156908665105;0.0937252350914814
Unknown;1.0;-0.034090909090909;-0.1962209820503185
Unknown;0.6898262034759305;0.125;0.2627849768459834
Unknown;0.2314753704925901;-0.2989417989417989;-0.6179265765771355
Unknown;0.1416371672566548;-0.3829787234042553;-0.7602217408639049
Unknown;1.0;-0.0294117647058823;-0.2019660623095008
Unknown;0.3917921641567168;-0.1944444444444444;-0.4758701737998453
Control;1.0;-0.1551724137931034;-0.4358979666133781
Unknown;0.4093118137637247;0.150278293135436;0.4193879509483638
Unknown;0.0003599928001439;-0.8958333333333334;-2.824413288904491
Low;0.863462730745385;0.1152882205513784;0.2279830895619893
Unknown;1.0;-0.1132075471698113;-0.3705323998432538
Control;0.5779884402311953;0.1857142857142857;0.3360923118619292
High;0.3073138537229255;-0.3043478260869565;-0.5921552740803426
Unknown;1.0;-0.0612244897959183;-0.0159306381120549
Unknown;0.0313593728125437;0.6063829787234043;1.1331650929273336
Low;1.0;-0.0229885057471264;-0.1602904733133683
Unknown;0.0641587168256634;0.3555555555555555;1.119119848505498
Medium;1.0;-0.0545454545454545;-0.2508726030021272
Low;0.494710105797884;-0.2592592592592592;-0.5657740433768856
Unknown;0.0051598968020639;0.6129032258064516;1.10905522482602
Unknown;0.9570608587828244;-0.0294117647058823;-0.1239169109097611
Medium;0.0819983600327993;-0.2926829268292683;-0.6231276602703635
Unknown;0.6435871282574348;-0.1607142857142857;-0.4281531504107335
Unknown;0.3082738345233095;0.2740740740740741;0.6141864749694578
Medium;0.0152796944061118;-0.3523809523809524;-0.6534522286321304
Unknown;0.122037559248815;-0.4290780141843971;-0.7937248474733899
Unknown;0.1036779264414711;0.4232804232804232;0.752825896076916
Unknown;0.3981520369592608;-0.2386363636363636;-0.4779776530755389
Unknown;0.2911941761164777;0.2625786163522012;0.3970900520252418
Medium;0.2020359592808144;-0.2698412698412698;-0.5516354008358525
Unknown;0.4185116297674046;-0.2251815980629539;-0.4570685038947328
Unknown;0.0637587248255034;-0.4897959183673469;-0.9134685050954232
Unknown;1.0;0.0266666666666666;0.0
Unknown;0.4626307473850523;0.2083333333333333;0.4012745114871637
Unknown;0.5549089018219635;-0.2355555555555555;-0.4610624863857406
Unknown;1.0;-0.0074074074074074;-0.0685829695340119
Unknown;0.0416791664166716;-0.4796061884669479;-0.7663700170804609
Unknown;0.9271814563708726;-0.0652985074626865;-0.1700155254957573
Unknown;0.241795164096718;0.2882205513784461;0.6034728129183627
Unknown;0.377832443351133;0.2518518518518518;0.5129500951109394
Unknown;0.5271094578108437;0.3071428571428571;0.4000130341984816
Unknown;0.244315113697726;-0.3550724637681159;-0.6044848379186868
Unknown;0.5348693026139477;0.2577777777777778;0.4529108136578381
Unknown;0.0007999840003199;-0.6686507936507936;-1.6602027471460388
Unknown;1.0;-0.0029644268774703;-0.0366062858897229
Unknown;0.0153996920061598;-0.5957446808510638;-1.0731895090264507
Unknown;0.8194236115277694;0.0656565656565656;0.2895861455199366
Unknown;0.1037579248415031;-0.3805031446540881;-0.8748993885203726
High;0.5629887402251955;-0.2040816326530612;-0.5266324201121068
Unknown;0.0296394072118557;0.4088050314465409;1.180499206809405
Unknown;0.0663586728265434;-0.3707482993197279;-0.9017413865106564
Unknown;0.2248355032899342;-0.4183006535947712;-0.622685217409896
Unknown;1.0;-0.0689655172413793;-0.2813940847046519
Low;0.9504209915801684;0.1303258145363408;0.1175509678544018
Unknown;0.7289454210915781;0.1463414634146341;0.3396831102433788
Control;0.2274754504909902;0.3275862068965517;0.6348241776600834
Unknown;0.0014799704005919;0.7169811320754716;2.145498454918343
Unknown;0.0126797464050718;-0.6170212765957447;-1.271566109955815
Unknown;0.9634607307853844;0.1111111111111111;0.2381965336701655
Unknown;1.0;0.0288461538461538;-0.0061731111745756
Low;0.3453130937381252;-0.2646370023419204;-0.4829551821447894
Unknown;0.1944761104777904;-0.4;-0.8432740427115678
Unknown;0.8693426131477371;-0.0426966292134831;-0.1415408877911312
Unknown;0.985620287594248;-0.1034482758620689;-0.3540219837619373
Unknown;0.0723985520289594;0.4777777777777778;0.976629556147144
Unknown;0.3152336953260934;-0.2832929782082324;-0.5147110954735169
Unknown;0.0241995160096798;-0.62;-1.3035311842787254
Unknown;0.1701565968680626;0.3319268635724332;0.556255137565011
Unknown;0.0697186056278874;0.5555555555555556;1.044073795327749
Unknown;1.0;0.0158730158730158;0.0467434439613792
Unknown;0.0851182976340473;0.4185185185185185;0.8990345790380951
Unknown;0.119437611247775;0.1709183673469387;0.8806520150115673
High;0.4171916561668766;-0.2448979591836734;-0.5559117743622952
Unknown;0.3866722665546689;-0.3111111111111111;-0.5299858676882055
Unknown;0.6843863122737546;0.1023102310231023;0.2104243337779363
Unknown;0.2631147377052459;-0.3111111111111111;-0.6583924530975934
Unknown;0.9545009099818004;-0.0343915343915343;-0.1077082094058434
Unknown;1.0;0.0;
Unknown;0.246835063298734;0.2847222222222222;0.655191502630034
Unknown;0.8630227395452091;0.1333333333333333;0.2921186973360886
Unknown;0.0587588248235035;-0.5675675675675675;-1.0727732847885552
Unknown;0.876262474750505;0.0133333333333333;-0.2368124034952837
Unknown;1.0;0.0966666666666666;0.1101071006582373
Unknown;0.8579428411431771;0.1818181818181818;0.1609348498617558
Unknown;0.4852702945941081;0.2977777777777777;0.4629665678096761
Unknown;0.8659026819463611;0.0786163522012578;0.1708199773957663
Low;0.0407591848163036;0.4170471841704718;0.9238569522621276
Unknown;1.0;-0.0930232558139534;-0.3348207719276861
Unknown;0.0279994400111997;0.55;1.2431784958997412
Unknown;0.0140797184056318;0.7391304347826086;1.4568812366560044
Unknown;0.6072278554428912;0.2254901960784313;0.3179856720709315
Unknown;0.627787444251115;0.1792207792207792;0.2555933457801924
Unknown;0.0075998480030399;0.5809859154929577;1.2018201945147755
Unknown;0.4082718345633087;0.3441860465116279;0.5769520036901719
Unknown;0.1863962720745585;0.2361111111111111;0.6488060321357076
Unknown;1.0;0.0;
Unknown;0.0173596528069438;0.5462962962962963;1.0845959271330214
Unknown;1.0;0.0;
Unknown;0.0693186136277274;0.4861111111111111;0.8931535985432371
Unknown;0.8394632107357853;-0.1375661375661375;-0.2167824475446222
High;0.3756724865502689;0.2536945812807882;0.5245476928947285
Unknown;7.999840003199936e-05;0.7734487734487735;2.237688633008034
Control;1.0;0.0734463276836158;0.0074170550298129
Unknown;0.0037599248015039;-0.7021276595744681;-1.4456573629916067
Unknown;1.0;-0.01171875;-0.022102020949634
Unknown;0.0975180496390072;-0.4591836734693877;-0.7773014892828644
Unknown;0.0327193456130877;-0.4981060606060606;-0.8824396665945328
Unknown;0.0731585368292634;-0.4074074074074074;-0.8068287970154477
Unknown;1.0;-0.0615384615384615;-0.2502235136789772
Unknown;1.0;0.0651162790697674;0.1280375783520683
Unknown;0.8545029099418011;-0.1145833333333333;-0.1731717816927029
Unknown;0.0160396792064158;0.5644444444444444;1.3529509194631524
Unknown;1.0;-0.0111111111111111;-0.0570976914937795
Unknown;0.873982520349593;0.1382978723404255;0.2050748463704056
Unknown;0.3375132497350053;-0.1826697892271662;-0.4468183553373712
Unknown;0.0996380072398552;0.52;1.0283572249208366
Unknown;0.627867442651147;-0.1966666666666666;-0.4100916757040452
Medium;0.6132277354452911;-0.1666666666666666;-0.4699290726623895
Low;1.0;-0.0638297872340425;-0.2554790732543482
Low;1.0;-0.0555555555555555;-0.2513579676212995
Unknown;0.3376332473350533;0.2637362637362637;0.556738792571489
Unknown;1.0;-0.0851063829787234;-0.3177107625642914
Unknown;0.0797584048319033;-0.4963768115942029;-0.8563480794883015
Low;0.3303533929321413;-0.3039215686274509;-0.6125564446703435
Unknown;0.3992320153596928;0.2740740740740741;0.520975430132066
Unknown;0.3591528169436611;-0.128042328042328;-0.3165298209757454
Unknown;0.6186676266474671;-0.1075268817204301;-0.3635126807997422
Unknown;0.0196396072078558;-0.5714285714285714;-1.1583053059306232
High;0.6371872562548749;-0.1149425287356321;-0.3765796207679432
Unknown;0.8479430411391772;-0.1078431372549019;-0.19034674690672
Unknown;0.0396392072158556;0.3581560283687943;1.2432978381361597
Unknown;0.3983520329593408;0.2777777777777778;0.5626166258654807
Unknown;1.0;-0.0711805555555555;-0.1916328882050466
Unknown;0.5500289994200116;-0.1418439716312056;-0.3488978728766859
Unknown;0.0141597168056638;-0.4183168316831683;-0.8050288947421572
Unknown;0.0001599968000639;0.731764705882353;1.4627457776674777
Unknown;0.4786304273914522;-0.2881944444444444;-0.3845314528805289
Unknown;0.0631187376252475;-0.5395348837209303;-0.9513544028184632
Unknown;0.498030039399212;0.25;0.3566727530708823
Unknown;0.1496370072598548;-0.4081632653061224;-0.7846680699625384
Unknown;0.0280794384112317;0.3830508474576271;2.041363506270534
Unknown;0.7195456090878183;0.2028985507246377;0.3019017329563506
Unknown;0.369992600147997;-0.3658536585365853;-0.7778596698899332
Unknown;0.0106397872042559;0.7142857142857143;1.2950927685431162
High;0.7373052538949221;0.1354838709677419;0.4833845147088481
Unknown;0.8556628867422652;-0.0972222222222222;-0.1949248090766311
Unknown;0.4021119577608448;0.2264150943396226;0.471873868580922
Unknown;1.0;0.108695652173913;0.0435161174382255
Control;0.5541489170216596;0.1555555555555555;0.6545344150970581
High;0.0931181376372472;-0.4555555555555555;-0.9440074467420744
Unknown;0.0168396632067358;-0.5909090909090909;-1.1273141846163697
Unknown;0.8640627187456251;0.0533333333333333;0.1898315991504998
Unknown;0.2130357392852143;0.2635658914728682;0.8897688034735023
Unknown;0.24107517849643;0.2266666666666666;0.7491057470676988
Unknown;0.0509589808203835;0.4897959183673469;0.930218319777126
Unknown;0.2921141577168457;0.3466666666666667;0.6701662532667126
Unknown;0.0525989480210395;-0.5306122448979592;-0.9204630429164796
Unknown;0.9537409251814964;0.1166666666666666;0.2317583346036004
Unknown;1.0;-0.0628930817610062;-0.1045579645961513
Unknown;0.8173374613003096;-0.1538461538461538;-0.3301126458867626
Unknown;1.0;-0.0307692307692307;-0.186216096716784
Unknown;0.3942721145577088;-0.2695035460992908;-0.4963546250620627
High;1.0;-0.017391304347826;-0.0414498801761828
Unknown;0.0588388232235355;0.3093023255813953;0.7466129057062136
Unknown;0.5325493490130198;0.1444444444444444;0.3973682435859334
Unknown;0.9670206595868084;0.0761904761904762;0.1252836635085577
Low;0.4265914681706366;-0.2407407407407407;-0.5412294272573257
Unknown;0.0390792184156316;-0.5094339622641509;-0.9220650614585004
Low;0.4591908161836763;-0.2033898305084746;-0.4460065684097487
Low;0.4162716745665086;-0.1632183908045977;-0.3695427339989055
Unknown;0.0131997360052798;-0.6078431372549019;-1.213133933551522
Unknown;0.2178356432871342;0.2333333333333333;0.7846528953285369
Control;0.0297594048119037;0.5178571428571429;0.9993217363348034
Unknown;0.0402391952160956;0.4545454545454545;1.1980845957463078
Unknown;0.0136397272054558;0.5666666666666667;1.2764787755737352
Medium;0.0801583968320633;-0.4423076923076923;-0.9829267951742452
Unknown;1.0;0.0625;0.123524151332609
Unknown;0.9491810163796724;-0.1013071895424836;-0.1454949238037276
Unknown;0.0529189416211675;0.4615384615384615;0.8965456088841705
Unknown;0.0512389752204955;0.4083333333333333;0.9553074381124969
Unknown;0.8943421131577368;-0.0317460317460317;0.1804399481419476
Control;0.1583968320633587;-0.3518518518518518;-0.709273141804686
Unknown;0.2067958640827183;-0.3911111111111111;-0.7921180343813394
Unknown;1.0;0.0555555555555555;0.0
Unknown;1.0;-0.0444444444444444;-0.032692572171934
Unknown;0.9076218475630488;0.1524822695035461;0.1423895464581551
Unknown;0.876342473150537;-0.1285714285714285;-0.1948042119308949
Unknown;0.0616387672246555;0.3125;1.481872445909548
Control;0.6491470170596588;-0.3137254901960784;-0.386933475062954
Unknown;1.0;0.0416666666666666;0.1218202883283479
Unknown;0.7751844963100738;-0.1304347826086956;-0.2267096018806053
Medium;0.8484230315393693;0.0714285714285714;0.1223272823702094
Unknown;0.0007599848003039;-0.7971014492753623;-1.6048121557725108
Unknown;0.0975180496390072;-0.4051948051948052;-0.8647294229331581
Medium;0.0019199616007679;-0.6118721461187214;-1.1052465365254096
Unknown;1.0;-0.0416666666666666;-0.078086880944303
Medium;0.0114397712045759;0.3721122112211221;0.8900734860455926
Unknown;0.1844763104737905;0.330188679245283;0.8322662453497811
Unknown;0.8588628227435451;0.1198979591836734;0.1450827326385495
Unknown;1.0;-0.0398550724637681;-0.1825941581634008
Unknown;1.0;0.055813953488372;0.0950358230905153
Unknown;0.0521989560208795;0.4166666666666667;1.0229240569923197
Unknown;0.1333173336533269;-0.3387096774193548;-0.6894210290144384
Unknown;1.0;0.1259259259259259;0.0166794364297455
Medium;0.2545149097018059;-0.1794871794871795;-0.4163737534321686
Unknown;0.9701005979880404;0.0;-0.0954252503783767
Unknown;0.5116297674046519;-0.2180028129395218;-0.341223097680871
Unknown;0.74522509549809;-0.231060606060606;-0.2354408046740057
Unknown;0.1729165416691666;-0.5357142857142857;-0.8824317974675983
Unknown;0.9591008179836404;-0.1511111111111111;-0.2065591117977289
Unknown;0.880502389952201;0.1333333333333333;0.1488416815070501
High;0.1287974240515189;-0.3962264150943396;-0.751271757933003
Unknown;0.8823823523529529;-0.0036231884057971;-0.1566228820730761
Unknown;0.3174736505269894;0.0619718309859154;0.551077124930746
Unknown;0.4004719905601888;-0.2585034013605442;-0.4664724326378088
Unknown;0.0487990240195196;-0.4700460829493088;-0.8489641354440267
Unknown;0.3459930801383972;-0.2716049382716049;-0.5776615931643613
Unknown;0.884742305153897;0.0895061728395061;0.1704510707361675
Unknown;0.24647507049859;-0.39;-0.6084809859973312
Unknown;1.0;0.0493827160493827;-0.0134945125677525
Low;1.0;0.1111111111111111;0.0817832910104912
Unknown;0.2991540169196616;0.3380952380952381;0.7429499287878621
Unknown;0.6491070178596428;-0.1340579710144927;-0.2988394680371842
Unknown;0.0011199776004479;0.717391304347826;1.9987886873883551
Unknown;1.0;0.1111111111111111;0.2381965336701655
Unknown;0.2522349553008939;-0.2950819672131147;-0.5655397334312756
Unknown;0.619547609047819;-0.225;-0.5586562218337395
High;0.1905961880762385;-0.375;-0.757317246446102
Unknown;0.8799824003519929;-0.0928571428571428;-0.1994797231748274
Unknown;0.5328293434131317;-0.1590909090909091;-0.3461982682358104
Unknown;0.6855862882742345;0.1343283582089552;0.2359971781699553
Unknown;0.8223035539289214;0.1477272727272727;0.2554155212450927
Low;0.6388672226555469;0.2175824175824176;0.2796469460924616
Unknown;0.0058798824023519;0.6155844155844156;1.1834162002298374
Unknown;0.6407071858562828;-0.17;-0.339455890526708
Unknown;1.0;0.0;-0.0303755883135333
Unknown;1.0;-0.0217391304347826;-0.1554174680400523
Unknown;0.4623507529849403;-0.2148148148148148;-0.3969323776463965
Unknown;0.6971860562788744;0.1729323308270676;0.23541573882197
High;1.0;-0.03125;-0.18239004641772
Unknown;1.0;-0.0030864197530864;-0.0330300519407371
Unknown;0.6027879442411151;-0.1492537313432835;-0.4192625603692311
Unknown;0.0941181176376472;-0.3268292682926829;-0.6316205801717323
Medium;0.0047999040019199;-0.6862745098039216;-1.404899048725759
Control;1.0;-0.0641025641025641;-0.1512104786444048
Unknown;0.119797604047919;-0.4184397163120567;-0.7531012120530619
Unknown;0.9215415691686166;0.1130434782608695;0.3556948970331319
Unknown;1.0;0.0253623188405797;-0.0545587594870939
Unknown;0.1833963320733585;0.2577777777777778;0.9354953314429286
Low;1.0;-0.0560224089635854;-0.1608204692758846
Unknown;0.1887562248755024;-0.4;-0.7682688976027274
Unknown;0.3140737185256295;0.15625;0.5229125165837972
Unknown;0.0420391592168156;-0.5111111111111111;-1.0669507197541217
Unknown;1.0;0.0416666666666666;0.0895806416477615
Unknown;0.630627387452251;0.1851851851851851;0.3075131680451798
Unknown;0.7813043739125217;0.1111111111111111;0.2064838995276513
Unknown;0.8870622587548249;0.1044776119402985;0.1963313473947766
Unknown;0.1296374072518549;0.4084967320261438;0.8396674525062056
Unknown;1.0;-0.0222222222222222;0.1364960757942306
Unknown;0.9251014979700406;-0.0588235294117647;-0.1365260049961759
Unknown;1.0;-0.0434782608695652;-0.072229153386999
Unknown;0.8175036499270014;0.1296296296296296;0.2482088587399826
Low;1.0;-0.0384615384615384;-0.074660136678944
Unknown;0.0375592488150237;0.5590277777777778;1.0819931316588591
Unknown;0.2024759504809903;0.3623188405797101;0.769934510307947
Unknown;1.0;0.0577777777777777;0.0456435464587638
Unknown;0.9502209955800884;0.0651851851851851;0.105716902440626
Unknown;0.1547569048619027;0.4;0.6995629097294708
Unknown;0.0749185016299674;-0.475177304964539;-0.9620925599143092
Unknown;0.9777004459910802;0.0989010989010989;0.1560600721018745
High;0.3638727225455491;0.1446540880503144;0.5777139379811733
Unknown;0.1997160056798864;-0.3398692810457516;-0.6419867446960628
Unknown;0.0143197136057278;0.6222222222222222;1.116792520140595
Unknown;0.979940401191976;0.0590277777777777;-0.105680579482349
Unknown;0.2949941001179976;0.3363636363636363;0.567159391991236
Unknown;0.625747485050299;-0.2156862745098039;-0.3127236373494939
Unknown;0.1920761584768304;0.4081632653061224;0.6692149047092104
Medium;1.0;-0.0581395348837209;-0.2597509794910124
Unknown;0.126877462450751;-0.4186046511627907;-0.7738856932778978
Unknown;0.4300713985720286;-0.2044334975369458;-0.4603929978825507
Unknown;0.4114717705645887;-0.2019230769230769;-0.378003570418436
Unknown;0.997260054798904;-0.1176470588235294;-0.3791976393296807
Unknown;0.2855542889142217;-0.271889400921659;-0.5292823675219573
Unknown;0.0097598048039039;0.6330049261083743;1.1473918404690584
Control;1.0;-0.0457516339869281;-0.1108419010529838
Unknown;0.8007839843203136;0.1064935064935064;0.1860968420796942
Unknown;0.0153196936061278;0.6423611111111112;1.4607987040372905
Unknown;0.0058798824023519;-0.6285714285714286;-1.1561333688136757
Unknown;0.0880382392352153;0.373015873015873;0.7736053342584112
Unknown;0.2729545409091818;-0.3404255319148936;-0.6206466043678588
Low;0.981180376392472;0.0691823899371069;0.141342097152543
Unknown;0.4626707465850683;-0.3018867924528302;-0.4281161602446102
Control;0.2222355552888942;0.3202380952380952;0.493700790479458
Control;0.6571068578628427;0.1105990783410138;0.2713524509119575
Low;0.0006799864002719;-0.620253164556962;-1.1746960983938826
Low;0.4691106177876442;-0.1791044776119403;-0.4542089269925354
Unknown;0.7893442131157377;-0.1066666666666666;-0.262225489961859
Unknown;0.630867382652347;0.1744186046511628;0.2309073571817941
Unknown;1.0;-0.1246753246753246;-0.1027595928564333
Unknown;0.0719985600287994;0.4189189189189189;1.5948478074203964
Unknown;0.0915981680366392;0.3555555555555555;0.8186673377914072
Unknown;0.0308793824123517;0.5897435897435898;1.253276228398744
Unknown;0.5743485130297394;0.0960144927536231;0.4954179817620192
Control;0.6610667786644268;-0.1276595744680851;-0.3478143128811554
Unknown;0.114197716045679;0.3431372549019608;0.9543667739810188
Low;0.8885422291554169;-0.0899470899470899;-0.2114033662789229
Unknown;0.0118797624047519;0.5714285714285714;1.3022205217846583
Unknown;1.0;0.0188679245283018;-0.0036501801307478
Unknown;0.0780784384312313;-0.3852040816326531;-0.7404945207453913
Control;1.0;0.0;
Unknown;0.5905881882362353;-0.2111111111111111;-0.4374668655634002
Low;0.2859942801143977;-0.2586206896551724;-0.6155561570791437
Unknown;1.0;0.0051020408163265;0.0759654158621408
Unknown;0.1070378592428151;0.1917475728155339;0.725173972987232
Unknown;1.0;0.0449735449735449;0.0901669932863407
Unknown;0.998060038799224;0.125;0.1035667543532225
Control;1.0;0.18;0.4155813868856492
Unknown;0.0120797584048319;0.6337662337662338;1.312211081425289
Medium;0.367032659346813;0.2935064935064935;0.4756257603971253
Unknown;0.3105937881242375;-0.3822222222222222;-0.5994149194122841
Unknown;3.999920001599968e-05;-0.7524752475247525;-1.7441408789579769
Unknown;0.3657526849463011;-0.36;-0.6995797057561649
Unknown;0.0326793464130717;0.373015873015873;1.3435730383484894
Unknown;0.3343133137337253;-0.2836879432624113;-0.5525033022600236
Control;0.0609187816243675;-0.4722222222222222;-1.0408329997330663
Unknown;0.1613167736645267;-0.3297101449275362;-0.6672673334783831
Unknown;0.0029999400011999;-0.6100746268656716;-1.29579303774206
Unknown;0.2703145937081258;0.2522522522522522;0.7986574439292358
Medium;0.0623587528249435;-0.2810457516339869;-0.7162799600587287
Unknown;0.0091998160036799;-0.5867346938775511;-1.216463878040289
Medium;0.8793024139517209;0.0634328358208955;0.1571360250099571
Low;0.1103977920441591;0.3679245283018867;1.0092327371954484
Unknown;0.3051938961220775;0.3259259259259259;0.5284329286830663
Unknown;0.9157416851662968;0.1050724637681159;0.201185263415377
Unknown;1.0;0.0317460317460317;0.0608701405522515
Medium;1.0;-0.06;-0.2625569846962102
Unknown;0.0049999000019999;0.5402597402597402;1.4156123134454024
Unknown;0.0431191376172476;0.5511111111111111;1.2920873364927248
Unknown;0.1625967480650387;0.4213836477987421;0.7368829268710151
Unknown;0.4401511969760605;0.1924603174603174;0.4001817486525486
Low;1.0;-0.0413533834586466;-0.105813149719955
Low;1.0;0.0083333333333333;0.0173862257660013
High;1.0;-0.1129032258064516;-0.1538257218865784
Unknown;1.0;-0.0869565217391304;-0.3217447260438934
Unknown;0.5595888082238355;0.1545454545454545;0.6437146241842354
Unknown;0.6835463290734185;0.1222222222222222;0.2893224301480219
Unknown;0.0472390552188956;0.3333333333333333;0.9847835348568392
Unknown;0.0029999400011999;-0.5;-0.8744963170583191
Unknown;1.0;-0.0476190476190476;-0.2340126166724878
Unknown;1.0;0.0354609929078014;0.0757954563394707
Low;1.0;-0.056338028169014;-0.2544537071645104
Unknown;0.0778784424311513;0.3619402985074627;0.760407285736951
Medium;0.0006399872002559;-0.5494505494505495;-1.06261285672371
Unknown;1.0;0.0068027210884353;-0.0863626468955044
Unknown;1.0;-0.1153846153846153;-0.3879454500839037
Unknown;0.2238755224895502;0.3743842364532019;0.5661091052276931
Unknown;0.6571868562628748;-0.1822222222222222;-0.290137666088165
Unknown;0.1675966480670386;-0.3492063492063492;-0.6501632380611416
Unknown;0.2701145977080458;0.2604166666666667;0.6150333594644739
Unknown;0.991540169196616;-0.1099290780141844;-0.2453572163386078
Unknown;0.5959080818383632;-0.1698113207547169;-0.4518493554770856
Unknown;0.0105997880042399;-0.6326530612244898;-1.099511645039321
Unknown;0.0026799464010719;0.6777777777777778;1.8123450683133464
Unknown;0.3861522769544609;0.32;0.6110100926607787
Unknown;0.0576788464230715;-0.4088050314465409;-0.8957769215850017
Unknown;1.0;0.0547619047619047;0.1131106835936079
Control;0.6834263314733705;-0.148076923076923;-0.2933544332005644
Unknown;1.0;-0.037037037037037;-0.0602380994772296
Control;0.0998780024399512;-0.4433962264150943;-0.8689240176668679
Unknown;0.0398392032159356;0.421875;0.8801557336382229
Unknown;0.996540069198616;0.0011494252873563;-0.07895312407071
Unknown;0.9063818723625529;-0.0701298701298701;-0.1640599966622163
Unknown;0.3520329593408132;0.2907801418439716;0.5494649333749044
Medium;0.2673546529069419;-0.2678571428571428;-0.5882247898221772
Unknown;0.2681546369072619;-0.3263888888888889;-0.6456691048727113
Control;0.6009783368273934;0.4615384615384615;0.8090398349558905
Unknown;0.1667566648667026;0.3603603603603603;0.8476619949764963
Unknown;0.6709865802683946;-0.1933333333333333;-0.3449466561883365
Unknown;0.8345033099338013;0.1292517006802721;0.1896808793179638
Unknown;0.0297194056118877;0.506265664160401;1.0715503073583252
Unknown;0.3343133137337253;-0.2610837438423645;-0.5513260990239919
Control;0.7404651906961861;-0.1418439716312056;-0.3116522413834812
Low;0.3957920841583168;-0.2203389830508474;-0.514127172920952
Low;0.5468290634187316;0.2238095238095238;0.3664806756847726
Unknown;0.9369812603747923;0.0721343873517786;0.0694435353502029
Low;0.3901921961560768;0.0984528832630098;0.6665527898236406
Unknown;0.121637567248655;-0.3844155844155844;-0.7021147010165956
Unknown;0.371992560148797;0.32;0.5707011000051377
Unknown;0.8547829043419132;0.1333333333333333;0.2671910853967355
Control;0.0293594128117437;-0.3996003996003996;-0.774152131162007
Unknown;1.0;-0.06;-0.1376494403223371
Unknown;0.989220215595688;-0.0119047619047619;0.0375684614801729
Control;0.9607407851842964;0.1328125;0.0874562827851801
Unknown;0.0100397992040159;0.6257861635220126;1.1893120846886005
Unknown;0.3280734385312294;0.2101449275362318;0.5377031568842119
Low;0.9009019819603608;-0.0992907801418439;-0.1910237672899263
Unknown;0.4888702225955481;-0.2244897959183673;-0.5360699926088718
Unknown;0.0128797424051518;-0.61;-1.1078234188139946
Unknown;0.0058798824023519;0.43;1.1415654125879655
Unknown;0.4053118937621247;0.1305418719211822;0.4179023897338797
Unknown;0.8077838443231136;-0.125;-0.2676291171614498
Unknown;0.0703985920281594;-0.5;-1.1252229534799123
Medium;0.5634674922600619;0.2666666666666666;0.6605782590758165
Unknown;0.2955140897182056;0.2925170068027211;0.5787705672009662
Unknown;0.0613187736245275;0.5333333333333333;1.1041048949477663
Unknown;0.0963180736385272;0.4285714285714285;0.7449171296512479
Unknown;0.6423471530569389;-0.1891025641025641;-0.3299290947328433
Unknown;0.8569028619427611;-0.1304347826086956;-0.2213230397954448
Control;0.980940381192376;-0.03125;-0.1822221203999914
Unknown;0.2816343673126537;-0.32;-0.5833335280146077
Unknown;0.2599548009039819;-0.3244444444444444;-0.6452473060939542
High;0.4589508209835803;-0.225563909774436;-0.4726541604256248
Unknown;0.2070758584828303;-0.3518518518518518;-0.647734656464501
Control;0.0007599848003039;0.8514492753623188;2.2845139706282915
Unknown;1.0;0.0666666666666666;0.0489738060187967
Unknown;0.74922501549969;-0.1;-0.3496029493900505
Unknown;0.1397572048559028;0.4333333333333333;0.7746402213861997
Unknown;1.0;-0.0169491525423728;-0.1367571319902715
Unknown;1.0;0.0191666666666666;-0.0762423593944394
Unknown;1.0;0.0551378446115288;0.1865109065096502
Control;1.0;-0.0296296296296296;-0.0834131672970356
Unknown;0.0970780584388312;-0.3064516129032258;-0.6795480636967826
Unknown;0.0257994840103197;-0.5298701298701298;-0.9711987365005048
Unknown;1.0;-0.0476190476190476;-0.2323106841457231
Unknown;0.0174796504069918;0.5012987012987012;1.124560804199542
Unknown;0.9567008659826804;0.0034013605442176;-0.1202840227094545
Unknown;0.9311013779724404;-0.1276595744680851;-0.3984922283378521
Medium;0.5636687266254675;0.1764705882352941;0.4604581434665232
Unknown;1.0;0.0517241379310344;0.0574156807291637
Unknown;1.0;0.0270935960591133;0.0254198170894994
Unknown;0.4172716545669087;0.3374384236453202;0.4339851965352174
Unknown;0.0737985240295194;-0.5644444444444444;-0.9929177380773112
Unknown;0.4799504009919801;0.2484276729559748;0.4194873251125549
Unknown;0.0423991520169596;0.4238875878220141;1.124016660962906
Unknown;0.114637707245855;0.3004926108374384;0.7290771275891097
Unknown;0.4586308273834523;0.2585034013605442;0.4088779510621608
Unknown;0.0025999480010399;0.6875;1.9625922879564115
Unknown;0.5049099018019639;-0.2;-0.5400617248673217
Unknown;1.0;-0.0212765957446808;-0.1535879851915169
Unknown;0.5565888682226355;-0.1376811594202898;-0.3376887764805583
Unknown;0.8900621987560249;-0.1089743589743589;-0.1630166398296895
Unknown;0.3550728985420291;-0.3095238095238095;-0.6486278019250081
Unknown;0.9263814723705526;0.1231884057971014;0.1222789970111296
Unknown;0.3404331913361733;-0.2304964539007092;-0.6169729501336679
Unknown;0.0217995640087198;0.5058548009367682;1.0289366043150563
Unknown;0.0034399312013759;-0.6368038740920097;-1.240665410470083
Unknown;0.1053178936421271;-0.3888888888888889;-0.9516529358868552
Unknown;0.4898702025959481;0.1732026143790849;0.4045867968563434
Unknown;0.5603887922241555;0.1555555555555555;0.3875332337752354
High;1.0;0.0289855072463768;0.0615947608246356
Unknown;0.3881122377552449;0.3270440251572327;0.4629883712631472
Unknown;0.9779004419911602;0.0833333333333333;0.1261083180763295
Unknown;1.0;0.0072639225181598;0.0042750642244087
Control;0.0119197616047679;0.6653061224489796;1.502760029188304
Unknown;0.3405931881362373;0.3156028368794326;0.5216760010903105
Unknown;0.1654366912661747;0.255024255024255;0.4917608386741818
Unknown;1.0;0.0;
Unknown;0.6543869122617547;-0.1428571428571428;-0.2810938924896089
Unknown;0.75542489150217;0.1489361702127659;0.2231095112742948
Unknown;1.0;0.0;
Low;0.2246755064898702;-0.2639225181598063;-0.5708394118463763
Unknown;0.8480630387392252;0.1013824884792626;0.1438504623992026
Low;0.0190396192076158;0.6041666666666666;1.7929952047569298
Unknown;0.9195016099678006;0.0283687943262411;-0.137167370881508
Unknown;0.994780104397912;-0.1212121212121212;-0.3932555756164126
Unknown;0.2802743945121098;0.3188405797101449;0.5986675940020341
Unknown;0.6052278954420912;-0.1602564102564102;-0.3429971702850176
Unknown;0.5640287194256115;0.2;0.4130941371759641
Low;1.0;0.2569444444444444;0.0
Unknown;0.1897962040759185;0.4130434782608695;0.6975150264455489
Low;0.6055478890422191;0.15;0.286826608852978
Unknown;0.752384952300954;0.1444444444444444;0.2110996646290201
Unknown;0.244035119297614;0.3333333333333333;0.6647775148140717
Low;1.0;-0.0576923076923076;-0.2567762955065477
Unknown;1.0;-0.0925925925925925;-0.3310579938827653
Control;0.7466650666986661;-0.0915032679738562;-0.295188059283181
Unknown;0.0709185816283674;-0.3955223880597014;-0.7295347809387386
Unknown;0.246035079298414;0.1684210526315789;0.4299641109693385
Control;0.2539549209015819;0.3571428571428571;0.9640022259026112
Unknown;0.2298754024919501;-0.3260869565217391;-0.697474050906156
Unknown;0.1307573848523029;-0.4591836734693877;-0.7759053477660296
Unknown;0.8813559322033898;-0.3448275862068966;-0.7254762501100116
Unknown;0.5798284034319313;-0.2;-0.497468338163091
Control;0.0038799224015519;-0.68;-1.3605994828370456
Unknown;0.1964760704785904;-0.2847222222222222;-0.6606508075043578
Unknown;0.0439991200175996;-0.3648648648648648;-0.74325225275899
Unknown;1.0;-0.0158730158730158;-0.1309698354517523
Unknown;0.5868682626347473;-0.0694444444444444;-0.3642156795423421
Unknown;0.0251994960100798;0.5588235294117647;1.2501246199095863
Unknown;0.9358212835743284;0.1066666666666666;0.1675415633166784
Unknown;0.0075198496030079;-0.6466666666666666;-1.294366491912015
Unknown;0.0108397832043359;0.6037037037037037;1.3416407864998738
Unknown;0.1461970760584788;0.351063829787234;0.9180706258685212
Unknown;0.0100797984040319;-0.6004842615012107;-1.0841448299790544
Unknown;0.0217995640087198;-0.5476190476190477;-0.986611832470013
Unknown;1.0;-0.0333333333333333;-0.1976877835631603
Low;1.0;0.0;
Low;0.0262794744105117;0.5230024213075061;1.0656353133462784
Unknown;0.0020399592008159;0.5816186556927297;1.1836545644135572
Unknown;0.8624627507449851;0.1428571428571428;0.1656731706749702
Control;1.0;0.0;
Unknown;0.8911021779564409;-0.1157635467980295;-0.2654929426267514
Low;0.3380332393352133;0.1938405797101449;0.4891125062310444
Unknown;0.2159956800863982;-0.2673611111111111;-0.550953859113926
High;0.0067998640027199;-0.6243386243386243;-1.1734838846065758
Unknown;0.6659866802663946;0.1209150326797385;0.3194259363433766
Unknown;1.0;0.0062893081761006;-0.0121711378899531
Unknown;0.377632447351053;0.1171875;0.4479893351905204
Unknown;0.9059418811623768;0.0843091334894613;0.1073812217010379
Unknown;0.0003999920001599;-0.8333333333333334;-1.5244744492344615
Unknown;0.5688286234275315;0.1944444444444444;0.3469443332443553
Unknown;0.7272727272727273;0.25;0.8660254037844387
Unknown;0.0917581648367032;-0.3696428571428571;-0.6542269545274668
Unknown;0.4385912281754365;-0.2619047619047619;-0.5322450022953863
Unknown;0.2359952800943981;-0.2957393483709273;-0.5726260931703034
Unknown;0.0742385152296954;0.4506172839506173;1.0139126345346825
Unknown;0.8398632027359453;-0.0163934426229508;0.1808421597566483
Unknown;0.0212395752084958;0.549645390070922;1.1838420712005162
High;1.0;-0.0138888888888888;-0.0297623914611918
Unknown;0.0225995480090398;-0.4583333333333333;-0.9118811079069732
Unknown;1.0;-0.0377358490566037;-0.2053664059926108
Unknown;0.2748745025099498;0.2658227848101265;0.5054409452561547
Unknown;1.0;0.0;
Unknown;0.4594308113837723;-0.2844444444444444;-0.512410092176279
Unknown;0.2165156696866062;-0.3237179487179487;-0.661707353673587
Unknown;0.8266634667306654;-0.0854700854700854;-0.242269737861364
Unknown;0.864022719545609;-0.0869565217391304;-0.2745676207365519
Unknown;0.8414631707365853;0.110062893081761;0.2195981563078502
Unknown;0.0869182616347673;0.5422222222222223;0.944581112478507
Unknown;0.0005599888002239;0.7755102040816326;1.7980358887633152
Unknown;0.2611947761044779;0.3229166666666667;0.5731750670406258
Unknown;1.0;0.0;
Unknown;1.0;0.0;-0.0925098240687933
Unknown;0.2777544449111018;0.4130434782608695;0.6280061186404815
Unknown;0.1300373992520149;-0.3888888888888889;-0.7698003589195008
Unknown;1.0;-0.054054054054054;-0.2500965064695278
Unknown;0.7386252274954501;0.1869565217391304;0.3723633773555301
Unknown;0.999260014799704;0.0035460992907801;-0.079358047279138
Unknown;0.98390032199356;0.0892857142857142;0.1827940705202256
Unknown;0.1035579288414231;-0.4209183673469387;-0.7457995248167778
Unknown;0.1070778584428311;0.359375;0.6690822722945862
Unknown;1.0;-0.2;-0.5477225575051661
Unknown;0.631227375452491;-0.074074074074074;-0.29492753096432
Unknown;1.0;0.0701754385964912;0.1541723067537723
Unknown;0.0094398112037759;0.5545454545454546;2.156102327382832
Unknown;0.0079198416031679;-0.5789473684210527;-1.0764095472210329
Unknown;0.9645007099858004;-0.0270935960591133;-0.1083442146418593
Unknown;0.6891862162756744;-0.1282051282051282;-0.2569945713480673
Unknown;0.0065598688026239;0.7232704402515723;1.5462991314636745
Unknown;0.0535989280214395;-0.5035460992907801;-0.9013551886134012
Unknown;0.3865922681546369;-0.1984126984126984;-0.3985392487592811
Unknown;0.0708785824283514;0.4666666666666667;1.2780193008453875
High;0.3906321873562529;-0.2549019607843137;-0.5710853875946211
Unknown;0.3869922601547969;-0.2596153846153846;-0.5029316984229715
Unknown;1.0;-0.0177304964539007;-0.0979594485533733
Unknown;0.374472510549789;-0.2592592592592592;-0.6131279849476176
Unknown;0.0819183616327673;-0.2033898305084746;-0.5323979054721872
Unknown;0.0521989560208795;0.5;0.9308846364259988
Control;0.1012987012987013;-0.7962962962962963;-1.639722479455124
Control;0.238755224895502;-0.3095238095238095;-0.6189456426662258
Low;0.0271194576108477;0.6044444444444445;1.4918954741859465
Unknown;1.0;0.0133333333333333;-0.045130644866676
Unknown;0.6512269754604908;0.2266666666666666;0.3086066999241839
Unknown;0.0411591768164636;-0.5123152709359606;-1.0974907302320072
Unknown;1.0;0.0254237288135593;0.02709374575706
Unknown;0.0113997720045599;0.4545454545454545;0.9354143466934852
Unknown;0.0008799824003519;0.7444444444444445;2.4626294280763337
Unknown;0.3931921361572768;0.1879815100154083;0.3977658350142938
Unknown;0.623147537049259;-0.173076923076923;-0.2986452787420914
Unknown;0.8464630707385852;0.1395348837209302;0.2863158119735033
Control;0.0117197656046879;-0.6784313725490196;-1.366856340382936
Unknown;0.6453470930581389;-0.1484375;-0.3044514377796592
Unknown;0.0272394552108957;0.435546875;1.0280423717009053
Unknown;1.0;-0.1274509803921568;-0.1430238801164162
Unknown;0.1802363952720945;-0.25;-0.5673970870778986
Unknown;1.0;-0.0704225352112676;-0.2866350020725758
Unknown;0.1433571328573428;0.3333333333333333;1.1547005383792517
Unknown;0.5785884282314354;-0.1858974358974359;-0.324470837274564
Unknown;0.9438611227775444;0.1037735849056603;0.2080643576797636
Unknown;0.0984780304393912;0.4603174603174603;0.6818186448636744
Control;0.0075998480030399;0.711864406779661;1.273177103295549
Medium;0.6086678266434671;-0.2;-0.532290647422377
High;1.0;-0.1111111111111111;-0.3689323936863108
Unknown;1.0;0.0392857142857142;0.1357964778784305
Unknown;0.1640367192656147;-0.3777777777777777;-0.7642336281273107
Unknown;0.2882342353152937;-0.3422222222222222;-0.6299993847665262
Unknown;0.8041839163216735;0.1298701298701298;0.2353811231730543
Unknown;1.0;-0.0380434782608695;0.039451469415754
Unknown;0.2586348273034539;-0.3481481481481481;-0.6047078979069521
Unknown;0.0109597808043839;-0.4065934065934066;-0.8154494419567642
Medium;0.3895122097558048;-0.213768115942029;-0.4539502130704602
Unknown;0.5180296394072118;-0.1764705882352941;-0.5049606636186587
Unknown;0.2598748025039499;-0.2394366197183098;-0.5418200996514432
Unknown;1.0;0.08;0.1702513061517498
Low;1.0;-0.0377358490566037;-0.2053664059926108
High;1.0;-0.0471014492753623;-0.1219977214088372
Unknown;1.0;-0.0285714285714285;-0.1833396994056422
Low;1.0;-0.0208333333333333;-0.0719959240384475
Unknown;0.0418391632167356;-0.4545454545454545;-0.8534977265052311
Unknown;0.8515429691406172;-0.0833333333333333;-0.1873171623163388
Unknown;1.0;-0.0306122448979591;0.0230687794863966
Unknown;0.1744365112697746;-0.3851851851851852;-0.7310986912663858
Unknown;0.0184396312073758;0.5851851851851851;1.2512375073541868
Unknown;0.8416631667366653;0.1234567901234567;0.2377608345059195
Unknown;0.0059198816023679;0.5833333333333334;1.8811934746029944
Unknown;0.1779964400711985;0.3571428571428571;0.7425787261710711
Unknown;0.9623407531849364;-0.1333333333333333;-0.2810913475705225
Unknown;0.1970760584788304;-0.265;-0.5315921684389712
Unknown;0.8341033179336413;-0.1422222222222222;-0.2639315516295431
Low;0.3604327913441731;-0.238095238095238;-0.5913563908104662
Unknown;0.0101197976040479;0.5583684950773559;1.0328473039165391
Unknown;0.6484270314593709;0.0381944444444444;0.2683770341776541
Unknown;0.5227495450090999;0.3022222222222222;0.4711722445902876
Unknown;0.1482370352592948;0.244047619047619;0.971401999048435
Unknown;0.0032399352012959;0.4930555555555556;1.470648307970048
Unknown;0.3437131257374852;0.3185185185185185;0.5895703484756206
Low;0.8447431051378972;-0.081967213114754;-0.2591613925402274
Unknown;0.2004759904801904;0.2;1.5491933384829666
Unknown;1.0;-0.04;-0.2121320343559642
Unknown;0.2011159776804464;-0.3687943262411347;-0.7261447893210325
Unknown;0.99070018599628;-0.1099290780141844;-0.2453572163386079
Unknown;0.0281594368112637;-0.3975308641975308;-0.757855374648151
Unknown;0.6108677826443472;-0.1666666666666666;-0.4374302587174375
Unknown;0.1974360512789744;-0.3333333333333333;-0.6730994567034372
Unknown;0.6100277994440111;0.1566265060240964;0.2513279806254481
Low;0.1759164816703665;-0.2826086956521739;-0.8948209988962363
Unknown;0.1839563208735825;-0.3421052631578947;-0.5566869677807185
Unknown;0.6466270674586508;0.2386363636363636;0.295958174200194
Unknown;0.5293094138117238;0.0451388888888888;0.4430674043892359
Unknown;0.0342393152136957;-0.458984375;-0.8477912478906585
Unknown;0.7595448091038179;0.1666666666666666;0.3544587784792834
Unknown;0.6723465530689386;0.1507936507936507;0.3269854282641344
Unknown;0.1431171376572468;0.3731884057971014;0.8005741815812282
High;0.0354792904141917;-0.429951690821256;-0.8286436505654899
Unknown;1.0;0.0378787878787878;-0.0094697436758553
Unknown;0.1105177896442071;-0.3620689655172414;-0.7443800681759615
Unknown;0.0007999840003199;-0.639225181598063;-1.5860581180348323
Unknown;0.9250214995700086;-0.1304347826086956;-0.403786426543624
Unknown;0.7705045899082018;0.1047619047619047;0.1918165675252245
Unknown;0.1903961920761585;0.4027777777777778;0.6779350703393058
Unknown;0.0074798504029919;-0.67;-1.2273373778986885
Control;0.0001199976000479;-0.8360655737704918;-1.629071180854568
Unknown;0.8073038539229216;0.0699930699930699;0.110563272562184
Unknown;1.0;-0.0784313725490196;-0.1868928873382291
Unknown;1.0;-0.0555555555555555;-0.2535155863165944
Unknown;0.5672286554268915;-0.2133333333333333;-0.4209990551406281
Unknown;0.8280234395312094;-0.072463768115942;-0.177183568614887
Unknown;0.0259594808103837;0.5822102425876011;1.1700345467886637
Unknown;0.4457910841783164;0.1172839506172839;0.421573821622032
Low;0.3612327753444931;0.2647058823529412;0.6008016035638718
Unknown;1.0;-0.1136363636363636;-0.3488432306061002
Unknown;0.0936381272374552;0.4533333333333333;0.8567638024940007
Unknown;0.4475910481790364;-0.2352941176470588;-0.5529889830461755
Unknown;0.5611087778244435;-0.1388888888888889;-0.3269883805872131
Unknown;0.0004799904001919;-0.7588652482269503;-1.9165545881740456
Unknown;0.3188736225275494;0.3409090909090909;0.5710210844028498
High;1.0;-0.0169491525423728;-0.1367571319902715
Unknown;0.1739165216695666;0.2246913580246913;0.5560826438448674
Control;0.1268374632507349;-0.5048076923076923;-1.1023384319349503
Unknown;0.1038779224415511;0.2340425531914893;0.8656158889515696
Unknown;0.0940781184376312;-0.425531914893617;-0.7396672751188317
Unknown;0.4269514609707805;-0.2105263157894736;-0.5385707748589442
Unknown;1.0;0.0050125313283208;0.0109731266672466
Unknown;0.2033559328813423;-0.3733333333333333;-0.7921180343813395
Unknown;0.992060158796824;0.0390070921985815;0.0999281820166558
Unknown;0.1620367592648147;-0.4285714285714285;-0.7080053455941253
Unknown;0.8385432291354173;-0.1463414634146341;-0.4337664234406918
High;0.2184356312873742;-0.2610837438423645;-0.6334280923885094
Unknown;1.0;-0.0520833333333333;-0.1182306839346533
High;0.0173996520069598;0.6595744680851063;1.3294495063381055
Unknown;0.0875982480350393;0.3648834019204389;0.6849348892187752
Unknown;0.8888222235555289;0.2272727272727272;0.1456782596275627
Control;1.0;-0.0576923076923076;-0.2567762955065477
Unknown;0.0005599888002239;0.8133333333333334;2.2908704528397035
Unknown;1.0;0.0;-0.060044259450668
Unknown;0.9470610587788244;0.1045918367346938;0.1571278442393527
Unknown;0.0011599768004639;0.71875;1.94164878389476
Unknown;0.3985120297594048;-0.2766666666666666;-0.5519197266046798
Unknown;0.5381892362152757;-0.1693121693121693;-0.3388159643949184
Unknown;0.495910081798364;-0.225;-0.5651148898318619
Unknown;0.6038679226415472;-0.0877796901893287;-0.2654957764326442
Unknown;0.5489490210195797;-0.2444444444444444;-0.4991627481728271
High;0.0005599888002239;-0.631578947368421;-1.3046681861662088
Control;1.0;0.0987654320987654;0.119273411439758
Unknown;1.0;0.0443349753694581;0.0995843058128181
Unknown;0.373592528149437;-0.2884615384615384;-0.4963147598513461
Low;1.0;-0.0425531914893617;-0.2196063531745152
Unknown;0.9572608547829043;0.1022222222222222;0.1152058535465238
Unknown;0.0794384112317753;0.47;0.8891439615607705
Unknown;0.8860622787544249;0.0490196078431372;0.1406420680893209
Unknown;0.0957580848383032;-0.44;-0.8298256070757487
Unknown;0.0045599088018239;-0.5445816186556928;-1.0311782588573053
Control;0.0005999880002399;0.6754032258064516;1.6878068258178216
Unknown;0.0877582448351032;-0.2113821138211382;-0.4852948842752452
Low;0.0003999920001599;0.4418181818181818;1.8532681733349503
Unknown;1.0;-0.0892857142857142;-0.2118100500294564
Unknown;0.8366232675346493;-0.1205673758865248;-0.2975950254198889
Unknown;0.3457530849383012;0.3368794326241134;0.54515676571857
Low;0.6211075778484431;-0.1639344262295081;-0.4605979091833453
Unknown;0.0269994600107997;0.4656084656084656;1.0005235328351936
Unknown;0.0538789224215515;-0.5777777777777777;-1.000959908847434
Unknown;0.0481590368192636;0.2884615384615384;1.0634455724295202
Unknown;0.0466390672186556;0.4;0.968667388116326
Unknown;0.9149817003659928;0.226950354609929;0.1642028700678462
Low;1.0;-0.0666666666666666;-0.1465988679020934
Unknown;0.4682706345873083;-0.1822222222222222;-0.4070203003639485
Unknown;0.3839923201535969;0.1310344827586207;0.4764282914256239
Unknown;0.1004779904401911;0.4977777777777777;0.9370314120110336
Unknown;0.4467910641787164;-0.2083333333333333;-0.4963995204595629
Unknown;0.0589988200235995;-0.3882030178326474;-0.7333700027502295
Unknown;0.0054398912021759;0.6895424836601307;1.531804203800362
Unknown;0.5136697266054678;0.2241379310344827;0.3532034999843514
Control;0.247755044899102;0.4006410256410256;0.6599403174602858
Unknown;1.0;-0.0793650793650793;0.0049403740458595
Unknown;0.755544889102218;0.1315192743764172;0.2384712771367549
Unknown;0.9313013739725206;0.1320754716981132;0.1072010975720116
Unknown;0.3486730265394692;-0.24;-0.5383819020581656
Unknown;0.3015939681206376;-0.3076923076923077;-0.5964908538379763
Unknown;1.0;0.0687830687830687;0.1182691703590819
Unknown;0.0005999880002399;-0.6989795918367347;-1.5873294583275694
Unknown;0.1997160056798864;0.1326530612244898;0.6442697420725245
Unknown;1.0;-0.037037037037037;-0.2032499478734036
Control;0.0025999480010399;0.6666666666666666;1.5015646886765337
Unknown;0.0087198256034879;0.5555555555555556;1.7288136627461983
Unknown;0.1290374192516149;-0.3950617283950617;-0.7435174367961789
Unknown;0.4153916921661567;0.1414141414141414;0.33652809039371
Unknown;1.0;0.072463768115942;0.1604146882310451
Unknown;1.0;-0.0444444444444444;-0.2227384185558818
Unknown;0.7102657946841063;0.1777777777777777;0.3508920708518923
Unknown;0.9367412651746964;-0.0694444444444444;-0.119654421634723
Medium;1.0;-0.0666666666666666;-0.2788866755113585
Medium;0.2545454545454545;0.3888888888888889;0.7616729741102685
Unknown;1.0;-0.037037037037037;-0.0910714460959542
Control;0.1387972240555189;0.477124183006536;0.8151848710138416
Control;0.3499130017399652;-0.3137254901960784;-0.6708203932499368
Unknown;0.2983940321193576;0.2288461538461538;0.5052714587498763
Unknown;0.0001999960000799;-0.6304985337243402;-1.170091551525788
Medium;1.0;-0.0983606557377049;-0.3435590005883209
Unknown;0.120677586448271;-0.3532467532467532;-0.6840122357203098
Unknown;0.3457930841383172;-0.1733333333333333;-0.4648037184446215
Unknown;0.9721005579888402;0.0866666666666666;0.1277391108989636
Unknown;0.0525589488210235;-0.4533333333333333;-0.9988604511374346
Unknown;0.0652786944261114;-0.4428571428571428;-0.8604852815857411
Control;1.0;-0.0632183908045977;-0.0176024168073952
Unknown;0.2027159456810864;0.2898550724637681;0.761386987626881
Unknown;1.0;-0.0862068965517241;-0.3226436020584505
Unknown;0.0434791304173916;-0.5288461538461539;-0.9750195536364772
Unknown;0.1827563448731025;-0.3263888888888889;-0.6607322938824045
Unknown;0.1548769024619507;-0.361038961038961;-0.7158389279982565
Unknown;0.2869142617147657;0.1521739130434782;0.5653716730377218
Unknown;0.1050378992420151;-0.4319727891156462;-0.8220976767463386
Unknown;0.0053598928021439;0.4126984126984127;1.8428525606964388
Unknown;1.0;0.1428571428571428;0.3390908114314106
Control;0.0125597488050238;0.5274261603375527;0.9885710532241612
Unknown;0.0167196656066878;-0.4024390243902439;-0.7832404741583684
Unknown;0.3836723265534689;0.2592592592592592;0.4770751232755943
Unknown;0.0676386472270554;0.5777777777777777;1.0582232282547932
Unknown;0.0846783064338713;0.2956349206349206;0.9648370069281208
Unknown;0.3450730985380292;0.2666666666666666;0.7302967433402215
Unknown;0.1651966960660786;-0.4468085106382978;-0.6906296197857774
Unknown;0.9563408731825364;0.0125786163522012;0.144566626512856
Unknown;0.984660306793864;-0.1111111111111111;-0.3077108875847006
Unknown;0.0797184056318873;0.4232804232804232;0.7973018472888644
Unknown;0.2032359352812943;0.2;1.5491933384829666
Unknown;0.1579168416631667;-0.3064935064935065;-0.71699254385954
Low;1.0;0.1428571428571428;0.4082482904638631
Unknown;0.0535989280214395;-0.4933333333333333;-0.9364790156983136
High;3.999920001599968e-05;0.9487179487179488;3.308154747115539
Unknown;0.0068398632027359;0.5116279069767442;1.6809606014051808
Unknown;0.8252234955300894;-0.0061728395061728;0.2209559884265389
Unknown;0.375432491350173;0.2888888888888888;0.5106972781536105
High;0.24927501449971;-0.3148148148148148;-0.6784669927988098
Unknown;0.4284714305713886;0.1453900709219858;0.7713188419613026
Unknown;0.0909581808363832;-0.4691358024691358;-0.8541426979303123
Unknown;1.0;-0.0496453900709219;-0.1305937104830864
Unknown;0.996460070798584;-0.0701298701298701;-0.1734942676658281
Unknown;0.0509989800203995;-0.4333333333333333;-0.7603047028045529
Unknown;1.0;0.0096153846153846;0.0289551145492837
Unknown;0.2873542529149417;-0.2307692307692307;-0.5531200237257334
Unknown;0.0537189256214875;-0.5471698113207547;-0.9908473636949024
High;0.0088798224035519;-0.5740740740740741;-1.074312386995203
Unknown;0.0791184176316473;0.3805970149253731;0.7904488013404118
Unknown;0.5588688226235475;-0.1739130434782608;-0.4751650722845121
Unknown;0.1943161136777264;0.3269230769230769;0.6352453802995073
Unknown;1.0;-0.032051282051282;-0.1279126223980623
Control;0.6612267754644907;-0.1038961038961039;-0.2806721603157945
Unknown;0.8577028459430811;0.0710843373493975;0.1364539470864749
Unknown;0.124237515249695;0.2888888888888888;1.1226870354663678
High;1.0;0.0503875968992248;0.1507345402607542
Unknown;0.882102357952841;0.0888888888888888;0.2027070466227656
Unknown;0.4522309553808923;-0.2142857142857142;-0.4335449569443059
Unknown;0.0404791904161916;-0.3951807228915662;-0.7866138495673303
Unknown;1.0;0.0;
Unknown;0.0008399832003359;0.6266666666666667;2.553108038399022
Unknown;0.5689086218275634;0.1131528046421663;0.2986250672534854
Unknown;1.0;-0.02;-0.1070107108962503
Unknown;0.9211015779684406;-0.0851851851851851;-0.1793950886720619
Medium;0.4568708625827483;0.234192037470726;0.4383652141953328
Unknown;0.9417011659766804;0.0735294117647058;0.101685265481208
Unknown;0.1389572208555828;0.3494897959183674;0.7081960348969641
Unknown;0.2751144977100458;0.3333333333333333;0.5998523223473016
Unknown;0.0236395272094558;0.4280898876404494;0.8011757814160316
Unknown;1.0;-0.1162790697674418;-0.3554101388924575
Unknown;0.0483590328193436;-0.2803738317757009;-0.605128102842462
Unknown;1.0;-0.0888888888888888;-0.194314467022904
Unknown;1.0;0.0679012345679012;0.1007941715605428
Unknown;0.0004799904001919;-0.7486772486772487;-1.5615042229515228
Unknown;0.9745805083898322;-0.1333333333333333;-0.2810913475705225
Unknown;0.0988380232395352;0.4308390022675737;0.8264597475290095
Unknown;0.6569068618627627;-0.2266666666666666;-0.3032392174315615
Unknown;0.0002399952000959;-0.7698412698412699;-1.529499753046026
Unknown;1.0;-0.0517241379310344;-0.2434083994089385
High;0.5549489010219796;-0.1785714285714285;-0.4866222788118367
Low;0.1040779184416311;0.3208020050125313;0.778518179733274
Unknown;0.6331073378532429;-0.2013888888888889;-0.3190133250742811
Control;0.4880382775119617;-0.3888888888888889;-0.7496274085146726
Unknown;0.0015599688006239;0.6847826086956522;1.94050836773609
Unknown;0.8861822763544729;-0.0769230769230769;-0.3048749218101055
Unknown;0.3333333333333333;0.25;1.35400640077266
Unknown;0.5165496690066199;-0.1470588235294117;-0.342895054585987
Medium;1.0;-0.088235294117647;-0.3331751680417082
Unknown;1.0;-0.009685230024213;-0.0266006901056675
Unknown;0.6491470170596588;0.1527777777777778;0.3211448508245459
Unknown;1.0;0.0;
Unknown;1.0;-0.0617283950617283;-0.1199907321082659
Unknown;0.4289114217715645;-0.2105263157894736;-0.5385707748589443
Unknown;1.0;0.0233766233766233;0.0347360484631555
High;0.5434691306173877;-0.1818181818181818;-0.4619943021054108
Unknown;0.0085198296034079;0.6666666666666666;1.228213836110532
Control;0.0649187016259674;-0.4353741496598639;-0.973302852404234
High;0.4317513649727005;0.1785714285714285;0.53540091084938
Unknown;0.2319553608927821;-0.33;-0.6157879317845123
Low;1.0;-0.0319148936170212;-0.0708161999756335
Medium;1.0;-0.0408163265306122;-0.214538857568648
Medium;1.0;-0.0535714285714285;-0.2483096493104945
High;0.5245495090098198;0.2241379310344827;0.3801222644109542
Unknown;0.7234255314893702;-0.1993464052287581;-0.2667855578291773
Control;0.1465570688586228;-0.2666666666666666;-0.5366289362709978
High;0.4859902801943961;-0.2244897959183673;-0.5370122140021769
Low;0.7639047219055619;-0.1568627450980392;-0.4182341854574979
Unknown;0.739265214695706;0.1666666666666666;0.3289758474798844
Unknown;0.7732245355092898;0.086734693877551;0.2176240989578244
Unknown;1.0;0.0;-0.1446674471324129
Unknown;0.4126317473650527;0.3402777777777778;0.4999999999999999
Unknown;0.0034799304013919;-0.5058823529411764;-0.9219081948682212
Unknown;0.4338713225735485;0.1736842105263158;0.8350531475154059
Unknown;0.4253514929701406;0.2446808510638297;0.5408969014515336
Unknown;0.0708385832283354;-0.4395604395604395;-0.8610823204488194
Unknown;0.9446211075778485;0.0780141843971631;0.1333303123757301
Low;0.1428771424571508;-0.303030303030303;-0.5790685773616372
Unknown;0.493270134597308;-0.2;-0.4084652155621817
Unknown;0.5777084458310834;0.1523809523809524;0.6215447750924049
Unknown;0.0504789904201916;0.4210526315789473;1.321585674088939
Unknown;0.0089598208035839;0.56;1.2515323027658325
Medium;0.8516229675406491;-0.1372549019607843;-0.271667562146254
Low;0.0493990120197596;-0.28;-0.5652872703043553
Unknown;0.1071178576428471;0.3007246376811594;0.9801607595479296
Unknown;1.0;0.037037037037037;0.0170646628028757
Control;0.2027959440811183;0.2666666666666666;0.918156170097534
Unknown;0.0177596448071038;0.5046082949308756;1.108485552801424
Unknown;1.0;-0.044776119402985;-0.2259928343864686
Unknown;0.1082778344433111;-0.5037037037037037;-0.7643304499603124
Unknown;0.3029539409211815;0.3636363636363636;0.6510619585582266
Control;0.0175196496070078;-0.5403726708074534;-0.937938073146284
Unknown;1.0;-0.1401515151515151;-0.1077518320486902
Unknown;0.505229895402092;-0.1282051282051282;-0.401974756640084
Unknown;1.0;0.0622222222222222;0.0712696645099798
Unknown;0.367152656946861;-0.2340425531914893;-0.4653254452933156
Unknown;0.0011199776004479;-0.6966666666666667;-1.8757321759476024
Control;0.754864902701946;-0.1862745098039215;-0.2829405149805213
Unknown;0.1060778784424311;-0.5096153846153846;-0.8200523803565599
Unknown;0.0397992040159196;0.4325301204819277;0.8113449850750323
Unknown;0.4007519849603008;0.2397959183673469;0.4613555382527873
Unknown;0.1738365232695346;0.3454545454545454;0.6505398162525909
Unknown;0.2275954480910381;-0.2599206349206349;-0.5410962581425398
Unknown;0.9495410091798164;0.0921985815602836;0.1087057174344605
High;1.0;0.0175438596491228;0.0102121283065263
Unknown;0.0240395192096158;0.6209150326797386;1.353052203049656
High;0.5963480730385392;-0.2056737588652482;-0.4060709507232408
Unknown;0.7127457450850982;0.0070921985815602;0.3109852067855613
Medium;1.0;0.0208333333333333;0.0575581964058675
Medium;1.0;-0.0714285714285714;-0.2724004848268524
Unknown;0.6121077578448431;-0.0173611111111111;-0.2861724525451265
Unknown;0.2231955360892782;-0.3645833333333333;-0.632276278520473
Unknown;0.0005999880002399;0.7285714285714285;1.7279236848022792
Low;1.0;-0.1822222222222222;-0.1792442859792882
Unknown;1.0;0.0602836879432624;0.1869772891379688
Control;0.3815123697526049;0.1948051948051948;0.6059149009001736
Unknown;0.1847163056738865;0.3443877551020408;0.6055002689220326
Unknown;0.0175596488070238;-0.6014492753623188;-1.166056997327001
Unknown;1.0;-0.0288461538461538;-0.098991414021603
Low;0.114997700045999;-0.358974358974359;-0.7117516677819846
Unknown;1.0;-0.0851851851851851;-0.0319904956645799
Medium;0.0001599968000639;0.5714285714285714;3.4364987719368982
Unknown;0.7999040019199616;-0.1509433962264151;-0.4372584688184542
Unknown;0.1353572928541429;0.2520325203252032;1.0124626086054764
Unknown;0.0791184176316473;-0.463768115942029;-0.8222065811166245
Unknown;0.8935821283574329;0.0694444444444444;0.1180404494044545
Unknown;0.1528369432611347;0.3623188405797101;0.7545784954688456
Unknown;0.0045599088018239;-0.6404761904761904;-1.2068080748923955
Unknown;0.244635107297854;-0.3405797101449275;-0.6044217368172806
Medium;0.9664206715865684;-0.0701754385964912;-0.2956150909981073
Control;0.2612747745045099;-0.3148148148148148;-0.637241833732991
Control;0.6790664186716265;-0.1851851851851851;-0.3889447757741223
Unknown;0.0015999680006399;-0.75;-1.427381748201095
Unknown;0.5135897282054359;0.1591836734693877;0.6962194023079419
Unknown;0.624507509849803;0.1808510638297872;0.3114688143607476
Unknown;0.0015599688006239;0.7219387755102041;1.4765938121563815
Unknown;0.0786384272314553;0.5034013605442177;0.8675257905005833
High;0.8307833843323134;0.1326530612244898;0.2690088537715827
Unknown;0.4764304713905722;0.2291666666666666;0.4987333735194714
Unknown;0.6347473050538989;0.2083333333333333;0.2937930617690474
Unknown;0.4601507969840603;-0.2755102040816326;-0.4373879784900342
Unknown;0.7058258834823303;-0.1496598639455782;-0.3153735465201707
Unknown;0.0002399952000959;-0.8207547169811321;-1.702972007552742
Unknown;0.254954900901982;0.2633333333333333;0.5415478246078252
Unknown;0.0012799744005119;-0.6885245901639344;-1.4942439324763503
Unknown;0.8243835123297534;-0.1470588235294117;-0.3173065188390085
Unknown;0.997860042799144;0.0926829268292682;0.1124668372068857
Unknown;0.505989880202396;-0.1274509803921568;-0.3623608989933978
Unknown;0.1674766504669906;-0.4133333333333333;-0.745958926896495
Unknown;0.7149057018859623;0.2282608695652173;0.2645470244781936
High;0.4521109577808443;0.2515723270440251;0.5040073712943426
Unknown;0.5088298234035319;0.2339901477832512;0.3638830512093738
Unknown;0.1093578128437431;-0.4397163120567376;-0.8441981333339704
Unknown;0.7448251034979301;-0.125;-0.2989714675246441
Unknown;0.0554388912221755;-0.4285714285714285;-0.7975365426347139
Unknown;0.123557528849423;0.4153439153439153;0.787823612362219
Unknown;0.75942481150377;-0.1621621621621621;-0.4372501189705718
Unknown;0.1614367712645747;0.4615384615384615;0.7337762268665712
Unknown;0.8219435611287774;0.1243386243386243;0.2229321212548628
Unknown;1.0;-0.0222222222222222;-0.0525679098576767
Unknown;0.1341463414634146;0.7692307692307693;1.8257418583505536
Unknown;0.0063598728025439;0.5425531914893617;1.499093052701413
Unknown;0.9364612707745844;0.15;0.1146417319393279
Unknown;0.0842383152336953;-0.3952380952380952;-0.8166420073392323
Unknown;0.0024799504009919;0.5733333333333334;1.623107829354051
Unknown;0.3814323713525729;0.19;0.4862848966228822
Unknown;0.49215015699686;-0.1702898550724637;-0.3995543261992445
Unknown;1.0;-0.0025252525252525;-0.0057618533229488
Unknown;0.0565588688226235;-0.4259259259259259;-0.8718167308777257
Unknown;0.1048779024419511;-0.4456521739130434;-0.8908500930252209
Low;0.7053458930821384;-0.1768707482993197;-0.3494397829412606
Unknown;0.49415011699766;-0.2409090909090909;-0.498918770886453
Unknown;1.0;-0.0300751879699248;-0.0086256564579788
Unknown;1.0;0.0;
Unknown;0.0726385472290554;0.4076923076923077;0.7963313415202565
Unknown;1.0;-0.0496453900709219;0.0135915562860776
Unknown;0.2935941281174376;0.3188775510204081;0.5802484913279066
Unknown;0.3076338473230535;0.1955555555555555;0.6448555907343657
Unknown;0.3893922121557568;0.2727272727272727;0.5044514492717533
Low;1.0;-0.1428571428571428;-0.4295623464921123
Unknown;1.0;0.08;0.1271283452327457
Unknown;0.121957560848783;-0.3098591549295774;-0.6422883915071347
Unknown;0.0026799464010719;0.7572463768115942;1.6013493320364816
Unknown;0.2041559168816623;-0.3404255319148936;-0.6862914681285212
Unknown;1.0;0.0968523002421307;0.050755517571837
Unknown;0.6785464290714186;-0.1403508771929824;-0.2755326928656644
Control;1.0;0.0425531914893617;-0.0094011661699573
Unknown;0.0017999640007199;0.6785714285714286;1.7339268129137793
Unknown;1.0;-0.0222222222222222;-0.0901445310833965
Unknown;0.0337193256134877;0.5777777777777777;1.3667656562995971
Unknown;0.0279194416111677;-0.5471698113207547;-0.9371004930875112
Unknown;0.9595408091838163;-0.0770975056689342;-0.1696557360747605
Control;0.3399209486166007;0.4523809523809524;1.720179174807852
Unknown;0.1044379112417751;-0.4481481481481481;-0.8065001412746972
Low;0.2839143217135657;-0.3259259259259259;-0.6426139834591698
Unknown;0.3322333553328933;-0.1744186046511628;-0.4511412952989091
Unknown;0.8868222635547289;-0.04;-0.1964168564146928
Unknown;1.0;-0.0625;-0.2700308624336608
Unknown;1.0;-0.074074074074074;-0.3079201435678003
Unknown;0.0237595248095038;0.6266666666666667;1.3361014460603768
Low;0.6174276514469711;0.1241134751773049;0.5346600405461027
Unknown;0.4046719065618687;0.2133333333333333;0.6096006096009143
Unknown;0.2939541209175816;0.1702898550724637;0.4408258585503179
Unknown;0.2210755784884302;0.3;0.5598232416179862
Unknown;1.0;0.0188679245283018;0.1062507756991162
Low;0.7790644187116258;0.1631205673758865;0.2869568408284225
Unknown;0.492190156196876;-0.2176870748299319;-0.4569218104523936
Unknown;0.9712605747885042;0.1;0.1393571637253971
Unknown;0.0586388272234555;-0.3209876543209876;-0.7031674369909662
Unknown;1.0;0.0177777777777777;0.1288480338367866
Unknown;0.0456790864182716;-0.4444444444444444;-0.8697184926229041
Unknown;1.0;0.0141414141414141;0.0129207162409945
Unknown;0.1745565088698226;0.4488888888888889;0.8824339662680796
Unknown;0.4641107177856443;0.3108974358974359;0.4527274613203907
Unknown;0.7989840203195936;0.0966666666666666;0.2264711350167276
Unknown;0.494470110597788;0.1699346405228758;0.4013445983647432
Unknown;0.0528789424211515;-0.4897959183673469;-1.019003114292972
Control;0.3177536449271014;-0.2758620689655172;-0.5401497704287753
Unknown;0.0955180896382072;-0.4844961240310077;-0.8699971192981739
Unknown;0.9485010299794004;-0.0833333333333333;-0.2123471784623315
Unknown;0.0013999720005599;-0.7414965986394558;-1.4582438341470365
Unknown;1.0;0.0130718954248366;0.0239125236464406
Unknown;0.4189116217675646;-0.2649350649350649;-0.4096732451993512
Low;1.0;-0.0163398692810457;-0.0990868436805683
Unknown;0.3475930481390372;-0.2777777777777778;-0.4772245501035462
Unknown;0.6810263794724105;-0.1402116402116402;-0.2683334277569341
Unknown;0.6041079178416432;0.1923076923076923;0.4057919875308053
Unknown;0.1953560928781424;-0.3680555555555556;-0.6448110724605879
Unknown;0.0661586768264634;0.4150943396226415;0.9751003890122972
Unknown;1.0;-0.0298507462686567;-0.1830974720495969
Unknown;1.0;-0.0625;-0.2687419249432849
Low;0.5439491210175796;-0.1287128712871287;-0.3992849143710346
Unknown;0.880822383552329;-0.0932835820895522;-0.1099273138790728
Unknown;1.0;0.0;
Unknown;0.1669566608667826;-0.4347826086956521;-0.8700518549179949
Low;0.8200235995280094;0.1428571428571428;0.2502883315826734
Unknown;0.688231148696265;-0.2063492063492063;-0.3853943235806512
Unknown;0.8471030579388412;-0.1319444444444444;-0.268741924943285
Unknown;0.1918761624767504;-0.4533333333333333;-0.7647233910387893
Unknown;0.0941981160376792;-0.3922077922077922;-0.7101141434975198
Unknown;0.8028239435211296;-0.1777777777777777;-0.4802401801501313
Unknown;0.0151996960060798;0.4303571428571429;1.3948351824319276
Unknown;0.7767844643107138;0.1347517730496454;0.2264260043145778
Unknown;1.0;-0.0444444444444444;-0.1482332424606693
Unknown;0.4164716705665887;-0.2407407407407407;-0.4599622479061176
Unknown;0.9169416611667768;-0.0444444444444444;-0.1484414060830406
Unknown;0.1098778024439511;-0.4407407407407407;-0.8594038856799369
Unknown;1.0;-0.048076923076923;-0.138108975856894
Unknown;1.0;-0.0566037735849056;-0.2540242151583042
High;1.0;-0.0405405405405405;-0.2137275889987079
Unknown;0.0194796104077918;0.5592592592592592;1.210191583792294
Unknown;0.9262614747705046;0.1216931216931216;0.1181910103631125
Unknown;0.3630327393452131;0.1701388888888889;0.5742039227726821
Unknown;0.1049179016419671;0.3571428571428571;0.7658216793781619
Unknown;1.0;-0.037037037037037;-0.2049946146189992
Unknown;0.9091418171636568;-0.0718954248366013;-0.2195405433394674
Unknown;0.1735965280694386;-0.3809523809523809;-0.7583373308636308
Unknown;0.0540789184216315;0.5544871794871795;1.0275246654751795
Unknown;1.0;0.0260869565217391;0.0670888854789458
Unknown;0.9037819243615128;0.1231884057971014;0.2439840637853281
Unknown;0.6445071098578028;0.1222222222222222;0.5164413334757174
Control;0.0372792544149117;0.5433673469387755;0.9996722923064548
Unknown;0.0232395352092958;0.572463768115942;1.299517887295525
Unknown;0.0765584688306234;0.4492753623188406;1.04969616730829
Unknown;1.0;-0.048780487804878;-0.2345941101089521
Unknown;0.1595568088638227;-0.3680555555555556;-0.7314228762270927
Unknown;0.6649067018659627;-0.0941176470588235;-0.3255861436870647
Unknown;1.0;-0.1;-0.3464101615137755
Unknown;0.6345873082538349;-0.1702127659574468;-0.3534829735372014
Unknown;0.0076398472030559;0.6014492753623188;1.3866801111721592
Unknown;0.115797684046319;0.2777777777777778;0.830592507650118
Unknown;0.5365092698146037;0.1584415584415584;0.344769898328255
Unknown;0.3577128457430851;-0.2150997150997151;-0.4412831441234917
Unknown;0.2899542009159817;-0.3435374149659864;-0.5876980884699565
Unknown;0.0469190616187676;-0.5181159420289855;-0.9572760348711388
Unknown;0.0649987000259994;0.5432098765432098;0.9525793444156804
Unknown;0.124957500849983;-0.2584269662921348;-0.5540436223241241
Unknown;1.0;-0.0981240981240981;-0.0761032551893053
Unknown;0.5704685906281874;0.1948051948051948;0.278394467614865
Unknown;0.4423911521769564;-0.1470588235294117;-0.4535654670667303
Low;1.0;0.0106382978723404;-0.0757954563394707
Unknown;0.9457010859782804;0.1423611111111111;0.1078829630005257
Unknown;0.4779104417911641;0.2318840579710145;0.4468560603463061
Unknown;0.3243935121297574;-0.2452830188679245;-0.6478067999613831
Unknown;0.0927181456370872;0.362962962962963;0.8259512385489283
Unknown;1.0;-0.0340425531914893;-0.0792522168331493
Unknown;0.6419510721836303;-0.2682926829268293;-0.4376708461780231
Unknown;1.0;0.0;0.0
Unknown;0.9695406091878164;-0.0701754385964912;-0.2956150909981073
Unknown;0.8147897505306223;-0.2678571428571428;-0.6102350035698391
Unknown;0.3814323713525729;-0.2644927536231884;-0.4807372963911845
High;1.0;-0.0833333333333333;-0.1916909148190048
Unknown;0.0062398752024959;-0.6074074074074074;-1.5275252316519468
Unknown;0.2948741025179496;-0.3645833333333333;-0.5570259672329558
Unknown;1.0;0.0;
Low;1.0;-0.0222222222222222;-0.1573133012414231
Medium;1.0;-0.074074074074074;-0.2956474376811127
Unknown;0.1980760384792304;-0.3639455782312925;-0.6893096268546768
Unknown;0.1102777944441111;-0.4347826086956521;-0.8314426111707461
Unknown;0.9197016059678806;-0.1347517730496454;-0.2075769157831421
Unknown;0.6098678026439471;-0.0668202764976958;-0.2885429483221893
Medium;1.0;-0.072463768115942;-0.291407752575098
Unknown;1.0;-0.125;-0.4629100498862757
Unknown;0.0101997960040799;-0.6458333333333334;-1.236212854739111
Unknown;0.1493570128597428;-0.3993055555555556;-0.7284753451575527
Unknown;0.0481990360192796;-0.5148148148148148;-0.986218213283458
Unknown;0.6793864122717546;0.1274509803921568;0.2580018898187197
Unknown;0.114117717645647;-0.3971428571428571;-0.8083059702915882
Control;0.3630327393452131;0.1608695652173913;0.5781245916194923
High;0.0122797544049119;-0.6090909090909091;-1.2717584907533572
Unknown;0.7053058938821224;-0.1475409836065573;-0.4327395938853008
Medium;0.3840323193536129;-0.238095238095238;-0.4917628831530925
Unknown;0.8000239995200096;-0.1153846153846153;-0.2120063820938946
Unknown;1.0;-0.0025974025974025;-0.0072535854796544
Unknown;0.1577568448631027;-0.3645833333333333;-0.7056258662495238
Unknown;0.1562768744625107;-0.2638888888888889;-0.6271712808425037
Unknown;0.0047199056018879;0.6602564102564102;1.4086347889016289
Unknown;0.0188396232075358;0.5333333333333333;1.1123908789583268
Low;0.0474790504189916;-0.4104938271604938;-0.783238727207974
Low;1.0;-0.125;-0.3779644730092272
Medium;0.4079518409631807;-0.2259740259740259;-0.4470194206886465
Medium;0.2884342313153737;0.351063829787234;0.6759896286985788
Unknown;0.7652646947061059;0.1333333333333333;0.3195048252113467
Unknown;0.4895902081958361;-0.2311111111111111;-0.4724995385748947
Unknown;1.0;-0.0533333333333333;-0.1277391108989638
Unknown;1.0;0.0;
Unknown;0.5349493010139797;0.2040816326530612;0.4316363407671242
Unknown;0.4879902401951961;-0.1938775510204081;-0.4007663159086997
Control;0.4343113137737245;0.1666666666666666;0.9309493362512624
Low;0.4547109057818844;-0.2033898305084746;-0.5060003559219731
Unknown;0.8965420691586168;-0.1170212765957446;-0.1622466881012761
Unknown;0.6669066618667626;0.1683673469387755;0.2737352137931191
High;1.0;-0.037037037037037;-0.2032499478734036
Unknown;1.0;0.0315315315315315;0.088901837576607
High;1.0;-0.0833333333333333;-0.1666666666666667
Unknown;0.2375952480950381;-0.2295918367346938;-0.5529997743347808
Unknown;1.0;0.0425531914893617;0.1096413144368512
Unknown;0.1877562448751025;-0.2727272727272727;-0.6065347258738162
Low;0.5853482930341393;-0.2091503267973856;-0.4319220265780694
Unknown;0.4323113537729245;0.2925170068027211;0.4929636533917545
Unknown;0.3373932521349573;-0.29;-0.4982286195219427
Unknown;1.0;-0.04;-0.0735836368185547
Unknown;0.4131117377652447;-0.2;-0.4305145637468129
Unknown;1.0;0.0;
Control;0.2949141017179656;0.3054187192118227;0.5701847691896403
Unknown;0.0353992920141597;-0.4965277777777778;-1.1281507453704662
Unknown;1.0;0.1847826086956521;0.3321819194149599
Unknown;0.882542349153017;0.119047619047619;0.1762386581187672
Unknown;0.113557728845423;0.5198412698412699;0.7526277907761522
Unknown;1.0;-0.0348837209302325;-0.1987633383397808
Unknown;0.8960620787584248;0.1272727272727272;0.2769295518538546
Control;0.377632447351053;-0.2195767195767195;-0.4314362596225365
Unknown;0.0996380072398552;-0.3333333333333333;-0.7400128699009548
Unknown;0.9729005419891602;0.0177777777777777;0.1898315991504998
Unknown;0.2291154176916461;0.3673469387755102;0.5906980760994331
Low;0.6050278994420112;-0.1956521739130435;-0.4800873668057883
Medium;0.1529569408611827;-0.3933333333333333;-0.7414345853342066
Unknown;1.0;0.0031446540880503;0.04900453067024
Unknown;1.0;-0.0232558139534883;-0.1630278291878444
Unknown;0.987340253194936;0.0566666666666666;0.1066227979966367
High;0.4775904481910362;-0.2666666666666666;-0.5968737173968243
Control;0.7842643147137057;0.066358024691358;0.1538865008890493
Unknown;0.1296374072518549;-0.4636363636363636;-0.8041660566593485
Unknown;0.1468370632587348;-0.2992424242424242;-0.6070834938872649
Unknown;1.0;-0.0197044334975369;-0.0716357880213599
Unknown;0.2349553008939821;0.3;0.7480132415430957
Unknown;0.878942421151577;-0.0576441102756892;-0.1559217971665561
Unknown;0.3087138257234855;-0.3173076923076923;-0.5115664298083654
Unknown;0.3165136697266055;-0.3688888888888889;-0.6138704936453371
Unknown;0.0018799624007519;0.6545454545454545;1.7127408306551664
Unknown;0.4424311513769725;0.2585034013605442;0.5185733420897214
Unknown;0.0336793264134717;0.5864197530864198;1.1432316289820157
Unknown;1.0;0.1111111111111111;0.124850029940001
Unknown;0.9723005539889202;0.0545774647887323;0.20378660265886
Unknown;0.6764664706705866;-0.1592592592592592;-0.3678305523196685
Unknown;0.0207595848083038;0.6289308176100629;1.3901654159487724
Unknown;0.0754784904301913;-0.4647435897435897;-0.8576485593005625
Control;0.4930258405112531;0.4137931034482758;0.6765786138281754
Medium;0.0286794264114717;0.3939393939393939;1.1632401327063195
Unknown;0.506709865802684;-0.1984126984126984;-0.3770592450392227
Unknown;0.8592228155436892;-0.0961538461538461;-0.19524643624029
Unknown;0.7010659786804264;0.1309523809523809;0.313822957230424
Unknown;0.240235195296094;-0.2959183673469387;-0.6025738445163697
Unknown;0.6526269474610508;-0.1829268292682926;-0.3291479730825402
Unknown;1.0;-0.0208333333333333;0.0178599906592273
Unknown;0.0957580848383032;-0.3709677419354839;-0.7056805053960176
Unknown;0.8487030259394812;-0.1845238095238095;-0.1042904833875544
Unknown;0.1032779344413111;0.2536945812807882;0.7257954089405528
Control;0.3442731145377092;0.23;0.7444821549553432
Unknown;0.0211995760084798;0.5733333333333334;1.362010449213998
Unknown;0.4309913801723966;-0.3550724637681159;-0.4138226281135058
Unknown;0.6030279394412111;-0.1923076923076923;-0.4845499301296357
Low;0.9519009619807604;0.0947368421052631;0.289885151067999
Unknown;0.6196276074478511;0.0723270440251572;0.3236222297248315
Unknown;0.5537489250214995;-0.2198581560283688;-0.4363016334811747
Unknown;7.999840003199936e-05;0.8055555555555556;2.9760183100385955
Unknown;0.9327813443731126;0.0665024630541872;0.1240334258124707
Unknown;0.1959560808783824;0.3537414965986394;0.7139591428685828
Unknown;0.0004799904001919;0.6938775510204082;1.7910265197067432
Unknown;0.0787984240315193;-0.4633333333333333;-0.896285144691496
Unknown;0.0551188976220475;0.3756613756613756;0.9965763076879428
Unknown;0.3583128337433251;-0.3022222222222222;-0.5825752650035353
Low;0.0026399472010559;0.6547619047619048;1.256350279886907
Unknown;0.495830083398332;-0.3111111111111111;-0.6596856715021066
Medium;0.2589948201035979;-0.4222222222222222;-0.8736405801288442
Unknown;0.0037199256014879;-0.6923076923076923;-1.4496397143619175
Low;0.8051838963220735;0.0813953488372093;0.1924354151261916
Unknown;0.1996360072798544;0.1666666666666666;1.4023789311975086
Unknown;0.0559188816223675;0.4923469387755102;0.9227933371432314
Unknown;0.4720705585888282;-0.21;-0.4076197322920544
Unknown;0.3458330833383332;0.2280701754385964;0.4744156809509627
Unknown;0.0600787984240315;-0.4782608695652174;-0.9377289656890898
Unknown;0.9135817283654328;0.1866666666666666;0.172132593164774
Unknown;0.3575928481430371;0.2666666666666666;0.7302967433402215
Unknown;0.5627887442251155;0.291005291005291;0.3216377415064141
Low;0.623227535449291;0.0977777777777777;0.4147806778921701
Unknown;0.119917601647967;-0.4290780141843971;-0.8032543246044632
Unknown;0.2099958000839983;-0.2801418439716312;-0.6520676944883282
Unknown;0.377112457750845;0.3045454545454545;0.6486945192931445
Unknown;1.0;0.0432098765432098;-0.0533760512683623
Unknown;0.8251434971300574;0.1462585034013605;0.1727195855168404
Control;0.0291594168116637;0.4871794871794871;1.1395163309760696
Unknown;0.0010799784004319;-0.6269230769230769;-1.8102614225299272
Unknown;0.9459410811783764;0.1022222222222222;0.2185766375805953
Medium;0.8257034859302814;-0.1458333333333333;-0.4300690056182797
Unknown;0.2679546409071818;0.2617960426179604;0.5009101075466961
Unknown;1.0;-0.0666666666666666;-0.2760262237369417
Medium;1.0;-0.0392156862745098;-0.20980373457786
Unknown;0.1441971160576788;0.3761904761904762;0.7047155615873866
Unknown;0.8448231035379292;-0.1428571428571428;-0.4245846309554049
Unknown;0.7595448091038179;0.1746031746031746;0.207074524172666
High;0.2924741505169896;-0.2539682539682539;-0.5861249095727843
Unknown;0.2267554648907022;0.3090909090909091;0.6457765999379484
Unknown;0.115437691246175;-0.3535108958837772;-0.7584842697106583
Control;0.0089998200035999;0.5138888888888888;1.19271152845162
Unknown;0.3533129337413251;0.3429487179487179;0.5112369347120016
Unknown;0.6718665626687467;0.1666666666666666;0.259291499786736
Unknown;0.376952460950781;-0.2753623188405797;-0.5360562674188974
Unknown;0.2332353352932941;-0.32;-0.6609492662710729
Unknown;1.0;-0.125;-0.1245145612729381
Unknown;0.0061598768024639;0.6155844155844156;1.3176310919580505
Unknown;0.8347833043339133;-0.0396825396825396;-0.1345777136650296
Unknown;1.0;0.0994897959183673;0.0926123796713562
Unknown;0.0072398552028959;-0.6914893617021277;-1.2368326650489283
Unknown;0.126157476850463;0.4666666666666667;0.9838197164968292
Unknown;0.6999860002799944;-0.2444444444444444;-0.5562958031264765
Unknown;0.246915061698766;0.3865248226950354;0.6424684229405563
Unknown;0.1074378512429751;0.4333333333333333;0.8826580879804785
Unknown;1.0;0.0523809523809523;0.1210958527004997
Unknown;0.9715805683886324;-0.0957446808510638;-0.2446946651924281
Unknown;0.4825903481930361;0.2962962962962963;0.4021083902566862
Unknown;0.875142497150057;0.1312056737588652;0.1526029856617381
Unknown;0.9037019259614808;-0.0649350649350649;-0.1996157042403911
Unknown;1.0;0.0170068027210884;-0.005603643476625
Control;0.937984496124031;-0.1666666666666666;-0.3634617650937989
Unknown;0.616227675446491;-0.1631205673758865;-0.3389596097196192
Unknown;0.095137420718816;-0.8095238095238095;-1.636564679150991
Control;0.1670366592668146;0.2553191489361702;0.7899682341190355
High;0.0557988840223195;0.5130434782608696;1.5038348447817695
Unknown;0.0183596328073438;0.5263157894736842;1.0993529906498103
Unknown;0.0526133209990749;-0.7333333333333333;-1.417316312513111
Unknown;0.0548789024219515;0.4964539007092198;1.0662710448059802
Unknown;0.4845103097938041;0.2898550724637681;0.4074638288449116
Unknown;0.8471030579388412;0.130718954248366;0.1592574027565487
Unknown;0.9435811283774324;-0.1041666666666666;-0.2085004680038833
Unknown;0.7599048019039619;0.1688888888888889;0.3176490215645263
Unknown;0.5483890322193556;0.1446540880503144;0.4101077212280329
Unknown;0.8475030499390013;0.1063829787234042;0.201157632907589
Unknown;1.0;-0.1612903225806451;-0.4455459193541129
Control;0.6933861322773545;-0.1320754716981132;-0.3062676313813168
