Dosage;p-value;Cliff's Delta;Cohen's D
Low;0.0014799704005919;0.5575221238938053;0.974544038617812
Medium;0.7800643987120257;-0.1041666666666666;-0.1171277205373569
Unknown;0.2681146377072458;-0.2452830188679245;-0.4833981836105882
Unknown;0.0047999040019199;0.8333333333333334;1.4067081496493434
Control;0.123037539249215;-0.3364632237871675;-0.5269110372993793
Medium;0.0009199816003679;0.7533333333333333;1.5622174155158568
Medium;0.758704825903482;0.2027649769585253;0.0950039291668293
Unknown;0.499670006599868;0.191358024691358;0.2916016212248205
Control;0.0495990080198396;0.3950617283950617;0.6980153262950474
Control;0.0681186376272474;-0.3842364532019704;-0.7123181303310245
Unknown;0.0307993840123197;0.4461538461538462;0.7418269306928804
High;0.0794784104317913;-0.3653846153846153;-0.7280890609084232
Unknown;0.8539429211415772;0.050314465408805;0.0617239935556764
Low;0.0139997200055998;0.6177777777777778;1.1223248465371556
Unknown;0.0596388072238555;0.5;0.7946524323123482
Unknown;0.0129197416051678;-0.6111111111111112;-1.1593144323758913
Unknown;0.0009199816003679;0.7753623188405797;1.3175361357470476
Unknown;0.1922361552768944;0.3777777777777777;0.617231387238257
Unknown;0.6609867802643947;0.0426065162907268;0.1893805909101896
Unknown;0.5701885962280754;-0.0204081632653061;0.2630599969557059
Unknown;0.0579188416231675;0.4444444444444444;0.7887930321489548
Unknown;0.1104377912441751;0.2976190476190476;0.5283857073244732
Low;0.2837943241135177;0.4239766081871345;0.3849995022715021
Control;0.0387992240155196;0.4506172839506173;0.9143262734459592
Unknown;0.0178796424071518;-0.624113475177305;-1.0751305044136603
Unknown;0.6072678546429071;-0.144927536231884;-0.2182683179367744
Unknown;0.0373192536149277;0.6148148148148148;0.941268072658034
Unknown;0.2185956280874382;0.2711111111111111;0.5816027418737046
Unknown;0.1132377352452951;0.3717948717948718;0.6968466265703926
Unknown;0.9772604547909042;-0.0432098765432098;0.0228826665471052
Medium;0.0003199936001279;-0.7303703703703703;-1.348569333842593
Low;0.9050618987620248;-0.0151515151515151;-0.0541259782777669
Unknown;0.1078778424431511;0.3884711779448621;0.6419175102550685
Unknown;0.2803943921121578;-0.242063492063492;-0.4055065536250533
Unknown;0.0637587248255034;-0.4625850340136054;-0.8139967876774445
Unknown;0.0004799904001919;0.6006600660066007;1.1232623171680034
Unknown;0.0684786304273914;0.3580246913580246;0.6433711476678932
Control;0.0397992040159196;0.3292929292929293;0.7468975071361874
Control;0.0018399632007359;0.6962962962962963;1.5768888514300177
Medium;0.9216215675686488;-0.05859375;-0.0341347833185463
Unknown;0.977980440391192;-0.0044444444444444;-0.0042076096788348
Unknown;0.0041199176016479;0.6910569105691057;1.315221736641391
Unknown;0.238035239295214;-0.2622222222222222;-0.5694018948887327
Control;0.0079198416031679;-0.654320987654321;-1.1225376239157157
Unknown;0.5610287794244115;0.1069182389937107;0.2613468958907817
Unknown;0.493710125797484;-0.0217391304347826;-0.2911426575063848
High;0.250234995300094;0.3866666666666666;0.5544048116274658
Unknown;0.2949541009179816;-0.3756613756613756;-0.4271176050100609
Control;0.4213915721685566;0.2551020408163265;0.3238910955633916
Control;0.0002799944001119;-0.7922077922077922;-1.4298880525075577
High;0.0289994200115997;-0.6180555555555556;-1.0066401087866843
Unknown;0.243315133697326;0.3478260869565217;0.5175295537315009
Unknown;0.0205995880082398;0.5694444444444444;0.9906554852706302
Unknown;0.0248395032099358;-0.6462585034013606;-1.012958665992854
Unknown;0.1059578808423831;0.3809523809523809;0.6465176045694767
Unknown;0.6955460890782185;-0.2103896103896103;-0.1443522141042701
Unknown;0.5776284474310514;-0.1388888888888889;-0.2080442036186082
Unknown;0.0313193736125277;0.3884297520661157;0.6649597059265767
Unknown;0.118037639247215;-0.3888888888888889;-0.6978505230744811
Unknown;0.0247995040099198;0.5108958837772397;0.9076787392187328
Unknown;0.6374272514549709;0.1571428571428571;0.1928969405693778
Unknown;0.378232435351293;0.1833333333333333;0.3001445421153089
Unknown;0.502789944201116;-0.2066666666666666;-0.2933117771569386
Control;0.2749945001099978;0.282051282051282;0.4729730317459567
Unknown;0.0016799664006719;0.589041095890411;1.1314718928942404
Control;0.9576608467830644;-0.0238095238095238;0.0122009295529829
Unknown;0.1995560088798224;0.389937106918239;0.5392542650179961
Medium;0.1035179296414071;-0.3986928104575163;-0.7083654297943713
Unknown;0.3827523449531009;-0.2466666666666666;-0.3845121994448107
Unknown;0.993340133197336;-0.0666666666666666;0.0262955517818904
Unknown;0.3854322913541729;0.1768707482993197;0.3819569610760699
Unknown;0.1713965720685586;0.3111111111111111;0.6039171594136147
Unknown;0.2367152656946861;0.2248677248677248;0.3358777229244016
Low;0.7238255234895302;0.1014492753623188;0.1303350387026705
Unknown;0.2068358632827343;0.2916666666666667;0.5594065431084561
Unknown;0.9812603747925042;-0.0208333333333333;-0.0134461387533938
Unknown;0.1856762864742705;0.2062852538275584;0.337729126282459
Unknown;0.7294654106917862;-0.0466666666666666;-0.1432540364419179
Unknown;0.5300293994120118;-0.1627906976744186;-0.2707804057791695
Unknown;0.0010799784004319;-0.8333333333333334;-1.417751635992239
Unknown;0.5507889842203156;-0.1363636363636363;-0.2722098444633185
Unknown;0.7993840123197536;0.0709219858156028;0.1031363612160188
Unknown;0.2180356392872142;0.2412177985948477;0.4972076234090657
Unknown;0.3188336233275334;0.2518518518518518;0.4389797910353313
Control;0.7193856122877542;-0.0379746835443038;-0.1366765193484441
Unknown;0.0030799384012319;0.6551724137931034;1.1800215999299672
Unknown;0.0755184896302074;-0.4654088050314465;-0.8331621157793333
Unknown;0.7143857122857543;0.1333333333333333;0.1701976513408915
Unknown;0.8608227835443291;0.0093023255813953;-0.0590478269410844
Unknown;0.0035363118854579;0.8;1.5454227834611656
Unknown;0.6996260074798504;-0.0119047619047619;-0.1494122144271067
Low;3.999920001599968e-05;0.8076923076923077;2.177736073651988
Unknown;0.2384752304953901;0.2653061224489796;0.513189774916274
Unknown;0.9525409491810164;-0.0136054421768707;-0.0336796625374778
Unknown;0.3913921721565568;0.2152777777777778;0.3757170509117914
Unknown;0.0625187496250075;0.4166666666666667;0.7845954549484991
Control;0.0032799344013119;-0.5919117647058824;-1.1102852386135185
Unknown;0.6195076098478031;-0.1377777777777777;-0.244901497587396
Unknown;0.116157676846463;0.3209876543209876;0.560122668680873
Unknown;0.0211995760084798;0.4796061884669479;0.8390609195987196
Unknown;0.0841983160336793;0.4074074074074074;0.6799389269523469
Unknown;0.7597048059038819;0.0457516339869281;0.1416854489238154
Unknown;0.0108397832043359;0.4969135802469135;0.895314645275311
Unknown;0.1443171136577268;0.3230769230769231;0.5465901861596005
Unknown;0.7700245995080098;0.0167224080267558;0.0903121992648651
Unknown;3.999920001599968e-05;0.7422839506172839;1.4274267144444133
Unknown;0.5949081018379633;0.1703703703703703;0.2338230300399865
Unknown;0.4753104937901242;-0.1156462585034013;-0.3106881275476754
Unknown;0.120757584848303;-0.2266666666666666;-0.7278737911900575
Low;0.3875522489550209;0.3398692810457516;0.2620690284649721
Unknown;0.3126737465250695;0.1875;0.3219696552405984
Unknown;3.999920001599968e-05;0.8091168091168092;1.5002269070626757
Unknown;0.0925981480370392;0.3849878934624697;0.6744780066579183
Unknown;0.0223995520089598;0.5849056603773585;1.004287276318438
Unknown;0.0688786224275514;0.3240506329113924;0.6031918651042553
Unknown;0.2122757544849103;-0.3397435897435897;-0.5511852843711907
Low;0.3775524489510209;-0.1319444444444444;-0.3928464359943069
Unknown;0.4362712745745085;0.18;0.3468691212774575
Unknown;0.0772784544309113;-0.4814814814814814;-0.8093756148601318
Unknown;0.3119537609247815;0.2592592592592592;0.4477891716432181
Unknown;0.0303593928121437;0.4423076923076923;0.8152262499246861
Unknown;0.4497910041799164;0.122077922077922;0.3114662683603018
Unknown;0.374752504949901;0.1382978723404255;0.2969344295962844
Unknown;0.2077958440831183;-0.3333333333333333;-0.5991572970691355
Unknown;0.2309553808923821;0.2280701754385964;0.4476072509642857
Unknown;0.3831923361532769;-0.2484848484848484;-0.4224362607271138
Unknown;0.2588348233035339;-0.2074074074074074;-0.5013470751504517
High;0.121797564048719;-0.3155555555555555;-0.7300239242102279
Unknown;0.1790364192716145;0.3768115942028985;0.5926679989572586
Unknown;0.0017199656006879;0.7402597402597403;1.3269928765899996
Unknown;0.0246395072098558;-0.562962962962963;-1.024845086418858
Unknown;0.377072458550829;0.2291666666666666;0.3904690267518229
Unknown;0.254034919301614;-0.36;-0.545833490158283
Low;0.6971060578788424;-0.1304347826086956;-0.1632317132122386
Unknown;0.9071818563628729;-0.0476190476190476;-0.0404767251344481
Unknown;0.2317953640927181;0.2415584415584415;0.484171593205068
Unknown;0.2121157576848463;-0.2831168831168831;-0.5108987713883852
Unknown;0.6479470410591788;0.1521739130434782;0.2113010393922497
Unknown;0.2089158216835663;0.38;0.545284697425784
Unknown;0.6043879122417551;-0.1185185185185185;-0.2171706383185196
Control;0.7117857642847143;0.0317460317460317;0.1392966933626623
Control;0.0650386992260154;-0.4276729559748428;-0.5128887175547281
Unknown;0.752384952300954;0.0588235294117647;0.1447216274435574
Unknown;0.4583508329833403;-0.25;-0.3508080477601013
Unknown;0.9169016619667608;0.050314465408805;-0.0314153683059046
Unknown;0.1110377792444151;0.4320987654320987;0.6941107286861767
Medium;0.9705005899882002;0.1952861952861952;0.0019364157140084
Unknown;0.2130757384852303;-0.3262411347517731;-0.5384906301953938
Unknown;0.3841123177536449;0.2013888888888889;0.3265254804001489
Unknown;0.9178616427671448;-0.0074074074074074;0.0534992703453083
Unknown;0.0306793864122717;0.4030612244897959;0.8654105023796627
Control;0.987180256394872;0.1092436974789916;0.0204928878809417
Unknown;0.3904321913561728;-0.1949685534591195;-0.3703611478947376
Unknown;0.0221995560088798;0.564625850340136;1.0024751913861356
Unknown;0.0121997560048799;0.5333333333333333;1.307575407901345
Unknown;0.367792644147117;0.196078431372549;0.3902053263557524
Unknown;0.6551068978620428;0.0669330669330669;0.1503246045215623
Unknown;0.5349493010139797;-0.2619047619047619;-0.273697567351311
Unknown;0.0041199176016479;0.4288025889967637;0.8856469117054372
Unknown;0.123197536049279;0.4222222222222222;0.7103143973600495
Unknown;0.4212315753684926;0.2103896103896103;0.331598465913855
Unknown;0.6764264714705706;-0.2156862745098039;-0.169782819995988
Unknown;0.2279554408911821;-0.3244444444444444;-0.5916073495866285
Low;0.1511569768604627;-0.3402777777777778;-0.6227699790333304
Unknown;0.7827843443131137;0.1045751633986928;0.118939009216962
Unknown;0.0393192136157276;0.7244444444444444;1.1139398781318686
Medium;0.0389592208155836;-0.4216417910447761;-0.747184654440843
Unknown;0.121037579248415;0.3826530612244898;0.6245626773391729
Unknown;3.999920001599968e-05;0.8977272727272727;1.896333738072012
Unknown;0.5064298714025719;0.1719939117199391;0.2382013581589487
Unknown;0.6073078538429232;0.0636363636363636;0.1767871058505418
Unknown;0.0541589168216635;-0.5111111111111111;-0.939629769162402
Unknown;0.5834683306333873;0.0694444444444444;0.2365908983701709
Low;0.0025199496010079;-0.6610169491525424;-1.1218248473408217
Unknown;3.999920001599968e-05;0.9251700680272108;1.9662559209778487
Unknown;0.0002799944001119;0.8466666666666667;1.5058970835584355
Unknown;0.2936741265174696;-0.2933333333333333;-0.4612342629727164
Unknown;0.6142677146457071;0.0897435897435897;0.2267092409626941
High;0.0015199696006079;-0.6615384615384615;-1.000700776195439
Unknown;0.0827983440331193;0.5022222222222222;0.8274929910866996
Unknown;0.984180316393672;0.0133333333333333;-0.0082235385140312
Low;0.6955060898782024;0.2095238095238095;0.1474914069683147
Unknown;0.9305813883722326;0.0341463414634146;0.0277526599117615
Low;3.999920001599968e-05;0.9178082191780822;3.371966648651966
High;0.0011599768004639;0.5777777777777777;1.3329720755394745
Unknown;0.6746665066698666;0.2;0.1821516614679439
Control;0.0023999520009599;-0.6904761904761905;-1.0480471785196712
Unknown;0.3897522049559009;0.1295911295911296;0.2537983231394359
Unknown;0.0001199976000479;-0.8503401360544217;-1.8050057845553529
Unknown;0.8128637427251455;-0.0545454545454545;-0.087661913991488
Unknown;0.2656346873062539;0.2444444444444444;0.5345865785323594
Unknown;0.4597108057838843;0.1555555555555555;0.3224584594360603
Medium;0.0024399512009759;-0.7407407407407407;-1.3481734611868768
Unknown;0.7316653666926661;0.0795454545454545;0.1328309995708308
Medium;0.0709985800283994;-0.5408805031446541;-0.8077303817028234
Unknown;0.0238395232095358;0.5620915032679739;0.9901780984251324
Unknown;0.0038399232015359;0.6137566137566137;1.1718502080066084
Unknown;0.4537909241815163;-0.1597222222222222;-0.3332063455367363
Unknown;0.0483190336193276;0.3922077922077922;0.8343032327630323
Control;0.1355172896542069;-0.4074074074074074;-0.699214616883762
Unknown;0.7693046139077219;-0.0340136054421768;-0.115491789161658
Unknown;0.0670386592268154;0.46;0.7823419504255058
Unknown;0.3639127217455651;0.3401360544217687;0.3993798065520122
Unknown;0.7789844203115938;-0.0555555555555555;-0.1214736248835086
Unknown;0.0251594968100637;0.4782608695652174;1.0099700400668996
Low;0.0105597888042239;-0.6666666666666666;-1.1712861244486086
Unknown;0.0812783744325113;0.362962962962963;0.7934981365215937
Unknown;0.2388752224955501;-0.2978723404255319;-0.5265224755623553
Unknown;0.4761104777904442;0.1529850746268656;0.2692480762064643
Unknown;0.6321873562528749;0.112781954887218;0.1977416466661771
Low;0.3621927561448771;0.2;0.33869766699325
Unknown;0.0037599248015039;0.5581395348837209;0.946859361100198
Unknown;0.0089598208035839;0.6428571428571429;1.0615946237989082
Low;0.0016399672006559;-0.7925925925925926;-1.071525382587577
Unknown;0.6007479850402992;-0.1481481481481481;-0.2306888862982398
Control;0.2230355392892142;-0.0946969696969697;-0.4484478627943206
Unknown;0.8300233995320093;-0.0754716981132075;-0.0884342859323361
Unknown;0.986260274794504;-0.0653846153846153;-0.0031618790896857
Unknown;0.0421991560168796;-0.5822222222222222;-1.0837963026947317
Unknown;0.7188656226875463;0.0617283950617283;0.1617114562517232
Low;3.999920001599968e-05;-0.772005772005772;-1.214399073441603
Unknown;0.987660246795064;-0.0217391304347826;0.0303453879038187
Unknown;0.6099878002439951;-0.0666666666666666;-0.2215837380301317
Unknown;0.1856362872742545;0.3399014778325123;0.5376693760379344
Unknown;0.501509969800604;-0.0776942355889724;-0.2686994637722163
Control;0.9025419491610168;0.0075757575757575;-0.0524096844169417
Unknown;0.1656766864662706;0.3472222222222222;0.6067393893503691
Medium;0.1773964520709585;-0.3533333333333333;-0.5869053631876492
Unknown;0.0305193896122077;0.5111111111111111;1.0614546088430925
Unknown;0.0643187136257274;-0.5072463768115942;-0.8451159384604762
Unknown;0.5621887562248755;-0.1555555555555555;-0.2709569068126742
Medium;0.3421931561368773;-0.2959183673469387;-0.3831584604956897
Unknown;0.5017499650007;-0.1297157622739018;-0.1865807694108288
Unknown;0.8395032099358013;0.08;0.1013241782986145
Unknown;0.2826343473130537;-0.1985815602836879;-0.4763312896081076
Unknown;0.2562748745025099;0.2214285714285714;0.3852741177839668
Control;0.4785904281914361;0.1428571428571428;0.2882524221881501
Unknown;0.8148637027259454;0.0296296296296296;0.1104734677364221
Control;0.5649487010259795;-0.1479750778816199;-0.1766824202658052
Medium;0.0026799464010719;0.3964334705075445;1.3363945764555674
Unknown;0.1011579768404632;0.3617977528089887;0.5599960001445131
Unknown;0.0405191896162076;-0.4128787878787879;-0.7436019233841867
Unknown;0.3348733025339493;0.23046875;0.3645759820451922
Unknown;0.0127997440051198;0.5666666666666667;1.2077797306815103
High;3.999920001599968e-05;-0.9281045751633988;-1.9303898564458275
Low;0.7719045619087618;-0.0408163265306122;-0.1295806110764658
Unknown;0.0112397752044959;-0.6148148148148148;-1.254170340273861
Low;0.0019999600007999;-0.7210884353741497;-1.1997839296214154
Unknown;0.0052398952020959;-0.5902777777777778;-1.3070741451078545
Unknown;0.0195596088078238;0.6;1.177774474536261
Unknown;0.4261914761704766;0.1871921182266009;0.3230962758623685
Unknown;0.1909161816763664;-0.3888888888888889;-0.5817024226485665
High;0.5141497170056599;0.1629629629629629;0.2857097907433862
Unknown;0.0406391872162556;0.3955056179775281;0.6883157955981143
Unknown;0.1726365472690546;0.2711111111111111;0.6623400121771903
Unknown;0.9718205635887284;0.0666666666666666;-0.0448690772431977
Unknown;0.0064798704025919;0.5668073136427567;0.9434880770889028
Unknown;0.6402449542867;0.2166666666666666;0.24723636167269
Unknown;0.0833983320333593;0.3656174334140435;0.6936819721153417
Unknown;0.9336213275734484;0.0;0.0341484707071078
Unknown;0.2242755144897102;0.3191489361702128;0.5285493941265396
High;0.0934781304373912;0.4523809523809524;0.6740881555397343
Unknown;0.0885982280354392;-0.3464052287581699;-0.7450200618445616
Medium;0.4353912921741565;0.123015873015873;0.2971426211945452
Control;0.1271174576508469;0.5291005291005291;0.6210984997303018
Unknown;0.4523109537809244;0.226950354609929;0.3266732582180529
Unknown;0.3525129497410051;-0.2592592592592592;-0.4129522585240303
Unknown;0.0058398832023359;0.6089743589743589;1.2139144114234712
Unknown;0.0093198136037279;0.7333333333333333;1.2587352088273152
Unknown;0.75462490750185;0.074074074074074;0.1418907604391967
Unknown;0.2385152296954061;0.2908163265306122;0.4728251421449936
Control;0.6900661986760265;-0.1293759512937595;-0.1458544013826358
Unknown;0.1044379112417751;-0.4184397163120567;-0.7495034149067535
Unknown;0.4569508609827803;0.1911111111111111;0.3664909714901848
Unknown;0.2885542289154217;-0.238095238095238;-0.4686982095210664
Unknown;0.2069958600827983;0.3071895424836601;0.5514368437455927
Unknown;0.3459930801383972;0.21484375;0.3558141032049152
Medium;0.0321993560128797;0.25;0.8598853843568275
Unknown;0.3612727745445091;0.1527777777777778;0.279965234722557
Unknown;0.2945941081178376;-0.2731829573934837;-0.4251430952371986
Unknown;0.2856742865142697;0.2361111111111111;0.4547153230854475
Control;0.9375012499750004;0.2127659574468085;-0.0743695039841393
Unknown;0.9187016259674806;-0.0222222222222222;-0.0292210057356782
Unknown;0.2021559568808623;0.26;0.5688422575612988
Unknown;0.1099978000439991;0.3773584905660377;0.6869704156778783
Unknown;0.1571568568628627;0.3703703703703703;0.6251086066555379
Unknown;0.8843023139537209;0.04;0.0695828135531874
Unknown;0.8905821883562329;-0.0752941176470588;-0.0453784976610682
Unknown;0.0767984640307193;-0.3367003367003367;-0.5485352834275423
Medium;0.0445991080178396;0.344294003868472;0.6598654835663156
High;0.0373992520149597;-0.5051020408163265;-0.8006796785481732
Unknown;0.4253114937701246;0.1555555555555555;0.3861234060229496
Unknown;0.7883842323153537;0.0619047619047619;0.109824106948513
Unknown;0.0177996440071198;0.5632183908045977;1.028348265978545
Unknown;0.3436331273374532;0.2030075187969924;0.3839718680693601
Unknown;0.753104937901242;-0.1296296296296296;-0.1303863053494378
Unknown;0.6395072098558029;-0.074074074074074;-0.2119976904157592
Unknown;0.2767544649107017;-0.2789115646258503;-0.4826792072835173
Unknown;0.0476790464190716;-0.4893617021276595;-0.9107971576421215
Control;0.5680686386272275;0.05;0.2136850335893714
Unknown;3.999920001599968e-05;0.9432624113475178;1.6920196331490562
Unknown;0.502589948201036;0.1666666666666666;0.2770888584436815
Medium;0.6485470290594189;-0.0681818181818181;-0.2248708706178186
Unknown;0.1854362912741745;-0.4347826086956521;-0.5967729165216409
High;0.6701465970680587;0.0289855072463768;0.1708269476086296
Unknown;0.5701485970280594;0.1296296296296296;0.2528623090358317
Unknown;0.0543189136217275;-0.5777777777777777;-0.9061459483343324
Unknown;0.0098798024039519;-0.6540880503144654;-1.1555487083882643
Unknown;0.3248335033299334;0.198019801980198;0.3043285831671182
Unknown;0.251954960900782;-0.3454545454545454;-0.54173660783764
Unknown;0.7218655626887462;0.1063829787234042;0.1547363978758243
Low;0.0623587528249435;0.52;0.8810768999455187
Unknown;0.1039579208415831;-0.5037037037037037;-0.7337772375663146
Unknown;0.0007599848003039;0.7866666666666666;1.4484212950495154
Unknown;0.0834383312333753;-0.4097222222222222;-0.7623839923676244
Unknown;0.0257194856102877;0.5056689342403629;0.8834104265033274
Unknown;0.5391092178156437;0.1383647798742138;0.2742398946739298
Unknown;0.123437531249375;0.3580246913580246;0.6584044371698206
Control;0.0138797224055518;-0.45;-0.8527835692478397
Unknown;0.6653866922661547;0.04;0.2132274191901212
Unknown;0.0077198456030879;0.5517241379310345;1.0591294979541523
Unknown;0.0233995320093598;0.5694444444444444;1.0068383579371456
Unknown;0.0367192656146877;0.5;0.8889758952053609
Unknown;0.1859162816743665;0.3333333333333333;0.5896104500700595
Unknown;0.0763984720305593;0.5022222222222222;0.8574058898622806
Medium;0.0001999960000799;-0.8910256410256411;-1.6204826215220658
Unknown;0.2233555328893422;0.2916666666666667;0.540996556197685
Low;3.999920001599968e-05;0.873015873015873;2.5113422575397384
Unknown;0.2073158536829263;0.3399014778325123;0.5222410385648473
Unknown;0.0056398872022559;0.6346153846153846;1.0991604551414853
Unknown;0.0520789584208315;0.4608294930875576;0.7863950053017972
Unknown;0.3836723265534689;-0.2222222222222222;-0.3815144409822691
Unknown;0.0942781144377112;0.4444444444444444;0.7459338387273184
Unknown;0.2757944841103178;-0.3422222222222222;-0.5275384956799838
Unknown;0.1951560968780624;0.2681704260651629;0.5186401332861902
Unknown;0.9603407931841365;-0.037037037037037;-0.0213879594337188
Unknown;0.0205195896082078;-0.624113475177305;-1.106998541409633
Unknown;0.1067578648427031;0.4117647058823529;0.699188966097986
Unknown;0.2315153696926061;0.3422222222222222;0.5719766087917669
Unknown;0.0170396592068158;0.5851851851851851;1.0538812609359092
Unknown;7.999840003199936e-05;0.9166666666666666;1.9223532808866304
Unknown;0.8526229475410492;-0.078125;-0.0586707407532763
Low;0.0108397832043359;-0.5960591133004927;-1.0124010064600473
Unknown;0.2807143857122857;0.2916666666666667;0.471845764208867
Unknown;0.8891022179556409;-0.0933333333333333;-0.0502640731279611
Unknown;0.3989920201595968;-0.3511111111111111;-0.3986778115066565
Unknown;0.8994620107597848;0.150735294117647;0.0507787348559185
Unknown;0.0341993160136797;-0.4516129032258064;-0.8499821412960544
Low;0.0219995600087998;0.6;1.0467003104791972
Unknown;0.0299994000119997;0.4755555555555555;1.042422002002338
Unknown;0.3637927241455171;-0.2355555555555555;-0.444675592915521
Unknown;0.7169056618867623;0.0340136054421768;0.1552837958134952
Unknown;0.0053998920021599;0.6051948051948052;1.1433859033445104
Unknown;0.3184736305273895;0.181159420289855;0.4450617791244425
Unknown;0.7669046619067619;0.0666666666666666;0.1114524743447739
Unknown;0.120157596848063;-0.4133333333333333;-0.7572880011110694
Unknown;0.9511809763804724;0.0217391304347826;0.0274282974746306
Unknown;0.0313593728125437;0.4420289855072464;0.98014518013981
Control;0.3446731065378692;-0.1875;-0.3014735720332295
Unknown;0.5742685146297074;-0.3768115942028985;-0.2856236839345955
Unknown;0.9509409811803764;-0.0261437908496732;-0.0185453123645867
Unknown;0.0460790784184316;0.5377777777777778;0.8822276189261755
Unknown;0.0740785184296314;0.4222222222222222;0.7734535386619649
Unknown;0.0269594608107837;0.5333333333333333;0.930452086882163
Unknown;0.0325593488130237;0.4822695035460992;0.9066267155848684
Unknown;0.0040106951871657;0.8709677419354839;1.9417076152305164
Unknown;0.6281874362512749;-0.1527777777777778;-0.2059451849758556
Unknown;0.0785184296314073;0.3988095238095238;0.7102337455850268
Medium;0.2595548089038219;0.5471698113207547;0.5019073811195714
Unknown;0.0145997080058398;0.4574712643678161;0.8194707447836694
Unknown;0.0787184256314873;0.4387755102040816;0.720173131234886
Unknown;0.122197556048879;-0.4311111111111111;-0.7620808378997028
Unknown;0.1552368952620947;0.2608695652173913;0.6189701179306589
Unknown;0.1458370832583348;0.3047619047619048;0.513820616630982
Unknown;0.2960740785184296;0.2152777777777778;0.4566752751104538
Low;0.7681446371072579;0.0599078341013824;0.0838849718726976
Unknown;0.2575548489030219;-0.3125;-0.4996450724531008
Unknown;0.9312613747725046;-0.0529100529100529;-0.0253738189421105
Unknown;0.3566328673426531;0.1836734693877551;0.3748564003629028
Unknown;0.241715165696686;0.2391304347826087;0.3790461523916389
High;0.114237715245695;0.4488888888888889;0.763932079602541
Unknown;0.2169156616867662;0.3546099290780142;0.5374325144301165
Control;0.0014799704005919;-0.671957671957672;-1.0180941588594743
Unknown;0.3011939761204776;-0.2340425531914893;-0.4645095531720131
Medium;0.121557568848623;0.419753086419753;0.6772785843043256
Unknown;0.7520249595008099;-0.1164021164021164;-0.1242663422192132
Unknown;0.8363636363636363;0.0;0.2454082409723061
Low;0.0205195896082078;-0.3974025974025974;-0.8046597426014469
Unknown;0.7961440771184576;0.0;0.1259064329660095
Low;0.0435191296174076;0.4642857142857143;0.8393160172548442
Unknown;0.5843883122337553;0.1045751633986928;0.2495446469898493
Unknown;0.0783584328313433;0.4679487179487179;0.7532444918451985
Unknown;0.3403931921361572;0.2536231884057971;0.4188210836000303
Unknown;0.0099598008039839;-0.6524822695035462;-1.146021982451527
Unknown;0.5331493370132597;0.0567375886524822;0.2832441398822434
Unknown;0.1636367272654547;0.3985507246376811;0.6032764554355198
Unknown;0.8954620907581848;0.04;0.0697292925040239
Control;7.999840003199936e-05;0.8271604938271605;2.543189002609444
Unknown;0.3980720385592288;0.2266666666666666;0.4092811077257755
Unknown;0.0801583968320633;0.2423076923076923;0.6608987725547208
Unknown;0.0954780904381912;0.3222222222222222;0.763948868257299
Control;0.0156396872062558;-0.6811594202898551;-1.051808859279479
Unknown;0.9273814523709526;0.0204081632653061;0.0369490360145182
Unknown;0.9713805723885522;-0.0444444444444444;-0.0115179620188366
Medium;0.0015599688006239;-0.7232704402515723;-1.2750075170472166
Unknown;0.2005159896802064;0.3137254901960784;0.5617653734090231
Low;0.98930021399572;0.2467532467532467;-0.0309373108479379
Unknown;0.0523189536209275;-0.5277777777777778;-0.87697397393848
Control;0.5419491610167797;-0.0192307692307692;-0.2842070644918635
Unknown;0.0680786384272314;-0.25;-0.5740669812870144
Unknown;0.4436311273774524;0.1843971631205673;0.3344640943469156
Unknown;0.1111177776444471;0.3571428571428571;0.627401575408125
Medium;0.4763104737905242;0.2592592592592592;0.3112940625792769
High;0.2901541969160617;0.3015873015873015;0.4249637962136274
Unknown;0.4279514409711806;-0.1597222222222222;-0.3509368344223253
Control;0.0093198136037279;-0.6153846153846154;-0.868807662221163
Unknown;0.0258794824103517;0.4744897959183674;0.8677655803482224
Unknown;0.5417091658166837;0.1871921182266009;0.2483297023307273
Unknown;0.4195116097678046;-0.209090909090909;-0.3805701981490906
Unknown;0.0651586968260634;0.4063926940639269;0.6427003142768304
Unknown;0.0485190296194076;0.4012345679012346;0.8751408257735883
Unknown;0.0031599368012639;-0.62109375;-1.108128487885771
High;0.6101077978440431;0.1172839506172839;0.2162804826064738
Medium;0.0457990840183196;-0.4379084967320261;-0.896515017670688
Unknown;0.0008399832003359;0.7866666666666666;1.2217150335019478
Unknown;0.0515589688206235;0.5377777777777778;0.8784601621859398
Unknown;0.6037879242415152;0.1428571428571428;0.2370783586912984
Unknown;0.0137197256054878;0.544973544973545;0.9838042168846004
Unknown;0.5099498010039799;-0.1884057971014492;-0.2880712637031147
Unknown;0.0216795664086718;-0.5384615384615384;-0.9690271587534064
Unknown;0.0865182696346073;0.3518518518518518;0.7528210595371099
High;0.5680686386272275;-0.14;-0.2557855286961613
Unknown;0.0094398112037759;0.64;1.1446270805700904
Unknown;0.5817483650326993;0.0921985815602836;0.2466492503477811
Unknown;0.6887462250754985;0.0844444444444444;0.201290463036598
Unknown;0.2821943561128777;0.3144654088050314;0.4710481373344213
Unknown;0.6435071298574029;-0.1224489795918367;-0.185515296050826
Unknown;0.3804723905521889;-0.2411347517730496;-0.3900707580901076
Unknown;0.0379192416151676;-0.5407407407407407;-0.9737895406854482
Unknown;0.4155116897662047;0.1555555555555555;0.400840813453289
Control;0.8491030179396412;-0.0181818181818181;0.0499879927398884
Unknown;0.7271854562908742;-0.0138248847926267;-0.1447407732973199
Unknown;0.7320653586928262;0.1632653061224489;0.1645795025403086
Unknown;0.126477470450591;0.2666666666666666;0.6746139759075369
Unknown;0.0010799784004319;0.7681159420289855;1.4715324906941296
Unknown;0.0699186016279674;-0.4420289855072464;-0.830613209552727
Unknown;0.2664199814986124;-0.5333333333333333;-0.7804612815627998
Control;0.2594348113037739;0.2898550724637681;0.504200649687691
Low;0.987460250794984;0.0052910052910052;-0.0083855412710265
Unknown;0.0699986000279994;0.4782608695652174;0.7876327927906275
Medium;0.0074798504029919;-0.6666666666666666;-1.1581461817775405
Unknown;0.0424791504169916;-0.3168666196189132;-0.6077407026643402
Unknown;0.0914381712365752;0.4140435835351089;0.7245859243979889
Unknown;0.0411591768164636;0.5;0.8582223820365897
Unknown;0.3154736905261894;-0.2751322751322751;-0.4036186343970163
Unknown;0.7064658706825864;0.1224489795918367;0.1647812922649814
Unknown;0.5649087018259635;-0.1822222222222222;-0.2663991661703268
Unknown;0.0389192216155676;0.4183006535947712;0.940054127556504
Unknown;0.6572668546629068;0.1283292978208232;0.1832619688903605
Unknown;0.1117577648447031;0.3448275862068966;0.6258807982802872
Unknown;0.8639427211455771;-0.0295566502463054;-0.0593614761526034
Unknown;0.1410371792564148;0.375886524822695;0.6194319564875614
Unknown;0.0001599968000639;0.7593984962406015;1.429855642682716
Unknown;0.9563008739825204;0.0136054421768707;0.0263893947254626
Unknown;0.4038319233615328;-0.1560283687943262;-0.3643078395170804
Unknown;0.628587428251435;0.1014492753623188;0.20821516873203
Unknown;0.6771864562708746;-0.1333333333333333;-0.1824713783321044
Unknown;0.0007599848003039;0.6518518518518519;1.1542694338961756
Unknown;0.0731985360292794;0.3934640522875817;0.6215210193699572
Unknown;0.5661086778264435;-0.1970443349753694;-0.2287682967429797
Unknown;0.0318793624127517;0.54421768707483;0.895004954613708
Unknown;0.0223595528089438;0.5652173913043478;0.982227727128646
Unknown;0.8434631307373852;-0.0666666666666666;-0.0817027580681647
Unknown;0.0805983880322393;0.4130434782608695;0.7829764188311679
Unknown;0.3990720185596288;0.25;0.3767680375608497
Unknown;0.3597128057438851;0.2063492063492063;0.3729406663477189
Unknown;0.1061178776424471;-0.3622448979591837;-0.6495111855559119
Low;0.5611487770244595;-0.1276595744680851;-0.2617655922353473
Medium;0.5398692026159477;0.3801452784503632;0.0467984661825327
Control;0.0091998160036799;-0.575;-0.89737900236466
Unknown;0.5365892682146357;0.1594202898550724;0.284586963747699
Unknown;0.3535529289414211;-0.3155555555555555;-0.4491572169310797
Unknown;0.8875422491550169;-0.0080862533692722;-0.0449258476915765
Unknown;0.125077498450031;-0.3673469387755102;-0.6384432408812013
Unknown;0.8637427251454971;-0.1083743842364532;-0.0682640223103494
Unknown;0.8117837643247136;0.0679156908665105;0.1003852387748718
Unknown;0.2812343753124937;0.2638888888888889;0.4751395088098463
Unknown;0.4494310113797724;0.2222222222222222;0.4025226590659305
Unknown;0.1284774304513909;0.4149659863945578;0.6694907477953765
Unknown;0.9212215755684886;-0.0523809523809523;-0.0372433817694943
Unknown;0.506229875402492;-0.1077694235588972;-0.2593149059969815
Unknown;0.2221155576888462;0.3111111111111111;0.5423632834584718
Unknown;0.99590008199836;-0.0869565217391304;0.0197309360470061
Control;0.0431191376172476;-0.5138888888888888;-0.8783854083358793
Unknown;0.0301593968120637;0.5911111111111111;1.083351735325746
Unknown;0.5117897642047159;-0.1521739130434782;-0.2879536501547521
Unknown;0.1295174096518069;0.3112244897959184;0.613444777775468
Unknown;0.1267974640507189;0.3359375;0.568608652714368
Unknown;0.114237715245695;0.365079365079365;0.6302627593484926
Unknown;0.2251154976900462;-0.2986111111111111;-0.541338073518428
Unknown;0.4652306953860923;0.1555555555555555;0.324801412472529
Low;0.4320313593728125;-0.2111111111111111;-0.3605661336137959
Unknown;0.2953140937181256;0.2363636363636363;0.4267337589186233
Medium;0.0024399512009759;0.74;1.3463822800331045
Low;0.0022399552008959;0.5398692810457516;1.121322912120569
Unknown;0.0001199976000479;0.9083333333333332;1.7183072360411529
Unknown;0.9648207035859284;0.0277777777777777;0.0180505731620064
Unknown;0.1032379352412951;0.3962264150943396;0.6960252431684416
High;0.0001599968000639;-0.8496732026143791;-1.7287404950716008
Unknown;0.369832603347933;0.1822222222222222;0.428670862632346
Medium;7.999840003199936e-05;0.6072463768115942;1.26637759706752
Medium;0.3023939521209576;-0.1895424836601307;-0.4578935105964619
Unknown;0.9377812443751125;-0.0333333333333333;0.0347017146682349
Unknown;0.124437511249775;0.2931818181818181;0.5073498504395223
Unknown;0.0020799584008319;0.6083333333333333;1.0979977338913869
High;0.3125937481250375;-0.1407407407407407;-0.4435246393954394
Control;3.999920001599968e-05;0.8881118881118881;2.129911602489804
Unknown;0.0609587808243835;0.5072463768115942;0.8357989342300426
Unknown;0.376352472950541;0.2733333333333333;0.3905784985266367
Unknown;0.1104377912441751;0.4285714285714285;0.6443057836809721
Unknown;0.0050798984020319;0.5826558265582655;1.082602512293572
Unknown;0.0210395792084158;-0.564625850340136;-1.012326057993272
Low;0.0001999960000799;-0.8333333333333334;-1.4998238918842648
Unknown;0.6091078178436431;-0.1347517730496454;-0.2210083175096507
Unknown;0.122637547249055;-0.5555555555555556;-0.7793017627341126
Unknown;0.6545454545454545;-0.2093023255813953;-0.3172981581510472
Unknown;0.0399592008159836;-0.5911111111111111;-0.9928958575596512
Unknown;0.3380732385352293;-0.261437908496732;-0.4226514595954257
Unknown;0.0002399952000959;0.6275946275946276;1.1479993757226918
Medium;0.0336393272134557;0.4708994708994709;0.968371466812403
Unknown;0.6803063938721226;-0.1333333333333333;-0.1708723957265423
Unknown;0.1902361952760944;0.3866666666666666;0.6161306942648556
Unknown;0.9171016579668406;-0.036231884057971;-0.0232355293176966
Low;0.0233195336093278;0.0658307210031347;-0.3910039948956634
Unknown;0.6641467170656586;0.1234866828087167;0.1721515906669463
Unknown;0.0863182736345273;0.3933333333333333;0.7347151468965675
Unknown;0.4478310433791324;-0.2355555555555555;-0.3596829673814648
Unknown;0.8521829563408732;-0.0689655172413793;-0.0640986575249201
Unknown;0.3111937761244775;0.2533333333333333;0.483543016023765
Unknown;0.3575128497430051;0.2420091324200913;0.3293879831447066
Unknown;0.3549129017419651;0.3066666666666666;0.4479378784363581
Unknown;0.0007999840003199;0.8043478260869565;1.4838888017211858
Unknown;0.114397712045759;-0.4420289855072464;-0.6931300078513819
Medium;0.0719185616287674;-0.2335600907029478;-0.6622518020637452
Unknown;0.988340233195336;-0.0272108843537414;0.0076538187152941
Unknown;0.506669866602668;-0.1666666666666666;-0.2907603565245137
Unknown;0.5835483290334194;0.1063829787234042;0.2487202507785446
Unknown;0.0068798624027519;-0.6074074074074074;-1.2509688387541906
Unknown;0.7331853362932741;-0.0816326530612244;-0.1482869063981735
Unknown;0.3285134297314053;0.2777777777777778;0.4288021331602056
Unknown;0.8287434251314973;0.0652173913043478;0.1005989358937885
Unknown;0.1419971600567988;0.3478260869565217;0.6488331730636503
Unknown;0.3422331553368932;0.2179487179487179;0.4156089968417927
Unknown;0.8325033499330013;0.0440251572327044;0.0986931589721549
Control;0.0023999520009599;0.8195488721804511;1.515483284785535
Low;0.1359572808543829;-0.2376543209876543;-0.5191699726745792
Unknown;0.1674766504669906;0.3790849673202614;0.592922538428155
Unknown;0.0036799264014719;0.6076388888888888;1.1128392954878106
Unknown;0.121957560848783;-0.4847775175644028;-0.6453161533631776
Unknown;0.0001199976000479;0.6944444444444444;1.3600397657026366
High;3.999920001599968e-05;0.8897058823529411;2.820953981301426
Low;0.0005599888002239;0.7;2.194217176252834
Unknown;0.5717885642287154;0.0192307692307692;0.2100787880018935
Unknown;0.5572688546229075;-0.1478873239436619;-0.2127057117261874
Unknown;0.1355572888542229;-0.3251231527093596;-0.5977912021631449
Unknown;0.0698386032279354;0.4294871794871794;0.7372939221501434
Unknown;0.4112717745645087;-0.3111111111111111;-0.358297218734659
Unknown;0.0360792784144317;0.5288888888888889;0.9629530686613448
Unknown;0.245995080098398;0.1846153846153846;0.435834980456498
Unknown;0.0305193896122077;0.5602836879432624;0.9391663738383164
Unknown;0.1836363272734545;-0.3133333333333333;-0.5794089632097468
Control;0.4308713825723485;-0.2533333333333333;-0.3889002150320039
Control;0.0243195136097278;0.4350282485875706;1.0197160763090196
Unknown;0.0667186656266874;0.3204775022956841;0.5810118797552676
Low;3.999920001599968e-05;0.7727272727272727;1.722827647868093
Low;0.0196796064078718;-0.564625850340136;-0.8647450947062629
Unknown;0.4533509329813404;-0.1666666666666666;-0.3236301746165469
Unknown;0.1962760744785104;-0.3407407407407407;-0.5704525682555454
Unknown;0.5477090458190836;0.0962962962962963;0.2669872210664719
Unknown;0.0222795544089118;0.4791666666666667;1.032711172686236
Unknown;0.7050258994820103;0.0909090909090909;0.1595740914098371
Unknown;0.0102797944041119;0.4170571696344892;0.8305782198382584
Unknown;0.255114897702046;0.2977777777777777;0.5579135418039568
Unknown;0.5453090938181236;0.3511111111111111;0.2799409442912859
Unknown;0.4305913881722366;0.1733333333333333;0.3800221754664909
Unknown;0.0313593728125437;0.3764705882352941;0.7217476257259453
Unknown;0.1590768184636307;-0.4222222222222222;-0.6830722886702056
Unknown;0.7007859842803144;-0.1328125;-0.1352431587577038
Medium;0.5337493250134997;-0.0592592592592592;-0.2682639041202024
Unknown;0.0158396832063358;-0.5622119815668203;-0.9952160580984416
Unknown;0.0023999520009599;0.6866666666666666;1.3486528749882396
Unknown;0.1337573248535029;0.2708571428571428;0.4213778727567843
High;0.1305173896522069;-0.3075060532687651;-0.5879401562991116
Medium;0.4441111177776444;0.3081761006289308;0.3217825985414131
Unknown;0.5989880202395952;-0.0899470899470899;-0.2127287450376737
Unknown;0.0629587408251834;-0.5288888888888889;-0.940830719862654
Low;0.0072398552028959;0.75;1.2014058123442657
Unknown;0.7421851562968741;0.0962962962962963;0.1477872037415898
Unknown;0.6749465010699786;-0.0577777777777777;0.1819843300651448
Unknown;0.0120397592048159;0.3916666666666666;1.224223577112396
Low;0.3949121017579648;0.2430555555555555;0.369544862915499
Unknown;0.124357512849743;0.2884399551066218;0.4948734490101181
Unknown;0.0890382192356152;-0.2727272727272727;-0.5578927786029336
Unknown;0.8100637987240256;0.0030864197530864;0.0896200382217123
Unknown;0.4000319993600128;0.1746031746031746;0.3410612422115266
Unknown;0.9747805043899122;0.0064102564102564;0.0166230371230629
Control;0.9067818643627128;0.0733333333333333;0.0478403799802327
Medium;0.0029999400011999;0.5288888888888889;1.805899979310212
Unknown;0.5903881922361552;0.0115384615384615;-0.2159723076638818
Control;0.2268354632907341;0.3058984910836763;0.4795218345713569
Unknown;0.5862682746345073;0.1564625850340136;0.2424105751175841
Unknown;0.0001999960000799;0.7904761904761904;1.4969843242373446
Unknown;0.3316333673326533;0.2585034013605442;0.4280179881983802
Unknown;3.999920001599968e-05;0.8956043956043956;2.0148302981254607
Unknown;0.9506209875802484;-0.0311111111111111;0.0202144723543367
Control;0.0001199976000479;0.8503401360544217;2.3641713433813667
Unknown;0.5195496090078199;0.2133333333333333;0.2859536087871006
Unknown;0.5996280074398512;0.1105990783410138;0.2156573299672184
Unknown;0.0222795544089118;0.4691358024691358;1.017661004937208
Unknown;0.2618747625047499;0.2424242424242424;0.4217164609283421
Unknown;0.4537509249815004;-0.1228070175438596;-0.3025868456876922
Medium;0.0005599888002239;-0.7389162561576355;-1.3030038284746543
Unknown;0.4938301233975321;-0.1458333333333333;-0.2970728944950465
Unknown;0.1877562448751025;-0.3594470046082949;-0.5324032844889571
Unknown;0.5544689106217876;0.2198581560283688;0.2694332471048505
Unknown;0.6639867202655947;0.1555555555555555;0.2045455411120798
Unknown;0.0681986360272794;-0.4930555555555556;-0.8364448939232269
Unknown;0.0510789784204315;0.5177304964539007;0.8754307531629721
Unknown;0.0091198176036479;0.5918367346938775;1.0426867474309618
Unknown;0.4211115777684446;0.1887755102040816;0.320158503794018
Unknown;0.3554328913421731;0.2133333333333333;0.4112134735412551
Control;0.0242395152096958;-0.5786163522012578;-0.9016521921498888
Unknown;0.1349573008539829;-0.4468085106382978;-0.6546529952040061
Unknown;0.4258714825703485;0.2155555555555555;0.2677627518236416
Unknown;0.7147057058858823;0.0638297872340425;0.1669116959993098
Control;0.0037999240015199;-0.6394557823129252;-1.031730906421523
Unknown;0.1402405180388529;-0.5454545454545454;-0.9283689895735514
Unknown;0.0273194536109277;0.5071225071225072;0.8046042811788053
High;0.6910261794764104;0.0592592592592592;0.190801740817818
Control;0.1018779624407511;0.4385964912280701;0.6764900178249063
High;0.0001999960000799;0.7094017094017094;1.5382164934837983
Unknown;0.0996780064398712;-0.463768115942029;-0.7221953010637149
Low;0.6381472370552589;0.0;0.1761985996253631
Unknown;0.996580068398632;-0.036231884057971;0.0121638922806912
Unknown;0.4853502929941401;0.1666666666666666;0.3160561400252258
Unknown;0.0001599968000639;0.7959183673469388;1.550881250220982
Unknown;0.0053198936021279;0.6410256410256411;1.2284835927586022
Low;0.0941581168376632;-0.2833723653395784;-0.666130316089267
Unknown;0.375592488150237;-0.2318840579710145;-0.3942194011483084
Unknown;0.0684386312273754;0.4818401937046004;0.7507203629642234
Unknown;0.2961540769184616;0.2108843537414966;0.4635447088746424
Low;0.1978760424791504;0.2931354359925788;0.4146079735937988
Unknown;0.8407431851362973;-0.0311111111111111;0.1004241645895375
Unknown;0.0675186496270074;-0.3328671328671329;-0.546554381019423
Unknown;0.0014399712005759;0.603988603988604;1.1434648668416316
High;0.1291974160516789;-0.4888888888888889;-0.6864287352000104
Unknown;0.3083938321233575;-0.1773049645390071;-0.4494577194154244
Unknown;0.0166396672066558;0.5972222222222222;1.0599641173039978
Unknown;0.2382752344953101;0.3260869565217391;0.5220374510340422
Unknown;0.756664866702666;0.1022222222222222;0.1460441009098484
Unknown;0.3407931841363172;0.2658730158730158;0.3497866726649438
Unknown;0.7384252314953701;-0.0347222222222222;-0.1421142697534697
Unknown;0.1309973800523989;0.3623188405797101;0.6855589867858491
Control;0.6060678786424272;-0.0217391304347826;-0.2546056641106858
Low;0.8127037459250815;0.0138888888888888;-0.1044816122012418
Unknown;0.7629847403051939;-0.1111111111111111;-0.1223352906962861
Medium;0.6060678786424272;-0.2176870748299319;-0.2246291373300781
Unknown;0.493670126597468;0.18;0.2974806977552623
Unknown;0.4305513889722205;0.1753731343283582;0.3011378327090617
Unknown;0.9147017059658806;0.0148148148148148;0.0489565378153413
Unknown;0.0935981280374392;0.3957845433255269;0.6668469396099116
Unknown;0.0031199376012479;-0.7152777777777778;-1.2737604206790043
Unknown;0.1524369512609747;-0.4539007092198581;-0.6281056832222501
Medium;0.4714305713885722;-0.065359477124183;-0.3263598185007696
Unknown;0.871382572348553;-0.0666666666666666;0.0815189446557644
Unknown;0.0724385512289754;0.3201320132013201;0.5480590310218342
Low;0.3409531809363813;-0.2857142857142857;-0.4213597817177484
Unknown;0.0263594728105437;-0.5111111111111111;-1.1140067879366404
Unknown;0.0233595328093438;0.5163398692810458;1.0053578924038735
Unknown;0.5237895242095159;-0.2222222222222222;-0.2759551186943748
High;0.0135197296054078;0.5866666666666667;1.084157010348049
Unknown;0.4029519409611807;0.2152777777777778;0.3674729486046431
Unknown;0.0299194016119677;0.5694444444444444;0.9627348011596124
Unknown;0.0133197336053278;0.5769230769230769;1.1078436505358351
Unknown;0.0345193096138077;0.5111111111111111;0.8903966964574196
Unknown;0.8782624347513049;-0.0064102564102564;0.0743037593480697
Unknown;0.0021199576008479;0.5193704600484261;0.8623198732091214
Unknown;0.5301493970120598;0.0737704918032786;0.2424121549719754
Unknown;0.0018799624007519;0.7333333333333333;1.325614974916301
Unknown;0.98890022199556;-0.0158730158730158;-0.0012613955328205
Unknown;0.7729845403091938;-0.0849673202614379;-0.1226763368819255
Unknown;0.2201955960880782;0.3115942028985507;0.5418450097631414
Unknown;0.0437991240175196;0.5644444444444444;0.9778425755134312
Unknown;7.999840003199936e-05;0.655421686746988;1.354102985954172
High;0.0001199976000479;0.8245614035087719;2.185494241977917
Unknown;0.9768204635907282;0.009009009009009;0.0037829787260625
Unknown;0.1639167216655667;-0.3662337662337662;-0.5675297767748453
Control;0.0003999920001599;0.6971830985915493;1.2816793551836612
Low;0.0043599128017439;0.7575757575757576;1.4521723701322704
Unknown;0.9425811483770324;0.0025974025974025;0.0319078234624667
Unknown;0.8076638467230656;0.0719696969696969;0.0925675730646155
Unknown;0.2303553928921421;0.2907801418439716;0.5231686556387102
Low;3.999920001599968e-05;0.8226950354609929;1.812396124746623
Unknown;0.0917181656366872;0.3639705882352941;0.6283917799472264
Unknown;0.6769864602707946;0.0888888888888888;0.190376245716345
Medium;0.0048799024019519;-0.5939849624060151;-1.0534662605329108
Control;0.0276794464110717;0.4912280701754385;0.9687921659797044
Unknown;0.5315893682126357;0.1458333333333333;0.2759697097944419
Unknown;0.1341973160536789;0.3809523809523809;0.6493533917168502
Unknown;0.0007999840003199;0.747072599531616;1.283596559252083
Unknown;0.9652606947861044;0.0;0.0275673225392487
Unknown;0.2025159496810064;0.3333333333333333;0.552189637963263
Unknown;0.7713045739085218;-0.0733333333333333;-0.122848427069984
Unknown;0.0303193936121277;-0.6088888888888889;-1.1024336653811786
Unknown;0.5363092738145238;-0.1376811594202898;-0.270505439688975
Unknown;0.0816383672326553;0.3333333333333333;0.8141913885609064
Unknown;0.0207595848083038;0.5277777777777778;1.0099885811971738
Unknown;0.0113197736045279;0.5113636363636364;0.9283391005048706
Medium;0.0855982880342393;-0.4855072463768116;-0.7510503789222176
Unknown;0.508189836203276;0.1132530120481927;0.2245738144036235
Unknown;0.9330613387732244;-0.0285714285714285;-0.0290522656571557
Medium;0.5960680786384273;0.1319444444444444;-0.2372119704761424
Unknown;0.8981420371592568;-0.0535714285714285;-0.0370510172326964
Unknown;0.0077998440031199;0.6518518518518519;1.170142761312717
Unknown;0.0087198256034879;-0.6666666666666666;-1.2161921353246563
High;0.1443971120577588;-0.3560090702947845;-0.6012578393533574
High;0.0011599768004639;-0.7973856209150327;-1.4625258172740727
Unknown;0.3260334793304134;0.2040816326530612;0.4010134650668987
Unknown;0.8624627507449851;0.0628930817610062;0.0785678290380666
Unknown;0.2998340033199336;0.2445520581113801;0.4176062890625517
Unknown;0.5693486130277394;0.1111111111111111;0.254551877946077
Unknown;0.3081938361232775;-0.3129251700680272;-0.4452111933405648
High;0.2317153656926861;-0.3391304347826087;-0.5811120365820965
Unknown;0.0126797464050718;0.6730769230769231;1.0866253471045455
Low;0.8629027419451611;0.1466666666666666;0.0536824167141854
Unknown;0.0659586808263834;0.3850837138508371;0.638153218315864
Unknown;0.0109197816043679;-0.6222222222222222;-1.1215521979602627
High;0.1376772464550709;-0.3059701492537313;-0.5543249050977199
Unknown;0.0067998640027199;0.6470588235294118;1.1107156456893277
Unknown;0.3935521289574208;-0.2259740259740259;-0.3450202887196922
Unknown;0.0010399792004159;-0.6892230576441103;-1.2167753835951665
Unknown;0.4515509689806204;0.1851851851851851;0.3288959991384693
Unknown;0.6431071378572428;-0.0133333333333333;-0.2009276558986783
Control;0.246915061698766;-0.2962962962962963;-0.414115424386166
Unknown;0.0150796984060318;0.5408163265306123;0.9912974039295837
Unknown;0.1889162216755665;0.3021978021978022;0.5276842839656534
Unknown;0.3070738585228295;-0.2698412698412698;-0.412668248575425
Unknown;0.4080718385632287;0.1970443349753694;0.3350877479873808
Unknown;0.1950760984780304;0.362962962962963;0.57124034876456
Unknown;0.749665006699866;-0.0980392156862745;-0.1294142225964897
Unknown;0.0323593528129437;0.5486111111111112;0.9459640479998016
Unknown;0.1895162096758064;0.3043478260869565;0.5664798368671569
Unknown;0.1011179776404471;-0.4184397163120567;-0.7546109582873675
Unknown;0.4500709985800284;-0.2448979591836734;-0.3271238963028987
Unknown;0.0038399232015359;0.5771604938271605;0.9986904227376818
Unknown;0.5698686026279475;0.1481481481481481;0.254204421877522
Unknown;0.0105597888042239;0.6486486486486487;1.207044465525522
Unknown;0.8609827803443931;-0.0363636363636363;-0.0768022377788823
Unknown;0.0283994320113597;0.4527777777777778;0.76510228319
Unknown;0.0229995400091998;0.5909090909090909;0.9958357763695836
Unknown;0.1043979120417591;-0.3829787234042553;-0.706278629491391
Unknown;0.3308733825323494;0.3155555555555555;0.4625027453543465
Unknown;0.5744285114297714;-0.1822222222222222;-0.258039041973021
Low;0.0021199576008479;0.7777777777777778;1.296618520799059
Unknown;0.2364352712945741;-0.3012820512820512;-0.5176040207476718
Unknown;0.6091078178436431;-0.1080246913580246;-0.1827597992082308
Unknown;0.0937181256374872;0.4444444444444444;0.7113941378598703
Unknown;0.8101037979240415;-0.0686813186813186;-0.0698441562498252
Unknown;0.1574768504629907;0.3866666666666666;0.6684274535254575
Unknown;0.7148657026859463;-0.0347222222222222;-0.1532001689317068
Unknown;0.3212335753284934;-0.2888888888888888;-0.4420517634844214
Control;0.8210235795284094;0.1739130434782608;0.0989885250127315
Unknown;0.1405171896562068;0.358974358974359;0.6325020171924539
Unknown;0.239715205695886;0.2779220779220779;0.4780303968985706
Low;0.238435231295374;-0.2482269503546099;-0.5149116272029817
Unknown;0.1857962840743185;0.3666666666666666;0.5699569207469386
High;0.0869182616347673;0.4104308390022675;0.7000519186992601
Unknown;0.0455990880182396;0.5703703703703704;0.912890371695175
Control;0.0589188216235675;0.3114754098360656;0.9088166966124784
Low;0.0002399952000959;0.6844444444444444;1.2898324470082163
Unknown;0.3142337153256935;-0.2515723270440251;-0.4393525224459498
Control;0.5243495130097398;0.0952380952380952;0.2492520564308396
Control;3.999920001599968e-05;0.7663817663817664;1.848109275503331
Unknown;0.2934341313173736;0.26;0.4576266975442591
Unknown;0.5330693386132277;0.1111111111111111;0.2793468112680785
Unknown;0.49595008099838;0.1822660098522167;0.2757462177721211
Unknown;0.5487090258194837;0.2088888888888889;0.2909958398011253
Unknown;0.748985020299594;-0.1049382716049382;-0.1365887159639124
Low;0.5154296914061719;0.09765625;0.2489205863571229
Unknown;0.2214755704885902;0.3066666666666666;0.5324393359040922
Unknown;0.5848683026339473;0.1304347826086956;0.2442724822659174
Unknown;0.4027119457610847;-0.2101449275362318;-0.369720661028535
Unknown;0.2209155816883662;-0.2411347517730496;-0.555507264744985
Unknown;0.0700785984280314;0.4814814814814814;0.7320413975349401
Unknown;0.0115997680046399;-0.6133333333333333;-1.1546075205537274
Medium;0.0030399392012159;0.9214285714285714;1.3143785669761423
Control;0.24367512649747;0.3662337662337662;0.4699619059997925
Unknown;0.5958680826383472;0.0921658986175115;0.2198050130327512
Control;0.0145997080058398;0.5933333333333334;1.0871853400947404
Low;0.0005199896002079;-0.8337662337662337;-1.0421911326633944
Unknown;0.0765984680306393;-0.5061728395061729;-0.7786563488038334
Unknown;0.0585988280234395;-0.4027777777777778;-0.8386025471927713
Unknown;0.2383152336953261;0.282051282051282;0.512152409654289
Control;0.6480270394592108;-0.0987654320987654;-0.2052047001740587
Unknown;0.0006799864002719;-0.7861635220125787;-1.7725170988666528
Unknown;0.365712685746285;0.2193877551020408;0.3704763027067779
Control;0.9219415611687768;0.1111111111111111;0.0246496563385226
Unknown;0.0239595208095838;0.4765625;0.8233526735384129
Unknown;0.3637927241455171;0.2653061224489796;0.4056193616797632
Unknown;0.0757984840303194;0.5111111111111111;0.7996578472585218
Unknown;0.1755164896702065;-0.3634085213032581;-0.5495574368283452
Unknown;0.0054798904021919;0.6666666666666666;1.153216543353921
Unknown;0.489510209795804;0.2222222222222222;0.3008526739513149
Unknown;0.8842223155536889;-0.0212765957446808;-0.0500326379247629
Unknown;3.999920001599968e-05;0.7771260997067448;1.3657292504935088
Unknown;0.2265554688906222;-0.3733333333333333;-0.5350326827727878
Unknown;0.0681586368272634;0.2936507936507936;0.5555035851620367
Unknown;0.0972780544389112;-0.3775510204081632;-0.6760085580184411
Control;0.4627507449851002;0.0694444444444444;-0.3354379933839082
Unknown;0.121437571248575;0.4577777777777778;0.7449644028307062
Unknown;0.0121597568048639;0.4489222118088097;0.7879904652323567
Unknown;0.3131537369252615;-0.2391304347826087;-0.4419351827953651
Unknown;0.1293574128517429;-0.3768115942028985;-0.6674261250877188
Unknown;0.4901501969960601;0.1481481481481481;0.3042649936235608
Low;0.5779884402311953;0.3116883116883117;0.1747622275871213
Unknown;0.2045559088818223;0.2721649484536082;0.4271301928087723
Unknown;0.4724305513889722;-0.1555555555555555;-0.3142158276269489
Unknown;0.5835883282334353;0.125;0.2083122630386419
Unknown;0.9549809003819923;0.1111111111111111;-0.2368983487753189
High;0.0420791584168316;0.4391534391534391;0.8800612474987557
Unknown;0.7689446211075779;-0.1319444444444444;-0.1220696743530045
Unknown;0.3577128457430851;0.2340425531914893;0.4034863131712671
Unknown;0.8449431011379772;-0.0148148148148148;-0.0825097810757831
Unknown;0.0174796504069918;0.4929577464788732;0.861090904105681
Unknown;0.0251594968100637;0.5486111111111112;0.9335058392884524
Unknown;0.0269194616107677;-0.5307692307692308;-0.8602117660831968
Unknown;0.5971080578388432;0.1629629629629629;0.2446930160818057
Unknown;0.4033519329613407;0.2469135802469135;0.3645936649369952
Unknown;0.249395012099758;-0.3259259259259259;-0.5062130593369418
Unknown;0.9225015499690006;-0.0857142857142857;-0.0343992054701783
Medium;0.752464950700986;0.0985221674876847;0.1251928808068594
Unknown;3.999920001599968e-05;0.8470149253731343;1.6896947945591214
Unknown;0.4105117897642047;-0.1448598130841121;-0.2516062341168378
Unknown;0.0140397192056158;-0.6159420289855072;-1.1412875263967066
Unknown;0.0017199656006879;0.7435897435897436;1.2355061414135775
High;0.9367412651746964;0.1529850746268656;0.0159017323345185
Low;0.7158656826863463;0.5644444444444444;-0.2908375811541109
Unknown;0.9004219915601688;0.0827067669172932;0.0576618002365246
Control;0.0016399672006559;-0.7654320987654321;-1.1943177132723592
Unknown;0.0314393712125757;0.5826086956521739;1.0497534380260782
Unknown;0.368472630547389;-0.2056737588652482;-0.3952971812898061
Unknown;0.7886242275154497;-0.0068027210884353;-0.1082405316714518
Unknown;0.2087958240835183;-0.3333333333333333;-0.5524793221808542
High;0.244595108097838;-0.3244444444444444;-0.5520568500659292
Unknown;0.2241155176896462;-0.3333333333333333;-0.535979441313452
Low;0.0420791584168316;-0.455026455026455;-0.7515985119017919
Unknown;0.0032399352012959;0.6836734693877551;1.156906229848148
Unknown;0.1062378752424951;-0.3857142857142857;-0.6549292078658052
Low;0.0733585328293434;0.668010752688172;0.600115934925353
Medium;0.0198396032079358;-0.4736842105263157;-0.8751101654753116
Unknown;0.739745205095898;-0.1133333333333333;-0.1392557793332212
Unknown;0.1735165296694066;0.3026634382566586;0.5390263439566694
Unknown;0.5227095458090838;-0.2368421052631578;-0.3429913882457908
Unknown;0.116437671246575;0.4964539007092198;0.6696992233832844
Low;0.0423591528169436;0.46484375;0.8062366523086497
Unknown;0.9130617387652248;-0.0555555555555555;-0.0554859217615105
Unknown;0.0627587448251035;0.3552941176470588;0.6174970949673507
Unknown;0.9175016499670008;-0.04;-0.0378709492324354
Unknown;0.9155816883662328;-0.0222222222222222;0.0484093413500993
Control;0.5301093978120438;0.1904761904761904;0.2521624027852398
Medium;0.0266794664106717;0.4961240310077519;1.1671731129898362
Control;0.4164316713665726;-0.1886792452830188;-0.3577387515570133
Unknown;0.1772764544709106;0.3541666666666667;0.5923641129881381
Unknown;0.3990320193596128;0.2;0.411496370076311
Unknown;0.0352792944141117;0.52;0.9385609368522844
Control;0.3951920961580768;-0.2731829573934837;-0.3478338403048689
Unknown;0.8163036739265215;0.10062893081761;0.1014750459825633
Unknown;0.5691886162276755;-0.1822222222222222;-0.2688713166278887
Medium;3.999920001599968e-05;-0.9455782312925172;-2.349681474107205
Unknown;0.6987860242795144;0.1111111111111111;0.1722231416288972
Unknown;0.3450330993380132;0.226950354609929;0.4173597231440371
High;0.0161196776064478;-0.5933333333333334;-1.1326460928596096
Unknown;0.8209035819283614;-0.0079365079365079;-0.0923457149298255
Unknown;0.0540789184216315;0.5079365079365079;0.8254475979424822
Unknown;0.0151596968060638;0.6234567901234568;1.0264446591112846
High;0.1495970080598388;0.3859649122807017;0.6604050874437472
Unknown;0.0205195896082078;0.5533333333333333;1.0595189702986507
Unknown;0.0934381312373752;-0.3485915492957746;-0.639163548535358
Unknown;0.1741965160696786;0.3506493506493506;0.545880357661861
Medium;7.999840003199936e-05;0.7223529411764706;1.6085758515572983
Unknown;0.0050798984020319;0.6040100250626567;1.0820618492206864
Unknown;0.24287514249715;0.3472222222222222;0.5134243120008317
Unknown;0.0005999880002399;-0.8027210884353742;-1.4620101094893172
High;0.0007999840003199;0.6842105263157895;1.4561495772227355
Unknown;0.5674686506269875;-0.18796992481203;-0.2287668845301812
Unknown;0.0092798144037119;0.593114241001565;0.9920770267091596
Unknown;0.0549189016219675;-0.3678571428571429;-0.7268459608594027
Unknown;0.8566228675426492;0.1111111111111111;0.065478591979528
Unknown;0.1271174576508469;-0.3469387755102041;-0.6974512592405365
Unknown;0.2557948841023179;-0.3333333333333333;-0.5047408926281733
High;0.3840723185536289;0.3395061728395062;0.3746343796698436
Unknown;0.6547069058618827;-0.098876404494382;-0.1512335335774017
Unknown;0.246155076898462;0.2962962962962963;0.5114958919526502
Low;0.0011599768004639;0.6607142857142857;1.260498338009232
Unknown;0.0259994800103997;0.5376623376623376;0.92029346340373
Medium;0.2202355952880942;-0.2305882352941176;-0.4164739078435557
Control;0.3379932401351972;0.2877492877492877;0.3118231097136177
Low;0.1025979480410391;-0.4666666666666667;-0.7711460264110442
Unknown;0.9571808563828724;0.0555555555555555;0.040480625721758
Unknown;3.999920001599968e-05;0.8863478863478863;1.951564734142285
Unknown;0.9299414011719764;0.0277777777777777;0.0486062536532935
Unknown;0.0378392432151356;0.4423076923076923;0.9030125732450656
Control;0.6680666386672267;-0.0763888888888889;-0.1963912228814444
Unknown;0.0111597768044639;0.6159420289855072;1.1120032374132582
Unknown;0.0582388352232955;0.4666666666666667;0.8279267720379374
Unknown;0.5287894242115158;0.1172413793103448;0.2096682904451363
Unknown;0.371912561748765;-0.2608695652173913;-0.395276178080331
Control;0.0012799744005119;0.738562091503268;1.7306106792244962
Unknown;0.8938621227575448;-0.057057057057057;-0.0448810341045848
Unknown;0.3127537449251015;-0.3953488372093023;-0.4866587119361543
Low;0.5153896922061558;-0.2264150943396226;-0.2824151124459639
Control;0.4838703225935481;-0.0960187353629976;-0.2927783242909833
Unknown;0.5138297234055319;-0.18;-0.2808503612926314
Unknown;0.0046799064018719;0.6056338028169014;1.0398954843172994
Medium;0.749185016299674;-0.0176056338028169;-0.1233360740133736
Medium;0.125877482450351;0.6977777777777778;0.6802777516485841
Unknown;7.999840003199936e-05;0.7085137085137085;1.3644688732793675
Unknown;0.2121957560848783;-0.2611832611832612;-0.4462949218660903
Unknown;0.0293594128117437;0.5144927536231884;0.8912579333635916
Unknown;0.4620307593848123;-0.2222222222222222;-0.3202078058728126
Unknown;0.3218735625287494;0.1959595959595959;0.3166637037083233
Unknown;0.8027439451210976;0.0555555555555555;0.1172281464199012
Unknown;0.3619127617447651;0.1527777777777778;0.4039849654407341
Unknown;0.0032399352012959;0.6739130434782609;1.102698555664126
Unknown;0.8417031659366813;0.152073732718894;0.0186946925592023
Low;0.2352752944941101;0.2569444444444444;0.5223707581441797
Unknown;0.622867542649147;-0.0638297872340425;-0.2090386223577708
Control;0.4054318913621728;-0.4866666666666667;-0.3767482352197578
Unknown;0.5471890562188756;0.16;0.2630418376199158
High;0.0771584568308633;0.25;0.7665626280331769
Unknown;0.0605987880242395;0.4625850340136054;0.7909351849135472
Unknown;0.0132797344053118;-0.5343915343915344;-1.004647208165691
Unknown;0.0070398592028159;0.5153846153846153;1.0474305441436311
Unknown;0.2546349073018539;0.2847222222222222;0.4943168883287592
Unknown;0.1635967280654386;0.3481481481481481;0.6034021760738577
Unknown;0.4364312713745725;0.1790123456790123;0.3420921478557883
Unknown;3.999920001599968e-05;0.8166666666666667;2.290447307715772
Unknown;0.1949161016779664;0.3265306122448979;0.5681631880887995
Unknown;0.4545909081818363;0.2222222222222222;0.3351031467930391
Unknown;0.6401471970560588;-0.130718954248366;-0.195543457846991
Unknown;0.8235035299294015;-0.1089743589743589;-0.1152343132409193
Unknown;0.0959580808383832;-0.4166666666666667;-0.7201522687559508
Unknown;0.9693406131877362;0.0340136054421768;0.0252670939438131
Unknown;0.4922301553968921;-0.2040816326530612;-0.3041279575611259
Unknown;0.1503969920601588;0.3397435897435897;0.620451952865066
Unknown;0.0023599528009439;0.7021276595744681;1.3442298376990585
Low;0.6921061578768425;-0.1134751773049645;-0.1632091414375953
Unknown;0.0003599928001439;0.7638888888888888;1.7733545125350596
Unknown;0.0180796384072318;-0.5486111111111112;-1.0349142093642874
Unknown;0.1683166336673266;-0.3407407407407407;-0.6139732335190624
Unknown;0.5270294594108118;0.2533333333333333;0.2808467427165226
Unknown;0.0048799024019519;0.4980237154150198;0.8660748855610458
Control;0.1669166616667666;-0.0233766233766233;0.7605689977508961
Unknown;0.3607927841443171;0.2403100775193798;0.3992240885272053
Unknown;0.1606767864642707;0.3317191283292978;0.5631500633948358
Unknown;0.4403111937761245;0.1949685534591195;0.3479993600703358
Unknown;0.5397092058158837;-0.0880503144654088;-0.2755574928288608
Unknown;0.3106737865242695;0.2333333333333333;0.438686471753328
Control;0.0857182856342873;0.4057377049180328;0.6283516586961755
Unknown;0.985220295594088;0.0;0.0031697506972483
Unknown;0.9386612267754644;0.0238095238095238;0.0380477084200289
Unknown;0.5891482170356593;-0.1724137931034483;-0.2167074897869975
Unknown;0.2335953280934381;0.3270440251572327;0.5185582527177264
Low;0.8084238315233695;0.287037037037037;0.0632810799012111
High;0.1467170656586868;-0.2427536231884058;-0.5309249028409763
Unknown;0.7392252154956901;-0.0809523809523809;-0.1283035383406159
Unknown;0.0003199936001279;0.8095238095238095;1.2878000946692991
Unknown;0.5977880442391152;0.1180555555555555;0.2377987333071315
Control;0.74902501949961;0.1098901098901098;0.1388101278640321
Unknown;0.4539509209815803;-0.1528822055137844;-0.2984854478585467
Unknown;0.3493530129397412;0.1875;0.4143681721991514
Unknown;0.0003599928001439;0.782312925170068;1.7437356073686527
Unknown;0.0098798024039519;0.4355400696864111;0.7056544626762562
Unknown;3.999920001599968e-05;0.6235827664399093;1.1024068226806405
Unknown;0.0011199776004479;0.6136363636363636;1.4723867146250855
Control;0.4779504409911801;0.2506024096385542;-0.2665553961290011
Control;0.1140377192456151;-0.3230769230769231;-0.5929707095063316
Unknown;0.6000279994400112;0.1705069124423963;0.2171035382493578
Unknown;0.5159496810063798;-0.1288888888888889;-0.3006069038027566
Unknown;0.0103997920041599;0.4467532467532467;0.8442028796470781
Unknown;0.1106377872442551;-0.2592592592592592;-0.7287646939301933
Unknown;0.1600767984640307;0.5363636363636364;0.6930446675005325
Low;0.1075178496430071;-0.4640522875816993;-0.7124128049120725
Low;0.4147917041659167;-0.3071895424836601;-0.3607595628274774
Unknown;0.9423411531769365;-0.0272108843537414;-0.024206770731027
Low;0.0581988360232795;0.45703125;0.7947699442760052
Unknown;0.2255954880902382;-0.3121693121693121;-0.4889063879581479
Unknown;0.0142397152056958;0.5957446808510638;1.0273711215470105
Unknown;0.246395072098558;0.0866666666666666;0.6036658280788277
Unknown;0.0681586368272634;0.4666666666666667;0.8798808168405988
Unknown;0.3070738585228295;-0.2463235294117647;-0.3859562455685363
Unknown;0.995660086798264;-0.0296296296296296;0.0137226679374074
Low;3.999920001599968e-05;0.9318518518518518;2.818658978620121
Unknown;0.0633587328253434;0.3955555555555555;0.6601159653214995
Unknown;0.6977060458790825;-0.1231884057971014;-0.1572249314782606
Low;0.5101497970040599;-0.0133333333333333;-0.3358156161569697
Unknown;0.0450390992180156;0.5644444444444444;0.9146524521918826
Control;0.7166656666866663;-0.0707317073170731;-0.1207100297582297
Unknown;0.0431191376172476;-0.4893617021276595;-0.9355383645812267
Low;0.0073598528029439;0.5254237288135594;1.278419006350488
Unknown;0.876862462750745;-0.0577777777777777;-0.0616668808686508
Unknown;0.0721585568288634;0.6884057971014492;0.8677928396662375
Unknown;0.6836263274734505;-0.04;-0.1937509180203822
Unknown;0.4851902961940761;0.1152073732718894;0.2830517719591613
Unknown;0.7220655586888263;-0.0869565217391304;-0.1491707334954644
Unknown;0.1943161136777264;-0.3333333333333333;-0.5756117616418461
Unknown;0.0029599408011839;0.7185185185185186;1.2788957013220734
Unknown;0.6566668666626667;-0.1269841269841269;-0.1695244693996047
Control;0.7655446891062179;0.065359477124183;-0.3651020200610238
Unknown;0.8668226635467291;-0.0555555555555555;-0.0682849358281554
Unknown;0.5508289834203316;-0.2066666666666666;-0.2591031653002057
Unknown;0.8542629147417051;0.0414746543778801;0.0770358933186502
Unknown;0.2317953640927181;-0.3068783068783068;-0.4859504254912186
Unknown;0.4124717505649887;-0.2088888888888889;-0.3909607476871525
Unknown;0.0143997120057598;-0.5507246376811594;-0.985320717513134
Medium;0.2221155576888462;0.3533333333333333;0.5463526807059262
Unknown;0.0465990680186396;-0.5534591194968553;-0.8813582186848659
Unknown;0.5863082738345233;-0.2101449275362318;-0.2386533198387791
Unknown;0.0188796224075518;0.5185185185185185;1.0661565361147778
Unknown;0.8559428811423772;0.036231884057971;0.0875422723641122
Unknown;0.0233595328093438;-0.4152892561983471;-0.7422180000835461
Medium;0.5756284874302514;-0.2088888888888889;-0.2518026811007484
Unknown;0.0426391472170556;0.5;0.8980097124459973
Control;0.9179816403671928;0.0425531914893617;-0.0625948778525307
Unknown;0.4594308113837723;-0.1153846153846153;-0.3317476991457579
Unknown;0.119877602447951;0.3985507246376811;0.682935846061915
High;0.1519969600607988;0.3695652173913043;0.6474137157411565
Medium;0.365712685746285;-0.0333333333333333;-0.4028324282330175
Unknown;0.7948641027179456;0.0915032679738562;0.1193996225394929
Unknown;0.365672686546269;0.2026143790849673;0.3945193040050334
High;0.2091958160836783;-0.3623188405797101;-0.5583816637943327
Unknown;0.7235455290894182;-0.0769230769230769;-0.1405065706248869
Unknown;0.0001199976000479;0.8439716312056738;1.455000794801492
Unknown;0.2045159096818063;0.2517006802721088;0.5505090178556841
Unknown;0.4142317153656927;0.2013888888888889;0.348304985790813
Unknown;0.1051978960420791;0.2992424242424242;0.6113761742226034
Unknown;0.880142397152057;-0.0208333333333333;-0.0628913310217824
Unknown;0.1093578128437431;0.3766233766233766;0.6565578624569962
Unknown;0.4470710585788284;0.1553030303030303;0.2424478085073473
Unknown;0.9056618867622648;0.0368663594470046;0.0549212480170122
Unknown;0.1885962280754385;-0.3483709273182957;-0.5378390663597228
Unknown;0.5878282434351313;0.1418439716312056;0.246358840326811
Control;0.1802763944721105;0.3546099290780142;0.5822019500717791
Unknown;0.1488370232595348;0.40625;0.5343608478753369
Unknown;0.4141117177656447;0.1326530612244898;0.3254278069736523
Unknown;0.2851542969140617;-0.3115942028985507;-0.4651031719661376
Unknown;0.2579548409031819;0.3333333333333333;0.5491527179898021
Unknown;0.7105457890842183;-0.0492424242424242;-0.1386755504726962
Unknown;0.1509169816603668;0.3550724637681159;0.6389260008406284
Unknown;0.2763544729105417;0.2318840579710145;0.4813075315226846
Medium;0.0055598888022239;0.5022956841138659;0.9842638282116593
Unknown;0.7301053978920422;0.0325814536340852;0.1500940224191815
Unknown;0.0441191176176476;0.3943661971830985;0.7472318437953782
Unknown;0.2073958520829583;0.2681159420289855;0.5552586574594947
Low;0.0254794904101917;-0.5851851851851851;-1.0694869841904329
Unknown;0.9247815043699126;-0.0398860398860398;-0.0250015464383108
Medium;0.9343813123737524;-0.1028571428571428;-0.0293004655872422
Unknown;3.999920001599968e-05;0.9;1.9416694204888167
Unknown;0.0747585048299034;0.4150943396226415;0.7736247490975473
Unknown;0.6717065658686826;0.1083743842364532;0.1743257234643767
Unknown;0.0009199816003679;0.6365853658536585;1.120184340985538
Unknown;0.7186656266874663;-0.0695652173913043;-0.1679894778131737
Control;0.2927941441171177;-0.1590909090909091;-0.3942948453010542
Control;0.1904361912761744;0.5925925925925926;0.600119819338405
Unknown;0.5165096698066038;-0.2091503267973856;-0.2768368427373439
Unknown;0.6820263594728105;-0.1088435374149659;-0.1764729145260858
Unknown;0.2783944321113578;-0.2592592592592592;-0.4720462325385063
Unknown;0.0991180176396472;0.5714285714285714;0.8404411665264209
Unknown;0.2376352472950541;-0.34;-0.5182736205992904
Unknown;0.3303133937321253;-0.2467532467532467;-0.3916676433798046
Medium;0.7966240675186497;0.1111111111111111;-0.3413137173326636
Unknown;0.0006799864002719;0.7350649350649351;1.4508797124019357
Control;0.2923141537169256;0.2523809523809524;0.4253446300627907
Unknown;0.7291054178916422;-0.0754716981132075;-0.156493918133302
Medium;3.999920001599968e-05;0.8380952380952381;1.9428910290566144
Unknown;0.7165856682866343;-0.1224489795918367;-0.1531007088666312
Unknown;0.0107997840043199;0.6604938271604939;1.0185267237801472
Low;0.2022759544809103;0.177257525083612;0.3775614436276341
Unknown;0.0001599968000639;0.8888888888888888;1.6969873603428067
Medium;0.4047119057618847;0.1851851851851851;0.2961914339646361
Unknown;0.3601127977440451;0.1865079365079365;0.3514676694822647
Unknown;0.0646387072258554;-0.3488888888888889;-0.6172173559093975
Unknown;0.5485490290194196;0.0820829655781112;0.1935881523901396
Unknown;0.0001599968000639;0.6488673139158576;1.1181029483508789
Control;0.0345593088138237;-0.4375;-0.988703316553909
Unknown;0.3467930641387172;-0.3155555555555555;-0.4549404793643062
Unknown;0.2601547969040619;0.3302325581395349;0.5415624390793387
Unknown;0.7913041739165216;-0.0296296296296296;-0.1116211592766737
Unknown;0.371232575348493;-0.1135802469135802;-0.3009310420220491
Unknown;0.0335193296134077;0.4965986394557823;0.9296700165800542
Unknown;0.7778244435111298;-0.1288888888888889;-0.1124934482204209
Unknown;0.2039959200815983;-0.3733333333333333;-0.5566573936524278
Control;0.0119197616047679;-0.6066666666666667;-1.1019661225020156
Unknown;0.0065998680026399;0.6290726817042607;1.1326130915820214
Unknown;0.0819583608327833;0.3044733044733044;0.6102616553269918
Unknown;0.0623587528249435;0.4133333333333333;0.7929020594302972
Unknown;0.1286774264514709;0.1851851851851851;0.6752715766049412
Low;0.3106337873242535;-0.1822222222222222;-0.4922762041917335
Unknown;0.1542369152616947;0.4;0.6709992329086101
Unknown;0.9489010219795604;0.0175438596491228;-0.0169993620967664
Unknown;0.1985560288794224;-0.3985507246376811;-0.5651454527457894
Unknown;0.3585528289434211;0.2198581560283688;0.4039496114905251
Unknown;0.0808383832323353;0.4814814814814814;0.7556786574806318
Unknown;0.0311193776124477;0.5111111111111111;0.9897133628679916
Unknown;0.6704665906681866;-0.0780141843971631;-0.1791379741731255
Unknown;0.7257454850902982;0.0962962962962963;0.1662834963206665
Unknown;0.3807523849523009;-0.2962962962962963;-0.3528993445290605
Unknown;0.4567508649827003;0.2536231884057971;0.3278751852495394
Unknown;0.8601027979440411;0.0585480093676815;0.0763158081025442
Unknown;0.3116737665246695;-0.2916666666666667;-0.447809934158856
Unknown;0.747745045099098;-0.0158730158730158;0.1311384344700404
Unknown;0.122677546449071;0.4213836477987421;0.6712305816015521
Unknown;0.1669966600667986;-0.3049645390070922;-0.6246502092055778
Unknown;0.7044259114817704;0.0846560846560846;0.1607956325181625
Unknown;0.374632507349853;-0.1688311688311688;-0.3563380042880248
Unknown;0.3207535849283014;-0.3244444444444444;-0.4794197223136825
Unknown;0.0815583688326233;0.3558441558441558;0.6899872816137365
Unknown;0.997860042799144;-0.0612244897959183;-0.0014495734872104
Unknown;0.2931541369172616;0.181159420289855;0.4622792813609294
Unknown;0.1660766784664306;0.3840579710144927;0.6206524235781548
Medium;0.1111177776444471;-0.3576923076923077;-0.6030636415697711
Unknown;0.3073138537229255;0.2907801418439716;0.4477618904463392
Unknown;0.0163996720065598;0.5471698113207547;1.0588623644001809
Medium;0.8527829443411131;0.068825910931174;-0.0596202916876275
Unknown;0.0142797144057118;-0.5490196078431373;-1.1199067814124322
Unknown;0.9014619707605848;-0.0476190476190476;-0.0528158168549543
Unknown;0.6780264394712106;0.0718954248366013;0.1926481346779455
High;0.1083978320433591;-0.3066666666666666;-0.5457513349177169
Control;0.0276794464110717;0.4055555555555555;0.7879154251223416
Unknown;0.8948221035579288;-0.0314465408805031;-0.0620522120998484
Unknown;0.0827983440331193;0.4444444444444444;0.7703524542135546
Unknown;0.873822523549529;-0.0044444444444444;0.090210560243985
Unknown;0.4127117457650847;-0.1902985074626865;-0.309663635988518
Unknown;0.5836683266334673;-0.1636363636363636;-0.2227255073660367
Unknown;0.3202335953280934;0.1866666666666666;0.4353766585093427
Control;0.4563508729825403;-0.198051948051948;-0.2845863320592343
Unknown;0.9747805043899122;0.0222222222222222;0.0136790794191621
Unknown;0.1123177536449271;-0.4021164021164021;-0.6292931935194628
Unknown;0.7863442731145377;-0.0518518518518518;0.131842641021823
Unknown;0.7881042379152416;-0.1134751773049645;-0.1050936525676722
Unknown;0.2888742225155497;-0.3120567375886525;-0.4763995368271562
Unknown;0.0290794184116317;0.4666666666666667;0.982644267689158
Low;0.4640307193856123;0.1871921182266009;0.2900979593918717
Unknown;0.9338613227735444;0.0;0.0422861209692663
Low;0.0007199856002879;0.803921568627451;1.584834365630866
Unknown;0.0015199696006079;0.7115384615384616;1.2087286545677869
Unknown;0.997020059598808;-0.0577777777777777;0.0056246147981846
Unknown;0.3792324153516929;-0.2558139534883721;-0.4666883754689924
Control;0.0161996760064798;-0.5740740740740741;-0.8443122590490532
Low;0.6568268634627308;-0.0044444444444444;-0.2686751743355363
Unknown;0.6347473050538989;0.108695652173913;0.2086143626956537
Control;0.0059598808023839;0.7185185185185186;1.3137511201217056
Unknown;0.125077498450031;-0.3066666666666666;-0.5517935658084872
Unknown;0.4735105297894042;0.2040816326530612;0.3209853547343065
Unknown;0.0512789744205115;0.5064102564102564;0.8312176889263312
Unknown;0.0001999960000799;0.6059190031152648;1.107912985663106
Unknown;0.1095578088438231;-0.3605442176870748;-0.7049967553367784
Unknown;0.0037599248015039;0.6340852130325815;1.171394734300954
Unknown;0.3604327913441731;0.2266666666666666;0.4426728726050817
Low;0.0004399912001759;-0.75;-1.083584984711036
Control;0.4894302113957721;0.2448979591836734;0.2822402054673699
Unknown;0.0233195336093278;0.4414414414414414;0.7795525646575467
Unknown;0.0013999720005599;-0.7638888888888888;-1.5708933299534105
Unknown;0.2755144897102058;0.2389937106918239;0.4774991983063151
Unknown;0.6708265834683307;0.0972222222222222;0.1954272560238003
Unknown;0.8651026979460411;-0.0763888888888889;-0.0672972710379982
Unknown;0.0343993120137597;0.5507246376811594;0.9544041061446816
Low;0.3843923121537569;-0.2533333333333333;-0.4202339593101908
Unknown;0.6017079658406832;0.0680272108843537;0.2295633663428532
Control;0.8587028259434811;0.2469135802469135;0.0440162042551258
Unknown;0.1532369352612947;-0.3333333333333333;-0.6471863972278886
Low;3.999920001599968e-05;0.8874458874458875;2.4872035465224105
Unknown;0.0486790264194716;0.4166666666666667;0.7358292379183136
Unknown;0.867102657946841;0.04;0.0840224245422314
Unknown;0.243835123297534;0.3061224489795918;0.5093024183243033
Unknown;0.3302733945321093;0.1938775510204081;0.3944382789501137
Unknown;0.0040799184016319;0.7163120567375887;1.2350186529218672
Medium;0.24907501849963;0.2101449275362318;0.5077969189365927
Unknown;0.4215915681686366;-0.2531328320802005;-0.3215447331748983
Unknown;0.0430391392172156;-0.5686274509803921;-0.9129365288217344
Unknown;0.6175476490470191;-0.1276595744680851;-0.2132412913421237
Unknown;0.2124757504849903;0.2906403940886699;0.5093496000722765
Low;0.3096738065238695;-0.019047619047619;0.3431285454674894
Unknown;0.0433991320173596;0.4888888888888889;0.9037373517716314
Unknown;0.0016399672006559;0.5842696629213483;1.0352698007096497
Medium;0.6426271474570509;0.0311111111111111;-0.1748385252439259
Unknown;0.0602387952240955;0.4489795918367347;0.7485986731936681
Unknown;0.3142337153256935;-0.1898989898989899;-0.3258699322135661
Unknown;0.3494730105397892;0.2243589743589743;0.4081223132805441
Unknown;0.0270794584108317;0.5333333333333333;0.9366633849801312
Unknown;0.0071998560028799;-0.6733333333333333;-1.3011733778252752
Unknown;0.2544749105017899;-0.3469387755102041;-0.4984615267679025
Control;0.4365112697746045;0.4465116279069767;0.1024930231359087
Low;0.0001199976000479;0.6863136863136863;1.6766284171603214
Unknown;0.4871902561948761;-0.2176870748299319;-0.301619382283436
Unknown;0.0993980120397592;0.4166666666666667;0.6930523249716939
Unknown;0.2032359352812943;0.2907801418439716;0.5541647992454525
Unknown;0.0847583048339033;-0.475177304964539;-0.7623837473592413
Unknown;0.0017599648007039;-0.7435897435897436;-1.436081543963453
Low;0.0168796624067518;-0.5714285714285714;-0.9800843151929
Unknown;0.1739165216695666;0.3383458646616541;0.5356431929292664
Unknown;0.0918781624367512;-0.5644444444444444;-0.8238885724705182
Low;0.9783004339913202;0.0666666666666666;-0.00730219670681
Unknown;0.6697466050678986;0.0961038961038961;0.1764754831653678
Control;0.0323993520129597;-0.524822695035461;-0.9367816865302652
Unknown;0.6631067378652427;0.0714285714285714;0.18720612516083
Unknown;0.0271594568108637;0.4666666666666667;0.9804442884409614
Medium;3.999920001599968e-05;0.9154411764705882;2.893989734465866
Low;0.0996380072398552;-0.389937106918239;-0.6927426260078168
Unknown;0.7104257914841703;-0.0915032679738562;-0.1641022976081667
Unknown;0.9441011179776404;0.1347517730496454;0.0431972818357976
Unknown;0.7316653666926661;0.0844444444444444;0.1693916822262492
Unknown;0.3529129417411651;0.28;0.4520082971582777
Unknown;0.0974780504389912;0.4057971014492754;0.732881039709249
Control;0.0295194096118077;0.6540880503144654;0.951680189446199
Unknown;0.1738365232695346;0.2361751152073732;0.3884174229422205
Low;0.0211995760084798;-0.5512820512820513;-0.9645629261003664
Unknown;0.0025999480010399;0.6597222222222222;1.4734175138277807
Unknown;0.247395052098958;-0.3115942028985507;-0.5102154873455279
Low;0.8798624027519449;-0.0100334448160535;-0.0455435912884139
Unknown;0.1065578688426231;0.2978723404255319;0.5307802941917238
Unknown;0.0050398992020159;0.7037037037037037;1.2338567945523355
Low;0.0075198496030079;-0.6571428571428571;-1.098310277831194
Medium;0.0343593128137437;0.5144927536231884;0.9137922444656252
Unknown;0.8958220835583288;-0.1194968553459119;-0.0479838671180809
Unknown;0.9370612587748244;-0.0488888888888888;-0.0367444564964857
Control;0.1082778344433111;-0.3958333333333333;-0.7153470113619956
Low;0.0218395632087358;-0.5047619047619047;-0.9794893212560004
Unknown;3.999920001599968e-05;0.8805031446540881;1.806687006631424
Unknown;0.0003599928001439;0.7233560090702947;1.5215989578915232
Unknown;0.4695506089878202;0.2142857142857142;0.2967273969948661
Medium;0.0003599928001439;0.7592592592592593;2.090645607731385
Control;0.6395072098558029;0.4603174603174603;0.1618385752478918
High;0.1986760264794704;0.5726495726495726;0.3915500585373608
Unknown;0.3342333153336933;-0.2826086956521739;-0.4280928246417813
Unknown;0.2081158376832463;0.2803030303030303;0.4032468118696949
Unknown;0.1967960640787184;0.25;0.4799485010690582
Unknown;0.0564388712225755;0.4964539007092198;0.8163598959199885
Unknown;0.6571868562628748;-0.1296296296296296;-0.1919119640576438
Unknown;0.2924741505169896;0.3142857142857143;0.5044647592563026
Control;0.0004799904001919;0.7551020408163265;1.5193023380999913
Unknown;0.6650266994660107;0.0666666666666666;0.2236596976336226
Low;0.0243995120097598;-0.3811728395061728;-0.5618726049746208
Unknown;0.7658246835063299;0.0904761904761904;0.0974097864774387
Unknown;0.122677546449071;0.4420289855072464;0.6696789583152174
Low;7.999840003199936e-05;0.8649350649350649;2.225320974951626
High;0.372552548949021;-0.24;-0.3918720269563879
Unknown;0.5488290234195317;-0.1277330264672037;-0.1981044611706569
High;0.1536769264614707;0.2777777777777778;0.629070237667434
Low;0.2055958880822383;-0.228395061728395;-0.5371974119603002
Unknown;0.2177556448871022;-0.3768115942028985;-0.5490738847465826
Unknown;0.0037199256014879;0.6012176560121766;1.022316250720224
Unknown;0.0780384392312153;0.4518518518518518;0.7840033132497936
Unknown;0.4113117737645247;0.1914893617021276;0.3625752145154909
Unknown;0.8497830043399132;-0.0385416666666666;-0.0506858274484145
Unknown;0.3768724625507489;0.228395061728395;0.3848707606609233
Unknown;0.0321193576128477;-0.5;-0.9778092379679268
Unknown;0.3849523009539809;-0.2745098039215686;-0.3780432984604268
Unknown;0.0250394992100158;0.3717948717948718;0.6980856547956776
Unknown;0.6922661546769064;0.074074074074074;0.1728837343107964
Unknown;0.1887162256754865;0.2925170068027211;0.5749758375490295
Unknown;0.5194696106077878;-0.21;-0.3188537572174238
Low;0.4426711465770684;-0.1428571428571428;-0.369678554748146
Unknown;0.5182696346073079;0.3623188405797101;0.2690128531191274
Unknown;0.3362332753344933;0.2444444444444444;0.4641438633895506
Unknown;0.0166796664066718;0.5238095238095238;0.9126389390976164
Unknown;0.240995180096398;0.2777777777777778;0.518665151294186
Unknown;0.1319573608527829;0.4;0.7012823712258616
Unknown;0.4863102737945241;-0.2127659574468085;-0.3017762994198127
Unknown;0.4851902961940761;0.1407407407407407;0.3211219724639985
Unknown;0.494670106597868;0.1911111111111111;0.3257299241730853
Unknown;0.9335813283734326;-0.1022222222222222;-0.0060707541843793
Unknown;0.3267934641307173;-0.1666666666666666;-0.3501978465238521
Control;0.0279994400111997;0.4625850340136054;1.4394214169833417
Unknown;0.2185556288874222;-0.3704600484261501;-0.5013187889334003
Control;3.999920001599968e-05;-0.8508371385083714;-1.3950905702793333
Unknown;0.8571828563428732;0.0757575757575757;0.0816043077483544
High;0.0462790744185116;0.4645354645354645;0.6787047377222483
Unknown;0.8619427611447771;-0.0933333333333333;-0.0771645401928584
Medium;0.5983080338393232;0.1935483870967742;0.1931921474804925
Unknown;0.1825163496730065;0.3143939393939394;0.49863006085051
Unknown;0.5210295794084119;0.1155115511551155;0.2029469376928666
Unknown;0.2000759984800304;0.3439153439153439;0.5188225054610113
Control;3.999920001599968e-05;0.7422839506172839;1.7489720612482913
Medium;0.375632487350253;0.1082089552238805;0.3328613280661548
Unknown;0.0144797104057918;0.5460992907801419;1.0821909641584144
Unknown;0.1455970880582388;0.3866666666666666;0.6266403341372255
Unknown;0.5256294874102518;-0.171875;-0.2419534671733335
Unknown;0.8364632707345853;-0.0567375886524822;-0.0851582158317994
Unknown;0.8526629467410651;0.0780141843971631;0.0810871061837112
Unknown;0.2922341553168937;-0.1893939393939394;-0.4013537142417563
Unknown;0.0843583128337433;0.4313725490196078;0.724809702221483
Unknown;0.0655586888262234;0.4604651162790698;0.8648870049274522
Unknown;0.0059598808023839;0.5923076923076923;0.9873835413246228
Unknown;0.0002799944001119;0.6666666666666666;1.2053842202948828
Unknown;0.0016399672006559;0.7681159420289855;1.4091653828897832
Unknown;0.6690666186676266;-0.1822222222222222;-0.1850167441686808
Unknown;0.6104277914441711;0.1020408163265306;0.2108391223527758
Unknown;0.6554668906621868;-0.0763888888888889;-0.1976919869495293
Unknown;0.6937461250774984;0.0816326530612244;0.1851274617406332
Unknown;0.75162496750065;-0.0486111111111111;-0.1335993567698618
Unknown;0.496190076198476;0.1159420289855072;0.3060871763942155
Low;0.0230395392092158;-0.6363636363636364;-0.9056878601243402
Unknown;0.0337593248135037;0.4821428571428571;0.8378655391447423
Unknown;0.49955000899982;-0.2142857142857142;-0.2726560272411669
Unknown;0.1315573688526229;0.437037037037037;0.6587576562524506
Unknown;0.7769844603107938;-0.0524193548387096;-0.1049540594892912
Unknown;0.4717905641887162;0.1851851851851851;0.3200537421490523
Unknown;0.120797584048319;0.3824884792626728;0.6268235385460313
Unknown;0.4664706705865882;-0.1822222222222222;-0.3516036939786681
Unknown;0.4441511169776604;0.1791383219954648;0.3075013311825955
Low;7.999840003199936e-05;0.9696969696969696;3.718553403153446
Unknown;0.5162696746065079;0.1777777777777777;0.2834204992840263
Unknown;0.1455970880582388;-0.2932330827067669;-0.5934976034387794
Unknown;7.999840003199936e-05;0.7891891891891892;1.5536833683951536
Unknown;0.9382212355752884;-0.0222222222222222;-0.0346342757824506
Unknown;0.3829923401531969;-0.2260869565217391;-0.4154689318631399
Unknown;0.0009599808003839;-0.8222222222222222;-1.5452276549914457
Unknown;0.4318713625727485;0.2847222222222222;0.3436468535702133
Unknown;0.4745105097898042;-0.1383333333333333;-0.2205815220630591
Unknown;0.5203895922081558;0.1259259259259259;0.2857436341835139
High;0.118357632847343;0.3204819277108434;0.5540952998245091
Unknown;0.1523169536609268;0.3333333333333333;0.6310060956953422
Unknown;0.6716665666686666;0.099273607748184;0.1754690297819658
Unknown;0.0149197016059678;0.6031746031746031;1.1191461987289693
Unknown;0.1985160296794064;-0.2832929782082324;-0.5233956179926721
Low;0.0649987000259994;-0.2537878787878788;-0.665843974683486
Medium;0.4721105577888442;0.1217948717948717;0.3056330448081762
Unknown;0.6536669266614668;-0.1466666666666666;-0.2073365416630588
Unknown;0.0332793344133117;0.4436090225563909;0.8738598670856537
Unknown;0.6862262754744906;0.1012987012987013;0.1728413984480564
Unknown;0.0035199296014079;0.6805555555555556;1.2407520173798712
Unknown;0.0833983320333593;-0.3302469135802469;-0.6170790751262585
Control;0.742345153096938;0.1111111111111111;0.1133528237140316
Unknown;0.509909801803964;0.1428571428571428;0.2705109754593732
Control;0.0510789784204315;-0.4506172839506173;-0.6925076022113111
Unknown;0.6636026447347202;-0.1764705882352941;-0.2694811554152211
Unknown;0.4003919921601568;0.2333333333333333;0.3013524231782732
Unknown;0.0164396712065758;0.6434108527131783;1.0323621110852628
Unknown;0.0737985240295194;0.4336734693877551;0.6776597075262938
Unknown;0.0011599768004639;0.6701388888888888;1.196238185843352
Unknown;0.2956340873182536;-0.2857142857142857;-0.4595155996039645
Unknown;0.2848743025139497;-0.2463054187192118;-0.4408785672422974
Unknown;0.997500049999;-0.0340136054421768;0.0105439479744725
Medium;0.8175436491270175;0.1295399515738498;-0.0765852823922047
Unknown;0.2540749185016299;-0.3086419753086419;-0.4986884258917708
Low;0.8805823883522329;0.0793650793650793;-0.0671947351337202
Unknown;0.1534369312613747;-0.2551020408163265;-0.5609698760417692
Unknown;0.2198756024879502;-0.2826086956521739;-0.5511423444185898
Unknown;0.4304313913721725;-0.2;-0.3466235919659886
Low;0.0095598088038239;0.6533333333333333;1.132655532790578
High;0.0019199616007679;0.6828358208955224;1.392578832235765
Unknown;0.0160796784064318;-0.6352201257861635;-1.1710128229695544
Unknown;0.807563025210084;0.0909090909090909;0.1586789330408912
Unknown;0.0807583848323033;0.36328125;0.6463885519918833
Unknown;0.618187636247275;0.0844444444444444;0.2558191855405781
Unknown;0.2665946681066378;0.2679738562091503;0.4947822506397805
Medium;0.9301413971720566;0.0476190476190476;-0.0543728951135198
Unknown;0.4009519809603808;0.2;0.408869686386367
Unknown;0.5833083338333234;0.1521739130434782;0.2389806786626518
Unknown;0.0223195536089278;0.6051948051948052;0.8739122816250943
Low;0.1976760464790704;0.3541666666666667;0.5609177533529759
Unknown;0.0085198296034079;0.5111111111111111;0.929549612891399
Medium;0.2801143977120457;-0.1333333333333333;-0.3082503655755088
Unknown;0.370792584148317;0.2222222222222222;0.396421098395682
Medium;0.0031599368012639;-0.808695652173913;-1.4866762061465797
Unknown;0.0143597128057438;0.6595744680851063;1.1543247641395202
Unknown;0.366512669746605;0.2463768115942029;0.3964411582934325
Unknown;0.1429971400571988;0.2545454545454545;0.4718984802584365
Unknown;0.0854382912341753;0.4135338345864661;0.6895775214078026
Unknown;0.631467370652587;0.0425531914893617;0.2106163033634528
Unknown;0.3028739425211496;0.2348484848484848;0.3888321604499044
Unknown;0.1971960560788784;-0.3407407407407407;-0.5827857561557553
Unknown;0.3816723665526689;-0.226950354609929;-0.3799506687100183
Unknown;0.0061198776024479;0.7189542483660131;1.2483533652938446
Unknown;0.3430331393372132;-0.28;-0.4505919137183728
Unknown;0.8603427931441371;-0.0755555555555555;-0.084646398855267
Unknown;0.7270654586908262;-0.0074074074074074;-0.152672105434297
Unknown;0.0900381992360152;0.2533013205282113;0.4791312943105277
Unknown;0.0364392712145757;-0.5288888888888889;-0.9975206901587412
Unknown;0.4750304993900122;0.2028985507246377;0.3234737408809802
Unknown;0.3158736825263494;0.1844155844155844;0.4105856989319444
Unknown;0.0897982040359192;-0.3888888888888889;-0.7342670186515773
Unknown;0.5106297874042519;0.1485507246376811;0.2472603511319377
Unknown;0.6708265834683307;-0.1836734693877551;-0.1642085650268211
Medium;7.999840003199936e-05;-0.915032679738562;-1.860202483560438
Unknown;0.5872682546349073;-0.1632653061224489;-0.2336386201271998
Unknown;0.0001199976000479;0.6565656565656566;1.3259939054959289
Low;0.0009599808003839;0.9035087719298246;1.860753891123792
Unknown;0.9099818003639928;-0.0814814814814814;-0.0471260918188525
Medium;0.0022799544009119;-0.5555555555555556;-0.9030581839355956
Unknown;0.2613510520487264;-0.5121951219512195;-0.8377953429637689
Unknown;0.0040799184016319;0.5808823529411765;1.042588545398528
Unknown;0.3567528649427011;0.2127659574468085;0.4074581368408634
Unknown;0.0007199856002879;0.7898550724637681;1.4444798751870516
Low;0.0122397552048959;-0.5207373271889401;-0.9429410826352662
Unknown;0.4844703105937881;0.0891566265060241;0.2353695712546701
Unknown;0.4681906361872762;-0.272108843537415;-0.3160465002439486
Unknown;0.4199116017679646;-0.3155555555555555;-0.3874613104920525
Unknown;0.4423111537769245;0.1875;0.3397603189111053
Unknown;0.0187996240075198;-0.5933333333333334;-1.0610045654640663
Unknown;0.6099078018439631;0.1063829787234042;0.2329754231772994
Unknown;0.0159596808063838;0.416267942583732;0.7646021911436804
Unknown;0.7025059498810023;-0.0748299319727891;-0.1580975113228206
Unknown;0.9732605347893042;-0.0158730158730158;-0.0151327258598539
Unknown;0.4138717225655487;-0.2836879432624113;-0.35338926260149
Control;0.4330313393732125;0.217391304347826;0.3498966387486035
Control;0.5881482370352593;0.115079365079365;0.2009664851354666
Medium;0.0155596888062238;-0.6975308641975309;-1.0716778332874293
Unknown;0.8234635307293854;-0.0416666666666666;-0.0918424977074973
Unknown;0.0766384672306553;-0.44;-0.8819215954823225
Unknown;0.1831963360732785;0.3333333333333333;0.5780351241080197
Control;3.999920001599968e-05;0.92;2.420667667691176
Control;3.999920001599968e-05;-0.9033613445378152;-0.9700336066619876
Low;0.0031999360012799;0.6458333333333334;1.2583548334354102
Unknown;0.8499430011399772;0.1205673758865248;0.0794280458192159
Unknown;0.0222795544089118;-0.5466666666666666;-1.1850079290543023
Unknown;0.1082378352432951;0.3082706766917293;0.6502604035127258
Unknown;0.0892782144357112;0.3809523809523809;0.7148186513154724
Unknown;0.3262334753304934;-0.2779220779220779;-0.3943577530425743
Unknown;0.1087978240435191;0.4248366013071895;0.7085560767531812
Unknown;0.4358712825743485;0.1377777777777777;0.3685063131168029
Unknown;0.2096758064838703;0.3396226415094339;0.543261923336722
Unknown;0.3156336873262534;-0.261437908496732;-0.4391562180181042
Unknown;0.3760724785504289;0.2148148148148148;0.3826667423388645
Unknown;0.3118737625247495;0.2371794871794871;0.4433475357648042
Unknown;0.0038799224015519;0.6388888888888888;1.2258641889624995
Unknown;0.3561528769424611;0.2628205128205128;0.4033096776744062
Unknown;0.4295514089718205;-0.1466666666666666;-0.3454876961497782
Unknown;0.9484610307793844;-0.0902777777777777;-0.017145244296202
Unknown;0.4687506249875002;-0.1333333333333333;-0.311660053206125
Control;0.0038799224015519;0.7692307692307693;1.508535583499728
Unknown;0.0896782064358712;0.3851851851851852;0.7221247243996768
Unknown;0.0357592848143037;-0.5507246376811594;-0.9709180283935304
Control;0.1560368792624147;-0.0129870129870129;0.6597402233181349
Unknown;0.1526769464610707;0.3260869565217391;0.6229748131948221
Unknown;0.1481570368592628;0.3950617283950617;0.6118097956743312
Low;0.6039479210415791;0.0459183673469387;0.2002692561542784
Unknown;0.9144617107657846;-0.0068027210884353;-0.0502413955411802
Unknown;0.0260394792104157;0.4897959183673469;0.8848727278014571
Unknown;3.999920001599968e-05;0.80078125;1.5580443432102355
Low;0.0013999720005599;0.4367816091954023;1.3072422797932572
Control;0.2590748185036299;0.4791666666666667;0.3692038639063765
Unknown;0.2892342153156937;0.2536231884057971;0.4653419164363345
Control;0.0087198256034879;0.6464891041162227;1.102185539502048
Unknown;0.0826783464330713;-0.44;-0.8578505967756337
Unknown;0.0001199976000479;0.7123595505617978;1.3206911354089244
Unknown;0.4115517689646207;0.1969696969696969;0.3070868305103863
Medium;0.0253594928101437;0.6170212765957447;0.9057872848269208
Unknown;0.0038399232015359;0.627906976744186;1.332912914242376
Unknown;0.617387652246955;-0.1830065359477124;-0.2101294843933521
Medium;0.0002399952000959;0.7326388888888888;1.696868894884216
Unknown;3.999920001599968e-05;0.9;1.8114817492311783
Low;0.9100617987640248;-0.074074074074074;-0.0458116121623195
Unknown;0.6389072218555629;-0.1489361702127659;-0.2078377177428713
Unknown;0.5580688386232275;-0.1020408163265306;-0.2392831559074732
Unknown;0.8211035779284415;-0.0617283950617283;-0.0978846186537724
Unknown;0.0300393992120157;0.4761904761904761;0.8063638476632766
Unknown;0.1742365152696946;-0.437037037037037;-0.6069255463045041
Unknown;0.244795104097918;0.2028985507246377;0.5096678643537685
Unknown;0.5531089378212436;-0.1629629629629629;-0.2578217313518681
High;0.0268394632107357;0.5227272727272727;0.8468887761544432
Unknown;0.6096278074438511;0.0833333333333333;0.2324830715681915
Unknown;0.4642307153856922;-0.2444444444444444;-0.3492342693409769
Unknown;0.3019939601207976;0.217391304347826;0.4511667677561206
Unknown;0.988620227595448;0.0272727272727272;-0.0213771165015191
Unknown;0.0005599888002239;0.6948529411764706;1.3050252189072675
Unknown;0.8600627987440251;0.0844444444444444;0.0963504407234972
Unknown;0.0031999360012799;-0.7246376811594203;-1.4577190258908652
Unknown;0.0008399832003359;0.6385185185185185;1.175571432374337
Unknown;0.0755584888302234;-0.4666666666666667;-0.7915412884498793
Unknown;0.6632267354652907;0.1147540983606557;0.1820968263628692
Unknown;3.999920001599968e-05;0.8112633181126332;1.56674176986148
Unknown;0.3794324113517729;-0.2809523809523809;-0.3502907770196944
Unknown;0.8571828563428732;0.0488888888888888;0.0937721591573778
High;0.2783544329113417;0.2681159420289855;0.4825315996905697
Unknown;0.0356792864142717;0.4740740740740741;0.8724533301093259
Low;0.0049999000019999;0.5809859154929577;1.25288797879634
Unknown;0.5804683906321874;0.08203125;0.209450503821744
Control;0.0311993760124797;-0.2738095238095238;-0.7348308252824243
Unknown;0.0262394752104957;-0.5153061224489796;-0.9124722291512696
Unknown;0.6810663786724266;-0.0884353741496598;-0.1636910843921117
Unknown;0.123557528849423;-0.2857142857142857;-0.8173035853470106
Unknown;0.2345553088938221;0.2374213836477987;0.3625643989984566
Unknown;0.6513869722605548;0.122077922077922;0.1836192103308896
Unknown;0.8902221955560888;-0.0074074074074074;-0.0706522870767271
High;0.6507069858602827;0.1013824884792626;0.1770457410286708
Unknown;0.2298754024919501;0.36;0.5660632119974763
Unknown;0.8201035979280414;-0.0757575757575757;-0.0914374928374095
Unknown;0.0011599768004639;0.6183908045977011;1.0648233302403431
Unknown;0.3785924281514369;0.3333333333333333;0.3763754334414148
Unknown;0.8354632907341853;-0.0952380952380952;-0.0784274824892301
Unknown;0.0517589648207035;-0.5123456790123457;-0.8995512705692742
Medium;3.999920001599968e-05;0.9937106918238994;3.339762039770751
Unknown;0.5496290074198517;0.0933333333333333;0.2704335376103162
Unknown;0.2119957600847983;0.3316326530612244;0.4961710483360826
Unknown;0.878942421151577;-0.0234375;-0.0540320103409754
Low;0.0775984480310393;-0.4097222222222222;-0.8201908625347343
Unknown;0.2071958560828783;0.2681704260651629;0.5147459916703934
Unknown;0.0725185496290074;-0.3955555555555555;-0.8675877439349765
Unknown;0.0559988800223995;-0.5098039215686274;-0.8665110088399889
Unknown;0.4594308113837723;-0.1875;-0.3200102405404695
Unknown;0.0133997320053598;0.6177777777777778;1.1384437677968
Unknown;0.2255554888902222;-0.2355555555555555;-0.5831846089423927
High;0.0099998000039999;-0.6419753086419753;-1.018791503918839
Unknown;0.886342273154537;0.0705128205128205;0.0734333405652089
Unknown;0.6321873562528749;-0.1283292978208232;-0.1850135079967252
Unknown;0.5231095378092439;0.1418439716312056;0.2755897724511095
Unknown;0.879342413151737;-0.0297619047619047;-0.0685533819968201
Unknown;0.490870182596348;-0.2608695652173913;-0.2927324218552463
Unknown;0.1336373272534549;0.40625;0.5689396329606305
Unknown;0.2879942401151977;-0.1458333333333333;-0.4723236353418866
Unknown;0.7488250234995301;0.1111111111111111;-0.1135601544989252
Unknown;0.5619487610247795;0.1489361702127659;0.2491685571594062
Unknown;0.3552328953420932;0.44;0.4395186215001049
Unknown;0.3514729705405892;0.1201201201201201;0.3334775047062503
Low;3.999920001599968e-05;0.7741046831955923;1.914639908867405
Unknown;0.6891862162756744;-0.0814814814814814;-0.1641951746487501
Unknown;0.0008399832003359;0.8115942028985508;1.559422686043037
Unknown;0.2245155096898062;0.2826086956521739;0.5226314892531297
Unknown;0.7591448171036579;0.1790123456790123;0.1474318322187862
Unknown;0.749385012299754;0.0384615384615384;0.1481448692457227
Unknown;0.737785244295114;-0.0653753026634382;-0.1214614774534477
Unknown;0.7155456890862183;0.037037037037037;0.1529275252057918
Unknown;0.490990180196396;-0.1843971631205673;-0.3023716757929311
Unknown;0.0044799104017919;0.59375;1.0701399010027035
Control;0.9122217555648888;0.1043956043956044;-0.0978698440416087
Unknown;0.8506229875402492;-0.1063829787234042;-0.0776032453278365
Unknown;0.991860162796744;-0.0459183673469387;0.0131584342095639
Unknown;0.49335013299734;0.1197994987468671;0.1896659174876415
Unknown;0.9438611227775444;0.0098522167487684;0.0342883805296911
Unknown;0.4342313153736925;0.141025641025641;0.3439103135510086
Unknown;0.8182236355272895;0.0577777777777777;0.1177455901422349
Unknown;0.9714205715885682;-0.0061728395061728;0.0203076987856625
Unknown;0.9441011179776404;-0.0212765957446808;-0.0239750936545441
Unknown;0.6731065378692426;-0.1244239631336405;-0.173015914358308
Unknown;0.8464230715385692;-0.0432098765432098;-0.0771909844524976
Control;0.3138337233255335;-0.3181818181818182;-0.4422966771832803
Unknown;0.2565148697026059;-0.3866666666666666;-0.5484095887151808
Unknown;0.1077578448431031;0.287037037037037;0.5711534270407426
Unknown;0.6798664026719465;0.1185185185185185;0.1797948249886223
Unknown;0.9525009499810004;-0.0784313725490196;-0.0113617141026803
Unknown;0.243395132097358;-0.3522012578616352;-0.5064285291837138
Low;0.0983580328393432;0.437037037037037;0.743349305732478
Unknown;0.0763184736305273;-0.4133333333333333;-0.8086141127319451
Unknown;0.5279894402111958;0.1703703703703703;0.2879209811793034
High;0.0002799944001119;0.9111111111111112;1.6419557243860037
Control;3.999920001599968e-05;0.8866995073891626;2.0894499172406378
Unknown;0.6419471610567788;-0.1773049645390071;-0.2030049092653925
Unknown;0.5470690586188276;0.0769230769230769;0.2561740735943358
Low;0.4707105857882842;-0.0314465408805031;-0.3229524165743687
Unknown;0.9543009139817203;-0.0797101449275362;-0.0133950582295741
Unknown;0.8058638827223455;0.0628930817610062;0.1143574960551556
Unknown;0.0002399952000959;0.8277777777777777;1.3942251359530056
Control;0.0596388072238555;0.6266666666666667;0.9788252024161838
Unknown;0.6392272154556908;0.0977443609022556;0.1922684950843202
Unknown;0.636827263454731;0.1259259259259259;0.211137113975806
Unknown;0.251954960900782;-0.3269230769230769;-0.4970851304134928
Unknown;0.7328653426931462;-0.0619047619047619;-0.1378558865337881
Unknown;0.2231155376892462;-0.3703703703703703;-0.5431512472870572
Unknown;0.3515529689406212;0.2561576354679803;0.3830999345481292
Unknown;0.0034799304013919;0.5488888888888889;0.9953725765869682
Medium;0.5525889482210355;0.1843971631205673;0.2636995237716891
Low;0.7637847243055139;-0.1818181818181818;-0.1392504691832943
Unknown;0.2573148537029259;0.2533333333333333;0.5559642559723902
Unknown;0.0954380912381752;-0.3851851851851852;-0.7414223265765723
Unknown;0.0335193296134077;-0.562962962962963;-1.0083225774713038
Unknown;0.8394232115357693;0.0588235294117647;0.0903742957892361
Medium;0.0254794904101917;0.4117647058823529;1.373798294007831
Unknown;0.0239195216095678;0.522248243559719;0.8661395413609565
Unknown;0.0006799864002719;-0.7422222222222222;-1.7198561300444493
Low;0.8397832043359132;-0.0933333333333333;0.0956059633635118
Control;0.0001599968000639;0.5798941798941799;1.267062589464613
Unknown;0.1362772744545109;-0.3971631205673759;-0.6710485328459188
Unknown;0.0246395072098558;-0.5037593984962406;-0.9387431739666524
Unknown;0.8102637947241055;0.1014492753623188;0.1187428304020736
Unknown;0.4117917641647167;0.220125786163522;0.3616149298446878
Unknown;0.244235115297694;0.2986111111111111;0.5080977239656903
Control;0.5194296114077719;-0.1538461538461538;-0.2424548199836372
Low;0.0794784104317913;-0.3111111111111111;-0.7437605063487396
Control;0.4340313193736125;-0.1115384615384615;-0.2984911106900383
Unknown;0.0263594728105437;0.5486111111111112;0.9387876817934862
Unknown;0.9579008419831604;-0.0133333333333333;-0.0268173345654976
Low;0.0135597288054238;-0.473922902494331;-0.9343739232438056
Unknown;0.4003119937601248;-0.1957671957671957;-0.3422658798401946
Unknown;0.0636387272254555;-0.4666666666666667;-0.8140839247734456
Medium;0.0002399952000959;0.5662878787878788;1.3200518792810103
Control;0.0216395672086558;-0.5185185185185185;-0.6588174947441275
Unknown;0.0003999920001599;0.7755102040816326;1.5673917345016142
Unknown;0.0739985200295994;-0.4893617021276595;-0.7856602693297828
Unknown;0.0020799584008319;0.6417910447761194;1.163725120019889
Unknown;0.2127957440851183;-0.427536231884058;-0.5565990083988274
Unknown;0.7102657946841063;-0.2138364779874214;-0.1549231843209367
Unknown;0.6369072618547629;-0.1698113207547169;-0.1955877283533783
Control;0.1049179016419671;0.1921182266009852;0.6922209336038131
Unknown;0.4469510609787804;0.1956521739130435;0.3287402323278607
Unknown;0.0584388312233755;0.4844444444444444;0.9206723493505088
Unknown;0.0745185096298074;-0.375;-0.8172004290248055
Unknown;0.0475190496190076;0.3795454545454545;0.6719045497660814
Unknown;0.378432431351373;-0.1779448621553884;-0.359065084498556
Unknown;0.495790084198316;-0.1168831168831168;-0.271189569972965
Unknown;0.3063538729225415;0.2155844155844155;0.4156074531468107
Unknown;0.0007999840003199;-0.7533333333333333;-1.5798292651047936
Unknown;0.0141597168056638;0.5398550724637681;0.9308283268124516
Unknown;0.0891582168356632;0.34375;0.6374381232789289
Control;0.5221895562088759;0.601078167115903;0.2408395964795956
Unknown;0.377752444951101;-0.2340425531914893;-0.3880816241550995
Unknown;0.99410011799764;-0.0133333333333333;0.0039717708109052
Unknown;0.8042239155216896;0.0555555555555555;0.120440282743035
Unknown;0.4511909761804764;-0.2230576441102756;-0.3034477484222379
Unknown;0.6552668946621067;-0.1071428571428571;-0.171979686314667
Unknown;0.0046799064018719;0.717391304347826;1.189621624207118
Low;0.6921461570768584;0.3277074542897327;-0.167206216901048
Unknown;0.0025999480010399;-0.6666666666666666;-1.3530538390874518
Unknown;0.1957160856782864;0.2628205128205128;0.5651480722299745
Medium;0.2351552968940621;0.0784313725490196;0.5220647991326903
Low;0.3517529649407012;-0.2327044025157232;-0.4043059664385329
Unknown;0.0475990480190396;0.5529411764705883;0.9774851183415226
Control;0.25107497850043;-0.1805555555555555;-0.4029991007066169
Unknown;0.0734385312293754;-0.4492753623188406;-0.842309041212637
Control;0.0004799904001919;0.7369614512471655;1.5999166413067605
Unknown;0.1487170256594868;-0.335548172757475;-0.5950374524282896
Medium;0.0036399272014559;0.7243107769423559;1.4047460411045385
Unknown;0.0005199896002079;0.837037037037037;1.4227430797011045
Unknown;0.2218355632887342;0.3209876543209876;0.5299294321056454
Unknown;0.6119477610447791;0.1458333333333333;0.2220938703889625
Unknown;0.0084798304033919;0.6444444444444445;1.0893571698707492
Unknown;0.1876362472750544;-0.3141025641025641;-0.591505437290817
Control;0.3015139697206055;-0.1392649903288201;-0.336443982450284
Low;0.0303993920121597;-0.5432098765432098;-0.9118509895816778
Unknown;0.6633467330653386;0.1363636363636363;0.2027133038272911
Unknown;0.0769184616307673;0.4217687074829932;0.737864248059951
Control;0.0466390672186556;0.5864197530864198;0.907091829955204
Unknown;0.4260314793704126;-0.1822222222222222;-0.3780427206117899
Unknown;0.7279454410911782;0.1269841269841269;0.1373995586129814
Unknown;0.1938761224775504;-0.3955555555555555;-0.6147960896677114
Control;0.0149597008059838;0.6285714285714286;1.0029663600248109
Unknown;0.0524389512209755;0.5037037037037037;0.8446722100816224
Control;0.0019999600007999;0.6711590296495957;1.2574633934220296
Unknown;0.4307113857722845;-0.2352941176470588;-0.3341766097922415
Unknown;0.3205135897282054;-0.2839506172839506;-0.4425416348446874
Unknown;0.1328373432531349;-0.3182957393483709;-0.6060158653512552
Unknown;0.5606287874242515;-0.1972789115646258;-0.2527800993122034
Unknown;0.9625007499850003;0.0234192037470726;-0.014391174104677
Unknown;0.5769084618307634;0.1805555555555555;0.2503125661741374
Unknown;0.2677946441071178;-0.2847222222222222;-0.4829682017546541
Unknown;0.0013999720005599;0.6964285714285714;1.146653347916862
Unknown;0.8103437931241375;-0.0579710144927536;-0.1006824113852805
Unknown;0.2068358632827343;-0.288135593220339;-0.5231154763121395
Medium;0.0715985680286394;0.5292929292929293;0.661145144514218
Unknown;0.7726245475090499;0.0833333333333333;0.1271776571884851
Unknown;0.9750604987900242;-0.0142857142857142;0.0134801249215272
High;0.1468770624587508;-0.4347826086956521;-0.6285245469400809
Control;0.99310013799724;-0.0051020408163265;0.0036658832291663
High;0.2699146017079658;0.5390625;0.4285943457584689
Unknown;0.0003599928001439;0.7414965986394558;1.423219921680955
Unknown;0.8422631547369053;-0.0680272108843537;-0.0888511366689514
Unknown;0.246955060898782;-0.2244897959183673;-0.4491042130695323
Unknown;0.1372372552548949;0.3594470046082949;0.6182602560330345
Control;0.1337973240535189;-0.3653846153846153;-0.57549117458663
Unknown;0.1977560448791024;0.3010204081632653;0.5165223629647341
Unknown;0.3113937721245575;0.2193877551020408;0.4114028321883418
Unknown;0.1647567048659027;0.2830882352941176;0.5227216320098195
Unknown;0.0172796544069118;0.5878220140515222;0.972322910038512
Unknown;0.1037579248415031;0.2977777777777777;0.8142348301295711
Unknown;0.0182796344073118;-0.5102040816326531;-0.8981237049349642
Unknown;0.7265854682906342;-0.0577777777777777;-0.1654032125607711
Low;0.3848323033539329;-0.1925925925925926;0.4367222246882122
Unknown;0.1631967360652787;-0.4102564102564102;-0.6159090009697358
Unknown;0.6604267914641707;0.0493506493506493;0.1769676364336195
Unknown;0.4710305793884122;0.1691176470588235;0.2739090538123833
Unknown;0.1751964960700786;-0.2857142857142857;-0.61113841388064
Unknown;0.0661986760264794;0.4779874213836478;0.7906251854921592
Unknown;0.867902641947161;-0.1632653061224489;-0.071209142829645
Unknown;0.872702545949081;0.023076923076923;0.0662624428070804
Low;0.1676766464670706;0.3133802816901408;0.5250648818872329
Unknown;0.2137557248855023;0.3968253968253968;0.5532979232900068
Unknown;0.618427631447371;-0.1597222222222222;-0.2138098246739173
Unknown;0.0335993280134397;0.5277777777777778;0.9380204757783636
Unknown;0.7619447611047779;0.0311111111111111;0.1634596563356129
Unknown;0.0823983520329593;0.4625850340136054;0.7611557888863975
Unknown;0.2305953880922381;-0.3475177304964539;-0.539858839545253
Unknown;0.2809543809123817;-0.3461538461538461;-0.4732551515109522
Unknown;7.999840003199936e-05;0.7939110070257611;1.442508110730342
Unknown;0.1088378232435351;0.3472222222222222;0.5616356660762675
Unknown;0.3888322233555329;-0.2193877551020408;-0.3466104312627415
Unknown;0.0743185136297274;0.3471264367816092;0.5998147807847004
Unknown;0.507509849803004;-0.2695035460992908;-0.2807261255376868
Unknown;0.3315133697326053;-0.3082706766917293;-0.3911408204266868
High;0.4509509809803804;-0.0995670995670995;-0.2792963412022251
Unknown;0.5805083898322033;-0.1466666666666666;-0.2680978935492985
Unknown;0.0010799784004319;0.6755447941888619;1.255228565197721
Control;0.8520629587408252;0.0233766233766233;0.0614152751230173
Unknown;0.7780644387112258;-0.0817610062893081;-0.1167250186740939
Unknown;0.4412711745765085;0.1285714285714285;0.2560078492399769
Unknown;0.5353892922141558;-0.1886792452830188;-0.268463189883822
Unknown;0.8521029579408412;0.0283687943262411;0.0835989514360533
Unknown;0.0265994680106397;0.5037037037037037;1.0126266374696686
Unknown;0.0021599568008639;0.6458333333333334;1.135023056347798
Unknown;0.3875122497550049;0.1957671957671957;0.3487198529641379
Unknown;0.0001199976000479;-0.8095238095238095;-1.607016061643487
Low;0.8309033819323614;-0.0927318295739348;-0.0917889648021552
Unknown;0.0466390672186556;-0.4666666666666667;-0.891514411308184
Unknown;0.6209875802483951;-0.0714285714285714;-0.2054525202880988
Unknown;0.2036759264814703;0.2992957746478873;0.4799833011003638
Unknown;0.1800763984720305;-0.328042328042328;-0.5478085214416173
Unknown;0.0285594288114237;-0.5617283950617284;-1.015605168331173
Unknown;0.0125597488050238;0.5782312925170068;1.061288512828604
Unknown;0.0184796304073918;-0.532051282051282;-1.0257851137859573
Unknown;0.8890622187556249;-0.0296296296296296;0.0710192340326801
Low;0.5093498130037399;-0.1602564102564102;-0.289571840813645
Unknown;0.0527989440211195;0.4680851063829787;0.8108412015273191
Unknown;0.0003599928001439;0.6790123456790124;1.3337794684542064
Control;0.0031599368012639;0.64;1.5224117647479332
Unknown;0.5191496170076598;-0.0619047619047619;-0.2591682445656083
Control;0.3482330353392932;-0.1428571428571428;-0.4049264964684619
Control;0.1557568848623027;0.4;0.6289272458497861
Unknown;0.3587928241435171;0.2814814814814815;0.4017990334343997
Unknown;0.0641187176256474;0.46;0.8173827225989714
Unknown;0.0553188936221275;0.4666666666666667;0.8237216075536714
Control;0.364232715345693;-0.1304347826086956;-0.3996505318644904
Unknown;0.125357492850143;0.2959183673469387;0.6123545701470897
Unknown;0.254714905701886;0.2391304347826087;0.4999655508565248
Unknown;0.6817463650726986;-0.1319444444444444;-0.1790183753582891
Medium;0.2777144457110858;0.2765957446808511;0.4736484340289277
Unknown;3.999920001599968e-05;0.7721518987341772;1.4962784039414012
Unknown;0.7014259714805704;0.0992907801418439;0.1720917174672639
Unknown;0.1673566528669426;-0.3191489361702128;-0.677948810175302
Unknown;0.996740065198696;0.0185185185185185;0.0038538702633453
Unknown;0.6439071218575628;0.108695652173913;0.2175415995175229
Unknown;0.7035059298814024;0.0755555555555555;0.1950816724409933
Control;0.0586788264234715;-0.4613583138173302;-0.7370427702430349
Unknown;0.1793164136717265;-0.4066666666666667;-0.5863008725934417
Unknown;0.367392652146957;-0.3777777777777777;-0.4362224810897869
Control;0.0426391472170556;0.6123188405797102;0.8851931503847892
Low;3.999920001599968e-05;0.8722222222222222;2.3635828501923606
Low;0.0001999960000799;0.8639455782312925;1.531278701716313
Low;0.0103197936041279;-0.5546875;-0.9441384764939568
Unknown;0.2124357512849743;-0.3155555555555555;-0.59164407782811
Unknown;0.7161456770864583;-0.0763888888888889;-0.1535043161178085
Unknown;0.250794984100318;-0.3703703703703703;-0.5129074992349655
Unknown;0.7674246515069698;-0.0485074626865671;-0.1112910477167541
High;3.999920001599968e-05;0.9565217391304348;2.1978089407000323
Unknown;0.2545949081018379;-0.2205882352941176;-0.429640622640992
Unknown;0.3429931401371973;0.2287581699346405;0.4211699721432841
Control;0.3615127697446051;-0.1111111111111111;-0.4033500606112981
Low;0.0130797384052318;0.5864197530864198;1.136810957623922
Unknown;0.5161496770064599;0.1956521739130435;0.287881522122078
Unknown;0.5790684186316274;-0.1346153846153846;-0.2392084999485242
Unknown;0.1847963040739185;-0.2689393939393939;-0.5052779685216109
Unknown;0.5585088298234036;-0.2013888888888889;-0.2470756121606296
Unknown;0.1879962400751985;0.3584905660377358;0.5689428020055655
Unknown;0.119117617647647;0.3125;0.5845729456085489
Unknown;0.7659846803063939;-0.12;-0.1347658222189665
Unknown;0.2381552368952621;0.22265625;0.4490651138088666
Medium;0.0152396952060958;-0.5340659340659341;-0.9110419699634884
Unknown;0.7159056818863623;0.0755555555555555;0.1978168223239998
Unknown;0.6361872762544749;0.1527777777777778;0.2227505737460731
Unknown;0.0209195816083678;0.58;0.9751316921982238
Unknown;0.9192216155676888;0.0851063829787234;0.0500083428208293
Unknown;0.0521189576208475;-0.5679012345679012;-0.8909352139239399
Control;0.6701065978680426;-0.0485074626865671;-0.1682691979454315
Unknown;0.8443031139377213;-0.1022222222222222;-0.0971779807923638
Unknown;3.999920001599968e-05;0.8161764705882353;1.5508037136378083
Unknown;0.9274614507709846;-0.0541871921182266;-0.0327971579768294
Unknown;0.6447871042579149;0.0790697674418604;0.2213308505679787
Unknown;0.6412671746565068;0.1133333333333333;0.2108501039037532
Unknown;0.0057598848023039;0.579746835443038;0.9582183706668636
Control;0.0550788984220315;0.4179894179894179;0.7570465185537828
Unknown;0.0075598488030239;0.631336405529954;1.1172184297829026
Unknown;0.1450370992580148;0.3143939393939394;0.5456611165227505
Low;0.1029179416411671;-0.375886524822695;-0.6477631522336822
Unknown;0.2705545889082218;-0.2971014492753623;-0.4920028852249538
Unknown;0.3901921961560768;-0.1699346405228758;-0.3709726430816032
Unknown;0.875702485950281;0.0526315789473684;0.0668382202311698
Unknown;0.3535929281414371;0.1182795698924731;0.3358720921976293
Unknown;0.1587168256634867;0.3439153439153439;0.5677297298725634
Unknown;0.5713085738285234;0.2075471698113207;0.247918214253791
Unknown;0.0403991920161596;0.4855072463768116;0.9253440907329068
Low;0.0188796224075518;-0.4567901234567901;-0.2319839900061173
Unknown;0.2638347233055338;0.2814814814814815;0.4914311118590225
Unknown;0.7699046019079618;0.0719696969696969;0.110160929422481
Control;0.0575588488230235;-0.4017857142857143;-0.5497071895962858
Unknown;0.0839583208335833;-0.3911719939117199;-0.6203853791380345
Low;0.0053598928021439;-0.6597222222222222;-1.2275377474269875
Unknown;0.0222395552088958;-0.6013071895424836;-0.9871955612194024
Unknown;0.0207195856082878;0.4887218045112781;0.9668503958400574
Unknown;0.2358752824943501;0.3555555555555555;0.5219148605349522
Unknown;0.1445971080578388;0.3022388059701492;0.5472866845066082
Unknown;0.4604707905841883;0.2448979591836734;0.3359317524166133
Unknown;0.2165556688866222;-0.3688888888888889;-0.5929977504475095
Unknown;0.7779044419111618;0.0666666666666666;0.1390637925116062
Unknown;0.1377972440551189;0.4311111111111111;0.7028841038853008
Medium;0.0001199976000479;-0.8050314465408805;-1.682447957449878
Medium;0.9233015339693206;0.0844444444444444;0.0357409526874534
Unknown;3.999920001599968e-05;0.9154411764705882;1.7104083093540596
Unknown;0.1912761744765104;-0.2901234567901234;-0.5915405973127627
Unknown;0.2662746745065099;0.2836879432624113;0.4959641645746371
Unknown;0.1752764944701106;0.3155555555555555;0.6496216908423631
Low;0.0328393432131357;0.5531914893617021;0.9607146946415016
Unknown;0.0235995280094398;-0.6148148148148148;-1.0048602404175326
Unknown;0.0074398512029759;0.5470085470085471;0.9392266391117936
Unknown;0.7204255914881702;0.1111111111111111;0.152457353905815
Unknown;0.4129917401651967;-0.16;-0.3494403996346634
Control;0.118797624047519;-0.1081481481481481;-0.5959246346539584
Unknown;0.5629087418251635;-0.1733333333333333;-0.2442590321181373
Unknown;0.5261894762104757;0.1984126984126984;0.240504630441844
Unknown;0.7894642107157857;-0.10062893081761;-0.1094871179082534
Unknown;0.0834383312333753;0.4337662337662337;0.7003343397388716
Unknown;0.0002799944001119;-0.7681159420289855;-1.9474122077185745
Low;0.8509829803403932;0.0694444444444444;-0.0659882312490073
Unknown;0.5680686386272275;0.3333333333333333;0.2727626027810228
Unknown;0.3233135337293254;-0.28;-0.4726181135008223
Unknown;0.0857182856342873;-0.4326241134751773;-0.8082259247573503
Control;0.0239995200095998;-0.4962121212121212;-0.8653109812362975
Unknown;0.0100397992040159;0.6051948051948052;0.9950022198137202
Unknown;0.7204255914881702;0.1292517006802721;0.1563946185535139
Control;0.0083598328033439;0.6394557823129252;1.1750306381833606
Unknown;0.0423591528169436;0.5277777777777778;0.9019964851158676
Medium;0.2637147257054859;0.3952380952380952;0.4629329495200995
Control;0.7802243955120898;-0.123076923076923;-0.1066395691659461
Unknown;0.0577988440231195;0.4565217391304347;0.8217217473372105
Medium;7.999840003199936e-05;0.7767857142857143;2.010292263678921
Low;0.7875842483150337;0.0576923076923076;0.1050153315643244
Unknown;0.1462370752584948;0.3333333333333333;0.6380699519225792
Unknown;0.9190616187676246;-0.0289855072463768;-0.0424348368284369
Unknown;0.6864262714745705;0.14;0.1805319422294043
Unknown;0.0245195096098078;-0.6666666666666666;-1.08793489176967
High;0.0125197496050079;-0.5797101449275363;-1.0791732197393484
Unknown;0.4853502929941401;0.0488888888888888;0.3416614362937509
Unknown;0.0273194536109277;0.4404761904761904;0.7316981467619358
High;0.2313553728925421;0.3333333333333333;0.5460659767604572
Medium;0.0006399872002559;-0.6997578692493946;-1.0200055413137483
Unknown;0.0002799944001119;0.7303703703703703;1.3357616980738207
Unknown;0.118637627247455;-0.4074074074074074;-0.7021377670641045
Low;0.1863162736745265;-0.32;-0.5744444715674795
Unknown;0.3353132937341253;-0.2365339578454332;-0.3915475747346728
Unknown;0.4140317193656126;-0.1904761904761904;-0.3630303517562763
Unknown;0.116237675246495;-0.3135313531353135;-0.4879253643764054
Unknown;0.7619047619047619;0.0977443609022556;0.1238796009346004
Control;0.6885862282754345;0.0638297872340425;-0.2659045200802135
Unknown;0.0005199896002079;0.6951566951566952;1.2107664388894577
High;0.1305573888522229;0.3605442176870748;0.6707378693231452
Unknown;0.1368772624547509;0.3703703703703703;0.6649742311700381
Unknown;0.0986780264394712;0.3815789473684211;0.6732783955433564
Unknown;0.986540269194616;-0.0181818181818181;0.0069355382943083
Unknown;0.0110797784044319;-0.6711111111111111;-1.2533490950512076
Unknown;0.1025179496410071;0.4909090909090909;0.672132782854774
Unknown;0.3937121257574849;0.1933333333333333;0.3760799065451033
Unknown;0.6404671906561868;-0.1418439716312056;-0.200293822559847
Unknown;0.7169056618867623;-0.0857142857142857;-0.1192159791899322
Unknown;0.1835963280734385;0.36;0.6335888633109947
Unknown;0.1829163416731665;0.3481481481481481;0.5764618306598608
Unknown;0.0784784304313913;0.4030612244897959;0.7168511849167645
Unknown;0.0949581008379832;-0.4625850340136054;-0.7523080067183097
Unknown;0.4065518689626207;-0.1975308641975308;-0.3525265692890699
Unknown;0.0489990200195996;0.3202614379084967;0.8829356080690094
Unknown;0.2796744065118697;0.2118055555555555;0.4077060153143692
Low;0.24707505849883;-0.2955974842767295;-0.3283856990696728
Unknown;0.0032799344013119;0.6428571428571429;1.1196322131933782
Medium;0.0008399832003359;-0.8222222222222222;-1.6281473870477674
Unknown;0.5895082098358033;-0.1333333333333333;-0.2357007253513054
Unknown;0.0648787024259514;0.4276729559748428;0.814013084041526
Medium;0.0344793104137917;-0.6234567901234568;-0.8598267850860817
Control;0.0002799944001119;0.8074074074074075;1.6774359066088285
Unknown;0.117557648847023;-0.4025157232704403;-0.6604735764591895
Unknown;0.8884222315553689;0.0133333333333333;0.0616540826771674
Unknown;0.0003199936001279;0.5488095238095239;0.896691621679086
Unknown;0.4573108537829243;-0.2103896103896103;-0.29849907548875
Unknown;0.5761084778304434;-0.1272727272727272;-0.2270347349381079
Control;0.2741145177096458;0.2084309133489461;0.4357980502311537
Unknown;0.6998260034799304;-0.1523809523809524;-0.1538002719094149
Unknown;0.0184796304073918;-0.518796992481203;-0.9195276489699046
Unknown;0.7002259954800903;0.0454545454545454;0.183092109320263
Unknown;0.0486790264194716;0.4492753623188406;0.8424206014176455
Unknown;0.2065558688826223;0.3269230769230769;0.5534428220982199
Low;0.6540269194616107;-0.1823899371069182;-0.1975972139339929
Unknown;0.8383832323353533;0.0488888888888888;0.1090974328108524
Medium;0.5167096658066839;0.1739130434782608;0.2877723560928519
Unknown;0.4826303473930521;-0.2177777777777777;-0.3306218358366332
Control;0.992540149197016;0.0738916256157635;-0.0231666376946195
Unknown;0.5277494450110998;0.1629629629629629;0.2822722480182438
Unknown;0.0459590808183836;-0.5;-0.8749570564594596
Unknown;0.2163956720865582;0.3061224489795918;0.5405680189570818
Medium;0.249835003299934;-0.1581632653061224;-0.4656820193643791
Unknown;0.7735845283094338;0.0512820512820512;0.1302763062702122
Low;0.0004799904001919;0.7756410256410257;2.0140274119282284
Unknown;0.5987480250394992;-0.1296296296296296;-0.2261628077979984
Unknown;0.5297461159530125;-0.26;-0.3352374378235574
Unknown;0.5017099658006839;-0.2243589743589743;-0.286957374210069
Control;0.1711965760684786;-0.2176870748299319;-0.6077384901600484
Unknown;0.1127177456450871;0.3491379310344827;0.5972366968643766
Unknown;0.0123197536049279;0.4785714285714286;0.8488909195519231
High;0.5839883202335954;0.0676691729323308;0.1595217385386135
Unknown;0.0013599728005439;0.7619047619047619;1.25259826797754
Low;0.0002799944001119;-0.6923076923076923;-1.1766436679126688
Unknown;0.2003559928801424;-0.2103896103896103;-0.5284103958649055
Unknown;0.6770264594708106;0.1022222222222222;0.2022049142653562
Unknown;0.1271174576508469;-0.3790849673202614;-0.6751926743278744
Unknown;0.0005999880002399;0.837037037037037;1.836632902193801
Unknown;0.0264794704105917;0.5641025641025641;0.9424312170514164
Unknown;0.6665466690666186;0.1133004926108374;0.173924673734896
Unknown;0.2195556088878222;0.2518518518518518;0.5295779473494697
Unknown;0.5366692666146677;0.1292517006802721;0.2735877204606363
Unknown;0.0719185616287674;0.375886524822695;0.7807532963425833
Unknown;0.0018399632007359;0.7058823529411765;1.380788922790286
Unknown;0.2580348393032139;-0.3402777777777778;-0.5026131336589781
Unknown;0.0100797984040319;0.5816993464052288;1.071182474685732
Unknown;0.0392792144157116;0.5163398692810458;0.9215898135160496
Unknown;0.0782384352312953;0.4861111111111111;0.7704794940879444
Unknown;0.0086798264034719;0.7272727272727273;1.238702869879998
Control;0.6443071138577229;0.1631205673758865;0.1920626657096535
Low;0.0115197696046079;-0.5144927536231884;-1.0404536519838297
Unknown;0.9159416811663766;0.0657596371882086;0.0468388240636842
Unknown;0.0023599528009439;0.6213235294117647;1.135973563099363
Unknown;0.4136317273654527;0.2610294117647059;0.3038479546005675
Unknown;0.8559828803423931;0.0416666666666666;0.0844366757383968
High;0.249355012899742;0.3095238095238095;0.4649695352273461
Unknown;0.2835943281134377;-0.3037037037037037;-0.4755313742301305
Unknown;0.7970640587188256;-0.0755555555555555;-0.1148325942145362
Low;0.3822323553528929;0.3100775193798449;0.3875999439333129
Control;0.370952580948381;-0.1077694235588972;-0.4649047966743757
Control;0.6824663506729866;0.0397805212620027;-0.1563712513715814
Medium;0.0064798704025919;-0.5989974937343359;-0.9794805287131672
Unknown;0.9258614827703446;-0.0148148148148148;-0.0234382549227507
Control;0.0040399192016159;0.6802721088435374;1.3852337075408592
Unknown;0.6071078578428432;0.1172839506172839;0.2287149005684544
Unknown;0.2031559368812623;0.3925925925925926;0.5535574024782832
Unknown;0.245355092898142;-0.1652003910068426;-0.390339712122739
Unknown;0.0138797224055518;0.5032679738562091;0.9926058184380672
Medium;0.0882382352352953;-0.4043583535108959;-0.6812010642755781
Unknown;0.1477170456590868;-0.3630952380952381;-0.5948851490530184
Unknown;0.0039199216015679;-0.6666666666666666;-1.3540334982798032
Control;0.0040799184016319;0.6275510204081632;1.1388712734521445
Unknown;0.1536769264614707;0.2719298245614035;0.4972491239020513
Low;0.0707985840283194;0.4866666666666667;0.8033147841055244
Unknown;0.987260254794904;0.0788177339901477;-0.004050543330692
Unknown;0.1538461538461538;-0.6666666666666666;-1.0477406733427714
Unknown;3.999920001599968e-05;0.8314028314028314;1.6559546907685487
Unknown;0.3381932361352773;0.2530864197530864;0.4188607434316608
Control;0.0067598648027039;-0.6666666666666666;-1.0838970405328727
Control;3.999920001599968e-05;0.8442028985507246;2.3854434933558464
Unknown;0.497870042599148;0.115079365079365;0.2572967696280516
Unknown;0.5602687946241075;0.1764705882352941;0.2601790637698583
Control;0.248635027299454;0.2857142857142857;0.436379635580403
Unknown;0.122117557648847;0.2706611570247934;0.4966897684538859
Unknown;0.0003199936001279;0.7257142857142858;1.346904285413265
Unknown;0.4214315713685726;0.1923076923076923;0.351336822548548
Medium;0.0763984720305593;-0.3971631205673759;-0.7831356547988385
Unknown;0.368312633747325;-0.1887755102040816;-0.3678392862503731
Unknown;0.0021599568008639;0.7210884353741497;1.3530990918245536
Unknown;0.9025819483610328;-0.0492610837438423;-0.0477444465448028
Unknown;0.99990000199996;-0.0296296296296296;-0.0002411877760042
Unknown;0.1580768384632307;-0.2608695652173913;-0.6389036580221918
Unknown;0.7621047579048419;-0.2;0.1186136117684085
Unknown;0.2232355352892942;-0.3633633633633634;-0.437082024761227
Unknown;0.3957520849583008;-0.2640845070422535;-0.3201478492894339
Unknown;0.6588268234635307;-0.1836734693877551;-0.1971471420277339
Control;0.0548789024219515;0.4705882352941176;0.7475523944658273
Unknown;0.0127997440051198;0.6;1.1039058364150702
Unknown;0.2869942601147977;0.3111111111111111;0.4706120963836295
Unknown;0.0749985000299994;0.4577777777777778;0.8747328956991842
High;0.745345093098138;-0.0285714285714285;-0.1503715102715492
Unknown;0.1727965440691186;-0.3825757575757575;-0.5191615945436779
Medium;0.0995580088398232;-0.2674698795180723;-0.5429685177590311
Unknown;0.0748785024299514;0.3493975903614458;0.5881701222723666
Unknown;0.0157196856062878;0.5578231292517006;1.1055187151894306
Unknown;0.0838383232335353;0.3546423135464231;0.6005109576956866
Unknown;0.5797484050318994;-0.1700680272108843;-0.245069507064038
Control;0.0233195336093278;0.5802469135802469;1.0083844406835487
Unknown;0.0106397872042559;-0.6444444444444445;-1.2873879530408718
Unknown;0.8647027059458811;-0.0044444444444444;-0.0914772933744321
Unknown;0.6055478890422191;0.1347517730496454;0.2378822898095155
Unknown;0.740545189096218;0.0617283950617283;0.1418182326708888
Unknown;0.120757584848303;0.3333333333333333;0.5471840658129166
Unknown;0.5057098858022839;-0.1933333333333333;-0.2937333633760419
Unknown;0.1009579808403832;-0.3688888888888889;-0.8141687767038142
Control;0.0002799944001119;-0.6790123456790124;-1.102797218081183
Low;0.2610747785044299;0.4613636363636363;0.3817091468087248
Unknown;0.1109977800443991;0.4382716049382716;0.6958115318963067
Unknown;0.7022259554808904;-0.0915032679738562;-0.1662747687317137
Unknown;0.0814383712325753;0.4113475177304964;0.7657834417763015
Unknown;0.0139997200055998;-0.4128440366972477;-0.7470645291220331
Unknown;0.0086798264034719;0.5486111111111112;1.002929208265591
Unknown;0.8833023339533209;0.0522875816993464;0.0716767661380499
Unknown;0.1802763944721105;-0.2836879432624113;-0.6029389775457488
Control;0.7802243955120898;0.1241830065359477;0.1158319920789238
Unknown;0.1404371912561748;0.3605442176870748;0.6371313771368086
High;0.0119597608047839;0.6274509803921569;1.1881384627718612
Unknown;0.3871922561548769;0.2423076923076923;0.31983459903876
High;0.4077118457630847;0.201058201058201;0.3351114113286108
Unknown;0.1057178856422871;0.4230769230769231;0.7026442672262673
Control;0.0107997840043199;-0.4141414141414141;-0.7651062368772824
Low;0.98870022599548;-0.0638297872340425;-0.0045106928502175
Unknown;0.7786244275114498;0.1217948717948717;0.1441222599666859
Unknown;0.3777924441511169;-0.2391304347826087;-0.3889413845173441
Unknown;0.1118377632447351;0.3851851851851852;0.6634514149333053
Unknown;0.0005199896002079;-0.7037037037037037;-1.6620859478009455
Unknown;0.0026399472010559;0.7266666666666667;1.2401431675589225
Control;0.0023999520009599;-0.6772486772486772;-0.9283064515035264
Unknown;0.1347573048539029;0.3962264150943396;0.6496987264223875
Unknown;0.0853582928341433;0.4188861985472155;0.7047835216317844
Unknown;0.2677946441071178;-0.2333333333333333;-0.4874464136734823
Unknown;3.999920001599968e-05;0.7360703812316716;1.3699169016806152
Unknown;0.1978360432791344;-0.3481481481481481;-0.575487256319174
Unknown;0.0182796344073118;0.5416666666666666;0.9856174983290806
Unknown;0.0802383952320953;0.575;0.9675800175257572
Low;0.3097138057238855;0.2428571428571428;0.4085716325043295
Unknown;0.1611567768644627;-0.3741496598639456;-0.6195785285688704
Unknown;0.6113077738445231;-0.0507246376811594;-0.2189522646012538
Unknown;0.75802483950321;-0.1805555555555555;-0.1283412578777716
Unknown;0.9609407811843764;-0.0015220700152207;0.0153481627034342
Unknown;0.7585848283034339;-0.2091503267973856;-0.1104153321857981
Medium;0.0266394672106557;0.5481481481481482;1.0410588081844572
Unknown;0.9688206235875284;-0.0144927536231884;-0.0081411488671309
Unknown;0.7248255034899302;-0.1041666666666666;-0.1477502077332355
Unknown;0.1613167736645267;0.2948717948717949;0.6034445454096511
Unknown;0.9449411011779764;-0.0285714285714285;0.0460782741619705
Control;0.2345153096938061;-0.2116402116402116;-0.482416965865076
High;0.0001599968000639;-0.88;-1.4491018851235902
Unknown;0.0001199976000479;0.7817460317460317;1.434831501965378
Unknown;0.5895882082358352;0.137466307277628;0.2168777142283993
Unknown;0.6305873882522349;-0.2028985507246377;-0.1963039898159794
Unknown;0.2016759664806703;-0.326797385620915;-0.5592020783962868
Unknown;0.6050278994420112;-0.1764705882352941;-0.221432524136178
Low;0.0425191496170076;0.5128205128205128;1.1372319412373408
Unknown;0.0017999640007199;0.7346938775510204;1.3676447951271304
Medium;0.0017999640007199;-0.6666666666666666;-1.2527883040188017
Unknown;0.0474390512189756;0.5340909090909091;0.9747275526160972
Unknown;0.0692386152276954;0.4179894179894179;0.7380407070383124
Unknown;0.0628787424251515;-0.4130434782608695;-0.863618133594465
Unknown;0.0145197096058078;-0.5777777777777777;-1.0790968384828723
Unknown;0.0003199936001279;0.749648382559775;1.315339572192551
Unknown;0.50614987700246;0.1407407407407407;0.2968717363890467
Control;0.2075958480830383;0.2282282282282282;0.445778514886092
Unknown;0.2901941961160776;0.2412177985948477;0.4273728882701754
Low;0.0095998080038399;-0.5736961451247166;-0.8864986963687902
Unknown;0.0119197616047679;0.5177304964539007;1.1493772593762028
Unknown;0.1395172096558068;-0.3546099290780142;-0.6589220402211932
Unknown;0.6041879162416751;-0.1159420289855072;-0.2185053890753917
Medium;0.5349893002139957;-0.1231884057971014;-0.2643168821410459
Unknown;0.0123997520049599;0.5802469135802469;1.1299907569559466
Unknown;0.1495570088598228;-0.4133333333333333;-0.695441020952532
Unknown;0.0473190536189276;-0.4964539007092198;-0.8747093394388985
Unknown;0.1567568648627027;0.272108843537415;0.6246803719186448
Unknown;0.0409991800163996;0.5069444444444444;0.8619163410089143
Control;0.3609127817443651;0.2357142857142857;0.3404180906750321
Unknown;0.0649987000259994;-0.4842767295597484;-0.8466995627169324
Low;0.6172276554468911;-0.1644444444444444;-0.2409706756918501
Unknown;0.0225195496090078;0.5705128205128205;0.8877619906131164
Unknown;0.2610747785044299;-0.2430555555555555;-0.4914243357318502
Unknown;0.3179487179487179;0.4473684210526316;0.8083622428352055
Unknown;0.9337013259734804;-0.0069767441860465;0.0341868267592027
Unknown;0.0327993440131197;0.4861111111111111;0.9504644379183904
Unknown;0.6371072578548429;0.0755555555555555;0.2362816562544394
Unknown;0.1936361272774544;0.2916666666666667;0.5691138446390915
Unknown;0.374112517749645;-0.234866828087167;-0.354113086042429
Unknown;0.0001599968000639;0.678646934460888;1.223971878685329
Unknown;0.0470588235294117;-0.7959183673469388;-1.5671390930941618
Unknown;0.6637467250654987;0.0725806451612903;0.1648267581123235
Unknown;0.8859022819543609;0.0518518518518518;0.0722147909593379
Unknown;0.0547189056218875;0.4805194805194805;0.8047884893638277
Unknown;0.5260294794104118;-0.1914893617021276;-0.2791637346552723
Unknown;0.0479590408191836;-0.4074074074074074;-0.931579869872891
Unknown;0.0244395112097758;-0.5971896955503513;-0.9396220814402942
Unknown;0.0875182496350073;-0.4666666666666667;-0.7617422305607419
Unknown;0.8077438451230975;0.0443349753694581;0.1011064323577078
Unknown;0.5952280954380912;0.1893939393939394;0.2429413062244363
Unknown;0.7771444571108578;-0.1376811594202898;-0.1293656646371114
Unknown;0.0343593128137437;0.5306122448979592;0.9303443962564034
Unknown;0.3213135737285254;0.2832929782082324;0.4016998003576013
Low;0.113557728845423;-0.272108843537415;-0.6755068652666744
Unknown;0.6031079378412432;0.0972222222222222;0.2285291488033491
Unknown;0.2264754704905902;-0.3851851851851852;-0.5349288805689948
Unknown;0.0053998920021599;0.6453900709219859;1.1762089129880038
Unknown;0.4451910961780764;0.1666666666666666;0.3354010110100037
Unknown;0.0221195576088478;-0.5486111111111112;-0.9926739224144956
Medium;0.0007599848003039;0.7428571428571429;1.3558085933231372
Unknown;0.0537989240215195;-0.4743589743589743;-0.8634935662760869
Medium;0.0009999800003999;0.6483825597749648;1.164843227736444
Unknown;0.0693586128277434;0.3990147783251231;0.7385108658057232
Unknown;0.8857822843543129;-0.1134751773049645;-0.0638686097303415
Unknown;0.0062798744025119;0.674074074074074;1.1280507619020117
Unknown;0.0275994480110397;-0.5246913580246914;-0.9788677121595012
Unknown;0.0003999920001599;0.5435294117647059;1.0891265981153893
Low;0.1439171216575668;0.3238095238095238;0.5860111699780233
Unknown;0.4296314073718525;0.1875;0.2969909437251007
Unknown;0.1776764464710706;-0.3950617283950617;-0.6031369159615634
Unknown;0.9345813083738326;0.0186335403726708;0.0436097905909708
Unknown;0.0073198536029279;0.4780058651026393;0.8351417991713468
Unknown;0.6026279474410512;-0.1156462585034013;-0.2334215120370842
Unknown;0.2587548249035019;0.2639225181598063;0.4638421595235192
Unknown;0.6932261354772905;0.1259259259259259;0.1680821897578397
High;0.3189536209275814;0.3196159122085048;0.3513800716136461
Unknown;0.0047599048019039;0.503448275862069;0.9700252144020364
Control;0.0554388912221755;0.5333333333333333;0.8812492457066308
Unknown;0.0535589288214235;0.32421875;0.7384840397865702
Low;0.1065578688426231;0.3730337078651685;0.5581724154176722
Control;0.3595928081438371;-0.2013888888888889;-0.4053138530703836
Unknown;0.98730025399492;-0.0144927536231884;0.0133410895092994
Low;0.9470210595788084;0.03;-0.0386123891396063
Unknown;0.5764284714305714;0.1185185185185185;0.2458962956415487
Unknown;0.4407911841763164;-0.1205673758865248;-0.3356998286703594
Unknown;0.0025999480010399;-0.7777777777777778;-1.5401565256105978
Unknown;0.2973940521189576;-0.3695652173913043;-0.4606286690754744
Control;0.0459190816183676;-0.4216867469879518;-0.6382397035291287
Unknown;0.2997540049199016;-0.282051282051282;-0.4542933205665627
Unknown;0.0006799864002719;0.8333333333333334;1.54368183583137
Unknown;0.0751184976300474;0.3875968992248062;0.7582417386877517
Unknown;0.0132797344053118;0.6370370370370371;1.1166386163529145
Unknown;0.4819903601927961;0.1736111111111111;0.3106128736933486
Unknown;0.2271954560908781;0.3717948717948718;0.5315519844785438
Unknown;0.0541589168216635;-0.4353741496598639;-0.8509017763698782
Unknown;0.0709185816283674;-0.3492063492063492;-0.7581238003537822
Unknown;0.5652286954260914;0.1083743842364532;0.2430133634724504
Low;3.999920001599968e-05;0.9555555555555556;1.9801275644834464
Unknown;0.7853042939141217;-0.0612244897959183;-0.1026059003755344
Low;0.0113197736045279;0.5666666666666667;1.184984372710335
Medium;0.0041999160016799;0.7222222222222222;1.328821530840352
Unknown;0.0090798184036319;-0.6231884057971014;-1.1894003995549869
High;7.999840003199936e-05;0.8985507246376812;2.858252851780529
Unknown;0.0031199376012479;0.7254901960784313;1.2785629378427668
Unknown;0.0003999920001599;0.6289156626506024;1.2008594593473951
Unknown;0.0345193096138077;0.4693877551020408;0.8594455703403763
Unknown;0.0914781704365912;0.3717948717948718;0.7407379632502457
Low;0.0002399952000959;0.546031746031746;1.0105849999627232
Unknown;0.2807143857122857;-0.3266666666666666;-0.4781136122449024
Unknown;0.6078278434431311;0.1156462585034013;0.220984716166237
Unknown;0.0153996920061598;-0.5238095238095238;-0.8280277935138541
Unknown;0.5523089538209236;0.1633986928104575;0.2619309251588548
Unknown;0.6679866402671947;-0.0133333333333333;0.203866127809421
Unknown;0.1357172856542869;0.463768115942029;0.6478083419228123
Unknown;0.0063998720025599;-0.7051282051282052;-1.2046012990044612
Unknown;0.4431111377772445;0.2327044025157232;0.344905780469381
Unknown;0.8082638347233055;0.0476190476190476;0.1127337613131783
Control;0.0002799944001119;0.8241758241758241;1.6303362716167968
Unknown;0.0678786424271514;-0.3405797101449275;-0.8440860957655094
Unknown;0.0206395872082558;0.5534591194968553;1.0410146182239928
Unknown;0.2998740025199496;0.2875816993464052;0.4567239582066084
Unknown;0.755184896302074;0.1205673758865248;0.1486964439223368
Unknown;0.0488790224195516;-0.5333333333333333;-0.9954383654641408
Unknown;0.3959920801583968;-0.2;-0.2997807426301028
Low;0.5890682186356273;0.0115384615384615;-0.2218027960844932
Unknown;0.7037459250814984;0.0314465408805031;0.1808907418140071
Unknown;0.2221555568888622;0.2985074626865671;0.4639998767385164
Unknown;0.1323973520529589;0.2935606060606061;0.4765689421468352
Unknown;0.2046759064818703;-0.2904411764705882;-0.4848262446705214
Unknown;0.3995120097598048;-0.2246376811594203;-0.3682903279430586
Unknown;0.2152756944861102;-0.3081761006289308;-0.5458351517393768
Control;0.5591888162236756;0.0866666666666666;0.2521837741579194
Medium;7.999840003199936e-05;0.847953216374269;1.9956797471084973
Unknown;0.7910241795164097;-0.1578947368421052;-0.1122648079223399
Control;0.0006399872002559;0.9084967320261438;1.8415064451042191
Unknown;0.7841043179136418;0.0036764705882352;0.1141412507625688
Unknown;0.9414611707765844;-0.0133333333333333;-0.03541886783109
Unknown;0.7096258074838503;0.0797101449275362;0.173866588102702
Unknown;0.121597568048639;-0.4222222222222222;-0.6937612278358941
Control;3.999920001599968e-05;0.9644444444444444;3.34170421679225
Low;0.9032219355612888;-0.0068027210884353;-0.0850412699591475
Unknown;0.0133597328053438;0.4418604651162791;0.8242188137565449
High;7.999840003199936e-05;-0.782312925170068;-1.612708062821567
Control;0.245435091298174;-0.3940886699507389;-0.4817355011277218
Unknown;0.9709005819883604;-0.0105263157894736;-0.0160675843469428
Unknown;0.0379192416151676;0.4756944444444444;0.7884677019828359
Unknown;0.0193996120077598;0.5087719298245614;0.9399524229409904
Unknown;0.117517649647007;0.4166666666666667;0.5891217978278128
Unknown;0.0808383832323353;0.4609929078014184;0.7690074126820863
Low;0.376112477750445;-0.2156862745098039;-0.3856951014333019
Unknown;0.9598608027839444;0.065359477124183;0.022650783010011
Unknown;0.118317633647327;0.3846153846153846;0.6848977518659136
Low;0.4453110937781244;-0.208695652173913;-0.3752635483318813
Unknown;0.1476770464590708;-0.3673469387755102;-0.6439781595650521
Unknown;0.1140377192456151;0.2892857142857143;0.5922783025450696
Unknown;0.7334653306933862;0.12;0.1539247720039941
Unknown;0.0430791384172316;0.457516339869281;0.8551747573923522
Unknown;0.986940261194776;-0.0579710144927536;0.0094627325953468
Unknown;0.7738645227095458;-0.074074074074074;-0.1222373328292777
High;0.0819183616327673;0.6346153846153846;0.8689431958764046
Unknown;0.6446671066578669;-0.0952380952380952;-0.1850809307591676
Unknown;0.3287934241315173;0.1582491582491582;0.2992306113590617
Unknown;0.0103597928041439;0.5050505050505051;0.8472548451662694
High;3.999920001599968e-05;0.8826530612244898;1.890721621672799
Unknown;0.0101997960040799;0.5542857142857143;1.084417108975804
Unknown;0.8374632507349853;0.1142410015649452;0.0600869886581542
Unknown;0.0004399912001759;0.7076923076923077;1.2596966992982517
Unknown;0.5787484250314994;-0.1555555555555555;-0.2485385273524941
Unknown;0.7955440891182176;0.0694444444444444;0.1089572495598854
Unknown;0.1394772104557909;0.4466666666666666;0.6540394091583539
Unknown;0.8379832403351933;-0.0507246376811594;-0.0860432014875663
Unknown;0.8605027899442012;-0.1376811594202898;-0.0665438434722729
Unknown;0.0231195376092478;0.5023041474654378;0.890294994886915
Unknown;0.0149197016059678;0.6;1.0213607057250034
Unknown;0.244555108897822;-0.4039408866995074;-0.4778014668195475
Unknown;0.367312653746925;-0.2533333333333333;-0.4279016077094312
Low;7.999840003199936e-05;0.7956577266922095;2.0000176524443973
Unknown;0.3626327473450531;0.1319444444444444;0.4079366420773302
Unknown;0.2693946121077578;0.3;0.4895475177406708
Unknown;0.1107577848443031;0.3685239491691104;0.5229710061755036
Unknown;0.1964760704785904;0.3422222222222222;0.6064763125551742
Unknown;0.8581428371432571;-0.0718954248366013;-0.0678148708100098
Unknown;0.0491990160196796;0.4532019704433497;0.7880279142591912
Unknown;0.2974740505189896;0.2291666666666666;0.4549792637949017
Unknown;0.0003599928001439;0.7058823529411765;1.3146599200128606
Unknown;0.0051998960020799;0.7416666666666667;1.3452301098977586
High;0.1657966840663186;-0.3398692810457516;-0.6162595223940217
Unknown;0.501269974600508;-0.1736111111111111;-0.2895668793345926
Unknown;0.1630767384652307;-0.3097560975609756;-0.4723472822383394
Unknown;0.0623587528249435;0.5822222222222222;0.8409093940680873
Unknown;0.0195196096078078;0.4516594516594516;0.8275258083043882
Unknown;0.0870782584348313;0.3;0.5658504907709287
Unknown;0.5419491610167797;-0.0933333333333333;-0.2904548840336304
Control;0.1518769624607507;0.3640552995391705;0.5905397542087258
Low;0.7409051818963621;-0.0769230769230769;0.0962489620237618
Unknown;0.24207515849683;-0.3819444444444444;-0.5214479336572099
Unknown;0.6799064018719626;0.1111111111111111;0.1858434881772373
Unknown;0.0014799704005919;0.5641025641025641;1.076794939944312
Unknown;0.3347933041339173;-0.3407407407407407;-0.4256193285365328
Unknown;0.7747845043099137;0.0657596371882086;0.1237687316950876
Unknown;0.0001599968000639;0.8623188405797102;1.7817465718046708
Unknown;0.24347513049739;-0.2259740259740259;-0.4716354599754223
Control;0.0001199976000479;0.8045112781954887;1.832321688846953
Control;0.7224655506889862;0.1428571428571428;-0.2056390992936848
Unknown;0.6116677666446672;-0.1644444444444444;-0.2353008397977892
Control;0.0018799624007519;0.6623376623376623;1.303189545965551
Unknown;0.5940681186376272;-0.2051282051282051;-0.2878498132338273
Unknown;0.508309833803324;-0.1709601873536299;-0.2674499059527683
Unknown;0.2124757504849903;-0.2040816326530612;1.0562314358881129
Unknown;0.0512389752204955;-0.3483709273182957;-0.8113469066258241
Unknown;0.0001999960000799;0.6443556443556444;1.2934204908990965
Medium;3.999920001599968e-05;0.6971830985915493;2.626855460474941
Low;0.0267994640107197;-0.5333333333333333;-0.8430511804367559
Unknown;0.0718785624287514;-0.4486215538847117;-0.7422276391751432
Unknown;0.1848763024739505;0.3741496598639456;0.578952927257882
Control;0.1520769584608307;0.2830188679245283;0.6253364233629819
Medium;0.2074358512829743;0.2533333333333333;0.610787286252347
Unknown;0.0144797104057918;0.6066666666666667;1.055852129479362
Control;0.2089958200835983;-0.3103448275862069;-0.505074701625269
Unknown;0.2271954560908781;0.3333333333333333;0.5779458057240483
Unknown;0.0284794304113917;0.424390243902439;0.7273339217090031
Unknown;0.4445511089778204;0.1666666666666666;0.2845273162887988
Unknown;0.6169476610467791;-0.0753246753246753;-0.2170241588450916
Unknown;0.5133097338053239;0.1733333333333333;0.2916508437376863
Unknown;0.4618307633847323;0.1703703703703703;0.3276634788992561
Medium;0.1876762464750705;0.1653225806451612;0.4950026846121529
Unknown;0.3077938441231175;0.2115384615384615;0.444660074130214
Unknown;0.0654386912261754;0.5288888888888889;0.8572256922747719
Unknown;0.9012219755604888;-0.0567375886524822;0.0645301156101131
Unknown;0.3768724625507489;0.2169312169312169;0.3648609249669238
Unknown;0.0981980360392792;0.4444444444444444;0.7149280179948773
Low;3.999920001599968e-05;0.7613636363636364;1.448950465198187
Unknown;0.1717565648687026;-0.3220338983050847;-0.556806442819774
Unknown;0.6404671906561868;0.0915032679738562;0.2146497528598585
Unknown;0.2014759704805903;0.2736077481840194;0.5140802536991972
Unknown;0.2735945281094378;0.238095238095238;0.4454951479382336
Unknown;0.0807583848323033;0.4230769230769231;0.7567965129103131
Unknown;0.5117097658046839;0.1304347826086956;0.2867962072963572
Unknown;0.1497170056598868;-0.4416666666666666;-0.6980758695926952
Unknown;0.0876782464350713;-0.3811764705882353;-0.5833009086375055
Unknown;0.0019999600007999;0.725925925925926;1.3805766145346607
High;0.0421191576168476;-0.4076923076923077;-0.7581083908171057
Unknown;0.0029999400011999;0.7659574468085106;1.3564485631324978
High;0.0013199736005279;-0.7516339869281046;-1.3734515615330367
Unknown;0.3583128337433251;-0.1933333333333333;-0.3981334406934656
Control;0.9195816083678326;0.0454545454545454;0.0357141050244892
Low;0.0323993520129597;-0.582010582010582;-0.9087850312352268
Unknown;0.6680666386672267;-0.1481481481481481;-0.1852597302448304
Unknown;0.0583588328233435;0.4861111111111111;0.8537176485322164
Unknown;0.4147117057658847;-0.1931818181818181;-0.3071491356187827
Medium;0.9210615787684246;0.1851851851851851;-0.1700901565211721
Unknown;0.0006799864002719;0.7695852534562212;1.4775584821434156
Control;0.2700745985080298;0.3376623376623376;0.3525354102417292
Unknown;0.0497190056198876;-0.6;-0.8968729930590473
Unknown;0.6613867722645547;0.1458333333333333;0.1997674390357374
Unknown;0.9608207835843284;-0.0231481481481481;0.0255303161385348
Unknown;0.4725105497890042;0.1823899371069182;0.3216653111270273
Unknown;0.0996780064398712;0.3150684931506849;0.5877223680769009
Unknown;0.0607187856242875;-0.4497354497354497;-0.7656267451100861
Unknown;0.8351832963340733;0.0227920227920227;0.0644151179983043
Unknown;0.113877722445551;0.309375;0.5383517221495571
Control;0.0055198896022079;-0.5792207792207792;-0.9770211520978112
Unknown;0.9096618067638648;0.0246913580246913;-0.036757575787694
Unknown;0.8346633067338654;-0.0311111111111111;0.094578509817794
Unknown;0.119237615247695;0.4469696969696969;0.6830249037592685
Unknown;0.0435591288174236;-0.4479418886198547;-0.8388859015901078
Control;0.0950780984380312;0.4565217391304347;0.7189033461715033
Unknown;0.2615547689046219;0.2553191489361702;0.4955334431255976
Unknown;0.2190356192876142;-0.4186046511627907;-0.6634825511439106
Unknown;0.6014679706405872;-0.1088435374149659;-0.2276392627157456
High;0.0008799824003519;0.7939110070257611;1.6208141397061775
Unknown;0.0299594008119837;0.54421768707483;0.953283228848875
Unknown;0.5022408963585434;0.2525252525252525;0.4156424721604332
Control;0.501789964200716;0.2516746411483254;0.2094201593516843
Unknown;0.6853462930741385;0.0;-0.1733334639685963
Low;3.999920001599968e-05;0.9629629629629628;2.590062768839463
Medium;3.999920001599968e-05;0.9492063492063492;2.0550071426101377
Unknown;0.116157676846463;-0.4492753623188406;-0.6990415015405886
Unknown;0.7698646027079459;-0.096938775510204;-0.1151855057656738
Unknown;0.0364792704145917;0.428030303030303;0.8076436773323288
Unknown;0.0136397272054558;0.6711111111111111;1.2111315888970184
Unknown;0.3601527969440611;-0.219298245614035;-0.4079688843207283
Unknown;0.9210215795684086;-0.0337662337662337;-0.0396247083893672
Low;0.1272374552508949;0.4791666666666667;0.6731525616157444
Unknown;0.4454710905781884;0.1482213438735178;0.2468486032942752
Unknown;0.4271914561708765;0.1904761904761904;0.3147052421664055
Low;0.7651046979060419;0.0718954248366013;-0.1619877856727961
Unknown;0.3637927241455171;-0.2355555555555555;-0.4337077976793429
Unknown;0.1823563528729425;0.3402597402597402;0.5413676361928464
Unknown;0.0003599928001439;0.8296296296296296;1.6272893888246691
Unknown;0.123157536849263;-0.3422222222222222;-0.7563472159194012
Low;0.0069598608027839;0.6477272727272727;1.0456262469796802
Unknown;0.0331593368132637;0.5037037037037037;0.923872986597538
Unknown;0.1895562088758224;0.3333333333333333;0.5663591148166641
Unknown;0.1061978760424791;0.4666666666666667;0.7784120156718216
Unknown;0.0809583808323833;-0.4740740740740741;-0.7882569264301137
Unknown;0.1332773344533109;0.36;0.6383631003974418
Unknown;0.125877482450351;0.3955555555555555;0.706252038565327
Unknown;0.0087998240035199;0.6172506738544474;1.0903902659940885
Unknown;0.0167596648067038;0.5864197530864198;1.0114678361728118
Unknown;0.627787444251115;-0.1503267973856209;-0.2116815568452613
Unknown;0.0567188656226875;0.5404255319148936;0.8975017175808476
Unknown;0.2078758424831503;0.3422222222222222;0.6140984342543926
Unknown;0.9800203995920082;-0.0077922077922077;-0.0053530352387613
Unknown;0.6808263834723306;0.0833333333333333;0.1894058666393545
Unknown;0.3871122577548449;0.2340425531914893;0.3828044752413598
Unknown;0.0404391912161756;0.5625;0.9183845028326508
Unknown;0.0124797504049919;0.5767195767195767;1.0359274137356946
Unknown;0.6478670426591469;0.13671875;0.1693712287776923
Unknown;0.0259594808103837;-0.5122950819672131;-0.8937279144187691
Unknown;0.3456330873382532;-0.2639225181598063;-0.3773940676454373
Unknown;0.0705185896282074;-0.4927536231884058;-0.869326842657058
Unknown;0.1290374192516149;0.3559322033898305;0.5997440398080869
Unknown;0.9550159984942592;-0.05;-0.024344023617807
Unknown;0.2963140737185256;0.270935960591133;0.4212634710525202
Unknown;0.0491190176196476;0.4285714285714285;0.77891458598738
Unknown;3.999920001599968e-05;0.88;1.6500070472075568
Unknown;0.9607807843843124;0.0049261083743842;-0.0166964464028876
Unknown;0.5309093818123638;0.1428571428571428;0.2568509774053146
Unknown;0.1508369832603348;-0.3925925925925926;-0.65743547152315
Unknown;0.2103157936841263;0.2859259259259259;0.4448252103258258
Unknown;0.5199496010079798;0.0763888888888889;0.295537355442147
Unknown;0.3629927401451971;-0.1961259079903147;-0.3669083565254029
Medium;0.0019999600007999;-0.7258064516129032;-1.255681554829851
Unknown;0.8900221995560089;0.0074074074074074;-0.0433451390237616
Unknown;0.7199856002879942;-0.1111111111111111;-0.1479211336905924
Unknown;0.1912361752764944;0.3205128205128205;0.5664586114130872
Unknown;0.618987620247595;-0.0961538461538461;-0.2081487188741604
Low;0.0552788944221115;0.6956521739130435;0.9329055683474584
Unknown;0.8477430451390973;-0.0702179176755447;-0.0662270017937238
Unknown;7.999840003199936e-05;0.7165109034267912;1.2625844447459813
Unknown;0.2250354992900142;-0.375886524822695;-0.5412076784469595
Unknown;0.0003599928001439;0.7908496732026143;1.284955964060327
Unknown;0.0016799664006719;0.6153846153846154;1.0932073950414936
Control;0.0317593648127037;-0.5277777777777778;-0.5883988057139931
Unknown;0.4437911241775164;0.1360544217687075;0.3426776006791276
Unknown;0.114597708045839;0.3611111111111111;0.5911379058915437
Unknown;0.2123157536849263;0.2978723404255319;0.5482667706830605
Unknown;0.240035199296014;-0.228395061728395;-0.5183857549749862
Unknown;0.2213955720885582;0.2581395348837209;0.4082577013705077
Control;0.5337493250134997;0.14;0.2666151808189019
Unknown;0.3004339913201736;0.1728395061728395;0.4507955564330259
Unknown;0.1994360112797744;-0.3641975308641975;-0.5636294465727018
Unknown;0.1667166656666866;0.391304347826087;0.6005480145938391
Unknown;0.2361152776944461;0.18;0.5125678716600458
Unknown;0.1328773424531509;0.4;0.7087435681745732
Unknown;0.5592688146237075;0.083743842364532;0.2380957330153267
Unknown;0.8058238835223296;-0.0068027210884353;-0.0897907312218307
Unknown;0.6824263514729706;0.0606060606060606;-0.1609515211325832
Unknown;0.0580388392232155;-0.3583959899749373;-0.8124466679649901
Unknown;0.0606787864242715;0.5909090909090909;0.9114154330361324
Control;0.1357172856542869;0.4183673469387755;0.6442495700606374
Unknown;0.5438691226175476;0.1111111111111111;0.2666240732121956
Low;3.999920001599968e-05;0.9044117647058824;2.19418462775775
Unknown;0.3640327193456131;0.2222222222222222;0.3996963398397636
Unknown;0.9319813603727926;0.0;0.0434220533117426
Unknown;0.5216295674086519;0.1594202898550724;0.2881438789462116
Unknown;0.2306353872922541;-0.3925925925925926;-0.5312084026702827
Unknown;0.1115177696446071;-0.4609929078014184;-0.7086856652094492
Control;0.2597148057038859;-0.2423076923076923;-0.3227143516814376
Control;0.0063998720025599;-0.7210884353741497;-1.308671846667759
Control;0.9829803403931922;-0.0408163265306122;0.010001052252157
Unknown;0.499110017799644;-0.2037037037037037;-0.2898281645872669
Unknown;0.2220755584888302;0.2898550724637681;0.5417416764545564
Unknown;0.8998220035599288;0.0506912442396313;0.0518411941849507
Unknown;0.2694346113077738;0.3260869565217391;0.4790896906061104
Unknown;0.0039999200015999;0.6428571428571429;1.4708686779301905
High;0.7733445331093378;0.0444444444444444;0.1267003923978406
Unknown;0.7313053738925221;0.0902777777777777;0.1319222690256769
Unknown;0.0057198856022879;0.673469387755102;1.17197599031691
Unknown;0.3906721865562689;0.2083333333333333;0.3796715198064606
Unknown;0.9513409731805365;0.0141843971631205;0.0319167422766589
Unknown;0.0030399392012159;0.529126213592233;0.8978607218974402
Unknown;0.2609947801043979;-0.2777777777777778;-0.4932480808028044
Unknown;0.5120297594048119;0.1851851851851851;0.282375073022204
Unknown;0.874782504349913;-0.0192307692307692;-0.072955166420176
Unknown;0.978340433191336;0.0;0.0062897242099855
Unknown;0.0024399512009759;0.8133333333333334;1.319940241674826
Unknown;0.6622667546649067;0.1185185185185185;0.2080060463903215
Unknown;0.6789464210715785;0.1481481481481481;0.1845651582351286
Unknown;0.245995080098398;-0.3725490196078431;-0.5131305712178923
Unknown;0.1816363672726545;-0.1840277777777778;-0.5068514696085232
Unknown;0.1367972640547189;-0.3155555555555555;-0.7238561969376996
Unknown;0.5887082258354833;-0.092032967032967;-0.1589657555923318
Medium;0.0015599688006239;-0.6567164179104478;-0.9084078450978202
Control;0.7622247555048899;-0.0444444444444444;-0.1470342093248553
Medium;0.8485430291394173;-0.0545454545454545;-0.0831476172887476
Unknown;0.0846783064338713;0.4716981132075472;0.7713169771829621
Unknown;0.9446611067778644;-0.02;-0.027159912155091
Unknown;0.0682786344273114;0.4844444444444444;0.8913461491715948
High;0.8453030939381212;-0.0488888888888888;-0.0979240818270357
Unknown;0.8419831603367932;-0.1134751773049645;-0.0743688937238559
Low;0.0015999680006399;-0.7866666666666666;-1.307617352783517
Unknown;0.0037199256014879;-0.5933333333333334;-1.4619305693110782
Unknown;0.0160796784064318;-0.541871921182266;-0.9783340617544636
Unknown;0.0082798344033119;-0.6518518518518519;-1.1300047360588483
Unknown;0.0005999880002399;0.8311111111111111;1.5063972574809108
Unknown;0.5821883562328753;-0.1746031746031746;-0.2189977211765299
Unknown;0.8065838683226335;-0.0133333333333333;-0.117534149782562
Unknown;0.4043119137617247;0.2291666666666666;0.3664406284540314
Unknown;0.5454690906181876;-0.108695652173913;-0.2665940190675595
Unknown;0.9470210595788084;-0.0462962962962962;-0.0173015249924515
Control;0.0156396872062558;0.4769975786924939;1.149491747278276
Unknown;0.0689186216275674;0.4097222222222222;0.7978376159581699
Unknown;0.8192236155276894;0.0183823529411764;0.0860431236953694
Unknown;0.378952420951581;-0.2355555555555555;-0.4176931562592522
Unknown;0.2033559328813423;0.2866666666666667;0.5515925831519911
High;3.999920001599968e-05;0.8508771929824561;2.7793636823378227
Unknown;0.6946661066778664;0.1626016260162601;0.1523268100038288
Unknown;0.3349933001339973;0.2433862433862433;0.3931302566287772
Unknown;0.0558788824223515;-0.4557823129251701;-0.7758982498954795
Unknown;0.0271194576108477;-0.4814814814814814;-1.0161270530576814
Unknown;0.2593148137037259;0.2549019607843137;0.4717387644948899
Unknown;0.3411531769364612;0.3142857142857143;0.4865568253263201
Unknown;0.5245495090098198;0.1111111111111111;0.3006346904976389
High;0.2143157136857262;0.3401360544217687;0.5531336497810155
Unknown;0.0029599408011839;0.717391304347826;1.225494164448802
Unknown;0.6693066138677226;0.1288888888888889;0.2072961433310822
Medium;0.0830783384332313;0.4102564102564102;0.7275613888160186
Control;3.999920001599968e-05;0.9344262295081968;2.3545886591640475
Unknown;0.119517609647807;0.3958333333333333;0.6485766710004477
Low;0.6394272114557709;-0.0687830687830687;-0.2001208396999867
Unknown;0.7061458770824584;-0.1322751322751322;-0.146526685356333
Control;0.0001599968000639;0.7142857142857143;2.3108843223057325
Unknown;0.0780784384312313;0.437037037037037;0.7870272803230807
Unknown;0.1474770504589908;-0.4379084967320261;-0.6379766131846544
High;3.999920001599968e-05;0.8238095238095238;2.6167627448403943
Unknown;0.8963420731585369;-0.0158730158730158;0.0575026178519007
Unknown;0.0077598448031039;0.5987654320987654;1.2421348180762155
Unknown;0.878062438751225;0.0222222222222222;0.0869512297373321
Unknown;0.75642487150257;-0.1088435374149659;-0.1396263701010808
Unknown;0.0006799864002719;0.7244897959183674;1.3690649017256522
Unknown;0.3036339273214535;-0.2753623188405797;-0.4544888156289368
Unknown;0.3891522169556609;-0.2467532467532467;-0.3461286050984197
Unknown;0.512189756204876;-0.1702127659574468;-0.2815292958297916
Unknown;0.4736305273894522;0.1331719128329297;0.2934628415381689
Unknown;0.123317533649327;0.3974025974025974;0.622306236852263
Unknown;0.0580788384232315;0.5225225225225225;0.8534853253200285
Unknown;0.0445191096178076;0.4618055555555556;0.7454046432068306
Unknown;0.6421071578568429;-0.1773049645390071;-0.1996560025931241
Unknown;0.9281014379712406;-0.036231884057971;-0.0275117783134825
Medium;0.0077198456030879;0.6974789915966386;1.1835844203885335
Unknown;0.5978280434391312;0.1063829787234042;0.2379557221173085
Unknown;0.0644387112257754;-0.4233870967741935;-0.7052255130849912
Unknown;0.1930761384772304;-0.3402777777777778;-0.5758634379128504
Unknown;0.1963160736785264;0.3131313131313131;0.4241679931913453
Unknown;0.5707485850282994;0.0802469135802469;0.2614775388858681
Unknown;3.999920001599968e-05;0.7142857142857143;1.4006064680095498
Medium;0.0194796104077918;-0.358974358974359;-0.8857924401243857
Unknown;0.4580708385832283;-0.2533333333333333;-0.3509632611810532
Unknown;0.2246355072898542;0.3024691358024691;0.5264585315587578
Unknown;0.0689986200275994;0.3353535353535353;0.5848670550096647
Medium;0.8218235635287294;-0.0577777777777777;-0.099782054727336
Low;0.5664686706265875;-0.1428571428571428;-0.2280560898752962
Unknown;0.3405931881362373;-0.3263888888888889;-0.4184619776426916
Unknown;0.9674606507869844;0.0466666666666666;0.0020045785149574
Unknown;0.7250654986900262;0.0888888888888888;0.152161226832843
Unknown;0.3216335673286534;0.2;0.3738416242257956
Unknown;0.4346313073738525;-0.1384615384615384;-0.2943132438799762
Medium;0.369712605747885;-0.2483660130718954;-0.3906484479698707
Unknown;0.0020799584008319;-0.7435897435897436;-1.5134453354646789
Unknown;0.2803943921121578;0.2058111380145278;0.4250151072823585
Unknown;0.0006399872002559;0.6865671641791045;1.2420260575526003
Unknown;0.8616627667446651;0.0459183673469387;0.0792660209751855
Unknown;0.1838363232735345;-0.3333333333333333;-0.5792636878699238
Unknown;0.1035579288414231;0.2772727272727273;0.5039953951505911
Unknown;0.0080798384032319;0.6622222222222223;1.2327617932543238
Unknown;0.2252754944901102;0.2640845070422535;0.4532108327187934
Unknown;0.4067118657626847;-0.2246376811594203;-0.3667192254106055
Unknown;0.0831983360332793;0.3777777777777777;0.7479807008942064
Unknown;0.8565428691426171;0.0579710144927536;0.0758864823245215
Unknown;0.1978760424791504;0.34;0.5625873839711975
Unknown;0.3617927641447171;0.238095238095238;0.3515027783046041
Control;0.0160396792064158;0.4;0.9230142437145492
Control;0.4535509289814203;0.1666666666666666;0.323888421229642
High;0.1304773904521909;-0.2530864197530864;-0.5441809120244546
Unknown;0.3041939161216775;-0.234866828087167;-0.4137921920203746
Unknown;0.8301833963320734;0.0313531353135313;0.0637700246469215
Unknown;0.9226215475690486;0.0;0.0475598179688869
Unknown;0.0125597488050238;0.5866666666666667;1.0665545099974834
Unknown;0.6511469770604588;0.1733333333333333;0.2236064258368772
Unknown;0.0009999800003999;0.7454545454545455;1.799452429353269
Control;0.0005999880002399;-0.6842105263157895;-1.0994772978769434
Unknown;0.4753904921901562;0.1407407407407407;0.3158045700406257
Unknown;0.4616707665846683;-0.1414634146341463;-0.2478221704127586
Unknown;0.249835003299934;-0.2764976958525346;-0.4667449957314478
Unknown;0.3370732585348293;-0.2907801418439716;-0.4250280941088557
Unknown;0.0292394152116957;-0.56;-0.9748533480983412
Low;0.7411851762964741;-0.032051282051282;-0.1645831093191496
Unknown;0.0218795624087518;0.5733333333333334;1.052170390227119
Unknown;0.3321133577328453;0.2091836734693877;0.3984065026181377
Control;0.0011999760004799;-0.7320261437908496;-1.3101690872783218
Unknown;0.0326793464130717;0.3766233766233766;0.6457607637298399
Unknown;0.2735145297094058;0.2569444444444444;0.4787825382983963
Unknown;0.1289174216515669;0.2757352941176471;0.5749105336527252
Medium;0.0009199816003679;0.4501424501424501;1.3217081932559387
Unknown;0.3654726905461891;0.1777777777777777;0.4019277007078254
Unknown;0.0011199776004479;0.6111111111111112;1.0952668733437867
Unknown;0.2569948601027979;-0.3066666666666666;-0.499264058681766
Unknown;0.9184616307673846;-0.0398126463700234;0.0465839838361687
Unknown;0.9129017419651608;-0.0042372881355932;0.0345874042378038
Unknown;0.0011199776004479;0.5231481481481481;1.0035694875380268
High;0.0061598768024639;-0.6282051282051282;-1.0872678440067338
Unknown;0.3294734105317893;0.2962962962962963;0.4262227157205112
Unknown;0.6391872162556749;-0.0416666666666666;-0.1898491748354488
Unknown;0.0779984400311993;-0.4420289855072464;-0.783889817295666
Unknown;0.3545129097418051;0.2108843537414966;0.4053108998431589
Unknown;0.7804643907121858;-0.1217948717948717;-0.1170371636551961
Low;0.3476730465390692;0.2529644268774703;0.2993784448042708
Control;0.2327953440931181;0.1785714285714285;0.4570540449028876
Unknown;0.4196716065678686;-0.226950354609929;-0.3577167300089622
Unknown;0.5498290034199316;-0.2391304347826087;-0.2688492598190719
Unknown;0.6532669346613068;0.1;0.1805409743610651
Unknown;0.1325173496530069;0.3687943262411347;0.6627937104719852
Unknown;0.0805583888322233;0.3977272727272727;0.6750782391141837
Unknown;0.0026799464010719;0.6851851851851852;1.3142449245064292
Unknown;0.4833103337933241;0.1388888888888889;0.3183433443404538
Unknown;0.5513089738205236;0.1537290715372907;0.2109331588302356
Unknown;0.7107857842843143;-0.1111111111111111;-0.1444263717738365
Control;0.5647887042259154;-0.1733333333333333;-0.2554987375805946
Unknown;0.4167916641667166;0.2355555555555555;0.3842851710154493
Unknown;0.7132657346853063;0.0814814814814814;0.1610529081570614
Unknown;0.0811183776324473;0.36;0.6143734834984995
Unknown;0.2055558888822223;0.3866666666666666;0.6015063808416082
Unknown;0.0661986760264794;0.3743842364532019;0.7197223267790672
Control;0.252594948101038;0.2753623188405797;0.5045237023690848
Medium;0.0002399952000959;-0.8553459119496856;-1.6784363203840145
Unknown;0.8172636547269054;0.0440251572327044;0.0966330896707175
Unknown;0.8984220315593688;0.0577777777777777;0.0677554864426939
Unknown;0.2126757464850703;0.3958333333333333;0.551621760194405
Unknown;0.2523949521009579;0.226950354609929;0.5046985545516008
Unknown;0.867942641147177;0.074074074074074;0.0796900766872875
Unknown;0.4358312833743325;0.1597222222222222;0.342892619312062
Unknown;0.74582508349833;0.1018518518518518;0.1176294086085289
Unknown;0.3376676986584107;0.25;0.5505733549930726
Unknown;0.0119997600047999;0.5456674473067916;1.016973690901523
Unknown;0.3389932201355973;-0.2564102564102564;-0.4104418557613672
Unknown;0.7201055978880423;-0.1111111111111111;-0.1571573801291402
Unknown;0.3633527329453411;-0.3120567375886525;-0.4012867825394515
Unknown;0.3629927401451971;-0.2962962962962963;-0.3980921939589121
Unknown;0.7621447571048579;0.12;0.1511507255026875
Unknown;0.2155956880862382;0.2826086956521739;0.552269242263439
Unknown;0.0009599808003839;0.7002341920374707;1.3321809849836064
Low;0.4124317513649727;-0.2075471698113207;-0.3614744603997359
Unknown;0.881302373952521;0.0425531914893617;0.0796216149478844
Unknown;0.6040679186416271;0.0962962962962963;0.2378647650011253
Control;0.0974780504389912;0.3283582089552239;0.6342450089871033
Unknown;0.0562788744225115;0.3071428571428571;0.7165546219933167
Low;0.0145197096058078;0.4285714285714285;1.0762139671929816
Unknown;0.3506729865402692;-0.2756410256410256;-0.4068074592363513
Unknown;0.0259994800103997;0.5694444444444444;0.9769709051286272
Unknown;0.2744745105097898;-0.3511111111111111;-0.5221685775863777
Unknown;0.5320293594128117;0.1764705882352941;0.2750367118225725
Unknown;0.0357592848143037;0.5319148936170213;0.9149223737244708
Unknown;0.0915981680366392;0.4313725490196078;0.731508300768037
Unknown;0.0727185456290874;0.3979591836734694;0.6948895047691874
Unknown;0.0004799904001919;0.619281045751634;1.0722321352614144
Unknown;0.7227055458890822;0.1022222222222222;0.1809333874382895
Control;0.4881502369952601;0.0;-0.3312019358864158
Unknown;0.0318393632127357;-0.6177777777777778;-1.052126773223043
Unknown;0.0548789024219515;0.4583333333333333;0.8108706381578359
Unknown;0.1472770544589108;0.3040935672514619;0.5137099682777241
Unknown;0.0824383512329753;0.4468085106382978;0.7508092029864827
Unknown;0.0191196176076478;0.7244444444444444;1.1186987572092206
Control;0.0017999640007199;-0.7898550724637681;-1.5298468734525652
Unknown;0.0363592728145437;0.4761904761904761;0.9109512038728672
Unknown;0.0169596608067838;-0.5703703703703704;-1.086944035124205
High;0.115637687246255;-0.358974358974359;-0.6879650945750581
Unknown;0.0059198816023679;0.6595744680851063;1.1527569433963802
Unknown;0.6989460210795784;-0.0709219858156028;-0.1751766512063029
Unknown;0.4196716065678686;-0.238095238095238;-0.300514213458668
Unknown;0.2139157216855663;-0.2564102564102564;-0.5411305657684006
Low;0.870542589148217;-0.0137931034482758;-0.0483646629204224
Unknown;0.0651586968260634;-0.4693877551020408;-0.8283179722935597
Unknown;0.499670006599868;0.1259259259259259;0.3034281255924509
Low;0.6561868762624747;0.1528822055137844;0.176647438555743
Unknown;0.1875162496750065;0.3133333333333333;0.5807767776200733
Unknown;0.0128397432051358;0.5736961451247166;0.9662003599083724
Control;0.5263094738105238;-0.2269230769230769;-0.2524228096814149
Unknown;0.0964380712385752;-0.4779874213836478;-0.7564184487721466
Unknown;0.5413891722165557;0.144927536231884;0.2692892969564186
Unknown;0.9013019739605208;0.0025062656641604;0.0447968796145709
Unknown;0.4026319473610528;-0.1481481481481481;-0.3360069977162138
Unknown;0.120957580848383;0.3566176470588235;0.5832241979325314
Unknown;0.865742685146297;-0.0222222222222222;-0.0731900227826669
Unknown;0.8007839843203136;0.0972222222222222;0.1130297783959449
Control;0.1083178336433271;0.3851851851851852;0.7279360449453893
Unknown;0.6855062898742025;-0.108695652173913;-0.1788767224213566
Unknown;0.5371092578148438;0.1304347826086956;0.2677531222456656
Unknown;0.1383972320553589;-0.44;-0.7180049992917045
Medium;0.0022399552008959;0.6403940886699507;1.5217270563194925
Unknown;0.0026399472010559;-0.7;-1.3795346126562993
Unknown;0.1890762184756305;-0.3647798742138364;-0.5744923932961133
Unknown;0.1066778664426711;-0.4230769230769231;-0.7212268769716617
Unknown;0.0404791904161916;0.4372294372294372;0.7426309120571922
Unknown;0.0495990080198396;0.5;0.8541749730156893
High;0.4023519529609408;-0.0666666666666666;-0.3926869141562558
Unknown;0.3980320393592128;-0.2246376811594203;-0.3716541440719511
Unknown;3.999920001599968e-05;0.7741046831955923;1.3253498098160217
Unknown;0.5240295194096118;-0.2230576441102756;-0.2519637027031515
Unknown;0.5231495370092598;0.0980392156862745;0.2783346130932564
Unknown;0.0020399592008159;-0.7688888888888888;-1.0931793564605938
Unknown;0.0001199976000479;0.6600790513833992;1.2497626705079778
Unknown;0.3943921121577568;-0.28;-0.4007317476165411
Unknown;0.8647827043459131;0.0266666666666666;0.086427773150474
Unknown;0.8465430691386172;0.0492610837438423;0.0675330864588462
Unknown;0.0147997040059198;0.5763888888888888;1.1028917102478342
Unknown;0.749785004299914;-0.1022222222222222;-0.1539973337079609
Medium;0.1007179856402872;0.3132832080200501;0.6838011752037116
Unknown;0.4659106817863643;-0.1477272727272727;-0.2758080241847698
Unknown;0.5513889722205556;0.2;0.2650168147814825
Unknown;0.2339953200935981;-0.2826086956521739;-0.5293853326630814
Unknown;0.1794364112717745;0.3012820512820512;0.5759252456184419
Unknown;0.8573028539429212;-0.0649350649350649;-0.0620614254624862
Unknown;0.4716705665886682;-0.2;-0.323648356847458
High;0.0001599968000639;-0.8;-1.345697733871206
Unknown;0.241995160096798;0.3115942028985507;0.5180451552776271
Unknown;0.0203595928081438;0.5072463768115942;0.843745052640738
Unknown;0.3169136617267654;-0.1351981351981352;-0.3252645954045206
Control;0.0166396672066558;-0.6415094339622641;-1.1552136051338469
Unknown;0.378432431351373;-0.2266009852216748;-0.3572894630324215
Unknown;0.0545589088218235;0.5072463768115942;0.8498039037479564
Unknown;0.0463190736185276;0.5037037037037037;0.8441453552144413
Control;0.9544609107817844;0.0283687943262411;0.0112665998673048
Unknown;0.0781584368312633;-0.3405797101449275;-0.8232549640863316
Unknown;0.0279994400111997;0.4045977011494253;0.7348070479749983
Unknown;0.9029019419611608;-0.0204918032786885;0.0542962444298884
Unknown;0.6502269954600908;-0.2074074074074074;-0.2002517170334312
Unknown;0.987220255594888;-0.0272108843537414;0.0061667529347579
Unknown;0.0286794264114717;-0.4666666666666667;-0.9053053526051988
Unknown;0.742945141097178;0.0255813953488372;0.1176741659572813
Medium;0.0001199976000479;0.8758169934640523;1.7568772753217938
Unknown;0.992380152396952;0.0625;0.0127397166322133
Unknown;0.4332313353732925;-0.2148148148148148;-0.3444384340115925
Control;0.5841883162336753;0.3849206349206349;-0.0404828393098264
Medium;0.0146797064058718;-0.725925925925926;-1.0385847432370772
Unknown;0.4746705065898682;-0.1278195488721804;-0.2899368153299357
Unknown;0.0453590928181436;0.5036764705882353;0.7643231173527832
Control;0.4731905361892762;0.2987951807228916;0.2278992902259953
Unknown;3.999920001599968e-05;0.761248852157943;1.2068437193995407
Low;0.0518389632207355;-0.3456221198156682;-0.7486692180429706
Unknown;0.2289954200915981;0.2305295950155763;0.367768626959094
Unknown;0.0107597848043039;-0.6266666666666667;-1.3397232303387674
Unknown;0.493910121797564;0.191358024691358;0.3049391365110013
Unknown;0.4407911841763164;-0.2418300653594771;-0.3296017399742372
High;3.999920001599968e-05;-0.9319727891156464;-1.405705086752494
Unknown;0.6554268914621707;-0.1437908496732026;-0.1927958490404773
High;0.5543089138217235;-0.25;-0.2481373819212122
Unknown;0.6403071938561229;-0.0133333333333333;-0.2166793064752566
Unknown;0.0778784424311513;0.3287037037037037;0.538966094618729
Unknown;0.2904341913161736;0.2177777777777777;0.4908080193271586
Unknown;0.6849063018739625;0.0354609929078014;0.1913609749657506
Unknown;0.5520689586208276;-0.1574468085106383;-0.282890171064815
Unknown;0.7632247355052899;0.1377777777777777;0.1528931619352942
Unknown;0.2849143017139657;0.3144654088050314;0.4625784116870994
Unknown;0.4592308153836923;-0.1571428571428571;-0.2777665510536063
Unknown;0.9192616147677046;0.0052910052910052;0.0537645478358381
Unknown;0.7390252194956101;0.0902777777777777;0.1534922681624256
Unknown;0.4023119537609247;-0.1724137931034483;-0.3380193933212142
Low;0.1293974120517589;0.2753623188405797;0.5588496129666911
Unknown;0.4598308033839323;-0.1805555555555555;-0.3192315868057278
Unknown;0.8710625787484251;-0.0441558441558441;-0.068181108909548
Medium;0.0007599848003039;-0.7397959183673469;-1.0044458083470242
Low;0.1359972800543989;0.3544973544973545;0.6098889392876506
Unknown;0.3596328073438531;0.2695035460992908;0.3978924960694397
High;0.1018379632407351;-0.44;-0.7175497169736718
Control;0.0005999880002399;0.595679012345679;1.315834085531567
Unknown;0.0058798824023519;0.7152777777777778;1.2418215780974715
Low;0.1117577648447031;-0.437037037037037;-0.6959526391239438
Unknown;0.0009999800003999;0.7753623188405797;1.552227605395012
Unknown;0.2714884696016771;0.3986928104575163;0.6678624069352802
Control;0.4196316073678526;-0.2355555555555555;-0.3849159133283664
Unknown;0.5103897922041559;0.1132075471698113;0.2846671853421988
Unknown;0.0295594088118237;-0.6086956521739131;-1.0229208365164106
Unknown;0.0987580248395032;0.4814814814814814;0.7308140324437619
Unknown;0.3901121977560449;0.1309523809523809;0.3318634167216037
Unknown;0.0230795384092318;0.5578231292517006;0.9948932554074786
Unknown;0.0161196776064478;-0.5320197044334976;-1.00015609376299
Unknown;0.3008339833203336;-0.2916666666666667;-0.4580607164816708
Unknown;0.4591508169836603;0.1417910447761194;0.2826095655394423
Low;0.0218795624087518;-0.5690866510538641;-0.5601672982306276
Medium;0.6151076978460431;0.1450617283950617;0.1711236992978522
Unknown;0.1118777624447511;-0.2977777777777777;-0.8047527514333978
Unknown;0.4597908041839163;0.2592592592592592;0.3270980099047001
Unknown;0.0450390992180156;0.4791666666666667;0.8605308167376319
Low;0.7304653906921862;-0.0576923076923076;-0.1528064683359165
Unknown;0.255234895302094;0.3333333333333333;0.4942448252813797
Unknown;0.4013519729605408;0.228395061728395;0.3655755382513819
Medium;0.9454610907781844;-0.0133333333333333;-0.0301810699466825
Unknown;0.2800743985120297;0.2266009852216748;0.4331537759912671
Unknown;0.0037599248015039;0.52;0.9022950262141582
Low;0.0001599968000639;-0.8231292517006803;-1.7823193708689296
Low;3.999920001599968e-05;0.8660578386605784;2.1961216780434385
Unknown;0.0931581368372632;-0.3049645390070922;-0.767837992776008
Unknown;0.3017939641207176;0.2275132275132275;0.4225721410005532
Unknown;0.500389992200156;0.1733333333333333;0.3250030381010441
Unknown;0.3079538409231815;0.2695035460992908;0.4517682281405523
Control;0.0008399832003359;0.6617647058823529;1.284813256012723
Unknown;0.0229595408091838;0.5555555555555556;1.107693220094637
Unknown;0.0222795544089118;0.4666666666666667;0.8097604785190758
Unknown;0.1063578728425431;0.2666666666666666;0.5514796599417774
Unknown;0.0023999520009599;0.725925925925926;1.322991186464181
Unknown;0.116117677646447;0.3058161350844278;0.4593498636699478
Low;0.1449971000579988;0.3188405797101449;0.6369138024280487
Unknown;0.0232395352092958;0.5822222222222222;1.13603120580237
Unknown;0.7879842403151937;0.0576923076923076;0.1259976638726051
Unknown;0.0001999960000799;0.7936507936507936;1.4546120483922913
Unknown;0.0154396912061758;0.4853932584269663;0.800842172683255
Low;0.1597568048639027;0.2929292929292929;0.4991441217287019
Unknown;0.4109517809643807;0.105177993527508;0.2538269044448485
Unknown;0.3983520329593408;-0.1753731343283582;-0.3184487624166647
Control;0.1807963840723185;0.2898550724637681;0.5926335488948319
Unknown;0.0068798624027519;0.6142857142857143;1.1183632475008345
Unknown;0.5692286154276914;-0.1733333333333333;-0.2431874163886339
Unknown;0.6635867282654347;0.0753968253968253;0.1670692700633253
Unknown;0.0053598928021439;0.6540880503144654;1.214204292639785
Low;0.5207495850082998;-0.1727941176470588;-0.2474692369077672
Unknown;0.2003159936801264;-0.3134328358208955;-0.4859482231133226
Control;0.3307533849323013;-0.2452830188679245;-0.4125581000483265
Unknown;0.628507429851403;0.0545454545454545;0.2039082375703363
Unknown;0.8173036539269215;0.0628930817610062;0.101183406774305
Unknown;0.0448391032179356;-0.7066666666666667;-1.024097050261931
Control;0.0216795664086718;-0.4438775510204081;-0.8654301757931891
Unknown;0.0974380512389752;0.4259259259259259;0.7097559861886032
High;0.7069058618827624;-0.2585034013605442;-0.164963945917419
Unknown;0.5920281594368113;0.122077922077922;0.2237608134969494
Unknown;0.0355992880142397;0.5291005291005291;0.8605979054528343
Unknown;0.0924781504369912;-0.3765432098765432;-0.7255264174691832
Unknown;0.2821943561128777;0.2296296296296296;0.4755257315497679
Unknown;0.7156656866862663;-0.0521978021978022;-0.1041644809026853
Control;0.2843943121137577;-0.1594202898550724;-0.4678496711657163
Unknown;0.0894782104357912;0.4779874213836478;0.7322569310244068
Low;0.5394292114157717;-0.0204081632653061;0.2272787608063365
Unknown;3.999920001599968e-05;0.8518518518518519;1.709661187379425
Unknown;0.7220655586888263;0.0666666666666666;0.1499904413518935
Unknown;0.6732665346693066;0.1023809523809523;0.1404984673373329
Unknown;0.1948761024779504;-0.3619047619047619;-0.5319553581153521
Unknown;3.999920001599968e-05;0.8409090909090909;1.6849952975766191
Unknown;0.3143137137257255;0.2244897959183673;0.4447037110186898
Unknown;0.0004399912001759;0.7481840193704601;1.367341035626647
Unknown;0.7175856482870343;-0.1296296296296296;-0.1581771981375228
High;0.2872342553148937;0.2285714285714285;0.5180025700911426
Unknown;7.999840003199936e-05;0.7720588235294118;1.4035956412048316
Unknown;0.121437571248575;-0.4444444444444444;-0.68577548097335
Unknown;0.1629567408651827;-0.2619047619047619;-0.6340267299523955
Unknown;0.0729985400291994;-0.5466666666666666;-0.9169615937864772
Unknown;0.1660366792664146;0.4074074074074074;0.6123097467753266
Unknown;0.0255194896102077;0.5056689342403629;0.8834613656321892
Unknown;0.8291434171316574;-0.0347222222222222;-0.09251974039
Unknown;0.6804663906721865;0.0817610062893081;0.1755132676400523
Unknown;0.251554968900622;0.2916666666666667;0.6228756616601783
Low;0.4475110497790044;0.1636363636363636;0.3049780992706771
Unknown;0.8455830883382333;-0.09375;-0.0637874708262172
Low;0.6425071498570029;0.0197044334975369;-0.203024877960184
Medium;0.865982680346393;0.0869565217391304;0.0905767069505248
Unknown;0.243515129697406;0.2163742690058479;0.5081141232916231
Control;0.0687986240275194;0.4393939393939394;0.6837825931753249
Unknown;0.3960720785584288;-0.3333333333333333;-0.360723541142221
High;0.0001999960000799;0.8043478260869565;1.622597184475188
Unknown;0.1604767904641907;0.3024691358024691;0.6121495933694378
Unknown;0.6823863522729545;-0.0943396226415094;-0.1764949167827527
Unknown;0.0211595768084638;-0.6054421768707483;-1.0610949961510971
Unknown;0.8239435211295774;0.0522388059701492;0.0849556875919288
Unknown;0.6116677666446672;-0.2244897959183673;-0.2117353682527864
Unknown;0.0523189536209275;-0.3695652173913043;-0.7007435761213283
Unknown;0.4294714105717885;0.1956521739130435;0.3485335747577976
Unknown;0.9231415371692566;-0.0634920634920634;-0.0326816974366494
Medium;3.999920001599968e-05;0.8663594470046083;2.070534501807579
Control;0.3814323713525729;-0.2704081632653061;-0.3544226502010526
Unknown;0.0931581368372632;0.325;0.574463921289913
High;0.8605427891442171;-0.0567375886524822;-0.0685456082297101
Unknown;0.2656746865062698;-0.2426470588235294;-0.4177696992859633
Unknown;0.9772604547909042;-0.0666666666666666;0.0103749973077945
Unknown;0.2582348353032939;0.2115384615384615;0.4280783151497891
Unknown;0.0041199176016479;0.7189542483660131;1.3208031368393485
Unknown;0.9577008459830804;-0.0488888888888888;-0.013106971813422
Unknown;0.4477910441791164;-0.1629629629629629;-0.3368109369170844
Unknown;0.877342453150937;-0.1063829787234042;-0.0490638542340264
Unknown;0.0002399952000959;0.7355072463768116;1.3343583127223078
Unknown;0.9291414171716564;0.0070921985815602;0.047681915392869
High;3.999920001599968e-05;0.9444444444444444;3.5753442335197176
Unknown;0.7681846363072738;0.0659340659340659;0.088644523674999
Unknown;0.1807963840723185;0.336;0.6116878596378804
Unknown;0.6152276954460911;0.036319612590799;0.2104574681009919
Control;0.0190796184076318;-0.5422535211267606;-0.8737809714006026
Low;0.0058798824023519;0.4692307692307692;1.17160012180649
Medium;0.2784744305113897;0.2590799031476997;0.4347755900589715
Unknown;0.6159420289855072;0.1818181818181818;0.403890330042929
High;0.0796784064318713;-0.3928571428571428;-0.6765246061970402
Unknown;0.7466650666986661;0.0266666666666666;0.1465397666325321
Unknown;0.0793984120317593;-0.3888888888888889;-0.7560111559024826
Control;0.7174256514869702;-0.0612244897959183;-0.1807908144493059
Unknown;0.9256614867702646;-0.0311111111111111;0.0493098633527357
Medium;0.3331533369332613;-0.2444444444444444;-0.4638464278815171
Unknown;0.4725905481890362;0.1529411764705882;0.2611134145590735
Low;0.0227195456090878;0.4604743083003952;0.772418832700645
Unknown;0.7822243555128897;0.0311111111111111;0.133007161106017
Unknown;0.0437191256174876;0.4710144927536231;0.8217549028925297
Control;0.2702745945081098;-0.3407407407407407;-0.4838949355075768
Unknown;0.0348393032139357;0.5228758169934641;0.8793683282174327
Unknown;0.1431971360572788;-0.3933333333333333;-0.6496786313690437
Unknown;0.985660286794264;-0.0434782608695652;-0.0049271373201824
Unknown;0.0302393952120957;0.5534591194968553;0.958268232137032
Unknown;0.9855002899942;0.0238095238095238;0.0259056707074683
Unknown;0.0137197256054878;-0.624113475177305;-1.2290851175071174
Unknown;0.0259194816103677;0.5185185185185185;0.9254587063801032
Unknown;0.6593868122637547;0.0044444444444444;0.2480647021562209
Unknown;0.4554708905821883;-0.1560283687943262;-0.3265943345629234
Unknown;0.1041179176416471;-0.3724489795918367;-0.6524488682287649
Unknown;0.6036679266414672;-0.1555555555555555;-0.2200990669767369
High;0.0019599608007839;-0.7293233082706767;-1.1575777749416083
Unknown;0.1311573768524629;-0.3862433862433862;-0.6258443455229834
Unknown;0.2918741625167497;0.3133640552995391;0.4281880851346027
Unknown;0.5976280474390512;-0.0992907801418439;-0.2300277396810904
Unknown;0.3141137177256455;-0.2765957446808511;-0.4391306086475185
Unknown;0.624747505049899;-0.1891891891891892;-0.241616914332041
Unknown;0.0003199936001279;-0.729064039408867;-1.4377493141463618
Control;0.0010399792004159;0.7555555555555555;1.4490858881613733
Control;0.0679586408271834;0.3952380952380952;0.8232421073625403
Unknown;0.113517729645407;-0.3900709219858156;-0.7148550570930877
Control;0.0781184376312473;-0.2592592592592592;-0.7382494115046282
Unknown;0.0245995080098398;0.4431673052362707;0.7774863278072095
Unknown;0.8462230755384892;0.0488888888888888;0.1037721903428193
Unknown;0.9675006499870002;0.0232558139534883;0.0169749447531588
Unknown;0.0011999760004799;0.7666666666666667;1.4151569944123197
Unknown;0.3594328113437731;0.18796992481203;0.3742433325708866
Control;0.0095998080038399;0.4562289562289562;0.8263244408128165
Unknown;0.625147497050059;0.1217948717948717;0.2240783293036739
Unknown;0.9642607147857044;-0.0829493087557603;-0.0043531637263894
Unknown;0.1688366232675346;0.3144654088050314;0.5904395416921449
Unknown;0.7057458850822984;0.181159420289855;0.1687039914564601
Unknown;0.98590028199436;-0.0133333333333333;0.0055305569359482
Unknown;0.0095998080038399;0.625;1.087569861460401
Medium;0.3565128697426051;0.1572871572871572;0.3277928553916608
Low;0.0001599968000639;0.873015873015873;1.733016750336773
Low;0.2855942881142377;-0.2569444444444444;-0.4666386230178986
Unknown;0.115957680846383;0.3766233766233766;0.6381366156378099
Unknown;0.0540789184216315;-0.5822222222222222;-0.9271516746223616
Unknown;0.6350272994540109;0.1111111111111111;0.2081751760224756
Unknown;0.0817583648327033;0.4074074074074074;0.7531059413169237
Control;7.999840003199936e-05;0.9012345679012346;2.191038346290831
Unknown;0.74222515549689;0.0726817042606516;0.1420474347224031
Unknown;0.0640787184256314;0.46;0.7955890773194033
Unknown;0.4025519489610207;0.2176870748299319;0.3698501122831452
Control;0.0005599888002239;-0.611764705882353;-0.9987364568751512
Unknown;0.0433591328173436;0.4431818181818182;0.7404733091807669
Unknown;0.2374752504949901;-0.3533333333333333;-0.519378115604919
Unknown;0.0699986000279994;0.4191176470588235;0.6894647630515599
Unknown;0.0170796584068318;0.4285714285714285;0.9136987264782924
Control;0.5808283834323313;0.2160919540229885;0.1626621770716538
Unknown;3.999920001599968e-05;0.74;1.4194445530593771
Unknown;0.5396825396825397;-0.3846153846153846;-0.3069176984678121
Unknown;0.9073418531629368;0.0486111111111111;0.0654629255792213
Unknown;0.2087158256834863;0.3214285714285714;0.5075681927314002
Unknown;0.4067918641627167;-0.16;-0.3662561317222305
Unknown;0.0667986640267194;0.4755555555555555;0.8579750260000822
Low;0.123157536849263;-0.2352941176470588;-0.7245314345311603
Unknown;0.4677906441871162;-0.1419753086419753;-0.2595184828132481
Unknown;0.7043459130817383;0.0714285714285714;0.1477265118195108
Unknown;0.9004219915601688;0.0222222222222222;0.0521986873791021
Unknown;0.0123197536049279;-0.5531914893617021;-1.2043917189873807
Unknown;0.492710145797084;-0.2176870748299319;-0.2942535296914916
Low;0.5796684066318674;-0.34;0.1697258133237816
Unknown;0.115157696846063;0.4092009685230024;0.6394893976672036
Unknown;0.0043999120017599;0.5046511627906977;0.9961148157966292
High;0.5967080658386832;-0.1428571428571428;-0.2247487774290646
Unknown;0.0347993040139197;-0.4933333333333333;-0.9279515626306724
Unknown;0.2818743625127497;0.4133333333333333;0.5141034212472901
Unknown;0.5956680866382672;0.0902777777777777;0.2409852602350373
Unknown;0.6219075618487631;0.0932835820895522;0.1845986294314004
High;3.999920001599968e-05;0.9136822773186408;3.0650938704345725
Unknown;0.3104337913241735;0.2517006802721088;0.4483353042761975
Unknown;0.6811863762724746;-0.1437908496732026;-0.1795071982585027
Unknown;0.0708385832283354;0.3881673881673881;0.6524185114106047
Low;0.6811063778724425;0.1725352112676056;-0.1811284018817642
Unknown;0.3415131697366053;0.2318840579710145;0.4234336296994551
Unknown;0.3256334873302534;0.2444444444444444;0.4361634652022702
Unknown;0.6324273514529709;-0.0296296296296296;0.2034657709694626
Unknown;0.0962780744385112;0.3634085213032581;0.6701116158526562
Unknown;0.8865422691546169;-0.0641025641025641;-0.0599151393407869
Control;0.0058398832023359;-0.4222222222222222;-0.7662490083220087
Unknown;0.0009199816003679;0.7647058823529411;1.508606213253244
Unknown;0.0091598168036639;0.68;1.22831309090722
Unknown;0.2824343513129737;0.2679738562091503;0.46727269502512
Medium;0.0144797104057918;0.6888888888888889;1.1499910376037208
Control;0.245955080898382;0.3571428571428571;0.4403378547867597
Unknown;0.0099598008039839;0.6296296296296297;1.0498302887841384
Medium;0.0115997680046399;-0.6538461538461539;-1.1187990217893553
Unknown;0.49495010099798;0.1180555555555555;0.2573204599425364
Unknown;0.2712745745085098;-0.2777777777777778;-0.3904183614664562
Unknown;0.2622747545049099;0.3397435897435897;0.4935333704275592
Unknown;0.3373132537349253;0.1808406647116324;0.3068811956961769
Medium;0.1416771664566708;-0.2888888888888888;-0.6311331889530605
Control;0.5189096218075638;0.2672672672672673;0.207353697848808
Unknown;0.4900701985960281;-0.2152777777777778;-0.3046820091207299
Unknown;0.2290354192916141;0.2765957446808511;0.5270142574663228
Unknown;0.1730765384692306;0.4052478134110787;0.5616268472274668
Low;0.5671086578268435;0.1383647798742138;0.2547135514725704
Unknown;0.0001999960000799;0.7267267267267268;1.3732741309963843
Unknown;0.6785864282714346;0.12;0.2056621279887161
Unknown;0.0041199176016479;-0.7066666666666667;-1.4730041325556371
Unknown;0.0478790424191516;0.4444444444444444;0.9055518778245636
Unknown;0.3344333113337733;0.3333333333333333;0.455768361637844
Unknown;0.0245995080098398;-0.5064102564102564;-0.952716744901331
Unknown;0.6996260074798504;0.0849673202614379;0.177598204184391
Unknown;0.1406371872562548;-0.4130434782608695;-0.659862890364993
Unknown;0.0008799824003519;0.7719298245614035;1.299453755238597
Unknown;0.0490390192196156;-0.4807692307692308;-0.9113694631598904
High;0.0011199776004479;0.7536231884057971;1.6023416566731823
Medium;0.0304393912121757;-0.4652777777777778;-0.8767919243292225
Unknown;0.0213195736085278;0.5133333333333333;1.0222986337657936
Control;0.874502509949801;0.26;-0.0954501040361471
Unknown;0.994580108397832;-0.1;0.020274800831854
Unknown;0.0011599768004639;0.5738025415444771;1.0621488086953286
Low;0.989580208395832;0.1578947368421052;-0.0405829535057956
Unknown;0.1376772464550709;-0.3829787234042553;-0.6606409136088105
Unknown;0.0154396912061758;0.6388888888888888;0.9979384256047598
Unknown;0.9308613827723444;-0.0476190476190476;-0.0266811176581162
Unknown;0.1582368352632947;-0.3623188405797101;-0.6253867553646347
Unknown;0.0217595648087038;-0.6;-1.063015163610767
Unknown;0.0008799824003519;0.5592948717948718;1.0086991081126155
Unknown;0.2731145377092458;0.2517006802721088;0.4813662495309244
Unknown;0.0571988560228795;-0.6444444444444445;-0.9809961253238176
Unknown;0.7578648427031459;-0.1324675324675324;-0.1206066598983421
Unknown;0.5434291314173717;-0.108695652173913;-0.2621122123045595
Unknown;0.5225095498090038;0.1458333333333333;0.2799317090262669
Unknown;0.0012399752004959;0.6944444444444444;1.2196426439107753
Unknown;0.1822763544729105;-0.3511111111111111;-0.6480022291931936
Low;0.0009599808003839;-0.6728110599078341;-1.3127787882254358
Medium;0.0005199896002079;-0.7419354838709677;-0.9826048203576564
Unknown;0.2217155656886862;0.3012820512820512;0.5326542178872457
Unknown;0.6670266594668106;0.0780141843971631;0.1972208339787896
Unknown;7.999840003199936e-05;0.6758241758241759;1.1681700908984909
Unknown;0.6515069698606027;0.1836734693877551;0.1853366136934316
Control;0.0369992600147997;-0.4551282051282051;-0.8982140431967661
Medium;0.125317493650127;-0.35;-0.5670999488387178
Control;0.0681586368272634;0.2896825396825397;1.1158289950249716
Unknown;0.1549169016619667;0.4044444444444444;0.6832844845727444
Unknown;0.4231115377692446;-0.2222222222222222;-0.3552790795691085
Unknown;0.8653426931461371;-0.0277777777777777;-0.0724860963352645
Unknown;0.2624347513049739;0.2391304347826087;0.417189069820666
Unknown;0.0211595768084638;0.5815602836879432;1.0143922985723792
Unknown;0.3890722185556289;-0.2482269503546099;-0.3805046351887499
Unknown;0.7877042459150817;0.0680272108843537;0.1225555331230478
Control;0.1903161936761264;0.3293650793650793;0.492708109728498
Unknown;0.0922781544369112;0.4379084967320261;0.73747203456588
Unknown;0.6668666626667467;0.1071428571428571;0.1688839458103693
Unknown;0.0817583648327033;0.4326241134751773;0.758920879091021
Unknown;0.4417911641767165;0.1884057971014492;0.3493434708128613
Medium;0.0001199976000479;0.8431372549019608;1.620345072924861
Unknown;0.1008779824403511;0.389937106918239;0.7164635789709292
Unknown;0.3881922361552768;-0.3066666666666666;-0.4133198433087157
Unknown;0.9393412131757364;0.0384615384615384;0.0355538074959445
Unknown;0.9158216835663286;-0.0072463768115942;-0.0410000135426425
Medium;0.6484270314593709;0.0238095238095238;-0.1855682337038245
Unknown;0.4930301393972121;-0.18;-0.2088527283550305
Unknown;0.8094238115237695;0.053030303030303;0.1101124342990589
Unknown;0.7279054418911621;0.0942028985507246;0.1580231636348957
Medium;0.0014399712005759;-0.6594202898550725;-1.1396596149896328
Unknown;3.999920001599968e-05;0.8425925925925926;1.808833967535006
Unknown;0.3160736785264295;0.2300242130750605;0.4051585930948436
Unknown;0.2403951920961581;0.3194444444444444;0.5120889699211721
Unknown;0.3017539649207016;-0.2806122448979591;-0.4186059927149609
Unknown;0.0023999520009599;0.671957671957672;1.233791569058613
Control;0.0465590688186236;0.7325301204819277;0.8853095756174024
Medium;0.1121177576448471;0.4166666666666667;0.6709857000232876
Unknown;0.0570388592228155;-0.5576923076923077;-0.8621162667739207
High;0.9805003899922;-0.0829493087557603;-0.0011310426498323
Unknown;0.7678246435071299;-0.1555555555555555;-0.1422740925860862
Unknown;0.0075198496030079;0.5873015873015873;1.1211162456054906
Unknown;0.7933841323173536;0.0492610837438423;0.1088464754858573
Unknown;0.0063198736025279;0.6394557823129252;1.2357102747543356
Unknown;0.3587528249435011;0.2411347517730496;0.4045330830805519
Unknown;0.3546329073418531;-0.2518518518518518;-0.4106350201148927
Unknown;0.0360392792144157;0.5644444444444444;1.0189203828195534
Unknown;0.0226395472090558;0.394927536231884;0.8564144791138407
Low;0.0006399872002559;0.6979166666666666;1.464823693671908
Unknown;0.2783944321113578;-0.2300242130750605;-0.4402226409476656
Unknown;0.2369152616947661;0.2888888888888888;0.5290382436035443
Unknown;0.7678646427071458;-0.0844444444444444;-0.1389635355947652
Unknown;0.3869522609547809;-0.2444444444444444;-0.4163780644828323
Unknown;0.2265954680906381;0.2251461988304093;0.4255260378933826
Unknown;0.874502509949801;-0.0666666666666666;-0.0731329420646627
Unknown;0.878142437151257;-0.0392156862745098;-0.0624658605208327
Unknown;0.1809563808723825;-0.3398692810457516;-0.5806229494435902
Unknown;0.878222435551289;-0.0447330447330447;-0.0398892422987949
Control;0.2281954360912781;0.362962962962963;0.5341825261695647
Unknown;0.2695146097078058;-0.2765957446808511;-0.4867151037765527
Unknown;0.989820203595928;0.0217391304347826;0.0325582109561608
Unknown;0.4451910961780764;-0.2051948051948052;-0.3079494104271386
Unknown;0.0306793864122717;0.5510204081632653;0.955465696773148
Low;0.0357192856142877;-0.3476190476190476;-0.8087808581557004
High;0.3919921601567969;-0.1388888888888889;-0.381053833312837
Unknown;0.0290394192116157;0.575;0.8963582758880185
Unknown;0.6961060778784425;0.0797101449275362;0.1865466375924906
Unknown;0.6705065898682027;0.0522875816993464;0.194573186168448
High;0.0205595888082238;0.8133333333333334;1.2003716906243618
Unknown;0.6472270554588908;-0.0866666666666666;-0.1967791606698977
Unknown;0.2817943641127177;0.2982456140350877;0.4798970417050162
Unknown;0.8788624227515449;-0.0807692307692307;-0.0459818435117285
Unknown;0.0552788944221115;0.4738805970149253;0.7379566228015331
Unknown;0.9413811723765524;0.0666666666666666;0.0176263518915155
Unknown;0.9132617347653048;0.0512820512820512;0.0506250953362488
Low;0.2737945241095178;0.2592592592592592;0.4814652527522026
Unknown;0.5303493930121398;-0.12109375;-0.2388897629890335
Unknown;0.2833543329133417;-0.3194444444444444;-0.4730526888835382
Unknown;0.1927161456770864;0.3055555555555556;0.5687588631975682
Unknown;0.998940021199576;-0.0277777777777777;0.0095853691403723
Unknown;0.3999520009599808;0.2040816326530612;0.3736997764420386
Unknown;0.0171596568068638;-0.6304347826086957;-1.0364629849363332
Unknown;0.1855162896742065;-0.3333333333333333;-0.65323180688341
Medium;0.1018379632407351;-0.391304347826087;-0.7055797112166587
Unknown;0.0167596648067038;0.6282051282051282;1.1350201668085933
Unknown;0.3195936081278374;0.2133333333333333;0.4426929924470743
Unknown;0.121677566448671;0.4058956916099773;0.6371185918248343
Medium;0.1443971120577588;-0.2252252252252252;-0.5121562294534062
Unknown;0.8439031219375612;0.0567375886524822;0.0951027322504587
Unknown;0.8217435651286974;-0.08;-0.1040634270631088
Unknown;0.9755404891902162;-0.1014492753623188;-0.0035595293124951
Low;0.3611127777444451;-0.2530864197530864;-0.3975525072933032
Unknown;0.4530709385812284;0.2063492063492063;0.3537466621673942
Unknown;0.0036799264014719;0.4534412955465587;0.8285787089192537
Unknown;0.7977440451190976;-0.081967213114754;-0.1023194892002823
Unknown;0.3292734145317094;0.2777777777777778;0.4256543835460122
Unknown;0.0151596968060638;-0.6533333333333333;-1.2416168955627978
Unknown;0.1917561648767024;0.3133333333333333;0.5617609587533747
Unknown;0.5195896082078358;0.1823899371069182;0.285600730686499
Unknown;0.1363172736545269;-0.4133333333333333;-0.6700538388612493
Control;0.0634787304253915;-0.3684210526315789;-0.6870984756694366
High;0.8096238075238495;0.130718954248366;0.0761967663657387
High;0.0048399032019359;-0.5088888888888888;-0.9956590826539816
Control;0.1534369312613747;0.4954954954954955;0.5323175562294872
Unknown;0.7342653146937062;0.1102941176470588;0.0999656812369846
Medium;0.0027599448011039;-0.8024691358024691;-1.406988370758811
Unknown;0.1369972600547989;0.4184397163120567;0.6295252635598804
Unknown;0.0055198896022079;0.6415094339622641;1.167362255391848
Unknown;0.3443931121377572;-0.3137254901960784;-0.4150256247261953
High;0.0135597288054238;-0.5466666666666666;-0.984233801224067
Unknown;0.0235195296094078;0.4428571428571428;0.9859981142180244
Unknown;0.0092798144037119;-0.5873015873015873;-1.013530407217417
High;0.9529409411811764;-0.1266666666666666;0.0448525226195755
Unknown;0.9270614587708246;-0.0148148148148148;0.0564653303793872
Unknown;0.6060278794424111;0.1217948717948717;0.2302012863428189
Unknown;0.8476630467390652;-0.0384615384615384;-0.0628233724195981
Unknown;0.3531929361412771;0.2884615384615384;0.4021771818634529
High;0.0048799024019519;-0.7727272727272727;-1.1568462079550432
Unknown;0.2749145017099658;0.2640845070422535;0.4074920542833696
Unknown;0.0032799344013119;0.7266666666666667;1.3353001351676683
Unknown;0.0221995560088798;-0.5256410256410257;-1.0596992234456168
Medium;0.8855822883542329;0.05859375;-0.0630671255105247
Unknown;0.3514329713405731;-0.2411347517730496;-0.4102584055288134
Unknown;0.0445991080178396;-0.4487179487179487;-0.8706386866775836
Control;0.1605967880642387;-0.2857142857142857;-0.5602670289347284
Unknown;0.120757584848303;-0.4148148148148148;-0.6845464248890842
Low;3.999920001599968e-05;0.8204225352112676;1.6660585817714129
Low;0.1022379552408951;0.4794520547945205;0.6154773770101892
Unknown;0.631547369052619;0.05;0.2058818773640649
High;0.9082618347633048;-0.0476190476190476;-0.0658270995381137
Unknown;0.9179416411671768;-0.0408163265306122;0.0442505337041955
Unknown;0.4843103137937241;0.2091503267973856;0.3121848275563241
High;0.3339133217335653;0.0441400304414003;-0.3444602178205856
Unknown;0.7380652386952261;0.1644444444444444;0.1781446919613419
Unknown;0.8397032059358813;-0.1111111111111111;-0.0855435070131401
Unknown;0.0003599928001439;0.6977611940298507;1.3410083693021295
Unknown;0.0426791464170716;0.3520408163265306;0.8210466892432776
Unknown;0.0086798264034719;-0.5918367346938775;-1.1369215973208124
Unknown;0.3282334353312934;-0.1975308641975308;-0.3309031583533318
Unknown;0.0006399872002559;0.7777777777777778;1.488552291182661
Unknown;0.5861082778344433;0.2131147540983606;0.214960618997115
Unknown;3.999920001599968e-05;0.84779299847793;1.765918825786704
Unknown;0.6705065898682027;0.1466666666666666;0.2165639696671521
Medium;0.7668246635067298;-0.0814814814814814;-0.1099829521965115
Unknown;0.1036379272414551;-0.4444444444444444;-0.7219807080204029
Unknown;0.0149597008059838;0.6143790849673203;1.0956887978719798
Low;0.1274374512509749;-0.2103896103896103;-0.5834131413837207
Unknown;0.3468730625387492;-0.2244897959183673;-0.381031853319015
Unknown;0.6373872522549549;0.0864197530864197;0.2139485123695932
Unknown;0.5066064370412197;0.2368421052631578;0.384492790313364
Unknown;0.127077458450831;-0.4444444444444444;-0.6942984844120941
Unknown;0.1555568888622227;-0.3472222222222222;-0.6326364267873101
Unknown;0.2253154936901261;0.3617021276595745;0.5294318549333995
High;0.9438211235775285;-0.0980392156862745;-0.0125676528851248
Unknown;0.2738745225095498;0.3777777777777777;0.4815467514512085
Control;0.0609187816243675;-0.2962962962962963;-0.6247836839763292
Unknown;0.0359592808143837;-0.5714285714285714;-0.9756995349783284
Unknown;0.999780004399912;0.0141843971631205;0.0190213270365084
Unknown;3.999920001599968e-05;0.9170731707317074;1.9009232589077651
Unknown;0.876502469950601;-0.0344827586206896;-0.0634810182360261
Control;0.0001199976000479;-0.8611111111111112;-1.4096755991462122
Unknown;0.5927081458370833;-0.1604938271604938;-0.2226889942185825
Unknown;0.2569548609027819;0.2483660130718954;0.4914475971511933
Unknown;0.1803563928721425;0.3333333333333333;0.5467323526901089
Unknown;0.8394632107357853;-0.0357142857142857;-0.0825688248896185
Unknown;0.1546769064618707;0.5466666666666666;0.723192167533836
Control;0.996180076398472;0.0457516339869281;-0.0123374817751777
Unknown;0.0021999560008799;0.7346938775510204;1.3342712628122697
Medium;0.0007599848003039;0.7543859649122807;1.3563437723110217
Unknown;0.9359812803743924;-0.0138888888888888;-0.0260201588688932
Unknown;0.5359892802143957;-0.1944444444444444;-0.2174279962677389
Unknown;0.1631567368652627;-0.3541666666666667;-0.6184342038024883
Unknown;0.1624767504649907;0.2904761904761905;0.5664514125237277
Unknown;0.3566328673426531;0.1972789115646258;0.4105868996508784
Medium;0.0027199456010879;0.7574626865671642;1.2467307626943518
Unknown;0.0131997360052798;-0.5164835164835165;-1.0613370006861145
High;0.8103037939241216;0.0851063829787234;0.0867163395087521
Unknown;0.0061198776024479;0.6290726817042607;1.060787764878855
Unknown;0.1571968560628787;-0.4296296296296296;-0.625874347569599
Unknown;0.0579988400231995;-0.4130434782608695;-0.8287150476990228
Unknown;0.2824343513129737;0.2624113475177305;0.4730207918562901
High;3.999920001599968e-05;0.8846694796061885;2.6783700626166573
Medium;0.0993180136397272;-0.5377777777777778;-0.8359184084893676
Low;0.7894642107157857;-0.072599531615925;-0.1096544480578723
Unknown;0.1073178536429271;0.3985507246376811;0.6908232074689625
Unknown;0.1311173776524469;-0.335064935064935;-0.6218307900442696
Medium;0.983620327593448;0.04;-0.0109246575111347
High;0.1668766624667506;-0.362962962962963;-0.6207719160403932
Unknown;0.2022359552808943;-0.3202614379084967;-0.56206626078289
Medium;0.2217555648887022;0.2355555555555555;0.5926773529280268
Unknown;0.2861942761144777;-0.3478260869565217;-0.470353782841416
Unknown;0.8650226995460091;-0.0582010582010582;-0.0644661036274373
Medium;0.0630787384252315;-0.4564459930313589;-0.7652101706422066
Unknown;0.0077998440031199;0.5961538461538461;1.250675062129124
Unknown;0.3808723825523489;-0.1733333333333333;-0.4159620296120346
Unknown;0.0590788184236315;0.365079365079365;0.7150832319173426
Unknown;0.0009599808003839;0.6961538461538461;1.2417868617311203
Unknown;0.6574268514629708;0.0666666666666666;0.1411945909316523
Unknown;0.3993520129597408;-0.2533333333333333;-0.4035985549509523
High;0.0033599328013439;0.7395348837209302;1.581255126520884
Unknown;0.8257434851302974;-0.0396825396825396;-0.0855958250310038
Unknown;0.7821443571128578;-0.0576923076923076;-0.1000925829407689
Unknown;0.8683026339473211;0.0488888888888888;0.0784731178457883
Unknown;0.3011939761204776;-0.2266666666666666;-0.4954260017469811
Control;0.2518349633007339;-0.2553191489361702;-0.5005278481667342
Control;0.0156396872062558;-0.5933333333333334;-1.002423379968627
Unknown;0.0104397912041759;0.5369458128078818;1.028197070508624
Unknown;0.6928261434771305;0.0816326530612244;0.1584657236940757
Unknown;0.0037599248015039;0.6326530612244898;1.159078574970342
Control;0.5085498290034199;-0.5192743764172335;-0.279869443138956
Unknown;0.625907481850363;-0.1027568922305764;-0.2006540493826045
Unknown;0.6578268434631307;0.1631205673758865;0.1914801638606325
Unknown;0.9405811883762324;0.0188679245283018;-0.0328653784889168
Unknown;0.0287194256114877;0.4705075445816186;0.7615538754196509
Unknown;0.0110797784044319;-0.5911111111111111;-1.3431454953425674
Unknown;0.0040399192016159;0.5358024691358024;0.962154065541872
Unknown;0.9485410291794164;-0.0337662337662337;-0.0196656371715918
Unknown;0.2164356712865742;0.2044444444444444;0.4122319926402234
Unknown;0.3958720825583488;0.1923076923076923;0.3711625157600506
Unknown;0.1382772344553109;0.425531914893617;0.6491402922988818
Unknown;0.0059598808023839;0.6666666666666666;1.372285887724634
Low;3.999920001599968e-05;0.6923076923076923;1.4112343408607266
Unknown;0.369072618547629;0.2638888888888889;0.3944791654971153
Unknown;0.614867702645947;0.1041162227602905;0.2054525534361678
Unknown;0.0962780744385112;-0.3533834586466165;-0.6694854745188028
Unknown;0.8213035739285214;0.0138888888888888;-0.0951639945114031
Unknown;0.5903081938361233;0.3244444444444444;0.1322936895101175
Unknown;0.0068398632027359;0.4160919540229885;0.9608242706959832
Low;0.4717905641887162;0.10546875;0.2657843235401141
Control;0.0033599328013439;-0.5736961451247166;-0.7425417559604628
Unknown;0.125517489650207;0.4130434782608695;0.6707508044082321
Unknown;0.0759984800303994;-0.4379084967320261;-0.8108706568319046
Unknown;0.5704285914281715;0.125;0.2179848268131047
Unknown;0.0001599968000639;0.664983164983165;1.1887930433595206
Medium;0.8833023339533209;0.3846153846153846;0.0247323501758495
Unknown;0.488990220195596;-0.1534391534391534;-0.2816815423752219
Unknown;0.75862482750345;-0.1358024691358024;-0.1299003881904111
Unknown;0.2891542169156617;-0.2716049382716049;-0.4628131448346633
Unknown;0.9516209675806484;-0.0128205128205128;0.0400475827858862
Medium;0.3081938361232775;-0.2622222222222222;-0.4872799442138456
Unknown;0.4189916201675966;0.1509433962264151;0.3545713244476645
Unknown;0.0462390752184956;-0.5620915032679739;-0.8600456043868597
Unknown;0.0400791984160316;0.4814814814814814;0.923500491783838
Unknown;0.4497910041799164;0.1699346405228758;0.3379537056600181
Control;0.0310793784124317;-0.5686274509803921;-0.8738193802422698
Unknown;0.0124797504049919;0.5815602836879432;1.0971291167644863
Unknown;7.999840003199936e-05;0.8346153846153846;1.7543693836185752
Unknown;0.0763584728305434;0.3448275862068966;0.5842172370278231
Unknown;0.5385892282154356;-0.1609756097560975;-0.2032786734897614
Medium;0.0012399752004959;-0.7222222222222222;-1.325988768569151
Control;0.0048399032019359;-0.64;-1.112490216224641
Unknown;0.0289994200115997;0.4938271604938271;0.910232124788128
Unknown;0.4341513169736605;-0.2444444444444444;-0.3373100619942702
Unknown;0.0137997240055198;0.5272727272727272;0.9911997273467198
Unknown;0.7136657266854662;-0.0814814814814814;-0.1732903891792066
High;0.0302793944121117;0.391304347826087;0.8372831856008475
Unknown;0.4454310913781724;0.2063492063492063;0.3103624431168588
Unknown;0.249035019299614;0.2;0.5104144535908035
Unknown;0.5527089458210835;-0.1957671957671957;-0.234294371899559
Unknown;0.3268334633307334;0.1937984496124031;0.4384052250233253
Low;0.0321593568128637;-0.5266666666666666;-0.954746970298222
Low;0.2011559768804623;-0.0951219512195122;-0.425362820954557
Unknown;0.1611567768644627;-0.423963133640553;-0.5795691814473193
Unknown;0.6748665026699466;0.1555555555555555;0.1879255329591647
Unknown;0.4204715905681886;-0.2533333333333333;-0.3796971419726332
Unknown;0.0663986720265594;0.4866666666666667;0.7855913877672095
Unknown;0.4427111457770845;-0.2622222222222222;-0.3583755390090801
Unknown;0.0697586048279034;0.4533333333333333;0.791839987150205
Control;0.3842323153536929;0.0716049382716049;-0.3006322382723668
Unknown;0.5476552323056882;0.217391304347826;0.3746138214749946
Unknown;0.3171136577268454;0.2622222222222222;0.4789762137861369
Unknown;0.8237035259294814;0.0129870129870129;0.0893308330411986
Unknown;0.365432691346173;0.2244897959183673;0.3950926127952082
High;0.0313193736125277;-0.5483870967741935;-0.8163264724816696
Medium;0.7365452690946181;-0.0545454545454545;-0.146943012127513
Low;0.378112437751245;0.334975369458128;0.3528650135030193
Unknown;0.0376792464150717;0.4740740740740741;0.8732249216895654
Unknown;0.2914741705165897;0.2925170068027211;0.4592500378463206
Unknown;0.9664206715865684;0.0277777777777777;0.0285425533281899
Unknown;0.4668706625867482;-0.184331797235023;-0.2924739178566702
High;0.0253594928101437;-0.5374149659863946;-0.938193474057971
High;0.495030099398012;-0.2463768115942029;-0.3075916006489858
Unknown;0.2357552848943021;0.2091503267973856;0.5186124678181745
Unknown;0.113917721645567;0.4;0.7015160534179051
Unknown;0.0534389312213755;0.4070588235294117;0.6468216551479365
Unknown;0.1273174536509269;-0.3866666666666666;-0.7424403512011521
Unknown;0.0514789704205915;0.5066666666666667;0.8658228215557593
Unknown;0.74382512349753;0.0895522388059701;0.1180328978079531
Unknown;0.1087978240435191;0.345679012345679;0.5791824969195383
Low;0.8892622147557049;0.0326086956521739;0.0494194362194882
High;0.0137997240055198;-0.5615763546798029;-0.8458733425870051
Unknown;0.0275194496110077;0.4392857142857143;0.7972013394459828
Unknown;0.2853942921141577;-0.2295918367346938;-0.4355914494010284
Unknown;3.999920001599968e-05;0.7807228915662651;1.5388676417788292
Unknown;0.2312353752924941;0.28;0.5175928630602121
Unknown;0.0879182416351673;0.4259259259259259;0.725186224888293
Unknown;0.377632447351053;-0.3066666666666666;-0.4212824145648192
Unknown;0.2607147857042859;-0.3469387755102041;-0.4963422912166961
Unknown;0.4234715305693886;0.2291666666666666;0.3533643174184253
Unknown;0.0329993400131997;-0.5694444444444444;-0.9987320719650044
Unknown;0.0129597408051838;0.5867346938775511;0.9900998657375164
Unknown;0.9158216835663286;0.036231884057971;0.0488843566785289
Unknown;3.999920001599968e-05;0.6359550561797753;1.1997526167584531
Unknown;0.7996640067198656;0.0755555555555555;0.1289690233210625
Unknown;0.0164396712065758;-0.6808510638297872;-1.13659944402179
Unknown;0.0061198776024479;0.5763888888888888;1.264820265544078
Unknown;0.1425171496570068;0.4814814814814814;0.6652483026705174
Unknown;0.0247995040099198;-0.6099290780141844;-1.0051224488412769
Unknown;0.4530309393812123;0.1987179487179487;0.3350615910919222
Unknown;0.8444631107377852;-0.0432098765432098;0.0955372512219847
Unknown;0.0125597488050238;0.4941520467836257;0.8528692420578807
Unknown;0.6448271034579308;-0.1700680272108843;-0.1818321491526381
Unknown;0.0237995240095198;0.5911111111111111;0.9965884179927256
Unknown;0.1065578688426231;0.4042553191489361;0.7060362020229088
Unknown;0.75022499550009;0.0921985815602836;0.1502866343346199
Medium;0.0017999640007199;-0.7244444444444444;-1.5077715775859408
Unknown;0.0535989280214395;0.35;0.920345084001574
Unknown;0.0544389112217755;-0.4379391100702576;-0.7984988421222206
Unknown;0.5707085858282834;-0.1777777777777777;-0.2522157651188214
Control;0.5278294434111318;-0.1142857142857142;-0.2618578417645544
Low;0.7092258154836903;0.1864406779661017;0.1260128512890718
Medium;0.0160396792064158;-0.5673758865248227;-0.7732495311721735
Unknown;0.1138377232455351;0.3415637860082304;0.5585121681725966
Unknown;0.4493510129797404;0.3061224489795918;0.3141929433745876
Low;0.0161996760064798;0.4113475177304964;1.2261231031207953
Unknown;0.6695066098678026;-0.0229885057471264;-0.2123850160124301
Unknown;0.5992280154396912;-0.2285714285714285;-0.1993644642435153
Unknown;0.3302733945321093;0.2977777777777777;0.4646881511246885
Unknown;0.2161156776864462;-0.3125;-0.5517779045246826
Unknown;0.2141557168856623;0.2692307692307692;0.4736733708703916
Unknown;0.8168636627267455;0.086734693877551;0.1065722260229351
Unknown;0.2058758824823503;0.3265306122448979;0.5129609082783054
Unknown;0.24307513849723;0.3115942028985507;0.5101992035364067
Medium;0.5161496770064599;-0.0038461538461538;-0.3113176441925908
Low;0.4564708705825883;0.2471655328798186;0.2987836636510887
Unknown;0.0080798384032319;0.6071428571428571;1.0676530826521673
Unknown;0.243395132097358;0.2777777777777778;0.503090831011121
Unknown;0.1267174656506869;0.3703703703703703;0.6621385247673303
Unknown;0.3831123377532449;-0.272108843537415;-0.3831929968400215
Unknown;0.3239135217295654;0.173076923076923;0.3687788813679248
Unknown;0.0663186736265274;0.5022222222222222;0.8620683617881101
Unknown;0.2004359912801744;-0.2804232804232804;-0.532087737446889
Unknown;0.9291414171716564;0.04;0.0459447699961369
Unknown;0.0401591968160636;-0.4733333333333333;-0.8464860558996475
Unknown;0.879102417951641;0.0185185185185185;-0.0654357557673147
Unknown;0.7694646107077858;-0.0846560846560846;-0.1187395292827473
Unknown;0.0051598968020639;0.78125;1.5619965913459346
Unknown;0.1771564568708626;-0.3401360544217687;-0.59789011498883
Unknown;0.4205515889682206;-0.2266666666666666;-0.3464585796950925
Unknown;0.4759104817903642;-0.1773049645390071;-0.3135626854547452
Unknown;0.4225515489690206;-0.2088888888888889;-0.3823314669173571
Unknown;0.8449831003379933;0.0314465408805031;0.1015288428927518
Unknown;0.0897182056358872;0.4539007092198581;0.7381846341639057
Unknown;0.1138377232455351;-0.389937106918239;-0.6963948713081407
Unknown;0.7155056898862022;-0.0980392156862745;-0.1624675354093392
Control;0.0319593608127837;-0.5029239766081871;-0.8210987094265405
Unknown;0.3589528209435811;-0.2222222222222222;-0.4042669790218995
Medium;3.999920001599968e-05;0.7905882352941176;1.74967879349007
High;0.0007599848003039;-0.7301587301587301;-1.406158848094484
Unknown;0.7225455490890182;0.0784313725490196;0.1648050527687243
Unknown;0.0834783304333913;0.4149659863945578;0.7584236743069517
Unknown;0.1957160856782864;0.2246376811594203;0.5600722449248859
Unknown;0.2041959160816783;0.3483709273182957;0.5124568001696329
Unknown;0.7976640467190657;-0.1025641025641025;-0.1055837576013982
Unknown;0.9627807443851124;-0.037037037037037;-0.0089759787838092
Unknown;0.1983560328793424;0.3520408163265306;0.5271446761816405
Unknown;0.5087898242035159;0.1119047619047619;0.2274346286881958
Low;0.0050798984020319;-0.6666666666666666;-0.4777412178139534
Unknown;0.3541929161416771;0.2095238095238095;0.3719633693656679
Unknown;0.0736785264294714;0.4085213032581453;0.7125866157184303
Unknown;0.1589968200635987;0.2371541501976284;0.4504496036165005
Unknown;0.9010619787604248;0.0620155038759689;0.0530773639297428
Unknown;0.6693466130677387;0.0625;0.1842792170327986
Low;0.0111997760044799;-0.5532879818594104;-0.7484637636043883
Medium;0.5761484770304593;0.3801169590643274;0.1904287115778115
Unknown;0.0152796944061118;0.6054421768707483;1.0839761764483211
Unknown;0.0146797064058718;0.4907407407407407;0.8686500632683071
Low;0.0739585208295834;-0.3923076923076923;-0.6575695741566805
Unknown;0.5929481410371793;-0.1020408163265306;-0.2317434325448606
Unknown;0.1726765464690706;0.3454545454545454;0.6483539932344047
Low;3.999920001599968e-05;0.7974683544303798;1.9163192497475168
Unknown;0.0001199976000479;0.8238993710691824;1.5929776142837015
Unknown;0.50414991700166;0.162907268170426;0.2784324059001427
Unknown;0.0108397832043359;0.5432098765432098;1.192879371790709
Unknown;0.1294774104517909;0.4184397163120567;0.6501869888076122
Unknown;0.0157196856062878;-0.5531914893617021;-1.0008545887791207
Unknown;0.8417831643367133;0.04;0.1065244975827324
Unknown;0.0267594648107037;0.4321705426356589;0.6841461914280124
Unknown;0.5789484210315794;0.1604938271604938;0.2553116350347154
Unknown;0.2248355032899342;-0.2814814814814815;-0.5343312106560276
Unknown;0.0695986080278394;0.3985507246376811;0.676073721228983
Unknown;0.4248315033699326;0.1581632653061224;0.329655420005025
Unknown;0.0589988200235995;0.5031446540880503;0.8191577325577916
Unknown;0.3933121337573249;-0.2878048780487804;-0.4084992935290798
Unknown;0.0050398992020159;0.6502463054187192;1.1614885401775976
Control;0.2653946921061579;0.3888888888888889;0.4931540456531236
Unknown;7.999840003199936e-05;0.7941176470588235;1.5777167969021408
Unknown;0.4252714945701086;-0.275;-0.374966396507744
Unknown;0.6044279114417712;-0.1836734693877551;-0.229052942021075
Unknown;0.0585988280234395;-0.5064102564102564;-0.8191892087724093
Control;0.0957980840383192;0.1902071563088512;-0.5425047733293229
Unknown;0.3906321873562529;-0.2666666666666666;-0.3729359929181366
Unknown;0.6854662906741865;0.087719298245614;0.1777102010934707
Unknown;0.7701045979080419;-0.1481481481481481;-0.1119753637199286
Unknown;0.0031199376012479;-0.6666666666666666;-1.318694433231843
Unknown;0.6717786561264822;-0.1904761904761904;-0.2365051032411419
Unknown;0.2615547689046219;0.2340425531914893;0.4866644498223341
Low;0.3858722825543489;0.3478260869565217;0.2861829747146968
High;0.1530769384612307;-0.2986111111111111;-0.5707878599233265
Unknown;0.9754204915901682;0.0188679245283018;0.0176231377112491
Control;0.0997980040399192;-0.34;-0.6662015022292441
Unknown;0.0393592128157436;0.5137844611528822;0.7994683842715313
Unknown;0.4040319193616127;0.1889400921658986;0.3424167625712352
Unknown;0.1752764944701106;-0.2901234567901234;-0.5858474271568279
Low;0.4764304713905722;-0.1590909090909091;-0.3212209236229729
Unknown;0.0148797024059518;0.5869565217391305;1.0628467582300307
Unknown;0.0220795584088318;-0.5390070921985816;-1.0278024113756858
Unknown;0.373192536149277;0.2463768115942029;0.3972731338964471
Unknown;0.0211995760084798;-0.5106382978723404;-1.055124147499794
High;0.0065998680026399;-0.6666666666666666;-1.1070724120678668
Unknown;0.0629587408251834;0.375886524822695;0.8066505109273411
Control;0.0763584728305434;0.4468085106382978;0.8305255229239413
Unknown;0.1557968840623187;0.34;0.6270334952064229
Unknown;0.0826783464330713;0.361038961038961;0.6862334845210223
Unknown;0.0155196896062078;0.5507246376811594;1.064862256133276
Unknown;0.1772364552708945;-0.3333333333333333;-0.6054740569801804
Unknown;0.3130737385252295;0.2653061224489796;0.4449521034468259
Unknown;0.0048799024019519;0.6040100250626567;1.1610016154949827
Unknown;0.1691966160676786;-0.3653846153846153;-0.6109175297771706
Unknown;0.873262534749305;0.021551724137931;0.0669724310200419
Unknown;0.0415591688166236;-0.5652173913043478;-1.006605324065106
Unknown;0.1699566008679826;-0.360774818401937;-0.5649394372121871
Control;0.7099858002839943;-0.1447811447811448;-0.1152400737537007
Unknown;0.0074798504029919;0.7037037037037037;1.249165773235396
Unknown;0.2009959800803984;0.2962962962962963;0.565590367402751
Control;0.497670046599068;0.1136363636363636;0.2609472365713001
Unknown;0.4403111937761245;0.0733333333333333;0.3359252013759265
Unknown;0.6428271434571309;-0.1555555555555555;-0.1979277838639896
Low;0.7036259274814504;-0.4591194968553459;-0.1893060456578396
Unknown;0.9351812963740724;0.0092592592592592;0.0308154015284883
Unknown;0.5511489770204596;-0.2533333333333333;-0.2884160366496056
Unknown;0.0659586808263834;0.4722222222222222;0.8007073119127964
Unknown;0.873982520349593;0.0044444444444444;0.0724835237983906
Unknown;0.242755144897102;0.28;0.5645119075323181
Unknown;0.0312793744125117;0.4756944444444444;0.8190557082882511
Unknown;0.0178396432071358;0.6025641025641025;1.0213805657364323
High;0.0122797544049119;-0.5763888888888888;-1.086101649471646
Unknown;0.0563588728225435;0.3636363636363636;0.9197760568851924
Unknown;0.0199196016079678;-0.5911111111111111;-1.1502529134069026
Unknown;0.0552788944221115;0.4567901234567901;0.8025138636584858
Unknown;0.3115937681246375;-0.1836734693877551;-0.4392948941410348
Unknown;0.2051558968820623;0.3155555555555555;0.6038497508630842
Unknown;0.7052258954820904;-0.1111111111111111;-0.1658590682797658
Unknown;0.3819123617527649;0.2711111111111111;0.4272674298294591
Unknown;0.3345533089338213;0.2083333333333333;0.4210354852995225
Unknown;0.116117677646447;-0.4740740740740741;-0.6987213747815
Unknown;0.0293994120117597;0.3764465622872702;0.6362114221520443
Low;0.3969120617587648;-0.174025974025974;-0.3467789488756903
Unknown;0.9807003859922802;0.0222222222222222;0.0193065768915239
Unknown;0.7081458370832583;0.073170731707317;0.1843455990467272
Unknown;0.7557048859022819;0.0844444444444444;0.1515368507672449
Unknown;0.8293834123317534;0.0266666666666666;0.1133289664113243
Unknown;0.115797684046319;0.3840579710144927;0.6983102796277615
Unknown;0.0341593168136637;0.4888059701492537;0.799957086072523
Unknown;0.3487530249395012;0.2515723270440251;0.4100630898051993
Unknown;0.991540169196616;-0.0457516339869281;-0.0003604497667453
Unknown;0.0047199056018879;-0.5807692307692308;-1.1071684151166064
Unknown;0.3843523129537409;0.2295918367346938;0.3586170605717192
Control;0.3475130497390052;-0.2355555555555555;-0.236575476010436
Unknown;0.9465010699786004;0.0222222222222222;0.0250810150985205
Unknown;0.116077678446431;0.365079365079365;0.596202494595761
Unknown;0.0024399512009759;-0.7028985507246377;-1.2943980199552567
Medium;0.0001199976000479;0.6911764705882353;1.221904941957551
Unknown;0.8180636387272254;-0.0592592592592592;-0.1013921631307763
Unknown;0.1082378352432951;0.4133333333333333;0.7560930057711115
Unknown;0.2035959280814383;-0.2346938775510204;-0.5189910136982064
Unknown;0.0137197256054878;-0.5925925925925926;-1.091211173292698
Control;0.0136397272054558;0.5815602836879432;1.2899322438926588
Unknown;0.2169156616867662;0.2888888888888888;0.5925701052558113
Unknown;0.8105037899242015;0.0680272108843537;0.1076467880944685
Unknown;0.9580495356037152;0.0;0.0291304576952616
Unknown;0.6661066778664426;-0.0283687943262411;-0.2124122267893276
Unknown;0.1101577968440631;0.3558368495077356;0.563318252212177
Unknown;0.8613827723445531;-0.0466666666666666;-0.0769053811975839
Low;0.0407191856162876;-0.4962962962962963;-0.8856079931772449
Unknown;0.3421131577368452;0.2756410256410256;0.4131899725828399
Unknown;0.881742365152697;-0.0457516339869281;-0.0559473790158394
Unknown;0.0003199936001279;0.6191387559808612;1.2107293079970598
Unknown;0.4656306873862523;-0.1521739130434782;-0.3205292596816933
Unknown;0.0196796064078718;-0.6078431372549019;-1.0443601476392956
Unknown;0.9735805283894322;0.02803738317757;-0.0058313203678162
Low;0.2123157536849263;0.2207792207792207;0.5263824305806564
Unknown;0.0546389072218555;0.3732718894009216;0.7425482303934097
Unknown;0.3021939561208775;0.2333333333333333;0.4145310136131203
Unknown;0.0137997240055198;-0.5925925925925926;-1.1445242282486707
Unknown;0.0049999000019999;0.6736111111111112;1.123635677614034
Unknown;0.0497590048199036;-0.5952380952380952;-1.0184560823000297
Unknown;0.2647947041059179;0.0864197530864197;0.4927150161870188
Control;0.4092718145637087;0.2012578616352201;0.3612908232373839
Unknown;0.0492390152196956;0.4822695035460992;0.8675371312202264
Unknown;0.0215995680086398;0.6266666666666667;1.0745860139806558
High;0.0008799824003519;0.55;1.289647730867608
Control;0.8596491228070176;-0.2181818181818181;-0.1315921410306629
Unknown;0.0006399872002559;0.6468797564687976;1.1912083665275182
Unknown;0.0334793304133917;0.5227272727272727;0.8851465253025202
Unknown;0.0646387072258554;0.4513888888888889;0.8052300826694112
Unknown;0.9620207595848084;-0.0179775280898876;-0.0131265030476964
Unknown;0.0011599768004639;0.6024096385542169;1.102407421945899
Control;0.9734205315893684;0.1168091168091168;-0.0009064692284845
Unknown;0.5085498290034199;0.1266666666666666;0.2992088755268587
Unknown;0.0087998240035199;0.5642857142857143;0.9940183326492876
Unknown;0.6927061458770825;0.0933333333333333;0.1953431920995557
Unknown;0.0183596328073438;0.6447368421052632;1.2386270290030028
Unknown;0.363832723345533;-0.1636363636363636;-0.3577745795702141
Unknown;0.7711045779084418;0.0233766233766233;0.1245880302502059
Unknown;0.0393192136157276;-0.4557823129251701;-0.9438569365669128
Unknown;0.1108377832443351;0.4149659863945578;0.6932425210245643
Control;0.1708765824683506;0.3617021276595745;0.5960589677732999
Unknown;0.6747865042699146;-0.2013888888888889;-0.1596151794287379
Low;0.0053198936021279;-0.5376623376623376;-0.998795824267092
Unknown;0.1968760624787504;0.2836879432624113;0.5749406878189174
Unknown;0.2111157776844463;0.2777777777777778;0.5440052623321282
Unknown;0.1391972160556789;-0.3475177304964539;-0.6514127064125291
Unknown;0.0166396672066558;0.4074074074074074;0.7281131956143022
High;0.4363912721745565;0.2592592592592592;0.346383512660057
Unknown;0.1700765984680306;-0.3555555555555555;-0.5964224419391185
Unknown;0.5171896562068758;0.0616915422885572;0.1775823524169483
Unknown;0.0602387952240955;0.4285714285714285;0.7199166457951693
Unknown;0.0421991560168796;0.4625850340136054;0.8925355568397159
Unknown;0.3177136457270854;0.2767295597484276;0.4349119279160209
Unknown;0.6635867282654347;-0.1041666666666666;-0.1832207342215996
Unknown;0.9172216555668886;0.01953125;0.043493587454382
Unknown;0.9080218395632088;0.048780487804878;0.0503356534189389
High;0.4630307393852123;0.2666666666666666;0.322246646549088
Unknown;0.1837963240735185;-0.3397435897435897;-0.584011280065585
Unknown;0.0111997760044799;-0.6051948051948052;-1.075835211106153
Unknown;0.0027999440011199;-0.6403940886699507;-1.2785197817708327
High;0.0016399672006559;-0.7152777777777778;-1.0142963161619882
Unknown;0.0187196256074878;-0.6666666666666666;-1.089123624128058
Unknown;0.0399592008159836;-0.6382978723404256;-1.006971002290393
Low;0.0975180496390072;0.1975308641975308;0.8167937083291671
Control;0.0094398112037759;-0.5595238095238095;-0.9821841269935484
Unknown;0.124597508049839;-0.4140435835351089;-0.6310698962322144
Unknown;0.2018759624807503;0.345679012345679;0.5521120462370025
Unknown;0.9003819923601528;0.1904761904761904;0.0431109865087025
Unknown;0.6844263114737705;0.0;0.2032849541158075
Unknown;0.8310633787324253;0.0416666666666666;0.0761243938196478
Unknown;0.7862642747145057;-0.043859649122807;-0.1295724777433174
Unknown;0.9546609067818644;-0.0051020408163265;-0.0190227322223416
Unknown;0.5223895522089558;-0.1266666666666666;-0.2774320327407761
Unknown;0.1584768304633907;-0.312280701754386;-0.439526277278202
Unknown;0.0887582248355032;0.3066666666666666;0.6047790527798266
Unknown;0.0084798304033919;0.6258503401360545;1.1249018693549486
Unknown;0.4223915521689566;0.1979949874686716;0.3279551097785373
Unknown;0.4235115297694046;-0.2;-0.3509448239313211
Unknown;0.0222395552088958;0.6074074074074074;0.9995761228755442
Unknown;0.634067318653627;0.1266666666666666;0.2179500540122794
Unknown;0.366872662546749;0.2365339578454332;0.3643482482525855
Unknown;0.0010799784004319;0.477751756440281;0.9097867975560182
Unknown;0.1488370232595348;-0.4;-0.6560615774678825
Unknown;0.0098398032039359;0.4924924924924925;0.9359208986728832
Unknown;0.9284214315713686;-0.0129870129870129;-0.0273122048981122
Unknown;0.9765404691906162;0.0;-0.0003741176055554
Unknown;0.6540669186616268;0.1111111111111111;0.1856830146598496
Unknown;0.3615927681446371;-0.2198581560283688;-0.4040624284135347
Unknown;0.3428331433371333;-0.2517006802721088;-0.4142678200308197
Unknown;0.8109037819243615;-0.0066666666666666;-0.0941740666215272
Medium;0.0289194216115677;0.408;0.8069094499360132
Unknown;0.7680246395072099;-0.096938775510204;-0.1134020151731294
Unknown;0.4259914801703966;-0.2159090909090909;-0.3006388557665794
Unknown;0.0068798624027519;0.6231884057971014;1.2428109548142845
Unknown;0.8489430211395772;-0.050314465408805;-0.083360155739655
Unknown;0.3470730585388292;-0.2666666666666666;-0.4118477322908545
Unknown;0.0570788584228315;0.5454545454545454;0.9206839662363484
Unknown;0.114917701645967;-0.3974358974358974;-0.7066035183947449
High;0.4364712705745885;0.4423963133640553;-0.2637150991114496
Unknown;0.0165196696066078;0.46;0.8167275423721327
Unknown;0.0001199976000479;0.6924564796905223;1.3466316119448647
Unknown;0.747865042699146;-0.0522875816993464;0.162164282355286
Unknown;0.6141077178456431;-0.1360544217687075;-0.2223116832709319
Unknown;0.3327133457330853;0.1325757575757575;0.3678857322463056
Unknown;0.7111857762844743;0.0408163265306122;-0.1542955730962155
Unknown;0.4384312313753725;-0.2959183673469387;-0.309248850816055
Unknown;0.0669586608267834;0.4666666666666667;0.9063090493953292
Low;0.6625867482650347;-0.1015625;-0.1833756108574194
Unknown;0.3995520089598208;0.238095238095238;0.376984477572059
Unknown;0.9700605987880242;-0.0591630591630591;-0.0091933044403453
Unknown;0.5692686146277074;-0.1446540880503144;-0.2436785422731924
Unknown;0.999220015599688;0.0555555555555555;0.01102234844988
Unknown;0.5589888202235955;0.1632653061224489;0.2560670866294764
Unknown;3.999920001599968e-05;0.8364197530864198;1.878858111793492
Medium;0.0001199976000479;-0.8325123152709359;-1.704958125938297
Unknown;0.372632547349053;-0.2962962962962963;-0.3902446404051758
Low;0.3183936321273574;-0.0935960591133004;-0.4086782166533311
Unknown;0.753944921101578;0.1053864168618267;0.1225843935672207
Unknown;0.2991140177196456;0.2444444444444444;0.4556462349037859
Unknown;0.0211995760084798;-0.5769230769230769;-0.9609746115127492
Unknown;0.0026399472010559;-0.6993464052287581;-1.3672803209002349
Unknown;0.7029859402811943;0.0579710144927536;0.1440782201431113
Unknown;0.6293474130517389;-0.1041666666666666;-0.2086303940582111
Unknown;0.4734305313893722;-0.1805555555555555;-0.3102349841231597
Unknown;0.0275594488110237;0.4791666666666667;0.9681831539644712
High;0.9595408091838163;0.2898550724637681;-0.0126099664499594
Unknown;0.1420771584568308;-0.2666666666666666;-0.656432233244778
Unknown;0.7323053538929222;0.072463768115942;0.1565593298342009
Unknown;0.8825023499530009;-0.0884353741496598;-0.0505772542144058
Unknown;0.1866362672746545;-0.2888888888888888;-0.585757900171652
Unknown;0.0802383952320953;0.4311111111111111;0.8514758528744161
Control;7.999840003199936e-05;0.8641686182669789;1.8659283422298336
High;3.999920001599968e-05;0.4988235294117647;2.8615941939475884
Unknown;0.7268654626907461;0.3125;0.2182353340962821
Unknown;0.0524789504209915;0.4518518518518518;0.8236198883893853
Unknown;0.3634727305453891;-0.2649253731343283;-0.3408584419524814
Unknown;0.5783884322313554;-0.1659056316590563;-0.1987165393607977
Unknown;0.0001999960000799;0.8079625292740047;1.472845423444012
Unknown;0.3615527689446211;-0.2592592592592592;-0.3269592920883172
Unknown;0.114077718445631;0.3851851851851852;0.6924820431655396
High;0.0435991280174396;0.4968553459119497;0.8647816820652049
Unknown;0.0101197976040479;0.6370370370370371;1.1018208246570724
Unknown;0.3946721065578688;0.2342342342342342;0.3825034790799034
Unknown;0.0328793424131517;0.5862068965517241;1.0287737297080026
Unknown;0.5844283114337713;0.0283687943262411;-0.231056536960781
Medium;0.0755984880302394;-0.46;-0.778343569391384
Unknown;0.0646787064258714;0.4222222222222222;0.8914493203601593
Unknown;0.246515069698606;-0.3333333333333333;-0.5069851719130349
Unknown;0.5964280714385712;0.0869565217391304;0.2413911415726628
High;0.1306773864522709;-0.3506493506493506;-0.5942955981332768
Unknown;0.2665546689066219;-0.2977777777777777;-0.5401317463179249
Unknown;0.4758704825903482;0.2482269503546099;0.3095291242195798
Control;0.0280394392112157;-0.5432098765432098;-0.8652350106261907
Unknown;0.1778364432711345;-0.3260869565217391;-0.610539112170728
Medium;0.0001599968000639;0.7242647058823529;1.6895803455406675
Unknown;0.5263494730105398;0.1428571428571428;0.2754544120970226
Unknown;0.0005999880002399;0.7301587301587301;1.43994000527835
Unknown;0.1101977960440791;0.3900709219858156;0.7010880740896367
Low;0.0044399112017759;0.4527089072543618;1.1030487130729394
Low;0.1601567968640627;0.345679012345679;0.6303947425284753
Unknown;0.755384892302154;0.1418439716312056;0.1467939331530501
Unknown;0.869262614747705;-0.074074074074074;-0.0683709227082772
Unknown;0.5413491730165396;-0.2444444444444444;-0.295033841535308
High;0.0451590968180636;-0.4736842105263157;-0.8325705351786298
Unknown;0.0248395032099358;-0.6266666666666667;-1.1171522728556698
Unknown;0.0793984120317593;-0.4513888888888889;-0.7909553690852528
Unknown;0.2275954480910381;0.3061224489795918;0.5257206208515648
Unknown;0.1488370232595348;-0.4052287581699346;-0.6301373534691601
Unknown;0.24207515849683;0.36;0.5533940123009669
Unknown;0.0458790824183516;0.5072463768115942;0.8816031743658035
Unknown;0.6428271434571309;0.108695652173913;0.2008705006092838
Unknown;0.0423591528169436;0.5238095238095238;0.8545481967460272
Unknown;0.3325933481330373;0.2536231884057971;0.4286927404146921
Unknown;0.6614267714645707;0.1925925925925926;0.1963014403422167
Unknown;0.6841463170736585;-0.1633986928104575;0.1606532524637921
High;0.2027559448811023;0.3037037037037037;0.5591562061806624
Medium;0.0615587688246235;-0.5022222222222222;-0.8384677471506974
Unknown;0.3070738585228295;-0.2753623188405797;-0.4514123794014759
Unknown;0.0699186016279674;-0.4509803921568627;-0.7896135599344757
Low;0.0014799704005919;-0.7345679012345679;-1.2715793277857004
Unknown;0.4144317113657726;-0.1027568922305764;-0.3313545637832821
High;0.0003599928001439;0.391812865497076;1.604059811975851
Unknown;0.2948341033179336;0.28;0.4561831724691146
Unknown;0.24507509849803;0.1921921921921922;0.4146377000467522
Unknown;0.4839103217935641;-0.238095238095238;-0.303329440958164
Unknown;0.6089878202435951;0.1153846153846153;0.2160589201804475
Unknown;0.2604747905041899;0.2585365853658536;0.3761269763514026
Unknown;0.2897142057158857;0.2624113475177305;0.4650989195748273
Unknown;0.6723865522689546;0.1007462686567164;0.1604887759927019
Unknown;0.117437651246975;-0.4489795918367347;-0.688756708310783
Unknown;0.9345013099738004;-0.04;0.0430973014152835
High;0.0001999960000799;-0.8333333333333334;-1.6576490451690755
Unknown;0.2865542689146217;0.1698550724637681;0.2935237800820958
Unknown;0.375952480950381;0.1736111111111111;0.3310753171131564
Unknown;0.9450210995780084;-0.0434782608695652;-0.0277912955117736
Unknown;0.9130617387652248;0.0311111111111111;0.0712249890457795
Unknown;0.1657166856662866;0.2396825396825397;0.4280355772907609
Medium;0.7345453090938181;0.0754716981132075;0.1331176355468223
Unknown;0.3199536009279814;-0.2578125;-0.3769935065671814
Unknown;0.1289974200515989;-0.3945578231292517;-0.6787609823123711
Unknown;0.0014799704005919;0.7555555555555555;1.26426216051959
Unknown;0.8837823243535129;-0.0561224489795918;-0.0679887736998435
Unknown;0.7907041859162817;0.0444444444444444;0.0901550190331234
Unknown;0.7756644867102658;0.074074074074074;0.133884155077133
Medium;0.0015999680006399;-0.7421383647798742;-1.2975676634837543
Unknown;0.6437471250574989;-0.1956521739130435;-0.1930028272720005
Unknown;0.9605807883842324;0.04;0.0323913143633234
Unknown;0.2589948201035979;0.2222222222222222;0.4893793925722789
Unknown;0.0011199776004479;0.7163120567375887;1.4053818059489418
Unknown;0.0405991880162396;-0.4493506493506493;-0.856592319880265
Unknown;0.1434771304573908;-0.3555555555555555;-0.6517620458647064
Unknown;0.0667986640267194;-0.4027777777777778;-0.839958117164578
Unknown;0.0004399912001759;-0.670995670995671;-1.2928966943307636
Control;0.99930001399972;0.3863636363636363;-0.0457356107218745
High;0.1543169136617267;-0.3638814016172507;-0.5635716144623397
Unknown;0.7665846683066339;-0.1164021164021164;-0.1238796788069529
Unknown;0.0595188096238075;0.4097222222222222;0.7036388318541721
Unknown;0.0096398072038559;0.624113475177305;1.1209093541134114
Unknown;0.4147517049659007;0.1764705882352941;0.35942321886413
Control;0.2214355712885742;-0.0866666666666666;-0.5278231178787298
Unknown;0.6755464890702186;-0.1244239631336405;-0.1629822956977355
Low;0.0025999480010399;-0.6993464052287581;-1.3394351599833805
Medium;0.0207595848083038;-0.5902777777777778;-0.8299301243241233
High;0.0378792424151517;0.5072463768115942;0.9236920614406636
Unknown;0.9166216675666486;0.0204081632653061;-0.0295535542377968
Unknown;0.123317533649327;0.2807192807192807;0.4903584348528353
Unknown;0.0800383992320153;0.44;0.8236861639800616
Unknown;0.3559928801423971;-0.2244897959183673;-0.3720453365219074
Unknown;0.9221815563688728;-0.0451388888888888;-0.0296095038198836
High;0.0005199896002079;0.7692307692307693;1.6517578336203458
Unknown;0.5837883242335153;0.1347517730496454;0.2380717309808585
Unknown;0.1297574048519029;0.3782051282051282;0.650261034454471
Unknown;0.0997580048399032;-0.3369565217391304;-0.9012086768646366
Unknown;0.5201895962080758;-0.1909090909090909;-0.3060926307139231
Control;0.6708265834683307;0.1760797342192691;0.1398878194702105
Unknown;0.2622747545049099;-0.1836734693877551;-0.4958105879234914
Unknown;0.5686286274274515;0.1176470588235294;0.2618571156655942
Medium;0.0605187896242075;-0.1987179487179487;-0.7056754817190761
Unknown;0.0408391832163356;-0.5347222222222222;-0.9482542147659314
Unknown;0.3914721705565889;-0.1822222222222222;-0.4060036144363563
Unknown;0.243915121697566;-0.25;-0.4126816720680913
Low;0.0019599608007839;0.6875;1.1513074323501635
Low;0.9544209115817684;-0.0153061224489795;0.0258852940788447
Unknown;0.5184696306073878;-0.1180555555555555;-0.2728689461046482
Unknown;0.6444671106577868;0.1132075471698113;0.2079633130299306
Unknown;0.1673566528669426;-0.3933333333333333;-0.6081144845915853
Unknown;0.2245555088898222;-0.413953488372093;-0.5833501255167217
Unknown;0.1406371872562548;0.3605442176870748;0.6543631645929404
Low;0.0002399952000959;-0.7348484848484849;-1.0246752915974489
Unknown;3.999920001599968e-05;0.8942528735632184;1.863052378218308
Unknown;0.113917721645567;0.375886524822695;0.6886071602167138
Unknown;0.2045959080818383;-0.2993197278911564;-0.567430464205588
Unknown;0.0102397952040959;-0.6477987421383647;-1.226387944683666
Unknown;0.5561488770224595;0.1693121693121693;0.2373110589330997
Unknown;0.2708745825083498;0.2083333333333333;0.4842759047434358
Unknown;0.0024399512009759;-0.667447306791569;-1.3194063353003798
Unknown;0.1082778344433111;0.4113475177304964;0.7018664357136566
Control;0.0429591408171836;0.5142857142857142;0.8188639279329009
Medium;0.0139997200055998;0.5769230769230769;1.077675736675009
Unknown;0.1052378952420951;0.3898305084745763;0.6469304837392414
Medium;0.0006399872002559;0.66015625;1.34198787269886
Unknown;0.0099198016039679;0.445;0.8529814119677294
Control;3.999920001599968e-05;0.9163059163059164;2.7239147455058417
Unknown;0.3398732025359492;0.173170731707317;0.3248960456689976
Unknown;3.999920001599968e-05;0.6730945821854912;1.5438649750527909
Unknown;0.0769984600307993;0.4722222222222222;0.7421709797752848
Unknown;3.999920001599968e-05;0.8721278721278721;1.9725962645799344
Unknown;0.7735445291094178;-0.1007025761124121;-0.1109959139763024
Unknown;0.2728745425091498;-0.3695652173913043;-0.4876321774771812
Unknown;0.2166756664866702;-0.3396226415094339;-0.5354578418342681
Medium;0.2559948801023979;0.4466403162055335;0.3677407639046134
Unknown;0.0487990240195196;0.32;0.6774476788298623
Medium;7.999840003199936e-05;-0.8525345622119815;-1.6614615134035249
Unknown;0.0233595328093438;0.5;0.8517184280180274
Unknown;0.0916781664366712;0.42;0.7205051457967376
Unknown;0.1967960640787184;0.3194444444444444;0.5542447950827994
Unknown;0.2109157816843663;0.3266666666666666;0.5459908696762502
Unknown;0.3219535609287814;-0.3066666666666666;-0.4770795393293277
Unknown;0.6339873202535949;0.0817610062893081;0.2178499521986778
Unknown;0.8767824643507129;-0.1180555555555555;-0.0513629907987674
Unknown;0.1031179376412471;-0.3801452784503632;-0.659587432076366
Unknown;0.0014799704005919;0.6666666666666666;1.4016162597814792
Unknown;0.751784964300714;-0.040650406504065;-0.1452906441227793
Unknown;0.3189936201275974;0.2051948051948052;0.4054256634789428
Unknown;0.9321413571728564;0.0074074074074074;-0.0316279795169247
Unknown;0.4864702705945881;-0.1875;-0.3000242529694517
Unknown;0.9125417491650168;-0.0902777777777777;-0.0310077517047343
Unknown;0.0983980320393592;0.4117647058823529;0.7060341154763599
High;0.0024399512009759;-0.6794871794871795;-1.2253667039228875
Unknown;0.5855882882342354;0.1111111111111111;0.1929595141929817
Unknown;0.6191476170476591;0.1292517006802721;0.2180831961083009
Unknown;0.5724285514289714;0.0816326530612244;0.259990462002113
Unknown;0.372472550548989;-0.1739130434782608;-0.390594482354444
Control;0.499470010599788;0.2318501170960187;0.2663101684205237
Control;0.0083998320033599;0.6258503401360545;1.0770270089156966
Unknown;0.0094798104037919;-0.625974025974026;-1.120248904040226
Unknown;0.5171896562068758;-0.1943793911007025;-0.260844019465103
Unknown;0.5819083618327634;0.0833333333333333;0.2358222823782432
Unknown;0.3807523849523009;0.2051282051282051;0.3835275805128432
Unknown;0.0977591036414565;0.6565656565656566;0.9935946794091272
Unknown;0.3463930721385572;0.2280701754385964;0.383128043937894
Unknown;0.1385172296554069;-0.3925925925925926;-0.679859862987247
Unknown;0.0758784824303513;0.5022222222222222;0.8442158048972042
Unknown;0.1047179056418871;-0.4326241134751773;-0.7224917784086884
Unknown;0.0967580648387032;-0.4117647058823529;-0.734262234534231
Unknown;0.2161556768864622;-0.3472222222222222;-0.5356562228856492
Unknown;0.5294694106117878;-0.1231884057971014;-0.2752994613573993
Unknown;0.1494370112597748;0.3439153439153439;0.5976266724950896
Unknown;0.7321453570928581;0.0761904761904762;0.1406974495819054
Control;0.0822383552328953;-0.4166666666666667;-0.7463097553753404
Low;0.0016399672006559;-0.6581632653061225;-1.227445682631254
Low;0.5568688626227476;0.0525;-0.2137874006616207
Unknown;0.0488790224195516;-0.4630541871921182;-0.8117125755848272
Unknown;0.0878782424351513;-0.3851851851851852;-0.771163138459466
Unknown;0.5898282034359312;-0.2649572649572649;-0.2393139048189951
Unknown;0.2312353752924941;-0.3191489361702128;-0.5022758504996933
Unknown;0.2194356112877742;0.3100775193798449;0.5486709442086639
Unknown;0.6846663066738665;-0.1037037037037037;-0.1890475515613788
Unknown;0.7643047139057219;0.1560283687943262;0.1373718088045142
Unknown;0.0015199696006079;0.7092731829573935;1.3446680170419796
Unknown;0.246755064898702;-0.2266666666666666;-0.5526222421686992
Unknown;0.7725845483090338;-0.0703125;-0.1094588136737425
Unknown;0.8257834843303133;0.0652173913043478;0.1081058860934491
Unknown;0.0221595568088638;0.4603174603174603;0.8933568231293509
Unknown;0.5819883602327953;0.1176470588235294;0.2495367094962348
Unknown;0.2297954040919181;0.3688888888888889;0.580131032068968
Medium;0.114317713645727;-0.3115942028985507;-0.7262702416482273
Control;0.1099978000439991;-0.3695652173913043;-0.692708087763889
Unknown;0.2665146697066058;0.2463768115942029;0.4913610143688525
Unknown;0.0002399952000959;-0.8074074074074075;-1.7624262528580394
Unknown;0.1818363632727345;-0.2624113475177305;-0.577423545986823
Unknown;0.124357512849743;0.412987012987013;0.6316268554855318
Unknown;0.1723965520689586;-0.3550724637681159;-0.6120579314780193
Unknown;0.6125477490450191;-0.1098484848484848;-0.192010112991796
Unknown;0.0340393192136157;0.4742857142857143;0.8571757581304832
Unknown;0.0982380352392952;0.3484848484848485;0.6124893962295662
Unknown;0.8642227155456891;-0.0443349753694581;-0.0631775895998165
Unknown;3.999920001599968e-05;0.8446115288220551;1.672565404832506
Unknown;0.7087458250834984;-0.1555555555555555;-0.175259676824135
Unknown;0.2993540129197416;0.2608695652173913;0.4600491450269702
Unknown;0.0023999520009599;0.5825602968460112;0.9798944619403908
Low;0.6799064018719626;-0.1031746031746031;-0.134718559277799
Unknown;0.1630367392652147;0.3205128205128205;0.5967055840765756
Medium;0.0915981680366392;0.4038461538461538;0.7504482038959408
Unknown;0.7954240915181696;0.0576923076923076;0.122586474770396
Unknown;0.6905061898762025;0.0394088669950738;0.1714096508243659
Unknown;0.0007999840003199;0.6315049226441631;1.1856683834295796
Unknown;0.5776284474310514;-0.1635220125786163;-0.2375702600038807
Control;7.999840003199936e-05;0.9215686274509804;2.286584479757075
Unknown;0.8718625627487451;-0.0444444444444444;-0.0613279684586139
Unknown;0.9380612387752244;0.0217391304347826;0.0410514365295157
High;3.999920001599968e-05;0.8740740740740741;2.2295068409052
Unknown;0.1055978880422391;0.3790849673202614;0.7133716670365478
Low;0.0161596768064638;0.5507246376811594;1.1779749933196142
Unknown;0.0539189216215675;0.4855072463768116;0.8377651497924964
Unknown;0.2974340513189736;0.2622222222222222;0.5018947604345352
Control;0.3532729345413091;0.2976190476190476;0.3528551050487854
Unknown;0.631467370652587;-0.1257861635220125;-0.2058958144301948
Low;0.2189156216875662;0.7604938271604939;0.5360760642688898
Unknown;0.8084238315233695;0.0425531914893617;0.10948769771571
Control;0.9179416411671768;-0.0072463768115942;0.0428715761638603
Unknown;0.1693566128677426;0.271264367816092;0.458025819244635
Unknown;0.8227835443291134;0.0289855072463768;0.0972708252230832
Unknown;0.1541969160616787;-0.44;-0.7210524926066911
Unknown;0.3537129257414851;-0.1747126436781609;-0.3126495205630946
Unknown;0.9431011379772404;-0.0352941176470588;0.0422511610376073
Medium;0.2377552448951021;-0.2936507936507936;-0.4461769869603404
Unknown;0.0486390272194556;0.4964539007092198;0.871977560205916
Unknown;0.9247815043699126;-0.01953125;0.0413231408586899
High;0.0020399592008159;-0.5443037974683544;-1.053377832061086
Unknown;0.378392432151357;-0.2;-0.4207228479231802
Unknown;0.2361152776944461;0.2514619883040935;0.4177567805473045
Unknown;0.1613967720645587;-0.4202898550724637;-0.6424522955241099
Unknown;0.497470050598988;0.1288888888888889;0.3341223770274811
Unknown;0.0664386712265754;0.4624697336561743;0.7593204227500091
Unknown;0.1124377512449751;0.3022388059701492;0.5939690341910748
Unknown;0.6760664786704266;-0.1753246753246753;-0.1572863345780311
Unknown;0.3265134697306054;0.2847222222222222;0.4355710250347983
Unknown;0.5174296514069718;-0.2152777777777778;-0.2799688594044055
Unknown;0.8363832723345533;-0.0491803278688524;-0.0758376492843623
Unknown;0.1343173136537269;0.3611111111111111;0.6516485986665693
Control;0.2600747985040299;-0.3;-0.4585055391459313
Unknown;0.7953040939181216;-0.1377777777777777;-0.1087779598086466
Unknown;0.120277594448111;-0.3904761904761905;-0.6348275270246915
Unknown;0.0045999080018399;-0.6319444444444444;-1.335748684964552
Unknown;0.7066658666826664;0.0363036303630363;0.1200110182739285
Unknown;0.24887502249955;0.3185185185185185;0.5074464525779654
Unknown;0.375992480150397;-0.1214285714285714;-0.3373633169615816
Unknown;0.9043419131617368;0.0212765957446808;0.0475156094283301
Unknown;0.3825523489530209;0.1979949874686716;0.3536746010190208
Control;0.9417011659766804;0.12;0.0138928824676309
Control;0.9830603387932242;0.0217391304347826;-0.020377997945076
Unknown;0.502469950600988;0.1792207792207792;0.270479366134312
Unknown;3.999920001599968e-05;0.7534246575342466;1.4329597753205428
Unknown;0.8265034699306014;0.1180555555555555;0.1042465199322809
Unknown;0.748905021899562;-0.0915492957746478;-0.1131559995055336
Unknown;0.3916321673566528;-0.2365339578454332;-0.3454150617764446
Unknown;0.1287974240515189;0.424;0.695318048500994
Unknown;0.5697086058278834;0.1321428571428571;0.2126804075891524
Unknown;0.1996360072798544;-0.2888888888888888;-0.6196330445463736
Control;0.3963920721585568;-0.2444444444444444;-0.3690404044360589
Unknown;0.116837663246735;-0.3428571428571428;-0.6418611494829789
Unknown;0.0506789864202716;0.7111111111111111;1.057961825988092
Unknown;0.0082398352032959;0.6305418719211823;1.0926244491450936
Unknown;0.8327033459330814;-0.0935960591133004;-0.0823262984743046
Unknown;0.1868362632747345;0.3584905660377358;0.5736795100244274
Unknown;0.4324313513729725;-0.2391304347826087;-0.3429965391515024
Unknown;0.2542349153016939;-0.2740740740740741;-0.5053051626144288
Unknown;0.0792384152316953;-0.3922902494331066;-0.7677125457975253
Unknown;0.5709485810283794;0.1657142857142857;0.2321374537912537
Unknown;0.6639067218655627;-0.0888888888888888;-0.1838637755611541
Control;0.0128797424051518;-0.5782312925170068;-0.9442120335211804
Unknown;0.0923181536369272;-0.42;-0.7473881807853077
Unknown;0.7381852362952741;0.0571428571428571;0.1365442033794141
Unknown;0.5129097418051639;-0.162227602905569;-0.2609586167132202
Unknown;0.374992500149997;-0.1790123456790123;-0.3803671565523545
Unknown;0.0955180896382072;0.4978723404255319;0.8088316858990015
Unknown;0.0037199256014879;-0.6794871794871795;-1.309865208345249
Unknown;0.0273594528109437;-0.4597402597402597;-0.9200212705915656
Unknown;0.0014799704005919;-0.663594470046083;-1.3345998174237867
Unknown;0.378512429751405;0.3333333333333333;0.3548642634597954
Unknown;0.6670266594668106;0.0763888888888889;0.1984672458142032
Unknown;0.6736665266694666;0.1259259259259259;0.1784525321488088
Unknown;0.50334993300134;0.1373493975903614;0.2306375821644205
Unknown;0.8275034499310013;-0.0074074074074074;0.1025725034891341
Unknown;0.6681066378672427;0.0799031476997578;0.1710010575953999
Low;0.0650386992260154;0.3647798742138364;0.766290333007127
Control;3.999920001599968e-05;0.8285714285714286;1.8412288090075848
Unknown;0.4093118137637247;-0.2083333333333333;-0.362003884957566
Unknown;0.0289194216115677;0.5576923076923077;0.9254943897791584
Medium;0.9344213115737684;0.0811573747353563;-0.0383811507519537
Unknown;0.865502689946201;0.0264026402640264;0.0587961779811829
Unknown;0.1379572408551829;-0.3265306122448979;-0.6656214255129049
Low;0.0039199216015679;-0.6666666666666666;-1.244832259163644
Unknown;0.1536369272614547;-0.234006734006734;-0.4322947833869427
Unknown;0.6275074498510029;0.1205673758865248;0.2114058714245704
Unknown;0.6617867642647147;-0.0311111111111111;-0.1979960725213639
Unknown;0.2909941801163976;-0.2330827067669172;-0.4269371834947947
Unknown;0.760784784304314;0.0987654320987654;0.1224161491327246
Unknown;0.8115437691246175;0.0606060606060606;0.1147196127735526
Unknown;0.2662346753064938;-0.2962962962962963;-0.4003622477047137
Control;0.0011199776004479;0.6984126984126984;1.3249145285050044
Unknown;0.0778784424311513;0.552;0.8820380121365771
Control;0.0273194536109277;0.4414245548266167;0.7035864660886565
Control;0.2904741905161896;0.4236111111111111;-0.0183873267454238
Unknown;0.0053598928021439;-0.6170212765957447;-1.206069756406897
Unknown;0.1000779984400312;-0.3558441558441558;-0.6442702378513423
Control;0.0285994280114397;-0.5238095238095238;-0.8423039983715288
Unknown;0.3205535889282214;-0.2907801418439716;-0.4326263682446335
Unknown;0.1050778984420311;0.3922902494331066;0.6511456024300875
Unknown;0.1583168336633267;-0.4042553191489361;-0.6354128448946353
Unknown;0.5791884162316754;-0.1709601873536299;-0.2124534929128834
Unknown;0.5867882642347153;-0.1768707482993197;-0.2365204333981385
Low;0.0945981080378392;-0.3866666666666666;-0.7012607102766046
Unknown;0.7655446891062179;0.0272108843537414;0.142784041303633
Unknown;0.7629047419051619;0.0869565217391304;0.1357467985551095
Unknown;0.7287054258914821;-0.0576441102756892;-0.1365683252685728
Unknown;0.1422371552568948;-0.4380952380952381;-0.7238486840465708
Control;0.625747485050299;-0.0065359477124183;0.1765296214058667
Unknown;0.1287574248515029;-0.4296296296296296;-0.6804041388516193
Unknown;0.1765164696706065;0.3271604938271605;0.5871601420312161
Low;0.5930281394372112;0.0023419203747072;-0.2325126793077546
Unknown;0.0540789184216315;-0.5255813953488372;-0.967047967877296
Unknown;0.75222495550089;0.0866510538641686;0.1263890062650465
Unknown;0.0721985560288794;-0.3925925925925926;-0.8176865495638216
Unknown;0.8806623867522649;-0.0217391304347826;0.0663730848662099
Unknown;0.4411511769764604;-0.2098765432098765;-0.332958017101208
Control;0.2236755264894702;-0.4166666666666667;-0.6442141526871228
Unknown;0.3541129177416451;-0.2517006802721088;-0.4010885767360815
Unknown;0.5898682026359473;0.1259259259259259;0.2407833343547812
Control;0.616227675446491;-0.0225225225225225;-0.2439648529797369
Unknown;0.9681806363872724;0.0153846153846153;0.0145211134097997
Unknown;0.2005959880802384;0.4836601307189542;0.5722830642078874
Unknown;7.999840003199936e-05;0.7890625;1.4792148869742434
Unknown;0.367992640147197;-0.2266666666666666;-0.4371876222599088
Unknown;0.4197516049679006;0.1836734693877551;0.3301400347768345
Low;3.999920001599968e-05;0.9484126984126984;2.7157034354968705
Unknown;0.0683186336273274;-0.3264033264033264;-0.5413796146825618
Unknown;0.5296694066118678;0.2040816326530612;0.2683876593766162
Unknown;0.0146797064058718;0.6226415094339622;1.076509884700472
Unknown;0.2743145137097258;0.2777777777777778;0.4841382950590541
Control;0.117157656846863;-0.4042553191489361;-0.6722118368122887
Low;0.0328393432131357;0.5374149659863946;0.9589200222647124
Unknown;0.1652366952660947;0.3266666666666666;0.6000837371724552
Unknown;0.3551528969420611;0.1629629629629629;0.4067158140775664
Unknown;0.7274254514909702;0.0884353741496598;0.1600126071717003
Unknown;0.119837603247935;-0.4488888888888889;-0.7751516166144522
Unknown;0.7917041659166817;0.0944309927360774;0.1130596800122474
Unknown;0.0037999240015199;0.674074074074074;1.1664077668700576
Unknown;3.999920001599968e-05;0.6515837104072398;1.3293902282009349
Medium;0.0659986800263994;-0.406060606060606;-0.7441939565591534
Unknown;0.0515989680206395;0.4493506493506493;0.7655211506466278
Unknown;0.371392572148557;-0.1528822055137844;-0.3636892086083403
Unknown;0.4192716145677087;0.1904761904761904;0.3258203917410036
Unknown;0.6724665506689866;-0.1509433962264151;-0.1743263663147409
Unknown;0.1563168736625267;0.3;0.5281388194320678
Unknown;0.3413131737365252;0.2312925170068027;0.4200756198630486
Unknown;0.116077678446431;0.4074074074074074;0.6838742468738852
Control;0.249115017699646;-0.303030303030303;-0.5031311517500241
Unknown;0.8721025579488411;-0.1041666666666666;-0.0722995687575457
Unknown;0.6531069378612427;0.1095238095238095;0.1783402656580749
Unknown;0.7386652266954661;-0.0577777777777777;-0.2058556371898927
Unknown;0.5499090018199636;0.0763888888888889;0.2567732359697885
Unknown;0.1742765144697106;-0.3055555555555556;-0.6085356668605262
High;0.0001199976000479;0.7288732394366197;1.9518437983964143
Unknown;0.0781184376312473;0.4733333333333333;0.7624068260575841
Low;0.0027599448011039;-0.7096774193548387;-1.2360457738448458
Unknown;0.2639947201055979;0.2679738562091503;0.4873454277424794
Unknown;0.0099598008039839;0.4598765432098765;0.7670746445586148
Unknown;0.0845983080338393;0.4117647058823529;0.7198247618551854
Control;0.7985040299194016;0.0625;0.1192282367015273
Unknown;0.7679046419071619;-0.0251572327044025;0.1372826642338665
Unknown;0.0159196816063678;-0.7111111111111111;-1.312984584999236
Unknown;0.3982320353592928;0.2222222222222222;0.3675181794910216
Control;0.0212795744085118;0.4334975369458128;1.0162583372553275
Low;0.0165596688066238;-0.5328798185941043;-0.9375122541408576
Unknown;0.0210795784084318;-0.5882352941176471;-1.0765203637087042
Unknown;0.0098798024039519;0.6888888888888889;1.2107738564335755
Unknown;0.7373852522949541;-0.1121951219512195;-0.113134899951533
High;0.0296394072118557;-0.5333333333333333;-0.9656479488955818
Unknown;0.0076398472030559;-0.5902777777777778;-1.2504279739844828
Medium;0.5840283194336113;-0.1122448979591836;-0.2241190325593021
Unknown;0.8011439771204576;0.0069444444444444;0.1296454139890762
Control;0.0002399952000959;0.8156028368794326;1.869631400612878
Unknown;0.7416251674966501;0.0335820895522388;0.1048012431734195
Unknown;0.879262414751705;-0.0230414746543778;-0.0543299155994123
Unknown;0.0936381272374552;0.3333333333333333;0.5862061755275384
Unknown;3.999920001599968e-05;0.7176470588235294;1.5617000621053996
Unknown;0.0001199976000479;0.7720797720797721;1.3985245575956295
Unknown;0.8532229355412891;-0.0612244897959183;-0.0802002626285636
Control;3.999920001599968e-05;0.8919753086419753;3.6964460541553614
Unknown;0.3779124417511649;0.2585034013605442;0.3781028235809865
Control;0.0001199976000479;0.8277777777777777;1.8172482374422116
Unknown;0.1091978160436791;-0.4743589743589743;-0.7284146895010384
Unknown;0.0434791304173916;0.5037037037037037;0.850650715253454
Unknown;0.0128797424051518;-0.5434782608695652;-1.1818793580094376
Unknown;0.8428231435371293;0.0074074074074074;0.0815529109947442
Unknown;0.8837423251534969;-0.0496453900709219;-0.0573115860840404
Unknown;0.743505129897402;0.0666666666666666;0.157693136088675
Unknown;0.0875182496350073;-0.3605442176870748;-0.7519914009751564
Unknown;0.3334333313333733;-0.2826086956521739;-0.427629277594709
Unknown;0.0687586248275034;-0.4235588972431077;-0.7625962225344799
Unknown;0.5156696866062679;0.1666666666666666;0.290682447998887
Unknown;0.0796384072318553;0.375886524822695;0.7900814067447826
Unknown;0.2851942961140777;0.2711111111111111;0.5088971838232104
Unknown;0.0003999920001599;0.7380952380952381;1.3289054371702684
Unknown;0.0503589928201436;0.6;0.9537748194108548
Unknown;0.2669146617067658;-0.2075471698113207;-0.4862196512127501
Unknown;0.2526349473010539;-0.3114754098360656;-0.4678139599908918
Unknown;0.6057878842423151;0.1041162227602905;0.211243280727242
Unknown;0.0008799824003519;0.6285714285714286;1.0764872766463314
Unknown;0.3442731145377092;0.2170542635658914;0.4202692549723129
Medium;7.999840003199936e-05;0.6336336336336337;2.157284741470696
Unknown;0.9109817803643928;-0.0416666666666666;-0.0431553093843619
Unknown;0.3241135177296454;0.2022058823529411;0.3715361040850172
Unknown;0.6009079818403632;-0.0457746478873239;-0.1935006287353793
Unknown;0.9711005779884402;0.0408163265306122;0.0149226886479638
Control;0.7077058458830824;0.074074074074074;-0.1990258852976545
Unknown;0.0613187736245275;-0.4566744730679157;-0.7534199308030982
Unknown;0.8992220155596888;-0.072463768115942;-0.0494000683515966
Unknown;0.6741865162696746;0.1466666666666666;0.1874375154394023
Unknown;0.8230235395292094;0.0266666666666666;0.0986026614601534
Unknown;7.999840003199936e-05;0.9202898550724636;1.7454162053964666
Unknown;0.7023459530809384;0.0992907801418439;0.1799587693566673
Unknown;0.9555408891822164;-0.0138888888888888;0.0321893969304968
Unknown;0.1357572848543029;0.3851851851851852;0.6581702302362641
Control;0.367392652146957;-0.1419753086419753;-0.3986677516271776
Unknown;0.49635007299854;-0.1333333333333333;-0.2970044504121724
Unknown;0.4199516009679806;-0.2295918367346938;-0.3301083660145762
Control;0.0051998960020799;0.6190476190476191;1.132332652195315
Unknown;0.633627327453451;0.0809523809523809;0.1888810919913115
Unknown;0.0160796784064318;0.4658536585365854;0.8226265494804301
Unknown;0.1310773784524309;0.4518518518518518;0.681442025722174
Unknown;0.5184296314073719;0.1555555555555555;0.2965074402535011
Unknown;0.0873182536349273;0.4577777777777778;0.8142785332099209
Unknown;0.9012219755604888;0.1089743589743589;0.0561948533037734
Unknown;0.5047899042019159;0.1407407407407407;0.2386476721785159
Unknown;0.0424391512169756;-0.5727272727272728;-1.0344614765891222
Unknown;0.0193596128077438;0.5607675906183369;0.945084347731004
Unknown;0.8935021299574009;0.010204081632653;0.0675133238247868
Unknown;0.0380792384152317;0.4715447154471545;0.977145184176076
Unknown;0.5485490290194196;0.1076923076923077;0.2302725038925872
Unknown;0.1017179656406871;0.3985507246376811;0.7120015169427899
Unknown;0.624267514649707;0.1037037037037037;0.221933679479017
Unknown;0.0001199976000479;0.9111111111111112;1.485099879442316
Unknown;0.4657106857862843;-0.2222222222222222;-0.3138121954587555
Unknown;0.7580648387032259;0.0923076923076923;0.1164448402812959
Unknown;0.0603987920241595;-0.4107142857142857;-0.7205301019797496
Unknown;0.5542289154216916;0.1288888888888889;0.2958245111981292
Unknown;0.4008319833603327;0.1762962962962962;0.2979361317953969
Unknown;0.0172396552068958;0.4066985645933014;0.7583965076025739
Unknown;0.2101957960840783;0.2962962962962963;0.5519161143951045
Unknown;0.253634927301454;0.3238095238095238;0.4664990879137391
Control;0.0545189096218075;0.5652173913043478;0.8217222932417915
Medium;0.7312653746925062;0.013953488372093;0.1097520536865403
Unknown;0.5752684946301074;-0.1884057971014492;-0.2458592085954359
Unknown;0.6519469610607788;-0.1292517006802721;-0.1883159947773095
Medium;0.7798244035119297;-0.0261437908496732;0.1391530321255953
Unknown;0.5973880522389552;-0.0814814814814814;-0.2300817013499409
Control;0.125277494450111;-0.4333333333333333;-0.734844634557619
Unknown;0.249795004099918;-0.2116402116402116;-0.4750569868386822
Unknown;0.6349073018539629;0.0755555555555555;0.2399921895760489
Control;0.4505909881802364;-0.1071428571428571;-0.292728375021327
Unknown;0.6785464290714186;0.0992907801418439;0.1918000076043693
Unknown;0.4791904161916762;0.130718954248366;0.3087927730389405
Unknown;0.0846783064338713;0.4551282051282051;0.7485541288420048
Unknown;0.0916781664366712;0.4421768707482993;0.7119088323733012
Unknown;0.116237675246495;0.4117647058823529;0.6715830494621031
Unknown;0.0282394352112957;0.5786163522012578;0.8962622181351191
High;0.0231995360092798;0.5815602836879432;1.0220559279013606
Unknown;0.3873922521549569;0.2083333333333333;0.3847504642525886
Unknown;0.3014339713205736;-0.2028985507246377;-0.4570134523341164
Unknown;0.6709065818683626;-0.1020408163265306;-0.1757116759221342
Unknown;0.0412791744165116;0.5045045045045045;0.8934587320684467
High;0.0246795064098718;-0.6143790849673203;-1.0213071839112546
Control;0.0006799864002719;0.7333333333333333;1.755973713375372
Unknown;0.1399572008559828;0.3550724637681159;0.6425165647857001
Unknown;0.8475430491390172;-0.0851063829787234;-0.0840579827159487
Medium;0.4121117577648447;-0.2280701754385964;-0.3336886596627955
Unknown;0.1371172576548469;0.3525641025641026;0.6516898808829926
Medium;0.1724765504689906;0.4891566265060241;0.4863282919046594
Unknown;0.1261174776504469;0.4133333333333333;0.7272772218050327
Unknown;0.1889162216755665;-0.3137254901960784;-0.5859521032508469
Unknown;0.3172736545269095;0.1223529411764706;0.3359458367799842
Unknown;0.0623987520249595;0.3836477987421384;0.8208033623360085
High;0.0460390792184156;0.5138888888888888;0.8487135724926995
Control;0.8102637947241055;0.0737327188940092;-0.1212775523971134
Unknown;0.5447091058178837;0.1770833333333333;0.3271611951719486
Unknown;0.9336213275734484;-0.0088888888888888;0.028665962792287
Unknown;0.5210695786084278;-0.1956521739130435;-0.2810049230946015
Unknown;0.0851982960340793;0.3687943262411347;0.756894415323217
Unknown;0.4646707065858683;0.1914893617021276;0.3197407094942749
Unknown;0.0263194736105277;-0.5333333333333333;-1.0324970647006433
Unknown;0.2223155536889262;0.2786561264822134;0.3930483308132312
Low;0.0199196016079678;-0.5544794188861986;-0.9339024641075592
Unknown;0.0021999560008799;0.5604938271604938;1.030002446651245
Unknown;0.5411891762164757;0.0726817042606516;0.2561065474236511
Unknown;0.8607427851442971;0.0065359477124183;-0.0633067648151484
Unknown;0.0248795024099518;0.4837092731829573;0.905951808925982
Unknown;0.7216255674886503;-0.0884353741496598;-0.1645783025765235
Unknown;0.0725185496290074;0.5377777777777778;0.8304042301670528
Unknown;0.6041879162416751;0.0866666666666666;0.220786016762786
Low;0.0770784584308313;0.1972789115646258;0.8465097918242189
Unknown;0.6787064258714826;0.0962962962962963;0.1911538429266889
Control;0.6299074018519629;-0.09765625;-0.1409423077965832
Unknown;0.0085598288034239;0.5146666666666667;0.877113597607673
Unknown;0.8385032299354013;0.0466666666666666;0.0954218449865597
Unknown;0.0324793504129917;0.5217391304347826;0.9188163251833986
Unknown;0.0702785944281114;0.4565217391304347;0.7800383641185487
Unknown;0.9163416731665368;0.0215588723051409;0.0398610070782636
Unknown;0.0220395592088158;-0.5424836601307189;-1.0173081195177165
Unknown;0.2729545409091818;-0.2986111111111111;-0.4836186669482533
Unknown;0.7070658586828263;-0.0709219858156028;-0.1582436296327494
Unknown;0.1079578408431831;0.3877551020408163;0.6524284651714023
High;0.3214735705285894;0.3061224489795918;0.4368514974347114
Control;0.0002399952000959;0.7916666666666666;1.2986148974541791
Unknown;0.0198396032079358;-0.5666666666666667;-0.6875194162579353
Unknown;0.0845983080338393;-0.4236111111111111;-0.7800905830880361
Unknown;0.8565028699426012;0.0857142857142857;0.0796116106164236
Unknown;0.5539489210215796;-0.1742424242424242;-0.2195560871898938
Control;0.492870142597148;-0.0518518518518518;-0.3205018220716166
Unknown;0.3148737025259495;0.2415584415584415;0.4099219955425493
Control;7.999840003199936e-05;0.66;1.8847119809852009
Medium;0.374272514549709;-0.2361111111111111;-0.3935893863555363
Control;0.0324393512129757;0.3787878787878788;0.8988021244528251
Unknown;0.0945981080378392;0.3946731234866828;0.6933138815006353
Low;0.465154146765089;-0.2898550724637681;-0.3731041830252466
Unknown;0.3534729305413892;0.2711111111111111;0.4462692719878765
Unknown;0.7729845403091938;-0.0283687943262411;-0.1130638854071779
High;3.999920001599968e-05;0.923809523809524;1.997999462836351
Unknown;0.6970660586788264;-0.1773049645390071;-0.1614316101442881
Control;0.3023539529209416;0.3266666666666666;0.4430205249102243
Unknown;0.1757164856702865;0.2692307692307692;0.4955735470541355
Unknown;0.0158396832063358;-0.5579710144927537;-1.146108003986842
Medium;0.0001599968000639;0.6747181964573269;1.6789019246438497
Unknown;0.3653526929461411;-0.2040816326530612;-0.394734978719362
Unknown;0.2157156856862862;0.3405797101449275;0.5434549602660977
Unknown;0.6812663746725065;-0.072463768115942;-0.1652133849010687
High;0.0006399872002559;0.4429629629629629;1.383142704911259
Unknown;0.982660346793064;-0.0277777777777777;0.0167395180266477
Medium;0.0005199896002079;0.8133333333333334;2.220214198730259
Control;0.252434951300974;-0.2641975308641975;-0.3585266845595257
Low;3.999920001599968e-05;0.8848614072494669;2.2276185935122523
Unknown;0.124117517649647;0.3555555555555555;0.669863687015413
Unknown;0.0069598608027839;0.66;1.1274687549012996
Unknown;0.7109057818843623;-0.0625;-0.1456224462592788
Unknown;0.0095198096038079;0.5532786885245902;0.9993133343836732
Medium;7.999840003199936e-05;0.7263544536271809;1.5397361106176135
Unknown;0.2827943441131177;-0.2083333333333333;-0.4749347661689652
Unknown;0.0557588848223035;-0.5377777777777778;-0.9792742127757212
Unknown;0.877542449151017;0.0144927536231884;0.0761856932835404
Unknown;0.6857862842743145;-0.1177944862155388;-0.1591941095010928
Unknown;0.0807183856322873;0.3911007025761124;0.6876875528303479
Unknown;0.0079198416031679;0.6099290780141844;1.1970306055564932
Unknown;0.0387992240155196;0.5277777777777778;0.9065965821668588
Unknown;0.372752544949101;-0.2536231884057971;-0.3922397106494409
Unknown;0.4617907641847163;-0.2051282051282051;-0.3198231575030169
Unknown;0.0036399272014559;0.6190476190476191;1.1414250924928626
Unknown;0.0001599968000639;0.7263544536271809;1.2933912300335
Unknown;0.1117177656446871;0.326797385620915;0.6980177491887198
Unknown;0.7861442771144577;0.0925925925925925;0.1198455959294837
Unknown;0.8015439691206175;-0.074074074074074;-0.1103673789647969
Low;0.0009599808003839;-0.6923076923076923;-0.9054741684288696
Unknown;0.0013599728005439;0.7681159420289855;1.2673359578362702
Unknown;0.2021559568808623;0.2927400468384075;0.5075571609855349
Unknown;0.3302333953320933;0.1795454545454545;0.3257457149272439
Unknown;0.2009159816803664;0.2685185185185185;0.455307168164403
Unknown;0.2210755784884302;0.3386243386243386;0.4963704077151354
Unknown;0.988180236395272;-0.0070921985815602;0.0077062482731103
Unknown;0.0651186976260474;0.4855072463768116;0.7995981941815935
Unknown;0.0151596968060638;0.4826388888888889;0.9008280187494646
Control;0.3117937641247175;0.2796610169491525;0.5377566565301646
Unknown;0.3277534449311013;0.1465677179962894;0.3278520382039733
Unknown;0.125237495250095;0.3541666666666667;0.6796350766353209
Low;0.0809983800323993;-0.5288220551378446;-0.7204751122185297
Unknown;0.3322333553328933;0.2264150943396226;0.4245890239355202
Control;0.7423051538969221;-0.6285714285714286;-0.1476743936676331
High;0.0515189696206075;-0.5942028985507246;-0.8606697675919601
Unknown;0.5251094978100438;0.1768707482993197;0.2863502048603082
Unknown;0.2635147297054059;-0.375886524822695;-0.4977330114367628
Low;0.0337593248135037;-0.3954022988505747;-0.71321840556666
Unknown;0.0831583368332633;-0.4222222222222222;-0.7656176223557023
Medium;0.497070058598828;0.2;0.2676067821056706
Low;0.4071518569628607;0.3111111111111111;0.3919987448682114
Unknown;0.998180036399272;0.0161290322580645;0.0023160176822955
Unknown;0.3144337113257734;0.2679738562091503;0.4442992274290765
Medium;0.9381412371752564;0.036144578313253;0.0178381847991235
Unknown;0.1903961920761585;0.2908163265306122;0.5263768415546837
Unknown;0.6215475690486191;0.1407407407407407;0.2205733290652205
Medium;0.0373192536149277;0.4666666666666667;0.7197051419420665
Unknown;0.6240675186496271;0.1843971631205673;0.2154657185521186
Unknown;0.0111197776044479;0.5376623376623376;1.0498239908572495
Unknown;0.2266754664906702;0.3115942028985507;0.5287659705492442
Unknown;0.0013199736005279;0.4654088050314465;1.1018735118264888
Medium;0.9604607907841844;0.150997150997151;-0.109659619088873
Unknown;0.5613487730245396;-0.1331719128329297;-0.2330809182744087
Unknown;0.2583548329033419;0.2549019607843137;0.4941571856065151
Unknown;0.0780384392312153;0.5022222222222222;0.8252019285084707
Unknown;0.4112717745645087;-0.2361111111111111;-0.3659466043788448
Unknown;0.8350632987340253;0.0844444444444444;0.1021236177954078
Unknown;0.8048239035219296;-0.1111111111111111;-0.0981518487973391
Unknown;0.4858702825943481;0.1420534458509142;0.2469053178976521
Unknown;0.8424231515369692;0.003731343283582;0.0808122422600679
Unknown;0.7023859522809544;0.0827067669172932;0.1588433701156016
Unknown;0.4742705145897082;-0.1037037037037037;-0.312356851505396
Unknown;0.7227055458890822;0.1133333333333333;0.1437731677344031
Unknown;0.2181156376872462;0.3333333333333333;0.5372161294092921
Unknown;0.0830383392332153;-0.52;-0.8324265890240141
Unknown;0.1327573448531029;-0.3246268656716418;-0.5735664445278631
Unknown;0.0616387672246555;0.3675889328063241;0.6051763940270325
Unknown;0.3097138057238855;0.2482269503546099;0.4432303098162715
Unknown;0.0051998960020799;0.5353535353535354;1.0450422664909962
Unknown;0.0256394872102557;0.4716981132075472;0.9885743973457334
High;0.5305493890122197;0.1020408163265306;0.2845716500539184
Unknown;0.4857502849943001;0.1446540880503144;0.3213939925550768
Unknown;0.0327193456130877;0.5034013605442177;0.9076639172704004
Unknown;0.1977160456790864;-0.3071895424836601;-0.5740265916090935
Unknown;0.360752688172043;-0.3103448275862069;-0.4982370042937885
Low;0.0015599688006239;-0.6842105263157895;-1.1020366368544048
Unknown;0.3219935601287974;-0.2296296296296296;-0.4343939669816554
Control;0.3221135577288454;-0.2019704433497537;-0.4006763785008763
Unknown;0.7664646707065859;0.0880503144654088;0.138566664074386
Unknown;0.870462590748185;-0.0709219858156028;-0.0671836496838724
Unknown;0.98590028199436;-0.0222222222222222;0.0226913285253783
Unknown;0.8316633667326654;-0.0416666666666666;-0.0772795003003411
Low;0.4564708705825883;0.2740046838407494;0.2864684460996489
Unknown;0.6446271074578508;-0.1822222222222222;-0.2046148317473918
Unknown;0.9346213075738484;-0.0022471910112359;0.0304911591009975
Unknown;0.2339953200935981;-0.3300492610837438;-0.4887441104046062
Unknown;0.6091078178436431;-0.1851851851851851;-0.2253706104503483
Unknown;0.0051198976020479;0.5738498789346247;1.1784976426439633
Unknown;0.7184656306873862;-0.0217391304347826;0.1542105602496331
Unknown;0.0809983800323993;0.3473980309423347;0.6247635950685191
Unknown;0.0953980920381592;0.4844444444444444;0.8025368977122326
Unknown;0.0739985200295994;0.365079365079365;0.7062303310011032
Unknown;0.8989020219595608;-0.0814814814814814;-0.0558506315905436
Unknown;0.2749545009099818;0.173469387755102;0.4467675664043852
High;0.0372792544149117;-0.5918367346938775;-0.9159602666102872
Unknown;0.0819183616327673;-0.4666666666666667;-0.8774181089080328
Unknown;0.0001999960000799;0.6039603960396039;1.1418480474115025
Unknown;0.1765564688706226;-0.3481481481481481;-0.5948441420273333
Unknown;0.6749065018699626;0.1058201058201058;0.1731192158360643
Unknown;0.0305193896122077;0.4627659574468085;0.8512497589649044
Unknown;0.751504969900602;0.0902777777777777;0.1489768688377495
Unknown;0.3058738825223495;-0.3688888888888889;-0.4902509392223477
Unknown;0.3876322473550529;-0.2;-0.4144729493149572
Unknown;0.2988740225195496;-0.2711111111111111;-0.5021421643278612
Unknown;0.0001999960000799;0.8431372549019608;1.6410383608837449
Unknown;0.3310333793324133;0.3106060606060606;0.4226648353285005
Unknown;0.1085978280434391;-0.5022222222222222;-0.809275383832115
Unknown;0.5140697186056279;0.2264150943396226;0.2438909796529277
Low;0.0133597328053438;0.2937595129375951;1.0906714900865662
Unknown;0.7505449891002179;0.0465116279069767;0.1218376771945942
Unknown;0.4006719865602688;-0.2866666666666667;-0.3642495227442837
Unknown;0.1649567008659826;-0.3188405797101449;-0.6113176325292922
Unknown;0.2362752744945101;-0.2679738562091503;-0.4859562713119819
Unknown;0.1948361032779344;0.4181818181818181;0.5232226155726837
Control;0.0001599968000639;-0.8333333333333334;-1.8168263565369955
Unknown;0.3229135417291654;-0.2253521126760563;-0.3718825650288639
Unknown;0.7721845563088738;0.0755555555555555;0.1460136995158419
Unknown;0.0004799904001919;-0.7738095238095238;-1.4751593529115283
Unknown;0.0561588768224635;-0.4962962962962963;-0.847307252189468
Unknown;0.7337853242935142;0.0925925925925925;0.1451642867852009
Unknown;0.631578947368421;-0.1111111111111111;-0.3597381955012296
Unknown;0.3605527889442211;0.2430555555555555;0.3979956998926625
Unknown;0.25067498650027;-0.2751322751322751;-0.47253826142209
High;0.0699186016279674;-0.354679802955665;-0.6817783898888661
Unknown;0.0471990560188796;0.3939393939393939;0.6914220511682067
Medium;0.3513929721405572;-0.3244444444444444;-0.4407734715380174
Control;0.0290794184116317;0.3714285714285714;1.149881696901187
Unknown;0.4873902521949561;-0.2152777777777778;-0.3048826108099793
Unknown;0.7275854482910342;0.02734375;0.1362091261930583
Unknown;0.8249035019299614;0.0544217687074829;0.0921041026840144
Unknown;0.0625987480250395;0.3619402985074627;0.6159011660793138
Unknown;0.7720245595088098;0.074074074074074;0.1090016283602558
Unknown;0.0003999920001599;0.7186813186813187;1.292226630575932
Unknown;0.491910161796764;0.1720930232558139;0.3357299204195319
Unknown;0.1033179336413271;0.2152777777777778;0.7817366275776094
Unknown;0.5699086018279634;0.1555555555555555;0.2733523303020369
Unknown;0.1004379912401752;0.4444444444444444;0.733585131132619
Unknown;0.4852702945941081;0.1418439716312056;0.3123430903270329
Unknown;0.5776284474310514;-0.1381733021077283;-0.2205347059152326
Unknown;0.2618347633047339;-0.3511111111111111;-0.5355660645870755
Unknown;0.8426231475370493;0.08;0.088035068454302
Medium;0.3518729625407492;0.1836734693877551;0.3691161647824947
Low;0.119237615247695;0.3546099290780142;0.6974986447866571
Low;0.0251194976100477;-0.5308641975308642;-0.7789318473857363
Unknown;0.0910781784364312;0.3922077922077922;0.6768487088160958
Unknown;0.6404671906561868;-0.0070921985815602;-0.1930411599291903
Unknown;0.119797604047919;0.3985507246376811;0.6717288341172079
Low;0.8587428251434971;0.0784313725490196;0.0863193773962988
Unknown;0.0266794664106717;-0.5407407407407407;-0.892475287804993
Unknown;0.0254794904101917;0.364021164021164;0.5891454381485657
Unknown;0.0029199416011679;0.544477028347996;0.9469779291221284
Unknown;0.0053998920021599;0.6054421768707483;1.2195918495645828
High;0.0007599848003039;0.3011494252873563;1.5432268333282848
Unknown;0.2314753704925901;0.326797385620915;0.5121838270884828
Unknown;0.0225195496090078;0.425531914893617;1.0711109562380476
Unknown;0.0473590528189436;-0.5259259259259259;-0.8842349777432046
Unknown;0.2694346113077738;0.2048611111111111;0.4164778573780814
Unknown;0.1481170376592468;0.3546099290780142;0.6329850595007431
Unknown;0.6485470290594189;-0.0066006600660066;-0.1359494158607366
Unknown;0.4144317113657726;0.1741176470588235;0.2799294948698957
Unknown;0.2832743345133097;0.2986111111111111;0.4748231740590759
Unknown;0.4469910601787964;0.2444444444444444;0.3604272925529031
Unknown;0.0066398672026559;0.5760869565217391;1.0036199385969122
Unknown;0.5163096738065238;-0.1292517006802721;-0.2715605217516715
Unknown;0.3233935321293574;0.2287581699346405;0.4311864359271941
Unknown;0.1047979040419191;-0.304147465437788;-0.6956341626981569
Unknown;0.0887182256354872;0.4927536231884058;0.7394311651266403
Unknown;0.8351832963340733;0.0652173913043478;0.0984499280857463
Unknown;0.751504969900602;0.0952380952380952;0.1326444437087565
High;0.7320253594928101;0.2;0.1589600756914133
Unknown;0.50034999300014;0.1419753086419753;0.2454054348206312
Unknown;0.0959980800383992;0.3710691823899371;0.717254869648007
Unknown;0.1735965280694386;0.3840579710144927;0.5989753417450546
Control;0.2733945321093578;-0.2936170212765957;-0.4572126152781506
High;0.1460770784584308;0.3666666666666666;0.6331411368437145
Unknown;0.0786384272314553;0.4583333333333333;0.748830528490083
Unknown;0.1752764944701106;-0.4044444444444444;-0.6535123384421783
Unknown;0.0619987600247995;0.5348837209302325;0.8032532608604408
Unknown;0.5189896202075959;0.2088888888888889;0.2904213416129294
Unknown;0.0776784464310713;0.54421768707483;0.7822421892343538
Unknown;0.2016359672806544;-0.36;-0.6188993077303694
Unknown;0.0012799744005119;0.7346938775510204;1.4274659459002064
Unknown;0.124917501649967;-0.3666666666666666;-0.6966453710468233
Unknown;0.3395132097358053;0.2389937106918239;0.4210162417663076
Unknown;0.0096398072038559;0.6530612244897959;1.2038829924546686
Unknown;0.0004799904001919;0.667910447761194;1.505840693815638
Unknown;0.4189116217675646;-0.1843971631205673;-0.351420065821051
High;0.0413991720165596;0.4521739130434782;0.9869627000436564
Unknown;0.2351152976940461;0.213953488372093;0.39658086672923
Unknown;0.3247935041299174;0.0592592592592592;0.4349333404309006
Unknown;0.0832383352332953;-0.4;-0.7047969764860026
Low;0.0230795384092318;0.5555555555555556;0.9462633079011852
High;0.0488790224195516;-0.437037037037037;-0.8381207246204277
Unknown;0.5561888762224756;0.1761006289308176;0.2567198952398742
Low;0.8290634187316254;-0.1670702179176755;-0.1092099720646502
Low;3.999920001599968e-05;0.8482758620689655;2.167359479396956
Unknown;0.1099578008439831;0.4248366013071895;0.6940403377986951
Unknown;0.4834303313933721;0.1703703703703703;0.306504934173522
Control;0.0696386072278554;-0.4523809523809524;-0.6798288993009876
Unknown;0.878142437151257;0.0222222222222222;0.072042401841538
Unknown;0.4629507409851803;-0.1925925925925926;-0.3280683118598988
Medium;0.1505969880602388;-0.3717948717948718;-0.6295186560572911
Unknown;0.4207915841683166;0.2222222222222222;0.3529479659108874
Unknown;0.2833543329133417;-0.326797385620915;-0.4698804028398008
Unknown;0.0001199976000479;0.7692307692307693;1.4524219017791709
Unknown;0.0293594128117437;0.4959016393442623;0.8142115363142906
Unknown;0.8133037339253215;0.0158730158730158;0.1061155987982562
Control;0.4766304673906522;0.2397959183673469;0.2818014286434349
Unknown;0.0063998720025599;0.6444444444444445;1.303631104853605
Unknown;0.6706265874682507;0.1407407407407407;0.1859435015767375
Unknown;0.6622667546649067;0.0044444444444444;0.2208536688691639
Unknown;0.4580308393832123;0.1489361702127659;0.3258147903976597
Unknown;0.5143097138057239;0.1333333333333333;0.2624371579371412
Unknown;0.0033599328013439;0.6944444444444444;1.2485445073436958
Control;0.0698786024279514;0.4937343358395989;0.8128321289040753
Unknown;0.0131997360052798;0.5694444444444444;1.1569442323299646
Unknown;0.3477930441391172;0.2101449275362318;0.4121964185787339
Medium;0.0088398232035359;0.2227602905569007;0.8206847316363378
Unknown;0.0767984640307193;0.4420289855072464;0.7718452756047817
Unknown;0.9701805963880722;-0.0753246753246753;-0.0084245879750631
Medium;3.999920001599968e-05;0.8751902587519026;2.2274363135916238
Unknown;0.3110337793244135;0.25;0.4468373788048406
Medium;3.999920001599968e-05;0.8696369636963697;2.0300369171961146
Unknown;0.4864302713945721;-0.1698113207547169;-0.3011972554704894
Unknown;0.0792784144317113;0.4285714285714285;0.7011947551762204
Unknown;0.4086718265634687;0.217391304347826;0.3662312018068733
Unknown;0.4765504689906202;0.2355555555555555;0.3288622485484711
Unknown;0.4112717745645087;-0.28;-0.3567304719536608
Unknown;0.0560388792224155;0.456221198156682;0.764355374605091
Unknown;0.0432791344173116;-0.5111111111111111;-0.9259617799673632
Medium;0.3930721385572288;0.0269905533063427;0.2465498883229609
Unknown;0.2610347793044139;0.1904761904761904;0.4261276016581936
Unknown;0.0001599968000639;0.7158931082981715;1.3632323381342033
Unknown;0.9209815803683926;0.0;0.0470958801118042
Unknown;0.6659866802663946;0.0144927536231884;0.1867131172283261
Unknown;0.245355092898142;0.28;0.5516966565548092
Control;0.1957560848783024;-0.3006535947712418;-0.5563876077371237
Unknown;0.1385572288554229;0.56;0.713465615691103
High;0.4453510929781404;0.1257861635220125;0.341772294502176
Unknown;0.4859102817943641;0.144927536231884;0.3142992661637271
Unknown;0.4471110577788444;0.0732394366197183;0.2590848191100596
Unknown;0.6826263474730505;-0.1020408163265306;-0.1774360695900466
Unknown;0.1575568488630227;0.3410138248847926;0.560298741919935
Unknown;0.4711905761884762;0.2098765432098765;0.3142815151476488
Unknown;0.7710245795084099;0.0432098765432098;0.128388379876812
Unknown;0.4309113817723645;0.18;0.3515696469617946
Unknown;0.0116797664046719;-0.4897119341563786;-0.9229544957506624
Low;0.1849963000739985;-0.1333333333333333;-0.5611854843575546
Unknown;0.1358772824543509;0.3809523809523809;0.7038628193808154
Unknown;0.0177596448071038;0.5579710144927537;1.0570465516452994
Unknown;0.0937981240375192;-0.4420289855072464;-0.7540392375855334
Unknown;0.2068358632827343;-0.4844444444444444;-0.6153202629146524
Unknown;0.4556708865822683;-0.2177985948477751;-0.302413257512357
Unknown;0.8503029939401212;-0.03;-0.0976018678598134
High;7.999840003199936e-05;0.746031746031746;2.438511866236042
Unknown;0.5278694426111478;0.1476190476190476;0.2608195102985287
Unknown;0.0011999760004799;0.6893939393939394;1.2498163720350597
Unknown;0.6667866642667146;-0.0992647058823529;-0.1655892842663318
Unknown;0.5608687826243475;0.1527777777777778;0.2460896072941472
Low;0.0171596568068638;-0.5252747252747253;-0.8616394453066952
Unknown;0.6416271674566508;-0.1428571428571428;-0.1805228209399272
Unknown;0.7437851242975141;0.04;0.1545162574791692
Unknown;0.3513529729405412;0.2037470725995316;0.3779427777232123
Unknown;0.0265594688106237;0.5277777777777778;0.8683657945425178
Unknown;0.0575588488230235;0.4666666666666667;0.8240074563470697
Unknown;0.0331193376132477;0.5839598997493735;0.9715067621544036
High;0.0695586088278234;0.5288888888888889;0.8304277129859486
Unknown;0.0037999240015199;0.5679012345679012;1.3760767186040603
Unknown;0.0254394912101757;0.4925373134328358;0.8636823048544441
Unknown;0.8109437811243775;0.0634146341463414;0.0825126120964288
Medium;0.8040639187216255;0.0196078431372549;-0.1096876785539286
Control;0.4164316713665726;0.1538461538461538;0.3524222825881534
Unknown;0.1323573528529429;-0.4113475177304964;-0.6674297372628729
Unknown;0.2609547809043819;0.1833333333333333;0.5729196907558132
Unknown;0.5288694226115478;-0.1014492753623188;-0.2741794358512083
Unknown;0.2604347913041739;0.4666666666666667;0.5348727744983128
Low;0.8138637227255455;-0.0967741935483871;-0.0917217013636357
Unknown;0.8440631187376253;0.0074074074074074;0.1002234595462749
Unknown;0.6858262834743305;-0.09765625;-0.1564055294794474
Unknown;0.0168796624067518;0.6222222222222222;1.0451576122275694
Unknown;0.3095538089238215;0.25;0.4517357865310943
Unknown;0.6401471970560588;0.0144927536231884;0.2161275993499958
Unknown;0.0004799904001919;0.7407407407407407;1.5213819533187656
Unknown;0.6843063138737225;0.1007462686567164;0.1551732991233726
Unknown;0.1397572048559028;0.326797385620915;0.6306107453692916
Unknown;0.874222515549689;-0.0592592592592592;-0.0684637706545577
Unknown;0.0438791224175516;-0.4444444444444444;-0.9021327392949328
Unknown;0.2370752584948301;0.3188405797101449;0.5143956797487023
Unknown;0.0401591968160636;0.4708994708994709;0.7797059751634963
Low;0.5583488330233395;-0.1428571428571428;-0.2544363374048515
Unknown;0.7661446771064578;0.0625;0.1271682796137629
Unknown;0.756664866702666;0.1304347826086956;0.1356970257169709
Unknown;0.2605547889042219;-0.2444444444444444;-0.5471934425376505
Unknown;0.114877702445951;0.3157894736842105;0.5662069414956198
Unknown;0.51034979300414;0.2074074074074074;0.2160787967943619
Unknown;0.0402391952160956;0.475177304964539;0.9259597344134116
Unknown;0.7313853722925542;0.0714285714285714;0.1440103087255902
High;0.7903841923161536;0.1823899371069182;0.1092745590030563
Unknown;0.1101177976440471;0.4248366013071895;0.6763507154766226
Unknown;0.2904741905161896;0.2962962962962963;0.4630667766520098
Unknown;0.6326673466530669;-0.1180555555555555;-0.2082979751902347
Unknown;0.3008339833203336;-0.2415584415584415;-0.4194063438385687
Unknown;0.3177536449271014;-0.2810457516339869;-0.4362991650650791
Unknown;0.7281054378912422;0.0952380952380952;0.1599961033260424
Medium;3.999920001599968e-05;0.8325581395348837;1.8323297205098172
Unknown;0.0227995440091198;0.5407407407407407;0.9804751176087392
Unknown;0.2377152456950861;0.2758620689655172;0.4754737261857407
Unknown;0.8984620307593848;-0.0384615384615384;-0.0460155754112496
Unknown;0.3878722425551489;-0.2371794871794871;-0.3798429987753209
Unknown;0.2334753304933901;0.2857142857142857;0.4771290096154598
Unknown;0.366632667346653;0.1871921182266009;0.370494014130629
Control;0.5997480050398992;-0.1764705882352941;-0.2396949593229423
Unknown;0.0865582688346233;0.4545454545454545;0.6878883859318189
Unknown;0.1040379192416151;-0.3611111111111111;-0.7400011098396501
Unknown;0.0135597288054238;0.5666666666666667;0.9722480385001224
Unknown;0.2585148297034059;0.242063492063492;0.4240270384478833
Unknown;0.0682386352272954;0.4184397163120567;0.820781546235704
Low;0.1844363112737745;-0.2389937106918239;-0.5738046432633681
Unknown;0.3808723825523489;-0.2767295597484276;-0.3804155167975289
Control;0.6537069258614828;0.1309523809523809;0.1397245538371306
Control;0.0067598648027039;-0.6405529953917051;-1.0486722001533642
Low;0.2387152256954861;0.3023909985935302;0.4156397827509499
Low;0.127157456850863;-0.2052238805970149;-0.5644991011480993
Unknown;0.6483070338593229;-0.1466666666666666;-0.189686695951306
Unknown;0.6512269754604908;0.0744186046511627;0.1539031747534176
Unknown;0.3307533849323013;0.2091836734693877;0.398885989610663
Unknown;0.2571148577028459;0.2452830188679245;0.5058945681593456
Control;0.4017919641607168;-0.2681159420289855;-0.3746628935879691
Unknown;0.4614307713845723;0.1111111111111111;0.3242000203174394
Unknown;0.0318793624127517;-0.5705128205128205;-0.9576681288852578
Unknown;0.0080798384032319;0.4895833333333333;0.931284187225082
Control;0.7736645267094658;0.21580547112462;0.0930518118206846
Unknown;0.5708285834283314;-0.1111111111111111;-0.2561933403494774
Low;0.238555228895422;0.291005291005291;0.4798962060566427
Unknown;0.1985560288794224;-0.336734693877551;-0.5176620412516248
Unknown;0.0627587448251035;-0.5031446540880503;-0.8354308843242444
Unknown;0.0665186696266074;0.4926108374384236;0.7359202461013398
Control;0.0024799504009919;0.7066666666666667;1.3086481738889064
Unknown;0.5383892322153557;0.1037037037037037;0.2814135588153788
Low;0.0165196696066078;-0.5320197044334976;-0.9140415478140832
Unknown;0.0020399592008159;0.7193877551020408;1.2630386164786904
Unknown;0.2152756944861102;0.2524271844660194;0.3836909177786033
Unknown;0.0363592728145437;0.4708994708994709;0.8731051409319948
Unknown;0.0780784384312313;0.4027777777777778;0.7584206680646196
Control;0.509429811403772;-0.1346153846153846;-0.2920817255583878
Unknown;3.999920001599968e-05;-0.8285714285714286;-1.1051087549402108
Medium;0.0727985440291194;0.5376623376623376;0.7599723952874834
Unknown;0.8017839643207136;-0.12;0.1084085847325705
Unknown;0.6705865882682346;0.0759075907590759;0.1335278854715189
Unknown;0.9702205955880884;-0.07;-0.0128349966716907
Unknown;0.6661866762664747;-0.1216931216931216;-0.1740451048584291
Unknown;0.3435931281374372;0.2430555555555555;0.4139217743495519
Control;0.0003599928001439;0.8680555555555556;1.8413235779490795
Unknown;0.500629987400252;-0.15;-0.2510648546969238
Unknown;0.8929821403571928;-0.0559701492537313;-0.0464338014816706
Unknown;0.0935581288374232;0.3423423423423423;0.7424615553188416
Control;0.4167116657666846;-0.0705128205128205;-0.3622755418732673
Medium;3.999920001599968e-05;0.8202614379084967;2.412613278680955
Unknown;0.2749145017099658;0.2755102040816326;0.4434081797619716
Medium;0.0237195256094878;-0.4402985074626865;-0.7943982374504651
Low;0.3382732345353093;0.1698113207547169;0.4173988010953326
Unknown;0.7352652946941061;0.036231884057971;0.1478483024347598
Unknown;0.9710605787884242;-0.0217391304347826;-0.0059074711986593
Unknown;0.241555168896622;0.238095238095238;0.4171283617357851
Medium;0.4308313833723325;0.4466666666666666;-0.5132253693798192
Unknown;0.4852302953940921;0.1636363636363636;0.283386341633765
Unknown;0.5905081898362032;-0.1911111111111111;-0.2470438711012883
Unknown;0.3910321793564129;0.2138364779874214;0.379469102551616
Unknown;0.0037599248015039;0.5952380952380952;1.0815158503695783
Low;0.2335953280934381;0.2767857142857143;0.4858975341369769
Low;0.6096278074438511;0.1166666666666666;-0.2439204871645073
High;0.9438211235775285;-0.064516129032258;-0.0393183429340553
Unknown;0.4260314793704126;-0.2448979591836734;-0.3525115264037528
Unknown;0.1115977680446391;-0.44;-0.7790391679055244
Unknown;0.0474390512189756;0.5333333333333333;0.8523146483453128
Unknown;0.370712585748285;0.2666666666666666;0.3678286428021545
Unknown;0.0027199456010879;0.5568181818181818;0.983465241745952
Unknown;0.989140217195656;0.0;-0.0026064594620535
Unknown;0.372672546549069;0.2624113475177305;0.3888947742517232
Low;0.8450230995380092;0.0845070422535211;0.0663050431262196
Unknown;0.2090758184836303;0.2873134328358209;0.4718899533118232
Medium;0.0005199896002079;-0.5824175824175825;-0.7757213817381272
Unknown;0.0139997200055998;0.5850340136054422;1.0234036188827629
Unknown;0.1117977640447191;0.4642857142857143;0.7570439847387503
Unknown;0.0021599568008639;0.645320197044335;1.2394181744491986
Unknown;0.4325513489730205;0.2266666666666666;0.3767589342040007
Unknown;0.7094658106837863;-0.1111111111111111;-0.1529751288970925
Unknown;0.0314793704125917;-0.5763888888888888;-0.9599159191792868
Unknown;0.376032479350413;-0.2340425531914893;-0.3891492345975336
Unknown;0.3103937921241575;-0.201058201058201;-0.4111694466563402
Unknown;0.4769904601907961;-0.2040816326530612;-0.3109181855692857
Unknown;0.4083118337633247;0.2444444444444444;0.3515984107818916
Unknown;0.7469850602987941;-0.1288888888888889;-0.1565229911620915
Unknown;0.0517989640207195;-0.4591194968553459;-0.8600833056237974
Unknown;0.5215095698086039;-0.1714285714285714;-0.257763242861031
Control;0.1305573888522229;0.3576923076923077;0.5803842098220993
Unknown;0.7821843563128738;-0.1358024691358024;-0.1093666885768771
Control;0.0377992440151197;-0.5660377358490566;-0.9206426271657676
Unknown;0.1921161576768464;0.34375;0.4943007791779129
Unknown;0.0695586088278234;0.3333333333333333;0.6127078667360105
Unknown;0.3603127937441251;0.2155844155844155;0.3746456463733716
Unknown;0.243035139297214;0.2978723404255319;0.5126378477663914
Medium;0.0436391272174556;-0.336734693877551;-0.7861871410267887
Unknown;0.9551808963820724;0.0486111111111111;0.0231020966332761
Control;0.1081578368432631;-0.3386243386243386;-0.6365299454778943
Unknown;0.0015599688006239;0.7543859649122807;1.3561931404195622
Unknown;0.4227515449691006;-0.2733333333333333;-0.3520184963535132
Unknown;0.0254394912101757;-0.5056689342403629;-0.8876315001068753
Low;0.1471970560588788;0.4044444444444444;0.68586689294233
Unknown;0.0319993600127997;-0.4736842105263157;-0.9081118089666574
Unknown;0.0533589328213435;0.4827586206896552;0.7860854079895463
Control;0.4521509569808604;-0.1134751773049645;-0.340580902478519
Low;0.1703965920681586;-0.3075060532687651;-0.5443436919730645
Low;3.999920001599968e-05;0.9714285714285714;2.448777155508917
Unknown;0.1758364832703346;-0.2707509881422925;-0.4306321129911111
Low;7.999840003199936e-05;0.510548523206751;2.083892201604612
Unknown;0.6280674386512269;0.1168831168831168;0.1989083604353798
Unknown;0.3045939081218375;0.2266666666666666;0.4840139157295168
Unknown;0.6772664546709066;-0.1075268817204301;-0.184292130817903
Control;0.1548769024619507;-0.2487512487512487;-0.3039091457576402
Unknown;0.7128657426851462;0.0066666666666666;-0.1592070133447627
Unknown;0.0099998000039999;0.7054263565891473;1.1598090530316547
Control;0.7707845843083139;-0.01953125;-0.1253395112570918
Unknown;0.0623187536249275;0.4629629629629629;0.8014594956875956
Unknown;0.0438391232175356;0.4782608695652174;0.8634777304785239
Low;0.3971920561588768;0.2340425531914893;0.3690284280294496
Unknown;0.2166756664866702;0.3741496598639456;0.5436120336415677
Unknown;0.3249935001299974;-0.3133333333333333;-0.4322772227215088
Unknown;0.0553988920221595;0.3914285714285714;0.6533658451767282
Unknown;0.4343913121737565;-0.2106537530266344;-0.3121187289411148
Unknown;0.2115557688846223;0.2986111111111111;0.5453114411811042
Unknown;0.2869942601147977;0.2307692307692307;0.4663618848145442
Medium;0.0791584168316633;0.4844444444444444;0.837028387598997
Unknown;0.3401931961360773;0.2063492063492063;0.3834876225374103
Unknown;0.126477470450591;0.4044444444444444;0.7437423348199756
Unknown;0.0259994800103997;-0.4516129032258064;-0.9310913867254678
Unknown;0.5275894482110358;-0.1666666666666666;-0.2747910450184371
Unknown;0.2017559648807023;0.2836879432624113;0.5605854817118486
Control;3.999920001599968e-05;0.9021739130434784;2.793664232198348
Unknown;0.0007999840003199;0.7666666666666667;1.384221460571638
Unknown;0.7952240955180896;-0.0044444444444444;-0.1081074230100465
High;0.4386712265754685;-0.112781954887218;-0.3133663026759736
Unknown;0.0433191336173276;-0.5123456790123457;-0.889880264322681
Control;0.0006399872002559;0.8115942028985508;1.6115281603939602
Unknown;0.1749165016699666;0.2888888888888888;0.5958738920012824
Unknown;3.999920001599968e-05;0.845;1.809042573962286
Unknown;0.9371012579748405;0.0066666666666666;-0.027721066140853
Unknown;0.7303053938921221;0.1573849878934624;0.1331490949616937
Unknown;0.1129177416451671;0.2887788778877888;0.4868243344144428
Unknown;0.5945081098378032;-0.0927318295739348;-0.2139405885211401
Control;0.0371592568148637;0.5333333333333333;0.9226580730652828
Unknown;0.0121997560048799;0.4444444444444444;0.9175589980445223
Unknown;0.6162676746465071;-0.1532467532467532;-0.1965242007196704
Unknown;0.752784944301114;-0.0839002267573696;-0.126572513477283
Control;0.3776724465510689;0.3952380952380952;0.3510047001911306
Unknown;0.5686686266274674;0.1636363636363636;0.2361165152104686
Unknown;0.1985560288794224;0.3197278911564626;0.559398216785155
Unknown;0.7823843523129538;-0.0921985815602836;-0.1225304648375698
Medium;0.2907941841163177;-0.2483660130718954;-0.4583176028136513
Unknown;0.7861042779144417;0.0788177339901477;0.1095766188548975
Unknown;0.3953120937581248;-0.2561576354679803;-0.3473813338831485
Unknown;0.0491990160196796;-0.438423645320197;-0.7997143868007435
High;0.0605187896242075;0.4489795918367347;0.8190683029496432
Unknown;0.2659946801063979;0.3244444444444444;0.5319235761838055
Unknown;0.3925121497570049;0.2767295597484276;0.3717607720275944
Unknown;0.1078378432431351;0.3255269320843091;0.6542031126018976
Unknown;0.9013819723605528;-0.0246305418719211;-0.0557134266266577
Unknown;0.4306313873722525;0.1904761904761904;0.3463853167351267
Unknown;0.6729065418691627;-0.1194968553459119;-0.1820628399550874
Control;0.1281574368512629;0.4636591478696741;0.6383242913328884
Unknown;0.0722785544289114;0.3904761904761905;0.776257753783717
Unknown;0.495390092198156;-0.1702127659574468;-0.2909043740543549
Unknown;0.3949121017579648;-0.2101449275362318;-0.3736275731902795
Unknown;0.9269414611707766;0.0769230769230769;0.0471427513906306
Unknown;0.0439591208175836;-0.5555555555555556;-0.9812778796565116
Unknown;0.0351592968140637;0.4302325581395348;0.716555628493521
Unknown;0.0003599928001439;0.8368794326241135;1.4027666820174036
Unknown;0.755144897102058;-0.0585480093676815;-0.1141379577522712
Unknown;0.2636347273054539;0.1380145278450363;0.4482194198645944
Unknown;0.757704845903082;0.0518518518518518;0.1421368016435179
Unknown;0.5224295514089718;0.1503267973856209;0.2900745300541621
Unknown;0.4088718225635487;-0.2622222222222222;-0.3933496929497072
High;0.0021599568008639;0.6304347826086957;1.5061201892670468
Unknown;0.5055898882022359;0.1635220125786163;0.3028099501063611
Unknown;0.6510669786604268;-0.1076388888888889;-0.1633251894380567
Unknown;0.5382692346153077;-0.1573849878934624;-0.2516227588197227
Control;0.0184396312073758;-0.6258503401360545;-0.9419767038616264
Unknown;0.0006799864002719;-0.75177304964539;-1.7922442578135285
Unknown;0.2194756104877902;0.2238392238392238;0.3615478347678099
Unknown;0.122397552048959;0.4186046511627907;0.6953726213090482
Unknown;0.7322253554928901;0.0389610389610389;0.1518805594152014
Unknown;0.4885102297954041;-0.1985815602836879;-0.294416294472699
Unknown;0.4763904721905562;-0.2041666666666666;-0.268204717060069
Low;0.0335993280134397;0.4915254237288136;0.9380178034182604
Unknown;0.623427531449371;0.1290322580645161;0.2057200419521625
Low;0.3084738305233895;0.1269841269841269;0.5921904700281075
Unknown;0.3343533129337413;0.2340425531914893;0.4268363997775801
Unknown;0.3440731185376292;0.1619047619047619;0.4301280913440287
Unknown;0.2603947921041579;0.3043478260869565;0.5023672141669774
Unknown;0.4274314513709726;0.2307692307692307;0.352492682222696
Unknown;0.8128237435251295;0.0444444444444444;0.1041355094389495
Low;0.0210395792084158;0.5347222222222222;1.1255709277111965
Unknown;0.1430371392572148;0.3188405797101449;0.63517313242231
Low;3.999920001599968e-05;0.7388888888888889;2.0052497941229994
Unknown;0.3516329673406532;0.2074074074074074;0.416225815216987
Unknown;0.7764244715105698;0.0797101449275362;0.1243397777505966
Low;0.0025999480010399;-0.7051282051282052;-1.272674761629231
Unknown;0.2189956200875982;0.2839506172839506;0.5396293910301891
Control;0.1445171096578068;-0.1876750700280112;-0.4822983020982571
Unknown;3.999920001599968e-05;0.7835820895522388;1.546271934699882
Unknown;0.0097198056038879;0.3894736842105263;0.8500763304944451
Control;0.1760364792704146;0.2993197278911564;0.6055745876704076
Unknown;0.2989540209195816;-0.3333333333333333;-0.4568106682000267
Unknown;0.8912621747565048;0.0476190476190476;-0.0493802729358356
Unknown;0.3333933321333573;-0.3378684807256236;-0.388703491216898
Unknown;0.5679886402271954;-0.1555555555555555;-0.250937581374785
Control;0.2728345433091338;0.2533333333333333;0.4836237566300959
Unknown;0.618067638647227;0.1111111111111111;0.2213110189692853
Unknown;0.9466210675786484;-0.033033033033033;0.0290774930797726
Unknown;0.3147937041259175;0.1693121693121693;0.4343384747921269
Unknown;0.5665886682266355;0.1111111111111111;0.2495626038025558
Unknown;0.7319853602927942;0.0;-0.1396406344845426
Unknown;0.0429591408171836;0.4039408866995074;0.8088686431938621
Unknown;0.9356612867742644;-0.04;-0.0284839945808204
Unknown;0.0453590928181436;-0.48;-0.9131443021322384
Unknown;0.1485570288594228;0.3407407407407407;0.6431446316855275
Unknown;0.490030199396012;-0.2127659574468085;-0.3018041007934998
Unknown;0.120997580048399;0.3317191283292978;0.6168615701912357
Unknown;0.8233035339293214;0.0423280423280423;0.0829334539215543
Unknown;0.1557968840623187;0.3508771929824561;0.628056919259882
Low;0.2792207792207792;0.3333333333333333;0.683586694308152
Low;0.0014799704005919;-0.6755447941888619;-1.3602081112815705
Unknown;0.0010399792004159;0.6598079561042524;1.1220049402001817
Unknown;0.499590008199836;-0.171912832929782;-0.269578873358224
Control;0.0090798184036319;0.6051948051948052;1.0765680363677077
Control;0.9857002859942802;-0.2106537530266344;-0.0350707722828628
Unknown;0.7933041339173217;-0.0847457627118644;-0.0973225986728482
Low;0.0059598808023839;0.6557971014492754;1.1814672795010968
Unknown;0.7178256434871303;-0.0138888888888888;0.1359945757126954
High;0.0434791304173916;-0.5012987012987012;-0.8045355219559188
Unknown;0.3843523129537409;-0.261437908496732;-0.3791921446026836
Unknown;0.1814763704725905;0.3396226415094339;0.5825492879113228
Unknown;0.0001199976000479;0.76953125;1.541250094416404
Unknown;0.741665166696666;0.1007025761124121;0.1426487477269191
Unknown;0.0925581488370232;0.3611111111111111;0.7277556070827061
Unknown;0.4836703265934681;-0.1319444444444444;-0.2988800411875147
Unknown;0.9703629703629704;0.0;0.0249179262587202
Unknown;0.0001599968000639;-0.775;-1.5093540685435964
Unknown;0.7666246675066498;-0.1153846153846153;-0.1016757712920415
Unknown;0.368752624947501;-0.3414043583535109;-0.3571342475032304
Unknown;0.2099958000839983;-0.3271604938271605;-0.5401806722385092
Unknown;0.3236335273294534;0.2811059907834101;0.3968502884292331
Medium;0.5542289154216916;-0.1377777777777777;-0.2721168042926952
Unknown;0.5613887722245555;0.1631205673758865;0.2558466303056499
High;0.2023159536809264;0.21875;0.4848482066817621
Unknown;0.0006799864002719;0.6255707762557078;1.1804840870883164
Unknown;0.5395492090158197;0.0987654320987654;0.2793609560492901
Unknown;0.5565488690226196;0.0857946554149085;0.2101163601648923
Unknown;0.0868382632347353;0.5625;0.909477775625338
Unknown;0.5533089338213236;0.1565217391304348;0.2939174907420846
Unknown;0.1032779344413111;0.4230769230769231;0.7185812610544293
Unknown;0.0555588888222235;0.4786324786324786;0.6881447194567364
Unknown;0.2027559448811023;0.2898550724637681;0.5588502638718295
Unknown;0.0222795544089118;0.5723270440251572;0.978677856406906
Unknown;0.6805463890722185;-0.1288888888888889;-0.1934698894221919
Unknown;0.1311173776524469;0.2471655328798186;0.6114900327355629
Unknown;0.0555988880222395;-0.5347222222222222;-0.8220823134638146
Unknown;0.5537889242215156;0.1363636363636363;0.289210078634703
Unknown;0.8058638827223455;-0.0780141843971631;-0.1009369121290877
Control;0.0001199976000479;0.8446115288220551;1.864087181641484
Unknown;0.0050398992020159;0.6956521739130435;1.2350064707855228
Unknown;0.0053998920021599;0.6481481481481481;1.190821169706647
Unknown;0.0003999920001599;0.6355555555555555;1.2473350390388196
Unknown;0.0317593648127037;-0.5579710144927537;-0.9829595834964964
Unknown;0.7138257234855303;0.1560283687943262;0.149368361939519
Unknown;0.987740245195096;0.0204081632653061;0.0122565498063137
Control;0.5948681026379472;0.1458333333333333;0.2320523133623579
Unknown;0.124917501649967;-0.3383458646616541;-0.633082399178027
Unknown;0.374032519349613;-0.22265625;-0.3373306609449474
Unknown;0.1428571428571428;0.6666666666666666;1.1130129969216431
Unknown;0.116357672846543;0.3407407407407407;0.6767098274263298
Unknown;0.2026359472810543;0.2898550724637681;0.5648049067821709
Unknown;0.6863462730745385;-0.1555555555555555;-0.1913697982812113
Unknown;0.7426251474970501;-0.1528822055137844;-0.1233922552521828
Unknown;0.120557588848223;-0.3694581280788177;-0.6296405515552239
Unknown;0.2921141577168457;-0.2884615384615384;-0.4543481612334971
Unknown;0.0329593408131837;-0.5534591194968553;-0.936873237224558
Unknown;0.1452370952580948;0.3680555555555556;0.6235859268161787
Unknown;0.1859162816743665;0.3386243386243386;0.53124070744139
Unknown;0.2336353272934541;-0.3511111111111111;-0.56633275031625
High;0.1957160856782864;0.3856209150326797;0.56686217301203
Unknown;0.7999840003199936;-0.1025641025641025;-0.0968485606726055
Unknown;0.2092758144837103;0.2978723404255319;0.5469319435938877
Unknown;0.0064798704025919;0.6419753086419753;1.1940687203514329
Unknown;0.630507389852203;-0.13125;-0.1265874355332439
Unknown;0.5895082098358033;0.1666666666666666;0.2129544739749121
Control;0.0043999120017599;0.6;1.2875418407673649
Control;0.0057998840023199;-0.5857142857142857;-1.013727941528449
Low;0.0039599208015839;-0.7333333333333333;-1.3386731762318906
Unknown;0.0151196976060478;0.62;1.0641649124945791
Unknown;0.0073598528029439;0.6711111111111111;1.210851198323051
Unknown;0.8445031099378012;-0.0582010582010582;-0.0743449141538948
Unknown;0.0938381232375352;-0.31640625;-0.638169133291507
Unknown;0.0646787064258714;0.3181818181818182;0.5882935635510502
Unknown;0.2653946921061579;-0.3259259259259259;-0.4883648056012105
Unknown;0.4607907841843163;0.0909090909090909;0.2470817499168978
Unknown;0.5154696906061879;0.2264150943396226;0.2795619082940228
Unknown;0.1511569768604627;-0.3900709219858156;-0.6454200322878495
Control;0.0157996840063198;0.5849056603773585;1.1073347107037537
Unknown;0.1097978040439191;0.30859375;0.5929855028174427
Unknown;0.0833183336333273;0.39453125;0.6730089303519815
Unknown;0.2613547729045419;0.3071895424836601;0.4875271239519362
Unknown;0.4079918401631967;0.1604938271604938;0.2959156315547955
Unknown;0.0067998640027199;0.5880281690140845;1.0374087432246633
Unknown;0.8160636787264255;-0.0844444444444444;-0.0943990943934681
Unknown;0.0526389472210555;0.5897435897435898;0.7998003858747846
Unknown;0.0059998800023999;0.6415094339622641;1.2069390431450366
Unknown;3.999920001599968e-05;0.8253968253968254;1.4406200267847025
Control;0.0971980560388792;0.3317191283292978;0.6755916722439513
Medium;0.0004799904001919;0.8141025641025641;1.4256954194364877
High;0.4553508929821404;-0.1333333333333333;-0.3139786839718807
Unknown;0.0301593968120637;0.4928571428571429;0.8102956263632685
Unknown;0.3498330033399332;0.2765957446808511;0.4123501602773555
Unknown;0.6481070378592428;0.12;0.2231619797883888
Unknown;0.3240335193296134;-0.1792207792207792;-0.4001232001373606
Unknown;0.0141197176056478;-0.5434782608695652;-0.9444295525495487
Unknown;0.1075578488430231;-0.4027777777777778;-0.7282579802310856
Unknown;7.999840003199936e-05;0.6903096903096904;1.2974780501575685
Medium;0.8003039939201216;0.1178571428571428;-0.1206094597520477
Unknown;0.364352712945741;-0.2679738562091503;-0.3950150461692591
Unknown;3.999920001599968e-05;0.8873239436619719;1.9696326969462024
Unknown;0.1529569408611827;0.4133333333333333;0.6699175293206863
Low;0.114797704045919;-0.3836477987421384;-0.6712889471053133
High;0.1378372432551348;-0.2971014492753623;-0.6430564434029414
Unknown;0.0026799464010719;0.689795918367347;1.2989266656656286
Low;0.2141157176856463;-0.1180555555555555;-0.5288315240070547
Unknown;0.3659926801463971;-0.2779220779220779;-0.3690681456820052
Unknown;0.8518629627407451;-0.0192307692307692;0.0927457464526855
Unknown;0.0002399952000959;0.8333333333333334;1.588708849336573
Unknown;0.2677546449071019;-0.3407407407407407;-0.4944251078872992
Unknown;0.5271494570108598;-0.1185185185185185;-0.2766747495875049
Unknown;0.2693546129077418;0.2530864197530864;0.4807361652467297
Unknown;0.0152396952060958;-0.6666666666666666;-1.058682544154122
Unknown;0.3298734025319493;-0.2645502645502645;-0.3970636164872372
Unknown;0.9223415531689366;0.0577777777777777;0.0381031059461152
Unknown;0.0019599608007839;0.575;1.0152793668475992
Unknown;0.4737105257894842;0.2355555555555555;0.3511318493569533
Low;0.0009599808003839;0.8503401360544217;1.6417994542034695
Unknown;0.0172796544069118;0.5583684950773559;0.8795230270410985
Unknown;0.3041139177216456;-0.2777777777777778;-0.4524360940096191
Unknown;0.3010339793204136;-0.2296296296296296;-0.4520645345055612
Unknown;0.0032399352012959;0.6078431372549019;1.1822931551159002
Unknown;0.7749045019099619;0.0875420875420875;0.101607994592971
Unknown;0.5150296994060118;-0.2;-0.2890547119124106
Low;3.999920001599968e-05;0.8454332552693209;2.3023562573370406
Unknown;0.8583428331433371;0.1822222222222222;0.0784111702867969
Unknown;0.1449571008579828;0.44;0.6328867902801816
Unknown;0.3473930521389572;0.2553191489361702;0.4133571094610722
Unknown;0.7008259834803304;0.0992907801418439;0.1741261745682897
Unknown;3.999920001599968e-05;0.817283950617284;1.5473885444731068
Unknown;0.9375412491750164;-0.0857142857142857;-0.0278603080339122
Control;0.0268394632107357;0.6355555555555555;1.058457091551804
Unknown;0.6028679426411472;0.1632653061224489;0.2320683254091577
Unknown;0.4419911601767964;0.0939759036144578;0.260616928212252
Low;0.0057598848023039;-0.6086956521739131;-1.0927003990136557
Unknown;0.0217995640087198;0.47953216374269;0.799278148237594
Unknown;0.5364292714145718;0.2727272727272727;0.2796837209102256
Unknown;0.7790644187116258;-0.1041666666666666;-0.1185402418085734
High;0.1613167736645267;-0.3081761006289308;-0.6034553204401997
Unknown;0.887022259554809;0.015625;0.0593271867603306
Unknown;0.2355152896942061;-0.3840579710144927;-0.5298992444503056
Unknown;0.4425511489770204;-0.1836734693877551;-0.3153003094321743
Unknown;0.3410331793364132;-0.2753623188405797;-0.4164161042296775
High;0.0263994720105597;0.36;0.8373102508180335
Unknown;0.1381572368552629;0.3851851851851852;0.647250896243121
Unknown;0.8379032419351613;-0.0541871921182266;-0.0804652652624102
Unknown;3.999920001599968e-05;0.8886198547215496;1.976284580428588
Unknown;0.1921561568768624;-0.3617021276595745;-0.5858637841321223
Unknown;0.6926661466770665;-0.0523809523809523;-0.157488819787673
Unknown;0.5568688626227476;0.1458333333333333;0.2579103486953716
Unknown;0.0299594008119837;-0.5466666666666666;-0.9862394910193852
Control;3.999920001599968e-05;0.775175644028103;2.567657852261903
Unknown;0.0719985600287994;0.3361053361053361;0.5370811140330601
Unknown;0.8539429211415772;0.0384615384615384;0.0866378860997372
Unknown;0.996620067598648;0.0687830687830687;0.0023155852008102
Unknown;0.0701185976280474;0.48;0.7983965308558111
Unknown;0.4257914841703166;-0.2391304347826087;-0.3504399131232083
Unknown;0.0841983160336793;0.4016172506738544;0.7005989821752489
Unknown;0.6370272594548109;0.0987654320987654;0.2054667001308494
Low;0.2564748705025899;-0.2941176470588235;-0.4862934430434234
Unknown;0.3984320313593728;-0.2;-0.4014328512550734
Unknown;0.2210755784884302;-0.32;-0.5362585744330447
Unknown;0.0364792704145917;-0.477124183006536;-0.9575047352829776
Unknown;0.0938381232375352;0.4074074074074074;0.7180966010845435
Unknown;0.0733585328293434;0.4184397163120567;0.790963142916577
Unknown;0.1965160696786064;0.3550724637681159;0.5647126217577854
High;0.7274254514909702;0.0072639225181598;-0.1507764309789802
Unknown;0.0042399152016959;0.4864197530864197;0.9832520134040962
Control;0.4034319313613728;-0.3461538461538461;-0.3633676355914285
Unknown;0.3233135337293254;-0.2340425531914893;-0.4367347476847021
Unknown;0.8459430811383772;-0.1134751773049645;-0.0789373748877965
Unknown;0.0182796344073118;0.5488721804511278;0.9321465619643112
Unknown;0.0235995280094398;0.4736842105263157;0.9312760625856544
Unknown;0.4506709865802684;0.2711111111111111;0.3694069950701582
Unknown;0.999820003599928;-0.0354609929078014;-0.0118903178667712
Unknown;0.1691566168676626;-0.3265306122448979;-0.6055404629495332
Unknown;0.6441471170576588;-0.1138211382113821;-0.1967403009276131
High;0.6161876762464751;-0.1182266009852216;-0.2070156969257532
Unknown;0.244515109697806;-0.2244897959183673;-0.5103174152611231
High;0.114277714445711;0.9148936170212766;1.0383576022130947
Unknown;0.1668366632667346;-0.242798353909465;-0.4874862494646464
Unknown;0.0869182616347673;-0.4636363636363636;-0.8336888624183868
Control;0.2846343073138537;0.3076923076923077;0.4699171709746254
Unknown;0.2760344793104138;-0.3688888888888889;-0.5265547818158687
Unknown;0.495830083398332;0.1178571428571428;0.2586102149638245
Unknown;0.9750604987900242;0.0357142857142857;-0.0113673788697034
Unknown;0.0317993640127197;-0.5;-1.0324100995236194
Unknown;0.1962760744785104;0.3529411764705882;0.571012224088128
Unknown;0.4293914121717566;0.1746031746031746;0.3263042344489641
Unknown;0.4736305273894522;-0.2113821138211382;-0.3160460730666812
Unknown;0.3433531329373412;-0.1944922547332186;-0.2765914306434814
Unknown;0.5722685546289075;-0.2088888888888889;-0.2572607853440339
High;0.0219995600087998;0.5380116959064327;0.8785740407091377
Control;0.0072398552028959;-0.654320987654321;-0.9930334627579908
Unknown;0.0010799784004319;0.7644110275689223;1.2765989523481718
Unknown;0.621227575448491;-0.2051282051282051;-0.2061816378547726
Low;0.0004399912001759;0.7943262411347518;1.7943951179424866
Unknown;0.5109097818043639;0.0844444444444444;0.3152843162325217
Unknown;0.4731505369892602;0.16;0.3116107519651416
Unknown;0.5385092298154037;0.1895424836601307;0.2719791744461496
Unknown;0.1390772184556309;-0.3666666666666666;-0.6572617363933556
Unknown;0.0478390432191356;0.4211248285322359;0.6956665462015298
Control;0.1724765504689906;-0.3134920634920635;-0.2538324240604307
Unknown;0.8531029379412411;-0.0557491289198606;-0.0516664119531657
Low;0.3293534129317413;-0.3072727272727272;-0.3211874951725239
Unknown;0.4210715785684286;0.173469387755102;0.3266890077303264
Unknown;0.0079198416031679;0.6453900709219859;1.1755343454192952
Unknown;0.0641987160256794;0.4680851063829787;0.8395198238738222
Low;0.0371592568148637;0.4613583138173302;0.8401218289171
Unknown;0.121437571248575;0.3703703703703703;0.6141990839681103
Unknown;0.1378372432551348;0.3925925925925926;0.6276208225294748
Unknown;0.2701145977080458;0.3141025641025641;0.4811524591548059
Unknown;0.2279554408911821;0.25;0.453594210274012
Unknown;0.0007199856002879;0.723404255319149;1.5792211488001036
Low;0.4064318713625727;-0.0797101449275362;-0.3734143023056629
Unknown;0.0887582248355032;0.2948148148148148;0.5945874603860594
Unknown;0.0006799864002719;0.6068965517241379;1.1381967981797865
Unknown;0.3835523289534209;0.1377777777777777;0.4241859251638183
Unknown;0.622507549849003;-0.1581632653061224;-0.1991570147413656
Unknown;0.2215555688886222;-0.270233196159122;-0.4279493697485142
Unknown;0.629427411451771;-0.130718954248366;-0.209250640246013
Unknown;0.5563488730225395;0.1428571428571428;0.2428846386036151
Control;0.2703145937081258;0.3717948717948718;0.483723220513444
Unknown;0.5177096458070839;0.1428571428571428;0.267436741976423
Unknown;0.9857002859942802;0.0022675736961451;0.0101298504812521
Unknown;0.0839583208335833;0.4150943396226415;0.765950017906505
Unknown;0.9915001699966;-0.0133333333333333;0.0068307279438532
Unknown;0.0681986360272794;0.4423076923076923;0.7649556554596894
Unknown;0.0016399672006559;0.7301587301587301;1.2821504543919555
Unknown;0.8892222155556889;-0.0714285714285714;-0.0504264937369505
Unknown;0.119957600847983;0.4183673469387755;0.6427344598866283
Unknown;0.6035079298414032;0.1296296296296296;0.2295351323745003
Control;0.2072358552828943;-0.3492063492063492;-0.5086574800309367
Unknown;0.1907561848763024;0.3851851851851852;0.5760982824296693
Unknown;0.0179996400071998;-0.6111111111111112;-1.0511946708098865
Unknown;3.999920001599968e-05;0.8163452708907254;1.795357686497001
Unknown;0.9553808923821524;-0.108695652173913;-0.0126718685587017
Unknown;0.9765004699906;-0.0755555555555555;-0.0134009771767676
Unknown;0.0341593168136637;0.5481481481481482;0.96719887224065
Unknown;0.0716385672286554;-0.4930555555555556;-0.6898252712423478
Medium;0.0239195216095678;-0.5177304964539007;-0.8909027687279157
Medium;0.3186336273274534;0.3525641025641026;0.4364443781914357
Unknown;0.3777924441511169;-0.2345679012345679;-0.3843136847052886
Control;0.0001999960000799;0.8823529411764706;2.334506004324172
Control;0.0927581448371032;-0.5408805031446541;-0.7410028414984462
Unknown;0.1938361232775344;0.2977941176470588;0.4830175205000928
Unknown;0.2379552408951821;0.2336265884652981;0.3749606689931242
Medium;0.0008799824003519;0.7096018735362998;1.3985774469645575
Unknown;0.74042519149617;0.1064935064935064;0.1388121107004326
Unknown;0.1703165936681266;0.2926829268292683;0.4579101826676939
Unknown;0.2363152736945261;0.4466666666666666;0.5104099226555299
Unknown;0.4297114057718845;0.08;0.3418641595979104
Unknown;0.3998320033599328;0.1571428571428571;0.3468609236448463
Control;0.0165996680066398;-0.5320197044334976;-0.8773982014036718
Unknown;0.1341173176536469;-0.2971014492753623;-0.660120277909832
Unknown;0.3834323313533729;0.217391304347826;0.3288146467304326
Unknown;0.2073958520829583;0.2756410256410256;0.547601526790456
Unknown;0.5335493290134198;-0.1944444444444444;-0.267773362547689
Unknown;0.3795124097518049;0.2155844155844155;0.3568234179040045
Unknown;0.245355092898142;-0.3133333333333333;-0.5062794498949391
Unknown;0.3135937281254375;0.2653061224489796;0.4417148406973743
Unknown;0.0204395912081758;0.5291005291005291;0.96658709527519
Unknown;0.1264822134387351;0.5555555555555556;0.9611365519080995
Control;0.0008399832003359;0.7074542897327707;1.3488562651914495
Unknown;0.0001599968000639;0.6731707317073171;1.3035809471806965
Unknown;0.0031199376012479;0.6814814814814815;1.280965365015387
Unknown;0.2562748745025099;0.36;0.5438266448032968
Unknown;0.6163876722465551;-0.1119402985074626;-0.1849256381729135
Unknown;0.9809003819923602;0.0217391304347826;0.0184138151304357
Unknown;0.8471430571388572;-0.1111111111111111;-0.0689527650427615
Unknown;0.1337573248535029;0.3617021276595745;0.6712464595147208
Unknown;0.239715205695886;0.3018867924528302;0.5035945919540785
Unknown;0.1908361832763344;-0.3475177304964539;-0.5709375888101851
Unknown;0.0079598408031839;0.5978835978835979;1.043897337933004
Unknown;0.0799184016319673;-0.6;-0.8513168177500994
Unknown;0.1878362432751344;-0.3402597402597402;-0.5312112138548927
Low;0.2903141937161256;0.1944444444444444;0.4669055798291222
Unknown;0.5954280914381712;0.1466666666666666;0.2435963278123591
High;7.999840003199936e-05;-0.8589743589743589;-1.6358875027247122
Unknown;0.0250794984100318;0.5407407407407407;1.001549589187032
Unknown;0.4539909201815963;0.1975308641975308;0.3269780366968511
Unknown;0.120757584848303;-0.391304347826087;-0.6830325786610802
High;0.1317173656526869;0.2345679012345679;0.6519282234328316
Unknown;0.3042739145217095;-0.326797385620915;-0.4468329075407018
Unknown;0.7316253674926502;-0.1728395061728395;-0.1380120317120934
Unknown;0.24787504249915;0.3546099290780142;0.5062556830972683
Medium;0.1845163096738065;-0.4133333333333333;-0.6184688342294065
Unknown;0.6777464450710986;0.0961038961038961;0.1641986660897554
Unknown;0.0171596568068638;0.5714285714285714;0.9722272808220642
Unknown;0.1942761144777104;0.2884615384615384;0.53340167175004
Unknown;0.8137037259254815;-0.0307692307692307;-0.0884534574161714
Unknown;0.0100397992040159;0.660377358490566;1.0895874338841869
High;0.0557188856222875;-0.4179894179894179;-0.7450505006228586
Unknown;0.4109917801643967;-0.1764705882352941;-0.3063741611654116
Unknown;0.2658746825063499;0.2355072463768115;0.4233445027808064
Unknown;0.493270134597308;0.2564102564102564;0.3066089659501301
Unknown;0.5261494770104598;0.1602564102564102;0.283407624947925
Control;0.870862582748345;-0.4649350649350649;-0.0707751580332442
Unknown;0.0152796944061118;0.4819277108433735;0.829304854250543
Unknown;0.238435231295374;0.3185185185185185;0.5229214642193588
High;3.999920001599968e-05;1.0;2.349153221809733
Unknown;0.1843163136737265;0.362962962962963;0.5888532812533295
Unknown;0.0107597848043039;0.6137566137566137;1.0521331902135649
Unknown;3.999920001599968e-05;0.8409638554216867;1.602620034645984
Unknown;0.3333333333333333;1.0;1.357190278191181
Unknown;0.0066398672026559;-0.64;-1.1941667918925971
Unknown;0.2603147937041259;0.2050290135396518;0.3602375005441856
Unknown;0.8627427451450971;-0.0266666666666666;-0.0809858120603202
Unknown;0.0197596048079038;0.5703703703703704;1.0490077205540107
Medium;0.0646787064258714;-0.3676814988290398;-0.6740619755373439
Unknown;0.0025199496010079;0.5049019607843137;0.9121937607287862
Medium;0.0019599608007839;0.6777777777777778;1.278581466630365
Unknown;0.0296794064118717;0.4540816326530612;0.8616355869055132
Unknown;0.7269454610907782;0.0272108843537414;0.1635306032851388
Unknown;0.2675146497070058;0.2359550561797752;0.3716443952673383
Unknown;0.3261134777304454;-0.2558139534883721;-0.4378886119312906
Unknown;0.0418391632167356;0.3068535825545171;0.6188523485529602
Unknown;0.5741885162296754;-0.2177777777777777;-0.2663346194935106
Unknown;0.0391192176156476;0.441358024691358;0.7334509110589308
Unknown;0.6338273234535309;-0.1428571428571428;-0.189770051289415
Unknown;0.3557528849423012;-0.2533333333333333;-0.4361718675001321
Unknown;0.0002399952000959;-0.7687074829931972;-1.5525929822381472
Unknown;0.3527929441411171;-0.2888888888888888;-0.4437011161523098
Unknown;0.7984240315193696;-0.0634920634920634;-0.0997297837062359
Unknown;0.0206395872082558;0.5270935960591133;0.9638430271744542
High;0.0430791384172316;-0.4336734693877551;-0.7755825037535277
Low;0.1772364552708945;0.06265664160401;0.56033185254916
Unknown;0.1874362512749745;-0.3263888888888889;-0.5879660152005802
Control;3.999920001599968e-05;0.9308755760368664;2.274781430362541
Unknown;0.4718705625887482;0.181159420289855;0.3139187076657548
Unknown;0.5597888042239155;0.0909090909090909;0.1897360396484141
Unknown;0.4573687182382834;-0.225;-0.417483843247858
Unknown;0.6926261474770504;0.1764705882352941;0.182995666954376
Unknown;0.1643567128657427;-0.3198529411764705;-0.5270410189974383
Medium;0.2067558648827023;-0.2071330589849108;-0.4407173032673349
Unknown;0.4375912481750365;-0.2009685230024213;-0.3096106616448069
Unknown;0.0445191096178076;-0.4166666666666667;-0.9189469710814964
Unknown;0.003794466403162;0.8333333333333334;1.84919347268812
Unknown;0.2343953120937581;0.2592592592592592;0.5230771720232198
Unknown;0.3148737025259495;0.2512315270935961;0.4051148750224632
Unknown;0.3000339993200136;-0.2883116883116883;-0.4227363432895686
High;0.0036399272014559;-0.6363636363636364;-1.1786510543206874
Unknown;0.4397512049759005;-0.2040816326530612;-0.3512968665093443
Control;0.4465510689786204;0.26;0.3303575098390589
High;0.0695986080278394;0.5;0.7556153220551579
Unknown;0.873542529149417;0.0466666666666666;0.0718371534150218
Low;0.0006399872002559;0.723404255319149;1.624967654493052
Medium;0.8398232035359293;-0.0680272108843537;-0.08933753613857
Medium;0.2362352752944941;-0.3010204081632653;-0.4797334175521543
High;0.0761584768304634;-0.3743842364532019;-0.6993738653237943
Unknown;0.3546329073418531;-0.2418300653594771;-0.4028956084975794
Control;0.1050378992420151;-0.3311111111111111;-0.5461363756623052
High;0.0355992880142397;-0.5374149659863946;-0.8561517509061308
Low;0.7633447331053379;-0.0915032679738562;-0.1359861031838166
Unknown;0.5756684866302674;0.1594202898550724;0.2478754605326965
Unknown;0.0012399752004959;0.6122448979591837;1.369779943609036
Unknown;0.0017199656006879;0.6666666666666666;1.269155518738156
Unknown;0.760784784304314;0.0694444444444444;0.1286563014982851
Unknown;0.0156796864062718;0.4470588235294118;0.8048292118179866
Unknown;0.8391432171356573;0.0256410256410256;-0.1102921530760021
Unknown;0.0082798344033119;0.7021276595744681;1.176610524244097
Unknown;0.3959120817583648;-0.1957671957671957;-0.3453945862105994
Unknown;0.3526329473410531;0.0780141843971631;0.4054753648677631
Low;0.0030399392012159;0.6818181818181818;1.307788662012528
Unknown;0.0103197936041279;0.548051948051948;1.0127412402559874
Unknown;0.9298214035719286;-0.0666666666666666;0.018258744438492
Unknown;0.5881882362352753;0.072463768115942;0.2389343046440713
Unknown;0.1118377632447351;-0.4533333333333333;-0.7076876136794218
Medium;0.0329993400131997;0.5882352941176471;1.0019336009399902
Low;0.2355152896942061;0.1883333333333333;0.3655918875456213
Unknown;0.7330253394932101;-0.0942028985507246;-0.1467307414671118
Unknown;0.3423931521369572;-0.2169312169312169;-0.3816657315176107
Control;7.999840003199936e-05;-0.8296296296296296;-1.9874536548522368
Unknown;0.8187436251274974;-0.0829493087557603;-0.0818863769570397
Unknown;0.0051198976020479;0.6194029850746269;1.0619757245021382
Unknown;0.8563028739425211;0.2;0.096522150807727
Unknown;0.0125597488050238;-0.6444444444444445;-1.2910130395655572
Control;0.0519989600207995;-0.3985507246376811;-0.6949240465277006
Unknown;0.5973080538389233;0.1363636363636363;0.1990523444978656
Unknown;0.6744265114697706;-0.1217948717948717;-0.1730888818843954
Unknown;0.3424731505369892;-0.3066666666666666;-0.4510815867993097
Unknown;0.5541089178216436;-0.2127659574468085;-0.2492622093735476
Unknown;0.6731865362692746;-0.0733333333333333;-0.1748922374720414
Control;0.0046799064018719;-0.7058823529411765;-1.1264087634994462
Unknown;0.4171516569668607;0.2115384615384615;0.3546689823964142
Unknown;0.9478610427791444;0.0602409638554216;-0.0525418604889563
Control;0.2159156816863662;-0.3407407407407407;-0.5352423775425914
Unknown;0.9743405131897362;0.010204081632653;0.0179208567580306
Unknown;0.4568708625827483;-0.2103896103896103;-0.3013441918104911
Unknown;0.0568388632227355;-0.4166666666666667;-0.7324621805927665
Unknown;0.0748785024299514;0.4397163120567376;0.7839137273721081
High;0.6437871242575148;0.012531328320802;-0.3073694086000155
Unknown;0.0089998200035999;0.5947712418300654;1.2175383975040264
High;0.9273414531709366;0.0851063829787234;0.0463945351406918
Unknown;0.7400251994960101;-0.1276595744680851;-0.1292869703884535
Medium;0.0002799944001119;0.8611111111111112;1.6154637590505938
Medium;0.0238795224095518;0.6530612244897959;0.8984718544770265
Unknown;0.0280794384112317;0.5416666666666666;0.948970901205538
Unknown;0.6509469810603787;0.1111111111111111;0.1981194175456029
Unknown;0.1525569488610227;0.2952380952380952;0.573348091831393
Low;0.0060798784024319;-0.7422222222222222;-1.170949411911618
Unknown;0.2732345353092938;-0.3546099290780142;-0.4852428609566718
Control;0.5301493970120598;-0.1058201058201058;-0.2584199963887126
Unknown;0.0011199776004479;0.6887755102040817;1.2436543439615904
Unknown;0.1341973160536789;0.3840579710144927;0.6634165046420363
Unknown;0.3336333273334533;0.1925925925925926;0.4268391719099119
Unknown;0.9772604547909042;-0.0192307692307692;-0.0049632678020589
Low;0.3967920641587168;0.1955128205128205;0.3187909012426138
Unknown;0.5063898722025559;-0.2148148148148148;-0.293292156382522
Medium;0.0593588128237435;-0.4285714285714285;-0.701226933745915
Unknown;0.982020359592808;-0.0188679245283018;-0.005074552172718
Unknown;0.8105037899242015;-0.072463768115942;-0.0928937048270765
Unknown;0.3661526769464611;0.2391304347826087;0.4043570050060863
Unknown;0.0783584328313433;-0.4201388888888889;-0.6796479819440467
Unknown;0.255234895302094;-0.3333333333333333;-0.5021008036244855
Unknown;0.3122337553248935;0.1857142857142857;0.4057726343678222
Unknown;0.0897182056358872;0.3768115942028985;0.7323061006926324
Medium;0.747865042699146;0.0492424242424242;0.1024264445610719
Control;0.0100397992040159;-0.5116883116883116;-1.098880619168834
Control;7.999840003199936e-05;0.9197530864197532;2.158674656171924
Unknown;0.0026399472010559;-0.6805555555555556;-1.508434317286578
Unknown;0.124797504049919;0.38;0.6640697872638225
Medium;0.4455510889782204;-0.2562358276643991;-0.2966060920486977
Unknown;0.7041059178816423;0.1418439716312056;0.1716737205031731
Unknown;0.1040779184416311;0.3928571428571428;0.6428699521498527
Unknown;0.4584308313833723;0.238095238095238;0.3228091998198816
High;0.0973180536389272;-0.4761904761904761;-0.716017794596697
Unknown;0.0043599128017439;-0.7013888888888888;-1.3102048394786538
Unknown;0.0547189056218875;0.4444444444444444;0.8235781426612768
Unknown;0.0007999840003199;0.6326530612244898;1.191341928644118
Unknown;0.0015999680006399;0.7414965986394558;1.2464347513915903
Unknown;0.0510789784204315;0.4528301886792453;0.8485649378230019
Unknown;0.1070378592428151;0.5246913580246914;0.7290209458313314
Unknown;0.0436391272174556;0.4473067915690866;0.8179646313280842
Unknown;0.5937881242375153;0.1633986928104575;0.2325558186413304
Unknown;0.745145097098058;-0.0755555555555555;-0.1503077386099349
Unknown;0.7877842443151137;-0.1176470588235294;-0.1064927876031879
Unknown;0.1513569728605427;0.4133333333333333;0.6913013193596893
Unknown;0.0176796464070718;0.6014492753623188;1.0658217598729596
High;0.1562768744625107;-0.2452830188679245;-0.6080547705276574
Unknown;0.8875822483550329;-0.064039408866995;-0.0563213141690209
Unknown;0.9728605427891442;-0.0283687943262411;0.0358452388592087
High;0.0010399792004159;-0.7430555555555556;-1.2906820604205016
Unknown;0.3880722385552289;0.2653061224489796;0.3849900655549376
Unknown;0.750744985100298;-0.086734693877551;-0.1255676401282994
Unknown;0.622667546649067;-0.0582010582010582;-0.1891622813763632
Unknown;0.5766684666306674;0.2972972972972973;0.2378629123664088
Unknown;0.4684306313873722;0.1132075471698113;0.3244470494103299
Unknown;0.5920281594368113;0.1269841269841269;0.2186573810995228
Unknown;0.0641987160256794;0.4222222222222222;0.8884563396308237
Unknown;0.0023999520009599;-0.6737588652482269;-1.4700286550423285
Unknown;0.5136297274054519;0.1702127659574468;0.2875573082426633
Control;0.0119997600047999;0.624113475177305;1.1480558068965587
Unknown;0.0371992560148797;0.5644444444444444;0.957742482726961
Unknown;0.1306373872522549;-0.4523809523809524;-0.6300847215835772
Unknown;0.3021539569208616;0.2866666666666667;0.4582793611910788
Unknown;0.6078678426431471;-0.0466666666666666;-0.2130672097891322
Unknown;0.1352772944541109;0.3623188405797101;0.6450105801231335
Unknown;0.4008719825603488;0.1416666666666666;0.2605133313721675
Unknown;0.0103997920041599;0.5661375661375662;1.0108025884043157
Unknown;0.0004399912001759;-0.8260869565217391;-1.5544005826323486
Low;0.124397512049759;-0.4285714285714285;-0.6900563808400059
Unknown;0.7758644827103458;0.0636363636363636;0.1547743622523578
Unknown;0.116357672846543;-0.3784461152882205;-0.6543344942452637
Unknown;0.0276794464110717;0.5064935064935064;0.9299410159207618
Unknown;0.2131557368852623;0.2538461538461538;0.4704384190204179
Unknown;0.7613847723045539;-0.0496453900709219;-0.1255127373979193
Unknown;0.0008399832003359;0.7346938775510204;1.4095579331695465
High;0.0040399192016159;0.5816326530612245;1.1117394614495375
Unknown;0.372512549749005;0.2355555555555555;0.4275798791313448
Control;0.5107097858042839;-0.2444444444444444;-0.2922952598377922
Unknown;0.6353072938541229;-0.2222222222222222;-0.2008225815055003
Low;0.2989940201195976;0.288135593220339;0.4221893720995792
Unknown;0.3856322873542529;-0.2711111111111111;-0.416853976211645
Unknown;0.0537589248215035;0.3591549295774648;0.7116363664437817
Unknown;0.0130397392052158;0.5986394557823129;1.0749766462274564
Unknown;0.0762384752304953;0.4964539007092198;0.7689370219156592
Unknown;0.2403951920961581;0.2542372881355932;0.4721491529953237
Unknown;0.0778384432311353;0.4009216589861751;0.6944935148144669
Control;0.4417111657766844;0.1957671957671957;0.3135081139680166
Unknown;0.0092798144037119;0.6224489795918368;1.0550337918874926
Unknown;0.0566788664226715;-0.475177304964539;-0.8904586316784824
Unknown;0.2129957400851983;-0.3333333333333333;-0.5962042278478884
Unknown;0.2183156336873262;-0.3459119496855345;-0.5386717465812251
Unknown;0.4840303193936121;0.1519274376417233;0.2851728318124243
Control;0.3396732065358693;0.4573643410852713;0.3817448274897234
Unknown;0.9074618507629848;0.0074074074074074;-0.0384376790493523
Unknown;0.0076798464030719;0.6358024691358025;1.018765116141672
Low;0.0908381832363352;-0.3925925925925926;-0.7113995003357751
Unknown;0.0005199896002079;0.6441860465116279;1.1720629415060846
Unknown;0.116597668046639;0.3866666666666666;0.6881129632762844
Unknown;0.1739965200695986;-0.45;-0.683046240951685
Unknown;0.7065458690826183;-0.1724137931034483;-0.1518669670283745
Unknown;0.2856742865142697;0.3422222222222222;0.5153580714055627
Low;0.4269514609707805;-0.0638297872340425;0.3088186067390246
Unknown;0.0344793104137917;0.5098039215686274;0.9065412555700952
Unknown;0.5681086378272434;-0.0581939799331103;-0.1664285882354194
Unknown;0.0754784904301913;0.3571428571428571;0.6759579041502003
Unknown;0.0659186816263674;0.4716981132075472;0.7930008994659689
Low;0.1404771904561908;-0.3829787234042553;-0.6500592532918136
Unknown;0.5343093138137237;0.1522248243559719;0.2562784050753359
Unknown;0.0279194416111677;-0.5066666666666667;-0.9781314232906476
Unknown;0.0001999960000799;0.6567901234567901;1.253994337344306
Unknown;0.0024799504009919;0.7422222222222222;1.4510067371270443
Unknown;0.1013179736405271;-0.4074074074074074;-0.6761504100342668
Unknown;3.999920001599968e-05;0.6767676767676768;1.322931999345193
Unknown;0.7363852722945541;-0.1022222222222222;-0.1511775860917662
Control;0.7074258514829703;-0.0586419753086419;-0.1385031049447173
Unknown;0.0591988160236795;0.5064102564102564;0.8457044842672011
Unknown;0.1808763824723505;0.2866666666666667;0.587786204747621
Unknown;0.0105197896042079;0.5882352941176471;1.044207905448833
Unknown;0.0017199656006879;0.7414965986394558;1.3650847278536262
Control;0.5476290474190516;0.3596059113300492;0.2399812340177894
Unknown;0.6665866682666347;0.0538641686182669;0.1713447446168144
Unknown;3.999920001599968e-05;0.8452883263009845;1.6600685813540477
Unknown;0.6748265034699306;0.0884353741496598;0.1919767937866579
Unknown;0.1886362272754544;0.3202614379084967;0.5805042436394722
Unknown;0.0892382152356952;0.3506493506493506;0.6716619546573813
Low;0.0081998360032799;0.6535947712418301;1.2022066038888604
Unknown;0.8995020099598008;0.0588235294117647;0.0627990872300851
Unknown;0.3863522729545409;0.2169312169312169;0.3523267230729402
Unknown;0.1351172976540469;-0.3846153846153846;-0.6585453522762588
Unknown;0.2305953880922381;-0.2916666666666667;-0.5269482936010655
Unknown;0.8325033499330013;-0.0880503144654088;-0.0908573413527888
Unknown;0.0304393912121757;0.4440298507462686;0.7914630261510324
Unknown;0.6733065338693226;-0.0277777777777777;-0.1877723559207385
Low;0.119357612847743;-0.2653465346534653;-0.4340645884318702
Unknown;0.0137997240055198;-0.5261194029850746;-0.885089370013541
Unknown;0.867102657946841;0.0188679245283018;0.0719669221863075
Unknown;0.1355972880542389;-0.4420289855072464;-0.6532268864349761
Low;0.6104677906441871;0.0612244897959183;0.2143173286152668
Unknown;0.370352592948141;0.1733333333333333;0.4327552669106747
Unknown;0.0807983840323193;-0.4305555555555556;-0.7984725271095965
Unknown;0.3173536529269414;-0.36;-0.4794481798336495
Unknown;0.3221535569288614;0.2481203007518796;0.4014603248300634
Unknown;0.0365192696146077;-0.4202898550724637;-0.9838668876692968
Unknown;0.2881542369152617;-0.3422222222222222;-0.5091566941911531
Unknown;0.7975040499190016;0.0321428571428571;0.1058334885166504
Unknown;0.760544789104218;-0.0567375886524822;-0.1199629469902579
Unknown;0.8936221275574489;0.0444444444444444;0.0761148966682764
Unknown;0.2951540969180616;-0.3333333333333333;-0.4648091990058346
Unknown;0.9358212835743284;-0.0044444444444444;0.041607613617725
Unknown;0.0797584048319033;0.4097222222222222;0.7436270212819676
Unknown;0.7224255514889703;-0.0064102564102564;-0.1377728206748061
Unknown;0.0002799944001119;0.8238993710691824;1.5523940965410348
High;0.3171936561268774;0.3209459459459459;0.3788538809080413
Unknown;0.4019919601607968;-0.2536231884057971;-0.3707805594500438
Unknown;0.3583928321433571;-0.201058201058201;-0.3746486546795233
Unknown;0.9348213035739286;0.0138888888888888;-0.0167137452117308
Unknown;0.2636347273054539;-0.2698412698412698;-0.4552841974388124
Unknown;0.9684606307873842;-0.0105820105820105;-0.0111546164912212
Unknown;0.3186736265274694;0.2026143790849673;0.4357471108859954
Unknown;0.1486770264594708;0.3129251700680272;0.6277445479770861
Unknown;0.118197636047279;0.4102564102564102;0.6779874443914174
Unknown;0.6849863002739945;-0.1304347826086956;-0.1810020532160207
Unknown;0.9473410531789364;0.0072463768115942;-0.0273743329461096
Unknown;0.6984260314793704;-0.0962962962962963;-0.1811824822518883
Control;0.0653586928261434;0.7908163265306123;0.991437350538696
Unknown;0.0343193136137277;-0.572463768115942;-1.0231524079498906
Unknown;0.0597188056238875;-0.3550724637681159;-0.8419212364718995
Unknown;0.8806623867522649;-0.073170731707317;-0.0738430242068723
Unknown;0.0099598008039839;-0.6319444444444444;-1.2042677366225858
Unknown;0.0025999480010399;0.50177304964539;0.8724236277115636
Unknown;0.1268374632507349;-0.3533333333333333;-0.67481515994915
Unknown;0.0714385712285754;0.3262411347517731;0.7811154008076644
Unknown;0.4362712745745085;0.2246376811594203;0.3418077794270252
Unknown;0.6665066698666027;-0.1319444444444444;-0.1906600517267097
Unknown;0.5949481010379792;0.1324675324675324;0.2155857409749957
Unknown;0.0032799344013119;0.584045584045584;1.0582864733370714
Unknown;0.618547629047419;0.1428571428571428;0.2262852483830441
Unknown;0.5447491050178996;0.1739130434782608;0.2725941450910454
Unknown;0.5959480810383793;-0.1419753086419753;-0.2196200113144843
Unknown;0.0107997840043199;0.4853932584269663;0.8866459757007487
Unknown;0.3010339793204136;0.2034632034632034;0.3680351344965192
Unknown;0.0511589768204635;0.3766233766233766;0.7937369197919119
Unknown;0.2683146337073258;0.2483660130718954;0.4807823519968345
Low;0.6197076058478831;0.1773049645390071;0.2139458695136509
Control;0.4185116297674046;0.2287581699346405;0.3552017980438776
Unknown;0.500989980200396;-0.1180555555555555;-0.2934508070479709
Unknown;0.3305933881322374;0.2246376811594203;0.430111701492692
Unknown;0.0088798224035519;-0.6352201257861635;-1.183619154938336
Unknown;0.0137997240055198;-0.5333333333333333;-1.1026499915515475
Unknown;0.1067578648427031;-0.4722222222222222;-0.7391483224939129
Unknown;0.5797884042319154;0.1826086956521739;0.2689428613387966
Unknown;0.8493030139397212;-0.0666666666666666;-0.0822180894477907
Unknown;0.0129197416051678;0.4800637958532695;0.815094049079147
Unknown;0.0448791024179516;0.4666666666666667;0.8150735955292929
Unknown;0.0823583528329433;0.4782608695652174;0.7469269816102986
High;0.0303993920121597;-0.5384615384615384;-0.8205148593787486
Unknown;0.3293934121317574;-0.2814814814814815;-0.4304153161546583
Unknown;0.3113537729245415;-0.3055555555555556;-0.4412715569003326
Unknown;0.1314373712525749;0.3428571428571428;0.6323465439527027
Low;0.0559988800223995;0.5362318840579711;0.8369149392893269
Medium;3.999920001599968e-05;0.9576719576719576;2.724140242963772
Unknown;0.0065198696026079;0.5918367346938775;1.2502758884020668
Unknown;0.0287594248115037;0.5217391304347826;0.967820536612837
Unknown;0.5533089338213236;-0.0141843971631205;0.2535031384134547
Unknown;0.5246295074098518;0.1751152073732718;0.2511656126721713
Medium;0.9525409491810164;-0.0507246376811594;-0.0340600366355026
Unknown;0.24067518649627;0.2564102564102564;0.5057633041635996
Unknown;0.2869142617147657;-0.3611111111111111;-0.4695924513415542
Unknown;0.5725885482290354;-0.1319444444444444;-0.2453432354453582
Unknown;0.0444791104177916;0.4;0.8476070079375013
Unknown;0.1658366832663346;0.326797385620915;0.5989382965102414
Unknown;0.0127997440051198;0.568733153638814;1.0575311670485552
Control;0.7099458010839783;-0.1130434782608695;-0.1732262456247287
High;0.0846383072338553;0.2363636363636363;0.7347754449093566
Unknown;0.1636767264654706;0.306791569086651;0.5574544433173246
Medium;0.7903441931161377;0.0529100529100529;0.1032753786698752
Unknown;0.9045019099618008;0.0128205128205128;0.0489952116849319
Unknown;0.0857582848343033;0.3714285714285714;0.6840527611993046
Unknown;0.8546629067418652;-0.1111111111111111;-0.0688017542802301
Unknown;0.0092398152036959;0.4506172839506173;0.9483691575836064
Unknown;0.0772784544309113;0.5;0.777829267661919
Unknown;0.0005999880002399;-0.7380952380952381;-1.1268410693408584
Low;0.0182796344073118;0.441358024691358;1.009508420657799
Low;0.4877502449951001;0.1304347826086956;0.3073702549091957
Medium;0.0174796504069918;0.6;0.966369109144686
Medium;0.0058798824023519;-0.7163120567375887;-1.069299541160916
Unknown;0.0034399312013759;0.7407407407407407;1.2460612318707889
Unknown;0.4408311833763325;-0.2088888888888889;-0.3665330419871474
Unknown;0.1623967520649587;-0.36;-0.6135840527297846
Unknown;0.6604667906641867;-0.0915032679738562;-0.1922690826854735
Unknown;0.0094398112037759;0.5986394557823129;1.1346192986569943
Unknown;0.880862382752345;-0.02;-0.0751220893995879
Control;0.0205195896082078;0.5833333333333334;1.3132200852753295
Low;0.0001599968000639;-0.8547215496368039;-1.2984259140741738
Unknown;0.1287174256514869;-0.3900709219858156;-0.6836832040789161
Unknown;0.0446391072178556;0.4591836734693877;0.8051718400087987
High;0.0090798184036319;-0.6728395061728395;-1.1712470390275402
Unknown;0.0111197776044479;0.6306306306306306;1.128309872558635
High;0.0044799104017919;0.6938775510204082;1.2981188471408365
Unknown;0.5405091898162037;0.1530612244897959;0.2446948925099871
Unknown;0.9191816163676726;-0.0070921985815602;0.05470337629743
Unknown;0.243835123297534;0.238095238095238;0.4149459390749674
Low;0.2837143257134857;-0.1764705882352941;-0.4738456997883462
Unknown;0.2863942721145577;-0.2789115646258503;-0.4662620753142145
Unknown;0.117637647247055;0.3725490196078431;0.6720117731739914
Unknown;0.623107537849243;0.1377777777777777;0.2466858540547833
Unknown;0.7099458010839783;0.2638888888888889;0.1758612309626592
Unknown;0.369992600147997;0.2685185185185185;0.4065317678300864
Control;0.0361992760144797;0.4818401937046004;0.9018042398149412
Unknown;0.8626227475450491;-0.0138888888888888;0.0813875703602095
Unknown;0.1038379232415351;0.4640522875816993;0.7148387903964147
Unknown;0.0964780704385912;-0.2993197278911564;-0.7538261111964009
Unknown;0.0277994440111197;0.4523809523809524;0.8167901575891531
Unknown;0.0014399712005759;0.6093023255813953;1.107774885443455
Unknown;0.4071118577628447;0.2727272727272727;0.4035299834094517
Control;0.3883522329553409;0.1322751322751322;0.3232730799244469
Unknown;0.8355832883342333;0.0357142857142857;0.0810794666575684
Unknown;0.3875922481550369;-0.1022222222222222;-0.4065332041548219
Unknown;0.9012619747605048;0.0544217687074829;0.050057252716994
Low;0.3151536969260615;-0.2898550724637681;-0.4399863042350777
Medium;0.0207195856082878;-0.7;-1.0376047678621698
Unknown;0.2681546369072619;-0.3018867924528302;-0.4879072201569285
Unknown;0.0642787144257114;0.4736842105263157;0.7323410394673279
Unknown;0.246555068898622;0.3266666666666666;0.49940814732512
High;0.0249595008099838;0.6355555555555555;1.108210855236499
Control;0.24187516249675;0.3549382716049383;0.2005081874565775
Unknown;0.4828703425931481;0.1822222222222222;0.3420380831020729
Unknown;0.5501489970200596;-0.1515151515151515;-0.2268042186731267
Unknown;0.0004799904001919;0.7389162561576355;1.5609448264936938
Unknown;0.4351912961740765;-0.2177777777777777;-0.3648629909255484
Unknown;0.8338633227335454;0.0526315789473684;0.0803962151777414
Unknown;0.0143597128057438;0.5961538461538461;1.205391859934292
Unknown;0.1870362592748145;-0.2888888888888888;-0.6408099894309571
Unknown;0.3338333233335333;0.2363636363636363;0.3946646407811102
Unknown;0.8335833283334333;-0.1020408163265306;-0.0841376929520109
Unknown;0.0100797984040319;-0.5246913580246914;-1.1929172144458002
Unknown;0.0172796544069118;-0.6111111111111112;-1.0713747993983544
Unknown;0.1467170656586868;0.3133802816901408;0.5416953355558772
Control;0.3003539929201416;0.3205128205128205;0.4519123218247676
Unknown;0.1972760544789104;0.4;0.5678064026035011
Unknown;0.6592268154636908;0.0880503144654088;0.193801605710958
Control;0.0005199896002079;0.7454545454545455;1.5317175794562716
Unknown;0.1606767864642707;-0.3974358974358974;-0.6223218899755814
Control;0.0003199936001279;-0.7714285714285715;-0.4499453348032801
Medium;0.0547989040219195;0.5075757575757576;0.7375254763644155
Unknown;0.1021579568408631;-0.4126984126984127;-0.6639274366244909
Unknown;0.8577028459430811;0.0705128205128205;0.0873373380559295
Unknown;0.6050278994420112;0.0952380952380952;0.20472766189859
Unknown;0.0493190136197276;0.4183673469387755;0.8063289825130744
Unknown;0.3098738025239495;0.237037037037037;0.4440893375446367
Unknown;0.2361552768944621;0.3143939393939394;0.4515592964557276
Unknown;0.1782764344713105;0.304147465437788;0.5429282079073179
Unknown;0.1477170456590868;0.3315363881401617;0.5852021745176953
Unknown;0.0485590288194236;-0.4576271186440678;-0.8238740090927058
Control;0.8009439811203776;0.06;0.099292089514828
Unknown;0.2767944641107178;0.3866666666666666;0.5280400056362446
Unknown;0.6643467130657387;-0.181159420289855;-0.1846183570070766
Unknown;0.9218215635687286;-0.0192307692307692;0.0403318384875971
Low;0.3129537409251815;-0.328;-0.4768178473110115
Unknown;0.115637687246255;-0.4150943396226415;-0.6567750316824693
Unknown;0.1655966880662386;-0.3333333333333333;-0.6377111031534753
Unknown;7.999840003199936e-05;0.8333333333333334;1.6694090349818451
Unknown;0.0183196336073278;0.5024630541871922;0.9616066462382328
Unknown;0.0228795424091518;-0.5510204081632653;-0.9819683669992756
Unknown;0.6051478970420592;0.0793650793650793;0.2038596647221778
Unknown;0.1918761624767504;0.26;0.5730773117323441
Unknown;0.3207535849283014;-0.2448979591836734;-0.4069262994149083
Unknown;0.0423591528169436;0.5644444444444444;0.9253689651268324
Low;3.999920001599968e-05;0.8119047619047619;2.065957529368969
Unknown;0.5734285314293714;0.1444444444444444;0.3063594252648774
Medium;0.5911481770364593;0.1888888888888888;0.2759107592556567
Unknown;0.9353812923741524;-0.0192307692307692;0.0417941382260768
Low;0.2262754744905102;0.2528735632183908;0.40747759876534
Unknown;0.999860002799944;-0.0233766233766233;0.0020999166804195
Unknown;0.0166796664066718;0.5612244897959183;0.9869454013312792
Unknown;0.4755504889902202;-0.3533333333333333;-0.3150516638503646
Unknown;0.4252314953700926;-0.2080200501253132;-0.3250786804470092
Unknown;0.0024799504009919;0.7028985507246377;1.326298342692004
Unknown;0.7402251954960901;-0.0044444444444444;0.1732093094547454
Unknown;0.1946361072778544;0.3777777777777777;0.6193750962244732
Unknown;0.0282794344113117;-0.4656084656084656;-0.8924930733100886
Low;0.0878782424351513;0.2533333333333333;0.8856694655245926
Unknown;0.0105997880042399;-0.5673758865248227;-1.179118484741643
Unknown;0.4787104257914841;0.1205673758865248;0.3143844121151611
Unknown;0.9029419411611768;0.1288888888888889;0.0676196485042135
Unknown;0.2645547089058219;-0.1419753086419753;-0.4843441029757769
Unknown;0.0006799864002719;0.782312925170068;1.44195870237738
Control;0.9717405651886962;-0.0566037735849056;-0.0118170119956875
Unknown;0.0064398712025759;0.5576923076923077;0.9628517325207347
Unknown;0.6123077538449231;-0.2;-0.2244042821548849
Medium;0.0066798664026719;-0.6730769230769231;-0.3637911333050158
Unknown;0.6851462970740585;0.0898021308980213;0.1519431873043969
Unknown;0.7799844003119938;-0.0666666666666666;-0.1349334276267411
Medium;0.0078798424031519;0.6862745098039216;1.1587592907176667
Unknown;0.3277134457310853;0.2095238095238095;0.3991005140897729
Unknown;0.0065998680026399;0.6326530612244898;1.2379115554125515
Unknown;0.0800383992320153;0.492063492063492;0.8187509809392419
High;7.999840003199936e-05;0.7959183673469388;2.186809722504284
Unknown;0.2013959720805584;0.3214285714285714;0.518807105271593
Unknown;0.5861082778344433;-0.1283292978208232;-0.2205423362240261
Control;0.1589568208635827;-0.3174603174603174;-0.5251302634050865
Unknown;0.0029999400011999;0.7435897435897436;1.2066340504359516
Unknown;0.8450230995380092;-0.0718954248366013;-0.0749112344667746
Unknown;0.5670286594268115;-0.1594202898550724;-0.2501016428352793
Unknown;0.1446371072578548;0.3466666666666667;0.6311591740530054
Unknown;0.1643167136657267;0.28;0.6035334349485336
Unknown;0.1409971800563988;0.3287981859410431;0.5849979208275156
Unknown;0.5659086818263634;-0.1798941798941798;-0.2327441440401475
Unknown;0.7237455250894982;-0.1071428571428571;-0.1440755811233581
Unknown;0.3317933641327173;-0.2695035460992908;-0.4253976511225044
Unknown;0.1363572728545429;-0.4311111111111111;-0.7424888399730397
Unknown;0.873822523549529;-0.0833333333333333;-0.0608003205003338
Unknown;0.0478390432191356;0.4822695035460992;0.8786039351885427
Unknown;0.1087978240435191;-0.4296296296296296;-0.7302721230225223
Unknown;0.4429511409771804;0.1428571428571428;0.3121692769280082
Unknown;0.6730265394692106;-0.0425531914893617;0.1835212589935552
Unknown;0.6117077658446831;0.0;0.2409340251879061
Unknown;0.0104797904041919;0.6595744680851063;1.09122367931719
Unknown;0.0040799184016319;0.5104895104895105;0.9347440603452124
Unknown;0.874742505149897;-0.0476190476190476;-0.0545071762410446
Control;0.8267034659306813;-0.0133333333333333;-0.1006279374774235
Unknown;0.0528389432211355;-0.5035460992907801;-0.858588602594264
Unknown;0.3647127057458851;0.2888888888888888;0.4767249692918928
Control;0.0220395592088158;-0.5763888888888888;-0.8066665580153901
High;0.1678366432671346;0.3725490196078431;0.6171328525870925
Unknown;0.0003199936001279;0.7393483709273183;1.5495714269039722
Unknown;0.4949121184088806;0.2740740740740741;0.4196706707751377
Unknown;0.0203995920081598;-0.5673758865248227;-1.0074602995224298
Unknown;0.0587988240235195;0.5579710144927537;0.9424178707280682
Unknown;0.7293054138917222;0.0915032679738562;0.155966870605601
Unknown;0.1063978720425591;0.4236111111111111;0.7094331335971484
Unknown;0.4251514969700606;-0.2444444444444444;-0.3805208496534789
Unknown;0.0415991680166396;0.5220125786163522;0.8865574415191319
Unknown;0.755504889902202;-0.1304347826086956;-0.1313870687523822
Unknown;0.5891235364919576;0.1666666666666666;0.3568870859440063
Control;0.6701065978680426;0.1257861635220125;-0.2013734045243951
