Dosage;p-value;Cliff's Delta;Cohen's D
Low;0.1806763864722705;0.3342409802586794;0.3163311758342219
Medium;0.501469970600588;-0.3263888888888889;-0.1315156227727024
Unknown;0.125197496050079;-0.3584905660377358;-0.7411559446985896
Unknown;7.999840003199936e-05;0.9027777777777778;0.830566040027048
Control;0.0002399952000959;0.6995305164319249;1.2592249067305727
Medium;0.1991960160796784;0.28;0.4577573935521961
Medium;0.2237155256894862;0.4147465437788018;0.3646741298865896
Unknown;0.2595948081038379;0.2407407407407407;-0.4851409789082626
Control;0.2607947841043179;0.1975308641975308;0.2174346591740965
Control;0.2174756504869902;0.2610837438423645;0.3964896261611551
Unknown;0.1646767064658706;0.24;-0.5399060663914472
High;0.0005599888002239;0.7756410256410257;1.6074762461120715
Unknown;0.375552488950221;-0.2688679245283019;-0.2657970954320819
Low;0.0256394872102557;0.6533333333333333;0.2469152393998702
Unknown;0.0003999920001599;0.8209876543209876;0.7410010986313618
Unknown;0.0277194456110877;0.5208333333333334;0.49388907581757
Unknown;0.8208635827283455;0.0072463768115942;0.1853930487635678
Unknown;0.7233455330893382;-0.2533333333333333;-0.0311698418919611
Unknown;0.978660426791464;0.238095238095238;0.1323078257281123
Unknown;0.238835223295534;-0.0544217687074829;-0.544024953229038
Unknown;0.2949541009179816;0.3015873015873015;0.4205053106102863
Unknown;0.2011559768804623;-0.0261904761904761;-0.4595742654999537
Low;0.7302253954920902;0.6286549707602339;0.1471367224944108
Control;0.7697046059078818;0.1790123456790123;0.1482600792159754
Unknown;0.1991960160796784;-0.4042553191489361;-0.5849703939502481
Unknown;0.8479030419391612;0.0507246376811594;0.1215878674527564
Unknown;0.1513569728605427;0.2074074074074074;0.5764510733858429
Unknown;0.0003999920001599;0.8933333333333333;0.6358081531255598
Unknown;0.3799524009519809;0.2756410256410256;0.3555534149337278
Unknown;0.0134797304053918;0.6296296296296297;0.9466654490881558
Medium;0.0020799584008319;0.5703703703703704;1.0157312283155548
Low;0.1009579808403832;0.5416666666666666;0.5957713747412472
Unknown;0.3473930521389572;0.213032581453634;-0.278059791445685
Unknown;0.0003999920001599;0.7182539682539683;0.9728051972444026
Unknown;0.9458210835783284;0.0544217687074829;-0.0254026331511293
Unknown;0.9460610787784244;0.028052805280528;0.0646239891664493
Unknown;0.5387892242155157;-0.1906721536351166;0.239794649080981
Control;0.1020779584408311;0.2282828282828282;-0.8130860027176632
Control;0.8415431691366173;-0.1703703703703703;-0.0060958871171211
Medium;0.751744965100698;0.19921875;-0.0706234912173104
Unknown;0.748905021899562;0.0222222222222222;-0.0618013361469649
Unknown;0.0904781904361912;-0.1869918699186991;-0.9831533714500968
Unknown;0.0785984280314393;0.5555555555555556;0.4585906641123969
Control;0.0001999960000799;0.7283950617283951;1.3291783193196245
Unknown;0.0319993600127997;0.490566037735849;0.7288542065482172
Unknown;0.2591148177036459;-0.4057971014492754;-0.4471781070750991
High;0.0016799664006719;0.8133333333333334;1.3090152351813182
Unknown;0.2224755504889902;-0.4179894179894179;-0.5379943352001184
Control;0.5231495370092598;-0.2040816326530612;-0.0570391336158703
Control;0.2696746065078698;0.1324675324675324;0.4463863659603208
High;0.7654646907061858;0.0625;-0.0922191792132837
Unknown;0.864022719545609;-0.1739130434782608;0.0975203690844398
Unknown;0.0059598808023839;0.6736111111111112;0.6302511193553306
Unknown;0.2970340593188136;0.1836734693877551;-0.5125928513359418
Unknown;0.0612787744245115;-0.1333333333333333;-0.8773302324062674
Unknown;0.0291994160116797;0.4441558441558441;0.5892137119380629
Unknown;0.113717725645487;0.2604166666666667;0.5159059746879087
Unknown;0.1375172496550069;0.1446280991735537;0.3910219705553978
Unknown;0.0643987120257594;0.5763888888888888;0.8081154847555595
Unknown;0.0028799424011519;0.6319612590799032;1.1236389430475062
Unknown;0.9573408531829364;0.0428571428571428;0.003107784055703
Unknown;0.0608787824243515;0.219047619047619;0.4066386091442658
Unknown;0.2307153856922861;0.36;0.4101131680147895
Control;0.9442611147777044;0.0576923076923076;0.1476335021048885
Unknown;0.0221995560088798;0.4642313546423135;0.5404957142006485
Control;0.0399192016159676;-0.4904761904761904;-1.2650644945609824
Unknown;0.4021119577608448;0.1886792452830188;0.3416464298082204
Medium;0.3059138817223655;0.2156862745098039;0.4409478015950813
Unknown;0.1425571488570228;0.4666666666666667;0.5078639299890254
Unknown;0.4419111617767645;-0.4740740740740741;-0.3367085240298439
Unknown;0.7099458010839783;-0.3469387755102041;0.0371923963873908
Unknown;0.6791464170716586;-0.0814814814814814;-0.176377223099099
Unknown;0.0407191856162876;0.3082010582010582;0.432605863356643
Low;0.0049999000019999;0.6521739130434783;0.8810824267694285
Unknown;0.977420451590968;0.3819444444444444;0.0592158100282173
Unknown;0.5566688666226676;0.1666666666666666;0.3037783285938975
Unknown;0.0001199976000479;0.6083803384367445;0.4600426744836421
Unknown;0.2172756544869102;-0.12;-0.570481225606385
Unknown;0.6147877042459151;0.3255813953488372;0.2920200068024424
Unknown;0.1894362112757744;-0.3478260869565217;-0.7066527643380349
Unknown;0.5317093658126838;-0.0681818181818181;-0.2541009270229376
Unknown;0.4463510729785404;-0.0780141843971631;-0.2544189148343369
Unknown;0.0357192856142877;0.4800936768149882;0.5361436021846899
Unknown;0.5073498530029399;-0.1407407407407407;-0.2642478140183082
Control;0.8591428171436571;0.060478199718706;-0.0455781540426011
Unknown;0.5417491650166997;-0.2906403940886699;0.0362400255055086
Unknown;0.0027599448011039;-0.7232704402515723;-1.49236794252065
Unknown;0.7953840923181537;-0.2;-0.0254706815584799
Unknown;0.0106397872042559;0.5348837209302325;0.4241533946985577
Unknown;0.6457219251336899;-0.2666666666666666;-0.1917851254946501
Unknown;0.875502489950201;0.1825396825396825;0.0763155544773269
Low;0.4186716265674686;0.3884615384615384;-0.2838723402593618
Unknown;0.5937481250374993;-0.3945578231292517;-0.1171092520705589
Unknown;0.0651586968260634;0.0068027210884353;-0.9354567329229376
Unknown;0.7667046659066818;-0.0277777777777777;0.2213685100191423
Unknown;0.7665846683066339;0.0625;0.1607245712619849
Control;0.632467350652987;0.6176470588235294;0.2075989197322382
Unknown;0.1446771064578708;0.4133333333333333;0.5346147074080821
Unknown;0.0476790464190716;0.3858024691358024;0.6756493072892303
Unknown;0.3401131977360452;0.0717299578059071;0.3140817875484055
Unknown;0.0635187296254074;0.3703703703703703;0.6066273704770633
Unknown;0.8977820443591128;0.2875816993464052;0.0888102182712327
Unknown;0.0311193776124477;0.441358024691358;0.3804373786023681
Unknown;0.3125137497250055;-0.2346153846153846;-0.3855883070551274
Unknown;0.0111597768044639;0.411371237458194;0.5091606652475499
Unknown;0.0364792704145917;0.3580246913580246;0.5676744274843242
Unknown;0.4271914561708765;-0.2740740740740741;-0.299543097815202
Unknown;0.2219555608887822;0.4557823129251701;0.4959442231510877
Unknown;0.0665986680266394;0.4488888888888889;0.6033985492245817
Low;0.8048239035219296;-0.0718954248366013;0.1314969799079927
Unknown;0.74902501949961;0.4943181818181818;0.0153411033585289
Unknown;0.5449491010179797;0.0626780626780626;0.2566330676823944
Unknown;0.0022399552008959;0.6707021791767555;0.6736831554702408
Unknown;0.1497970040599188;0.320754716981132;0.4549425074263432
Unknown;0.0489190216195676;0.4531645569620253;0.4503770413997963
Unknown;0.882782344353113;0.1025641025641025;0.0716384244457596
Low;0.6033479330413392;0.0902777777777777;0.275577406024006
Unknown;0.2657946841063178;-0.4533333333333333;-0.5061254590028061
Unknown;0.6697466050678986;-0.2592592592592592;-0.0791400853633328
Unknown;0.9511009779804404;-0.0962962962962963;0.0223777411809782
Unknown;0.0742385152296954;0.2653846153846154;0.3859369427220103
Unknown;0.1285974280514389;-0.6571428571428571;-0.7018795863981133
Unknown;0.0052398952020959;0.5723404255319149;0.717340658411182
Unknown;0.2114757704845903;0.2888888888888888;-0.6600639223416581
Unknown;0.1305173896522069;0.4605263157894737;0.5024901346209252
Unknown;0.8714225715485691;0.2848484848484848;0.1201701631006132
Unknown;0.5296694066118678;0.074074074074074;0.2861538136647691
High;0.755304893902122;-0.36;0.1296594230003331
Unknown;0.1339173216535669;-0.3405797101449275;-0.6755682396152193
Unknown;0.2266754664906702;0.2935064935064935;0.320849539090916
Unknown;0.2821143577128457;-0.1851851851851851;-0.4883106625264172
Unknown;0.1635567288654227;0.3541666666666667;0.3537469544510239
Unknown;0.1941561168776624;0.3244444444444444;0.6072660147703484
Low;0.1800363992720145;0.0434782608695652;-0.9363044008208796
Unknown;0.0088398232035359;0.6571428571428571;0.9949557575601564
Unknown;0.0033599328013439;0.7506493506493507;1.0981285974148332
Unknown;0.8280234395312094;0.1168831168831168;0.1587000990294362
Unknown;0.1824363512729745;-0.4782608695652174;-0.6278104739279831
Unknown;0.6880262394752105;-0.22;-0.1210126501228973
Unknown;0.5617887642247155;0.1333333333333333;0.2857126396563982
Control;0.8551428971420572;-0.3121693121693121;0.1396509382997556
Control;0.0645587088258234;0.5157232704402516;0.3680960140445599
Unknown;0.0065198696026079;-0.6601307189542484;-1.7293134679903257
Unknown;0.3435131297374053;0.21;0.46425088314962
Unknown;0.9266214675706486;0.0691823899371069;0.1352544611660553
Unknown;0.0635587288254234;-0.3765432098765432;-0.8892738030611149
Medium;0.4457910841783164;0.1094276094276094;0.2421092155351754
Unknown;0.3435531289374212;-0.1205673758865248;-0.4494410778680607
Unknown;0.2319553608927821;-0.1736111111111111;-0.4616267677470904
Unknown;0.0276794464110717;0.5259259259259259;0.7565921288517067
Unknown;0.0037999240015199;0.5561224489795918;0.5383935827771451
Control;0.0383992320153596;0.42296918767507;0.4175109466203235
Unknown;0.3645927081458371;0.2264150943396226;0.3662197379067156
Unknown;0.2261154776904461;0.5034013605442177;0.5279741634108283
Unknown;0.0776784464310713;0.3333333333333333;0.7517911503416438
Unknown;0.9740205195896082;-0.0392156862745098;0.2201860689228396
Unknown;0.0001599968000639;0.7122877122877123;1.0248104917442185
Unknown;0.8633827323453531;-0.3015873015873015;0.0327910408285826
Unknown;0.7311453770924582;-0.2378640776699029;-0.0782492774505585
Unknown;0.0044799104017919;0.7511111111111111;1.1826552342437575
Unknown;0.0672386552268954;0.4701298701298701;0.4426964379748981
Unknown;0.4617107657846843;0.2026143790849673;0.3296911826132629
Unknown;0.5672686546269075;-0.2977777777777777;-0.2549146423942519
Low;0.6701465970680587;0.0416666666666666;-0.178064689837446
Unknown;0.3919121617567648;-0.1764705882352941;-0.3598615567167513
Unknown;0.2096758064838703;-0.0488888888888888;-0.6956286053697801
Medium;0.0519989600207995;0.4197761194029851;0.3977218584975014
Unknown;0.3968320633587328;0.1224489795918367;0.3324699296943209
Unknown;0.0811983760324793;0.3825757575757575;0.5026137540435434
Unknown;0.6804663906721865;0.1993911719939117;0.2140035748821348
Unknown;0.7890242195156096;0.0136363636363636;0.1253148503156582
Unknown;0.0851582968340633;0.4666666666666667;0.6906523798349752
Unknown;0.5740685186296274;-0.0138888888888888;-0.0216747497914915
Low;0.0279594408111837;0.5399515738498789;0.8433856175305875
Unknown;0.0769184616307673;0.5306122448979592;0.7318271472875286
Unknown;0.2311953760924781;0.2266666666666666;0.4570467342697971
Unknown;0.0251594968100637;0.5133333333333333;0.8262522682913821
Unknown;0.0100397992040159;-0.4166666666666667;-1.453952400535355
High;0.1537169256614867;-0.2692307692307692;-0.6624333352280685
Unknown;0.7197856042879143;0.2888888888888888;0.215367521343162
Unknown;0.6873862522749545;-0.4311111111111111;-0.1738942156863623
Low;0.1044379112417751;0.3714285714285714;0.6319968709979963
Unknown;0.2719545609087818;0.375609756097561;0.4907220164430784
Low;0.3544329113417732;0.1933028919330289;0.330791992492598
High;0.3505129897402051;0.1950617283950617;0.2533982813744992
Unknown;0.9180616387672248;-0.2296296296296296;0.0774608238748064
Control;0.0027599448011039;0.7;1.1453942627566942
Unknown;0.0052398952020959;0.4414414414414414;0.7070990635161057
Unknown;0.0018399632007359;0.7619047619047619;0.813069010261255
Unknown;0.3402731945361092;0.1012987012987013;-0.3848332985732664
Unknown;0.1475970480590388;-0.2177777777777777;-0.8649136045688677
Unknown;0.1947161056778864;-0.4111111111111111;-0.6048368330776643
Medium;0.8584228315433692;0.1604938271604938;0.0852602884912895
Unknown;0.0474790504189916;0.375;0.6352874114559542
Medium;0.0148797024059518;0.5786163522012578;0.6038949558050032
Unknown;0.3057538849223015;0.261437908496732;0.4308461692693318
Unknown;0.1519169616607668;0.2857142857142857;0.5082636003242471
Unknown;0.627227455450891;0.0;0.2572281674317208
Unknown;0.6399472010559789;0.4233766233766233;0.2758797941760241
Control;0.0233595328093438;0.6481481481481481;0.7112208620633306
Unknown;0.370272594548109;0.1564625850340136;0.3130406817236034
Unknown;0.7426651466970661;0.1866666666666666;0.0260200722690324
Unknown;0.2621547569048619;0.3469387755102041;0.379326712116712
Unknown;0.5683886322273555;0.1111111111111111;0.2677156671100628
Unknown;0.988580228395432;-0.144927536231884;0.0986695418032555
Low;0.7926641467170656;-0.0869565217391304;-0.0159154078155193
Unknown;0.8304233915321694;0.0666666666666666;0.1794545942978098
Unknown;0.2845143097138057;-0.4326241134751773;-0.3509009059974609
Unknown;0.0369992600147997;-0.1828358208955224;-0.9347373827440182
Unknown;0.4275114497710046;0.1328320802005012;0.3203380884759115
Low;0.2133957320853582;0.2461538461538461;-0.726503787132913
Unknown;0.0057198856022879;-0.627906976744186;-1.057287208971415
Unknown;0.2935141297174056;0.2857142857142857;0.4202995217040946
Low;0.0775984480310393;0.3333333333333333;0.49351225823245
Unknown;0.1667566648667026;-0.2444444444444444;-0.6326517874467205
Control;0.0126397472050558;0.5265151515151515;0.5107224858239957
Unknown;0.7290654186916262;0.1132075471698113;0.1897244128113088
Unknown;0.0007999840003199;0.6653846153846154;0.90371608911657
Unknown;0.7938241235175296;-0.1911111111111111;-0.1288089062589578
Unknown;0.0171196576068478;0.5370370370370371;0.6192990579606491
Low;0.0027599448011039;0.5093795093795094;0.8251730056642984
Unknown;0.5293094138117238;0.1594202898550724;0.306309810004216
Unknown;0.74522509549809;-0.3555555555555555;-0.0297197732387414
Unknown;0.0663986720265594;0.2660098522167488;0.5871096075599701
Unknown;0.0007999840003199;-0.5087719298245614;-1.96373423073355
Control;3.999920001599968e-05;0.8484848484848485;1.2003071538303005
Unknown;0.3263134737305254;0.2847222222222222;0.3577517337445706
Medium;0.2935941281174376;-0.1066666666666666;-0.4637465059500519
Unknown;0.1315973680526389;0.4844444444444444;0.6159862376028233
Unknown;0.2139157216855663;0.1884057971014492;-0.8763072253817479
Unknown;0.8627027459450811;-0.0577777777777777;0.0094257140720822
Medium;0.0598388032239355;0.5051020408163265;0.7376278967764018
Unknown;0.0014799704005919;0.5111111111111111;0.7761469186648253
Unknown;0.0617587648247035;0.44;0.5963686427230129
Unknown;0.7350252994940101;-0.0283687943262411;0.2181871321590353
Unknown;0.0029999400011999;0.5476190476190477;0.6733034446847699
Control;0.0562388752224955;0.4630541871921182;0.4373379392382489
Unknown;0.2134757304853902;-0.1259259259259259;-0.5749122440744121
Control;3.999920001599968e-05;0.7383177570093458;1.0272463728987415
Medium;0.0005999880002399;0.6817558299039781;0.7459976721010072
Unknown;0.6532669346613068;0.3213483146067415;0.1759106063885475
Unknown;0.1509169816603668;0.2121212121212121;0.3628582709014277
Unknown;0.2789944201115977;-0.06640625;-0.4185735251730539
Unknown;0.0005999880002399;0.82;1.0180371891289342
High;0.1939161216775664;0.326797385620915;0.5500547494447854
Low;0.2923541529169416;0.2908163265306122;0.4257341588136881
Unknown;0.0087598248035039;0.6518518518518519;1.2137194001423293
Low;0.1473970520589588;-0.1224489795918367;-1.217105334976436
Unknown;0.0008399832003359;-0.6319444444444444;-2.183494721869452
Unknown;0.0040399192016159;0.7636363636363637;1.014850946828281
Unknown;0.4443911121777564;0.1970443349753694;0.3252804348667284
Unknown;0.1984360312793744;0.3611111111111111;0.5176485810596209
High;0.0356792864142717;0.6222222222222222;0.7687853005840826
Unknown;0.1022779544409111;-0.3955056179775281;-0.595526897349844
Unknown;0.4700705985880282;0.1022222222222222;-0.3328302338040889
Unknown;0.0995580088398232;0.3714285714285714;0.6878509967509109
Unknown;0.0001199976000479;0.729957805907173;0.8159608959303845
Unknown;0.3704071071243747;-0.45;-0.4224174347274054
Unknown;0.374632507349853;-0.3099273607748184;-0.3512961137240866
Unknown;0.0538789224215515;0.4700460829493088;0.5224538474187879
Unknown;0.2272354552908941;0.5035460992907801;0.4323167998579112
High;3.999920001599968e-05;0.9476190476190476;0.6211321571445544
Unknown;0.245955080898382;0.261437908496732;0.4469437625822707
Medium;0.0289994200115997;0.5158730158730159;0.7983527028262902
Control;0.9318213635727286;0.1269841269841269;0.0581572585492728
Unknown;0.9658606827863444;0.0212765957446808;0.0478697089001932
Unknown;0.8509829803403932;-0.0074074074074074;-0.0647381070262236
Unknown;0.0082798344033119;0.6666666666666666;0.7245468805916797
Unknown;0.3219135617287654;0.1911111111111111;0.4466790016667268
Unknown;0.1936361272774544;0.2814814814814815;0.5040522497806336
Unknown;0.0865982680346393;0.3163265306122449;0.513890060813605
Control;0.118317633647327;-0.3668188736681887;-0.7203312789887585
Unknown;0.0366792664146717;-0.4893617021276595;-1.1645143621745653
Unknown;0.3932721345573088;-0.4311111111111111;-0.4131940358933724
Unknown;0.1700365992680146;-0.54421768707483;-0.7079016547479831
Unknown;0.620387592248155;0.1045751633986928;0.2572618357977245
Unknown;0.0304793904121917;0.5703125;0.7520477618985439
Medium;0.6190276194476111;0.125;0.2057397249505795
Unknown;0.5544689106217876;-0.1682098765432098;-0.1419388285298317
Unknown;0.1532769344613107;0.3082706766917293;0.5739028893836208
Unknown;0.4086718265634687;-0.4652777777777778;-0.346529747959503
Control;0.2218755624887502;0.2978723404255319;0.4713781163217718
Unknown;0.0126797464050718;0.6444444444444445;0.981744205200646
Unknown;0.1599968000639987;-0.4266666666666667;-0.6629067416088301
Unknown;0.0183196336073278;0.5849056603773585;0.6568458204502841
Unknown;0.1383172336553269;0.4320987654320987;0.5658183674640195
Unknown;0.3309933801323974;-0.1822222222222222;-0.4547229445140334
Unknown;0.2601947961040779;0.2188235294117647;0.2863078430771891
Unknown;0.0246395072098558;-0.4983164983164983;-0.8572030740270344
Medium;0.995220095598088;0.1508704061895551;0.0151099413947825
High;0.9127417451650968;0.0561224489795918;0.0522021645202783
Unknown;0.2559948801023979;0.2888888888888888;0.5328456431735649
Unknown;0.1617567648647027;0.3047619047619048;0.5149859073031977
Unknown;0.993220135597288;-0.0229885057471264;0.0272988656333676
Unknown;0.629267414651707;0.4937343358395989;0.2451579344128122
Unknown;0.1899562008759824;0.3641975308641975;0.5234484463926823
Unknown;0.1007979840403192;0.3271604938271605;0.5749493614762194
Unknown;0.2701545969080618;0.2312925170068027;0.4691448937970439
Unknown;0.0051598968020639;-0.524822695035461;-1.5780060263277402
Control;0.5787084258314834;0.3214285714285714;-0.1444159750600803
Unknown;0.1443571128577428;0.2340425531914893;0.3930989161573003
Unknown;0.3279134417311654;-0.1987179487179487;-0.269736109831649
Medium;0.0027199456010879;0.75;0.6928772677913005
Unknown;0.370472590548189;0.1739130434782608;0.3920804802107629
High;0.0160396792064158;-0.6159420289855072;-1.418100178375526
Unknown;0.872022559548809;0.0;0.0864661975768204
Unknown;0.24667506649867;0.0074074074074074;-0.602585671541554
Unknown;0.4324713505729885;-0.1698113207547169;-0.3376061956870188
Unknown;0.2221955560888782;0.1402640264026402;-0.4125021933054535
Unknown;0.5661486770264594;0.1363636363636363;0.3344643451559412
Unknown;0.624027519449611;-0.1347517730496454;-0.2045893022512493
Low;0.9433811323773524;-0.0222222222222222;0.1061208137011219
Unknown;0.0049999000019999;-0.5777777777777777;-1.456267993240082
Unknown;0.9357412851742966;0.16;0.1889906628913447
Unknown;0.8482230355392892;0.125;-0.0365119061330827
Unknown;0.0181596368072638;0.4693877551020408;0.5427195839816555
Unknown;0.4335513289734205;0.1320754716981132;0.3479695698354594
Unknown;0.0438391232175356;0.5370370370370371;0.6380295438934829
Control;0.2158756824863502;0.3038461538461538;0.4527231770690611
Unknown;0.6781064378712426;-0.1022222222222222;-0.1869238996524418
Unknown;0.0801183976320473;0.3645320197044335;0.5521652579410057
Unknown;0.1394372112557748;0.3541666666666667;0.5690394803490004
Unknown;0.2246355072898542;0.24;0.4662976386497355
Unknown;0.9676206475870482;-0.0694444444444444;0.1077191576161406
Unknown;0.1379972400551989;0.4133333333333333;0.5954421764780969
Medium;0.6309473810523789;0.3076923076923077;0.2198208150622604
Unknown;0.0177596448071038;-0.4861111111111111;-1.2259355102946978
Low;0.2816743665126697;0.5180375180375181;0.3832014689967798
Unknown;0.2065558688826223;0.1921182266009852;-0.7485273931832331
Unknown;0.4001919961600768;0.0769230769230769;0.3794944817579169
Unknown;0.6669866602667947;0.336405529953917;-0.2067973005006007
Unknown;0.4808703825923481;0.0763888888888889;0.3410914008271042
Unknown;0.2569948601027979;0.2666666666666666;0.4357814978608892
Unknown;0.9254614907701846;0.2977777777777777;0.1015710804520249
Unknown;0.3573128537429251;0.1979949874686716;0.3565853124991135
Unknown;0.6763464730705386;0.1629629629629629;0.2330488242311903
Unknown;0.0227595448091038;-0.5815602836879432;-1.2724978915857406
Unknown;0.0566788664226715;-0.3529411764705882;-1.1539047965686096
Unknown;0.9513009739805204;0.1022222222222222;0.0625309580570135
Unknown;0.0379992400151997;0.5037037037037037;0.7845304244951244
Unknown;0.8339033219335613;-0.0769230769230769;-0.0375468241601931
Unknown;0.0004399912001759;0.69921875;0.4817761214688073
Low;0.2969540609187816;-0.2512315270935961;-0.3267979760639464
Unknown;0.0091198176036479;0.6458333333333334;0.8642567934828967
Unknown;0.0021199576008479;-0.6666666666666666;-1.8312503871233337
Unknown;0.7763844723105537;0.6;-0.0259516702175531
Unknown;0.9229015419691606;0.0588235294117647;0.0277974165884741
Unknown;0.0422391552168956;0.4700460829493088;0.6465961641672955
Low;0.8619427611447771;0.0;0.0251654272202122
Unknown;0.0035999280014399;-0.5466666666666666;-1.8591690191018568
Unknown;0.3193136137277254;0.2977777777777777;0.468329878361906
Unknown;0.621947561048779;0.0113378684807256;-0.1714731147472538
Unknown;0.122357552848943;-0.148051948051948;-0.6897149794356954
Unknown;0.2633547329053419;0.3333333333333333;0.4903523729694847
Unknown;0.0001599968000639;0.7244444444444444;1.20685810957354
Unknown;0.6591068178636428;0.4488888888888889;-0.1181847872890932
Unknown;0.1431571368572628;-0.181159420289855;-1.144000684459796
Unknown;0.4910701785964281;0.108695652173913;0.3575202098037171
Control;0.7198656026879462;0.1022727272727272;-0.0987789846920197
Unknown;0.4539109217815644;-0.0434782608695652;0.3494793160788333
Unknown;0.0001999960000799;0.6323529411764706;1.1203811574654412
Unknown;0.7969040619187616;0.1644444444444444;0.1869599414514998
Unknown;0.0001599968000639;0.8074074074074075;0.7738554797830819
Unknown;0.0806783864322713;0.4962962962962963;0.7382183495069328
Unknown;0.9170216595668088;0.2624113475177305;0.1022705900448898
Unknown;0.0705213903743315;0.6559139784946236;0.9402603111275916
Unknown;0.4588708225835483;-0.1458333333333333;-0.3141647050589946
Unknown;0.369712605747885;0.3571428571428571;0.3274956486570154
Medium;0.4435511289774204;0.2830188679245283;-0.2828651235948612
Unknown;0.3323933521329573;0.1310344827586207;0.3098424749012653
Unknown;0.0416791664166716;0.4387755102040816;0.7558514029466316
Unknown;0.3373932521349573;-0.0044444444444444;-0.8368079205913449
Unknown;0.1907961840763185;-0.5507246376811594;-0.6196140264810462
Unknown;0.0257194856102877;0.5063492063492063;0.4715865043882422
Unknown;0.6327873442531149;-0.0902777777777777;-0.1980142905435266
Low;0.748465030699386;0.2580645161290322;0.1362722894783138
Unknown;0.8657026859462811;-0.0347222222222222;0.1358274725505291
Unknown;0.2823143537129257;0.3862433862433862;0.4332421266304743
Unknown;0.0758784824303513;0.4744897959183674;0.3743042518338945
Unknown;7.999840003199936e-05;0.7035573122529645;0.7639799596121594
High;0.5720285594288115;0.1066666666666666;0.2820388208872077
Unknown;0.0705585888282234;-0.3333333333333333;-0.9516363236176388
Control;0.242435151296974;0.4021164021164021;0.3377820373698516
Unknown;0.4105117897642047;-0.1914893617021276;-0.3532784638501949
Medium;0.3109137817243655;-0.0123456790123456;-0.4451692460537161
Unknown;0.1460770784584308;0.4126984126984127;0.5500961864043893
Unknown;0.6181818181818182;0.1111111111111111;0.5682371594065011
Low;0.0155196896062078;0.5688311688311688;0.3358462793370732
Unknown;0.0293594128117437;0.5802469135802469;0.3618059334146737
Low;0.3200735985280294;0.3061224489795918;0.3301053213303349
Unknown;0.2273554528909422;-0.3986928104575163;-0.5932918078294269
Unknown;0.1979560408791824;-0.2884615384615384;-0.5855223001224286
Unknown;0.1592768144637107;0.3043478260869565;0.5058762127162669
Unknown;0.7149857002859943;-0.0070921985815602;0.2826156778665187
Unknown;0.987380252394952;0.1063829787234042;0.0253819208509165
Unknown;0.2069558608827823;0.072463768115942;-0.9267764053068206
Unknown;0.9060618787624248;-0.0044444444444444;0.1533149380793419
Control;0.0098398032039359;-0.6172839506172839;-1.3609522715715134
Unknown;0.1883162336753265;0.3511111111111111;0.5336069638170549
Unknown;0.6056278874422512;0.5461538461538461;0.2281205100206642
Unknown;0.2136357272854543;0.3555555555555555;0.4153197496828658
Control;0.74902501949961;-0.1739130434782608;-0.1203841283689311
Unknown;0.6109877802443952;0.0022675736961451;0.2216104184296559
Unknown;0.376632467350653;0.2222222222222222;0.3913059930913996
Medium;0.1740765184696306;0.4088050314465409;0.587075466274428
Unknown;0.6349073018539629;0.0849673202614379;0.2945013502304058
Low;0.0233595328093438;0.3939393939393939;0.6375755321613903
Unknown;0.0049999000019999;0.6666666666666666;1.145042004818409
Control;0.2576748465030699;0.173076923076923;0.4908280065587011
Unknown;0.0755184896302074;-0.2991666666666667;-0.6033835338045154
Unknown;0.6905461890762185;0.0;-0.0342551961318173
Unknown;0.118597628047439;0.3738095238095238;0.4741653864400286
Medium;0.3879922401551969;0.1259259259259259;0.2873380813650258
High;0.120317593648127;0.3915343915343915;0.6060191151644742
Unknown;0.2311553768924621;0.2986111111111111;0.4370047181191339
Control;0.249515009699806;0.2923076923076923;0.4175369922212363
Unknown;0.0018399632007359;0.6020408163265306;0.80408210943181
Unknown;0.2070358592828143;0.354679802955665;0.4847689634455862
Unknown;0.0660786784264314;0.4727272727272727;0.8414018555800417
Unknown;0.0454390912181756;0.4033485540334855;0.5945228407939309
Unknown;0.0412391752164956;0.4876543209876543;0.6408384605227333
Unknown;0.986340273194536;-0.0625;0.0665003342160956
High;0.4049119017619648;0.2222222222222222;-0.3563470978695343
Medium;0.5608287834243315;0.1437908496732026;-0.2225808122257707
Unknown;0.0141597168056638;0.6355555555555555;0.654592932828645
Unknown;0.4129117417651647;0.1377777777777777;0.3992460056322063
Unknown;0.1952760944781104;0.2789115646258503;0.5651007198567166
Unknown;0.0750384992300154;0.3703703703703703;0.6138086178145601
Unknown;0.244515109697806;-0.0217391304347826;-0.550875883657246
Unknown;0.5112297754044919;0.0961538461538461;0.2696850115894683
Unknown;0.2272754544909102;-0.0802469135802469;-0.5423585603308975
High;0.0077598448031039;0.7333333333333333;0.4772867312000807
Unknown;0.3600727985440291;-0.1866666666666666;-0.2124385511390767
Unknown;0.4525109497810043;0.2056737588652482;-0.3344644149281046
Unknown;0.0013999720005599;-0.7333333333333333;-2.288546009373539
Unknown;0.3977520449591008;0.2955974842767295;0.3651308101232498
Unknown;0.0137197256054878;-0.3673469387755102;-1.3345250949225247
Unknown;0.4447911041779164;-0.1276595744680851;-0.3336071965139245
Unknown;0.8409431811363772;-0.1481481481481481;0.0250572319041031
Unknown;0.1363972720545589;-0.4488888888888889;-0.759855007373561
Control;0.0126397472050558;0.6787878787878788;0.7052863855987443
Unknown;0.9713805723885522;-0.0460829493087557;0.0554848001441516
Unknown;0.5884282314353713;0.0136054421768707;-0.1780733526426605
Unknown;0.6963060738785224;0.1555555555555555;0.3074743039537075
Unknown;0.0218795624087518;0.5217391304347826;0.6734245831736686
Unknown;0.5268294634107318;0.2898550724637681;0.3166329816935415
Unknown;0.6512488436632747;0.0888888888888888;-0.2448078967074475
Control;0.113397732045359;-0.108695652173913;-1.0236073877216263
Low;0.5951080978380432;-0.3439153439153439;0.025157380940572
Unknown;0.0001999960000799;0.8188405797101449;1.1935626890359603
Medium;0.123077538449231;-0.1761006289308176;-1.2033368916015768
Unknown;0.0701185976280474;0.2773465067043049;0.3377341708035694
Unknown;0.0412791744165116;-0.2590799031476997;-0.8946646430596515
Unknown;0.8892222155556889;0.3194444444444444;0.1639599106517476
Unknown;0.3385532289354213;-0.3121693121693121;-0.3881261335267922
Unknown;0.1733565328693426;-0.2925170068027211;-0.6362215377272663
Unknown;0.4781104377912442;-0.0044444444444444;-0.3390833063598366
Unknown;0.0853182936341273;0.457516339869281;0.3922487757513148
Unknown;0.6486670266594668;0.0508474576271186;-0.1610359909595877
Unknown;0.2023559528809423;0.2807881773399014;0.5036283892222231
Unknown;0.2619147617047659;-0.1231527093596059;-0.4706344535420054
Unknown;0.493910121797564;-0.0283687943262411;-0.2552353162628881
Unknown;0.4584308313833723;-0.2330827067669172;-0.1652085813628217
Unknown;0.8194636107277854;0.2108843537414966;-0.0568496598947596
Unknown;0.9054218915621688;0.3829787234042553;0.0397617419945542
Unknown;0.0763184736305273;0.5507246376811594;0.6859786297517817
Unknown;0.4678306433871322;0.1333333333333333;0.3334311129022628
Unknown;0.9014219715605688;0.1703703703703703;0.073883131700251
Unknown;0.2216355672886542;-0.3424836601307189;-0.4358029611242723
Unknown;0.374472510549789;0.0147783251231527;-0.2781182065458711
Unknown;0.4245515089698206;0.1224489795918367;0.3600019667009975
Unknown;0.8421831563368732;0.4347826086956521;-0.0572779900630151
Unknown;0.8508229835403291;0.04;0.1548281914922272
Unknown;0.4138717225655487;-0.3188405797101449;-0.330187376236624
Unknown;0.1759164816703665;0.3125;0.5459958000344027
Unknown;0.4393512129757405;-0.1746031746031746;-0.1403758687982555
Unknown;0.5073498530029399;-0.1020408163265306;-0.2269712872984311
Low;0.0007199856002879;0.723404255319149;1.2840138776254024
Medium;0.1807563848723025;0.1041162227602905;0.4880237966282142
Control;0.3469130617387652;-0.0428571428571428;-0.3502356871533391
Unknown;0.0747585048299034;0.4347826086956521;0.6857883030694798
Unknown;0.5388692226155477;0.2088888888888889;0.2898498214148476
Unknown;0.5395892082158357;0.2398921832884097;0.2687204057462969
Unknown;0.24907501849963;0.3010204081632653;-0.5142120172417578
Unknown;0.1638367232655347;-0.0197044334975369;-0.9591899547940363
Unknown;0.4293514129717405;0.414519906323185;-0.3514308209814136
Unknown;0.4749505009899802;-0.1597222222222222;-0.2904999396470539
Unknown;0.0212795744085118;0.6111111111111112;0.6478812605125353
Unknown;0.0900381992360152;0.4897959183673469;0.6719269651137755
Unknown;0.5375892482150357;-0.119047619047619;-0.1141181503808049
Unknown;0.6687066258674826;-0.1478696741854636;-0.1576363809871483
Unknown;0.997260054798904;-0.0666666666666666;0.1521498731879362
Unknown;0.8947821043579128;-0.1956521739130435;0.0612859161148199
Control;0.5780284394312114;0.4652777777777778;-0.1825671361171589
Unknown;0.7940241195176097;-0.0222222222222222;0.1613245272604286
Unknown;0.2090358192836143;-0.463768115942029;-0.5730665937085649
Unknown;0.2915941681166377;-0.2040816326530612;-0.4741983474636448
Unknown;7.999840003199936e-05;0.796875;0.3334006607594474
Unknown;0.2765944681106378;0.2169312169312169;0.4280385743115676
Unknown;0.7334253314933701;-0.0069444444444444;0.2051693257503405
Unknown;0.4359512809743805;-0.1777777777777777;-0.3277829842017047
Low;0.0692386152276954;0.4666666666666667;0.6395430764390411
Unknown;0.1618767624647507;-0.1116883116883116;-0.7127643780252241
Medium;0.0714785704285914;-0.5533333333333333;-0.9710066926671248
Low;0.0843183136337273;0.3464052287581699;0.5621500931700039
Unknown;0.0095198096038079;0.6833333333333333;0.4891810655514547
Unknown;0.0775984480310393;0.4513888888888889;0.556282973268079
Unknown;0.3178736425271494;0.1886792452830188;0.3753396601831972
High;0.0475190496190076;-0.5882352941176471;-0.9694951844008256
Unknown;0.9445811083778324;0.0133333333333333;0.0676836381217066
Medium;0.0128797424051518;0.4876811594202898;0.3886039467400938
Medium;0.8806623867522649;0.1045751633986928;0.0837424460845802
Unknown;0.5965480690386192;0.06;0.259887258775851
Unknown;0.6723865522689546;0.0772727272727272;0.1849227826528656
Unknown;0.9233415331693366;0.1527777777777778;0.0478184618841291
High;0.0205195896082078;-0.4444444444444444;-1.4389548080647918
Control;0.7371452570948581;0.5704295704295704;-0.0240238308016636
Unknown;0.0015599688006239;-0.5072463768115942;-2.020103665136169
Unknown;0.5329093418131637;0.1066666666666666;0.2925623463005906
Unknown;0.0550388992220155;0.4061624649859944;0.323285010137699
Unknown;0.0003599928001439;0.7073170731707317;0.7920228272863007
Unknown;0.3519129617407652;-0.2925170068027211;-0.3911783884750894
Low;0.8403431931361373;0.0266666666666666;0.2146214621557356
Unknown;0.244035119297614;-0.3546099290780142;-0.7195526331181703
Unknown;0.3908321833563328;-0.2888888888888888;-0.38030408932617
Unknown;0.0767676767676767;0.7674418604651163;0.711517814432375
Unknown;0.3780724385512289;-0.52;-0.3916556332040112
Unknown;0.2020759584808303;0.3790849673202614;0.3346148158862129
Unknown;0.7045459090818184;-0.0109890109890109;-0.0840115947719244
Medium;0.4561508769824604;0.1269841269841269;0.2683302113991769
Unknown;0.0502789944201116;0.46;0.7530544658377684
Unknown;0.375912481750365;0.1911111111111111;0.3454944335837345
Unknown;0.5381892362152757;0.1376811594202898;0.3313522595788014
Low;0.0060798784024319;0.4421487603305785;0.7106973935390761
Unknown;0.0007199856002879;0.7288135593220338;1.0970524733963658
Unknown;0.0508789824203515;-0.5066666666666667;-1.0529265400122036
Unknown;0.617627647447051;-0.2444444444444444;-0.1445028128223646
Unknown;0.0992780144397112;0.2413793103448276;0.554803450095818
Unknown;0.7839043219135617;-0.2355555555555555;-0.0094696073606543
Unknown;0.3219535609287814;-0.3668188736681887;-0.3571918283371518
Unknown;0.4530709385812284;0.0577777777777777;-0.3416736226634788
Unknown;0.0211595768084638;0.572463768115942;0.6399592508607858
Unknown;0.866982660346793;0.0;0.1193268363389877
Medium;7.999840003199936e-05;0.8095238095238095;1.108032547385816
Unknown;0.7575448491030179;-0.1292517006802721;-0.1241063728773099
Unknown;0.3103537929241415;0.1666666666666666;0.4022959489688406
Unknown;0.7932241355172897;-0.0425531914893617;0.2230678529223597
Unknown;0.1781964360712785;-0.3259259259259259;-0.5909536092939418
Unknown;0.117957640847183;0.2108843537414966;-0.8963383101909284
Unknown;0.5629087418251635;0.1172839506172839;0.271731840272952
Unknown;0.8106637867242655;0.0507246376811594;0.1491742282037732
Unknown;0.9542209155816884;0.144927536231884;0.0966187334340605
Unknown;0.0143197136057278;0.6346153846153846;0.931372653227502
Unknown;0.8101037979240415;0.3836477987421384;0.1806420527819336
Control;0.1037979240415191;0.06265664160401;-0.933494544130477
Low;0.5371492570148597;0.0524691358024691;-0.1322243816841667
Unknown;0.245355092898142;0.2875816993464052;0.4094274562883841
Unknown;0.612227755444891;-0.296875;-0.1654174416967237
Unknown;0.0439591208175836;0.4473067915690866;0.4936384465865433
Unknown;0.4550708985820283;0.0638888888888888;0.2672839981980094
High;0.3397532049359013;0.2757352941176471;0.3584218038639831
Low;0.0262394752104957;-0.5333333333333333;-1.1007313850383058
Unknown;0.0006799864002719;0.6961538461538461;1.0555670541272806
Unknown;0.0039999200015999;-0.4154929577464789;-1.526806475884587
Unknown;0.2018359632807344;0.1428571428571428;-0.7891531516270811
Unknown;0.0002799944001119;0.8076923076923077;0.9194668563470768
Unknown;0.9061418771624568;-0.237037037037037;0.1814233544819818
Unknown;0.3361532769344613;-0.2088888888888889;-0.2138808061464252
Unknown;0.9431811363772724;0.0423076923076923;0.0933192702260052
Unknown;0.3621527569448611;-0.2482269503546099;-0.3905024628837407
Unknown;0.5779484410311794;-0.08;-0.2300462355798363
Control;0.0046799064018719;0.7777777777777778;0.9004908380483058
Control;0.5085498290034199;0.1751412429378531;-0.0359628471090945
Unknown;0.1789164216715665;0.357208448117539;0.3895588806529399
Low;0.2323553528929421;-0.3162878787878788;-0.3918970172060351
Low;0.0004799904001919;0.8979591836734694;0.3627244215086981
Unknown;0.7239455210895782;0.2160493827160493;0.1790944712295588
Unknown;0.6960260794784104;-0.3555555555555555;0.055236760670097
Unknown;0.8102237955240895;-0.0814814814814814;0.0730478586525286
Unknown;0.885422291554169;0.0208333333333333;0.0284835375881973
Unknown;0.374032519349613;-0.3922077922077922;-0.3524283171982522
Unknown;0.0001199976000479;0.7019681349578257;1.1327714286579489
Unknown;0.4351112977740445;0.2088888888888889;0.3719912981619698
Unknown;0.0689186216275674;0.5555555555555556;0.6726599815716228
Unknown;0.3895122097558048;-0.0311111111111111;-0.4367663971111435
Unknown;0.7812243755124898;0.1976470588235294;-0.051006036085032
Unknown;0.7729845403091938;0.0133333333333333;0.2335709101583589
Unknown;0.755064898702026;-0.203125;0.0107716623825646
Medium;0.7190656186876262;0.0296296296296296;0.2585417819325276
Unknown;0.7513449731005379;-0.0092165898617511;0.1720999231140193
Unknown;0.0014399712005759;0.76;0.862890297640635
Unknown;0.0002399952000959;0.6;0.6670289375545707
High;0.6181476370472591;0.0460048426150121;0.2397202992908199
Medium;0.7815443691126177;0.320754716981132;0.1805362108518267
Unknown;0.3102337953240935;0.1798941798941798;0.4052114439733777
Unknown;0.4113517729645407;0.2444444444444444;0.3964166730013573
Low;0.2217155656886862;-0.15;-0.5268308752917005
Unknown;0.0641187176256474;0.5037037037037037;0.5357450217445469
Unknown;0.5453490930181396;-0.2088888888888889;-0.223020634334407
Unknown;0.4571908561828763;0.0333333333333333;-0.2711117732987757
Low;0.4049519009619807;-0.2569444444444444;-0.3602223564784635
Unknown;0.0013599728005439;0.5364758698092031;0.3395059881589571
Unknown;0.983940321193576;0.1007905138339921;0.0176925084553511
Unknown;0.2745145097098058;0.3148148148148148;0.3844485303354796
Unknown;0.9370612587748244;-0.0612244897959183;0.0739902609895654
Unknown;0.1805163896722065;0.3012820512820512;0.3587772554970476
Control;0.4358712825743485;0.2466666666666666;0.3632261282262713
Medium;0.6415471690566189;-0.36;-0.1962790786440349
Unknown;0.0451190976180476;-0.3;-0.8931338323493431
Control;0.1987560248795024;0.4595336076817558;0.3732924221357543
Unknown;0.9269014619707606;0.0136054421768707;0.0949100292832962
Unknown;0.6115477690446192;0.3523809523809524;0.2270320537772005
Unknown;0.2961140777184456;0.2312925170068027;0.4144613001723691
Unknown;0.0001599968000639;-0.6304945054945055;-1.5615662280908325
Unknown;0.2699146017079658;-0.3955555555555555;-0.5428664975420333
Control;0.0027999440011199;0.5238095238095238;1.2004753320618693
Unknown;0.6097078058438832;-0.04;-0.1963581218179667
Unknown;0.0691586168276634;-0.271889400921659;-0.8716208300600718
Unknown;0.7323853522929541;0.0864197530864197;0.0118206539818831
Unknown;0.0051198976020479;0.5871212121212122;0.4812823587402229
Unknown;0.2574348513029739;-0.2982456140350877;-0.4672049509907268
Medium;0.0970380592388152;-0.2019704433497537;-1.1129567088108523
Unknown;0.9450610987780244;-0.1666666666666666;0.1764291034758433
Unknown;0.123637527249455;-0.456221198156682;-0.7277085670876939
Unknown;0.629947401051979;-0.0354609929078014;-0.1739731673380163
Unknown;0.3547929041419171;0.2814814814814815;0.4168074434207844
Unknown;0.0030399392012159;-0.7916666666666666;-1.6365435797130938
Unknown;0.8173436531269375;0.0496453900709219;0.1762289389234197
Unknown;0.2537149257014859;0.2163265306122449;0.4101299951266848
Unknown;3.999920001599968e-05;0.826530612244898;0.7189537178223241
Unknown;0.8010239795204096;0.0666666666666666;0.1682618043628149
Control;0.0563188736225275;0.4968553459119497;0.2504692053599686
Unknown;0.7352652946941061;0.2340425531914893;0.2440838261079885
Unknown;3.999920001599968e-05;0.68;0.7794121543043564
Unknown;0.9743405131897362;0.1985815602836879;0.0906682609046651
Control;0.2131957360852782;0.2789115646258503;0.4309721690790365
Unknown;0.2744372494603762;0.0;-0.7238584497834243
Unknown;0.0296794064118717;0.4216524216524216;0.5879274063981388
High;0.0159596808063838;0.6370370370370371;0.7501768784921071
Control;0.0361992760144797;-0.4436090225563909;-1.0491786932686176
High;0.9725405491890162;0.150997150997151;0.0307325546495983
Unknown;0.8244235115297694;0.144927536231884;0.1476752823904919
Low;0.8013839723205536;0.050314465408805;0.2126548909901106
Unknown;0.4881102377952441;0.0072463768115942;-0.2912259965508671
Unknown;0.0710785784284314;-0.3550724637681159;-0.9296382524152146
Unknown;0.6844263114737705;0.1020408163265306;0.1714560770214159
Unknown;0.2377552448951021;0.282051282051282;0.3670249578838737
Low;0.1907561848763024;0.3723653395784543;0.3663644689806941
Unknown;0.8230635387292254;0.1159420289855072;-0.0558912546766727
Unknown;0.0547189056218875;-0.4479418886198547;-0.998381164784647
Unknown;0.5900281994360113;-0.1564625850340136;-0.2162112167013425
Low;3.999920001599968e-05;0.7309833024118738;1.1934291233364196
Unknown;0.5856682866342673;-0.2711111111111111;-0.0718634161306082
Unknown;0.119717605647887;0.0195804195804195;-0.6116421758140506
Unknown;0.1395172096558068;0.3133903133903133;0.4522057258842824
High;0.0513189736205275;0.4592592592592592;0.8553132654537088
Unknown;0.6484270314593709;0.0212765957446808;-0.1403247834523428
Unknown;0.0117597648047039;0.5972222222222222;0.8723853459818164
Unknown;0.1367972640547189;0.0579710144927536;-0.7858683696223804
Unknown;0.5116697666046679;-0.1555555555555555;-0.2993680859226751
Unknown;0.0416391672166556;0.3849206349206349;0.5336450140332982
Unknown;0.3875522489550209;-0.2222222222222222;-0.3130275261205908
Unknown;0.0286394272114557;-0.2391304347826087;-1.1630500344519892
Control;0.3121937561248775;0.2898550724637681;0.3182706872210529
Low;0.2322753544929101;0.3541666666666667;0.4518724105092284
Unknown;0.242315153696926;0.4938271604938271;0.4660924052956579
Medium;0.9807003859922802;0.0680272108843537;0.0688277146300141
Unknown;0.3613127737445251;0.1466666666666666;0.4074649554252637
Unknown;0.0597988040239195;0.3843283582089552;0.5565426799541414
Unknown;7.999840003199936e-05;0.8888888888888888;1.644558289560213
Unknown;0.4067518649627007;-0.1147540983606557;-0.3317335005202599
Unknown;0.0096798064038719;-0.5486111111111112;-1.2837382982386536
Unknown;0.8095038099238016;-0.1205673758865248;-0.0814806038600782
Medium;0.0482390352192956;0.5816993464052288;0.885794937909442
Unknown;0.4190716185676286;0.1777777777777777;0.3649856038022058
Unknown;3.999920001599968e-05;0.7607260726072608;0.9876324363597891
Low;0.631107377852443;-0.3537414965986394;0.3296024955357526
Unknown;0.0258794824103517;0.6;0.7449175714245668
Unknown;0.0003199936001279;0.8758169934640523;1.5958979639744897
Unknown;0.7405851882962341;-0.0666666666666666;0.2717755838509523
High;0.9743405131897362;0.34;0.044862601208931
Unknown;0.7205455890882182;0.1527777777777778;-0.1323803875319752
Unknown;0.1279574408511829;0.3472222222222222;0.5373136274875662
Unknown;0.2212355752884942;0.3012820512820512;0.3962468456337483
Unknown;0.2133957320853582;0.3111111111111111;0.5180994356900629
Unknown;0.0037599248015039;0.7051282051282052;0.9379266955670488
Unknown;0.0012399752004959;0.5302663438256658;0.4102116405441877
Unknown;0.8299834003319934;0.2991803278688524;0.1786948994657401
Unknown;0.0721585568288634;0.4666666666666667;0.645639314101048
Unknown;0.0179596408071838;0.5555555555555556;0.846192406229256
Unknown;0.0178396432071358;0.5816993464052288;0.810191629253511
Unknown;0.8431031379372412;0.0144927536231884;-0.0330357786434932
Unknown;0.3300733985320294;-0.0044444444444444;-0.465617781833385
Unknown;3.999920001599968e-05;0.7879518072289157;0.8532499972228931
High;0.0719985600287994;0.3734335839598997;0.6604567147990985
Unknown;0.5366692666146677;0.1801801801801801;0.2903497730942682
Unknown;0.0508789824203515;-0.3194805194805195;-0.8772348544932165
Control;0.2606747865042699;0.1830985915492957;0.3941258074103905
Low;0.0004399912001759;0.7651515151515151;0.4668599600805289
Unknown;0.5482290354192916;-0.2259740259740259;-0.0983285130288387
Unknown;0.7236255274894502;-0.2803030303030303;0.0952202567758584
Unknown;0.5863882722345554;0.1914893617021276;0.2602495821696076
Low;0.6052678946421072;0.0;-0.1977801750952562
Unknown;0.3556728865422691;0.1397058823529411;0.3379197655273254
Unknown;0.4645107097858043;0.0962962962962963;0.3452351357147986
Medium;0.0807983840323193;-0.0676691729323308;-0.81634844136758
Control;0.8274634507309854;0.3245614035087719;0.1822725466073035
Unknown;0.4749905001899962;0.0277777777777777;0.3477889392617327
Unknown;0.4773104537909242;0.1700680272108843;0.3391641853272635
Unknown;0.1699966000679986;-0.0913348946135831;-0.6146764078633743
Unknown;0.0010399792004159;-0.6258503401360545;-2.194414442376796
Unknown;0.7125857482850343;0.0448717948717948;0.1923559539950116
Unknown;0.4576708465830683;-0.0333333333333333;-0.3109481072087062
Unknown;0.0513989720205595;0.52;0.5522144132069507
Unknown;0.2663546729065418;-0.4420289855072464;-0.2327719002653781
Unknown;0.0825583488330233;0.375886524822695;0.4539653615895203
Unknown;0.116917661646767;0.3402777777777778;0.5538875460912336
Unknown;0.0781984360312793;0.303030303030303;0.4286858649162117
Medium;0.9225015499690006;0.3115942028985507;-0.0074932380167984
Unknown;0.2807143857122857;-0.3012048192771084;-0.2490756324717925
Unknown;0.117917641647167;-0.4545454545454545;-0.7075165087515949
Medium;0.0007599848003039;0.6423611111111112;1.0842607304533425
Unknown;0.872542549149017;-0.1741071428571428;-0.034521803228039
Unknown;0.1553968920621587;0.3037037037037037;0.5189305955761964
Unknown;0.0621187576248475;-0.2518518518518518;-0.9211214509389014
High;0.0301993960120797;-0.2970521541950113;-1.1261746374687929
High;0.3050338993220136;-0.1830065359477124;-0.4505542119357576
Unknown;0.8920621587568248;0.1020408163265306;0.1497931936624332
Unknown;0.0480390392192156;0.4842767295597484;0.589837501745451
Unknown;0.1119577608447831;0.3898305084745763;0.4622139861541804
Unknown;0.244755104897902;0.1555555555555555;-0.542888262580406
Unknown;0.0792384152316953;-0.4761904761904761;-0.89688656691986
High;0.1454370912581748;0.4347826086956521;0.6252944010920455
Unknown;0.1022779544409111;-0.2307692307692307;-1.0449504079314045
Low;0.7341053178936421;0.1466666666666666;0.2146638875140363
Unknown;0.0570788584228315;0.4642313546423135;0.368673675003718
Unknown;0.1604767904641907;-0.5037037037037037;-0.6447214366262299
High;0.0594388112237755;0.3694029850746269;0.572141920687121
Unknown;0.1759564808703826;-0.2745098039215686;-0.6565431230194478
Unknown;0.1609967800643987;0.2987012987012987;0.5564452500426915
Unknown;0.5585888282234356;0.2080200501253132;0.2706635171053752
Unknown;0.2308753824923501;-0.228395061728395;-0.560698490045261
Unknown;0.0940781184376312;0.3733333333333333;0.4474793247450504
Control;0.0279594408111837;0.6049382716049383;0.6663222478928758
Unknown;0.0121197576048479;-0.5816326530612245;-1.2195998174841955
Unknown;0.5350292994140117;0.554945054945055;0.3134313225694775
Unknown;0.0725985480290394;0.4603174603174603;0.5598248316134845
Unknown;0.0249595008099838;0.1083743842364532;-1.2631392584737564
Unknown;0.3062338753224936;0.2518518518518518;0.4097299291622876
Unknown;0.6468270634587309;-0.2222222222222222;-0.1544169147686738
Unknown;0.2824743505129897;-0.3125;-0.4744629807195404
Unknown;0.8484630307393852;0.0253623188405797;-0.0314549080141763
Unknown;0.2120757584848303;0.3617021276595745;0.4456576901393058
Unknown;0.6620267594648107;0.5918367346938775;0.238748077056281
Unknown;0.0089598208035839;0.5277777777777778;0.5308632186572797
Unknown;0.4745105097898042;0.0;0.2972414317965979
Unknown;0.2072358552828943;0.3063063063063063;0.4538238798736975
Unknown;0.6026679466410672;-0.3333333333333333;-0.1714500447337767
Unknown;0.9190216195676086;0.4055555555555555;0.0980953843875716
Unknown;0.249995000099998;0.2348484848484848;0.4496588968338025
Unknown;0.7185456290874183;0.0496453900709219;0.1774001539065554
Unknown;0.7257054858902822;-0.1466666666666666;-0.1315801922151676
Unknown;0.376352472950541;0.2355555555555555;0.3682430429669476
Low;0.2620747585048299;0.1587301587301587;0.3774244071251975
Unknown;0.24067518649627;-0.5384615384615384;-0.552205406645402
Unknown;0.9429811403771924;-0.0493827160493827;0.0660365378592051
Unknown;0.1916761664766704;0.2810457516339869;0.4466541599300735
Unknown;0.0002799944001119;0.5879120879120879;0.3059610028812444
Unknown;0.3337533249335013;0.0844444444444444;0.4958042822064022
Unknown;0.2255954880902382;-0.2013888888888889;-0.5550287476679734
Unknown;0.6891462170756585;0.074074074074074;0.2413621337376572
Control;0.9729005419891602;-0.0434782608695652;0.1228313156253502
Unknown;0.0806383872322553;-0.3782051282051282;-0.8375330413600323
Unknown;0.121317573648527;-0.5064935064935064;-0.75391416551659
Low;0.7128657426851462;-0.1347517730496454;-0.1146094419237273
Unknown;0.0968780624387512;-0.0466666666666666;-0.8176571080211696
High;0.0807583848323033;0.2607709750566893;0.6031176592223295
Unknown;0.6575468490630187;0.0888888888888888;0.0709258192721575
Control;0.0425591488170236;0.4192037470725995;0.3470375408321653
Low;0.1068378632427351;0.3644444444444444;0.4758570608704426
Unknown;0.9627807443851124;-0.0691823899371069;0.012641087782808
Control;0.0095998080038399;-0.2761904761904762;-1.7250515547780485
Control;0.6571068578628427;-0.3675213675213675;-0.0971582844407014
Unknown;0.7867442651146977;0.18;0.0130992123089418
Unknown;0.2100757984840303;0.2962962962962963;0.31222439201225
Unknown;0.3469530609387812;0.1921182266009852;0.3031724765600577
Unknown;0.0888382232355353;-0.4133333333333333;-0.9974266982666792
Unknown;0.1005979880402392;0.3518518518518518;0.4540235982566105
Low;0.0015599688006239;0.66796875;1.022183051036913
Unknown;0.2713545729085418;0.0733333333333333;-0.4926287234174121
Unknown;0.749545009099818;0.0144927536231884;0.2156114252813124
Unknown;0.4415511689766204;-0.2681159420289855;-0.29572214667582
Unknown;0.0872782544349113;-0.1914893617021276;-1.1830183896277926
Unknown;0.9081418371632568;-0.1534391534391534;0.0315494470170231
Unknown;0.123437531249375;0.4066666666666667;0.6220701091924232
Medium;0.0542389152216955;0.3428571428571428;0.4118117867276147
Control;0.3340733185336293;0.2259740259740259;0.3924477346363855
Unknown;0.7016259674806504;0.1658986175115207;0.2167997764984894
Control;0.0404791904161916;-0.3666666666666666;-1.054282583282912
Low;0.4167916641667166;0.2103896103896103;-0.3016383392623948
Unknown;0.0385592288154236;-0.6358024691358025;-0.9754602173358652
Unknown;0.2307953840923181;-0.5277777777777778;-0.3021478916644315
Unknown;0.0002399952000959;0.8269230769230769;1.09095173733095
Control;7.999840003199936e-05;0.8765432098765432;1.4194681700305418
Unknown;0.0029599408011839;0.7169811320754716;1.008309699679585
Unknown;0.0289994200115997;-0.1173469387755102;-1.2028769035540836
Control;0.4573908521829563;-0.1555555555555555;-0.327057873519023
Unknown;0.0166396672066558;-0.67578125;-1.2022343454484563
Unknown;0.3026339473210536;0.238095238095238;-0.5449169041736883
Unknown;0.4466310673786524;0.2088888888888889;0.3184802834922037
Unknown;0.980980380392392;0.1428571428571428;0.0789010619612202
Unknown;0.4781504369912602;0.3809523809523809;0.3417043612262798
Unknown;0.4429111417771644;-0.3529411764705882;-0.3359398803149739
Unknown;0.0303993920121597;0.5035460992907801;0.7686434833667506
Unknown;0.1987560248795024;0.1339198435972629;-0.6134152306818769
Unknown;0.0865182696346073;0.44;0.4135899926067911
Unknown;0.0168396632067358;-0.3285714285714285;-0.943287306767936
Unknown;0.8018639627207456;-0.1173469387755102;-0.0708267697363774
Control;0.2562748745025099;-0.1875;-0.5428427693481584
Unknown;0.5963080738385232;0.1733333333333333;0.2631148643319089
Unknown;0.0389592208155836;0.3552014995313964;0.5678583579157632
Unknown;0.0218795624087518;0.5942028985507246;0.9912451443208908
Unknown;0.3228735425291494;0.3333333333333333;0.4367936295291015
Unknown;0.7299854002919942;-0.0432098765432098;0.2163096376730339
Low;3.999920001599968e-05;0.9814471243042672;1.1904016531528412
Unknown;0.2323553528929421;-0.3608247422680412;-0.4092883041753192
Unknown;0.5700285994280114;-0.3111111111111111;-0.2404604033617931
Unknown;0.2635947281054379;0.1176470588235294;0.4113062968355893
Unknown;0.0210395792084158;0.5816993464052288;0.4300923960977728
High;0.0775984480310393;0.365079365079365;0.5176012728317209
Unknown;0.4087918241635167;0.1597222222222222;0.323125232375878
Unknown;0.489790204195916;0.1489361702127659;0.2974346816652152
Unknown;0.4461910761784764;0.2074074074074074;0.3538054110816472
Unknown;0.0755184896302074;0.3943661971830985;0.6304787225683393
Unknown;0.3256334873302534;-0.3819444444444444;-0.1582340527884349
Unknown;0.0721185576288474;-0.4;-0.8132820958759477
Unknown;0.0611187776244475;0.4592592592592592;0.7554096553522326
Unknown;0.0100797984040319;-0.4629629629629629;-1.400009542316467
Unknown;0.7638247235055299;-0.0962962962962963;-0.0357900475890226
Unknown;0.0566388672226555;-0.4285714285714285;-0.8231959881089741
Medium;0.871502569948601;0.0985221674876847;0.1538267662017634
Unknown;0.0025599488010239;0.6529850746268657;0.5140305649141297
Unknown;0.874662506749865;-0.1355140186915887;-0.0398009145123673
Unknown;0.6705065898682027;-0.3768115942028985;-0.0630605701044457
Unknown;0.4464310713785724;-0.5;-0.2699791898307515
High;0.0096798064038719;0.5410447761194029;0.7129411350460318
Low;0.7256654866902662;-0.4311111111111111;0.1217500536651579
Unknown;0.0819983600327993;-0.2080200501253132;-1.0164535417818947
Control;0.0139197216055678;0.691358024691358;0.682204447635004
Unknown;0.0366792664146717;-0.3405797101449275;-1.1660843700669954
Unknown;0.1703165936681266;0.3049645390070922;0.5427306206645692
Unknown;0.8085038299234015;0.3197278911564626;0.1284150211396067
Unknown;0.0257994840103197;-0.3958333333333333;-1.050398331375893
High;0.3074338513229735;-0.0488888888888888;-0.4875475680115215
Unknown;0.2365552688946221;-0.4135802469135802;-0.1883434852441475
Low;0.1629567408651827;0.4708994708994709;0.5193870891450106
Unknown;0.8037439251214976;0.25;-0.0576055122890867
Unknown;0.7976240475190496;0.3547619047619048;-0.0095584806169516
Low;0.0056398872022559;-0.0833333333333333;-1.2585730892429554
Medium;0.2160756784864302;-0.5588972431077694;-0.6615462398421762
Unknown;0.2778744425111498;0.1466666666666666;0.4190670866932516
Unknown;0.9095418091638168;-0.1428571428571428;0.089326903444717
Unknown;0.7684646307073858;-0.0789473684210526;0.0183930608778322
Unknown;0.0015199696006079;-0.5460992907801419;-2.08838636861756
Low;0.5466690666186677;0.328125;0.2840506733209634
Unknown;0.7948641027179456;0.1031746031746031;0.1727086916375298
Unknown;0.3078338433231335;-0.1647058823529411;-0.357392590092157
Unknown;0.500709985800284;-0.3066666666666666;-0.2557315204663172
Unknown;0.0251594968100637;0.4962962962962963;0.7416231248361982
Control;0.0030799384012319;0.6285714285714286;1.1052047161810328
Medium;0.8383832323353533;-0.2325581395348837;0.0230298619936343
Control;0.6626267474650507;0.0377358490566037;0.1946099645854297
Unknown;0.256034879302414;0.3125;0.4233573106161872
Unknown;0.2662346753064938;-0.1911111111111111;-0.5501427709888387
Unknown;0.4795504089918201;0.2;0.324999815320302
Control;0.0964780704385912;0.4035087719298245;0.6505749274348535
Unknown;0.9601407971840564;-0.0125786163522012;0.015119504592402
Unknown;0.0962380752384952;0.3866666666666666;0.6902387049034112
Medium;0.0002399952000959;0.7755102040816326;0.3562850912524739
Unknown;0.5159496810063798;0.1458333333333333;0.2994316752142238
Unknown;0.117797644047119;0.0141843971631205;-0.8011648270301469
High;0.7565048699026019;-0.0266666666666666;-0.1282297731491347
Unknown;0.6378672426551469;0.1706349206349206;0.2397414317198689
Unknown;0.3516729665406692;0.0238095238095238;-0.6068456820435918
Unknown;0.751504969900602;0.0679012345679012;0.1827547442981649
High;0.0067198656026879;0.6842105263157895;1.0522664248296
Unknown;0.1575168496630067;-0.4266666666666667;-0.6918432153561525
Unknown;0.6161876762464751;-0.1443661971830986;-0.1682491581365243
Unknown;0.0146797064058718;-0.5584415584415584;-1.2959066054889
Medium;0.0037199256014879;-0.3788235294117647;-1.2452690181975945
Unknown;0.378512429751405;0.2080200501253132;0.3684968733210785
Unknown;0.0001599968000639;0.8333333333333334;1.2427754971502247
Unknown;0.367032659346813;0.3129251700680272;-0.4269600931328753
High;3.999920001599968e-05;0.8446115288220551;0.7276915354952775
Unknown;0.0041599168016639;0.6290726817042607;0.3700228686850967
Unknown;0.4173116537669246;-0.0579029733959311;-0.2828985929702176
Unknown;0.0001599968000639;0.7321428571428571;1.1879758903965645
Unknown;0.0008799824003519;0.7687074829931972;0.7561615592532576
Unknown;0.6181076378472431;0.1292517006802721;0.2397861453008736
Unknown;0.375232495350093;-0.1700680272108843;-0.3010736048093439
High;0.1351972960540789;-0.3425925925925926;-0.6782787586399106
Unknown;7.999840003199936e-05;0.8314606741573034;0.76928957819399
Unknown;0.0307993840123197;0.4962962962962963;0.4247194879482723
Low;0.0076398472030559;0.6035714285714285;0.727726082342925
Unknown;0.0166396672066558;0.5636363636363636;0.7312124958811402
Medium;0.7371052578948422;0.1105882352941176;-0.087905679485018
Control;0.8195436091278174;0.2934472934472934;-0.0396535010102766
Low;0.0235595288094238;0.5822222222222222;0.8024835315836507
Unknown;0.8025839483210335;-0.0138888888888888;0.0543012669978445
Unknown;3.999920001599968e-05;0.6410256410256411;1.0871340122065831
Unknown;0.0457990840183196;0.5138888888888888;0.558113980639746
Unknown;0.1511969760604788;0.1346153846153846;-0.8374265795001964
Control;0.4228715425691486;-0.0486111111111111;-0.2511039663207141
Unknown;0.0653986920261594;0.4782608695652174;0.5519896352507049
Unknown;0.2523549529009419;0.2518518518518518;0.4762703945731427
Unknown;0.6435471290574188;0.0988505747126436;0.1867131870951393
Unknown;0.370832583348333;-0.1231884057971014;-0.3978327060325403
Control;0.0707985840283194;0.4640522875816993;0.3190941507015082
Unknown;0.0018799624007519;0.6306306306306306;0.7614418489103524
Unknown;0.6667866642667146;0.3116279069767442;0.2345237929085096
Low;3.999920001599968e-05;0.9685534591194968;1.179808766472866
Control;0.4173916521669567;-0.4379391100702576;-0.3209107286863147
Unknown;0.0250394992100158;-0.5;-1.17667026304635
Unknown;0.1555568888622227;-0.028169014084507;-0.7318925902041546
Medium;0.1096778064438711;0.4119718309859155;0.5997648023920256
Medium;0.253234935301294;-0.8044444444444444;-0.559528062221847
Unknown;0.0347993040139197;0.4458874458874459;0.5808713302565965
Unknown;0.0021999560008799;0.5844155844155844;0.9605992551079382
Unknown;0.1799164016719665;0.3478260869565217;0.5613979890102424
Unknown;0.2998340033199336;-0.2847222222222222;-0.4592974629328688
Unknown;0.1465970680586388;0.1474747474747474;0.4397582734519403
Unknown;0.8653826923461531;0.1666666666666666;0.203387815489821
Unknown;0.9591008179836404;0.0763888888888889;0.061438584188301
Unknown;0.0257194856102877;0.4746376811594203;0.5494259446755868
Unknown;0.7963840723185537;0.1705069124423963;-0.0729531341019319
Low;0.25327493450131;0.4583333333333333;-0.4007125378588859
Unknown;0.7364652706945861;0.0141843971631205;0.1670768726643207
Control;0.2181156376872462;0.28;0.5171280409925291
Unknown;0.3605527889442211;-0.1866666666666666;-0.3486862175963155
High;0.0876382472350553;-0.2462686567164179;-0.8667339142751581
Unknown;0.1887162256754865;0.1020408163265306;-0.7953686938278609
Unknown;0.6579868402631948;-0.2116402116402116;-0.0515153750477405
Unknown;0.9087418251634968;0.0461538461538461;0.059560965714619
Unknown;0.6545469090618188;-0.0069444444444444;0.2575493828699905
Unknown;0.1516769664606707;-0.2074074074074074;-0.8161314795796387
Unknown;0.5728685426291474;-0.2654320987654321;-0.2232494651588342
Unknown;0.4603907921841563;0.1666666666666666;0.2577430354844052
Unknown;0.0242395152096958;0.6122448979591837;0.9170011757907324
Unknown;0.0010799784004319;0.7581699346405228;1.1868569077566922
Unknown;0.114517709645807;0.3660130718954248;0.6934705395165722
Unknown;0.0148397032059358;-0.5128205128205128;-1.5461140229900774
Unknown;0.0175196496070078;0.5769230769230769;0.4912061751461197
Unknown;0.0027999440011199;-0.564625850340136;-1.8165744710501488
Unknown;0.9639407211855764;0.0408163265306122;0.093652285625485
Unknown;0.4138717225655487;0.1282051282051282;0.3778468807273447
Unknown;0.2625947481050379;-0.0070921985815602;-0.617958192378302
Low;0.7291854162916742;0.1134751773049645;0.2003233758509997
Unknown;0.0029999400011999;0.6944444444444444;0.7813194124023055
Unknown;0.117557648847023;-0.1319444444444444;-1.009378104093277
Unknown;0.2318353632927341;0.3851851851851852;0.4302851437692659
Unknown;0.0838783224335513;0.4844444444444444;0.727237967385258
Unknown;0.5768684626307474;0.1640316205533596;0.2343223880463945
Control;0.0295594088118237;0.4649350649350649;0.7651824794832186
Unknown;0.5270694586108278;0.1395348837209302;0.3207004747594538
Unknown;0.0111997760044799;-0.6368038740920097;-1.3717422168137727
Unknown;0.751264974700506;0.2641509433962264;0.1541500232140332
Unknown;0.5332293354132918;-0.1383647798742138;-0.2351538225349467
Unknown;0.5959080818383632;0.02;-0.0553848176488684
Control;0.0023999520009599;0.610655737704918;0.7117769085690604
Unknown;0.989980200395992;0.1458333333333333;0.125258507097782
Unknown;0.0044399112017759;0.6238095238095238;0.8315871513648576
Unknown;0.4631507369852602;0.1428571428571428;0.3089837861857146
Unknown;0.240115197696046;-0.2452830188679245;-0.5570496246027309
Low;0.7070258594828104;0.287037037037037;-0.0773608661447592
High;0.2823543529129417;0.2644927536231884;0.3919342896507307
Unknown;0.0188396232075358;0.5238095238095238;0.412140654414931
Unknown;0.0104397912041759;-0.238095238095238;-1.7246388046450256
Unknown;0.1976360472790544;0.0138888888888888;-0.9301727667469863
Control;0.0448791024179516;-0.3516483516483517;-1.1318513039685243
Unknown;0.0238395232095358;-0.4436090225563909;-0.9462987852892027
Unknown;0.3973520529589408;0.1805555555555555;0.3843296715423205
Unknown;0.0165596688066238;-0.1496598639455782;-1.5828781470358686
Unknown;0.9332613347733044;0.4854819976771196;0.1010127238839064
Unknown;0.0045999080018399;0.4580498866213152;0.4715655157977363
Unknown;0.5613487730245396;0.1647727272727272;0.2673976756420216
Control;0.2661546769064619;-0.0433734939759036;-0.3971803094989239
Control;0.1502369952600948;-0.5038461538461538;-0.581130363118445
Unknown;0.4092318153636927;0.0967741935483871;-0.3081236035907753
Unknown;0.5531089378212436;0.1111111111111111;-0.2484523180579893
Unknown;0.0162396752064958;0.4155844155844156;0.5555656631078972
Unknown;0.0550788984220315;0.5037037037037037;0.4493753537605381
Unknown;0.3359532809343813;0.3545454545454545;0.4554696574502935
Low;0.0003199936001279;0.8169934640522876;1.3994611856103738
Low;0.3783124337513249;0.3006535947712418;0.3906217631542078
Unknown;0.3439531209375812;-0.5034013605442177;-0.4114778437928114
Low;0.0017599648007039;0.66015625;1.0572735443299717
Unknown;0.9277014459710806;-0.0158730158730158;0.1141832228913941
Unknown;0.1007579848403032;0.3546099290780142;0.5596765913224243
Unknown;0.0673986520269594;-0.5133333333333333;-1.0430453985169734
Unknown;0.1092778144437111;-0.1555555555555555;-1.0362753112858825
Unknown;0.3874322513549729;0.3455882352941176;0.3312530807260087
Unknown;0.4662706745865083;-0.4444444444444444;-0.1927757759098341
Low;0.0421191576168476;-0.4192592592592593;-0.7622357909595943
Unknown;0.0706385872282554;0.3540740740740741;0.5859790952003278
Unknown;0.3389932201355973;-0.1304347826086956;-0.416477427756688
Low;0.0310393792124157;0.5733333333333334;0.8443942932509755
Unknown;0.251554968900622;0.12;-0.6185258512953202
Control;0.6573468530629387;0.3853658536585366;0.1710577409847716
Unknown;0.5758684826303474;0.2056737588652482;0.2483503229695938
Low;0.1701965960680786;0.4043583535108959;0.4495867601645315
Unknown;0.6418671626567468;-0.2;0.04082435377956
Unknown;0.7162656746865063;0.1594202898550724;0.2078778720778078
Unknown;0.8554228915421691;-0.0844444444444444;0.1290114707690179
Unknown;0.4238715225695486;0.2073732718894009;0.322184130129301
Unknown;0.243115137697246;0.3115942028985507;0.4819801846737626
Unknown;0.4885102297954041;-0.237037037037037;-0.2888628804176984
Unknown;0.746385072298554;-0.0296296296296296;-0.072129520765859
Unknown;0.0339593208135837;0.4603174603174603;0.8587157215214207
Control;0.6363872722545549;0.0980392156862745;-0.1678642979601805
Unknown;0.0597588048239035;0.4583333333333333;0.6097892675003642
Unknown;0.3963120737585248;0.2066666666666666;0.3140014717107244
Unknown;0.2964740705185896;0.2073732718894009;0.4099098346370916
Unknown;0.3947121057578848;0.1904761904761904;0.3526880135417791
Unknown;0.6052678946421072;0.0044444444444444;0.2787585948953278
Unknown;0.3151136977260454;0.0434782608695652;-0.4268394362643394
Medium;0.4675906481870363;-0.1733333333333333;-0.2678192032562134
Unknown;0.6837863242735145;-0.3081761006289308;0.0853908345272564
Unknown;0.7740645187096258;0.2826086956521739;0.191304812717393
Unknown;3.999920001599968e-05;0.8814814814814815;1.3428605925660653
Unknown;0.5914281714365712;-0.2246376811594203;-0.2126673617813019
Unknown;0.4756704865902681;0.274793388429752;0.2476420998057431
Medium;0.7706645867082659;-0.0755555555555555;-0.1473332308305006
Unknown;0.0134397312053758;0.6805555555555556;0.788500980703898
Control;0.0021599568008639;0.5886524822695035;0.8122407357073297
Unknown;0.748545029099418;-0.1089743589743589;-0.1205679967877678
Unknown;0.8791824163516729;0.0144927536231884;-0.0498736776871924
High;0.502789944201116;0.0942028985507246;-0.2692305621946249
Medium;0.9132617347653048;-0.1133333333333333;0.1142552985072137
Unknown;0.3636727265454691;0.065359477124183;0.3792213155632105
Unknown;0.0824783504329913;-0.326797385620915;-0.8951893290000761
High;0.0211595768084638;0.0579710144927536;-1.655847718074246
Unknown;0.0909181816363672;0.4230769230769231;0.6168191117472702
Unknown;0.248315033699326;0.0283687943262411;-0.5800060586032715
Unknown;0.1001179976400472;0.3877551020408163;0.5368985682440365
Unknown;0.0404791904161916;0.4027777777777778;0.9499766231866074
Unknown;0.0225195496090078;0.4696969696969697;0.7670954729654614
Unknown;0.5349093018139637;0.1319444444444444;0.2968477220169532
Unknown;0.8275034499310013;-0.1376623376623376;0.1063649036892359
Unknown;0.0349193016139677;-0.1742424242424242;-0.8465557861908407
Unknown;0.3957120857582848;-0.1382488479262673;-0.3075788958924102
Unknown;0.9309013819723604;-0.0426065162907268;-0.0137520611873035
Unknown;0.9561808763824724;0.1879432624113475;0.1710009847285227
Control;0.0524389512209755;-0.2765957446808511;-0.9954495454544608
Unknown;0.9658606827863444;-0.15234375;0.0590779056880669
Unknown;0.5767484650306994;0.2091836734693877;0.2373814843671868
Unknown;0.6809063818723625;0.1014492753623188;0.1934304673692587
Unknown;0.0010799784004319;0.8133333333333334;1.364183846612936
Unknown;0.0001199976000479;0.7651515151515151;1.2184344460938688
Unknown;0.5168296634067319;-0.0072463768115942;0.3087452196185155
Unknown;0.2071558568828623;0.3260869565217391;0.4299974475438369
Medium;0.1991560168796624;0.2084481175390266;0.3024256692645572
Unknown;0.253754924901502;-0.0977443609022556;-0.4765902950375823
Unknown;0.3129937401251975;0.0528169014084507;0.3452818696724637
Unknown;0.7923841523169537;-0.4347826086956521;0.0428062736382253
Low;0.3455130897382052;0.1703703703703703;0.4198567466787483
Unknown;0.0073198536029279;0.5413105413105413;0.8579091125883289
Medium;0.0569588608227835;0.4514285714285714;0.4388886630884172
Unknown;0.5828283434331314;0.0809523809523809;-0.1951914317720846
Unknown;0.4842303153936921;0.3144654088050314;0.2148785707133961
Unknown;0.0168796624067518;0.6009852216748769;0.3960113619709565
Unknown;0.1813963720725585;0.2585365853658536;0.3947739123873651
Unknown;0.4835903281934361;0.1565217391304348;0.3939935885728305
Control;0.3464730705385892;0.0075757575757575;-0.3722801721186216
Control;0.0931581368372632;0.0296296296296296;-1.1010958322883837
Unknown;0.0335993280134397;-0.2287581699346405;-1.2032463197256713
Unknown;0.9070218595628088;0.3197278911564626;0.0512212727975286
Unknown;0.9506209875802484;-0.0925925925925925;0.1171909867468819
Unknown;0.3179136417271654;0.2619047619047619;0.4880319604652311
Unknown;0.752104957900842;-0.1933333333333333;-0.099551976457543
Unknown;0.0006799864002719;-0.7532467532467533;-1.9126570866387445
Medium;0.0021599568008639;0.7777777777777778;0.4823685277097315
Unknown;0.4601907961840763;-0.2935064935064935;-0.2661479199058486
Control;0.1986760264794704;0.3380952380952381;0.4295246199323398
Unknown;0.3805123897522049;0.3018867924528302;0.3398628610616744
Medium;0.1904361912761744;0.4809523809523809;-0.6847248983478058
Unknown;0.2391952160956781;-0.5170068027210885;-0.528240698525063
Unknown;0.4460310793784124;-0.2407407407407407;-0.2851250399299983
Low;0.3450330993380132;0.2682274247491639;-0.2275359290333462
Unknown;0.0327193456130877;0.5069444444444444;0.5594996609620067
Medium;0.0019599608007839;0.5911111111111111;1.012719618746398
Unknown;0.5379892402151957;0.1388888888888889;-0.1692736635075739
Unknown;0.0012799744005119;0.6711111111111111;0.7824635866103655
Unknown;0.6760264794704106;-0.175639894086496;-0.1086472874305172
Unknown;0.0177996440071198;0.5;0.5433911297199314
Control;0.0571588568228635;-0.3541666666666667;-1.2674847858737444
Unknown;0.0004799904001919;-0.8488888888888889;-2.3691531900955223
Unknown;0.2343153136937261;0.3209302325581395;0.4679684642305169
Unknown;0.0940781184376312;-0.362962962962963;-0.8702470219486249
Unknown;0.6808663826723466;0.2888888888888888;0.1670816951619679
Unknown;0.3900321993560128;0.1972789115646258;0.3112933423845979
Unknown;0.9328613427731446;-0.1022222222222222;0.0133534410379522
Unknown;0.0496390072198556;-0.2866666666666667;-1.310857257112043
Control;0.2007159856802864;0.1266666666666666;-0.8583970681223972
Unknown;0.126637467250655;0.012531328320802;-0.6792769930256483
Unknown;0.8949421011579768;-0.0158730158730158;0.0485157318426394
Unknown;0.0038399232015359;-0.5466666666666666;-1.854307894442486
Unknown;0.50794984100318;0.0987654320987654;0.3112955591507848
Low;0.1067578648427031;0.1911111111111111;-1.0641143878435346
Unknown;0.997980040399192;0.0782608695652174;0.1151033412672676
Unknown;0.3078738425231495;0.087719298245614;-0.4455044076129065
Unknown;0.0362392752144957;0.5579710144927537;0.7302222070455536
Unknown;0.2859942801143977;0.1702127659574468;0.4568641376183595
Unknown;0.6566268674626508;-0.074074074074074;-0.0867855946058638
Unknown;0.3005939881202376;0.0296296296296296;-0.4865936245467031
Unknown;0.0204795904081918;-0.1489361702127659;-1.4231513431916614
Unknown;0.0046399072018559;-0.6222222222222222;-1.741212402846512
Unknown;0.9277014459710806;-0.0582010582010582;0.0406392453606491
Unknown;0.1280374392512149;-0.2463768115942029;-0.7286186724695938
Unknown;0.2109557808843823;0.2505854800936768;0.4745907185971414
Unknown;0.0176796464070718;0.5763888888888888;0.8856084995192494
Unknown;0.3195536089278214;0.1798941798941798;0.389749597843497
Unknown;0.2327953440931181;0.2893081761006289;0.500156128950876
Unknown;0.0635187296254074;0.4609929078014184;0.6769332453581255
Unknown;0.1415971680566388;-0.3809523809523809;-0.6245103354501882
Unknown;0.1783964320713585;-0.3194805194805195;-0.6091709202088891
Unknown;0.632347353052939;0.1733333333333333;0.2270655856727171
Unknown;0.0267994640107197;0.522077922077922;0.6491956258401305
Unknown;0.5406691866162677;0.2176870748299319;0.2977913784525842
Unknown;0.0241995160096798;0.4710144927536231;0.9249885900975532
Unknown;0.114477710445791;-0.5072463768115942;-0.7597156627225524
Medium;0.0083598328033439;0.5846153846153846;0.9661832174466644
Unknown;0.0271994560108797;0.5460992907801419;0.7147200755595849
Unknown;0.4243515129697406;0.1666666666666666;0.3266945402488491
Medium;3.999920001599968e-05;0.6585695006747638;0.7497577654786027
Unknown;0.2334353312933741;-0.1568627450980392;-0.5382649036213043
Unknown;0.3633127337453251;0.2857142857142857;0.3721659065458346
Unknown;0.7405851882962341;-0.1437908496732026;-0.0953880758187279
High;0.1653966920661586;0.0103703703703703;-0.5503460330141224
Control;0.0013199736005279;0.5583333333333333;0.9288547516955687
Unknown;0.372592548149037;0.320754716981132;0.4021525164959336
Unknown;0.3873122537549249;-0.3464052287581699;-0.3332788577077178
Unknown;0.0477190456190876;0.5644444444444444;0.5795547527971708
Unknown;0.1576368472630547;-0.0373134328358208;-0.7320868708431214
Unknown;0.4232315353692926;-0.0181818181818181;-0.0004128637195131
Unknown;0.0028399432011359;-0.7133333333333334;-2.174950363924183
Control;0.0015999680006399;0.6038961038961039;1.0326397861295264
Unknown;0.0756784864302713;0.5111111111111111;0.7462327106170519
Unknown;0.1077978440431191;0.1375661375661375;-0.7543439209275872
Unknown;0.2205955880882382;-0.562962962962963;-0.572441659910891
Unknown;0.2221155576888462;0.3262411347517731;0.2827830213779984
Unknown;0.7132257354852903;-0.1276595744680851;-0.1545202804984343
Unknown;0.0537989240215195;0.46;0.7942208988710506
Low;0.1887162256754865;0.3300492610837438;0.4414316982005227
Unknown;0.0050398992020159;0.5483870967741935;0.4752110755257124
Low;0.2148757024859502;-0.4379084967320261;-0.6319830494781775
Unknown;0.3267134657306854;0.2243589743589743;0.4323320734829525
Unknown;0.1992360152796944;0.3688888888888889;0.4365902806496298
Unknown;0.1568768624627507;0.4534883720930232;0.4647185330481511
Control;0.6401871962560749;-0.191358024691358;0.0204655847845739
Low;0.3488730225395492;0.2266666666666666;0.4424771519746273
Unknown;0.6334673306533869;0.181159420289855;0.2554664966053283
Control;0.4159116817663646;-0.1333333333333333;-0.3442516626473041
Unknown;0.115157696846063;0.2444444444444444;0.5047511522973133
Unknown;0.0811183776324473;0.3809523809523809;0.6272531158531879
Unknown;0.255634887302254;0.4743589743589743;0.4894194768325954
Unknown;0.0029199416011679;-0.0654205607476635;-1.1900302890110512
Unknown;0.4409911801763965;-0.3469387755102041;-0.3028572448734896
Unknown;0.8242235155296894;0.0275689223057644;0.1044779927030815
Unknown;0.881102377952441;0.0933333333333333;0.1000761052160805
Low;0.9091818163636728;-0.0555555555555555;0.0995235323657303
Control;0.5493890122197556;0.1088435374149659;-0.2314593852369229
Unknown;0.0082398352032959;0.5585585585585585;0.6404160170917736
Unknown;0.6945861082778344;0.0347222222222222;-0.0878330373170637
Unknown;0.0001199976000479;0.8867924528301887;1.1583062862851412
Unknown;0.2933541329173416;0.2083333333333333;0.4626545652722907
Unknown;0.7654646907061858;-0.0138888888888888;0.1964430425943886
Unknown;0.0869582608347833;0.4492753623188406;0.5792380616705278
Low;0.3792724145517089;-0.1644444444444444;-0.4146094774323393
Unknown;0.0491590168196636;-0.4285714285714285;-0.9399833955902396
Control;0.1696366072678546;0.074074074074074;-0.9208290622296575
Unknown;0.2892342153156937;0.3188405797101449;0.4342895606736344
Low;0.747865042699146;0.3621933621933622;0.1347533038139833
Unknown;0.6437071258574828;0.0277777777777777;0.2240135224514984
Unknown;0.4589908201835963;-0.0666666666666666;-0.3277489936705124
Unknown;0.8821823563528729;0.1360544217687075;-0.0303673167421593
Unknown;0.0781984360312793;-0.1581632653061224;-1.036762709592614
Unknown;0.0002799944001119;0.8085106382978723;0.9742809073676376
Medium;0.4600707985840283;0.1304347826086956;0.3170889369505896
Unknown;0.1966360672786544;-0.3984962406015037;-0.5530532705387473
Unknown;0.0453190936181276;0.6143790849673203;0.3950988455129783
Unknown;0.3343133137337253;-0.0921985815602836;-0.4687382079004452
Unknown;0.6025079498410032;0.0935960591133004;0.221193645433161
Low;0.0025199496010079;0.5547619047619048;0.9415110446274676
Unknown;0.3783524329513409;0.2;0.3813062729591778
Unknown;0.4475910481790364;-0.0449438202247191;-0.2412587709316776
Medium;0.3955120897582048;0.2651851851851852;0.3028949575889635
Unknown;0.0135197296054078;0.5102040816326531;0.3438447293530207
Unknown;0.2973540529189416;0.4080808080808081;0.3351514594437926
Unknown;0.5294694106117878;-0.4294871794871794;0.0160914703912105
Unknown;0.0745985080298394;-0.2733333333333333;-0.9043298143775568
Unknown;0.8651426971460571;0.0;0.0318418807467158
Unknown;0.873342533149337;0.0272108843537414;0.0245889787605703
Control;0.115317693646127;-0.1534883720930232;-0.6783199753155198
Low;0.1457570848583028;0.3266733266733266;0.4614585412572954
Unknown;0.4484310313793724;0.2448979591836734;0.342219324612906
Unknown;0.756184876302474;0.0641025641025641;0.1830589521917245
Unknown;0.5755484890302194;-0.1063829787234042;-0.1905720130053639
Unknown;0.4707505849883002;0.1702127659574468;0.318159387125059
Unknown;0.3623927521449571;0.3076923076923077;0.4028483957500391
Low;0.379472410551789;0.0816326530612244;-0.3490707658734305
Unknown;0.613147737045259;0.1729323308270676;0.2168667791311754
Unknown;0.2595548089038219;-0.4844444444444444;-0.2016246000035834
Low;0.1729565408691826;-0.037037037037037;-0.7356499882291629
Unknown;0.4265514689706206;-0.0441558441558441;-0.2532885007215817
Control;0.7839843203135938;0.375886524822695;0.1747504641544068
Unknown;0.0308393832123357;0.3928571428571428;0.6129334202660908
Unknown;0.0023599528009439;-0.6074074074074074;-1.6256372073998568
Medium;0.1761564768704626;0.0367647058823529;-0.9839259137472992
Low;0.0743985120297594;0.4025157232704403;0.6252193687530112
Unknown;0.2633547329053419;-0.130718954248366;-0.5334153958606157
Unknown;0.1787164256714865;0.4822695035460992;0.5677051586273028
Unknown;0.1999160016799664;0.4044444444444444;-0.8062014012061038
Unknown;0.7229055418891622;-0.1733333333333333;-0.1104237959740487
Unknown;0.370152596948061;-0.2028985507246377;-0.3766512868438826
Control;0.0255994880102397;0.559748427672956;0.8502142207373935
Unknown;0.5670286594268115;0.0518433179723502;0.1753546762604172
Low;0.0261594768104637;0.6025641025641025;0.8058980376878124
Unknown;0.635787284254315;-0.2013888888888889;-0.0389912322997777
Unknown;0.4146717065658686;0.1956521739130435;0.3532088569648736
Low;0.0652386952260954;0.5331103678929766;0.5089470509944163
Unknown;0.0181596368072638;-0.0793036750483558;-0.9742866096460472
Unknown;0.7975440491190177;-0.0444444444444444;0.2251525036344884
Low;0.0053998920021599;0.6831168831168831;0.6491015802262851
Medium;0.2100757984840303;0.3695652173913043;0.5147699644133013
Unknown;0.0282394352112957;-0.1635220125786163;-1.348354366444242
Unknown;0.618067638647227;-0.2533333333333333;-0.2026069401408241
Control;0.5677486450270994;-0.2708333333333333;-0.2385446605992488
Low;0.0223595528089438;0.5714285714285714;0.5298676177104046
Unknown;0.6621067578648427;-0.0691823899371069;0.229238205983614
Unknown;0.0793184136317273;0.4331065759637188;0.474873578541835
Unknown;0.5998280034399313;0.2397959183673469;0.2600056358038307
Medium;0.0017599648007039;0.6975308641975309;0.6490372948380538
Control;0.0652386952260954;0.4217687074829932;0.5714694003055817
High;0.0531989360212795;0.2715318869165023;0.3254687957733577
Unknown;0.7681846363072738;-0.1159420289855072;0.3116028842046712
Unknown;0.0084798304033919;0.4933712121212121;0.5827673569044639
Unknown;0.0767184656306873;-0.34375;-0.7159928703851817
Unknown;0.6185876282474351;-0.0921985815602836;-0.1951845194419644
Unknown;0.4042719145617087;-0.3333333333333333;-0.2094376509546625
Unknown;0.1279974400511989;0.3877551020408163;0.474231700137055
Control;0.0605987880242395;0.4331065759637188;0.7067527782378437
Unknown;0.6643867122657546;-0.1111111111111111;0.0040090204454049
Low;0.0773984520309593;0.2854938271604938;0.512833621851898
Unknown;0.0129597408051838;0.4595238095238095;0.5090657533133245
Unknown;0.5081098378032439;-0.2898550724637681;-0.1429590130926589
Low;0.5821883562328753;-0.0025974025974025;0.2641244242168383
High;0.0211995760084798;-0.4933333333333333;-1.0136838931485896
Unknown;0.5876682466350673;-0.0471806674338319;0.1979627651540289
High;0.618747625047499;0.2013888888888889;0.2296526497465817
Low;0.0113997720045599;0.6049382716049383;0.4392557243514592
Unknown;0.3635127297454051;-0.1014492753623188;-0.3924065154517526
Unknown;0.1611167776644467;0.1141552511415525;0.4064530472237893
Unknown;0.9621007579848404;0.0592592592592592;0.1021197753051438
Unknown;0.0171996560068798;0.5602836879432624;0.4654715169750683
Unknown;0.1124777504449911;0.36875;0.2541585545468008
Unknown;0.0100797984040319;0.5987654320987654;0.6084603819066793
Unknown;0.1061978760424791;0.3580246913580246;0.4424593637741518
Unknown;0.0002799944001119;0.8104575163398693;1.086796960899541
Unknown;0.2033559328813423;0.5048076923076923;0.3747053535543769
Unknown;0.4581508369832603;0.3592592592592593;-0.2567077872928111
Unknown;0.879262414751705;0.3809523809523809;0.1425583919963081
Unknown;0.0684386312273754;0.44;0.6540504163853458
Low;0.1498370032599348;-0.2653061224489796;-0.7226885019772834
Unknown;0.0926381472370552;0.3550724637681159;0.5789252961640141
Unknown;0.3999520009599808;-0.2444444444444444;-0.3916124553682315
Unknown;0.3383132337353253;0.12890625;0.3680708771247926
Unknown;0.3319533609327813;0.2916666666666667;-0.4360993037269342
Unknown;0.8277834443311134;0.1454545454545454;-0.0695466082843877
Unknown;0.2822343553128937;-0.2836879432624113;-0.5023968064136699
Unknown;0.0003599928001439;-0.6074074074074074;-2.7620079908216604
Unknown;0.2311953760924781;0.3422222222222222;0.5664043102054919
Unknown;0.97890042199156;-0.0222222222222222;0.0128461882541147
Unknown;0.623587528249435;-0.074074074074074;0.2087292070378724
Control;0.0003999920001599;-0.7346938775510204;-2.16096196010573
Unknown;0.3967120657586848;0.1670702179176755;0.3422491422233558
Control;0.4241515169696606;0.1659056316590563;0.2841481623561794
Unknown;0.0001199976000479;0.8181818181818182;0.7922383225540512
High;0.3233135337293254;0.1408591408591408;0.3005736421187171
Unknown;0.0351192976140477;0.4933333333333333;0.8628348117137903
Medium;0.4122717545649087;0.1013824884792626;0.2985261338959717
Unknown;0.3513529729405412;-0.178030303030303;-0.2048763419596916
Unknown;0.0838383232335353;0.2706270627062706;0.3587342593912588
Unknown;0.5705085898282034;-0.0264550264550264;-0.2202048008112762
Control;0.9549009019819604;0.1481481481481481;0.0022557564193772
Medium;0.0001199976000479;0.835820895522388;0.6077927356908962
Unknown;0.8891822163556728;0.0638297872340425;0.0866321094814161
Unknown;0.1452770944581108;-0.4933333333333333;-0.7131640509760837
Unknown;0.0194796104077918;-0.2578125;-1.0438730045536195
Unknown;0.3909921801563968;0.2127659574468085;0.3820449532554282
Unknown;0.5111897762044759;0.0283687943262411;0.35411398987423
Unknown;0.0004399912001759;0.7159090909090909;0.5966175205429709
Unknown;0.6785464290714186;0.0718954248366013;0.1983754300694751
Unknown;0.0032399352012959;0.8232558139534883;0.5340571690406689
Unknown;0.0027599448011039;0.6115384615384616;0.8033148292158334
Unknown;0.0065598688026239;0.5555555555555556;0.42292406063639
Unknown;0.5323493530129397;0.2826086956521739;0.298330449108505
Unknown;0.3072338553228935;-0.12;-0.5061347294817474
Unknown;0.7457450850982981;0.3316326530612244;0.1797750632610817
Unknown;0.2285954280914381;-0.3333333333333333;-0.5426070636074827
Unknown;0.3323933521329573;0.4693877551020408;0.4159820852354562
Unknown;0.248755024899502;0.3125;0.3638160368364687
Unknown;0.3183136337273254;0.2753623188405797;0.4337031407412126
Low;0.9519809603807924;0.3818181818181818;0.1732641733053642
Unknown;3.999920001599968e-05;0.8392857142857143;0.8219148955070297
Unknown;0.8267034659306813;0.1071428571428571;0.1068367058967167
Unknown;0.378032439351213;0.1925925925925926;0.2789906666634867
Unknown;0.1485170296594068;0.4274193548387097;0.4900228587835792
Unknown;0.0965180696386072;0.4012345679012346;0.7247357022086622
Unknown;0.0081598368032639;0.6612903225806451;0.5101934268331584
Unknown;0.1461170776584468;0.3244444444444444;0.6258732263344695
Unknown;0.6815863682726345;0.0657596371882086;0.2066371282968279
Low;0.0314393712125757;0.6133333333333333;0.6888919170381165
Unknown;0.4559108817823643;0.1185185185185185;0.353648293457319
Unknown;0.3823923521529569;-0.2230576441102756;-0.1995527623466538
Unknown;0.5217895642087158;0.5864864864864865;0.260097528387223
Unknown;0.0031199376012479;-0.6;-1.9177974279980396
Unknown;0.4872702545949081;-0.1478260869565217;-0.324082851070633
Unknown;0.6747865042699146;-0.4222222222222222;-0.1789856034829532
Unknown;0.4319513609727805;0.2222222222222222;0.3663780696763053
Unknown;0.4749505009899802;-0.175;-0.2008537051656107
Unknown;0.3516729665406692;-0.2814814814814815;-0.4192782834283418
High;0.0934781304373912;0.3204819277108434;0.3609587625132509
Unknown;0.4154716905661886;-0.2962962962962963;-0.2762102247153302
Unknown;0.5689486210275795;-0.1525423728813559;-0.2026907857114841
Unknown;0.0126397472050558;0.5793650793650794;0.6804611118659832
Unknown;0.3093538129237415;0.1476997578692493;0.3676796760704314
Low;0.756304873902522;0.0984848484848484;0.1208177223443538
Medium;0.6057078858422832;-0.1474358974358974;0.2616322430132697
Unknown;0.0723185536289274;0.4755555555555555;0.7783955354966221
Unknown;0.0067598648027039;0.5939849624060151;0.6033021774498329
Unknown;0.8383832323353533;0.2311688311688311;-0.0267170487784916
Unknown;0.0039999200015999;0.7152777777777778;1.099806707133115
Unknown;0.6988260234795304;-0.1049382716049382;0.2063779844925244
Control;0.1981560368792624;0.1741741741741741;0.3767145574200501
Unknown;0.505309893802124;-0.0765306122448979;-0.261412640128955
Control;0.0188396232075358;0.6049382716049383;0.6133555621287712
Unknown;0.8591356232865667;-0.1241830065359477;-0.0534409842780828
Unknown;0.0721585568288634;-0.225;-0.7675205577299091
Unknown;0.4047519049619008;0.1937984496124031;0.3392016446907881
Unknown;0.0043599128017439;0.6377551020408163;0.9357168475693451
Unknown;0.1555568888622227;0.3368055555555556;0.4923279361935497
Unknown;0.0060398792024159;0.6530612244897959;0.7484563562440332
Unknown;0.1081578368432631;0.4039408866995074;0.3125001398318784
Unknown;0.4512309753804924;0.1292517006802721;0.2603843159129054
Medium;0.0275994480110397;0.4527845036319612;0.5987209922500414
Unknown;0.0723585528289434;0.4938271604938271;0.68653763192913
Low;0.2883542329153417;0.242063492063492;0.2776081700430979
Unknown;0.1376372472550549;0.2806122448979591;0.513233121738882
Unknown;0.6055878882422352;0.1231884057971014;0.2545413526103564
Unknown;0.6475470490590188;-0.4888888888888889;-0.1023889590611901
Low;0.2938741225175496;0.2466666666666666;0.4486661492565278
High;0.7105457890842183;0.1287313432835821;0.1362192644991115
Unknown;0.0969180616387672;0.3584905660377358;0.5788693209006177
Unknown;0.6560224089635854;-0.1111111111111111;0.0026971833284397
Unknown;0.0198796024079518;0.015625;-1.2162948835494791
Unknown;0.1917161656766864;0.36;0.4598384993547118
Unknown;0.5495090098198036;0.0718954248366013;0.2914978325552853
Medium;0.0061198776024479;0.54421768707483;0.9003521742357353
Unknown;0.3009939801203976;0.3422222222222222;0.4890899087826382
Unknown;0.5683486330273394;-0.0289855072463768;0.261156022426129
Unknown;0.1743965120697586;0.5532467532467532;0.4337430999684052
Low;0.3022339553208936;0.2638888888888889;0.447604877443749
Unknown;0.124597508049839;0.2651851851851852;0.4684917162629687
Medium;0.0099598008039839;0.5357142857142857;0.6578698577940778
Unknown;0.879582408351833;-0.1481481481481481;0.1752815423315166
Medium;0.1820363592728145;0.1565217391304348;-1.176315425794716
Unknown;0.0096398072038559;0.5957446808510638;0.5195915667635606
Unknown;0.3834323313533729;0.2681159420289855;0.3617932336336909
Unknown;0.1509169816603668;0.0656565656565656;-0.5721236037079364
Unknown;0.0042799144017119;0.6240601503759399;0.4981165668889414
Unknown;0.0462790744185116;0.5106382978723404;0.4177912317737735
Unknown;0.1122377552448951;-0.1628787878787878;-0.6961214157269348
Unknown;0.4538309233815323;0.2;0.3340857213209025
Unknown;0.0189996200075998;-0.0851063829787234;-1.6109083758593985
Unknown;0.0131997360052798;0.6470588235294118;0.5137931953301306
Unknown;0.1928361432771344;-0.4311111111111111;-0.7178516325696394
Unknown;0.7217855642887142;-0.3955555555555555;0.0424024861251003
Unknown;0.6111877762444751;-0.1481481481481481;-0.2263819862698086
Unknown;0.5118697626047479;0.0024009603841536;0.2316621232487888
Unknown;0.3343933121337573;0.2977777777777777;0.4216579908094146
Unknown;0.8457030859382813;0.1884057971014492;0.1596971085847456
Unknown;0.5817883642327153;-0.1168831168831168;-0.1944878211465883
Unknown;0.7275054498910022;0.0069444444444444;0.211875557148056
Unknown;0.0004799904001919;0.675;0.6981152512955594
Unknown;0.3489530209395812;-0.2091836734693877;-0.3784010514483759
Medium;0.3015139697206055;0.3529411764705882;0.3603755039546331
Unknown;0.9329413411731764;-0.0408163265306122;0.0370655542411336
Unknown;0.8604227915441691;0.5676767676767677;0.000180956096268
Low;0.0041599168016639;0.7543859649122807;0.9159206743596382
Unknown;0.6941861162776745;0.1185185185185185;-0.0285634727125412
Medium;0.0310393792124157;0.4138888888888888;0.5812205565359656
Unknown;0.3056478405315614;-0.2195121951219512;-0.8046894344784625
Unknown;0.3253134937301254;-0.0367647058823529;-0.4033407600986446
Unknown;0.7629447411051778;0.0;0.181198548248251
Unknown;0.0013199736005279;0.7318840579710145;1.245939865701059
Low;0.1070778584428311;0.4746543778801843;0.6087888256499743
Unknown;0.5744685106297874;0.2506024096385542;0.2012118272155277
Unknown;0.3652326953460931;-0.4149659863945578;-7.309364252279103e-05
Unknown;0.8269034619307614;-0.1644444444444444;0.0963345028970301
Unknown;0.0363992720145597;-0.6805555555555556;-1.1288722220136505
Unknown;0.8430231395372093;0.04;0.1479240701373167
Unknown;0.1509569808603827;-0.1063829787234042;-0.8460331401850502
Unknown;0.5413891722165557;-0.123444976076555;-0.1605954496426106
Unknown;0.0567188656226875;0.4965986394557823;0.4897026178875608
Unknown;0.1002779944401111;0.3439153439153439;0.4225608707413857
Unknown;0.0001999960000799;0.8368794326241135;1.0349901296194328
Control;0.498910021799564;-0.1521739130434782;-0.2812342690266091
Control;0.5427091458170836;0.2619047619047619;-0.2050402255966152
Medium;0.0206395872082558;0.4691358024691358;0.95002784024709
Unknown;0.0195596088078238;0.4930555555555556;0.9553262381337352
Unknown;0.6801463970720586;0.0488888888888888;0.2441140594298307
Unknown;0.1523169536609268;0.3037037037037037;0.577613578036615
Control;0.2759944801103978;0.2533333333333333;-0.5539317074247821
Control;0.1336773264534709;0.2394957983193277;-0.7124916372659414
Low;0.491110177796444;-0.2708333333333333;-0.2895232194155362
Unknown;0.0238395232095358;0.5602836879432624;0.9153812465011156
Unknown;0.5179496410071799;0.2177777777777777;0.3114350670095763
Unknown;0.0037999240015199;0.6741854636591479;0.7721590362546672
Unknown;0.7261054778904422;0.1904761904761904;-0.1038563358496813
Unknown;0.3994320113597728;0.1324675324675324;0.3613121683444136
Unknown;0.0747985040299194;-0.3725490196078431;-0.8671611911538711
Unknown;0.0196396072078558;0.6444444444444445;0.7289745694285854
Unknown;0.9438211235775285;0.1823899371069182;0.0120713852431182
Unknown;0.0119197616047679;0.6143790849673203;0.6062854865675754
Unknown;0.0441591168176636;0.4740740740740741;0.4212599269675987
Unknown;0.0335193296134077;-0.5897435897435898;-1.0004937464833352
Unknown;0.7365052698946021;-0.1388888888888889;-0.1422332412604546
Unknown;0.0557988840223195;0.4583333333333333;0.4938232741699405
Unknown;0.0012399752004959;-0.6533333333333333;-1.8233051966614755
Unknown;0.0197196056078878;0.5694444444444444;0.3706623978791009
Unknown;0.9341813163736724;-0.1185185185185185;0.0088759097910431
Control;0.2576748465030699;0.2222222222222222;0.398742467367054
Unknown;0.7377452450950981;0.0222222222222222;0.1775819890018243
Unknown;0.5237895242095159;-0.181159420289855;-0.2211996765173993
Control;0.4011119777604447;-0.2363636363636363;0.0256635531629816
Unknown;0.0675186496270074;0.4855072463768116;0.4991515518659151
Unknown;0.0383992320153596;-0.1666666666666666;-1.42970998467288
Low;0.3960720785584288;-0.2602040816326531;0.0149693006597479
Unknown;0.0485190296194076;0.4829931972789115;0.605680387062377
Unknown;0.880982380352393;-0.0765306122448979;-0.0070865952322078
Unknown;0.0668786624267514;0.43359375;0.3510701348112533
Low;0.1793564128717425;-0.1149425287356321;-0.4692310334422983
Control;0.2199156016879662;0.3125;-0.7958337258646845
Unknown;0.7728245435091298;-0.1014492753623188;-0.0413333068236535
Control;0.6593068138637227;0.2106537530266344;0.1854471838403641
Unknown;0.4616707665846683;-0.0133333333333333;-0.3286125781138017
Unknown;0.1004379912401752;0.3101123595505618;0.3460203507493434
Unknown;0.0141997160056798;-0.428030303030303;-1.304696065412547
Medium;0.0005599888002239;0.7375886524822695;1.1630937644402672
Unknown;0.0379592408151837;0.5155038759689923;0.4285290775717919
Unknown;0.0906381872362552;0.5032679738562091;0.5686215996543748
Medium;0.7902641947161057;0.1319444444444444;-0.079229120781585
Unknown;0.624467510649787;0.1933333333333333;0.2469430931591909
Low;0.3296334073318533;-0.1419753086419753;-0.4292722855096635
Unknown;0.0231995360092798;-0.475177304964539;-1.2894061025293195
Unknown;0.0527989440211195;-0.4540816326530612;-0.9131814947884332
Unknown;0.8264234715305694;-0.1358024691358024;-0.0576599135415759
Unknown;0.0005599888002239;0.7671957671957672;0.7622867313017935
Unknown;0.2530349393012139;-0.5925925925925926;-0.3541763755342665
Unknown;0.9744205115897682;-0.4420289855072464;0.1488680688992745
Unknown;0.0017599648007039;0.7777777777777778;0.5920287930713997
High;0.1047979040419191;0.2803030303030303;-1.097007744602331
Unknown;0.0069198616027679;-0.5277777777777778;-1.706124417052037
Unknown;0.0389992200155996;-0.5555555555555556;-1.2366010054321157
Unknown;0.4812303753924921;-0.1014492753623188;-0.2952760431744131
Unknown;0.3756724865502689;-0.3272727272727272;0.0325150788921315
Unknown;0.0051198976020479;0.6102941176470589;0.6261698667483336
Unknown;0.3756724865502689;0.2622222222222222;0.4105311811657267
Unknown;0.0097198056038879;-0.5942028985507246;-1.3294557773739544
Unknown;0.4069118617627647;0.2474074074074074;0.2523922292254093
Unknown;0.1286774264514709;-0.1266666666666666;-0.7261449358740919
Unknown;0.0018799624007519;0.7002341920374707;0.9871228997590183
Unknown;0.4275114497710046;-0.5920852359208524;-0.256642234351056
Unknown;0.2294354112917741;0.2047619047619047;0.3565396496577062
Unknown;0.2770744585108298;0.1466666666666666;0.5039832546679323
High;0.6929861402771944;-0.0144927536231884;0.1937649820762337
Unknown;0.9402211955760884;-0.037037037037037;0.0711171588476805
Low;0.1792764144717105;0.1197183098591549;-0.7549227555953981
Unknown;0.4639907201855963;0.30859375;0.3143342867160735
Control;3.999920001599968e-05;0.8452380952380952;0.8127383228050278
Unknown;0.0205195896082078;0.5204081632653061;0.4144701448509076
Unknown;0.0026399472010559;-0.7097505668934241;-1.7099627467925531
Unknown;0.1520769584608307;0.1530612244897959;-1.6401719457517738
Unknown;0.4515509689806204;0.3867924528301887;-0.211404161891895
Unknown;0.5433891322173556;0.0441558441558441;0.2617506510756924
Unknown;0.6161476770464591;-0.2444444444444444;-0.1891869005405642
High;0.5379492410151797;0.0921658986175115;0.2598095266710237
Unknown;0.120917581648367;0.5288888888888889;0.6156287356640023
Unknown;0.5705485890282195;-0.0606060606060606;-0.1129892024830842
Unknown;0.6776264474710506;0.025287356321839;0.1362048544235034
Unknown;0.1314773704525909;0.375886524822695;0.5796714074911631
Unknown;0.9227815443691126;0.0068027210884353;0.0622416661113449
Unknown;0.8474630507389852;-0.2345679012345679;0.0702526944101351
Medium;0.0706385872282554;-0.2641509433962264;-1.3834117418130685
Unknown;0.1461170776584468;0.41;0.5947073160916744
Unknown;0.5230695386092278;0.3673469387755102;0.2630333879965275
Unknown;0.123157536849263;0.23046875;0.4623533370112988
Low;0.124077518449631;-0.1180555555555555;-0.9966769240641968
Unknown;0.8184636307273855;-0.0526315789473684;0.1935677241139971
Unknown;0.5283094338113238;0.4044444444444444;0.3811269032905038
Unknown;0.0078798424031519;0.6405228758169934;0.887212515093465
Unknown;0.0182796344073118;-0.3611111111111111;-1.358188494664221
Unknown;0.6875862482750345;-0.2711111111111111;-0.0145914073723295
Unknown;0.1504369912601748;0.3688888888888889;0.581451317239786
High;0.0685186296274074;0.4259259259259259;0.7588258134258391
Unknown;0.8869822603547929;0.1346153846153846;0.0769086198852049
Unknown;0.0050798984020319;0.6368038740920097;1.088908901858716
Unknown;0.621267574648507;0.0141843971631205;0.2243771859851175
Unknown;0.0026399472010559;0.6785714285714286;0.6055391403690197
Unknown;0.119037619247615;-0.1956521739130435;-0.7290986096151392
Unknown;0.1621567568648627;0.1527777777777778;0.4644822293738666
Unknown;0.881102377952441;-0.0902777777777777;0.127030189347055
Unknown;0.8942221155576888;-0.1666666666666666;0.0938973888339472
Unknown;0.2761544769104618;0.0780141843971631;-0.486332480554598
Unknown;0.0334393312133757;0.5377777777777778;0.6345769605158084
Unknown;0.4315913681726365;0.2792792792792792;-0.2650150062387292
Low;7.999840003199936e-05;0.790633608815427;0.7766455239530204
Unknown;0.8156636867262654;0.0074074074074074;0.1828055663625089
Unknown;0.7291854162916742;0.108695652173913;0.1830148687245446
Unknown;0.0099998000039999;-0.4492753623188406;-1.4470472924234088
Unknown;0.2937141257174857;0.3086419753086419;0.4555330587176767
Unknown;0.0014399712005759;-0.75;-1.9321225800154664
Unknown;0.3847923041539169;0.0024213075060532;-0.344091643708865
Unknown;0.7086658266834663;0.0423280423280423;0.1955491669209067
Unknown;0.7136257274854503;0.1418439716312056;0.1920653336845297
Unknown;0.0069998600027999;-0.4791666666666667;-1.2275349648516964
Control;0.4643507129857402;0.0989010989010989;-0.1336289522996872
Unknown;0.6389472210555789;0.1276595744680851;0.2400094130455203
Unknown;0.0018799624007519;-0.5204081632653061;-1.7587318658851023
Unknown;3.999920001599968e-05;0.6110275689223058;0.8277949260109894
Unknown;0.6851462970740585;0.3103448275862069;0.2381610775008396
Unknown;0.0023599528009439;0.6602564102564102;0.9727734850881083
Unknown;0.7763844723105537;0.0755555555555555;0.1965354096393198
Unknown;0.882462350752985;0.0925925925925925;0.0087543327216404
Unknown;0.4558708825823483;-0.1702127659574468;-0.3111946515382376
Unknown;0.0936381272374552;0.336405529953917;0.5385096929444834
Unknown;0.1841963160736785;0.2716049382716049;0.4623644326912607
Control;0.2881142377152457;0.4924242424242424;-0.482673947869479
Unknown;0.0175196496070078;0.6;0.7645355595876037
Unknown;0.0570788584228315;0.3333333333333333;0.5291509432113067
Unknown;0.74042519149617;0.1555555555555555;-0.1213258666528703
Unknown;0.7005059898802024;-0.0130718954248366;0.1886497147769836
Unknown;0.6618667626647468;-0.0314465408805031;0.2218310630106451
Low;0.0833983320333593;-0.4814814814814814;-1.2613280935002853
Unknown;0.0007999840003199;-0.8266666666666667;-2.252410651345797
Unknown;0.8973420531589368;0.074074074074074;-0.0382142040041142
High;0.119957600847983;0.36;0.6177733583983092
Control;0.1702765944681106;0.064039408866995;-0.9133386868094772
Unknown;0.0407191856162876;-0.3900709219858156;-0.9658860704130072
Unknown;0.5748285034299314;0.1794871794871795;0.2345809377399432
Low;0.0008799824003519;0.7295597484276729;1.1776495789340906
Unknown;0.1734765304693906;0.2608695652173913;0.5529749975897219
Unknown;0.4329113417731645;0.0251572327044025;-0.3314747443120676
Unknown;0.0920781584368312;0.4277777777777777;0.3429776409563409
Control;0.1929161416771664;0.4133333333333333;0.5895970273993884
Unknown;0.8682226355472891;0.0025062656641604;0.1083185692274298
Unknown;0.4299114017719646;0.0296296296296296;0.2627414749748062
Unknown;0.1132777344453111;-0.4615384615384615;-0.7200695412782154
Unknown;0.2674346513069738;-0.3571428571428571;-0.1192672527271526
Unknown;0.0239595208095838;0.5481481481481482;0.8836054606705598
Unknown;0.0289194216115677;0.5517241379310345;0.7349102711079326
Unknown;0.0003599928001439;0.6533333333333333;0.7543444256125073
Medium;0.120997580048399;0.3687943262411347;0.625595859258548
Low;0.3542729145417091;-0.4772727272727273;-0.1203004180787027
Unknown;0.2085158296834063;0.3688888888888889;0.5336868678183818
Unknown;0.1925561488770224;-0.0592592592592592;-0.7018420818883635
Unknown;0.4151116977660447;0.0296296296296296;0.3690445177578295
Unknown;0.1455970880582388;-0.1411764705882353;-0.848395722845624
Medium;0.0006799864002719;-0.7516339869281046;-1.9255185069989509
Unknown;0.3009939801203976;0.2177985948477751;0.395241353417378
Unknown;0.1967560648787024;-0.4222222222222222;-0.6837576998378524
Low;0.3807523849523009;-0.4488888888888889;-0.2546944235720401
Control;0.0124397512049759;0.3894179894179894;0.3825817901856297
Unknown;0.2583148337033259;0.2978723404255319;0.4796385544199263
Unknown;0.2847943041139177;-0.1729323308270676;-0.4449131334554486
Unknown;0.5870682586348273;0.1521739130434782;-0.2097921604253435
Unknown;0.0075998480030399;-0.7169811320754716;-1.5137064374536546
Unknown;0.1001979960400792;0.4305555555555556;0.3145205825470694
Control;0.0754784904301913;-0.3576923076923077;-0.7679533998085399
Low;0.366592668146637;0.3481481481481481;0.3091437726356215
Control;0.2128357432851343;0.3269230769230769;-0.7151314398422947
Unknown;0.7329053418931621;0.125;0.1854641226642047
Unknown;0.0274394512109757;-0.5377777777777778;-1.142289250973085
Low;0.6125877482450351;0.2653061224489796;0.2226497784897948
Unknown;0.9699006019879602;0.1269841269841269;0.0731233577614535
Unknown;0.9286614267714646;-0.2266666666666666;0.0633867301953052
Medium;0.0019999600007999;0.5284090909090909;0.9721112879116224
Control;0.8623027539449211;0.2328042328042328;0.1125423138789959
Unknown;0.0411991760164796;0.1020408163265306;-1.1600180170856962
Unknown;0.8943421131577368;-0.0992907801418439;-0.0533400541610183
Unknown;0.2805943881122377;0.2985074626865671;0.3740950753128883
Unknown;0.615787684246315;-0.2028985507246377;-0.1936829027979016
Unknown;0.9263814723705526;-0.0314465408805031;0.0079025296855295
Unknown;0.0937181256374872;-0.2955974842767295;-0.7893427384899518
Control;0.0163196736065278;0.5517241379310345;0.9445185649778244
Unknown;0.0619987600247995;0.4492753623188406;0.3058513703458649
Unknown;0.6041879162416751;-0.3244444444444444;0.0169642669486773
Unknown;0.0206795864082718;-0.2013888888888889;-1.4627225292874275
Unknown;0.879382412351753;0.2886363636363636;0.0508029915579291
Unknown;0.3941521169576608;-0.0426065162907268;-0.3308711342168355
Unknown;0.24747505049899;-0.5116883116883116;-0.2999751111370348
Unknown;0.2573548529029419;-0.3298701298701298;-0.4882631362188687
Unknown;0.0333193336133277;-0.4666666666666667;-0.9208010056808604
Unknown;0.0002399952000959;-0.5072463768115942;-1.972442533382383
Unknown;0.116357672846543;-0.01171875;-0.9883400612489838
Control;0.0013599728005439;0.6981132075471698;0.6584194641239549
Unknown;0.2751144977100458;-0.4609929078014184;-0.334961222666184
Unknown;0.9741805163896722;-0.14;0.1370732084621377
Unknown;0.6625467490650186;-0.2152777777777778;-0.1266797762624661
Unknown;0.0242395152096958;0.4636591478696741;0.7706490801988112
Unknown;0.114117717645647;-0.2040816326530612;-0.7453205119174464
Unknown;0.0269594608107837;-0.1521739130434782;-1.3212305154703727
Low;0.2601947961040779;0.2911392405063291;0.3908541764771981
Unknown;0.4777504449911002;0.3333333333333333;0.3164593514766325
Unknown;0.6468670626587468;0.3717948717948718;0.2598203115128817
Medium;0.2340353192936141;-0.6535947712418301;-0.6798683033152988
Low;0.0959180816383672;0.4025157232704403;0.4274062556572598
Unknown;0.8612227755444891;0.0235294117647058;0.1229953986945498
Control;0.0085598288034239;0.6083333333333333;0.8070019413899214
Unknown;0.1628367432651347;0.2971014492753623;0.5036245073043507
Control;0.0812383752324953;0.3877551020408163;0.6712143453399508
Unknown;0.6939461210775785;0.0498338870431893;0.2379177829041914
Medium;0.3272734545309094;-0.0476190476190476;-0.3927088342981517
Unknown;0.3425931481370373;-0.4074074074074074;-0.4120736798245729
Unknown;0.3443531129377412;0.1604938271604938;0.3928896276182179
Unknown;0.5674686506269875;0.1805555555555555;0.3248001764182476
Unknown;0.9379812403751924;-0.1333333333333333;0.0094506263677284
Unknown;0.0002799944001119;0.8846153846153846;1.262368878802243
Control;0.2810743785124298;0.1586073500967117;0.3255466536131614
Low;0.0547189056218875;-0.1604938271604938;-1.0273208313355913
Unknown;0.3831523369532609;-0.0075757575757575;-0.3966851502661622
Unknown;0.0118797624047519;-0.5102040816326531;-1.3108961173334803
Control;0.0053598928021439;0.6666666666666666;0.435677290380083
Unknown;0.9815803683926322;0.0133333333333333;0.0398080165646831
Unknown;0.1487970240595188;0.3544973544973545;0.4207282197643388
Unknown;0.6010279794404112;0.0488888888888888;0.3088674623718151
Control;0.0092798144037119;0.5619047619047619;0.8993648812341736
Unknown;0.2954340913181736;-0.3481481481481481;-0.468494242782284
Control;0.3107937841243175;0.261455525606469;0.4067180789024392
Unknown;0.0643987120257594;-0.4640522875816993;-0.9377928514776624
Unknown;0.1333973320533589;0.228395061728395;0.4799053164566201
Unknown;0.0429591408171836;-0.4385964912280701;-0.892674312942339
Unknown;0.0417191656166876;0.5578231292517006;0.5022432352810761
Unknown;7.999840003199936e-05;0.6826697892271663;0.8772364331067086
Unknown;0.0031599368012639;0.7152777777777778;0.7890521663096265
Unknown;0.6776264474710506;-0.0486111111111111;-0.1642804469008489
Unknown;0.0713985720285594;0.3571428571428571;0.4961245911555114
Unknown;0.3464330713385732;0.1014492753623188;0.417159329222734
Unknown;0.3136337273254534;-0.3995157384987893;-0.4120007101005788
Medium;0.0654786904261914;0.5212121212121212;0.5131812586029979
Unknown;0.5873482530349393;-0.2986111111111111;-0.0635763227124822
Unknown;0.7781844363112738;0.3428571428571428;-0.0669743380728542
High;0.6731065378692426;0.2463768115942029;0.225075322432067
Control;0.7226255474890502;0.1377551020408163;0.1862193010416443
High;0.1856762864742705;0.25;0.456433851587626
Unknown;0.4799104017919641;0.3968253968253968;0.2858836087181982
Unknown;0.3241135177296454;0.2585034013605442;0.3983430755851423
Unknown;0.5813483730325394;0.0714285714285714;0.2363733618455984
Unknown;0.0439191216175676;0.6082949308755761;0.6747236472445689
Control;3.999920001599968e-05;0.8846153846153846;0.6953223942400116
Unknown;0.0549589008219835;-0.5663265306122449;-0.8561854275772475
Unknown;0.4779504409911801;0.2091836734693877;0.3066068760294179
Unknown;0.0905981880362392;0.0128676470588235;-0.7114729859104714
Unknown;0.1983960320793584;0.2740046838407494;0.5027506153540342
Unknown;0.4795904081918362;0.1644444444444444;0.3573192756394672
Unknown;0.4121517569648607;0.1275510204081632;-0.3290309335863957
Unknown;0.5477490450190996;-0.36;-0.2356444594804371
Low;0.1765164696706065;-0.1111111111111111;-0.6381646750866437
Unknown;0.0004399912001759;0.7884615384615384;0.6146239096320787
Unknown;0.8433031339373213;-0.0337662337662337;-0.0251335380835928
Unknown;0.2832743345133097;-0.1985294117647058;-0.4316051738815809
Unknown;0.0041999160016799;0.6938775510204082;1.016604577720967
Unknown;0.1409971800563988;-0.7169811320754716;-0.9941488087297952
Unknown;0.0557988840223195;0.3877551020408163;0.6783945328671447
Unknown;0.0149997000059998;0.5384615384615384;0.6457403246855197
Low;0.0502389952200955;-0.1725352112676056;-1.0064787710411705
Unknown;0.0668386632267354;0.4126984126984127;0.5762888803752734
Unknown;0.2884342313153737;0.2430555555555555;0.4330568799396525
Unknown;0.1767564648707026;-0.0347222222222222;-0.6541537444682235
Unknown;0.1861162776744465;-0.3511111111111111;-0.986843785430218
Unknown;0.2578348433031339;0.272108843537415;0.4879917493004938
Unknown;0.2690746185076298;-0.4042553191489361;-0.3439510431033242
Unknown;0.0215195696086078;0.6346153846153846;0.7914133984408981
Unknown;0.0041999160016799;0.5831381733021077;0.9225013956247022
Unknown;0.7324253514929702;0.2805555555555555;0.0318455260918684
Unknown;0.0275594488110237;-0.4183673469387755;-1.2522307846610363
Unknown;0.0650786984260314;0.4;0.5221537624511761
Unknown;0.0150796984060318;0.574468085106383;0.6730724458334194
Unknown;0.1382372352552948;0.3934837092731829;0.5328316908346981
High;0.2291554168916621;0.3621933621933622;-0.4452172157801871
Unknown;0.3971120577588448;-0.2355555555555555;-0.1203841085627315
Unknown;0.0692386152276954;0.4092009685230024;0.6700706726565241
Control;0.9269014619707606;0.0129870129870129;0.1247522454881567
Unknown;0.0800783984320313;0.4654088050314465;0.5479841352962517
Unknown;0.5272694546109078;-0.0809523809523809;-0.0669759245577275
Unknown;0.0019599608007839;0.7610062893081762;1.1825269160373597
Unknown;0.7227055458890822;0.0354609929078014;0.2393112761370247
Unknown;0.3567128657426851;-0.3185185185185185;-0.2850763798177226
Unknown;0.0002399952000959;0.7465277777777778;0.9336817828683608
Unknown;0.2113957720845583;0.1481481481481481;0.4991381913922774
Unknown;0.8889422211555769;0.2080200501253132;0.0156906958686944
Low;0.2854742905141897;0.3383458646616541;0.4089295903967863
Unknown;0.0065198696026079;0.6466666666666666;0.921271015836374
Unknown;0.4512709745805084;-0.2571428571428571;-0.2559179760142609
Unknown;0.5482690346193076;-0.0176056338028169;0.2696587179764229
Unknown;0.623827523449531;0.3015873015873015;-0.1289292841235038
Unknown;0.2807943841123178;-0.3950617283950617;-0.465652702125296
Unknown;0.6310273794524109;0.2108843537414966;0.2247202708637251
Unknown;0.0555988880222395;0.532051282051282;0.416793449028089
Unknown;0.0551188976220475;-0.4222222222222222;-0.9959600537013574
Low;0.0569188616227675;0.4487179487179487;0.7034133991391155
Unknown;0.0124797504049919;0.6028368794326241;0.9012248510335604
Unknown;0.3652326953460931;-0.1635802469135802;-0.316850024855344
Control;0.1400771984560308;-0.1266666666666666;-0.8608029170341286
Unknown;0.9844603107937842;-0.1285714285714285;0.0504412236493695
Control;0.5567088658226835;-0.2452830188679245;-0.2041403069102317
Control;0.4877502449951001;0.1733333333333333;-0.2761101556234293
Unknown;0.0234795304093918;-0.4740740740740741;-1.3688206007690231
Unknown;0.2598748025039499;-0.44;-0.4687318964596773
Unknown;0.1956360872782544;-0.4733333333333333;-0.5999365793591133
Control;0.624707505849883;0.3333333333333333;0.2600476320925719
Unknown;0.7350252994940101;0.3775510204081632;0.183827574136808
Unknown;0.2702345953080938;0.0072463768115942;-0.4803038067107116
Unknown;0.7870642587148257;-0.2916666666666667;-0.0209751975051973
Medium;0.0762784744305113;0.3617021276595745;0.7323911809148977
Unknown;0.2884742305153897;0.1954992967651195;0.3692168485604004
Unknown;0.8566628667426651;-0.0851063829787234;-0.0665062461446463
Unknown;0.9130217395652088;-0.1063829787234042;0.1577009526288556
Unknown;0.4058718825623487;-0.2037037037037037;-0.3543585740959865
Unknown;0.0028399432011359;0.7246376811594203;0.6818924358763987
Unknown;0.9166616667666648;0.5733333333333334;0.1518945455939919
Control;0.0243995120097598;0.4660421545667447;0.8459678573055579
Unknown;0.1532769344613107;0.0;-0.9963528592198184
Unknown;0.4647907041859163;-0.1911111111111111;-0.226112321915799
Control;0.990260194796104;0.1376811594202898;0.1136078237831668
Low;0.0317993640127197;0.4694444444444444;0.6533080933506898
Low;0.0041599168016639;-0.6122448979591837;-1.476929423308078
Low;0.0541989160216795;0.4765625;0.6602457639221369
Unknown;0.0361592768144637;0.5733333333333334;0.6316274936767617
Unknown;0.5636287274254514;0.1180555555555555;0.2651222724187445
Unknown;0.3891522169556609;0.2629629629629629;0.3166287162302709
Unknown;0.4802303953920921;0.1940298507462686;-0.2365007439094481
High;0.979140417191656;-0.0217391304347826;0.1002415398497955
Unknown;0.9697806043879122;0.4227941176470588;0.0370740472483877
Unknown;0.989940201195976;0.065359477124183;0.0536103372489874
Control;0.747585048299034;0.0814814814814814;0.1886113069743716
Low;0.4303913921721565;-0.1419753086419753;-0.3356061425314894
Unknown;0.0270394592108157;-0.1956521739130435;-1.2499387890992648
Unknown;0.0192796144077118;-0.3141025641025641;-1.2772163490276125
Unknown;0.0758384832303353;-0.2727272727272727;-0.7259317910293229
Unknown;0.9034219315613689;0.2986111111111111;0.1729988655898162
Unknown;0.0175196496070078;-0.3459119496855345;-1.2153081852829992
Unknown;0.0043199136017279;0.5294117647058824;0.6206654215405869
Unknown;0.0518389632207355;-0.4844444444444444;-1.0513354375830295
Unknown;0.0059198816023679;0.54296875;0.6570528678856244
Medium;0.0054398912021759;0.6175824175824176;0.5144316270452943
Unknown;0.127557448851023;0.4488888888888889;0.3845507451549879
Unknown;0.2838743225135497;0.3541666666666667;0.3906250753532544
Unknown;0.7035459290814183;-0.14;-0.0370758768327078
Unknown;0.9127017459650808;-0.3546099290780142;0.0055731864732364
Unknown;0.0882782344353113;-0.2098765432098765;-0.9060512280024268
Control;0.9664206715865684;0.3134328358208955;0.0408168065538888
Unknown;0.6137477250454991;-0.2266666666666666;-0.0415755769907424
Unknown;0.2960340793184136;0.2610294117647059;0.3772448621787038
Unknown;0.7721445571088579;-0.0049261083743842;-0.0444018730408254
Unknown;0.0499590008199836;0.5534883720930233;0.7262078825561755
Unknown;0.1065178696426071;0.4933333333333333;0.4907355970747465
Unknown;0.73962520749585;0.3189873417721519;0.1413346811355926
Control;3.999920001599968e-05;0.8783068783068783;0.9518918532595252
Unknown;0.1388372232555348;-0.0552995391705069;-0.8000062077524701
Unknown;0.0076398472030559;0.5303030303030303;0.6991663958896157
Low;0.0511189776204475;-0.3262411347517731;-1.2377876442017717
Unknown;0.1561968760624787;-0.2536231884057971;-0.6537005179548319
Unknown;0.0377592448151037;0.5228758169934641;0.7327700282689458
Unknown;0.4327913441731165;0.1679197994987468;0.3322247119678631
Unknown;0.4364712705745885;0.0931899641577061;0.3135378644420872
Unknown;0.1455570888582228;0.3544973544973545;0.3519898884721962
Unknown;0.3446331073378532;-0.4779874213836478;-0.4066070044109281
Unknown;0.0599188016239675;-0.3333333333333333;-1.2925152933681068
Low;0.8977420451590968;0.0246913580246913;0.1382115762526141
Unknown;0.3263534729305414;-0.3037037037037037;-0.0570870133672964
Unknown;0.7549049019019619;-0.1287878787878787;-0.0742774897928791
Control;0.6087078258434832;-0.2142857142857142;-0.0186401131024197
Unknown;0.0073198536029279;0.5677321156773212;0.6372143094411076
Low;0.0740385192296154;0.4583333333333333;0.7767761866727675
Unknown;0.5075498490030199;0.1111111111111111;0.2910079481007797
Unknown;0.6817463650726986;0.037593984962406;0.211482300319191
Unknown;0.9582608347833044;-0.0222222222222222;-0.0111855733037323
Unknown;0.0561988760224795;0.3992537313432835;0.5380315339157311
Unknown;0.9513409731805365;0.1156462585034013;0.0379565552040832
Unknown;0.3814323713525729;-0.8222222222222222;-0.4194986783453443
Unknown;0.9226215475690486;-0.0044444444444444;0.013010618916155
Unknown;0.5859882802343953;0.2;0.2876473331440085
Medium;0.0011199776004479;0.779874213836478;1.3296609223577642
Medium;0.9655006899862004;-0.0755555555555555;-0.0039211882468426
Unknown;0.0115597688046239;0.5330882352941176;0.4823459113766482
Unknown;0.8629427411451771;-0.1604938271604938;-0.0052772861301326
Unknown;0.4135517289654207;0.1773049645390071;0.3170723868981335
Unknown;0.4684706305873882;-0.36;-0.1469138391094604
Low;0.0113597728045439;-0.3687943262411347;-1.5283454942094874
Unknown;0.4290714185716285;-0.2814814814814815;-0.3395763772351855
Unknown;0.0014399712005759;0.613960113960114;0.7504387123504715
Unknown;0.0213595728085438;-0.3703703703703703;-1.1297394128838087
Unknown;0.1494770104597908;0.3866666666666666;0.579310804996664
Control;0.248035039299214;0.2088888888888889;0.3303863327925296
Unknown;0.2204355912881742;-0.5533333333333333;-0.353341049779434
Unknown;0.4085518289634207;0.0158730158730158;0.3143840509631591
Unknown;0.2831143377132457;0.1823899371069182;0.4276445867368231
Unknown;0.2307553848923021;0.2519480519480519;0.4752032466233356
Unknown;0.505989880202396;0.1739130434782608;0.2995654913024732
Low;0.2908341833163336;-0.2083333333333333;-0.4683762683690888
Unknown;0.8358632827343453;0.04;0.0203698865388841
Unknown;0.5891082178356433;0.1111111111111111;0.2724292017636116
Unknown;0.753344933101338;-0.1347517730496454;-0.0417872872582637
Control;0.1631567368652627;0.0871212121212121;-0.6100569320317619
Unknown;0.0046799064018719;0.6155844155844156;1.039435594094677
Unknown;0.4789104217915642;0.3197278911564626;0.3205956101719702
Control;0.6674666506669866;0.3401360544217687;0.2371192090304255
Unknown;0.0211595768084638;-0.5416666666666666;-1.196672788546504
Medium;0.625747485050299;-0.219047619047619;-0.1498536957397603
Control;0.2043559128817423;0.3307692307692307;-0.5504226734591766
Unknown;0.8498230035399292;-0.2028985507246377;0.0206668963812028
Medium;0.0613587728245435;-0.4776785714285714;-0.8117830347319482
Low;0.2173956520869582;0.2435897435897435;0.4453786271947251
Unknown;0.1868762624747505;0.3232323232323232;0.4264242302942594
Unknown;0.0410791784164316;0.5036231884057971;0.2943016051854585
Unknown;0.2921541569168616;-0.3;-0.4975016021806498
Unknown;0.3931121377572448;0.0064102564102564;-0.3755880445331856
High;0.2177556448871022;0.2028985507246377;-0.8865891034835123
Unknown;0.3021539569208616;0.1555555555555555;0.4788072581092281
Unknown;0.617747645047099;0.3380952380952381;-0.1041141412370357
High;0.7296254074918501;0.0680272108843537;0.1621589408922546
Medium;0.1340373192536149;0.288135593220339;0.5922503975153609
Unknown;0.3814323713525729;0.2296296296296296;0.3167655325059541
Unknown;0.2705545889082218;-0.1777777777777777;-0.4996714779331654
Low;0.2085158296834063;0.2666666666666666;0.5288703289726936
Unknown;0.0033599328013439;0.65807962529274;1.064652307198953
Unknown;0.7647447051058979;0.4489795918367347;-0.0525410702572775
Unknown;0.0099198016039679;-0.4438943894389439;-0.8951857003284136
Unknown;0.1512369752604948;0.2932330827067669;0.4931362739498773
Control;0.864822703545929;-0.0709219858156028;0.1978841436681017
Unknown;0.3041939161216775;-0.2193732193732193;-0.3048510335121572
High;0.0676786464270714;0.4625850340136054;0.6959048394792169
Unknown;0.8830623387532249;-0.0222222222222222;0.1418089081382684
Unknown;0.0001999960000799;0.7543859649122807;0.8298624625142536
Unknown;0.49535009299814;0.0666666666666666;0.3764739700540108
Unknown;0.5403091938161236;0.1288888888888889;0.3200741405907735
Unknown;0.631427371452571;-0.1272727272727272;-0.0217619212919656
Unknown;0.0274794504109917;-0.2866666666666667;-1.176181160056499
Unknown;0.5807083858322833;0.2624113475177305;0.2639488690031238
Unknown;0.1429971400571988;-0.32;-0.5558100583625006
Unknown;0.4271914561708765;-0.1644444444444444;-0.3539743093007642
Unknown;0.9217815643687126;-0.2518518518518518;0.0922231867152579
Unknown;0.0735585288294234;0.3928571428571428;0.6224966057138794
Unknown;0.4193916121677566;0.1700680272108843;0.3521087620054819
Unknown;7.999840003199936e-05;0.8703703703703703;1.3496923718265126
Unknown;0.4181516369672606;0.2810457516339869;0.3568992817510037
Unknown;0.0288394232115357;0.6041666666666666;0.6331772931913446
Low;0.0252794944101117;0.6226415094339622;0.7253759570540186
Unknown;0.0032799344013119;0.6666666666666666;0.6232449914991928
Medium;0.0449591008179836;-0.7155555555555555;-1.1651276454426178
Unknown;0.7995840083198336;0.2;0.1840428782715253
Unknown;0.0327193456130877;0.5345911949685535;0.7917569680912135
Medium;0.99890002199956;0.0123456790123456;0.0481802911048527
Control;0.0239595208095838;0.5777777777777777;0.4815599726352466
Unknown;0.0753984920301594;0.4591194968553459;0.4645172365192081
Unknown;0.1036779264414711;-0.18;-0.7856041865677246
Unknown;0.2701145977080458;0.4107142857142857;-0.3212601488790604
Unknown;0.0047199056018879;0.6051948051948052;0.8507013460984257
Unknown;0.3587528249435011;0.3142857142857143;0.3776453455514331
Control;0.2034359312813743;0.3208430913348946;-0.9544920184755704
Unknown;0.2667546649067018;0.419047619047619;0.4034219350044183
Unknown;0.0292794144117117;-0.5037593984962406;-1.1460209244937312
Unknown;0.979340413191736;-0.0272727272727272;0.0514654273125176
Unknown;0.6687066258674826;-0.3188405797101449;-0.0271596525488915
Unknown;0.6695066098678026;0.2884615384615384;0.2582545919616316
Low;0.0151996960060798;0.559748427672956;0.8938712832742975
Unknown;0.7269854602907941;0.0222222222222222;0.2169338401252017
Medium;0.116837663246735;-0.2101449275362318;-0.9291478161808068
Unknown;0.5595488090238195;-0.3155555555555555;-0.1815591998728679
Control;7.999840003199936e-05;-0.8669950738916257;-2.317694615346138
Unknown;0.0555588888222235;0.4888888888888889;0.7698525730944429
Unknown;0.9416211675766484;-0.12;0.159587567846157
Unknown;0.3308733825323494;0.0544217687074829;-0.4201837796580663
Medium;0.6827463450730985;0.1224489795918367;0.1869096058328683
Unknown;0.0197996040079198;0.5641025641025641;0.7488206702670105
Low;0.0307593848123037;0.4615384615384615;0.4615661979367064
Unknown;0.994580108397832;0.037037037037037;0.1119599051541927
Unknown;0.1904761904761904;0.5;0.4639585802940367
Unknown;0.7846243075138497;0.0128205128205128;0.1939598943369611
Control;0.3888722225555489;0.238095238095238;-0.3703191170458542
Unknown;0.3212335753284934;0.0646551724137931;0.3676268808121842
Unknown;0.741665166696666;-0.1785714285714285;-0.0887241774867399
High;0.1984760304793904;-0.1372180451127819;-0.3984453104836518
Unknown;0.3192336153276934;0.1360544217687075;0.3997323040831191
Low;3.999920001599968e-05;0.8176638176638177;0.7047515645078035
Unknown;0.8892622147557049;-0.0181818181818181;0.1245426023793766
Unknown;0.3126737465250695;0.2355555555555555;0.4621381132452046
Unknown;0.0035199296014079;-0.6993464052287581;-1.5615434749974682
Unknown;0.0084398312033759;0.6222222222222222;0.9562419489655642
Unknown;0.4309913801723966;0.1666666666666666;0.3696365049051673
Unknown;0.24407511849763;-0.354679802955665;-0.5471150748662663
Unknown;0.0032399352012959;-0.5333333333333333;-1.7141135570421249
Unknown;0.0092398152036959;0.6394557823129252;0.8433506168908648
Unknown;0.4871902561948761;0.0496453900709219;0.3173359284409242
Unknown;0.0153596928061438;0.5686274509803921;0.8582629334130496
Unknown;0.2874342513149737;0.2916666666666667;0.4636579497946265
Unknown;0.0302793944121117;-0.392156862745098;-1.4491269507462816
Unknown;0.5715085698286034;0.3464052287581699;0.3323498104674652
Unknown;0.2215555688886222;-0.1875;-0.5478826208255558
Unknown;0.4169916601667967;-0.2272727272727272;-0.3803822788317786
Control;0.1329573408531829;-0.1063829787234042;-0.9182300485362688
Low;0.4373912521749565;0.4855072463768116;0.0022070487634243
Unknown;0.0009999800003999;0.746031746031746;0.7898307778161994
Unknown;0.0330393392132157;0.4117647058823529;0.6774369782862736
Unknown;0.0151996960060798;-0.0477941176470588;-1.3786449998954846
Unknown;0.8041839163216735;0.0069444444444444;0.1376301033454569
High;0.4585508289834203;0.2761904761904762;-0.143439020791163
Unknown;0.1634367312653747;0.3111111111111111;0.4467536388141317
Unknown;0.1375172496550069;-0.0311111111111111;-1.098420876563601
Low;0.8778224435511289;0.1395348837209302;0.1188870981779816
Control;0.7115057698846023;0.1478696741854636;-0.0722535500656353
Control;0.370032599348013;0.2345679012345679;0.3233942801095158
Medium;0.8053438931221376;0.1177944862155388;0.0730435033282671
Unknown;0.0845583088338233;0.4222222222222222;0.6559072946897795
Control;0.5336693266134678;0.1632653061224489;0.2988241459141479
Unknown;0.9259014819703606;0.1049382716049382;0.059348115886074
Unknown;0.4117917641647167;-0.2;-0.3580888653765771
Unknown;0.0014399712005759;0.5366568914956011;0.5857350337881876
Unknown;0.2081958360832783;0.3006535947712418;-0.6251437099718955
Medium;0.0107197856042879;0.5641646489104116;0.9535220867356304
Unknown;0.367832643347133;-0.375;-0.2017291746262793
Unknown;0.5652286954260914;0.0718954248366013;0.2761013104455477
Control;0.5241895162096758;0.2295918367346938;0.2711069522940623
Unknown;0.0019999600007999;0.52046783625731;0.8936540991479033
Low;0.0026399472010559;0.7;0.5660722899368785
Unknown;0.9091018179636408;-0.0098522167487684;0.1273303883496714
Unknown;0.4755244755244755;-0.1333333333333333;-0.4615499102384998
Unknown;0.744105117897642;-0.2335907335907336;0.1191936782913652
Unknown;0.4003519929601408;0.2345679012345679;0.2864703808599411
Control;0.6643867122657546;0.3144654088050314;0.228679682536185
Control;7.999840003199936e-05;0.7986111111111112;0.9260923900711916
Unknown;0.0621187576248475;0.3789682539682539;0.5249071623451343
Unknown;0.0123997520049599;0.5947712418300654;0.6693696845630076
Control;0.1391972160556789;0.1825396825396825;0.5024767864269495
Unknown;0.1269974600507989;0.2438016528925619;0.4670796336847147
Unknown;0.0247595048099038;0.5685714285714286;0.5436540643255282
Unknown;0.9214215715685686;-0.0576923076923076;0.1315826123183151
Medium;0.0015599688006239;-0.6666666666666666;-1.8989441430645428
Unknown;0.1674766504669906;0.3061224489795918;0.4869350779534042
Unknown;0.5826283474330514;0.1496598639455782;0.2576711185405651
Unknown;0.0328393432131357;0.4729064039408867;0.348659837999316
Unknown;0.2164756704865902;-0.2074074074074074;-0.5784891892941252
Unknown;0.0456390872182556;-0.4130434782608695;-1.0525119529947318
Unknown;0.75622487550249;-0.2088888888888889;0.0940143313483504
Unknown;0.0276394472110557;0.4354354354354354;0.4145827280834812
Unknown;3.999920001599968e-05;0.823943661971831;0.8284912816815105
Unknown;0.9675406491870162;0.2653061224489796;0.1104489349399641
Control;0.1859562808743825;0.0551470588235294;-0.7531214874533855
Unknown;0.8787424251514969;-0.0666666666666666;0.0553695158070035
Unknown;0.0657986840263194;0.4814814814814814;0.7251408383818729
Unknown;0.123717525649487;0.3422222222222222;0.6422748550046856
High;0.0035199296014079;0.5896103896103896;0.5276142260522857
Unknown;0.0150396992060158;0.4924242424242424;0.7679554592921511
Medium;0.8095838083238335;0.0265060240963855;0.0885098122328581
Unknown;0.5945081098378032;-0.0698795180722891;-0.1275627546064882
Unknown;0.5269094618107638;-0.1496598639455782;-0.1118482995883147
Unknown;0.0052798944021119;0.5646879756468798;0.3823597932791545
Unknown;0.0108797824043519;0.6054421768707483;0.8399187819245713
Control;0.5193096138077239;0.0123456790123456;0.3229418950363219
Unknown;0.8200235995280094;0.1022222222222222;0.110169346896293
Unknown;0.755304893902122;0.0044444444444444;0.1939762965692438
Unknown;0.0936381272374552;0.4042553191489361;0.7183755510545665
Unknown;0.9235015299694006;0.0864197530864197;0.0473782539130298
Unknown;0.0174396512069758;0.4459259259259259;0.67120187365271
Unknown;0.999860002799944;0.0;0.0836719408137111
Unknown;0.6374272514549709;0.1377777777777777;0.2238766704797694
Control;0.7898642027159457;0.3549382716049383;0.1238971399422357
Low;0.0044799104017919;0.5431818181818182;0.7667190524482158
Unknown;0.4328313433731325;-0.0925925925925925;-0.2511245730192191
Unknown;0.0549189016219675;0.477124183006536;0.4113724016464005
Unknown;0.1763164736705265;-0.2765957446808511;-0.633643511246284
Unknown;0.0441591168176636;0.3225123500352858;0.2727461517077386
Unknown;0.6028679426411472;-0.1805555555555555;-0.1660318681284638
Unknown;0.2086758264834703;0.3464052287581699;-0.6586004725549237
Unknown;0.0055598888022239;-0.5106382978723404;-1.7451149925607097
Control;0.1752364952700946;0.0784313725490196;-1.0780602180811052
Unknown;0.5776284474310514;-0.2312925170068027;-0.2149259607523481
High;0.1985160296794064;-0.4379084967320261;-0.5646125067285102
Unknown;0.630667386652267;-0.2211538461538461;-0.0405284509184131
High;0.0425591488170236;0.5079365079365079;0.4865146693466433
Unknown;0.0001999960000799;0.8397435897435898;1.3347874318705957
Control;0.0521189576208475;0.5595959595959596;0.57525577865648
Low;0.4447511049779004;-0.1347517730496454;-0.2611408661409209
Unknown;0.0699586008279834;0.4294871794871794;0.5836390309060232
Unknown;0.0093998120037599;-0.3043478260869565;-1.5004727987785402
Unknown;0.6363472730545389;0.2962962962962963;0.2473309264394875
Unknown;0.0012399752004959;-0.7703703703703704;-1.858691226582535
Unknown;0.0748785024299514;0.4933333333333333;0.6415056803844845
Control;0.0008399832003359;0.708994708994709;1.1442779273017734
Unknown;0.1568368632627347;-0.2452830188679245;-0.6866197684441875
Unknown;0.5557488850222996;0.1041162227602905;0.2731133310902863
Unknown;0.1347173056538869;-0.4733333333333333;-0.7135154323055063
Unknown;0.0341193176136477;0.5210166177908113;0.571448423936369
Unknown;0.3013139737205256;0.362962962962963;0.4488337078587034
Unknown;0.0007599848003039;0.75;0.6937108324130918
Unknown;0.5956680866382672;-0.3;-0.227021652173054
Low;0.0450390992180156;0.5095238095238095;0.7810041605865184
Unknown;0.7701445971080578;-0.0136054421768707;0.1530107523737747
Unknown;0.2329553408931821;0.4855072463768116;0.5078770541167671
Unknown;0.0315193696126077;0.4444444444444444;0.6238245238150618
Unknown;0.0159196816063678;0.5616438356164384;0.4955652082194771
Unknown;0.0228795424091518;0.5424836601307189;0.5517761207820882
Medium;0.6431471370572589;0.1111111111111111;0.2173398863091486
Unknown;0.1519969600607988;0.463768115942029;0.3843715183193558
Unknown;0.2326353472930541;0.2708333333333333;0.3220654616829642
Unknown;0.4219515609687806;0.141025641025641;0.3549668451478543
Unknown;0.0028399432011359;0.8;1.119480634326095
Control;0.7354652906941861;0.201058201058201;0.2177869913790762
High;0.0096398072038559;0.62;1.0646785356576365
Unknown;0.0081198376032479;0.6150793650793651;0.5649508717265869
Unknown;0.3018339633207336;-0.2075471698113207;-0.4339620655960224
Unknown;0.0010399792004159;0.7391304347826086;0.8954052412775734
Unknown;0.1644767104657906;-0.6013071895424836;-0.676454794448227
Unknown;0.7067858642827144;0.0620915032679738;0.1641493978994198
Low;0.2891542169156617;0.141025641025641;-0.630207588624859
Unknown;0.0390392192156156;0.5578231292517006;0.6885143439846277
Medium;0.4641907161856763;0.1111111111111111;0.0832981691570833
Unknown;0.1643967120657586;0.4261363636363636;0.4976801300453231
Unknown;0.5653486930261394;0.0899470899470899;0.2705953940611773
Unknown;0.1020779584408311;0.4420289855072464;0.674298026136233
Unknown;0.0037599248015039;-0.5555555555555556;-1.811908733360391
Unknown;0.0957980840383192;0.3614627285513361;0.5248957912278455
Unknown;0.0312393752124957;0.4888888888888889;0.7985125354153109
Control;0.5511889762204756;0.1231231231231231;0.2223993689458703
Unknown;0.1443171136577268;0.2599531615925058;0.47440177567891
Low;0.0143997120057598;0.4557823129251701;0.6516786897077392
Unknown;0.488990220195596;0.1347517730496454;0.3321232439899622
Unknown;0.5762684746305073;-0.1205673758865248;-0.2446968416598157
Unknown;0.0095598088038239;-0.5144927536231884;-1.6081009225401293
Medium;0.1439571208575828;-0.0652173913043478;-0.7811300981392586
Unknown;0.0299594008119837;-0.3148148148148148;-1.1020441608043374
Unknown;0.5365092698146037;0.04;-0.1693260014605482
Unknown;0.6428671426571468;0.1347517730496454;-0.1684230864444627
Unknown;0.9203815923681526;-0.2312925170068027;0.1104659520506619
Unknown;0.1696366072678546;-0.2638888888888889;-0.6265791414574725
Control;0.0047199056018879;0.5178571428571429;0.8507683907112167
Unknown;0.5898682026359473;-0.1132075471698113;-0.2159560032987904
Low;0.1674366512669746;0.04;-0.8828503227268033
Unknown;0.2583148337033259;0.3525641025641026;-0.455641341676704
Unknown;0.2648347033059339;0.2222222222222222;0.4145514599115257
Unknown;0.0974358974358974;-0.0526315789473684;-1.9062542244202232
Unknown;0.3415931681366372;-0.2046511627906976;-0.3242921244175447
Unknown;0.1404771904561908;0.3402777777777778;0.3042839884586905
Unknown;0.5981880362392752;0.2622222222222222;-0.1739725774188345
Unknown;0.8445831083378332;-0.0902777777777777;0.1003534095014311
Unknown;0.1089578208435831;0.2929782082324455;0.5836852787892852
Unknown;0.0270794584108317;0.3953488372093023;0.6756835958744455
Unknown;0.108235294117647;0.6122448979591837;0.7317390990276993
Unknown;0.992860142797144;0.0403225806451612;0.0633873252138964
Unknown;0.114317713645727;-0.2222222222222222;-0.7865320144946711
Unknown;0.1694766104677906;0.3558441558441558;0.3304821911354796
Unknown;0.8310633787324253;-0.0070921985815602;0.0383249809657697
Unknown;0.4548709025819483;-0.3037037037037037;-0.2235250930786403
Unknown;0.0656786864262714;0.405152224824356;0.7384479740556762
Unknown;0.0112797744045119;-0.5333333333333333;-1.5971630084954966
Unknown;0.2766744665106698;0.6009852216748769;0.4151582884311121
Unknown;0.8805423891522169;-0.1363636363636363;0.0040954975239633
Unknown;0.7035059298814024;-0.1231884057971014;-0.0341356614991622
Unknown;0.3559528809423811;0.5034013605442177;0.4132798871224426
Unknown;0.6624267514649707;0.1283292978208232;-0.1480702945682249
Low;0.9524209515809684;-0.1564625850340136;0.1468082352298692
Unknown;0.3621527569448611;-0.3125;-0.396784601078468
Unknown;0.0735585288294234;-0.4444444444444444;-0.8357984300757554
Unknown;0.0127997440051198;0.624113475177305;1.0712696154328245
Unknown;0.3061938761224775;0.2948717948717949;0.4492045651874001
Unknown;0.0018399632007359;-0.6319444444444444;-1.957254797196608
Medium;0.0014399712005759;0.7095238095238096;0.956761000719736
Unknown;0.0504389912201755;0.4679487179487179;0.5308646411906693
Medium;0.2046759064818703;0.4711673699015471;-0.7411611217724314
Unknown;0.7187856242875142;-0.1133004926108374;-0.1053080348871432
Unknown;0.3280334393312134;-0.2624113475177305;-0.4297262908766561
Unknown;0.9753804923901522;0.1037037037037037;0.0349761013310434
Unknown;0.1739165216695666;-0.3888888888888889;-0.6527908627123417
Unknown;0.1449571008579828;0.1152941176470588;0.4438542650859952
Low;0.0005999880002399;-0.4428571428571428;-1.7938219563057138
Unknown;0.5717485650286994;-0.3506944444444444;-0.1756246438077855
Unknown;0.2128357432851343;0.2160493827160493;0.4799652310684892
Unknown;0.5335493290134198;0.1677018633540372;-0.222544115884113
Unknown;0.0131997360052798;-0.262952101661779;-1.0826601321915104
Unknown;0.9717005659886804;0.2176870748299319;0.052233522511462
Unknown;0.1575168496630067;-0.3026634382566586;-0.633005514332365
Unknown;0.0636387272254555;0.3925925925925926;0.4419207680333907
High;0.864142717145657;0.017832647462277;0.0924840791464839
Unknown;0.2161956760864782;0.3402298850574712;-0.4770851516058868
Control;0.8916221675566489;-0.1666666666666666;0.196004664791095
Unknown;0.125517489650207;-0.2734375;-0.6000928803600195
Low;0.0468390632187356;-0.2224719101123595;-0.7803535128994574
Control;0.5340693186136277;0.4722222222222222;-0.2190257597156366
Unknown;0.250834983300334;0.4492753623188406;0.4528411038410126
Low;0.6014679706405872;0.04;0.1959218488432299
Unknown;0.8164236715265695;-0.0592592592592592;-0.0602068665622882
Unknown;0.2381552368952621;0.3262411347517731;0.524842947364303
Unknown;0.0818383632327353;-0.3703703703703703;-0.8412485290122782
Unknown;0.2260354792904142;0.2536231884057971;-0.9402894173364644
Control;0.0108397832043359;0.1710843373493976;-1.19667244164744
Unknown;0.1995160096798064;-0.0128205128205128;-0.6214173121128832
Unknown;0.0875982480350393;0.4074074074074074;0.7193834052768264
Unknown;0.7789844203115938;-0.1937984496124031;0.2155060669989895
Unknown;0.0277194456110877;0.5481481481481482;0.6389984614450904
Unknown;0.0341593168136637;0.4513888888888889;0.7620808104371999
Unknown;0.0010799784004319;0.7435897435897436;0.6213559064986154
Unknown;0.2145957080858382;0.0884353741496598;-0.6272577368792024
Unknown;0.1877562448751025;0.328042328042328;0.4560461864066938
Unknown;0.7085058298834024;0.0443349753694581;0.1673182479013979
Low;0.9637007259854804;-0.1111111111111111;0.0104004436136895
Unknown;0.0027199456010879;0.6825396825396826;0.6052019777142765
Low;0.7787444251114978;0.2133333333333333;0.1293165654108088
Medium;0.1459970800583988;0.4305555555555556;0.6287517703550207
Unknown;0.0863982720345593;-0.1956521739130435;-1.0386757113426937
High;0.253114937701246;0.1594202898550724;-0.5852001817930677
Unknown;0.2984740305193896;0.2941176470588235;0.4077528242822972
Unknown;0.3029139417211656;0.253012048192771;0.3454347370448057
Unknown;0.0475990480190396;0.5056689342403629;0.6865707625940715
Unknown;0.7859842803143937;0.0192307692307692;0.1005683639211676
Low;0.2567148657026859;-0.1899470899470899;-0.3155574835595628
Unknown;0.0693186136277274;-0.5;-0.9853639247814296
Unknown;0.3264334713305734;-0.2517006802721088;-0.4018902780548685
Unknown;0.5975080498390032;0.074074074074074;-0.1866205487193138
Unknown;0.7182256354872902;0.1895424836601307;0.1732929470794546
Unknown;0.877462450750985;0.3511111111111111;-0.011886777384359
Unknown;0.0214395712085758;0.5797101449275363;0.5740414867521277
Unknown;0.368192636147277;0.2756410256410256;0.2667665149911412
Unknown;0.0951580968380632;0.3836477987421384;0.528751066642267
Unknown;0.2381552368952621;0.3265306122448979;0.356148484615464
Control;0.1354772904541909;0.3230769230769231;0.5675623671849387
Unknown;0.6655466890662187;0.1956521739130435;0.2035169160262359
Unknown;0.3065938681226375;0.1886792452830188;0.3948505128552064
Unknown;0.5393892122157556;0.1830065359477124;0.2387951819252395
Unknown;0.9482210355792884;0.3333333333333333;0.0661907342998297
Unknown;0.0204795904081918;-0.425;-1.399592980352932
Unknown;0.0961980760384792;0.3333333333333333;0.3827353174683466
Low;0.8355032899342013;0.05;0.0727365608206018
Unknown;0.1963160736785264;0.270440251572327;0.492638195223104
Unknown;0.7716245675086498;-0.1156716417910447;0.0742604453662578
Unknown;0.5877482450350993;0.6875;-0.0505694609653988
Unknown;0.0019599608007839;0.6470588235294118;0.9054905247690148
Unknown;0.3253534929301414;0.2536231884057971;0.4166596880736278
Unknown;0.2944341113177736;0.4025157232704403;0.4504687046105034
Control;0.6777064458710825;0.3933333333333333;0.2125120594518726
Medium;0.0011999760004799;0.6169590643274854;0.9952812039255186
Unknown;0.0001199976000479;0.8270676691729323;0.5745883970667232
Control;0.0029599408011839;0.7254901960784313;0.7879118963784152
Unknown;0.0133597328053438;0.5257352941176471;0.734340627325772
Unknown;0.9521009579808404;-0.0044444444444444;0.0012852885890292
Unknown;0.3898322033559329;-0.3260869565217391;-0.3488380067581924
Unknown;0.0896782064358712;-0.1777777777777777;-1.119696553082217
Control;0.4875102497950041;0.0044444444444444;-0.2311338471548193
Low;0.6667466650666987;0.0839002267573696;0.2443402661077999
Unknown;0.0140397192056158;0.4441860465116279;0.6175427187149762
High;0.7255854882902342;0.4965986394557823;-0.0225362077827003
Control;0.1725565488690226;0.2758620689655172;0.5176353709297765
Unknown;0.5672286554268915;0.1894736842105263;0.3426289467153779
Unknown;0.3256334873302534;-0.1423611111111111;-0.2676185889824516
Unknown;0.0701985960280794;0.4085213032581453;0.6214193364218565
Unknown;0.0005999880002399;0.7291666666666666;1.2224992410042523
Unknown;0.6940261194776104;0.0567375886524822;0.1833012646275722
Low;0.6414671706565869;0.1633986928104575;0.2281835073830997
Unknown;0.1609967800643987;0.4444444444444444;0.5924127942185599
Unknown;0.491110177796444;0.0833333333333333;0.311101219125179
Low;0.1685566288674226;-0.3043478260869565;-0.7104666245224418
Unknown;0.3332733345333093;0.2108843537414966;0.430497638953374
Unknown;0.5900681986360273;-0.1821428571428571;-0.1511410397996208
Unknown;0.4170316593668127;-0.2533333333333333;-0.349544109440649
Unknown;0.744745105097898;0.0718954248366013;0.1950570945733038
Unknown;7.999840003199936e-05;-0.8405797101449275;-2.6087763546476586
Unknown;0.4653906921861562;0.037037037037037;-0.354624197882277
High;0.8878622427551449;0.0448717948717948;-0.041438073490498
Unknown;0.6075078498430031;0.1564625850340136;0.2619394550686482
Unknown;0.0092398152036959;0.4595959595959596;0.425098427835294
Unknown;0.0863182736345273;0.2888888888888888;0.5212914708045433
High;0.0424791504169916;0.4846938775510204;0.4887652761541146
Unknown;0.9699806003879924;0.0285714285714285;0.1026823352152726
Unknown;0.1608367832643347;0.1956181533646322;0.4284544009532023
Unknown;0.8044239115217696;0.2346153846153846;0.1018452632556181
Unknown;0.6132277354452911;-0.0666666666666666;-0.2121645404911022
Unknown;0.123477530449391;0.3541666666666667;0.6069554181444397
Unknown;0.5945081098378032;0.04;-0.2109685710433673
Unknown;0.3351532969340613;-0.3188405797101449;-0.3898554271795494
Unknown;0.3338333233335333;0.3188405797101449;0.2970240678649087
Unknown;0.1358372832543349;0.2903225806451613;0.5531770403905115
Unknown;0.744745105097898;-0.1866666666666666;-0.104838280223371
Unknown;0.0015199696006079;0.7536945812807881;1.1827145134328008
Unknown;0.3992720145597088;0.2355555555555555;0.4091158675136382
Low;0.0103197936041279;0.5197956577266922;0.7526384135571239
Unknown;0.3270734585308293;0.1388888888888889;-0.5804252255102909
Unknown;0.0189996200075998;-0.425;-1.2372416106111923
Unknown;0.7437051258974821;0.4437927663734115;0.159132993400394
Unknown;0.2857942841143177;-0.4844444444444444;-0.5238233693398258
Unknown;0.244435111297774;-0.3006535947712418;-0.5365531414619484
Unknown;0.3891922161556769;0.1625615763546798;-0.2809724073403684
Unknown;0.3428331433371333;0.1944444444444444;0.3748949897931014
Unknown;0.0726385472290554;0.3566176470588235;0.4306216581893994
Unknown;0.0013199736005279;0.75;0.7862113011531224
High;0.0174796504069918;-0.2156862745098039;-1.4035867767226204
Unknown;0.4498310033799324;0.0763888888888889;-0.3137111548187823
Unknown;0.3331933361332773;-0.2609756097560975;-0.3454002587510555
Unknown;0.3519929601407972;-0.2444444444444444;-0.334773670013782
Unknown;0.4157916841663167;0.1226551226551226;-0.3050476808795981
Unknown;0.0425191496170076;0.3886363636363636;0.6012327776169357
Unknown;0.0609587808243835;-0.5377777777777778;-1.1137426634768637
Control;0.8067438651226976;0.1382488479262673;0.1191030069637756
Low;0.8966220675586488;0.3923076923076923;0.0326234819423513
Unknown;0.7617447651046979;0.1597222222222222;0.1406139560037395
Unknown;0.2699546009079818;0.3125;0.4698268512557375
Unknown;0.2158356832863342;-0.0307692307692307;-0.4691228650319557
Unknown;0.0386392272154556;-0.3555555555555555;-1.0638318630110482
Unknown;0.2158356832863342;-0.4467120181405896;-0.2974573346896791
Unknown;0.1861162776744465;0.3768115942028985;0.3189301925684092
Unknown;0.6684666306673867;-0.0909090909090909;-0.1702026087165448
Control;0.4549909001819963;0.4235588972431077;-0.2496947625270097
Control;0.0343193136137277;-0.2857142857142857;-1.2048923470949109
Unknown;0.623947521049579;0.0577777777777777;0.2458758326438985
Control;0.7280654386912262;0.4857142857142857;-0.0603948275525252
Unknown;0.0940781184376312;0.5384615384615384;0.7369158801854258
Unknown;0.0334393312133757;0.4613583138173302;0.5123856716299644
Unknown;0.0715185696286074;-0.2602040816326531;-1.2038134097294269
Unknown;0.9579408411831764;0.1478696741854636;-0.0107804452098907
Unknown;0.0176396472070558;0.0209790209790209;-0.9411514504647172
Medium;0.4786704265914682;0.1373239436619718;0.2657085529534869
Low;0.2800743985120297;0.1285714285714285;-0.4533205681818933
Unknown;0.5122297554048919;0.1829573934837092;0.2947479792706025
Unknown;0.1396372072558548;-0.5034013605442177;-0.6770386750677925
Control;0.2180756384872302;-0.4591194968553459;-0.5244647443096623
Medium;0.627747445051099;0.2;-0.1622840706964801
Unknown;0.996140077198456;0.6066666666666667;0.1461488762486192
Control;0.9214615707685846;0.4433497536945813;0.0388633591907867
Unknown;0.240515189696206;-0.5644444444444444;-0.4995958314489159
Unknown;0.0011199776004479;-0.3829268292682927;-1.4552908076548374
Unknown;0.370712585748285;0.0492424242424242;0.3025321126248237
Unknown;0.7087458250834984;0.1116883116883116;-0.0934644986802
Unknown;0.8233035339293214;-0.12;-0.0253065185226131
Unknown;0.1478770424591508;-0.2444444444444444;-0.6846778253992323
Medium;0.0807183856322873;0.5483870967741935;0.4922669829286455
Unknown;0.5661086778264435;0.0961538461538461;0.2519983567766413
Unknown;0.7266654666906662;-0.0488888888888888;-0.1250415723350219
Unknown;0.3569528609427811;-0.4822695035460992;-0.4398447006563192
Unknown;0.8901021979560408;-0.0899470899470899;-0.0288822772097158
Unknown;0.0041999160016799;-0.7058823529411765;-1.7026842238752515
Low;0.1105577888442231;0.509090909090909;0.4999043097702065
Unknown;0.2126357472850543;0.4915254237288136;-0.7370022888621363
Unknown;0.0096798064038719;-0.5620915032679739;-1.2132062466670444
Unknown;0.0564788704225915;0.423728813559322;0.6405053606637239
Unknown;0.0203995920081598;0.5185185185185185;0.8613946678514941
Unknown;0.741585168296634;-0.0128205128205128;-0.1206546351083792
Unknown;0.0626387472250555;-0.4420289855072464;-0.8752184884365017
Unknown;0.0177596448071038;0.6375;0.9894827811322808
Unknown;0.3118737625247495;0.1623529411764706;0.325761408453312
Unknown;0.0387592248155036;0.5037037037037037;0.6839719103028972
High;0.2143557128857423;0.273076923076923;-0.7724669853339873
Unknown;0.0039599208015839;0.7092198581560284;1.2145308142308944
High;0.0549189016219675;-0.4117647058823529;-0.8834812655976457
Unknown;0.2714745705085898;-0.31;-0.4757439202093523
Control;0.989060218795624;0.125;0.033432666689973
Low;0.2942341153176936;-0.2751322751322751;-0.4536540438858894
Unknown;0.0275994480110397;0.5185185185185185;0.750110718065904
Unknown;0.7840643187136257;-0.2152777777777778;-0.1278800515147212
Unknown;0.5503889922201556;-0.0378787878787878;0.2675258388804515
Medium;0.6001479970400592;-0.0222222222222222;0.249205969873124
Unknown;0.615667686646267;0.064516129032258;0.2390291692524128
Control;0.8118237635247295;-0.1076066790352504;-0.0498209559650406
Unknown;0.5433091338173237;-0.1133333333333333;0.2832548776785648
Unknown;0.0373992520149597;0.4236111111111111;0.8673406990059929
Unknown;0.0333593328133437;0.4583333333333333;0.5349307256845626
Unknown;0.5941881162376752;0.1446540880503144;0.2711312794916969
Unknown;0.0297994040119197;-0.4855403348554033;-0.9163436623107144
Unknown;0.4441111177776444;-0.0264550264550264;-0.296180523020333
Unknown;0.0094798104037919;0.3874643874643874;0.4533260575776113
Unknown;0.0005999880002399;0.653125;0.7097125661132118
Control;0.0099998000039999;0.6727272727272727;0.9624601899052028
Unknown;0.0928381432371352;0.1666666666666666;-0.9229955322893768
Unknown;0.241955160896782;-0.12;-0.6670372514655241
Unknown;0.0001199976000479;0.8257575757575758;0.956433919229902
Unknown;0.0010799784004319;0.6900726392251816;1.3467869880688226
Control;0.6057878842423151;-0.1884057971014492;0.0001293054007266
Unknown;0.5341893162136757;0.1347517730496454;0.2912194125300734
Unknown;0.0001199976000479;0.9302325581395348;0.9695282997245978
Unknown;0.0007199856002879;0.782312925170068;1.3510858763347202
High;0.117397652046959;0.3911007025761124;0.3396036506579168
Unknown;0.6071878562428752;-0.0068027210884353;0.286467390810184
Unknown;0.1109243697478991;0.6161616161616161;0.6129773876257668
Control;0.0149997000059998;0.4602870813397129;0.4027753663535292
Unknown;0.0830783384332313;0.4296296296296296;0.6907988689823055
Low;0.4145117097658047;0.2518518518518518;0.3363487087810629
Medium;0.7074258514829703;0.0158730158730158;0.1243916610341553
Unknown;0.120597588048239;-0.2971014492753623;-0.7794757096781935
Unknown;0.0284794304113917;-0.413265306122449;-1.2639683606791348
Unknown;0.0024399512009759;0.6174242424242424;1.0549691416236209
Unknown;0.9706205875882482;0.0311111111111111;-0.0083997372766196
Unknown;0.1423971520569588;0.3508771929824561;0.4728865135010142
Unknown;0.1843963120737585;-0.0103896103896103;-0.60698646487745
Low;0.3531529369412611;-0.2222222222222222;-0.491915178394177
Unknown;0.2838743225135497;0.1640316205533596;0.3229640733417507
Unknown;0.4469910601787964;0.1285714285714285;0.3099637399881904
Low;0.1061178776424471;0.5490196078431373;0.691413238114909
Unknown;0.5441491170176597;-0.1822222222222222;-0.2592413556307113
Unknown;7.999840003199936e-05;0.8597402597402597;0.8054622198637159
Unknown;0.0145997080058398;0.6074074074074074;0.972186893191123
Unknown;0.504029919401612;-0.3866666666666666;-0.2647499931212339
Low;0.0015999680006399;0.7017045454545454;0.3201176354917515
Unknown;0.5515089698206036;-0.0592592592592592;-0.2036180597793634
Unknown;0.2268754624907502;0.3262411347517731;-0.9728717921515304
Unknown;0.8045839083218336;-0.3155555555555555;0.1716106512467312
Unknown;0.0410791784164316;-0.3851851851851852;-0.9933633365696896
Unknown;0.0057198856022879;0.6666666666666666;1.168273649879518
Unknown;0.7394652106957861;-0.3688888888888889;-0.0253045415871085
Unknown;0.1655166896662066;0.2938005390835579;0.4588646951183418
Unknown;0.0579988400231995;0.4506172839506173;0.4293668910177065
Unknown;0.5065098698026039;0.0065359477124183;-0.2280431680253705
Unknown;0.9484210315793684;0.2340425531914893;0.0787793931026524
Unknown;0.7932241355172897;-0.1822222222222222;0.0042464562247991
Unknown;0.6884662306753865;0.1844155844155844;0.1756759376234066
Unknown;0.1569568608627827;-0.2435897435897435;-0.637675314153107
Unknown;0.3028339433211335;-0.0709219858156028;-0.4577763942131502
Unknown;0.6847063058738825;0.0555555555555555;0.2185707227072918
Unknown;0.2175956480870382;0.2962962962962963;0.489668987750061
Unknown;0.0591188176236475;0.3515625;0.3531248086034166
Unknown;0.878422431551369;0.4057377049180328;0.0303225619053634
Unknown;0.9066618667626648;-0.0508474576271186;-0.034851541427379
Unknown;0.5579888402231955;-0.1521739130434782;-0.246809831467948
Unknown;0.1542769144617107;0.3268765133171913;0.4544079931783545
Unknown;0.189158667419537;0.325;0.6832161955762072
Unknown;0.0188796224075518;0.541871921182266;0.7242367082364847
Unknown;0.6903061938761225;0.173469387755102;-0.1281253005083849
Unknown;3.999920001599968e-05;0.8377142857142857;0.8246648833377719
Unknown;0.2253154936901261;-0.2266009852216748;-0.6319627380044844
Unknown;0.742345153096938;-0.0793650793650793;-0.1022620681691335
Unknown;0.1969960600787984;0.2888888888888888;0.4922181514312693
Unknown;0.0007999840003199;0.6162962962962963;0.9212369680523568
Unknown;0.0420791584168316;0.4722222222222222;0.7864691336302648
Unknown;0.0005999880002399;0.738498789346247;0.7633279260241111
Medium;0.0965180696386072;0.3387096774193548;0.6946192787351433
Unknown;0.0285994280114397;0.5037037037037037;0.8476966896351356
Unknown;0.4808703825923481;0.2148148148148148;0.3145256833016678
Unknown;0.5994280114397712;0.1153846153846153;-0.0384083345646069
Unknown;0.0004399912001759;0.782051282051282;0.7364464596398003
Low;0.3463130737385252;0.2101449275362318;0.2907332459425659
Unknown;0.0010799784004319;0.7046004842615012;0.9725795454348156
Unknown;0.0037199256014879;-0.1573208722741433;-1.1972303856717164
Unknown;0.0644387112257754;-0.4184397163120567;-0.8767615344765693
Unknown;0.617587648247035;0.0130718954248366;0.2304432189827067
Unknown;0.3541529169416612;-0.2877492877492877;-0.2097613164581853
Control;0.0425191496170076;0.4791666666666667;0.8309336695280367
Unknown;0.3941121177576448;0.2857142857142857;0.3748110893080297
Unknown;0.6619467610647787;-0.0416666666666666;0.2121258736716143
Unknown;0.24627507449851;0.3262411347517731;0.4848891953779937
Unknown;0.6494670106597868;0.2654320987654321;0.2601145938469958
Unknown;0.116477670446591;0.2790697674418604;0.492206040710112
Control;0.0529589408211835;0.4533333333333333;0.6945073435142917
Unknown;0.6059478810423792;0.0679012345679012;0.2746623766569876
Unknown;0.0965580688386232;0.4444444444444444;0.6138847263348257
Unknown;0.2271954560908781;0.2971014492753623;0.3036915396558243
Unknown;0.2173556528869422;0.3666666666666666;0.4199669750135447
Unknown;0.7285054298914022;-0.1818181818181818;-0.1101918766964323
Unknown;0.0954380912381752;-0.2955665024630542;-0.7733510321437115
Unknown;0.8322233555328894;0.0884353741496598;-0.0239428160374175
Unknown;0.5816283674326513;0.1212121212121212;0.2643627020327267
Unknown;0.3262734745305093;0.2330827067669172;0.3987288081762693
Unknown;0.0528389432211355;0.4818181818181818;0.6853067049866345
Control;0.8270234595308094;0.0714285714285714;0.1224603080818321
Unknown;0.6101077978440431;-0.0326797385620915;0.2939334660988969
Low;3.999920001599968e-05;0.8639705882352942;0.7077694846565021
Unknown;0.0365992680146397;0.4583333333333333;0.6056829110617807
Unknown;0.750984980300394;-0.2327044025157232;-0.1088448447772396
Unknown;0.3135537289254215;0.1521739130434782;0.43586624310821
Unknown;0.506789864202716;0.1481481481481481;0.2997660879487793
Unknown;0.0198796024079518;-0.5886524822695035;-1.2743989990941622
Control;0.1419571608567828;0.0384615384615384;-0.6335690318675608
Control;0.5157496850062999;0.1156462585034013;0.2849266223824724
Control;0.0010799784004319;0.7551020408163265;0.8160623810567206
Unknown;0.8910621787564249;0.0308641975308641;0.1294041591882527
Unknown;0.1837563248735025;-0.217391304347826;-0.65582963518932
Unknown;0.4521509569808604;0.1013824884792626;0.2447416087133441
Unknown;0.8122637547249055;-0.0144927536231884;0.2310633477797578
Unknown;0.3598728025439491;0.1111111111111111;0.3513573333372448
High;0.5340293194136118;0.1481481481481481;-0.2364618890298818
Unknown;0.0370392592148157;0.4201388888888889;0.6992483738251618
Unknown;0.3649127017459651;0.2448979591836734;0.397749782126753
Unknown;0.3553928921421571;0.3055555555555556;0.4011319522586979
Unknown;0.5807083858322833;0.0921985815602836;0.2528388700943429
Unknown;0.0002399952000959;0.6537216828478964;0.5467237059759167
Unknown;0.2698346033079338;-0.2160493827160493;-0.4947052896795978
Unknown;0.1428371432571348;-0.2666666666666666;-0.6680138051431423
Unknown;0.506669866602668;0.1089743589743589;0.3255719382629108
Unknown;0.1546369072618547;-0.5493827160493827;-0.6805328896412974
Unknown;0.1398772024559509;0.3777777777777777;0.6711601066464549
Unknown;0.2816343673126537;-0.5;0.0025974237303772
Unknown;0.0419191616167676;0.4382716049382716;0.5755207498455448
Unknown;0.0050798984020319;0.6601307189542484;0.6220935122555856
Unknown;0.0820783584328313;-0.2152777777777778;-0.8254903282870985
Unknown;0.4585908281834363;0.0133333333333333;-0.3329516042243327
Unknown;7.999840003199936e-05;0.6497252747252747;0.8008083523305571
Medium;0.2771944561108778;0.5074626865671642;-0.4054418501890806
Control;0.244235115297694;0.1259259259259259;-0.5903035609661073
Medium;0.0769984600307993;-0.5532467532467532;-0.7983673268473952
Unknown;0.4106317873642527;0.320754716981132;0.3460406377585984
Unknown;0.0717185656286874;0.48;0.3845460331799251
Unknown;0.3437931241375172;-0.4311111111111111;-0.4542389363609987
High;0.9578608427831444;-0.2355555555555555;0.1048377709221205
Unknown;0.0673586528269434;0.4680851063829787;0.7670692345388869
Low;0.2001559968800624;0.4311111111111111;-1.060464910343083
Unknown;0.5552288954220915;0.12;0.257259434356739
Unknown;0.114117717645647;0.270935960591133;0.5470836197699649
Unknown;0.8643027139457211;0.037037037037037;-0.0533588062578939
Unknown;0.1639567208655827;0.3422222222222222;0.5888024863102369
Unknown;0.0045599088018239;0.6666666666666666;0.9318341126495496
Unknown;0.3335933281334373;0.1066666666666666;0.3801293997032318
Unknown;0.7574248515029699;-0.0694444444444444;-0.1136076448721836
Unknown;0.117317653646927;-0.3623188405797101;-0.7415082910194283
Unknown;0.0548389032219355;0.5462962962962963;0.436400734443805
Control;0.0164396712065758;0.4769975786924939;0.4208912712078556
Unknown;0.1263974720505589;0.3958333333333333;0.6329840217557324
Unknown;0.6457470850582988;0.3014705882352941;-0.1282344712276713
Unknown;0.0619587608247835;-0.4044444444444444;-1.0302284827786543
Unknown;0.4431511369772604;0.2666666666666666;0.3122570029834298
High;0.9155016899662006;-0.1038011695906432;0.145945722906218
Unknown;0.1109177816443671;-0.3577235772357723;-0.8374802518133257
Unknown;0.0595988080238395;-0.2857142857142857;-1.0848040200364
Unknown;0.8971420571588569;-0.0748299319727891;0.0216877041928359
Unknown;0.369232615347693;-0.3037037037037037;-0.3992766876464268
Unknown;0.0263994720105597;-0.8104575163398693;-1.34600553003518
Unknown;0.5167496650066998;-0.0857142857142857;-0.3104712841343426
Unknown;0.8366232675346493;0.1822222222222222;0.1901785515075053
High;0.24147517049659;-0.2857142857142857;-0.5316893792512656
Unknown;0.3895922081558369;-0.1956521739130435;-0.3660893791388918
Unknown;0.7634647307053859;0.1466666666666666;-0.1175281040913678
Medium;0.0833583328333433;0.3974358974358974;0.7294763018759944
Control;0.1557168856622867;0.0257611241217798;-0.7063119616159028
Unknown;0.0591588168236635;0.4097222222222222;0.5433146592114471
Low;0.3257934841303174;0.3227513227513227;0.2831753019732884
Unknown;0.6799064018719626;-0.074074074074074;0.2089952051878916
Control;0.9460210795784084;-0.1714285714285714;0.1337208585860122
Unknown;0.3527129457410852;0.2444444444444444;0.4102414924429991
Unknown;0.4899902001959961;0.2222222222222222;0.3138753366923164
High;0.1695566088678226;0.3285714285714285;0.4050668511424754
Unknown;3.999920001599968e-05;0.8888888888888888;0.9223728903259576
Unknown;0.876342473150537;0.0432098765432098;0.0152219436684287
Unknown;0.0128797424051518;0.6370370370370371;0.9661510243392658
Unknown;0.0182396352072958;0.0;-1.566459286368004
Unknown;0.0002399952000959;0.8163265306122449;0.7923629398249975
Unknown;0.1290374192516149;-0.2536231884057971;-0.7601883635817406
Unknown;0.7076658466830663;0.0389610389610389;-0.1104973242604874
Unknown;0.1702365952680946;-0.1773049645390071;-0.6550302017507832
Unknown;0.2144757104857902;0.2736077481840194;0.4780757747340139
Unknown;0.3594728105437891;0.0805194805194805;0.3678594190871583
Unknown;0.3848323033539329;0.4864864864864865;0.4009230209170519
Unknown;0.5322293554128917;0.0520833333333333;0.2401910678932152
Unknown;0.4003919921601568;0.1205673758865248;0.3674752821053229
Unknown;0.1341573168536629;0.2753623188405797;0.5198887339240837
Medium;0.7035059298814024;-0.1988795518207282;0.0165884407493553
Unknown;0.0561188776224475;0.4822695035460992;0.7459866954369005
Unknown;0.8658226835463291;0.0241935483870967;0.1331058563995734
Unknown;0.7333853322933541;-0.1875;-0.0094293254604574
Unknown;0.3261534769304614;0.0646464646464646;-0.3106243063205139
Unknown;0.0186796264074718;0.5061728395061729;0.7178975911333503
Unknown;0.1536769264614707;-0.3448773448773449;-0.5272927741487994
Medium;0.6832663346733066;0.1794871794871795;-0.1121986040819629
Unknown;0.3232335353292934;0.2711111111111111;0.2528634038535596
Unknown;0.114837703245935;0.382716049382716;0.4108687060201
Unknown;0.0711585768284634;0.305050505050505;0.3914584360432679
Medium;0.0450390992180156;0.5822222222222222;0.6489209936157595
Low;0.254434911301774;-0.2295918367346938;-0.2047256516342071
Unknown;0.0709985800283994;0.4791666666666667;0.5196141144927556
Unknown;0.7597848043039139;0.02;-0.0923118995729999
Unknown;0.8627027459450811;0.0222222222222222;0.193117041113755
Unknown;0.0125197496050079;0.5076923076923077;0.546294252205531
Unknown;0.8844623107537849;-0.0961538461538461;0.0578550352696098
Medium;0.9453810923781524;0.065359477124183;0.0449790120321997
Unknown;0.0039199216015679;0.6602564102564102;0.6666890895568741
Unknown;0.0243995120097598;0.5012106537530266;0.6496978183493269
Unknown;0.3537129257414851;0.4104477611940298;-0.3548559858846174
Unknown;0.5162296754064919;0.2806122448979591;0.296469397960034
Unknown;0.4877902441951161;-0.3398692810457516;0.0114293012050082
Unknown;0.9130617387652248;0.4022727272727273;0.0118805790546861
Unknown;0.2246355072898542;-0.4933333333333333;-0.6265067283936278
Unknown;0.6490670186596268;-0.0316901408450704;-0.1140021034520793
Unknown;0.629067418651627;0.2681159420289855;0.2603311216043146
Unknown;0.1082778344433111;0.4296296296296296;0.56557334792417
Unknown;0.2100757984840303;0.2536231884057971;0.507101132501713
Unknown;0.251594968100638;-0.42;-0.5306857593131185
Unknown;0.0057998840023199;-0.4682539682539682;-1.4780408170944055
Control;0.0026799464010719;0.5305555555555556;0.8233868660368003
Control;0.864262714745705;-0.3782051282051282;-0.0308410994970705
High;0.0270394592108157;0.4938271604938271;0.7716729890878424
Unknown;0.0704785904281914;-0.2929782082324455;-0.8280846543281439
Unknown;0.0177996440071198;0.4867986798679868;0.632423527483504
Unknown;0.8660226795464091;0.1925925925925926;0.1056412769066086
Unknown;0.9617007659846804;-0.0533333333333333;0.1746352955997729
Unknown;0.0030799384012319;0.7066666666666667;1.1613693038677817
Unknown;0.6909061818763624;0.2363636363636363;0.2420085467285155
Control;0.3054738905221895;0.2865497076023391;-0.3148139868951227
Unknown;0.2218755624887502;0.4888888888888889;0.5064643894248143
Unknown;0.5542289154216916;-0.2170731707317073;-0.0824631091431955
Unknown;0.0021599568008639;0.7004608294930875;0.9734624011236048
Unknown;0.6369872602547949;0.0780141843971631;0.2634581344497115
Unknown;0.3134737305253895;0.1333333333333333;-0.4984214366655551
Low;0.0774784504309913;-0.2051282051282051;-1.3721499498429297
Unknown;0.5185096298074039;-0.1288888888888889;-0.2828566221074033
Unknown;0.247835043299134;-0.1683673469387755;-0.4756013705075582
Control;0.9042619147617048;-0.0261437908496732;0.0277348653161356
Unknown;0.0028799424011519;0.6163836163836164;0.6813156213055659
Unknown;0.1966360672786544;0.3541666666666667;0.3270735853061164
Unknown;0.3864322713545729;0.2389705882352941;0.348212901609439
Medium;0.0030399392012159;0.6125356125356125;0.7562526568562792
Unknown;0.2973940521189576;0.2518518518518518;0.4506202882270306
Unknown;0.0130397392052158;0.4377777777777777;0.5902528293935594
Unknown;0.0072798544029119;0.5733333333333334;1.1968148063877224
Unknown;0.5116297674046519;-0.1522248243559719;-0.2167082361127845
Unknown;0.3352332953340933;-0.2330508474576271;-0.3653226807792377
Unknown;0.0248795024099518;0.4089506172839506;0.5782130661549792
High;0.2103157936841263;0.5064102564102564;-0.7502522805804956
Unknown;0.7843843123137537;0.0185185185185185;0.1676768860147905
Unknown;0.7104657906841864;0.4097222222222222;0.2227507034772564
Unknown;0.8218235635287294;-0.036231884057971;0.1418219293641565
Unknown;0.490710185796284;0.1564625850340136;0.3040809408757137
Unknown;0.1280774384512309;-0.1794871794871795;-0.988153890483018
Low;0.5257894842103158;0.0158102766798418;0.2286930475342951
Control;0.3394732105357892;-0.3678571428571429;-0.1838298440302318
Unknown;0.5182696346073079;-0.1773049645390071;-0.2845236949488541
Unknown;0.2152756944861102;-0.5144927536231884;-0.627952945758367
Unknown;0.739745205095898;0.0047619047619047;-0.0889218311072585
Unknown;0.1696366072678546;0.3120567375886525;0.5649730254709646
Unknown;0.7112257754844903;0.125;0.1576547110240257
Unknown;0.1646767064658706;0.3333333333333333;0.5022587279288496
Unknown;0.3262334753304934;0.2152777777777778;-0.4397080116163426
Unknown;0.0280394392112157;0.1811263318112633;-1.1174758003202674
Unknown;0.2825543489130217;-0.123015873015873;-0.4162842917348484
Control;0.1283974320513589;0.3133333333333333;0.5596335872862569
Unknown;0.0459190816183676;0.0577777777777777;-1.316648853171291
Unknown;0.0035999280014399;0.7481481481481481;1.1669993994318888
Unknown;0.0023199536009279;-0.5466666666666666;-1.2182286517825256
Unknown;0.1311973760524789;0.4577777777777778;0.5065286972623848
Unknown;0.1306773864522709;0.3990147783251231;0.5740243360835178
Control;0.1925161496770064;0.2971014492753623;0.5643930420197444
Medium;0.3381532369352613;-0.2893081761006289;-0.024348620106533
Unknown;0.0165996680066398;0.5911949685534591;0.8299532194036464
Unknown;0.6983460330793384;-0.0222222222222222;0.2137522696283519
Unknown;0.1970760584788304;0.4375;0.5489157196394815
Unknown;0.5719085618287634;0.1276595744680851;0.2933408684178893
Unknown;0.1736765264694706;0.237037037037037;0.5109552527303505
Unknown;0.870062598748025;0.1666666666666666;-0.0377743946962061
Unknown;0.7225055498890022;-0.1203703703703703;0.2198280845869069
Unknown;0.491640866873065;-0.25;-0.3846481978348242
Unknown;0.0611987760244795;0.4988290398126463;0.5793649682992642
Unknown;0.0720785584288314;-0.6217948717948718;-0.8119029677137236
Unknown;0.0068398632027359;-0.3202614379084967;-1.666803499096703
Unknown;0.1292774144517109;-0.3971631205673759;-0.689150491577148
Unknown;0.6389072218555629;-0.1555555555555555;-0.1093069962830577
Unknown;0.7007459850802984;-0.0222222222222222;-0.1343910138289087
Unknown;0.1817963640727185;0.4347826086956521;0.5761740589903519
Unknown;0.0007999840003199;-0.5971896955503513;-1.715348320276164
Low;0.0169196616067678;-0.1509433962264151;-1.5119680968170466
Unknown;0.1592368152636947;-0.2127659574468085;-0.8265329809258994
Unknown;0.3841123177536449;0.1333333333333333;0.401244776359008
Control;0.7552248955020899;0.2388059701492537;-0.0736411032872752
Unknown;0.2196756064878702;0.3035714285714285;0.3557949527972278
Low;0.4288314233715325;-0.3095238095238095;-0.3349235194473308
Unknown;0.0123997520049599;0.5833333333333334;0.5375215371765901
Unknown;0.4159916801663966;0.0625;0.2684453042358597
Unknown;0.2141157176856463;0.2977777777777777;0.585333193412463
Unknown;0.9279414411711766;-0.0326797385620915;0.0864798005580946
Unknown;0.0278394432111357;-0.7163120567375887;-1.0973401873630284
Unknown;0.0621587568248635;-0.6666666666666666;-0.986459334038076
Unknown;0.5933881322373552;0.2602040816326531;0.2446742095257273
Unknown;0.9461410771784564;0.1094771241830065;0.0447417778337886
Unknown;0.3904321913561728;-0.2355555555555555;-0.3119888351692558
Control;0.0664786704265914;0.4468085106382978;0.6410053958282202
Unknown;0.5823483530329393;0.5022222222222222;0.3066303854571836
Unknown;0.4617507649847003;-0.0208333333333333;0.3508180566145167
Unknown;0.0897182056358872;0.3216374269005848;0.4862256759045523
Unknown;0.6845863082738345;0.1134751773049645;-0.1490314162814584
Unknown;0.6933061338773224;0.1022222222222222;0.201034332922333
Control;0.0148797024059518;0.6159420289855072;0.9131532164059276
Unknown;0.0719185616287674;-0.2312925170068027;-1.05179147917361
Unknown;0.0981580368392632;-0.2592592592592592;-1.0824630401596087
High;0.5341893162136757;-0.1923076923076923;0.0121365013165681
Unknown;0.1966760664786704;-0.1843971631205673;-0.5927483346940245
Unknown;0.743985120297594;0.3120567375886525;0.089011825272556
Unknown;0.7668646627067459;0.3253968253968254;-0.0672691027600381
Unknown;0.7686646267074658;0.1858974358974359;0.1496598265130186
Low;0.114837703245935;0.3011494252873563;0.4986472693822518
Unknown;0.3018339633207336;0.2176870748299319;0.4278470776852682
Unknown;0.5878682426351473;-0.2;-0.1124866899417314
Low;0.0435591288174236;0.5238095238095238;0.5891327292371474
Unknown;0.1425171496570068;-0.4333333333333333;-0.7160327460523329
Unknown;0.121477570448591;0.3832199546485261;0.4611463369835163
Control;0.0013599728005439;0.6230769230769231;0.5402453464680576
Unknown;0.0028399432011359;0.7358490566037735;0.5094503293428211
Unknown;0.0056398872022559;0.6811594202898551;0.610323288662028
Unknown;0.875862482750345;0.0776942355889724;0.0854446645585349
Unknown;0.7035059298814024;-0.0793650793650793;-0.1260529905621748
Unknown;0.2647547049059018;-0.1286764705882352;-0.4370497976360287
Unknown;0.0109597808043839;0.6370370370370371;0.9235612887925267
Unknown;0.6683866322673546;0.0694444444444444;0.2036545943436787
Control;0.376632467350653;-0.1925925925925926;-0.2825632133934319
Unknown;0.9623407531849364;0.2971014492753623;0.0549279116468635
Unknown;0.3374732505349893;-0.1304347826086956;-0.4242879318590146
Unknown;0.1626767464650707;0.0133333333333333;-1.1293255274738276
Medium;0.0418391632167356;0.4285714285714285;0.4063022197207677
Unknown;0.7567448651026979;0.0;0.1573723022433865
Unknown;0.4784304313913721;0.1320754716981132;0.2614184479389793
Unknown;0.8697026059478811;-0.1474358974358974;0.1279729761922664
Unknown;0.0273994520109597;0.5497835497835498;0.4947932503996596
Unknown;0.0003199936001279;0.86;1.2258404272579673
High;0.0049199016019679;-0.5481481481481482;-1.810658445935009
Unknown;0.5686686266274674;0.0072463768115942;0.2842350960235637
Unknown;0.0201995960080798;0.418732782369146;0.6800373403532477
Unknown;0.6843063138737225;0.1027568922305764;0.1861812678795755
Unknown;0.4465110697786044;-0.4248366013071895;-0.3179106080622646
Unknown;0.2851942961140777;-0.3511111111111111;-0.0136025243247079
Unknown;0.0001199976000479;0.6798418972332015;0.8309976558371444
Unknown;0.882582348353033;-0.1911111111111111;0.0844276126776684
Unknown;0.2954340913181736;0.1466666666666666;0.4323318996559137
Unknown;0.0753184936301274;0.3990147783251231;0.5034548685246183
Unknown;0.1279174416511669;-0.2569444444444444;-0.8536087682387489
Unknown;0.6801063978720425;0.1111111111111111;-0.0513515473989967
Medium;0.870342593148137;0.012531328320802;0.0868114802383989
Unknown;0.9476210475790484;0.1856060606060606;0.0731687429020221
Unknown;0.1770364592708145;-0.3407407407407407;-0.6004744612979157
Unknown;0.0960380792384152;-0.2826086956521739;-1.146540329369717
Unknown;0.1533169336613267;-0.25;-0.6812169490626419
Unknown;0.0548789024219515;0.5272727272727272;0.5679432597316353
Unknown;0.3400731985360293;0.2222222222222222;0.4162801698502267
High;0.5993080138397232;0.0047619047619047;-0.1497855745803655
Unknown;0.4149117017659647;0.1304347826086956;-0.2066636034053217
Unknown;0.2284754304913901;-0.0398550724637681;-0.6238060739286551
Unknown;3.999920001599968e-05;0.7132867132867133;0.5869159450263968
Control;0.0003199936001279;0.8050314465408805;0.6113272977164743
Unknown;0.0440791184176316;0.4039408866995074;0.6631350537468252
Unknown;0.8761024779504409;-0.1304347826086956;0.0174243269296383
Unknown;0.0395992080158396;0.4222222222222222;0.3985913966877017
Control;0.2018359632807344;0.1063829787234042;-0.7370313411452211
Unknown;0.0023599528009439;-0.7681159420289855;-1.9071933336714388
Unknown;0.0051598968020639;0.5632183908045977;0.6446183767354535
Unknown;0.8531429371412572;0.2581967213114754;-0.0297868804584362
Unknown;0.874902501949961;0.1111111111111111;0.1073455635030238
Unknown;0.0665586688266234;0.4761904761904761;0.5350484936044371
Unknown;0.0571988560228795;0.3904761904761905;0.5425055450787152
Unknown;0.1679566408671826;0.4604651162790698;0.4501393078737936
Medium;0.6881462370752585;0.1764705882352941;0.2022179483816203
Unknown;0.0228395432091358;0.6666666666666666;0.694423175098507
Unknown;0.4725105497890042;-0.3407407407407407;-0.2038888755581648
Control;0.3388732225355493;0.0992063492063492;0.2767970933707708
Medium;0.5393492130157397;-0.0666666666666666;-0.0522259125081623
Unknown;0.868822623547529;-0.0927318295739348;0.1616769190594274
Unknown;0.0004799904001919;0.7279411764705882;0.7870026057078913
Control;0.8644627107457851;-0.0313253012048192;0.1179771616072328
Unknown;0.4659106817863643;-0.1276400367309458;-0.208223689765105
Low;0.0002399952000959;-0.4746543778801843;-2.023351866298432
Unknown;0.6168676626467471;0.0716510903426791;0.1755737161695948
Unknown;0.1017179656406871;-0.2088888888888889;-1.2304611908919614
Unknown;0.1011579768404632;-0.2654320987654321;-0.8353955226510946
Unknown;0.0159596808063838;0.5686274509803921;0.6474672600296145
High;0.0613187736245275;0.3605442176870748;0.7493821765194874
Unknown;0.4767504649907002;0.4117647058823529;0.3290550469899113
High;0.0220795584088318;0.6474358974358975;0.9478485066790656
Unknown;0.2698346033079338;0.2444444444444444;0.4217694053562295
Unknown;7.999840003199936e-05;0.7330246913580247;0.7180822658783146
Unknown;0.8601027979440411;-0.0133333333333333;0.0693339196234107
Unknown;0.9261814763704724;-0.0851063829787234;0.0586134887059374
Unknown;0.7643847123057539;0.0553191489361702;-0.0780646457981571
Unknown;0.3470730585388292;0.3422222222222222;0.4267089563572003
Unknown;0.0653186936261274;-0.4528301886792453;-0.97364498436451
Unknown;0.0100397992040159;0.5214285714285715;0.5589252454958191
Unknown;0.7368252634947301;0.1587301587301587;-0.1031570465705756
Unknown;0.0103597928041439;0.6527777777777778;0.7673756720124258
Unknown;0.7672246555068899;0.1182266009852216;0.0057843585333326
Low;0.2579148417031659;0.0942028985507246;-0.4262914267840965
Unknown;0.0307193856122877;0.5;0.4420438132849281
Unknown;0.5165096698066038;0.0493506493506493;-0.2433145458193487
Medium;0.1065178696426071;-0.0204081632653061;-1.156953759517902
Low;0.6505069898602028;-0.1957671957671957;0.1065297095421584
Unknown;0.4715905681886362;0.1702127659574468;-0.2939682648992596
High;0.9313413731725364;0.06;-0.0083037802185723
Control;0.1949961000779984;-0.0061728395061728;-0.5102717083241438
Unknown;0.1783964320713585;-0.0416666666666666;-0.7273184844970639
Low;0.3221135577288454;-0.3037037037037037;-0.4347589583359393
Unknown;0.4577108457830843;-0.1376811594202898;-0.0837137301866611
Unknown;0.524350911143364;-0.0326797385620915;-0.2142588180356738
Control;0.0879582408351832;-0.3511111111111111;-1.3256078147047774
Unknown;0.5770284594308114;0.1761006289308176;0.2681273477014026
Unknown;0.0232395352092958;-0.6231884057971014;-1.2179118218213325
Unknown;0.2114757704845903;0.2098765432098765;0.3945953097226418
Unknown;0.0919181616367672;0.3174603174603174;0.5687158513337258
Unknown;0.122797544049119;0.3673469387755102;0.6261717668520783
Unknown;0.1282774344513109;0.3891625615763547;0.2117895240789359
Unknown;0.0082398352032959;-0.5347222222222222;-1.4979891833291332
Unknown;7.999840003199936e-05;0.75;0.5365212815903134
Low;0.1982360352792944;0.3395784543325527;0.4239914637609331
Medium;0.2035959280814383;0.2962962962962963;0.4539149223434977
Unknown;0.124037519249615;-0.4311111111111111;-0.7818920524759714
Unknown;0.2305153896922061;0.3209876543209876;0.5137343826858223
Unknown;0.0132797344053118;0.5555555555555556;0.4783863355400571
Low;0.0921581568368632;0.4230769230769231;0.6607389196304141
Unknown;0.1529969400611987;-0.0797101449275362;-0.9229766772600028
Unknown;0.742585148297034;0.4814814814814814;0.2046918648852264
Medium;0.0973980520389592;0.3;0.4095194465696715
Unknown;0.75102497950041;-0.1379310344827586;0.2318449261156739
Unknown;0.2669546609067819;-0.3833333333333333;-0.3431774957926195
Low;0.1846363072738545;0.2244897959183673;0.5607658007017466
Low;0.0974380512389752;0.3424657534246575;0.3539318069873027
Unknown;0.3046339073218536;-0.425531914893617;-0.4387455407952762
Unknown;0.1679166416671666;0.3544973544973545;0.5228725359101446
Unknown;0.120477590448191;-0.3688888888888889;-0.8537676403449579
Unknown;0.4275514489710206;0.1985815602836879;0.3542001784840615
Control;0.4381112377752445;0.0955882352941176;-0.2868443332044911
Unknown;0.4420711585768284;-0.0933333333333333;-0.1778140150532555
Unknown;0.0356392872142557;-0.2861111111111111;-0.8554000915701323
Unknown;0.624147517049659;0.1901234567901234;0.2012849981892145
Unknown;0.2661946761064778;0.2296296296296296;0.324198433261663
Unknown;0.0029199416011679;-0.5184490306441526;-1.1042757996345351
Low;0.1059978800423991;-0.0217391304347826;-0.9948089147907088
Unknown;0.0692786144277114;-0.1822222222222222;-1.041965141770552
Unknown;0.6759064818703626;-0.3653846153846153;-0.0678647287885686
Unknown;0.0421991560168796;0.4603174603174603;0.619589967505296
Unknown;0.0313193736125277;0.4179775280898876;0.5065588356226682
Low;3.999920001599968e-05;0.8787878787878788;1.3728891028684267
Unknown;0.0010399792004159;0.56957928802589;0.5215267704068908
Unknown;0.0343993120137597;0.5111940298507462;0.7269773369461533
Control;0.0756784864302713;0.4347826086956521;0.6478358361511676
Unknown;0.1336373272534549;0.3238095238095238;0.4801032456487329
Unknown;0.0044399112017759;0.6933333333333334;0.6995913907380317
Unknown;0.5570688586228275;0.1984126984126984;-0.1442757580633744
Unknown;0.7877042459150817;-0.2075471698113207;0.0394944471197664
Low;0.7071058578828423;0.4779411764705882;0.0268225738749491
Unknown;0.0019599608007839;0.5783582089552238;0.604174359308451
Control;0.6511069778604428;0.3459119496855345;0.2368713824905756
Unknown;0.0179196416071678;0.6103896103896104;0.9499810739117291
Unknown;0.5742685146297074;0.0125786163522012;0.3307211650093546
Unknown;0.124157516849663;-0.1022222222222222;-1.252901336613739
Control;0.0001999960000799;0.8163265306122449;0.6668711422322229
Unknown;0.2609147817043659;0.2407407407407407;0.4718551132857177
High;0.0052798944021119;0.5306122448979592;0.884436563302557
Unknown;0.5418291634167317;0.1584415584415584;0.2495393097002509
Unknown;0.4722305553888922;0.0;0.3099603819707505
Unknown;0.0133597328053438;-0.5987654320987654;-1.416987347125927
Unknown;0.0021199576008479;0.6814814814814815;0.7456436880777495
Unknown;0.0003999920001599;0.6277472527472527;0.8347135822787154
Control;0.6767864642707145;-0.1666666666666666;-0.1736765610724155
Unknown;0.0279594408111837;0.5723270440251572;0.9538872556549532
Low;0.8657826843463131;0.1173469387755102;0.2117253316278614
Unknown;0.0950780984380312;-0.1587301587301587;-0.7976399321260715
Unknown;0.1073978520429591;-0.4333333333333333;-0.7057338263000187
Unknown;0.1134377312453751;0.2642857142857143;0.3812211034853612
Unknown;0.0385592288154236;0.4047619047619047;0.5187786116749075
Unknown;0.6873462530749385;-0.1742424242424242;-0.0717069889634227
Unknown;0.6020279594408112;-0.1224489795918367;-0.2103550341753191
Unknown;0.0532389352212955;0.4334140435835351;0.6103043761670308
Unknown;0.6404271914561709;-0.1790123456790123;0.0481396975049662
High;0.2953140937181256;0.0571428571428571;0.4374808201194511
Unknown;0.0046399072018559;0.625;0.7785567991546696
Unknown;0.3409131817363652;0.1944444444444444;0.2723631182108225
Unknown;0.8573028539429212;0.0634920634920634;0.0272066293611495
Unknown;0.4853102937941241;0.1644444444444444;0.3642465634119263
Unknown;0.1857562848743025;-0.4444444444444444;-0.6152540054503284
Unknown;0.0051198976020479;-0.5555555555555556;-1.5037649798032289
Unknown;0.0027199456010879;-0.5138888888888888;-1.83790771177446
Unknown;0.4531109377812444;0.3081761006289308;0.3300780486351345
Unknown;0.5768684626307474;-0.5138888888888888;0.1384211896335954
Low;0.4117517649647007;0.1792207792207792;0.3388843003615072
Unknown;0.0093598128037439;0.5546875;0.5663156802591534
Low;0.0206395872082558;0.5123152709359606;0.6691048451263152
Medium;0.1799964000719985;0.0289855072463768;-1.1409488313035576
Unknown;0.1093578128437431;0.4152046783625731;0.5766086680423206
Control;0.0060798784024319;0.6628787878787878;0.4437062674999604
Unknown;0.0219995600087998;-0.6037735849056604;-1.316344429266861
High;0.5363892722145557;-0.1014492753623188;0.3468037079685666
Unknown;0.9676206475870482;0.0308641975308641;0.0875551935749045
Unknown;0.4686306273874522;0.2641509433962264;0.3277065102139196
Unknown;0.7128257434851303;0.1156462585034013;0.1773576777402844
Unknown;0.0354392912141757;0.376865671641791;0.4413543199905748
Unknown;0.4407111857762845;0.2040816326530612;0.3514198532340489
Unknown;0.3083938321233575;0.144927536231884;0.435428719648076
Unknown;0.0221595568088638;-0.782608695652174;-1.3983722865309771
Unknown;0.0457190856182876;0.4761904761904761;0.6231218961831172
Medium;0.0046799064018719;0.6267281105990783;0.7224965863907998
Control;0.3093538129237415;0.1122448979591836;0.3414763702529744
Unknown;0.0237195256094878;-0.0361111111111111;-1.1309533568801684
High;0.1910361792764144;0.3404255319148936;0.2810626501106132
Unknown;0.2078758424831503;-0.3455882352941176;-0.505514792740531
Unknown;0.8893022139557208;-0.0814814814814814;-0.0353029924154194
Unknown;0.7320253594928101;-0.1538461538461538;-0.0939064275143337
Unknown;0.0539589208215835;0.4901960784313725;0.6380101680002626
Unknown;0.9515809683806324;0.12;0.146605033185137
Unknown;0.5827083458330833;-0.2518518518518518;-0.1360385870599575
Unknown;0.368072638547229;-0.1347517730496454;-0.437870464637525
Unknown;0.0003199936001279;0.75;0.9163023694032444
Unknown;0.0883982320353592;-0.3687943262411347;-0.7817145105335134
High;0.0161996760064798;0.41;0.7186835486284643
Unknown;0.744545109097818;0.2362637362637362;-0.0533022721878764
Unknown;0.3123937521249575;0.176;0.4807340157136471
Unknown;0.2338353232935341;0.423728813559322;0.459728833017037
Control;0.2919941601167977;0.4647887323943662;0.3793615105797933
Low;0.2000359992800144;0.2615384615384615;-0.5427811880182786
Medium;0.0395192096158076;-0.0605326876513317;-1.145421325713253
Unknown;0.4782608695652174;0.0;-0.682378424819762
High;0.0516789664206715;0.4693877551020408;0.750748739532945
Unknown;0.9278614427711446;0.2866666666666667;0.1269123983897251
Unknown;0.4509909801803964;-0.4375;-0.0414091288369725
Control;0.3259534809303814;0.2489795918367346;0.4638622676716061
Unknown;0.3854722905541889;-0.4044444444444444;-0.3559496939711681
Medium;0.628467430651387;0.2266666666666666;-0.1779249499311293
Unknown;0.375312493750125;-0.1705882352941176;-0.32783993922102
Low;0.0686786264274714;0.3498023715415019;0.2071462935850743
Unknown;0.991580168396632;-0.0133333333333333;0.0438409922545708
Unknown;0.8575828483430331;-0.2463768115942029;0.1010098517199741
Control;0.7668646627067459;-0.0814814814814814;-0.1349816692015188
Unknown;0.6401071978560429;-0.0718954248366013;-0.1028760707865129
Unknown;0.0024799504009919;-0.64;-1.561154104625883
Unknown;0.1061178776424471;0.5072463768115942;0.4724134488875742
Unknown;0.1468370632587348;0.0;-1.28748502576194
Unknown;0.0003999920001599;0.8968253968253969;1.0933877764905602
Unknown;0.4293114137717245;-0.2978723404255319;-0.3273247270311895
Unknown;0.1693166136677266;0.3259259259259259;0.5659483293178428
Unknown;0.8163036739265215;-0.2177777777777777;-0.0829570993628793
Unknown;0.2037959240815183;-0.2553191489361702;-0.5940183539810787
Unknown;0.6659466810663787;-0.1275510204081632;-0.1391338909280884
Unknown;0.0559588808223835;-0.3259259259259259;-0.9425110526099292
High;0.0151996960060798;0.5488721804511278;0.963059727710281
Unknown;0.1372372552548949;-0.365079365079365;-0.6497287457726733
Unknown;0.1797964040719185;0.2488479262672811;0.4781712973847142
Unknown;0.1610367792644147;0.3617021276595745;0.4301545449726
Unknown;0.6715465690686186;-0.1489361702127659;-0.1758314618499117
Unknown;0.3945521089578208;0.3108108108108108;0.4405419614281526
Unknown;0.0001199976000479;0.8226600985221675;0.9269811883927636
Control;0.4076718465630687;0.1259259259259259;0.3714276737456025
Control;0.9437011259774803;0.1571428571428571;0.0149624901779451
Unknown;0.0199996000079998;0.5460992907801419;0.943671455629468
Control;0.117997640047199;-0.0222222222222222;-1.0312600618333831
Unknown;0.0084798304033919;-0.4406130268199233;-1.18626339077341
Unknown;0.8360232795344094;0.1466666666666666;0.1808621477547855
Unknown;0.0109997800043999;0.6744186046511628;0.787856306325504
Unknown;0.0236795264094718;0.66;0.9728813737725946
Unknown;0.24247515049699;0.3483709273182957;0.4730545951268127
Control;0.0206395872082558;0.4090909090909091;0.5519508664392767
Unknown;0.0255994880102397;0.5576923076923077;0.4934871921892271
Unknown;0.5261494770104598;-0.1705069124423963;-0.2261831539748356
Unknown;0.7583048339033219;0.0943396226415094;0.1355225081247754
Unknown;0.7911441771164577;-0.108695652173913;-0.1007314676556535
Unknown;0.7124257514849703;-0.1288888888888889;-0.1134710958014864
Unknown;0.242195156096878;0.1875;0.4400827147446127
Medium;0.5560688786224276;-0.2799422799422799;-0.1758834244632461
Low;0.1703965920681586;0.3968253968253968;0.4362652670414955
Low;0.5478690426191476;0.1180555555555555;0.2633049257615659
Unknown;0.0656786864262714;0.4025974025974026;0.7235428963727512
Unknown;0.0069998600027999;0.7422222222222222;1.1268224568213137
Unknown;0.121197576048479;-0.0555555555555555;-1.1906381926476934
Unknown;0.1665966680666386;0.2098765432098765;0.4621300489466473
Control;0.1485970280594388;0.1481481481481481;-0.7152506337742505
Unknown;0.4006319873602528;0.1979949874686716;0.2953964913038636
Unknown;0.6455070898582028;0.0;0.2598697732623395
Unknown;0.6775864482710345;0.1904761904761904;0.2715195262930777
Control;0.0715985680286394;0.5317647058823529;0.559297794835831
Unknown;0.371072578548429;-0.3106060606060606;-0.3193798171645696
Unknown;0.6096678066438671;-0.08;0.2737866094179292
Unknown;0.4506709865802684;-0.1084558823529411;-0.0132189108575269
Unknown;0.5636287274254514;0.2880562060889929;0.247447901595071
Control;0.7759844803103938;0.0597701149425287;-0.0542027307561581
Unknown;0.3857922841543169;0.1609090909090909;0.2832381549345055
Unknown;0.0264550264550264;0.9230769230769232;0.5708185957313163
Unknown;0.8299434011319774;0.0416666666666666;-0.0807911512708863
Unknown;0.9485410291794164;-0.4030612244897959;0.1369055807293175
Unknown;0.0443191136177276;-0.2533333333333333;-1.329723041269247
Unknown;0.367992640147197;0.2622222222222222;0.3699170463432278
Low;0.1390772184556309;0.3333333333333333;0.5332740968270376
Unknown;0.2233555328893422;-0.5617283950617284;-0.5135100722820628
Unknown;0.0776784464310713;0.3452380952380952;0.6204203543341494
Unknown;0.9710205795884084;-0.1111111111111111;0.0891204449425722
Unknown;0.4279114417711646;0.0780141843971631;-0.2932942553015676
Unknown;0.5163896722065558;-0.1904761904761904;-0.1463255591908258
Low;0.3399132017359653;0.4066666666666667;-0.3290487417927994
Unknown;0.0365992680146397;0.5157384987893463;0.5662799961791317
Unknown;0.0945981080378392;0.386046511627907;0.4720188873874384
High;0.5143897122057559;-0.1292517006802721;-0.261395574548461
Unknown;0.0147997040059198;-0.4133333333333333;-1.5207256599584624
Unknown;0.2783544329113417;-0.2177777777777777;-0.5328832916098285
Unknown;0.1864762704745905;0.3125;0.576605861341973
Unknown;0.1378372432551348;0.2276119402985074;0.4292768572580339
High;0.117677646447071;0.5280073461891643;0.4185625580167644
Unknown;0.3807523849523009;-0.2517006802721088;-0.1733577342778031
Unknown;0.9089818203635928;-0.0588235294117647;0.1161259231291672
Unknown;0.1867562648747025;0.238095238095238;0.2712541630243327
Low;0.0054398912021759;-0.5598591549295775;-1.3897496720176017
Unknown;0.74682506349873;0.0289855072463768;-0.1107712545649345
Unknown;0.9371812563748724;-0.0444444444444444;0.1798247874346593
Unknown;0.4261914761704766;0.4148148148148148;0.3637310316248998
Unknown;0.24547509049819;-0.0651629072681704;-0.5119295195819328
Unknown;0.2167156656866862;-0.2051282051282051;-0.5500441171433907
Control;0.0019599608007839;-0.0585858585858585;-1.4742110637015025
Unknown;0.0535189296214075;0.457516339869281;0.632344857468311
Unknown;0.981180376392472;0.3422222222222222;0.1068032401810952
Unknown;0.0560788784224315;-0.2418300653594771;-0.9293147969696064
Medium;0.1569168616627667;0.3955555555555555;0.6069797852538558
Control;3.999920001599968e-05;0.9404761904761904;1.7188091238625287
Unknown;0.6920261594768105;-0.1037037037037037;-0.151542153068244
Medium;0.2206355872882542;-0.282051282051282;-0.5723508450202051
Unknown;0.1287974240515189;-0.3229166666666667;-0.6321620898174894
Unknown;0.0004799904001919;0.652046783625731;0.772222589246762
Unknown;0.1584368312633747;0.4358974358974359;0.5316971070189901
Unknown;0.0001199976000479;-0.7429130009775171;-1.7935891001860074
Medium;0.2605547889042219;0.2;0.4472493251566098
Control;0.1448371032579348;0.3933933933933934;0.3545807146627018
Unknown;0.1463170736585268;0.3819444444444444;0.5829649049014954
Unknown;0.1975160496790064;-0.226950354609929;-0.5905584250145833
Unknown;0.5716285674286514;0.1486880466472303;-0.2048051926292727
Low;0.2034759304813903;0.3144654088050314;-1.1085228991778455
Unknown;0.1623567528649427;0.054054054054054;-0.5890394803436219
Unknown;0.3653126937461251;0.2;0.4400420382479518
Unknown;0.0980780384392312;-0.0577777777777777;-0.9513153080867646
Unknown;0.0310393792124157;-0.4097222222222222;-1.0991818738409966
Unknown;0.113317733645327;0.4311111111111111;0.6752107273627889
Unknown;0.0196396072078558;0.532051282051282;0.8362617098244881
Unknown;0.8562228755424891;-0.1503267973856209;0.1138323658979759
Unknown;0.0727985440291194;0.4893617021276595;0.6066322134858004
Unknown;0.0382392352152956;0.5087719298245614;0.5222151263048904
Unknown;0.0384392312153756;0.5448717948717948;0.544267660448505
High;0.9714205715885682;0.0;0.1393063596293178
Medium;0.627227455450891;0.1111111111111111;0.2628155004714632
Unknown;0.0212395752084958;-0.3533333333333333;-1.2083227307354725
Control;0.7296254074918501;0.2933333333333333;0.1782454777253448
Unknown;0.0299994000119997;-0.33;-1.4977772876041455
Unknown;0.0852382952340953;-0.2609970674486803;-0.6276543966789196
Low;0.0379192416151676;-0.2080200501253132;-1.2872078147106207
Unknown;0.9100617987640248;-0.0354609929078014;0.1402251972079587
Unknown;0.1905561888762224;-0.0902777777777777;-0.6636336082774282
Unknown;0.7151856962860743;0.1228070175438596;0.2708668572355355
Unknown;0.4596708065838683;-0.3333333333333333;-0.2663032855663642
Unknown;0.0541589168216635;-0.5481481481481482;-1.1206502338666229
Unknown;0.0004399912001759;0.5897435897435898;0.7771572876785499
Unknown;3.999920001599968e-05;0.9183673469387756;0.9413315989790711
Unknown;0.0889582208355832;-0.4755555555555555;-0.8583112972578142
Unknown;0.5942681146377072;0.2883116883116883;0.2689505613990436
Unknown;0.0823583528329433;-0.5289855072463768;-0.8987680341520217
Unknown;0.2603947921041579;0.3819444444444444;0.4662554220096045
Unknown;0.2327553448931021;-0.3777777777777777;-0.4227646033639551
Unknown;0.1438771224575508;-0.6266666666666667;-0.8251169508332153
Low;0.0251594968100637;0.4654377880184331;0.8164955297446737
Medium;0.3093138137237255;0.4147465437788018;-0.3765586307582426
Unknown;0.123517529649407;0.3269230769230769;0.4539880290545569
Unknown;0.0055998880022399;0.6382978723404256;0.5754505700810587
Unknown;0.6837063258734826;0.2051282051282051;-0.0911118091056047
Unknown;0.1906361872762544;0.1927437641723356;0.479244123944951
Control;0.0474790504189916;0.3974358974358974;0.8031831608407264
Medium;0.0240795184096318;0.5307692307692308;0.7167179820210154
Control;0.3165136697266055;0.0555555555555555;-0.3827969161534238
Unknown;0.0013599728005439;0.8044444444444444;1.317471170037115
Unknown;0.0877982440351193;0.4305555555555556;0.4682490148873385
Unknown;0.24847503049939;-0.0416666666666666;-0.5460868008760706
Unknown;0.5818283634327314;-0.2355072463768115;-0.1835769409078264
Unknown;0.0007599848003039;0.7872340425531915;0.8225596473534226
Unknown;0.1999960000799984;-0.3404255319148936;-0.5781368711909556
Unknown;0.8903821923561529;0.0408163265306122;0.0794261811558997
Control;0.0785984280314393;0.4801587301587302;0.5666312546090342
Unknown;0.0387992240155196;-0.2941176470588235;-1.330167140917711
Unknown;0.2915541689166216;-0.1938775510204081;-0.426849583156029
Unknown;0.3866722665546689;0.2482269503546099;0.3341133256313741
Unknown;0.4877502449951001;-0.2536231884057971;-0.2372119980367523
Medium;0.2963940721185576;0.2352941176470588;0.4038086283467041
Unknown;0.6499070018599628;-0.1446540880503144;-0.1832394526762761
Unknown;0.5417091658166837;-0.1288888888888889;-0.2592443533153435
Unknown;0.0013999720005599;0.6730769230769231;0.7826291820643592
Unknown;0.1335973280534389;0.0072463768115942;-0.7656757328069886
Medium;0.0344793104137917;0.6031746031746031;0.7428627721598621
Unknown;0.5173896522069559;0.2783333333333333;0.2140224822322885
Unknown;0.9007019859602808;-0.1893939393939394;0.013359045129493
Unknown;0.2010759784804303;0.427536231884058;0.5535627363027104
Medium;0.4593108137837243;0.1557971014492753;0.2763254599715577
Unknown;0.1323173536529269;0.2407407407407407;0.5152281729401975
Unknown;0.6787464250714985;0.0024213075060532;0.1800874258646269
Unknown;0.0059998800023999;0.6319444444444444;0.5674825296668063
Unknown;0.0169196616067678;0.6683673469387755;0.7359071924433234
Unknown;0.115957680846383;0.4179894179894179;0.6410772865953399
Control;0.1025179496410071;0.327710843373494;0.5265178089272855
Medium;0.0156796864062718;-0.4583333333333333;-1.2083912509744323
Unknown;0.1436771264574708;0.0192307692307692;-0.8980969185268389
High;0.1983560328793424;0.3778801843317972;-0.7920670804939464
Unknown;0.5047099058018839;-0.2711111111111111;-0.2910020828467565
Unknown;0.3537929241415172;0.2962962962962963;-0.397233859273899
Unknown;0.8421031579368413;0.0246305418719211;0.0184335204920258
Unknown;0.8167036659266814;-0.1904761904761904;0.1111474361766686
Unknown;0.9701005979880404;-0.0070921985815602;0.0304749254926774
Unknown;0.0129197416051678;0.5925925925925926;0.9167709009583932
Unknown;0.6963860722785544;0.5111111111111111;0.2346632697329621
Unknown;0.375912481750365;-0.3333333333333333;-0.3458980373782842
Low;0.0287994240115197;-0.5138888888888888;-0.8531509188222484
Unknown;0.0197196056078878;0.4915254237288136;0.689707041209174
Unknown;0.2660746785064298;0.2;0.4721895210730473
Unknown;0.0693586128277434;-0.2355555555555555;-0.9850436173881032
Unknown;0.7536249275014499;0.0755555555555555;0.2241976709845574
Unknown;0.5733085338293235;0.3157894736842105;-0.1778752540455965
Unknown;0.4374312513749725;0.2533333333333333;0.3576763509523982
Unknown;0.8875822483550329;0.0130718954248366;0.0042123887869931
Unknown;0.9073018539629208;-0.0588235294117647;0.1093582018524223
Unknown;0.0007599848003039;0.6536796536796536;0.615606715539315
Control;0.373112537749245;0.3851851851851852;-0.3482019475250222
Unknown;0.243115137697246;-0.2340425531914893;-0.553424660577342
Unknown;0.8099838003239935;-0.0072463768115942;0.1821966855322184
Unknown;0.7347053058938822;0.0961038961038961;0.1521248804034677
Unknown;0.0086798264034719;0.6598639455782312;1.0860914248477
Low;0.0504789904201916;0.1142857142857142;-0.9684983009304444
High;0.2209555808883822;0.2708333333333333;-0.7778090632790686
Unknown;0.7181856362872743;-0.0416666666666666;0.2330132815477087
Unknown;0.1860762784744305;0.4927536231884058;0.5581959590720712
Unknown;0.9055818883622327;0.0588235294117647;0.0454315210730203
High;0.6749865002699946;-0.0133333333333333;0.2368785641517793
Unknown;0.1095178096438071;-0.2933333333333333;-0.8176210001123813
Unknown;0.372952540949181;0.1578947368421052;-0.4037839989070418
Unknown;0.120037599248015;0.3192307692307692;0.5256139965050278
Unknown;0.0003199936001279;0.7052238805970149;0.6501805828577282
Unknown;0.6719065618687626;0.0755555555555555;0.2762816115992203
Unknown;0.2967540649187016;-0.5128205128205128;-0.4211505985342304
Low;0.8158236835263295;-0.0444444444444444;0.1680771084441533
Unknown;0.0089598208035839;0.5546875;0.7087945652445343
Unknown;0.6407071858562828;-0.1597222222222222;-0.0571495386557891
Unknown;0.0762784744305113;0.4444444444444444;0.6503213671117732
Unknown;0.240435191296174;0.4513888888888889;0.5096675159616896
Unknown;0.5838683226335474;-0.1224489795918367;0.2981817148371977
Unknown;0.7078258434831304;-0.2608695652173913;-0.1352787067575548
Unknown;0.9224615507689846;-0.1111111111111111;0.1017056859807735
Medium;0.0692386152276954;-0.4927536231884058;-0.8553375243695553
Unknown;0.0353192936141277;0.5128205128205128;0.6453466684373856
Unknown;0.373792524149517;0.38;0.390647774475418
Unknown;0.0813983720325593;0.3786848072562358;0.5570755128826903
Medium;0.0256794864102717;0.4234234234234234;0.7515404582075298
Unknown;0.2558748825023499;0.2340425531914893;0.4943862366195004
Unknown;0.4033519329613407;0.0066666666666666;-0.3551512119955747
Unknown;0.0180396392072158;0.572463768115942;0.7529540097540598
Low;0.0001199976000479;0.8580246913580247;1.2175548942529248
Unknown;0.4887902241955161;0.1269841269841269;0.3633507219498517
Unknown;0.4187516249675006;0.2631578947368421;0.2352056639234952
Unknown;0.9759804803903922;0.0070257611241217;0.0077264155663229
Unknown;0.5305893882122358;-0.1458333333333333;-0.2660413153737443
Unknown;0.3495130097398052;-0.2266666666666666;-0.4370793200791715
Unknown;0.623067538649227;-0.08;-0.2066580607701837
Unknown;0.4584308313833723;0.0943396226415094;0.3584702816980256
Unknown;0.0040399192016159;0.62;1.0087348080134717
Control;0.1633567328653427;0.3032581453634085;0.2765086007758022
High;0.1067178656426871;-0.3333333333333333;-0.7331056431328113
High;0.0009199816003679;0.6355555555555555;1.0323100173814637
Control;0.2100357992840143;0.3153153153153153;-0.6411931311467393
Unknown;0.0095598088038239;0.5588235294117647;0.792329550496704
Medium;0.0535189296214075;0.5061728395061729;0.4060320151945658
Unknown;7.999840003199936e-05;0.851063829787234;1.689883456868588
Unknown;0.0157196856062878;0.5723270440251572;0.4734006732810063
Unknown;0.1479170416591668;0.4052287581699346;0.637723595747408
High;0.0091198176036479;-0.46;-1.6294415074539583
Unknown;0.8359432811343773;-0.0380952380952381;0.046113497725671
Unknown;0.5157896842063159;-0.1507936507936507;-0.143405590992985
High;0.0094798104037919;0.6566666666666666;0.621264526244127
Unknown;0.0877582448351032;-0.4518518518518518;-0.7820195450902394
Unknown;0.4448311033779324;0.1602564102564102;0.3171275724930557
Unknown;0.9834203315933682;-0.0961538461538461;0.1263523038244827
Unknown;0.5285094298114038;0.25;0.2718367390139594
High;0.9280614387712246;0.2454545454545454;0.058087675214282
Unknown;0.3884722305553889;-0.2922535211267605;-0.2232106399946268
Unknown;0.1821563568728625;0.0;-0.693040764459963
Unknown;0.5980680386392272;-0.1025641025641025;-0.2137578465021839
Medium;0.9256614867702646;-0.12109375;0.0754158358402254
Unknown;0.0355592888142237;0.425531914893617;0.7543044783112818
Unknown;0.1822363552728945;0.3269230769230769;0.5361928580061056
Control;0.0943581128377432;-0.2993197278911564;-0.8379825189311813
Unknown;0.8813823723525529;0.0074074074074074;-0.0052741454389672
Low;0.0035999280014399;-0.3274647887323944;-1.521811245445416
Low;0.120037599248015;0.3455098934550989;0.2210760949201997
Unknown;0.4404711905761885;0.1166666666666666;0.3580454042242237
High;0.499270014599708;-0.2312925170068027;-0.2917707045780755
Unknown;0.6430271394572109;-0.1768707482993197;-0.0614409089818871
Unknown;0.2523549529009419;0.2810457516339869;0.4116752799230231
High;0.0110397792044159;0.5220700152207002;0.4944098335594559
Unknown;0.8847023059538809;-0.0311111111111111;0.1245487878328486
Unknown;0.1725965480690386;0.0065359477124183;-0.8452766631902466
Unknown;0.2184756304873902;-0.3955223880597014;-0.4848223269631708
Unknown;0.1765564688706226;-0.1275510204081632;-0.642020470806915
Unknown;0.250754984900302;0.2602040816326531;0.4415653805515306
Unknown;0.0013999720005599;0.6148148148148148;0.7304467778486725
Unknown;0.3865922681546369;0.1629629629629629;0.4025215068802287
Unknown;0.0001199976000479;0.8407494145199064;1.0334746669858803
Unknown;0.0749585008299834;0.4063926940639269;0.344514764706033
Unknown;0.4661106777864442;-0.6088888888888889;-0.3341010867639836
Medium;0.0087598248035039;0.6592592592592592;0.4515870798265377
Unknown;0.1025179496410071;0.4740740740740741;0.6427076095207004
Unknown;0.0429991400171996;0.5882352941176471;0.4475667894432982
Low;0.3438731225375492;-0.2;-0.3851966107876686
Unknown;0.121077578448431;0.4240362811791383;0.5915971122418381
Unknown;0.0825983480330393;-0.1296296296296296;-1.2253216802700126
Unknown;0.5917560700169395;0.4210526315789473;0.3451844869442714
Unknown;0.622307553848923;-0.2444444444444444;-0.175327759288244
Unknown;0.4651506969860602;0.1180555555555555;0.3339316862940852
Unknown;0.6101077978440431;0.0141843971631205;0.2537637679375918
High;0.9189816203675928;0.2091503267973856;0.0884054509442869
Unknown;0.0082398352032959;0.6148148148148148;0.5589700108708731
Control;0.504309913801724;-0.1358024691358024;-0.2144400742241733
Unknown;0.4690706185876283;-0.4285714285714285;-0.0413780052329533
Unknown;0.246755064898702;0.2836879432624113;0.4467087845972193
Unknown;3.999920001599968e-05;0.8829268292682927;1.0611663903597366
Unknown;0.4661106777864442;-0.1280788177339901;-0.2912028483741456
Control;0.0017599648007039;0.7916666666666666;1.0055866770801565
Unknown;0.0007999840003199;0.8333333333333334;1.0957337986948013
Unknown;0.0118797624047519;0.5816993464052288;0.8949480708861116
Unknown;0.4852702945941081;0.1476190476190476;0.2379802151058264
Unknown;0.875982480350393;-0.0357142857142857;0.1211754068544328
Unknown;0.2757544849103018;0.1733333333333333;0.4587420355634049
Control;0.1912761744765104;0.0849673202614379;-0.9651242707973972
Unknown;0.4575508489830203;0.1224489795918367;-0.0488313079803981
Medium;0.124917501649967;0.3082706766917293;0.5409735605865762
Unknown;0.2633147337053259;0.2430555555555555;0.4863819087955006
Unknown;0.3240335193296134;0.3271604938271605;0.3584072742463723
Unknown;0.3602327953440931;0.4722222222222222;0.3964431602132149
Unknown;0.1559968800623987;-0.5571428571428572;-0.7310040127417304
Unknown;0.0285594288114237;-0.6802721088435374;-1.0474913379138937
Medium;0.876542469150617;0.0186567164179104;0.1280685066677242
Unknown;0.7049459010819784;0.1098901098901098;-0.0927752174809461
High;0.0199996000079998;-0.2978723404255319;-1.4242368215650048
Unknown;0.0023199536009279;0.6791979949874687;1.111824592824521
Unknown;0.3634727305453891;-0.0222222222222222;0.2690638535025453
Unknown;0.876262474750505;-0.1884057971014492;0.1917005684942301
Unknown;0.0976780464390712;0.4468085106382978;0.7187392714467649
High;0.2964740705185896;-0.2714486638537271;-0.3636792283721473
Medium;0.5745885082298354;-0.1288888888888889;-0.2583918641414601
Low;0.2118757624847503;0.180327868852459;0.4463987136289781
Unknown;0.0754784904301913;-0.1376811594202898;-0.9583590781684695
Unknown;0.866222675546489;0.0181818181818181;0.1327744713900031
Medium;0.1655166896662066;-0.2088888888888889;-0.7520726669899305
High;0.3852322953540929;-0.1703703703703703;-0.3801013116890374
Unknown;3.999920001599968e-05;0.8888888888888888;0.9283606061563452
Medium;0.374792504149917;0.0222222222222222;-0.1978296923207572
Unknown;0.8521029579408412;0.0434782608695652;0.0967553751688012
Unknown;0.0026399472010559;0.6878306878306878;1.194922281344708
Medium;0.8145037099258015;0.0592334494773519;0.0071304541830993
Unknown;0.7802243955120898;-0.0448717948717948;0.2438179257961561
Unknown;0.874702505949881;0.0311111111111111;0.1600494191285654
Unknown;0.8533029339413212;-0.0833333333333333;-0.0542476855566185
Unknown;0.0182396352072958;0.5538461538461539;0.5820790334903916
Unknown;0.0025599488010239;0.5952380952380952;0.6695689100899689
Unknown;0.0851982960340793;-0.76;-1.0405081921095511
High;0.509909801803964;0.013953488372093;0.3495460841470981
Unknown;0.0287994240115197;0.6150793650793651;0.6257215558992543
Unknown;0.0256794864102717;0.45;0.6784672092640014
Unknown;0.5473090538189236;0.2888888888888888;0.3311698486218348
Unknown;0.9116217675646489;-0.0666666666666666;-0.0391521814866575
Control;0.8621027579448411;0.2695035460992908;0.1608760595440575
Control;0.8467830643387132;0.1133333333333333;0.0901914000957666
Unknown;0.0570788584228315;0.4827586206896552;0.5758729379081612
Unknown;0.8087838243235135;0.1224489795918367;-0.0518933150169144
Unknown;0.0887582248355032;0.4693877551020408;0.4896880838012854
Control;0.5200295994080119;0.2018140589569161;-0.2182035609117453
Unknown;0.0917981640367192;-0.3884711779448621;-0.8025346961160112
Unknown;0.9704605907881844;0.0354609929078014;0.0410254335232878
Unknown;0.0650386992260154;0.4842767295597484;0.3412520703813139
Unknown;0.1605967880642387;0.2510288065843621;0.4733448390202452
Unknown;0.2259154816903661;-0.4577777777777778;-0.4027801897384185
Unknown;0.0169996600067998;-0.1975308641975308;-0.9970972847331429
Unknown;0.2014759704805903;-0.2883116883116883;-0.5426493255018782
Unknown;0.8416231675366492;0.49;0.1243541261511428
Unknown;0.5663486730265395;0.1025641025641025;-0.0962600885167087
Unknown;0.3909921801563968;-0.2198581560283688;-0.34973164555928
Unknown;0.0277194456110877;0.4609929078014184;0.9536439642064723
Low;0.0425191496170076;0.3541666666666667;0.5724602118458619
Unknown;0.9858202835943282;0.2847222222222222;0.0746751991890956
Unknown;0.6713065738685227;0.1864406779661017;0.2039386470769777
Unknown;0.6639867202655947;0.0275689223057644;0.2852215973365171
Unknown;0.3926321473570529;0.25;0.3581042604752251
Unknown;0.8893822123557529;-0.1555555555555555;0.1695914423167882
Unknown;0.0001599968000639;0.6942528735632184;0.9416853331162088
Low;0.0647587048259034;0.41015625;0.6392758329511391
Control;0.0180396392072158;0.5555555555555556;0.5225263880171757
Unknown;0.9137817243655126;-0.1594202898550724;0.0228679784619771
Unknown;0.636707265854683;0.065359477124183;-0.156781068864057
Unknown;0.8357432851342973;0.1580882352941176;0.0961972261619224
Unknown;0.24627507449851;0.1363636363636363;0.3197308877326222
Medium;0.0023599528009439;0.5289312457454051;0.7830427485761045
Unknown;0.4398712025759485;0.1375661375661375;0.3270190809063486
Unknown;0.2767944641107178;0.1666666666666666;0.4487936507833383
Unknown;0.8342233155336893;-0.4444444444444444;0.0001022954347162
Unknown;0.7649847003059939;-0.1153846153846153;-0.0478473462267127
Medium;0.5368692626147477;0.0222222222222222;0.2974003343995796
Unknown;0.0032799344013119;0.7735849056603774;0.8047463126612141
Unknown;0.0353592928141437;0.5947712418300654;0.8433660527459824
Unknown;0.5041099178016439;-0.2222222222222222;-0.2572546869364053
Unknown;0.9094218115637688;0.3986928104575163;0.0109030295446281
Control;0.3489130217395652;-0.0261437908496732;-0.426174729170789
Unknown;0.0479590408191836;0.4680851063829787;0.6789377040146708
Unknown;0.0019199616007679;0.7423076923076923;1.0340207830828485
Unknown;0.0235995280094398;0.4045977011494253;0.5659723911402312
Unknown;0.0667586648267034;0.3414634146341463;0.5684680287527129
Medium;0.8206635867282654;0.4861111111111111;0.1664252766967522
Control;0.372632547349053;0.1;-0.3764112155098496
Unknown;0.2926341473170536;-0.2592592592592592;-0.4619690338623389
Unknown;0.0613987720245595;0.437037037037037;0.4715646115879475
Unknown;0.5727085458290834;0.1428571428571428;0.2474686678761704
Unknown;0.3786324273514529;-0.4074074074074074;-0.2673416963194037
High;0.0019999600007999;0.6195652173913043;1.107487259556187
Unknown;0.9606607867842644;0.0929705215419501;0.1066688167833548
Unknown;0.5027499450010999;0.0814814814814814;0.3240512529864902
Unknown;0.1643567128657427;0.365079365079365;0.4848169946308843
Unknown;0.126237475250495;0.2480620155038759;0.4786597879552209
Low;0.0093598128037439;0.6066666666666667;1.0442923464242455
Low;0.1052378952420951;0.3292682926829268;0.5327420012592593
Unknown;0.0048799024019519;0.5898617511520737;0.8335282692530156
Unknown;0.7368252634947301;0.2814814814814815;0.1762830086759311
Unknown;0.8615027699446011;0.0666666666666666;-0.005495412195886
Unknown;0.7350252994940101;-0.1333333333333333;-0.1378295716329152
Unknown;0.7031059378812424;-0.12;0.0298608132194844
Unknown;0.8365032699346013;0.1533333333333333;-0.0196231488106316
Control;0.8101437971240575;0.4024691358024691;0.1968789688092109
Unknown;0.0578593139383412;-0.6811594202898551;-1.3424056999913612
Unknown;0.1835163296734065;-0.3688888888888889;-0.6977985920391025
Unknown;0.4735905281894362;-0.2259740259740259;-0.2367894540359391
Unknown;0.4656306873862523;0.0272108843537414;-0.1932456691175131
High;0.119997600047999;0.423963133640553;0.5843956473018294
Medium;0.1635567288654227;-0.0649350649350649;-1.1024081103368393
Low;0.0720785584288314;0.3645320197044335;0.6396782410969918
Unknown;0.5418291634167317;0.0814814814814814;0.3128595797397529
Unknown;0.0115197696046079;0.5986394557823129;0.8403581544632217
Unknown;0.0910381792364152;-0.2777777777777778;-1.1040763598781973
Unknown;0.1019579608407831;0.3548387096774194;0.5996704251137057
High;0.0335993280134397;-0.4557823129251701;-1.02069753792447
High;0.1707565848683026;-0.072463768115942;-0.9963626861957692
Unknown;0.7190256194876102;-0.0065359477124183;-0.052211437711749
Unknown;0.0223595528089438;0.5925925925925926;0.818966301221263
Unknown;0.4289514209715805;-0.2188235294117647;-0.2380992375624389
Unknown;0.0021999560008799;-0.5377777777777778;-2.1696071105920023
Unknown;0.9503409931801364;0.06;0.0816996050155903
Unknown;0.3139937201255975;0.2014925373134328;0.3827146727588146
Unknown;0.1015579688406231;-0.2067901234567901;-0.683865586185722
Low;0.1710365792684146;0.213768115942029;0.4114247238642336
High;0.0241195176096478;0.4926108374384236;0.9705867305043742
Unknown;0.120397592048159;0.2964285714285714;0.4957268282932853
Unknown;0.6664266714665706;-0.1122448979591836;-0.1721705812763906
Unknown;0.6680666386672267;-0.363855421686747;-0.1168221116373791
Unknown;0.1087178256434871;0.3866666666666666;0.4099826364470945
Unknown;0.0702385952280954;0.4135802469135802;0.5319918825922932
Unknown;0.0399592008159836;-0.3955555555555555;-1.1793577151347845
Unknown;0.3340333193336133;0.3537414965986394;0.4232073598705534
Unknown;0.0194796104077918;0.5694444444444444;0.7426306037297319
Unknown;0.1808363832723345;0.2777777777777778;0.5633860987292107
Unknown;0.0141597168056638;0.5816326530612245;0.8268119788136032
Unknown;0.1281974360512789;0.3695652173913043;0.5380448649932099
Unknown;0.2221955560888782;-0.5415730337078651;-0.4622455200810307
Unknown;0.2243955120897582;-0.1733333333333333;-0.6021930241602806
Unknown;0.0088398232035359;0.5886524822695035;0.8538811710731685
Unknown;0.3997120057598848;0.2083333333333333;0.3523610072629426
Unknown;0.0197596048079038;0.5925925925925926;0.616012822961426
Unknown;0.1031979360412791;-0.4219858156028369;-0.767654087032025
Unknown;0.1013179736405271;-0.1025641025641025;-0.8924254060305407
Unknown;0.0021199576008479;-0.6296296296296297;-1.878637876707715
Unknown;0.7081458370832583;0.1257309941520467;-0.1039982459081183
Unknown;0.0114397712045759;0.6802721088435374;1.003618336546052
Unknown;0.7195456090878183;-0.3511111111111111;-0.0719970216209537
Unknown;0.6201875962480751;-0.0425531914893617;0.2527673037036583
Unknown;0.5910281794364113;-0.1276595744680851;-0.1044836588157016
Medium;0.2243955120897582;0.3866666666666666;-0.6171627975917429
Unknown;0.1286774264514709;-0.05;-1.053547264498894
Unknown;0.6685066298674026;0.1147540983606557;0.2481699607217775
Unknown;0.0347993040139197;0.4222222222222222;0.6648588904374935
Control;0.0050798984020319;0.5571428571428572;1.138361124754581
Low;0.8227435451290974;0.4769975786924939;0.1558058448912111
Medium;0.0056398872022559;0.6808510638297872;0.9587946295803876
Unknown;0.0072398552028959;0.5089163237311386;0.6309660017980798
Unknown;0.5741485170296594;0.0459183673469387;-0.1658439964258012
Low;0.0036399272014559;0.6666666666666666;1.2991493493523916
Unknown;0.4665106697866042;-0.3103448275862069;-0.3056968402748676
Unknown;0.0871582568348633;0.419047619047619;0.6124378604870372
Unknown;0.0035599288014239;0.76;0.9942096654298636
Unknown;0.1039179216415671;-0.2013888888888889;-1.0175078775693758
Unknown;0.0173596528069438;0.5346153846153846;0.7770862621080525
Unknown;0.9726205475890484;-0.0357142857142857;0.1165157018040371
Unknown;0.0960780784384312;-0.3928571428571428;-0.805263849207571
Unknown;0.3055138897222055;-0.2463768115942029;-0.4512011981428704
Medium;0.0812783744325113;0.3038461538461538;0.5338045028964105
Low;0.9313013739725206;0.0204081632653061;-0.0115455113499939
Unknown;0.0029199416011679;0.6666666666666666;0.6131597358056226
Unknown;0.0027999440011199;-0.7777777777777778;-1.5265591722882832
Unknown;0.0050398992020159;0.5987654320987654;0.8384114121801755
Unknown;0.7803043939121218;0.0136054421768707;-0.0415366551222775
Unknown;0.3151936961260775;0.2423076923076923;0.3782384219000387
Unknown;0.4509509809803804;-0.0666666666666666;-0.3688147189177546
Unknown;0.1101177976440471;-0.2433862433862433;-0.7465046958698559
Unknown;0.2189556208875822;0.1866666666666666;-0.5707250697376104
Unknown;0.0001199976000479;0.86;0.5864889529203494
Unknown;0.0605987880242395;-0.1790123456790123;-0.9372093716295418
Unknown;0.4172316553668926;-0.6296296296296297;-0.1965524860123705
Unknown;0.3933521329573408;0.5;0.4723542608735215
Unknown;0.6022279554408911;-0.3333333333333333;-0.1162558010945713
Unknown;0.0006799864002719;0.8333333333333334;1.0275166947658063
Unknown;0.5405891882162357;0.3049645390070922;-0.2572091636577052
Unknown;0.4591108177836443;-0.4311111111111111;-0.1930152319535541
Unknown;0.7691046179076418;-0.1572327044025157;0.0782738101884519
Unknown;0.8371432571348573;0.1347517730496454;-0.0568824445667957
Unknown;0.3287534249315014;0.2327044025157232;0.4162909175073073
Unknown;0.5657886842263155;0.0;-0.1766304266345369
Control;0.6697866042679146;-0.0467836257309941;0.255158728021244
Unknown;0.247915041699166;0.1736111111111111;0.4005626087681721
Medium;0.0041599168016639;0.5529411764705883;0.2498043245680585
High;0.6223475530489391;0.1005291005291005;0.2099024814332844
Unknown;0.5391092178156437;-0.3725490196078431;-0.2170697089930236
Unknown;0.3296334073318533;0.0952380952380952;-0.4705191586863386
Unknown;0.5541889162216755;0.1159420289855072;-0.1783764331639371
Unknown;0.0124797504049919;-0.4987468671679197;-1.4435312289851594
Unknown;0.2796744065118697;-0.0705128205128205;-0.5004019415120237
Unknown;0.0004399912001759;0.8074074074074075;0.8545931445070969
Unknown;0.8917421651566969;-0.0459183673469387;0.0585256910534873
Unknown;0.3318733625327493;-0.1880952380952381;-0.3270452335135188
Low;0.1898762024759504;0.3680555555555556;0.567405580353098
Unknown;0.3441931161376772;-0.0095238095238095;-0.3779350558335508
Unknown;0.0007999840003199;0.7894736842105263;1.06747468979285
Unknown;0.0078798424031519;0.4466403162055335;0.7572390440267017
Unknown;0.4779104417911641;0.2713178294573643;0.3388258146511175
Unknown;0.3207535849283014;0.2083333333333333;-0.5455846775514379
Low;0.0357592848143037;0.4603174603174603;0.5675917964146219
Medium;0.1724765504689906;0.3538011695906433;0.4755321852320552
Unknown;0.4172316553668926;0.2653061224489796;0.3176931576438122
Unknown;3.999920001599968e-05;0.9166666666666666;0.9810339517267364
Low;0.0710785784284314;-0.0846153846153846;-0.9917690994015111
Unknown;0.3309133817323653;0.2585034013605442;0.3521017527601524
Unknown;0.0015199696006079;0.7909090909090909;1.3487524268131987
Low;0.750184996300074;0.6118143459915611;0.1505080346909332
Unknown;0.5457490850182997;0.2641509433962264;0.3074412040005872
Unknown;0.2841543169136617;0.2080200501253132;0.3747876522325517
Unknown;0.5751084978300434;0.3024691358024691;0.2589127313989751
Unknown;7.999840003199936e-05;0.8936170212765957;0.860815704284853
Unknown;0.0102397952040959;0.6382978723404256;1.0696195164041775
Unknown;0.0437191256174876;0.5911111111111111;0.9312808270033708
Unknown;0.1284774304513909;0.1782945736434108;0.3807479405714013
Unknown;0.0735985280294394;0.4938271604938271;0.477839952778484
Unknown;0.5427491450170997;0.037037037037037;-0.2572780976985885
Unknown;0.0544789104217915;0.358695652173913;0.5718192232958221
Unknown;0.9053018939621208;-0.2091836734693877;-0.0067740791442774
Unknown;0.2305953880922381;0.4074074074074074;0.4937433204860516
Unknown;0.7966640667186656;0.0536585365853658;0.219470251631073
Unknown;0.7282654346913062;-0.083743842364532;0.2017633087852149
Control;0.5987080258394832;0.3472222222222222;0.281257567032917
Unknown;0.0017999640007199;0.6507352941176471;0.5870502475763363
Unknown;0.4592308153836923;0.3333333333333333;0.3770479761261504
Unknown;0.8582628347433051;-0.0612244897959183;0.1147116079992491
Unknown;0.3405531889362213;0.1858974358974359;0.3526944632485582
Control;0.7104257914841703;-0.0207156308851224;-0.1132661670393148
Unknown;0.6818663626727466;0.1185185185185185;0.2044138601100492
Unknown;0.7699046019079618;-0.0818713450292397;0.2222640095168502
Unknown;0.8367432651346973;-0.3185185185185185;-0.0207550015503486
Unknown;0.8622627547449051;-0.1666666666666666;0.2509650931915168
Unknown;0.939604743083004;0.238095238095238;0.1308821816387624
Unknown;0.0017599648007039;0.7659574468085106;0.7273949980894531
Low;0.2670746585068299;-0.0434782608695652;-0.5233997993368766
High;0.4413111737765244;0.1805555555555555;0.3391114176931042
Unknown;0.8224235515289694;-0.3045822102425876;0.0748330317208774
Control;0.0033199336013279;0.6866666666666666;0.5924936797839773
Unknown;0.0591188176236475;-0.5137844611528822;-0.7885182341044424
Unknown;0.8563428731425371;-0.1059907834101382;0.0249739466928671
Unknown;0.1715565688686226;0.2530864197530864;0.581727578378366
Low;0.7055058898822023;0.1439393939393939;0.1872673224640055
Unknown;0.9657006859862802;-0.0289855072463768;0.1456415389073249
Unknown;0.9584608307833844;-0.1134751773049645;0.153464572546967
Unknown;0.0259594808103837;0.5579710144927537;0.5555491817758337
Unknown;0.5996680066398672;-0.2411347517730496;-0.1757747836562834
High;0.0002799944001119;0.8148148148148148;1.2276234515379396
Unknown;0.5320693586128278;0.1276595744680851;0.3297037995824718
Control;0.0963980720385592;0.3900709219858156;0.6923491568838348
Unknown;0.2347153056938861;0.3;0.5054979956418801
Unknown;0.0177996440071198;0.5116883116883116;0.8482558968694425
Unknown;0.8416631667366653;-0.1231884057971014;0.1401257956775439
Unknown;0.3141137177256455;-0.1666666666666666;-0.4401488912884077
Unknown;0.1024379512409751;0.3809523809523809;0.3339583479940655
Unknown;0.982340353192936;0.06265664160401;0.0634462634653018
Unknown;0.0001999960000799;0.8717948717948718;1.243192109584139
Unknown;0.0047999040019199;0.5818965517241379;0.6800906950560062
Unknown;0.0040799184016319;-0.7391304347826086;-1.8734533375344105
Unknown;7.999840003199936e-05;0.8111380145278451;0.7974992160327965
Control;0.115757684846303;-0.4663299663299663;-0.5615616056253019
Unknown;0.3013139737205256;-0.382716049382716;-0.4397107579561916
Unknown;0.626627467450651;0.0074074074074074;0.2572292999815306
Control;0.9127417451650968;-0.1553030303030303;-0.0051726457827311
Unknown;0.4284314313713726;0.2333333333333333;0.3476156167114582
Unknown;0.994420111597768;-0.0074074074074074;0.0115773917700271
Low;0.7714245715085698;-0.3710691823899371;-0.0222068259168945
Unknown;0.2715545689086218;0.3518518518518518;0.3020991889660456
Unknown;0.4503909921801564;0.0044444444444444;-0.3393941926896881
Unknown;0.994740105197896;-0.0277777777777777;0.0651315887637903
Unknown;0.1718765624687506;0.0755555555555555;-1.086673858983373
Unknown;0.3433131337373252;0.1022222222222222;0.4986811600109964
Unknown;0.7607447851042979;0.3159722222222222;-0.0577636833353116
Unknown;0.5690286194276114;0.2628205128205128;0.2718874685713648
High;0.9315013699726006;-0.1597222222222222;-0.0119496375061944
Unknown;0.0465590688186236;0.4469696969696969;0.6120270595909605
Unknown;0.3248735025299494;-0.1822222222222222;-0.4693820235624357
Unknown;0.8901821963560729;-0.1049382716049382;0.1016301465167326
Unknown;0.9613407731845364;0.2108843537414966;0.0400609843666223
Unknown;0.3033139337213256;0.1911111111111111;0.4615443528266759
Unknown;0.0215195696086078;0.5333333333333333;0.9981762501789788
Unknown;0.0582788344233115;-0.3688888888888889;-1.0420278028383652
Unknown;0.0954380912381752;0.4652777777777778;0.5698747875486246
Unknown;0.2068358632827343;0.3037037037037037;0.5371217835043095
Unknown;0.1041979160416791;0.2212389380530973;0.4017248040913136
Low;0.0035999280014399;0.6519480519480519;0.8548478122169278
Unknown;0.3497130057398852;0.237037037037037;0.4113383842727994
Unknown;0.5358692826143477;0.1512195121951219;0.2939981873849668
Unknown;0.4185916281674366;0.2;0.3629599062411334
Unknown;0.5375492490150197;0.0133333333333333;0.3189207229689879
Unknown;0.379072418551629;0.0507246376811594;-0.3994068675577968
Unknown;0.5673086538269234;0.0783582089552238;0.2372761964389032
Unknown;0.8862622747545049;-0.0125786163522012;0.0760706328261821
Unknown;0.0472790544189116;0.0130718954248366;-1.1816986422190834
Unknown;0.0612787744245115;0.4423076923076923;0.5943997867568314
Unknown;0.0009199816003679;0.7142857142857143;0.440234197070337
Control;0.2339153216935661;0.3155555555555555;0.4506878758442357
Unknown;0.6434671306573868;-0.4814814814814814;-0.1508293902040879
Unknown;0.241435171296574;0.3214285714285714;0.438799618749019
Unknown;0.7356252874942502;0.1159420289855072;-0.1166765588234252
Medium;0.0001999960000799;0.6258169934640523;0.7416253665698248
Unknown;0.509109817803644;0.0962962962962963;0.3153394601488926
Unknown;0.240955180896382;0.3066666666666666;0.5471016653169992
Unknown;0.1026379472410551;-0.1632653061224489;-0.8260771291889653
Unknown;0.4377512449751005;-0.2148148148148148;-0.3286945714278029
Control;0.0045599088018239;0.6595744680851063;0.7026389138270481
Unknown;0.2789544209115818;0.0488888888888888;-0.6516484091623767
Unknown;0.5295094098118037;-0.0544217687074829;-0.1621642252867603
Unknown;0.6325593395252838;0.4761904761904761;-0.1724694543373644
Unknown;0.4463110737785244;-0.2127659574468085;-0.2573390709269467
Unknown;0.6626667466650668;0.1139240506329113;0.2024733060643576
Unknown;0.9820603587928242;0.0266666666666666;0.1157431537991604
Low;0.869382612347753;-0.0592592592592592;-0.0659574030769377
Unknown;0.0681586368272634;0.4358974358974359;0.7015414802843658
Unknown;0.1411171776564468;0.3071895424836601;0.6212877127383154
Unknown;0.6449071018579629;0.3244019138755981;-0.123792101750517
Unknown;0.9643007139857204;-0.1014492753623188;0.0144604855372486
Unknown;0.0037999240015199;-0.6862745098039216;-1.5253371529816715
Unknown;0.1836763264734705;-0.0392523364485981;-0.542260155322088
Low;0.3330733385332293;-0.1948051948051948;-0.391535062597716
Unknown;0.1766364672706545;0.304147465437788;0.3826219447110016
Unknown;0.7052258954820904;-0.1904761904761904;-0.1219300056730227
Unknown;0.1987960240795184;-0.3259259259259259;-0.5785858405258686
Unknown;0.9759404811903762;0.0816326530612244;0.1095483164711503
Unknown;0.2282754344913102;0.3452380952380952;0.5883666534170872
Unknown;0.4553908921821563;0.0555555555555555;-0.30531908736255
Control;0.3025139497210056;0.2075471698113207;0.3695829575796208
Unknown;0.3001139977200456;0.3971631205673759;0.4203297112919181
Unknown;0.3106337873242535;-0.4755555555555555;-0.4663600169701786
High;0.2617147657046859;0.225;0.3649083923096606
Control;0.8696741854636592;0.0363636363636363;0.2582127885494174
Unknown;0.0083598328033439;-0.3302891933028919;-1.294233189151491
Unknown;0.4209115817683646;0.0833333333333333;-0.4149871480602387
Unknown;0.4271914561708765;0.25;0.3499192579607032
Unknown;0.0739185216295674;-0.3573033707865168;-0.7371325443685754
Unknown;0.0986780264394712;0.3686746987951807;0.4449770002153515
Control;0.1104377912441751;-0.037037037037037;-0.667722735103442
Unknown;0.2018359632807344;-0.5;-0.7335185297966618
Unknown;0.2834343313133737;0.3428571428571428;0.3865300498756627
Unknown;0.49355012899742;-0.1911111111111111;-0.2508618620681723
Unknown;0.2659546809063818;0.25;0.4785712511889817
Unknown;0.2175556488870222;0.1818181818181818;0.4307168921104722
Unknown;0.4535109297814044;0.0233766233766233;0.3055766878546381
Unknown;0.3085938281234375;-0.0272108843537414;-0.4537136805079736
Unknown;0.117837643247135;-0.3197278911564626;-0.7488120047405405
Control;0.1025579488410231;-0.2340425531914893;-0.8042375948312424
Unknown;3.999920001599968e-05;0.9097222222222222;1.3640446051806612
Low;0.4124317513649727;0.3298701298701298;0.2479260303111312
Unknown;0.0182796344073118;-0.4822695035460992;-1.2903923436532236
Unknown;0.4879502409951801;0.4513888888888889;0.3445922732020288
Unknown;0.249115017699646;-0.2836879432624113;-0.5091196950186317
Unknown;0.0001199976000479;0.6759259259259259;1.002307846471169
High;0.7888642227155457;0.0074074074074074;0.2139771449675152
Unknown;0.7943441131177377;0.0074074074074074;-0.0990148448858723
Unknown;0.491870162596748;0.0915422885572139;0.1892104080576658
Unknown;0.3332333353332933;0.2535714285714285;0.3317220577972503
Unknown;0.5537889242215156;-0.3061224489795918;-0.2400592456878609
Unknown;0.5665086698266034;-0.1823899371069182;-0.2211941589517251
Unknown;0.5407491850162996;-0.1319444444444444;-0.2404981806929785
Unknown;0.0075598488030239;0.5546875;0.6304171354722683
Unknown;0.0577188456230875;0.4878048780487805;0.6120935973781494
High;0.6753864922701546;0.0666666666666666;-0.1478312500735469
Unknown;0.5337093258134837;0.1346153846153846;0.2778482629035175
Unknown;0.2262754744905102;-0.8597402597402597;-0.358763752382355
Unknown;0.5174696506069879;-0.2463054187192118;-0.2435505667413229
High;0.634067318653627;-0.0763888888888889;-0.205516921616329
Unknown;0.1435171296574068;-0.3137254901960784;-0.6614044810724065
Unknown;0.0176396472070558;-0.5460992907801419;-1.1882591888753409
Low;0.2233155336893262;0.0802469135802469;0.5117965741006462
Control;0.1943161136777264;0.0555555555555555;-0.8781173427988038
Unknown;0.0077998440031199;0.5883777239709443;0.8505903256588747
Unknown;0.0509589808203835;-0.3703703703703703;-0.9842540263658384
Unknown;0.8852222955540889;0.1164021164021164;0.1391083401153905
Unknown;0.4081118377632447;-0.0588235294117647;-0.3498111935889609
Unknown;0.1055578888422231;0.3402777777777778;0.5577085966714734
Unknown;0.0078798424031519;0.7280701754385965;0.6823888532113699
Unknown;0.1021179576408471;-0.4438775510204081;-0.7345214251211789
Unknown;0.371152576948461;0.36;-0.3034538455644033
Unknown;0.0001599968000639;0.624561403508772;0.67989477042516
Unknown;0.0059598808023839;-0.5585185185185185;-1.1383829465278492
Unknown;0.0377592448151037;0.5170068027210885;0.6731884089492708
Unknown;0.2570748585028299;0.2531328320802005;0.4442962307438698
Unknown;0.2737945241095178;0.2962962962962963;0.4322143823655117
Unknown;0.8233835323293535;0.0222222222222222;0.1581129852247315
Unknown;0.493990120197596;0.2533333333333333;0.3195022375494423
Unknown;0.1638767224655506;0.1943793911007025;0.4835567245064616
Unknown;0.245195096098078;0.4110070257611241;0.2627393318402481
Unknown;0.371192576148477;0.1851851851851851;0.3921743116253329
Unknown;0.0327993440131197;0.4204204204204204;0.6084852498500553
Unknown;0.7837043259134817;-0.0285714285714285;0.21061352520643
Unknown;0.7275054498910022;0.261437908496732;-0.0989472099061418
Unknown;0.0252794944101117;-0.4232804232804232;-1.0192013563136646
Unknown;0.2216755664886702;0.0212765957446808;-0.7360491192539211
Unknown;0.7530649387012259;-0.3129251700680272;0.1056136211947538
Unknown;0.4145917081658367;-0.2333333333333333;-0.3541397523342452
Medium;0.1792764144717105;0.088;0.3783849070604667
Unknown;0.8010239795204096;0.0357142857142857;-0.057913725449338
Unknown;0.5989080218395632;0.0151515151515151;0.222543967070595
Unknown;0.6633067338653227;0.2101449275362318;-0.1678783805952731
Unknown;0.2132757344853103;0.0628930817610062;-0.5934444776956926
Unknown;0.3447531049379012;0.0733333333333333;-0.4101926396370133
Unknown;0.3809523809523809;0.2545454545454545;0.3345842492321144
Unknown;0.6288674226515469;0.2628205128205128;0.26519304318825
High;0.0328793424131517;0.4746543778801843;0.3913012143091636
Unknown;0.6085478290434191;0.2466666666666666;-0.0902221518483879
Unknown;0.0020799584008319;0.5435203094777563;0.650566315278442
Unknown;0.1291974160516789;0.5490196078431373;0.5638423726419463
Unknown;0.0363992720145597;0.54421768707483;0.8271086708232773
Unknown;0.6003879922401552;-0.1325757575757575;-0.1650818900933536
Unknown;0.0014399712005759;0.7891156462585034;0.574397935550024
Unknown;0.4023519529609408;0.1683673469387755;0.3485764024368631
Unknown;0.0219995600087998;0.68;0.9530254523953392
Low;0.0131997360052798;0.51953125;0.545452637890921
Unknown;0.2169956600867982;0.5317460317460317;0.4136071136672449
Unknown;0.0340793184136317;-0.2438672438672438;-0.8679320971491021
Unknown;0.4682706345873083;-0.3333333333333333;-0.2412786502841178
Unknown;0.0005599888002239;0.7901234567901234;1.3925035973327635
Unknown;0.0233995320093598;0.4693877551020408;0.8694583493738629
Unknown;0.0011999760004799;0.6635802469135802;0.7332519031802921
Medium;0.0343193136137277;0.458128078817734;0.697125552393754
Unknown;0.7300653986920261;0.0296296296296296;0.1768227173035444
Low;0.0220395592088158;0.4926108374384236;0.9203039030424376
Unknown;0.1540369192616147;0.2740046838407494;-0.7766654275684903
Unknown;0.5396292074158516;-0.2962962962962963;-0.2318578053501366
Unknown;0.5282694346113078;0.2115384615384615;-0.2124698671770294
Unknown;0.4314313713725725;-0.0392156862745098;-0.3111875258203517
Unknown;0.5081498370032599;0.4166666666666667;0.2707972531517144
Unknown;0.5723085538289234;0.1041666666666666;0.25313571987337
Unknown;0.6131077378452431;0.0138888888888888;0.2725564361056035
Unknown;0.6632267354652907;0.1805555555555555;0.2272935190669723
High;0.0202395952080958;0.5362318840579711;0.982234606111612
Unknown;0.0030399392012159;-0.58;-1.5550933908958997
Unknown;0.4738705225895482;0.2318840579710145;0.3194678077778052
Unknown;0.2891542169156617;0.4399092970521542;0.3830695342188837
Unknown;0.4784304313913721;0.1851851851851851;0.376622584082376
Unknown;0.4024719505609888;-0.0666666666666666;-0.4039936543618473
Control;0.0017999640007199;0.6159250585480094;0.3160680755263105
High;0.1661166776664466;-0.2141176470588235;-0.488693979423004
Unknown;0.0096398072038559;0.625;0.5908108799712877
Unknown;0.4271514569708606;-0.1629629629629629;-0.3414912186968676
Unknown;0.4669906601867962;-0.0335820895522388;-0.2510121296686678
Unknown;0.1980360392792144;-0.2754946727549467;-0.5034860828509442
Unknown;0.0831183376332473;-0.639344262295082;-0.9462138438289868
Unknown;3.999920001599968e-05;0.9228395061728396;1.0235774781628448
Unknown;0.3865922681546369;0.1629629629629629;0.3883061224732051
High;0.0005999880002399;-0.440251572327044;-2.446664619142035
Unknown;0.1526769464610707;0.3555555555555555;0.4097452915939725
Unknown;0.9045819083618328;-0.009009009009009;0.0951065726709249
Unknown;0.2605947881042379;0.4022988505747126;0.4855807737235669
Unknown;0.0018799624007519;0.75177304964539;1.0746259158223452
Medium;0.0112397752044959;0.64;1.002143350416128
Unknown;0.6797064058718826;0.1644444444444444;-0.1563835624934116
Unknown;0.8875822483550329;-0.1560283687943262;-0.0107208722851641
Unknown;0.8690226195476091;0.0;0.166730242665655
High;0.0057998840023199;0.6311688311688312;0.3132393729976089
Unknown;0.623747525049499;-0.2444444444444444;-0.1812695668471974
Unknown;0.253514929701406;-0.1063829787234042;-0.5165343896750693
Control;0.1855562888742225;-0.7469135802469136;-0.7127224404888765
Unknown;0.5789884202315954;-0.144927536231884;0.3026073434000538
Medium;0.4828703425931481;0.375;-0.1784142689098992
Unknown;0.987180256394872;0.0340136054421768;0.0262841577099479
Unknown;0.0242795144097118;0.5026455026455027;0.3970230729179781
Unknown;0.8817023659526809;-0.0212765957446808;0.1218846869672345
Low;0.0060398792024159;-0.2874196510560147;-1.3741007944267265
Low;0.9071418571628568;-0.0925925925925925;-0.0387961039312003
Unknown;0.5007499850003;0.0709219858156028;0.2836653568604197
Unknown;0.7328653426931462;-0.0888888888888888;-0.1092325475626143
Unknown;0.9510209795804084;0.2533333333333333;0.040991308094119
High;0.6087478250434991;-0.0225563909774436;-0.1374465436417576
Unknown;0.6999060018799624;0.0577777777777777;0.0299519263640847
Unknown;0.115397692046159;-0.4444444444444444;-0.7841655481589107
Unknown;0.3932321353572928;0.2312925170068027;0.3392794745892921
Unknown;0.0375592488150237;-0.673202614379085;-1.2492852923026738
Unknown;0.8151436971260575;0.0488888888888888;0.1950536531953368
Unknown;0.0321593568128637;-0.0869565217391304;-1.2024614485406435
Unknown;0.0047199056018879;0.7318840579710145;0.7777591458314623
Unknown;0.0114797704045919;-0.6598639455782312;-1.6005200277521452
Unknown;0.1619167616647667;0.4202898550724637;0.5195983792212345
Unknown;0.7003059938801224;-0.0444444444444444;-0.0589351203379414
Unknown;0.0051198976020479;-0.2941176470588235;-1.9545472252005176
High;0.1114377712445751;0.437037037037037;0.6425576301810846
Medium;0.2325153496930061;0.3333333333333333;0.5655660656729621
Unknown;0.8244635107297854;-0.144927536231884;0.2818454291023613
Unknown;0.2727145457090858;-0.0588235294117647;-0.491228892022783
Low;0.5877482450350993;-0.3148148148148148;-0.1969407559834103
Unknown;0.2726345473090538;-0.137844611528822;-0.4618291388098694
High;0.24707505849883;0.1491228070175438;0.2900345072976429
Unknown;0.1032779344413111;0.46;0.5602029774729945
Unknown;0.4194316113677726;-0.075075075075075;-0.2790983224849633
Unknown;0.0382792344153117;0.4965986394557823;0.5574446739892313
Unknown;0.2765144697106058;-0.2948717948717949;-0.4753575002104994
Unknown;0.0001599968000639;0.7097560975609756;0.7089922362222518
Unknown;0.8073838523229535;-0.1205673758865248;-0.0849901317429175
Unknown;0.1917161656766864;0.2686567164179104;0.3543984142536028
Unknown;0.1463570728585428;-0.4829931972789115;-0.694244938628121
Unknown;0.0837183256334873;-0.28;-0.8691535177445572
High;0.0108797824043519;0.66;0.958930458707126
Unknown;0.7305853882922342;-0.041159420289855;0.1116059158930537
Unknown;3.999920001599968e-05;0.8506944444444444;0.7371934182339589
Unknown;0.4309113817723645;0.1304347826086956;0.3546520422112768
Unknown;0.6925861482770345;0.1555555555555555;0.2128158491594351
Unknown;0.0862382752344953;0.319047619047619;0.4431188467018451
Medium;0.1582368352632947;0.3081761006289308;0.5768869889619564
Unknown;0.9655006899862004;-0.08203125;-0.0024167863644651
Unknown;0.0258794824103517;0.5306122448979592;0.6097832655498328
Unknown;0.0234795304093918;0.5333333333333333;0.7606054465097463
Unknown;0.3151536969260615;0.1887755102040816;0.3982746254192328
Unknown;0.5711885762284754;0.1333333333333333;-0.1498126280606777
Unknown;0.748305033899322;0.4567901234567901;0.2026634663501684
Medium;0.1412771744565108;0.3270440251572327;0.337509973235205
Unknown;0.1004379912401752;-0.3768115942028985;-0.7280225551076185
Unknown;0.8426631467370652;0.2444444444444444;0.1151439308321144
Unknown;0.0103597928041439;0.5987654320987654;0.6660637634996799
Unknown;0.3574328513429731;-0.2978723404255319;-0.4043249316931512
Unknown;0.123277534449311;0.2467532467532467;0.5997797420281871
Unknown;0.4043519129617408;-0.3111111111111111;-0.125933162905126
Unknown;0.0771184576308473;0.4097222222222222;0.5932876541355521
Unknown;0.3622727545449091;0.1803751803751803;0.2946051117174676
Control;0.4084318313633727;0.1893939393939394;0.3430313158739735
High;0.7983840323193536;0.0188679245283018;0.1261364489334586
Unknown;0.0159196816063678;0.4867724867724867;0.624839813640817
Unknown;0.2838343233135337;0.0868055555555555;-0.411758954201513
Unknown;0.9233415331693366;-0.0851063829787234;0.133367121928174
Unknown;0.7191856162876743;0.1176470588235294;0.1769177666018874
Control;0.0228395432091358;0.5933333333333334;0.9482514750193352
Unknown;0.0555588888222235;0.3548387096774194;0.5694672624929245
Low;0.4784304313913721;-0.1830065359477124;-0.286756876280501
Medium;0.0627987440251195;0.4861111111111111;0.792223340913011
High;0.0368392632147357;0.5434782608695652;0.7882256249062272
Unknown;0.2014759704805903;0.3197278911564626;0.545150265943532
Unknown;3.999920001599968e-05;0.7042957042957043;0.9389523840293744
Unknown;0.0037199256014879;0.76;1.0975547387277456
Unknown;0.3500729985400292;0.3560090702947845;0.3184161028510949
Unknown;0.0207595848083038;0.5069444444444444;0.4770375105026403
High;0.1743165136697266;0.0;-0.6487290246637095
Unknown;0.4666306673866522;-0.2624113475177305;-0.2027631044572985
Unknown;0.0517189656206875;-0.3141025641025641;-1.1560935084535553
Unknown;0.0198796024079518;0.6956521739130435;0.775960049005814
Unknown;0.6634667306653866;0.4454545454545454;0.2824309388973286
Control;0.0596388072238555;0.4418604651162791;0.7426448997043207
Unknown;0.7864642707145857;0.1836734693877551;-0.082341918759162
Unknown;0.6589868202635947;0.2875816993464052;0.2648914939696137
Medium;0.0039199216015679;0.6858974358974359;0.8401575281458401
Unknown;0.24407511849763;-0.4722222222222222;-0.5491955279296176
Unknown;0.4033119337613248;-0.1733333333333333;-0.3867118919493974
Unknown;0.0390392192156156;0.5277777777777778;0.5910417069137772
Low;0.0048799024019519;0.5113636363636364;0.8290803502143853
Low;0.8607027859442811;-0.1989795918367347;0.0039053519751096
Unknown;0.2833943321133577;0.4236111111111111;0.241245695743285
Unknown;0.6971460570788585;-0.1635220125786163;0.0914594901653881
Unknown;0.0367992640147197;-0.2466666666666666;-1.3327075353327773
Unknown;0.2307553848923021;0.2744186046511628;0.5065579437654727
Unknown;0.2159156816863662;0.3333333333333333;0.4364306520574144
Low;0.3962320753584928;0.5454545454545454;0.3166011862188518
Unknown;0.0168796624067518;-0.1195402298850574;-1.1215758624499983
Unknown;0.493910121797564;0.1631205673758865;0.224659317891132
Unknown;0.2165556688866222;0.2176870748299319;-0.7440668322022153
Unknown;0.239435211295774;-0.1823899371069182;-0.5323181594542846
Unknown;0.2037159256814863;-0.328042328042328;-0.5642495773337439
Unknown;0.0006399872002559;0.7986111111111112;0.8903835805583031
Unknown;0.118717625647487;0.2833723653395784;0.5589713387382076
Unknown;0.1122777544449111;0.2907801418439716;0.6649749679786532
Control;0.1009979800403991;0.3571428571428571;0.6266521720951865
Medium;0.7357052858942821;-0.0219780219780219;0.0446922937894997
Unknown;0.245715085698286;0.0508474576271186;-0.5048201738914252
Medium;0.0006399872002559;0.69140625;0.9532075404458148
Unknown;0.0675186496270074;-0.21;-0.7151701461552031
Control;0.2064358712825743;0.3333333333333333;0.395590021213274
Unknown;0.0257194856102877;0.3878048780487805;0.3113117136210638
Unknown;0.4332313353732925;-0.2121212121212121;-0.1286124771989681
Unknown;0.0742785144297114;0.4375;0.318252278048365
Unknown;0.0018799624007519;0.6303696303696303;0.8069920094299239
Unknown;0.2683546329073418;0.2365339578454332;0.3791603920692066
Unknown;0.2017559648807023;-0.6014492753623188;-0.6891797953457235
Unknown;0.4203115937681246;0.1257861635220125;0.3649894435281496
Medium;0.0384392312153756;0.4347826086956521;0.34149367259349
Unknown;0.0386792264154716;0.3825;0.4445563273855411
Medium;0.2943541129177416;0.5944700460829493;0.412648525230989
Unknown;0.116437671246575;0.3380281690140845;0.3888034121451257
Unknown;0.4235515289694206;0.1733333333333333;0.3650161597197686
Unknown;0.2740345193096138;0.3611111111111111;0.3390192504394529
Unknown;0.0922381552368952;-0.38;-0.9910030760671336
Unknown;0.113917721645567;0.4755555555555555;0.7093969060107588
Unknown;0.2603947921041579;0.3081761006289308;0.4200588110741504
Unknown;0.0299594008119837;-0.4583333333333333;-1.2976005326585611
Unknown;0.8077438451230975;-0.1089588377723971;-0.0661015134529906
Unknown;0.7949841003179936;-0.037037037037037;0.0131061200771051
Unknown;0.0863182736345273;0.3739837398373983;0.5954818764928943
Unknown;0.1701965960680786;-0.5636363636363636;-0.818918643558163
Unknown;0.8202235955280894;0.0962962962962963;-0.0709603233135768
Unknown;0.0425591488170236;0.5555555555555556;0.489680274737246
Unknown;0.0123997520049599;0.6180555555555556;0.9285351209310526
Unknown;0.0675586488270234;0.4705882352941176;0.4716648505014757
High;0.0006799864002719;0.7628205128205128;1.3156646851510816
Unknown;3.999920001599968e-05;0.9451659451659452;0.5593981982018764
Unknown;0.6399072018559628;-0.1904761904761904;-0.1676558986170405
Unknown;0.0151996960060798;0.5850340136054422;0.8898662293966646
Unknown;0.4229915401691966;0.217391304347826;0.3714333720982375
Control;0.865062698746025;0.0351288056206089;-0.0359668408252949
Control;0.0226395472090558;0.5986394557823129;0.4244189558700214
Unknown;0.6219075618487631;0.0337662337662337;0.2562616839169174
Unknown;0.0079598408031839;0.6346604215456675;0.5302510018657816
Unknown;0.0169596608067838;-0.4513888888888889;-1.2561029479089654
Unknown;0.874942501149977;-0.282051282051282;0.1788788756977302
Unknown;0.5918767507002801;0.0101010101010101;0.3774171645605297
Unknown;0.4029119417611648;-0.4035087719298245;-0.1121168530936784
Unknown;0.3355532889342213;-0.037037037037037;-0.4325863045448485
Unknown;0.3215935681286374;-0.3511111111111111;-0.5220710302678485
Unknown;7.999840003199936e-05;0.8368794326241135;1.3859835341975963
Unknown;0.0030399392012159;0.6928104575163399;0.7252354555598716
Unknown;0.9610207795844083;-0.0277777777777777;0.0920788189854475
Unknown;0.3430331393372132;0.1521739130434782;0.4085362106318387
Unknown;0.246515069698606;0.2698412698412698;0.4087371199668199
Unknown;0.8828623427531449;0.1238095238095238;0.1543344133802509
Control;0.6544269114617708;0.106060606060606;-0.1725816268559614
Low;0.0478390432191356;-0.1428571428571428;-0.9752371079252438
Low;0.4699906001879962;0.2075;0.276325043382987
Unknown;0.0002399952000959;0.8029556650246306;0.5437739427521273
Unknown;0.5311893762124758;-0.2481481481481481;-0.2673434820723138
Unknown;0.758504829903402;-0.0683760683760683;-0.103663187165193
Unknown;0.7324653506929861;0.1560283687943262;0.2388237782088058
Unknown;0.1085578288434231;0.5348837209302325;0.6566802148934773
Unknown;0.0716385672286554;0.4888888888888889;0.6327160469259909
Unknown;0.249795004099918;-0.3120567375886525;-0.5068140777041642
Unknown;0.0406391872162556;0.5087719298245614;0.5541635816432388
Unknown;0.9173016539669206;0.0222222222222222;0.1294528840649548
Unknown;0.0027999440011199;0.6875;0.8971405135030873
Unknown;0.116957660846783;-0.2826086956521739;-0.8372999092911447
Unknown;0.1742365152696946;0.3968253968253968;0.4363408512461817
Unknown;0.747385052298954;0.0849673202614379;0.1819227153044385
Unknown;0.2739945201095978;0.28;0.4880207696709854
Medium;0.0920781584368312;-0.3115942028985507;-0.8705395038606079
Control;0.4603907921841563;-0.0144927536231884;0.3348970220361666
Unknown;0.0081598368032639;-0.4855072463768116;-1.4919645751430115
Unknown;0.0192396152076958;0.5185185185185185;0.8357528185915339
Unknown;0.1287174256514869;0.3475177304964539;0.6064963730269762
Unknown;0.0142397152056958;0.5532467532467532;0.7471497739431591
Unknown;0.74302513949721;-0.1231884057971014;-0.0395762067797117
Unknown;0.9614207715845684;0.2878787878787879;0.0901039906415449
Unknown;0.9531809363812724;0.0171428571428571;0.0574958067023479
Unknown;0.4748705025899482;0.1439393939393939;0.2518108344428283
Unknown;0.2541149177016459;0.3054187192118227;0.4601555067948034
Unknown;0.3585928281434371;0.2982456140350877;-0.3366973241165064
Unknown;0.2797544049119018;-0.3866666666666666;-0.1707450517529879
Unknown;0.3121137577248455;-0.3333333333333333;-0.2659353956919863
Unknown;0.2309953800923981;0.4860853432282003;0.3715278883957657
Low;0.0171996560068798;0.6031746031746031;0.3559096947792827
Unknown;0.6849463010739785;0.3076923076923077;-0.1269004449493472
Medium;0.0075998480030399;0.6602564102564102;0.5047791664215413
Unknown;0.7141857162856743;0.1089743589743589;0.1682437490039579
Unknown;0.9041419171616568;0.0197044334975369;0.0265360270405414
Unknown;0.9329013419731604;0.4008438818565401;0.0506450557148685
Unknown;0.0033199336013279;0.7044025157232704;1.2567923540147403
Control;0.124717505649887;0.3529411764705882;0.5723923954490625
Unknown;0.0019199616007679;-0.2888888888888888;-2.090799109340828
Unknown;0.125597488050239;-0.2681159420289855;-1.0554268678200118
High;0.2257954840903182;0.3407407407407407;0.4884735830900053
Unknown;0.8998220035599288;0.1111111111111111;0.1054460025350916
Low;0.9076618467630648;-0.0797101449275362;0.135611103291604
Unknown;0.0079598408031839;-0.6086956521739131;-1.6790046797588871
Unknown;0.119437611247775;0.3422222222222222;0.4949266566545969
Control;0.1003979920401592;0.3174603174603174;0.4853526284153971
Unknown;0.6056278874422512;-0.3018867924528302;-0.1613955500106691
Low;0.4420711585768284;0.4271604938271605;-0.1972882001690557
Unknown;0.2950740985180296;0.1914893617021276;0.3337104309670239
Control;0.3342333153336933;0.1557971014492753;-0.3590570133308985
Unknown;0.4669106617867642;0.1517241379310344;0.2761763116754635
Unknown;0.3532329353412932;0.0217391304347826;-0.4005613952159671
Unknown;0.3207535849283014;0.3244444444444444;0.4703110028834932
Unknown;0.1451570968580628;0.2114942528735632;0.4378736736641629
Unknown;0.3110737785244295;0.5529411764705883;0.4737980637477488
Medium;0.2939141217175656;0.3015873015873015;0.3933515455049846
Unknown;0.6901061978760424;0.1489361702127659;-0.143743159182252
Unknown;0.3879922401551969;0.19921875;-0.4981715655269166
High;0.0005999880002399;0.6613924050632911;0.8978582743918915
Unknown;0.6081878362432751;0.04;-0.2114080920429238
Unknown;0.0241195176096478;0.4152046783625731;0.6126409520349679
Unknown;0.0376792464150717;-0.5362318840579711;-1.217352154907678
Unknown;0.368872622547549;0.2711111111111111;0.4370959405316373
Unknown;0.122837543249135;0.360774818401937;0.527339155974961
Unknown;0.3990720185596288;-0.1007462686567164;-0.3080611615804918
Unknown;0.2750744985100298;0.2272727272727272;-0.5330349213439922
Unknown;0.1605167896642067;-0.5069444444444444;-0.6863612417179671
Unknown;0.8108237835243295;-0.0833333333333333;0.2539085197025459
Unknown;0.0365992680146397;0.4496487119437939;0.8302332231170111
Unknown;0.7927041459170816;0.0138888888888888;0.1899259562516421
Control;0.0070398592028159;-0.680952380952381;-1.2007524093615642
Unknown;0.116357672846543;-0.7155555555555555;-0.8952397562529423
Unknown;0.0709985800283994;0.3047619047619048;0.5014223264344029
Unknown;0.5548289034219316;-0.2777777777777778;-0.087664980333243
Unknown;0.246035079298414;0.4232673267326732;0.3536427295524015
Unknown;0.1878362432751344;0.2666666666666666;0.5398857541685765
Unknown;0.9206615867682646;-0.0857142857142857;0.1099205892769191
Unknown;0.6175476490470191;0.1134751773049645;0.2360285914924309
Unknown;0.5837083258334833;0.0576441102756892;0.04790822927962
Control;0.9680206395872084;-0.02;0.0257082279473533
Control;0.9068218635627288;-0.1594202898550724;-0.0123731726455354
Unknown;0.7789844203115938;-0.0753246753246753;0.1708861757084053
Unknown;0.1375972480550389;0.2450532724505327;0.5103022854561059
Unknown;0.0026399472010559;0.625;0.6003385533382052
Unknown;0.2579148417031659;0.3098591549295774;0.2801895105381574
Unknown;0.9540609187816244;0.0070257611241217;0.0572017412543736
Unknown;0.0154396912061758;0.64;0.5399341705054316
Unknown;0.2005559888802223;0.2571428571428571;0.3657526228399383
Unknown;0.4602707945841083;0.2;0.3560636945200907
Control;0.0045199096018079;-0.4111111111111111;-1.7317950100135515
Unknown;0.6916661666766665;0.0428571428571428;-0.1266418523096599
Unknown;0.0867982640347193;0.3666666666666666;0.7650583067059028
Unknown;0.0014799704005919;0.6650246305418719;1.3762672756010128
Unknown;0.0271194576108477;-0.5615763546798029;-1.1305858968356883
Unknown;0.3154736905261894;0.1823899371069182;-0.5516316244097373
Unknown;0.4728305433891322;-0.3985507246376811;-0.2857172731470769
Unknown;0.3818323633527329;-0.3777777777777777;-0.3733042975865323
Unknown;0.5171496570068599;0.1428571428571428;0.2967044611001472
Unknown;0.9514609707805844;0.1028571428571428;0.1561027310371829
Unknown;0.8511029779404412;0.1925925925925926;0.1426153166487356
Control;0.0433191336173276;0.4693877551020408;0.2962949618827075
Unknown;0.0398392032159356;-0.3133333333333333;-1.4017959897553394
Unknown;0.0271194576108477;0.5476190476190477;0.7842065986037038
Unknown;0.0283594328113437;0.4697336561743341;0.7544824954917213
Unknown;0.8559428811423772;-0.0246913580246913;0.0970151599281051
Unknown;0.0001599968000639;0.9148936170212766;1.3459278066857567
Unknown;0.0080398392032159;0.6858974358974359;0.5828660639174639
Unknown;0.3141137177256455;-0.0857142857142857;-0.4472763247919038
Unknown;0.0601587968240635;-0.4377880184331797;-0.9004387206894997
Unknown;0.7837443251134977;0.1851851851851851;0.1386284620593515
Unknown;0.6775064498710026;0.0763888888888889;0.2009316679976121
Unknown;0.8035439291214176;-0.0666666666666666;0.2212564155116305
Unknown;0.237835243295134;0.1759036144578313;-0.4142297665062696
Unknown;0.4369112617747645;-0.1481481481481481;-0.3394443799244382
Unknown;0.0380392392152156;0.5641646489104116;0.6639996043937252
Low;0.9649807003859924;-0.0062893081761006;0.1219529083028516
Control;0.1443971120577588;0.0753246753246753;-1.0136703669586111
Unknown;0.6563068738625227;-0.0972222222222222;0.0574350933996095
Unknown;0.8016639667206655;0.0448717948717948;0.2226460465978173
Medium;3.999920001599968e-05;0.8503881439661256;1.4574399068065655
Unknown;0.0847183056338873;-0.16006600660066;-0.7592325229392932
Unknown;0.4119117617647647;-0.0068027210884353;-0.2664565887327627
Low;0.3006739865202696;-0.4705882352941176;-0.0318091969195741
Unknown;0.0003999920001599;0.6245791245791246;0.6698664677195172
Unknown;0.3221135577288454;-0.0070921985815602;-0.4307161868387398
Unknown;0.7779044419111618;0.0488888888888888;0.1457083298278367
Unknown;0.9182616347673046;-0.112781954887218;0.1366307173369805
Unknown;0.9405811883762324;0.1049382716049382;0.2055547450570746
Unknown;0.2112757744845103;0.1515151515151515;-0.9171365792859292
Unknown;7.999840003199936e-05;0.7561728395061729;0.8744640999124657
Control;0.25067498650027;0.0529100529100529;-0.4914677922560341
Unknown;0.0675986480270394;0.424;0.7692130480201465
Control;0.3316333673326533;0.1658856607310215;-0.3124460855239441
Control;0.2567948641027179;-0.1458333333333333;-0.626761818764389
Unknown;0.3879522409551809;-0.2978723404255319;-0.3461732358230002
Unknown;0.9395012099758004;-0.0701298701298701;0.0585905699089061
Control;0.114317713645727;0.3703703703703703;0.4758366418590071
Unknown;0.9161416771664568;0.0070921985815602;0.1185010976512262
Unknown;0.6748665026699466;0.1428571428571428;-0.0833760957662116
Unknown;0.507589848203036;-0.1205673758865248;-0.2776004890955236
Unknown;0.8851022979540409;0.4660421545667447;0.0031194087302888
Unknown;0.2159156816863662;0.272108843537415;0.4659531589557579
Low;0.2310753784924301;0.22;-0.6543085625576409
Unknown;0.8549029019419612;0.0068027210884353;0.1970039630142756
Unknown;0.0027999440011199;0.6739130434782609;0.4855450935826194
Unknown;0.0796784064318713;-0.5488721804511278;-0.8133043651067201
Unknown;0.9699406011879762;-0.1142857142857142;0.1378322675932339
Control;0.4772304553908922;0.2222222222222222;0.3271302531591046
Unknown;0.884182316353673;0.0592592592592592;0.1932157533533929
Unknown;0.6233875322493551;0.0925925925925925;0.2809214582127139
Low;0.0407591848163036;0.5597189695550351;0.7673657015482149
Unknown;0.4872302553948921;0.413953488372093;0.3684980327328175
Unknown;0.9346213075738484;0.1522248243559719;0.1014119868385138
Unknown;0.3385132297354053;0.2;0.3849957542993092
Unknown;0.7345053098938021;0.0072463768115942;-0.0820323175403886
Unknown;0.0031199376012479;0.7530864197530864;0.669087110110666
Control;0.0246795064098718;-0.4404761904761904;-1.930612712002152
Unknown;0.0663186736265274;-0.3843537414965986;-1.3243499225223567
Unknown;0.5343893122137557;-0.0592592592592592;-0.1583917471912796
Control;0.9230615387692246;-0.045045045045045;0.0162959444571554
Unknown;0.0003599928001439;0.8461538461538461;0.6687475320569886
Unknown;0.9068218635627288;0.1111111111111111;-0.0156721436002519
Unknown;0.0039199216015679;0.609375;0.5641704381876046
Unknown;0.1371972560548789;-0.4133333333333333;-0.7300652564823065
Unknown;0.0063998720025599;0.6235827664399093;0.7091746120178422
Low;0.0605587888242235;-0.1547619047619047;-0.7915549752828358
Unknown;0.0085998280034399;0.5169785169785169;0.6784371141937069
Unknown;0.6069078618427631;-0.0340136054421768;-0.1331880973085439
Unknown;0.1937161256774864;0.1257861635220125;-0.7391393352519806
Unknown;0.8983820323593528;-0.0277777777777777;0.0270652395871282
Control;0.7522649547009059;-0.0496453900709219;0.2307925477928435
Low;0.5204295914081718;0.0884353741496598;-0.3017067356714055
Unknown;0.0921581568368632;-0.2;-0.9724485454300796
Unknown;0.5490290194196116;0.0888888888888888;0.2452357777899217
Unknown;0.1495970080598388;0.3741496598639456;0.5936516453939292
Unknown;0.0158796824063518;0.6177777777777778;0.844158176749954
Unknown;0.0088798224035519;0.5786924939467313;0.6239313635632858
Unknown;0.5410291794164117;-0.2296296296296296;-0.2010598179861573
Unknown;0.0995580088398232;0.1598793363499245;0.4539811889565354
Medium;0.1321173576528469;0.0303030303030303;-0.7392720164580644
Unknown;0.4875502489950201;0.0597402597402597;0.2951314496084132
Unknown;0.1420771584568308;-0.037593984962406;-0.7987238705847386
Unknown;0.5219095618087638;-0.0857142857142857;-0.1751820809601057
Unknown;0.4709905801883962;0.0062893081761006;-0.2778460374400371
Unknown;0.0347993040139197;0.4535714285714285;0.4437646748616698
Unknown;0.5331493370132597;0.2040816326530612;-0.0267638169862399
Unknown;0.3301533969320613;0.2716049382716049;0.2971415521490514
Control;0.5329093418131637;0.0984848484848484;0.2585093083292914
Unknown;0.5413891722165557;-0.2013888888888889;-0.2355425482202834
Unknown;0.0824783504329913;0.2952380952380952;0.4752540191049502
Unknown;0.4771104577908441;-0.2622222222222222;-0.2234786340924775
Unknown;0.0517589648207035;0.5347222222222222;0.5186944871939912
Unknown;0.6055078898422032;0.0763888888888889;0.2517933996941117
High;0.5251494970100598;0.130281690140845;0.2345373597375902
Unknown;0.1396772064558709;0.4;0.6129080459974919
Low;0.2692346153076938;-0.4746543778801843;-0.4540594927055188
Unknown;0.0087998240035199;0.6274509803921569;0.7179631833869493
Unknown;0.4330313393732125;-0.0231481481481481;-0.2376041742927074
Unknown;0.0203995920081598;-0.5228758169934641;-1.2477446706704307
Control;0.1705565888682226;-0.0486111111111111;-0.9678764558056928
Unknown;0.1747565048699026;0.4276729559748428;0.4612500432531214
Unknown;0.0267594648107037;-0.4222222222222222;-1.5565360803846926
Unknown;0.3839123217535649;-0.4166666666666667;-0.3741206855173838
Control;0.3872722545549089;0.1921182266009852;0.3425065015761538
Low;0.3509929801403972;0.3514739229024943;0.3745456012761118
Unknown;0.0169996600067998;-0.7189542483660131;-1.5956633018250734
Unknown;0.1005979880402392;0.3866666666666666;0.6328150580520867
Unknown;0.0812383752324953;-0.4268292682926829;-0.62382393825774
High;0.4043519129617408;0.3185185185185185;0.2825930321267144
Unknown;0.2323553528929421;-0.4861111111111111;-0.093176036569824
Medium;0.7349053018939621;0.0663265306122449;0.1530197998482946
Unknown;0.4353912921741565;0.2083333333333333;0.344185737226557
Control;0.0030799384012319;0.7375886524822695;0.8068433700098923
Unknown;0.7425051498970021;-0.0895522388059701;-0.0374160274983894
Unknown;0.7891042179156417;-0.2027649769585253;0.2759874462008978
Unknown;0.0302393952120957;-0.1279887482419128;-0.9544668475617264
Unknown;0.0001599968000639;0.6447058823529411;0.9942689590777958
Unknown;0.0037599248015039;0.5698005698005698;0.528649750262589
Unknown;0.3313533729325413;0.2312925170068027;0.3804885028549357
Control;0.0379592408151837;0.5;0.7017818518130834
Unknown;0.0030399392012159;0.7006802721088435;0.8834851232097694
Control;0.0001599968000639;0.8333333333333334;1.3521276717804729
Unknown;0.977980440391192;-0.1282051282051282;0.0746631462554686
Unknown;0.0023199536009279;-0.6666666666666666;-1.5673193297554604
Unknown;0.4069118617627647;-0.3985507246376811;-0.3544152461424384
Unknown;0.0973180536389272;-0.3037037037037037;-0.8395331630102233
Unknown;0.2169156616867662;0.2198581560283688;-0.6281768300405177
Unknown;0.7923441531169376;0.04;0.1380805616329848
Unknown;0.6152676946461071;-0.2244897959183673;-0.1923833093251992
Unknown;0.3525929481410372;0.1739130434782608;0.4114456645347591
Unknown;0.8285434291314173;-0.0576441102756892;-0.0787383973946915
Unknown;0.2965940681186376;0.3333333333333333;0.3563868285592337
Unknown;0.4895502089958201;-0.3617021276595745;-0.2715715782372437
Unknown;0.4444711105777884;-0.3688888888888889;-0.2339794714210278
Unknown;0.9223815523689526;-0.2103174603174603;0.0918531429727156
Unknown;0.5974680506389872;-0.2;-0.2300932492170175
Unknown;0.248155036899262;-0.5283018867924528;-0.3458061026711012
Unknown;0.0115997680046399;0.5784543325526932;0.8285853728947676
Unknown;0.7639447211055779;0.0460048426150121;0.186300723041017
Unknown;0.4863502729945401;0.2219780219780219;0.249285075173023
Unknown;0.2865142697146057;0.1937984496124031;0.4398850389774657
Medium;0.1393972120557589;-0.1291291291291291;-1.0327070165604275
Unknown;0.0497590048199036;0.5347222222222222;0.5449252989781859
Unknown;0.5685886282274355;0.1580882352941176;0.2405615758117211
Unknown;0.1740365192696146;0.2816901408450704;0.4816482821519969
Unknown;0.3439131217375653;-0.3605442176870748;-0.3684676193496867
Control;0.1736365272694546;0.2777777777777778;0.5093451984680181
Unknown;0.1099978000439991;-0.1334894613583138;-0.8731275453722388
Unknown;0.0110797784044319;0.6811594202898551;0.9985714467225544
Unknown;0.9451010979780404;0.1733333333333333;0.0003679791234913
Unknown;0.4919501609967801;-0.02;0.2690480551873121
Unknown;0.3493530129397412;-0.1594202898550724;-0.407638665071046
Unknown;0.4394312113757724;-0.1985815602836879;-0.3297610049068503
Unknown;0.2034359312813743;0.375;0.4368851868762443
Unknown;0.3623527529449411;0.2;0.4212719064789458
Control;0.0294394112117757;0.4938271604938271;0.719531656446974
Unknown;0.3246335073298534;0.2;0.3266315860414824
Unknown;0.0083198336033279;0.5714285714285714;0.7967006354507856
Control;0.0364792704145917;0.4421768707482993;0.7497223110746106
Unknown;0.1773964520709585;0.2285714285714285;0.4006180731009151
Unknown;0.9280614387712246;-0.1048780487804878;0.0431772149949208
Unknown;0.496710065798684;-0.2962962962962963;-0.2030378286672383
Unknown;0.2161956760864782;0.3777777777777777;0.4309368744612296
Unknown;0.2696746065078698;-0.3955555555555555;-0.4763934382430118
Unknown;0.9619807603847924;-0.0448717948717948;0.0777302815986479
Unknown;0.1743565128697426;0.114074074074074;-0.7429948044634457
Unknown;0.1109177816443671;-0.1818181818181818;-0.865055269128957
Unknown;0.6136677266454671;-0.185501066098081;-0.1891021010691052
Unknown;0.5573488530229396;-0.0255102040816326;0.2836157582544623
Unknown;0.4029919401611967;0.2682926829268293;0.3915229703425811
Unknown;0.987740245195096;-0.1576923076923077;0.0611861111085099
Unknown;0.5125097498050039;0.1884057971014492;-0.2704022826435245
Unknown;0.8538629227415452;-0.1481481481481481;0.0021343835540442
Unknown;0.3266734665306693;0.2444444444444444;0.4610597487480249
Unknown;0.1570368592628147;0.3765432098765432;0.4305038968227105
Unknown;0.0031199376012479;0.6346153846153846;1.035763707734683
Unknown;0.0488390232195356;0.4107142857142857;0.6552615015636306
Unknown;0.2171156576868462;-0.5822222222222222;-0.1820011683329528
Unknown;0.9660606787864244;0.3244444444444444;0.0710607876547823
Unknown;0.9036619267614648;0.3358851674641148;0.1119066800156567
Unknown;0.0995580088398232;0.5037037037037037;0.7195870803076612
Unknown;0.0204795904081918;0.5380952380952381;0.846619554052214
Control;0.3867522649547009;-0.0434782608695652;-0.1989232949788398
Medium;0.6513869722605548;0.2046511627906976;0.2090374280695528
Unknown;0.1759564808703826;-0.1884057971014492;-0.6008954541300087
Unknown;0.876942461150777;0.0408163265306122;-0.0390021440785226
Medium;0.491230175396492;0.0718954248366013;0.3188580867136793
Unknown;0.5820283594328114;-0.2444444444444444;-0.0977097214826819
Control;0.0053598928021439;-0.625;-1.6218952700223306
Unknown;0.2509149817003659;0.201058201058201;0.3783071326242406
Unknown;0.6977060458790825;-0.0488888888888888;-0.1756507775629177
Control;0.7829843403131937;-0.0051020408163265;0.1973082794292401
Unknown;0.9813803723925522;0.1134751773049645;0.0288479013147612
Unknown;0.3287934241315173;0.1568627450980392;-0.4294667736242422
Unknown;0.0027199456010879;-0.6474358974358975;-1.69686066124778
Unknown;0.994580108397832;-0.1836734693877551;0.1608533432928279
Unknown;0.2848743025139497;0.2156862745098039;0.259607376809625
Unknown;0.0063998720025599;0.6477987421383647;0.9963729260837246
High;0.9589008219835604;0.0851063829787234;0.0360631381258908
Unknown;0.0151196976060478;0.5583333333333333;0.8092166670595957
Unknown;0.0248395032099358;-0.3985507246376811;-1.4952877118241918
Unknown;0.0612387752244955;0.4693877551020408;0.6887191599344509
Unknown;0.0049199016019679;0.6666666666666666;0.5176423330182548
High;0.7957840843183136;0.2287581699346405;0.1764456235915144
Control;0.1081978360432791;0.3933333333333333;0.3506985200538513
Unknown;0.5454290914181716;-0.0144927536231884;-0.2393830427359466
Unknown;0.0859582808343833;0.4326241134751773;0.7482875151733892
Medium;0.0830383392332153;-0.2030075187969924;-1.2106306192905998
Unknown;0.1638367232655347;-0.0128205128205128;-0.9163641444684244
Medium;0.0233195336093278;-0.308433734939759;-0.9253702123202074
Unknown;0.2080758384832303;-0.3955555555555555;-0.6237845542117327
Unknown;0.1364772704545909;0.3529411764705882;0.3925623692073068
Unknown;0.0968380632387352;-0.3764705882352941;-0.6245624835351047
Unknown;0.503589928201436;0.0566037735849056;0.3154872947016361
High;0.0501989960200796;-0.0763888888888889;-1.3592033561510355
Control;0.0004399912001759;0.7649769585253456;0.8452948032257434
Unknown;0.118197636047279;0.40625;0.7618998975715036
Unknown;0.7355852882942341;0.0244444444444444;0.1408337694264425
Unknown;0.0630787384252315;-0.4782608695652174;-0.8516037649289666
Unknown;0.1367972640547189;-0.0283687943262411;-0.829423138992665
Unknown;0.1119977600447991;0.375886524822695;0.6036041312230204
Unknown;0.862662746745065;-0.0444444444444444;0.202786064840935
Unknown;0.4643107137857243;-0.233201581027668;-0.2248520403545199
Low;0.3373132537349253;0.2179176755447942;0.387050445639691
Unknown;0.9453810923781524;0.1185185185185185;0.0909043154835301
Unknown;0.0001999960000799;0.8195488721804511;1.016635251561489
Unknown;0.1061178776424471;0.392156862745098;0.4579736169526437
Unknown;0.8489430211395772;0.0977443609022556;0.0991579107358789
Unknown;0.8275434491310174;0.2857142857142857;0.1903962128282517
Unknown;0.9761804763904722;-0.0577777777777777;0.1129423743952323
Unknown;0.3229935401291974;-0.2066666666666666;-0.4288868788193062
Low;0.1630367392652147;-0.0612244897959183;-0.995984166708993
Unknown;0.7635047299054019;-0.3111111111111111;-0.0003835439339471
Control;0.2093558128837423;0.36328125;0.2485046467742981
Unknown;0.5191896162076759;0.264;0.2462299466006937
Unknown;0.9422211555768883;0.08;0.1070563996324886
Unknown;0.2663946721065579;0.4710144927536231;0.4500975714030342
Unknown;0.1563568728625427;0.3333333333333333;0.5709620473757089
Unknown;0.4707105857882842;0.1111111111111111;-0.1723280715550798
Unknown;0.0016799664006719;0.7254901960784313;1.1605527023502271
Unknown;0.0235995280094398;0.4236111111111111;0.8819864216951382
Unknown;0.249795004099918;0.4609929078014184;0.4910484896835312
Unknown;0.8678626427471451;-0.0612244897959183;-0.0468485792018472
High;0.3387132257354853;-0.3129251700680272;-0.4046523960401568
Control;0.3785924281514369;0.1666666666666666;0.3829031967878561
Unknown;0.1761964760704785;-0.2133333333333333;-0.6314806380590009
Unknown;0.3245535089298214;-0.3333333333333333;-0.1863322934745982
Unknown;0.4358312833743325;-0.1116883116883116;-0.2975428747821489
Unknown;0.0003599928001439;0.75;0.770721205213968
Control;0.1880762384752305;0.4;0.575893827985072
Unknown;0.0083998320033599;0.6571428571428571;1.0373296144988615
Control;0.0006799864002719;-0.7222222222222222;-1.5361594055900758
Medium;0.0149997000059998;-0.3055555555555556;-1.4962832945946103
Control;0.2699146017079658;-0.0265151515151515;-0.4387550192139687
Unknown;0.1101977960440791;0.3510895883777239;0.4911186779093345
Low;0.0702344767694311;0.6376811594202898;0.5984596503209487
Unknown;0.3435131297374053;0.2266666666666666;0.430914876448335
Unknown;0.4933101337973241;0.0638297872340425;-0.2921545627337864
High;0.247115057698846;-0.2047619047619047;-0.4955151106871239
Unknown;0.0027599448011039;0.7163120567375887;0.6196004242411847
Control;0.0045999080018399;0.68;1.1496195976977794
Unknown;0.0173196536069278;0.4846153846153846;0.6198069043396567
Unknown;0.8903821923561529;-0.1376811594202898;0.1636681094334124
Medium;0.7736245275094498;0.0305958132045088;0.1465976998442454
Unknown;0.4551908961820763;0.1700680272108843;0.3315566471064117
Unknown;0.8145037099258015;0.0;0.022180897357907
Unknown;0.0353192936141277;0.5362318840579711;0.7422146867477505
High;0.9333813323733524;0.197037037037037;-0.0087838416524057
Unknown;0.9208215835683288;-0.1805555555555555;0.1247217182017696
Medium;0.742265154696906;0.2533333333333333;0.2395013239377994
Control;0.8030639387212256;0.0790123456790123;0.1055528385435157
Low;0.9308613827723444;0.3901918976545842;0.1080256819147768
Unknown;0.991660166796664;0.0074074074074074;0.1841779937732178
Unknown;0.0345593088138237;-0.4833333333333333;-1.1452494962183877
Unknown;0.6017079658406832;0.0972222222222222;0.2885559841166036
Unknown;0.0201595968080638;0.4795081967213114;0.5119006047424969
Medium;0.4090718185636287;0.4453627180899908;0.3030292983531928
Unknown;0.995380092398152;0.0486111111111111;0.011287338022436
Unknown;0.8153836923261535;0.0133333333333333;0.1687835957759063
Unknown;0.3939521209575808;0.2681159420289855;0.3446875161985072
Unknown;0.6639867202655947;-0.012531328320802;-0.0467548604678671
Unknown;0.6653066938661226;0.081967213114754;0.1917368895863803
Unknown;0.5343493130137398;-0.1843971631205673;-0.2490156943012405
Unknown;0.1703565928681426;-0.1388888888888889;-0.916360659731984
Unknown;0.0126397472050558;-0.3550724637681159;-1.765216146283242
Unknown;0.6473470530589388;-0.6153846153846154;-0.0520574726790783
Unknown;0.0018399632007359;-0.8321995464852607;-2.036667841258294
Unknown;0.4113117737645247;0.5335169880624426;-0.2357215755343105
Unknown;0.9071418571628568;0.1045751633986928;0.0243062449564927
Unknown;0.5581088378232435;0.1234567901234567;-0.1981801829089082
Unknown;0.0669586608267834;0.5333333333333333;0.5039096975681868
Low;0.4849503009939801;0.2038461538461538;0.2750621397347042
Unknown;0.0047199056018879;-0.5507246376811594;-1.4723305399544169
Unknown;0.0569988600227995;0.4519906323185012;0.3925906409561397
Unknown;0.2287154256914861;0.0295454545454545;-0.4147288491517133
Unknown;0.0083198336033279;0.5185185185185185;0.5538082961157559
Unknown;0.0110397792044159;0.5714285714285714;0.6983243558035254
Unknown;0.1365172696546069;0.3120567375886525;0.6287229708623309
Unknown;0.4556708865822683;0.1739130434782608;0.3241131995642007
Unknown;0.0002399952000959;0.7777777777777778;0.869375886604084
Control;0.0007599848003039;0.8983050847457628;0.5439981800097472
Unknown;0.9231415371692566;0.1762523191094619;0.0181450226748756
Unknown;0.0006799864002719;-0.75;-2.0176514296698
Low;0.0383592328153436;0.4561403508771929;0.747608428463229
Unknown;0.1719565608687826;0.0691823899371069;-1.1493208356197429
Control;0.3272734545309094;0.3428571428571428;0.3762731348296728
High;0.8937021259574809;0.2826086956521739;0.0944615824559925
Unknown;0.3007539849203016;0.0272108843537414;-0.4474586472595117
Unknown;0.6762264754704906;-0.1914893617021276;-0.0915781237738615
Low;0.5572688546229075;0.0459770114942528;0.2148248725493134
Unknown;0.8159436811263775;0.0074074074074074;0.1278903272089061
Medium;0.6116677666446672;-0.0129870129870129;0.2595281762760837
Low;0.0252394952100958;-0.562962962962963;-1.2819072880004343
Unknown;0.7597048059038819;0.0443548387096774;0.1805812314549642
Unknown;0.0824383512329753;-0.5032679738562091;-0.7951620170727675
Medium;0.0075998480030399;0.4674698795180723;0.7427035305444676
Unknown;0.3835523289534209;0.5102040816326531;0.3650201231468544
Unknown;0.8615427691446171;-0.1333333333333333;-0.0327803387145611
Medium;0.0115997680046399;0.4396825396825397;0.4267843988266357
Unknown;0.1035579288414231;0.4326241134751773;0.5283540662775968
Unknown;0.9429411411771764;0.0233766233766233;0.0734954719315983
Unknown;0.113517729645407;0.4130434782608695;0.634965224033819
Unknown;0.6704265914681706;0.1242138364779874;0.1632971990011378
Medium;0.0054798904021919;0.5056980056980057;0.8244760071217071
Unknown;0.8284634307313854;-0.0895883777239709;-0.0278794594973047
Unknown;0.0360792784144317;0.5686274509803921;0.6563121554276656
Unknown;0.2620747585048299;0.2444444444444444;0.5028877915178618
Unknown;0.5790284194316113;0.0486111111111111;0.2877593195990207
Unknown;0.2331153376932461;0.36;0.4360557812441928
Unknown;0.2248755024899502;0.2074074074074074;-0.912675562850359
Unknown;0.4690706185876283;0.1054852320675105;0.2469974473903509
Unknown;0.0720385592288154;0.2947761194029851;0.6029349718025762
Unknown;0.9678206435871284;-0.0776942355889724;0.0946400394482498
Unknown;0.7011459770804583;-0.3111111111111111;-0.0519789680894701
Unknown;0.503189936201276;0.04;0.3283804371497876
Unknown;0.8923421531569369;0.0217391304347826;0.108869647843513
Unknown;0.3166336673266535;0.2177777777777777;0.4245081548171544
Unknown;0.7964640707185856;-0.0335820895522388;0.1062753287943789
Unknown;0.7272654546909062;-0.116600790513834;-0.0782875978048396
Unknown;0.0117997640047199;0.6312056737588653;1.0228596501358818
Unknown;0.0009999800003999;0.632996632996633;0.7136755044758911
Unknown;0.3058738825223495;-0.0566037735849056;-0.4557853807328942
High;0.7901841963160737;0.1360544217687075;0.1284151472791749
Unknown;0.0656786864262714;0.0880503144654088;-0.995311308174382
Unknown;0.6318673626527469;-0.0544217687074829;0.2652376884203976
Unknown;0.6730665386692266;0.4313725490196078;0.2419126718585331
Unknown;0.0124144672531769;0.7413793103448276;0.5207510988121312
Low;0.0753584928301434;0.5639097744360902;0.6202855732102417
Unknown;0.115277694446111;-0.1703703703703703;-0.9540273782463516
Control;0.1741965160696786;0.2512315270935961;0.4835710681243708
Unknown;0.5991880162396752;-0.3522012578616352;-0.0648822928894469
Unknown;0.3797524049519009;0.3404255319148936;0.3925155836520637
Unknown;0.5302693946121078;0.0488888888888888;-0.2590218723490687
Unknown;0.0335593288134237;-0.4242424242424242;-0.9563885707849812
Low;0.0001199976000479;0.775175644028103;0.7110759963233846
Unknown;0.0375592488150237;0.5822222222222222;0.9220369920092988
Unknown;0.5439491210175796;0.0112359550561797;0.2439627715805054
Unknown;0.0774784504309913;0.4088669950738916;0.5789181781964575
Unknown;0.1755564888702226;-0.4666666666666667;-0.643333848371439
Unknown;0.0044799104017919;0.6029055690072639;1.0071069637935413
Unknown;0.3947121057578848;0.25;-0.4567420916309596
Unknown;0.3625527489450211;0.1026722925457102;0.2938718479055028
Unknown;0.4246715065698686;-0.4666666666666667;-0.3656892369830885
Unknown;0.1405571888562228;-0.2154195011337868;-0.6113946369595961
Unknown;0.0673586528269434;0.5111111111111111;0.5351989348635251
Unknown;0.1795164096718065;-0.3010204081632653;-0.6152321426407042
High;0.0333593328133437;-0.2925170068027211;-1.4226974438955635
Unknown;0.6085078298434031;0.0311111111111111;-0.2068228098762789
Unknown;7.999840003199936e-05;0.7623762376237624;0.9010322115787488
Unknown;0.3319533609327813;-0.6888888888888889;-0.441891027881915
Unknown;0.4712705745885082;-0.4444444444444444;-0.2984943183196406
Unknown;0.6753464930701386;0.2712765957446808;0.053408214012962
Unknown;0.3364732705345893;0.2083333333333333;0.3711377220324007
Unknown;0.3434731305373892;0.1733333333333333;0.4536601592027579
Unknown;0.0013599728005439;0.83;1.09323881114756
Unknown;0.1303973920521589;0.3688888888888889;0.2239976472854
Unknown;3.999920001599968e-05;0.8823529411764706;1.4008405209570614
Unknown;0.4824303513929721;0.1893939393939394;0.3337475794012827
Unknown;0.1978360432791344;0.2711111111111111;0.5842252405919048
Unknown;0.7614247715045699;-0.220125786163522;-0.0152252694426282
Low;0.0155596888062238;0.4885844748858447;0.7751140801499845
Unknown;0.9473810523789524;0.3953488372093023;0.1096633506896429
Unknown;0.9722605547889044;0.22;0.0260019847793115
Unknown;0.0002399952000959;-0.6884057971014492;-2.26006357961011
Unknown;0.0689186216275674;-0.3202614379084967;-1.1345403983087816
Unknown;0.99830003399932;-0.0337662337662337;0.0355533857876728
Control;0.0036799264014719;0.6933333333333334;1.2054850131287655
Unknown;0.0015599688006239;-0.6373239436619719;-1.635678726109009
Unknown;0.8490630187396252;0.0222222222222222;-0.0160492375750117
Unknown;0.0695586088278234;-0.3611111111111111;-0.7780053078667084
Unknown;0.0806383872322553;-0.0814814814814814;-0.9284611729779269
Unknown;0.1983160336793264;0.2592592592592592;0.5082193211412734
Unknown;0.2;0.5555555555555556;0.8050148801298681
Unknown;0.0189596208075838;0.6041666666666666;0.91023508497713
Unknown;0.7903841923161536;0.0899470899470899;0.1352889167304207
High;0.1513569728605427;0.3596059113300492;0.5578829053335878
Unknown;0.494670106597868;0.4199134199134199;-0.2105407274279997
Medium;0.1339173216535669;0.4222222222222222;0.5789696181223238
Control;0.1715565688686226;0.2952380952380952;0.5090319505508093
Unknown;0.0022399552008959;0.7569444444444444;0.6538604620311448
Unknown;0.4640307193856123;-0.2265625;-0.2554792097473488
Unknown;0.0451590968180636;0.4557823129251701;0.5682336694252504
Unknown;0.8422631547369053;-0.0970149253731343;0.0642302086578171
Unknown;0.6706665866682666;0.1904761904761904;0.205112947613554
Unknown;0.0433991320173596;0.4813186813186813;0.5991536222661993
Unknown;0.5880682386352273;0.0325581395348837;0.2847215547383301
Unknown;0.8647027059458811;-0.0138888888888888;0.2003814219838469
Unknown;0.0013199736005279;-0.8133333333333334;-2.0946487834032776
Unknown;0.4485910281794364;0.0074074074074074;-0.2675162399608523
Unknown;0.6105077898442031;0.2127659574468085;0.3135535773055106
Unknown;0.8217035659286814;0.2224824355971897;0.1425699121886813
Unknown;0.6680266394672106;-0.1377777777777777;-0.1991196012415942
Unknown;0.0125997480050399;0.5866666666666667;0.7465422465547498
Medium;0.8543429131417372;0.2959183673469387;0.0007500459607503
Low;0.0009599808003839;-0.8226950354609929;-1.7875212008459016
Low;0.0624387512249755;0.5246913580246914;0.7654050580681727
Unknown;0.0163596728065438;0.5272727272727272;0.7468632880558997
Unknown;0.1449971000579988;0.425531914893617;0.6513638040334833
Unknown;0.0505989880202395;0.5144927536231884;0.7954538258057042
Low;0.0263594728105437;0.5816993464052288;0.9378600537236216
Unknown;0.8828623427531449;0.2296296296296296;-0.0231017467563393
Unknown;0.0263594728105437;0.3788359788359788;0.3512915724039768
Unknown;0.0855582888342233;0.2179863147605083;0.3810391861838162
Unknown;0.0749585008299834;-0.2653061224489796;-1.100794170329939
High;0.0115597688046239;0.4574712643678161;0.7510903355135837
Unknown;0.4677106457870842;0.1045751633986928;0.289915693910822
Unknown;0.5174296514069718;0.1914893617021276;0.296154598981047
Unknown;0.4460710785784284;-0.1333333333333333;-0.2437248500439176
Unknown;0.5661486770264594;0.3680555555555556;0.2470977555767946
Unknown;0.2948741025179496;0.226950354609929;0.4096946404634888
Unknown;0.0081998360032799;0.4158415841584158;0.3854807620412901
Unknown;0.8711825763484731;0.0070588235294117;0.0382994953379748
Unknown;0.7881042379152416;0.0625;0.1501092130738127
Unknown;0.4519909601807964;0.2888888888888888;0.4259973727801843
Unknown;0.0307993840123197;0.4746376811594203;0.4669424696312454
Unknown;0.0453990920181596;-0.3197278911564626;-1.2040023158089788
Unknown;0.0248395032099358;0.4640522875816993;0.6353746042456976
Unknown;0.0014399712005759;-0.5806451612903226;-1.7259991203628764
Unknown;0.4100317993640127;-0.3695652173913043;-0.3464915410297829
Unknown;0.3668326633467331;-0.0579710144927536;-0.3987105313814232
Unknown;0.5225495490090198;0.0761904761904762;0.2872964739238799
High;0.1841563168736625;0.1911111111111111;-0.8457140449424778
Unknown;0.3049939001219975;0.2376543209876543;0.3657507281473627
Unknown;0.5463090738185237;-0.3144654088050314;-0.2386647424277294
Unknown;0.2631547369052619;-0.2898550724637681;-0.5053386500167937
Control;0.0936781264374712;0.4553191489361702;0.4881942214686455
High;0.8072638547229055;-0.0866666666666666;-0.09426077086295
Unknown;0.9115017699646007;-0.1388888888888889;0.0709184139824362
Unknown;0.5471490570188596;-0.36;0.0110617670668816
Unknown;0.7220655586888263;-0.2635658914728682;0.0613528488109225
Unknown;0.4533909321813564;0.1111111111111111;0.3355728565614514
Unknown;0.1828363432731345;0.3129251700680272;0.529718962493021
Unknown;0.2531949361012779;0.2355555555555555;0.4759469273408553
Unknown;0.7697846043079138;-0.0544217687074829;-0.0412860968230729
Unknown;0.0014799704005919;-0.62;-1.8327725909397103
Unknown;7.999840003199936e-05;0.8867924528301887;1.012303186129201
Unknown;0.6533069338613228;-0.4149659863945578;-0.018732246056342
Unknown;3.999920001599968e-05;0.8843283582089553;1.2806099877216754
Unknown;0.4585908281834363;-0.2411347517730496;-0.3080572934885533
High;0.9144217115657688;-0.0869565217391304;-0.0232058747868631
Unknown;0.0397192056158876;0.413953488372093;0.4825269647285336
Unknown;0.998060038799224;-0.0074074074074074;0.0534526386373904
Unknown;0.7294254114917702;-0.1142857142857142;-0.0458822568142026
Low;0.0002799944001119;-0.7098765432098766;-2.237576709960768
High;0.0548789024219515;-0.4666666666666667;-0.9455002475648592
Unknown;0.0086798264034719;0.5849056603773585;0.7837510395587395
Low;0.0754384912301754;-0.2736077481840194;-0.8671099703391716
Low;7.999840003199936e-05;0.7954022988505747;0.3681282343964314
Unknown;0.6382672346553069;0.0065359477124183;-0.1515569900865303
Unknown;0.4861102777944441;0.1703703703703703;0.3153057555308188
Control;0.379472410551789;0.1845238095238095;-0.3046914032769274
Unknown;0.7006259874802504;0.1333333333333333;0.2048967872477726
Unknown;0.0851582968340633;-0.3407407407407407;-0.8153067398203261
Medium;0.9245815083698324;0.0833333333333333;0.0670771357189764
Unknown;0.5475490490190196;0.1597222222222222;0.2985217584254406
Unknown;0.5889082218355632;-0.2026143790849673;-0.2107270486788676
Unknown;0.3418731625367492;-0.123076923076923;-0.3385632397646229
Unknown;0.4059918801623967;0.0327868852459016;0.3077546523405066
Unknown;0.992860142797144;-0.1322751322751322;0.0461068813995823
Control;0.7266254674906502;0.3061224489795918;0.1742759076188322
Unknown;0.0429191416171676;-0.4488888888888889;-1.1189517252851522
Unknown;0.1261174776504469;-0.3481481481481481;-0.7437914913542956
Unknown;0.752544949101018;0.0311111111111111;0.1807784018702572
Unknown;0.0111597768044639;0.5390070921985816;0.9952969863914808
Unknown;0.863582728345433;0.0428571428571428;0.0404041815649046
Unknown;0.0497190056198876;0.4791666666666667;0.8314825493620638
Control;0.488310233795324;-0.1729323308270676;-0.2335304616077095
Unknown;0.3991520169596608;0.5;0.3845607302726764
Unknown;0.3067138657226855;0.2318840579710145;0.2694465860623073
Medium;0.0290794184116317;0.3377723970944309;0.5378360984792099
Unknown;0.9035819283614328;-0.2101449275362318;0.0018426492715411
Unknown;0.759744805103898;0.174025974025974;0.1476617251742506
Medium;0.0013599728005439;0.5951293759512938;0.8536180542400209
Unknown;0.630507389852203;0.1041666666666666;0.2440751396052355
Medium;0.3438331233375332;0.4174917491749175;0.2854335716947226
Unknown;0.4352312953740925;0.2830188679245283;0.3390794004385036
Unknown;0.9351012979740404;-0.0663265306122449;0.0366203337951584
Unknown;0.3783124337513249;0.144927536231884;0.3865788858678546
Unknown;0.0940781184376312;0.0933333333333333;-0.9996642556407688
Unknown;0.5807483850322993;-0.04;-0.2158006044432885
Unknown;0.0208795824083518;0.543778801843318;0.7824247256973854
Unknown;0.1747965040699186;0.3;0.4841823605571978
Medium;0.876742465150697;-0.1821862348178137;0.1306514337745122
Unknown;0.3378332433351333;0.1746031746031746;0.3690995490510119
Unknown;3.999920001599968e-05;0.8452883263009845;1.2908253352281904
Unknown;0.0198396032079358;0.1428571428571428;-1.5904355041737022
Unknown;0.0339993200135997;0.4927536231884058;0.4273789051153835
Unknown;0.4004719905601888;-0.6444444444444445;-0.2501315462315314
Control;0.114717705645887;-0.1699346405228758;-1.101463329862496
Unknown;0.7002259954800903;0.1866666666666666;0.1987133042685385
High;0.0529189416211675;0.5031446540880503;0.6424598112817844
Unknown;0.7399852002959941;-0.1014492753623188;-0.1136299020972517
Unknown;0.9139817203655928;-0.0591549295774647;0.052550742478501
Unknown;0.4480310393792124;0.2517006802721088;0.3022403144295548
Unknown;0.5206295874082518;-0.1198156682027649;-0.2492436928394565
Unknown;0.3779524409511809;-0.1728395061728395;-0.3804171467705883
Unknown;0.5841883162336753;0.2469135802469135;-0.1452738656234409
Unknown;0.0336393272134557;0.54;0.8813462035394857
Unknown;3.999920001599968e-05;0.7585733882030178;1.2072651408910224
Low;0.5435091298174036;-0.1925925925925926;-0.2525097284899873
Unknown;0.8461030779384412;-0.0857142857142857;0.1962870831681605
Unknown;0.7530649387012259;-0.0144927536231884;-0.07473368248168
Unknown;0.0006799864002719;-0.6231884057971014;-1.9450109708971788
Unknown;0.6913861722765545;-0.2355555555555555;-0.159166856949849
Unknown;0.0923181536369272;0.4309133489461358;0.6064398814565545
Unknown;0.0040799184016319;0.74;0.7773841397497232
High;7.999840003199936e-05;-0.8594104308390023;-2.959689437335129
Unknown;0.0057998840023199;0.6714285714285714;0.6281394741995521
Unknown;0.0095998080038399;0.4469696969696969;0.8410296378566207
Unknown;0.7315053698926022;-0.1911764705882352;-0.0759553085498912
Unknown;0.3959520809583808;0.0902777777777777;0.2495036506171518
Low;0.0009599808003839;0.7230769230769231;1.131795414074407
Unknown;0.6559068818623628;0.0077922077922077;0.2259008313347212
Unknown;0.9708605827883442;0.1533333333333333;0.1896134968241709
Unknown;0.0105997880042399;0.6018735362997658;0.7702667713707982
Unknown;0.3361532769344613;0.3402777777777778;0.372570966453435
Unknown;0.7204655906881863;0.0444444444444444;0.2371178654574959
Unknown;0.9550208995820084;-0.0676691729323308;0.1049389381649096
High;0.988220235595288;0.0311111111111111;0.0009038659544049
Unknown;0.0218795624087518;0.5555555555555556;0.6975348802865592
Unknown;0.1941561168776624;0.2276119402985074;0.4556222897563699
Unknown;0.9413411731765364;0.0170731707317073;0.0468136594520798
Medium;0.7425051498970021;0.2222222222222222;0.16858818856008
Control;0.1797564048719025;0.1346153846153846;-0.8216081802837693
Unknown;0.0019199616007679;0.7659574468085106;0.9319945416529668
Unknown;0.8223435531289375;0.05;0.0065243364597061
Unknown;0.115557688846223;-0.4202898550724637;-0.7641722656192577
Unknown;0.8256634867302654;0.2;0.1968888544964555
Low;0.0119597608047839;0.5253456221198156;0.7652962410034039
Unknown;0.8247835043299134;0.2444444444444444;0.1699005898447876
Unknown;0.0047999040019199;0.51953125;0.5742767550884288
Unknown;0.4234315313693726;0.1555555555555555;0.3599352714590003
Unknown;0.1568768624627507;0.3159722222222222;0.5474748928132157
Unknown;0.1373172536549269;-0.5072463768115942;-0.7346720543608304
Unknown;0.4678306433871322;0.2063492063492063;0.2979135538785077
Unknown;0.627667446651067;-0.0746268656716417;-0.0705349580356022
Unknown;0.5673086538269234;0.065359477124183;0.2956395546775098
Unknown;0.118717625647487;0.3851851851851852;0.5815568411756064
Unknown;0.5811883762324753;0.2026143790849673;0.3026818623710832
Unknown;0.6802263954720905;-0.181159420289855;-0.094887779834419
Unknown;0.0077998440031199;0.5291005291005291;0.9676303512608092
Low;0.8364632707345853;0.0059523809523809;-0.0302908866614841
Unknown;0.4691906161876762;-0.1944444444444444;-0.2689609307711865
Unknown;0.4540309193816124;0.1159420289855072;0.2334364938372586
Unknown;0.4335913281734365;-0.1733333333333333;-0.3598752445728
Unknown;0.3835923281534369;0.1900584795321637;0.3021499952615277
Unknown;0.8769024619507609;-0.1037037037037037;0.0981785126564011
Unknown;0.3995920081598368;-0.5035460992907801;-0.2231704966373584
Unknown;0.0209195816083678;-0.2755102040816326;-1.2143920553336751
High;0.997980040399192;0.0251572327044025;0.1292832447720214
Unknown;0.370352592948141;0.196078431372549;0.2981557458264269
Unknown;0.0951980960380792;0.4148148148148148;0.6563986804987446
Unknown;0.2596348073038539;-0.0208333333333333;-0.5582388554346482
Unknown;0.1751564968700626;-0.3142857142857143;-0.6073116028607396
Unknown;0.631907361852763;-0.1437908496732026;-0.086384156379365
Unknown;0.24807503849923;-0.7619047619047619;-0.6391952073918339
Medium;0.5129897402051959;0.3255813953488372;0.2303757213013206
Unknown;0.7413051738965221;-0.2518518518518518;-0.1011090377077454
Unknown;0.4015119697606047;-0.1625615763546798;-0.2965800959257256
Unknown;0.0194396112077758;0.5653846153846154;0.669626093490781
Unknown;0.6138677226455471;-0.2564102564102564;-0.0412902002746575
Unknown;0.2353552928941421;0.2995391705069124;0.3869075908777528
Unknown;0.8560628787424251;-0.1083743842364532;0.1145799045446328
Control;0.0300793984120317;0.4901960784313725;0.8650768720955158
Unknown;0.6790264194716106;-0.2779220779220779;-0.0840096775292662
Unknown;0.6585868282634347;-0.2083333333333333;-0.1268542100031564
Unknown;0.0072798544029119;0.6238095238095238;0.7932820506263886
Unknown;0.7789444211115778;-0.0198412698412698;-0.0513158056184801
Unknown;0.6448671026579469;-0.2198581560283688;-0.0710131531374712
Low;0.6272674546509069;0.2767295597484276;0.2457799622414478
Unknown;0.1788364232715345;-0.5471698113207547;-0.6201733890917677
Control;0.0161996760064798;-0.2619047619047619;-1.17066803072183
Control;0.1497970040599188;-0.0737327188940092;-0.7671240943760804
Low;0.0022399552008959;0.6033755274261603;1.0659938688126256
Low;0.122517549649007;0.2835820895522388;0.5506979602077007
Unknown;0.4917101657966841;0.14;0.318688245854075
Unknown;0.6744665106697866;-0.0383720930232558;0.1677753795848112
Unknown;0.3904721905561888;0.1530612244897959;0.3626813105943924
Unknown;0.3039539209215816;0.2610062893081761;0.4485317039012958
Control;0.1387572248555029;0.0;-1.1240115510669328
Unknown;0.4789104217915642;-0.4962962962962963;-0.0668324333955215
Unknown;0.2204755904881902;-0.2564102564102564;-0.5541451641727299
Unknown;0.0066398672026559;0.4652777777777778;0.7877977993612748
Control;0.0163596728065438;0.6291793313069909;0.7339588506864928
Unknown;0.5516689666206676;-0.3006535947712418;-0.0181541603432373
Low;0.1429571408571828;-0.0529100529100529;-0.8061890765848159
Unknown;0.0009999800003999;0.7040816326530612;0.6017341636358295
Unknown;0.1873562528749425;0.3459119496855345;0.4641240742213582
Unknown;0.0497590048199036;0.4088669950738916;0.6241209001486998
Control;0.1618767624647507;-0.04;-1.1575596895757363
Unknown;0.0084398312033759;0.6296296296296297;0.7034234443063399
Low;0.2091958160836783;0.3842364532019704;0.4933278238138853
Unknown;0.5641487170256595;-0.0765306122448979;-0.1921033632212187
Unknown;0.0033199336013279;0.5161812297734628;0.5210322675730196
Unknown;0.1363572728545429;0.3333333333333333;0.5158466918641987
Unknown;0.3552328953420932;-0.3541666666666667;-0.4027116647056524
Control;0.2673146537069258;0.2243589743589743;0.4320183191263221
Unknown;0.0013999720005599;0.6935064935064935;0.9651739281964846
Medium;0.9390612187756244;0.3662337662337662;0.0142690616065194
Unknown;0.8903421931561368;-0.2711111111111111;-0.0019103231731007
Unknown;0.0537189256214875;0.3432343234323432;0.5648630985011485
Unknown;0.0281994360112797;0.67;0.5963173812452752
Unknown;0.2239955200895982;0.2486772486772486;0.4858921667056539
Unknown;0.0243595128097438;0.5416666666666666;0.7117657632669409
Control;0.7959440811183777;-0.0138888888888888;0.1539601949891623
Unknown;0.1481970360592788;0.2964285714285714;0.5109646716789455
Unknown;0.0112797744045119;0.5298507462686567;0.7244444829060832
Unknown;0.5460690786184277;0.072072072072072;0.3137084237614339
Control;0.1095578088438231;0.4423076923076923;0.6731393405519693
Medium;0.0003999920001599;0.6584967320261438;1.0251444563654886
Unknown;0.0823583528329433;-0.2908163265306122;-0.7783094562550568
Medium;0.0649587008259834;-0.4925373134328358;-0.7799945644480725
Low;0.0946781064378712;0.4654088050314465;0.7015039426846933
Unknown;0.5893882122357553;-0.181159420289855;0.0331351267259785
Unknown;0.0883582328353432;0.4130434782608695;0.7092677092667254
Unknown;0.3487530249395012;0.2352092352092352;0.2584004721541046
Medium;0.1904761904761904;0.2866666666666667;0.5532803108321782
Unknown;0.9625407491850164;-0.0025974025974025;0.1233713844005446
Unknown;0.6427471450570988;-0.1733333333333333;-0.1198719706800394
Unknown;0.6343473130537389;0.320754716981132;0.2275313237665613
Unknown;0.0010399792004159;-0.7976190476190477;-1.5374892045057942
Low;0.3824723505529889;0.4821428571428571;-0.3099510211081661
Low;0.0803183936321273;0.475;0.3767897440414984
High;0.3083138337233255;0.2365591397849462;0.4088641044535859
Unknown;0.5872282554348913;0.1632653061224489;0.2573959779864597
Unknown;0.0357192856142877;0.5822222222222222;0.8699367830387645
Unknown;0.0499190016199676;-0.3259259259259259;-1.3237475894806532
Unknown;7.999840003199936e-05;0.8380952380952381;1.1010009270213448
Unknown;0.0619987600247995;0.3727272727272727;0.5583660679160901
Unknown;0.0006399872002559;0.5936507936507937;0.4967762447988703
Unknown;0.0933581328373432;-0.4113475177304964;-0.8179433622308249
Low;0.0001999960000799;0.8415492957746479;0.992057569974538
Unknown;0.4890302193956121;0.167910447761194;-0.1375827270177736
Medium;0.8037839243215136;0.3326673326673326;-0.0423437455638257
Unknown;0.6343873122537549;-0.1088435374149659;-0.1960380341207757
Unknown;0.9525409491810164;-0.0952380952380952;0.1325534575970577
Unknown;0.2765944681106378;0.0788177339901477;0.4414355390011076
Unknown;0.6527869442611148;-0.0133333333333333;-0.1365671830584617
Unknown;0.6114677706445871;0.1746031746031746;0.2405343320727001
Unknown;0.9314213715725684;0.0486111111111111;-0.0015782596333225
Unknown;0.9018219635607287;0.0425531914893617;0.1894605114850664
Unknown;0.0103597928041439;0.6613756613756614;0.7421104266190485
Unknown;0.0525589488210235;0.5102040816326531;0.8018876621269277
Unknown;0.238435231295374;-0.3703703703703703;-0.5562684387819745
Unknown;0.0415591688166236;-0.5733333333333334;-1.3020797905861123
Unknown;0.0025999480010399;0.6918238993710691;0.6826301610505813
Unknown;0.6543869122617547;0.5;0.224417186401777
Control;0.1454370912581748;0.2384615384615384;0.5077885577757831
Unknown;0.620707585848283;0.0925925925925925;0.2179381601534578
Control;0.0241595168096638;0.4968553459119497;0.9704158480097388
Unknown;0.9210215795684086;0.5451388888888888;0.0153542508269555
Unknown;0.753904921901562;-0.1034482758620689;-0.0147498611790484
Unknown;0.5819883602327953;0.0753246753246753;0.2255468853720601
Unknown;0.0197996040079198;-0.4397163120567376;-1.2374123341844705
Medium;0.0694786104277914;0.6530612244897959;0.5886806823021832
Unknown;0.3611527769444611;0.1458333333333333;0.4029299381010815
Control;0.4171516569668607;0.2645502645502645;0.3499787723702062
Unknown;0.238435231295374;0.3245614035087719;0.5007062291279566
Unknown;0.0023999520009599;0.74;1.0244550804797723
Unknown;0.0401991960160796;0.492063492063492;0.5295950092733782
Low;0.3261534769304614;0.2888888888888888;0.2678183294927816
Unknown;0.2009159816803664;-0.1528822055137844;-0.5393167289354214
Unknown;0.2223155536889262;0.4975369458128079;0.4306744838084188
Control;0.0152796944061118;0.5531914893617021;0.850423280195114
Low;0.0075598488030239;0.6368038740920097;1.114041849539812
Low;0.6482670346593068;0.4619047619047619;0.2044796132785262
Unknown;0.1536369272614547;0.266798418972332;0.3725218015343032
Low;0.121357572848543;-0.3445850914205344;-0.59034987978968
Unknown;0.0216795664086718;0.5636363636363636;0.8219959739127638
Unknown;0.2616347673046539;-0.36;-0.4977504198129574
Unknown;0.0123997520049599;0.5806451612903226;0.9221476321485892
Control;0.0109197816043679;0.0049950049950049;-1.1724839933712383
Unknown;0.3151536969260615;0.2666666666666666;0.4269779377660019
Unknown;0.9335413291734164;-0.1937984496124031;0.0661066884099638
Control;0.499990000199996;0.05078125;0.2779994107637061
Unknown;0.9163016739665206;-0.2777777777777778;0.1477549392127447
Unknown;0.1992360152796944;0.2753623188405797;0.5540724129384963
Low;0.4195916081678366;0.1347517730496454;-0.0883482509859918
Unknown;0.0037999240015199;0.7006802721088435;0.8993831137626848
Unknown;0.6643467130657387;0.02;0.2199357982861119
Unknown;0.9543409131817364;-0.1285714285714285;0.0759322306339317
Unknown;0.5660686786264275;-0.1089588377723971;-0.2121409288363878
Unknown;0.9671806563868722;-0.0972222222222222;0.0850700065137466
Unknown;0.0434791304173916;0.4871794871794871;0.6450293060448357
Medium;0.4540709185816283;0.0666666666666666;-0.3232004236643203
Unknown;0.634987300253995;0.0113378684807256;0.2413127247671319
Unknown;0.0109597808043839;-0.5555555555555556;-1.7198486488023248
Unknown;0.4287914241715165;0.1267281105990783;0.3126756072552193
Unknown;0.5719085618287634;-0.0512820512820512;-0.0335361030075806
Unknown;0.4458310833783324;0.1914893617021276;0.3280982990989418
Control;0.4431511369772604;0.4565217391304347;0.2476890979014215
Unknown;0.0173596528069438;0.6066666666666667;0.5350308814902515
Unknown;0.5327893442131157;0.0044444444444444;0.3588632451330554
High;0.5555088898222036;-0.162907268170426;-0.2255408361998598
Unknown;0.0713985720285594;0.3765432098765432;0.5150565941968264
Control;0.5721085578288434;0.217391304347826;0.2574455936402028
Unknown;0.741345173096538;-0.1037037037037037;-0.0964282923172814
Unknown;0.2643547129057418;0.285;0.3080943887768507
Unknown;0.5297494050118997;0.2466666666666666;-0.211340188881936
Unknown;0.74382512349753;0.1331719128329297;0.195853435154888
Unknown;0.0131997360052798;0.3597359735973597;0.5331993389119616
Unknown;0.9408211835763284;-0.0175438596491228;0.1018537302267579
Control;0.2030359392812143;0.1111111111111111;-1.1090827228257718
Unknown;0.5454290914181716;0.075268817204301;0.2288131545961466
Unknown;0.4141917161656767;0.2987012987012987;-0.3942163719347824
Unknown;0.0008399832003359;0.746031746031746;0.6735765191253771
Control;0.0093998120037599;0.5619047619047619;0.6120037992314927
Unknown;0.4349513009739805;0.1844155844155844;0.2656988952262418
Unknown;0.8639427211455771;-0.0816326530612244;0.1660786529074878
Unknown;0.0149997000059998;0.5957446808510638;0.9050840926535076
Medium;0.0178796424071518;-0.0196078431372549;-1.4995701485146835
Unknown;0.6787064258714826;-0.1724137931034483;-0.1096400874838901
Unknown;0.3471530569388612;0.2315270935960591;0.3483553266736362
Unknown;0.0232795344093118;0.4975369458128079;0.7742165596485836
High;0.0075598488030239;0.6666666666666666;1.107893538929515
Unknown;0.5953880922381553;0.0222222222222222;0.3259988519971887
Unknown;0.3904321913561728;0.2138364779874214;0.3750900421741072
Unknown;0.7270254594908102;-0.1381733021077283;-0.0969669798181383
Unknown;7.999840003199936e-05;-0.9113300492610836;-3.0683790245788405
Unknown;0.6403871922561549;-0.3401360544217687;0.0574246956437268
Unknown;0.120477590448191;0.4654088050314465;0.512822307462732
Control;0.2227555448891022;0.1528822055137844;-0.5074528945067636
Unknown;0.9181416371672566;0.1523809523809524;0.0768157739068011
Unknown;0.4003119937601248;-0.2695035460992908;-0.3559110217806642
Unknown;0.9360612787744244;0.2536231884057971;0.0903051117279313
Unknown;0.5423891522169556;-0.1282051282051282;-0.2551752561105808
Unknown;0.0035199296014079;0.8311111111111111;0.3862392051786016
Unknown;0.5549089018219635;0.1325581395348837;0.2129296963449349
Unknown;0.8851422971540569;0.0780141843971631;-0.0244994925161652
Unknown;0.8062638747225056;0.0070257611241217;-0.0569836287888129
Unknown;0.0003199936001279;0.7288135593220338;0.3434674938054077
Unknown;0.376152476950461;0.4296296296296296;0.3256720677868473
Unknown;0.986980260394792;-0.0784313725490196;0.0378412663033332
Unknown;0.1736765264694706;-0.5377777777777778;-0.7099673325296588
High;0.8992620147597048;-0.0942028985507246;0.1698980093818631
Unknown;0.2607547849043019;-0.3018867924528302;-0.496091290783034
Unknown;0.750264994700106;0.0277777777777777;-0.0588685254277436
Unknown;0.3920321593568128;-0.0605326876513317;-0.1500193732904265
Control;0.0001999960000799;0.8639455782312925;1.1987461639254935
Unknown;0.0061998760024799;-0.6382978723404256;-1.3417239709752309
Unknown;0.9063018739625208;-0.0575190575190575;0.123566749350826
Unknown;0.1122377552448951;0.3178294573643411;0.5929482949344091
Unknown;0.0780384392312153;0.4337662337662337;0.5245489431082951
Unknown;0.0745585088298234;-0.3333333333333333;-1.0259795398188627
Unknown;0.8346233075338493;0.375;0.1645726533320175
Low;0.0415191696166076;-0.3317191283292978;-1.222940733530767
Unknown;0.0449591008179836;0.4423963133640553;0.4547108550631738
Low;0.4631107377852443;0.0952380952380952;0.3901530886751573
Unknown;0.1384372312553748;-0.4468085106382978;-0.7005021924208741
Unknown;0.0692786144277114;0.4857142857142857;0.4809244231277698
Unknown;0.1692766144677106;-0.5289855072463768;-0.6743659845697373
Unknown;0.2844743105137897;-0.032051282051282;-0.4742143626931606
Unknown;0.2114757704845903;0.3555555555555555;0.5525267936087135
Low;0.8509829803403932;0.3680555555555556;0.1505180182435679
Unknown;0.8180636387272254;-0.0869565217391304;0.0471320408349133
Low;0.2815543689126217;0.2583333333333333;0.3784766666575651
Unknown;0.5911881762364752;-0.3481481481481481;-0.0940138090928419
Unknown;0.5543889122217556;0.0289855072463768;-0.228629977272282
Low;0.5973480530389392;-0.25;-0.2040943079930031
Unknown;0.0897182056358872;0.4012345679012346;0.5816340837175618
Control;0.0395992080158396;0.5686274509803921;0.563823590629786
Unknown;0.0217995640087198;0.4850746268656716;0.7788519877083773
Unknown;0.0009599808003839;0.6287081339712919;0.4047200858130204
Control;0.0492790144197116;-0.4081632653061224;-1.0195219570989902
Unknown;0.0061598768024639;0.6521739130434783;0.6016058562711731
Unknown;0.6435871282574348;-0.1904761904761904;-0.1601876936978059
Unknown;0.4883902321953561;0.1020408163265306;0.2282864763087054
Unknown;0.6145477090458191;-0.2222222222222222;0.0415191899338961
Control;0.8889822203555929;0.0733333333333333;-0.0284448733099435
Unknown;0.125037499250015;0.3472222222222222;0.4433922665420386
Unknown;0.0003199936001279;0.6936936936936937;0.6440048983399472
Unknown;0.4641107177856443;-0.2486772486772486;-0.2049549250650862
Unknown;0.0969180616387672;0.0277777777777777;-1.059814635232843
Unknown;0.0051198976020479;-0.8627450980392157;-1.7592554432176677
Unknown;0.1096378072438551;-0.2315270935960591;-1.1567787708384454
Unknown;0.0076398472030559;-0.4844444444444444;-1.9461729405027832
Unknown;0.4058318833623328;0.12;-0.2419153980668749
Unknown;0.2591148177036459;-0.3407407407407407;-0.5078399890243277
Unknown;0.2922341553168937;0.2340425531914893;0.3432024660966845
Unknown;0.0249995000099998;0.6464891041162227;0.554261266288686
Unknown;0.9754604907901842;0.1481481481481481;0.0214868519358876
Unknown;0.1869562608747825;0.2368421052631578;0.4807076709657777
Low;0.074025974025974;0.6140350877192983;0.7076422050252066
Low;0.0095998080038399;-0.6658595641646489;-1.4532833210972254
Unknown;0.0075198496030079;0.5212620027434842;0.575948298193041
Unknown;0.2598348033039339;0.2251815980629539;0.4513335648336469
Control;0.2118357632847343;0.1376623376623376;-0.9689859427429546
Control;0.0621187576248475;0.4576271186440678;0.6183856473316063
Unknown;0.0225195496090078;0.5157384987893463;0.7113007978174183
Low;0.6730265394692106;0.1702898550724637;0.16911931337027
Unknown;0.0046799064018719;0.6076388888888888;0.9250634484389502
High;0.0077998440031199;0.5792207792207792;0.8116404718382917
Unknown;0.2591548169036619;-0.3856209150326797;-0.5190608407236468
Unknown;0.9034619307613848;0.0125786163522012;0.112279218878391
Unknown;0.3381932361352773;-0.08984375;-0.3522443054649047
Unknown;0.0774784504309913;0.4004683840749414;0.4382185090029055
Unknown;0.0079998400031999;0.6736111111111112;0.8393885295851812
Unknown;0.4308313833723325;0.2916666666666667;0.341042823094162
Unknown;0.5288045288045288;-0.16;-0.3819445826944396
Unknown;0.0004799904001919;0.7392857142857143;0.3396378854325206
Unknown;0.2137157256854863;0.282051282051282;-0.6932063793823197
Unknown;0.0097598048039039;0.5738498789346247;0.628610899773894
Unknown;0.0003999920001599;-0.6049382716049383;-2.40728058210877
Unknown;0.756544869102618;0.032258064516129;-0.0959463793799166
Medium;0.0665986680266394;-0.4133333333333333;-1.0090848140278372
Unknown;0.8152636947261055;-0.1347517730496454;-0.0475667442965155
High;0.0137197256054878;0.5;0.8451990439656004
Unknown;0.0876382472350553;0.3637747336377473;0.4911249791192535
Unknown;7.999840003199936e-05;0.8827160493827161;1.237666465974098
Unknown;3.999920001599968e-05;0.819971870604782;1.0743243610446442
Unknown;0.5973480530389392;-0.1515151515151515;0.0102661409361267
Unknown;0.0142397152056958;0.6782608695652174;0.6184277721458304
Unknown;0.0011199776004479;0.7692307692307693;0.9781266251086028
Unknown;0.984580308393832;-0.0256410256410256;0.0286243249672588
Unknown;0.0439991200175996;0.4710144927536231;0.834974811531889
Unknown;0.1311173776524469;-0.270440251572327;-0.6774911215692729
Unknown;0.2796344073118537;-0.6266666666666667;-0.52123649354853
Unknown;0.116797664046719;-0.5238095238095238;-0.7172004191460686
Unknown;0.1717565648687026;0.3194444444444444;0.4971193663631502
Unknown;0.2081558368832623;0.2818181818181818;0.5253445906474765
Unknown;0.3061938761224775;-0.4680851063829787;-0.4656320354150919
Control;0.1653166936661266;0.2681704260651629;0.5358823559342852
Unknown;0.4497510049799004;0.2681159420289855;0.3315158601420515
Unknown;0.0062798744025119;0.5679012345679012;0.9627674487723932
Unknown;0.0053198936021279;0.4992592592592592;0.6719939404004693
Unknown;0.1895962080758385;-0.0652173913043478;-0.7531616537862474
Unknown;0.0084798304033919;0.6028368794326241;0.772633596855614
Unknown;0.0644387112257754;0.3979591836734694;0.6693645054027337
Control;0.1518769624607507;0.4722222222222222;0.5504694501389428
Unknown;0.1528369432611347;0.2681704260651629;0.4803091730625204
Unknown;0.5998680026399472;-0.015625;0.219744051808853
Unknown;0.6190476190476191;0.1111111111111111;-0.4786367263892748
Unknown;0.624547509049819;-0.3111111111111111;-0.1033113624024139
Unknown;0.1587168256634867;0.2391304347826087;0.4627338810083691
Unknown;0.2327153456930861;0.36;0.4256554998097966
Unknown;0.0767584648307033;0.3934837092731829;0.6667071085081033
Unknown;0.5705885882282354;0.3743842364532019;0.2510785449517537
Unknown;0.0057998840023199;0.6602564102564102;0.9659595386323768
Unknown;0.5560688786224276;-0.050314465408805;-0.2160900671127107
Unknown;0.5177096458070839;0.1597222222222222;0.2517256261300765
Unknown;0.0187996240075198;0.5026455026455027;0.7020961982589077
Unknown;0.1118777624447511;0.3155555555555555;0.7277239641610402
High;0.2610747785044299;0.3725490196078431;0.4569341839642696
Unknown;0.0003599928001439;0.8397435897435898;0.8572827221146478
Unknown;0.4049919001619967;-0.1914893617021276;-0.0654718736371117
Unknown;0.120517589648207;0.4074074074074074;0.5210086661038171
Unknown;3.999920001599968e-05;0.809375;0.7258441108942927
Unknown;0.1899962000759985;0.3066666666666666;0.4828413641850176
Control;0.4232315353692926;0.2831168831168831;0.2392264572469369
Control;0.0494390112197756;0.5190476190476191;0.7691749139702111
Low;0.6445471090578189;-0.3866666666666666;0.0282573404135383
Unknown;0.120037599248015;0.3066666666666666;0.3965842799337867
Unknown;0.3160336793264134;0.2355555555555555;0.4384705555445387
Unknown;0.1103177936441271;0.3756613756613756;0.4394751320684166
Unknown;0.4501109977800444;0.109375;-0.1564612877104041
Unknown;0.0787184256314873;-0.4185606060606061;-0.725146231086282
Unknown;0.0728785424291514;-0.4962962962962963;-0.8798729716227459
Unknown;0.5499490010199796;-0.0909090909090909;-0.1782067343403306
Unknown;0.0019199616007679;-0.6918238993710691;-1.6731756867315954
Unknown;3.999920001599968e-05;0.8794326241134752;1.172618933442724
Control;0.0061198776024479;0.7044025157232704;0.3596973898311866
Unknown;0.0015999680006399;-0.5390625;-1.465557577131715
Unknown;0.0115997680046399;0.5625;0.7276726130802172
Unknown;0.3385932281354373;0.3856209150326797;0.4015082813118764
Unknown;3.999920001599968e-05;0.8333333333333334;1.0392679985694575
Unknown;0.2886342273154537;0.2112676056338028;0.2834665717506338
Unknown;0.5804683906321874;0.2355555555555555;0.2784687098437403
Unknown;0.2563548729025419;0.2307692307692307;0.4526309134982348
Unknown;0.5745485090298194;0.1823899371069182;0.2605544075537258
Unknown;0.0096798064038719;0.4793650793650794;0.5997700037702008
Control;0.2197556048879022;0.1912832929782082;0.342562149010029
Medium;0.5291094178116438;0.1089743589743589;-0.2365958374645102
High;0.4535509289814203;0.1037037037037037;0.0440641760237666
Unknown;0.1843563128737425;0.3535714285714286;0.3700957169941019
Unknown;0.6396272074558509;0.4609929078014184;-0.1101710708896369
Unknown;0.1971960560788784;0.2355555555555555;0.5963075874940303
Unknown;0.0027199456010879;-0.5376623376623376;-1.9159718701605055
Unknown;0.3088738225235495;0.1739130434782608;0.3415785025055132
Unknown;0.3488330233395332;-0.1736111111111111;-0.4258297868107517
Unknown;0.0002799944001119;0.6303696303696303;1.038610508985482
Medium;0.998540029199416;-0.1285714285714285;0.0414682590196102
Unknown;0.1851962960740785;0.2875816993464052;0.5386842131697231
Unknown;0.246195076098478;0.3873239436619718;0.3275365642423493
Unknown;0.3865922681546369;-0.2266666666666666;-0.4057816540623749
Low;0.121477570448591;0.2641509433962264;0.6525492189318965
High;0.1835163296734065;0.0072463768115942;-0.7294830391384141
Unknown;0.1552768944621107;0.1673469387755102;0.5383838719981932
Low;0.3552328953420932;0.0;-0.582439307641153
Unknown;0.0029599408011839;0.6311688311688312;0.4591095188077598
Unknown;0.4198316033679326;0.3205128205128205;0.3828434347693683
Unknown;0.0317193656126877;0.6153846153846154;0.6265755059050697
Unknown;0.1983560328793424;0.3333333333333333;0.5539598549748446
Unknown;0.4043519129617408;0.1259259259259259;-0.3675143305811852
Unknown;0.0272394552108957;0.5555555555555556;0.5891570284802329
Unknown;0.2716745665086698;0.2291666666666666;0.4376108132400816
Unknown;0.0248795024099518;0.5026455026455027;0.7354476205002105
Unknown;0.126077478450431;-0.1644444444444444;-0.8424497705582595
Unknown;0.0003199936001279;0.685;0.7127415017607747
Unknown;0.2718745625087498;-0.2355555555555555;-0.4328544441360714
Low;0.380672386552269;0.2108843537414966;0.3424723389762266
Unknown;0.9022619547609048;0.0745428973277074;0.0732312644589221
Unknown;0.8032639347213055;0.2361111111111111;-0.0555048131523707
Unknown;0.988020239595208;-0.074074074074074;0.0203749747276234
Unknown;0.0739185216295674;0.3781512605042016;0.6503337154390244
Unknown;0.1082378352432951;-0.202020202020202;-0.6370517913749008
Unknown;0.7901841963160737;0.0703703703703703;0.1912877666562952
Low;0.0975580488390232;-0.5362997658079626;-0.7191840873901114
Unknown;0.3443931121377572;-0.0488888888888888;-0.4397814770329418
Unknown;0.0007999840003199;0.8066666666666666;0.7664944435027466
Unknown;0.0191996160076798;-0.4964539007092198;-1.42620405914432
Unknown;0.0408791824163516;0.5319148936170213;0.8284212115599312
Unknown;0.241435171296574;-0.4222222222222222;-0.4094605732620893
Unknown;0.0246395072098558;0.5376623376623376;0.5312631303899874
Control;0.49735005299894;0.3155555555555555;0.3320167547523109
Unknown;0.7958640827183456;-0.1088435374149659;0.2350143068422643
Unknown;0.0309593808123837;-0.3108433734939759;-0.78437239474429
Low;7.999840003199936e-05;0.8695652173913043;1.6442122311328131
Unknown;0.0120397592048159;0.5964912280701754;0.8643327204059856
Unknown;0.7731045379092418;0.0227272727272727;0.2032238581545801
Unknown;0.1519969600607988;0.3541666666666667;0.5997578204168066
High;0.0286794264114717;0.559748427672956;0.8524480912714537
Unknown;0.0003999920001599;0.75;0.5809966254777951
Unknown;0.6450670986580268;-0.3188405797101449;0.0072643057080963
Unknown;0.1684366312673746;-0.0765306122448979;-1.033811211182774
Unknown;0.6026679466410672;0.2028985507246377;0.218586247229928
High;0.6435471290574188;0.0251851851851851;0.1895258498654838
Unknown;0.5609487810243795;-0.362962962962963;0.0192637063576706
Unknown;0.0038799224015519;0.645320197044335;0.7690245942407806
Unknown;0.6856262874742505;0.5641646489104116;0.2364726960557761
Unknown;0.5239895202095958;-0.2695035460992908;-0.2592868437139512
Unknown;0.6009079818403632;0.0428571428571428;0.2587165496801498
Unknown;0.751144977100458;-0.1388888888888889;-0.043968860240513
Unknown;0.3037139257214856;0.24;0.4133344652474785
Control;0.0627587448251035;0.4707259953161593;0.6265476684353309
Unknown;0.0033599328013439;0.5550935550935551;0.6689352824368945
Unknown;0.3231135377292454;-0.032051282051282;-0.4428556090335626
Unknown;0.2863942721145577;0.455026455026455;0.3985560082290763
Unknown;0.7649847003059939;0.0133333333333333;-0.1205798591582229
Unknown;0.5717885642287154;0.2898550724637681;-0.2139006471075688
Unknown;0.1500369992600148;0.2776280323450135;0.4278905948351275
Unknown;0.2234355312893742;0.2592592592592592;0.31490570243807
Low;0.6866662666746665;-0.130718954248366;-0.1423590167430043
Unknown;0.0006799864002719;0.8181818181818182;0.7297592018417285
Unknown;0.1297574048519029;-0.3866666666666666;-0.6985066500136122
Unknown;0.4191116177676446;-0.1241830065359477;-0.3449161929522427
Unknown;0.1883962320753585;0.4691358024691358;0.4371584848427488
Unknown;0.5339093218135638;0.0070921985815602;0.2969110546357933
Unknown;0.9336613267734646;0.0579710144927536;0.0798444994123563
High;0.0001599968000639;0.7869249394673123;1.0561698000238744
Unknown;0.0021999560008799;-0.4666666666666667;-1.245251412652601
Control;0.875782484350313;0.2628205128205128;-0.0121526291506959
Unknown;0.3298734025319493;0.1276595744680851;0.3983981584799239
Unknown;0.3043539129217416;0.351063829787234;0.4011608565149724
Unknown;0.0209195816083678;0.5388471177944862;0.622773935290681
Unknown;0.1895962080758385;0.3483709273182957;0.387198061228909
Unknown;0.246635067298654;0.2711111111111111;0.5604886477871827
Unknown;0.4537509249815004;0.0851063829787234;0.3411517300092724
Unknown;0.2267554648907022;0.2108843537414966;-0.7048727598155945
Unknown;0.3802323953520929;0.4552845528455284;0.4012200737698442
High;0.0287994240115197;0.5024630541871922;0.6908562899832145
Unknown;0.1050378992420151;-0.1904761904761904;-1.065139226237241
High;0.50214995700086;-0.3900709219858156;-0.0740796201846895
Unknown;0.0530389392212155;-0.3799725651577503;-0.8596322094146005
Unknown;0.5471490570188596;-0.1545454545454545;-0.1284635599614324
Control;0.9875402491950162;0.0833333333333333;0.1911076731647867
Unknown;0.0149997000059998;-0.8311111111111111;-1.3672701815621606
Unknown;0.7877442451150977;0.2535714285714285;0.1686536834760528
Unknown;0.0241195176096478;0.5204081632653061;0.494619778734719
Unknown;0.1535969280614387;-0.4930555555555556;-0.8351685384445694
Unknown;0.2049559008819823;0.2483660130718954;-0.7570260501186514
Unknown;0.0883182336353272;-0.0846560846560846;-0.7611683770425566
Unknown;0.4165516689666206;0.1138211382113821;0.3888953691148871
Unknown;0.1707965840683186;0.3270223752151463;0.3706482012721559
Unknown;0.1491970160596788;0.3688888888888889;0.6756869210935151
High;3.999920001599968e-05;0.7894736842105263;1.1624574768271432
Control;0.491870162596748;0.1728395061728395;-0.2613441328951661
Unknown;0.5408291834163317;-0.0576441102756892;0.2867297301853415
Unknown;0.0017199656006879;-0.6666666666666666;-1.9153638882697088
Low;0.376432471350573;-0.0354609929078014;-0.3965551061535426
Unknown;0.2960340793184136;0.2711111111111111;0.4898948597615736
Unknown;0.9348613027739444;0.0333333333333333;0.0749632633388472
Unknown;0.9609007819843604;-0.1045751633986928;0.0324078486649126
Unknown;0.8901821963560729;0.04;0.0333459585364329
Unknown;0.0368392632147357;0.3689986282578875;0.3659126508741064
Control;0.1425571488570228;0.3293650793650793;0.4831721961108516
Unknown;0.0178396432071358;0.3554006968641115;0.2788898968520664
Low;0.0001199976000479;0.7181818181818181;0.5492370774806473
Unknown;0.8261434771304574;0.0382653061224489;0.1063287198606178
Unknown;0.1422371552568948;0.375886524822695;0.5560055880672257
Unknown;0.6932261354772905;-0.0425531914893617;0.2259316930764811
Low;0.5485890282194356;0.4754098360655737;-0.1426899339885663
Unknown;0.0887982240355192;0.4603174603174603;0.4908828089342328
Unknown;0.1358372832543349;-0.362962962962963;-0.681706944368878
Unknown;0.119837603247935;0.0256410256410256;-0.9692138472196328
Unknown;0.8404231915361693;-0.1269230769230769;0.0207214626471331
Unknown;0.4018319633607328;-0.0425531914893617;-0.305935090590379
Low;0.0847583048339033;0.4492753623188406;0.3117112140406757
Unknown;0.5233095338093238;0.36;0.2444082533739905
Unknown;0.4542709145817084;0.2091954022988505;0.2638370916190837
Unknown;0.3229135417291654;-0.1111111111111111;-0.4801180271930484
Unknown;0.0029999400011999;0.6122448979591837;0.8541400624874038
Unknown;0.3802323953520929;0.2263374485596707;0.2970407415280928
Unknown;0.8913821723565528;0.1699346405228758;0.1060296785264591
Unknown;0.0044399112017759;0.6305418719211823;0.6025866541121806
Control;0.0916781664366712;0.3333333333333333;0.68528342377536
Unknown;0.0268394632107357;-0.5502645502645502;-1.083073393556495
Unknown;0.1763164736705265;0.2471655328798186;0.4864839039492698
Unknown;0.879582408351833;0.0377358490566037;0.0987958727052296
Unknown;0.2067158656826863;0.28;0.5465183466307976
Unknown;3.999920001599968e-05;0.8076923076923077;1.193050760106956
Unknown;0.0021999560008799;0.7248677248677249;0.757649709329714
Unknown;0.4445511089778204;0.1632653061224489;0.3148662030097015
Unknown;0.8245835083298334;0.1377551020408163;0.1532303693606592
Unknown;0.0808783824323513;0.5123456790123457;0.4779778266951383
Control;0.9581008379832404;0.0105820105820105;0.0406255867408109
Unknown;0.0941581168376632;-0.5481481481481482;-0.8036265589950511
Unknown;0.1110377792444151;0.5740740740740741;0.5920320919250338
Unknown;0.0853982920341593;0.5482093663911846;0.3089992583295618
Unknown;0.4563908721825563;0.1376811594202898;0.3231839037418644
Unknown;0.1867962640747185;0.3422222222222222;0.2575077548794395
Unknown;0.6693066138677226;-0.2962962962962963;-0.1456775040152393
Unknown;0.9103817923641528;-0.1944444444444444;0.1243313931522313
Medium;0.2285154296914061;0.3546099290780142;-0.610078937808014
Medium;0.7637847243055139;-0.2564102564102564;-0.0130554252816404
Unknown;0.4345113097738045;-0.037037037037037;-0.3143536480990254
Control;0.0520789584208315;-0.4313725490196078;-1.1974728644210124
Control;0.3981520369592608;-0.1823899371069182;-0.3036630416207402
Unknown;0.0043599128017439;0.6213235294117647;0.5997283615498042
Unknown;3.999920001599968e-05;0.804496578690127;0.9098430728209154
Medium;0.0904781904361912;0.3161592505854801;0.6084680857206265
Unknown;0.0106797864042719;0.5948051948051948;0.5513285016511138
Unknown;0.5314293714125717;-0.0097560975609756;0.2238632531972222
Unknown;0.8683426331473371;-0.1266666666666666;0.047399688003357
Unknown;0.366512669746605;0.04;-0.4961000768540528
Unknown;0.239955200895982;-0.0904761904761904;-0.2596382847125013
Control;0.0379992400151997;0.5073891625615764;0.780724106766579
Unknown;0.8245435091298174;0.0507246376811594;0.1119480129755634
Unknown;0.0033599328013439;0.6086956521739131;0.8404054528847258
Unknown;0.0532789344213115;0.5897435897435898;0.460415785982415
Unknown;0.9025019499610007;0.1180555555555555;0.1594868010580865
Unknown;0.0051598968020639;0.6987012987012987;0.5605113393682274
Unknown;0.8145437091258175;-0.16;0.0404996999502795
Unknown;0.2869142617147657;-0.272108843537415;-0.4540101326430386
Unknown;0.617627647447051;-0.1481481481481481;-0.1451639248786481
Unknown;0.3043478260869565;0.3333333333333333;0.7113116433332553
Control;0.0085998280034399;-0.2095639943741209;-1.2444989672180695
Unknown;0.7201055978880423;-0.048780487804878;0.1441367284744319
Unknown;0.0560788784224315;0.4962962962962963;0.4329637601349491
Unknown;0.243355132897342;0.2444444444444444;0.5367053191084832
Unknown;0.5409491810163797;0.1231343283582089;-0.2124728466328374
Unknown;0.0833983320333593;-0.391304347826087;-1.0027831786170525
Unknown;0.1093978120437591;-0.3955555555555555;-0.8226816666501582
Unknown;0.748585028299434;0.4609929078014184;0.2100855428564866
Unknown;0.0729585408291834;0.4528301886792453;0.6467418999153626
Unknown;0.0113597728045439;0.6666666666666666;0.8236609882110597
Unknown;0.9586208275834484;-0.074074074074074;0.0386452112842131
Unknown;0.4007119857602848;-0.2088888888888889;-0.3974632863039433
Unknown;0.368992620147597;0.1844155844155844;0.3685360768791402
Low;0.7919841603167936;0.0694444444444444;0.1387949362407426
Unknown;0.0688386232275354;0.4933333333333333;0.6211596082479292
High;0.7695846083078338;0.3653846153846153;0.1422488170113472
Unknown;0.0833583328333433;0.4592592592592592;0.6337775770032414
Unknown;0.0989980200395992;0.5555555555555556;0.6005458763609144
Unknown;0.984660306793864;-0.0579710144927536;0.0590716715026338
High;0.125477490450191;0.191358024691358;-0.7582387939960116
Unknown;0.6649467010659786;-0.3006535947712418;-0.0756198514598536
Unknown;0.3285134297314053;0.1604938271604938;0.4133383065218546
Unknown;0.0401191976160476;0.4680851063829787;0.7664475397642742
Medium;0.0456790864182716;-0.2355555555555555;-1.5964202230780986
Unknown;0.7093058138837224;0.0441558441558441;0.0149747454206141
Unknown;0.0297194056118877;0.5142857142857142;0.6552497274816985
Unknown;0.4014319713605728;0.25;0.3595448933173921
Unknown;0.0789584208315833;0.4423076923076923;0.6514006787609091
Unknown;0.0078798424031519;0.5849056603773585;0.6084598008539422
High;0.2071158576828463;0.2486772486772486;0.393193330838584
Unknown;0.5919481610367793;0.1066176470588235;0.239452464067848
Unknown;0.632027359452811;-0.108695652173913;0.1101519708567475
Unknown;0.0233595328093438;-0.2435897435897435;-1.3399976115447714
Unknown;0.118477630447391;0.3846153846153846;0.5647159424405672
Control;0.8391032179356412;-0.0597402597402597;0.1342862761992533
Unknown;0.0057198856022879;0.472289156626506;0.4261519805180389
Unknown;0.0667586648267034;-0.2962962962962963;-0.8913758940794438
High;0.3218335633287334;-0.2037037037037037;-0.0214995195842703
Unknown;0.979940401191976;-0.0962962962962963;0.159431351846836
Unknown;0.0047199056018879;0.6190476190476191;0.9594098664468402
Unknown;0.3582328353432931;0.2;0.2977302544327407
Unknown;0.6666666666666666;-0.5;-1.082779678317726
Unknown;0.1750364992700146;-0.18;-0.6340871847196841
Unknown;0.0469590608187836;0.3288201160541586;0.3938662593602201
Unknown;0.3141937161256775;-0.08;-0.4463470355631317
Unknown;0.8501029979400412;0.1407407407407407;0.0888639312409733
Medium;3.999920001599968e-05;0.8032786885245902;1.6229184528264662
Unknown;0.0123997520049599;0.4787581699346405;0.584253352027346
Medium;0.3105937881242375;0.2244444444444444;0.3407672736320868
Unknown;0.0594788104237915;0.3469387755102041;0.5934687198145241
Unknown;0.1140377192456151;0.3469387755102041;0.6233359566993708
Unknown;0.632947341053179;0.247191011235955;0.1908088330510011
Unknown;0.3512729745405092;0.2170542635658914;0.4017205094445641
Unknown;0.2022759544809103;-0.3317757009345794;-0.4987592661242452
Unknown;0.637507249855003;-0.2533333333333333;-0.1046752950705796
Unknown;0.8832223355532889;-0.0216049382716049;0.0688990888274974
Unknown;0.0301993960120797;-0.5343915343915344;-1.28660865020816
Unknown;0.9125817483650328;-0.0311111111111111;-0.0049247701377604
Unknown;0.7172256554868902;-0.0249433106575963;0.1889050320941983
Unknown;0.6963460730785385;0.2177777777777777;0.2100273557321195
Unknown;0.2769144617107658;-0.0476190476190476;-0.4560615019311864
Unknown;0.5899882002359953;0.1773399014778325;0.2226880395438563
High;0.6926661466770665;0.1632653061224489;0.0356528381600444
Low;0.1636367272654547;0.3132832080200501;0.5077066289121823
Unknown;0.4403111937761245;0.1319444444444444;-0.3227194653547154
Control;0.0003999920001599;0.7327188940092166;0.9992239477803134
Unknown;0.0087198256034879;0.6594202898550725;0.7620629181984041
Unknown;0.240555188896222;0.1631701631701631;0.3739498056372771
Unknown;0.0229625447016751;-0.6;-1.5920417968241658
Unknown;0.0359992800143997;-0.1699346405228758;-1.236067434041584
Unknown;0.5572688546229075;0.1176470588235294;0.253615330897654
Medium;0.1497170056598868;0.2373113854595336;0.4499407033989343
Unknown;0.5508289834203316;0.3075060532687651;0.2788729322999211
Unknown;0.3615527689446211;0.0138888888888888;-0.3990152760938468
Unknown;0.6755731225296443;-0.0476190476190476;-0.2091211203520225
Unknown;0.5992680146397072;0.4135802469135802;0.2059303412229537
Unknown;0.4371512569748605;-0.1133004926108374;-0.3018777308647206
Unknown;0.118157636847263;0.3454545454545454;0.3867175499394413
High;0.5087898242035159;0.412987012987013;0.3024013162062383
Unknown;0.5462690746185076;0.0544217687074829;0.3013650600011631
Control;0.0368392632147357;0.4133333333333333;0.7866470508442254
High;0.1567968640627187;-0.3571428571428571;-0.5731512583964445
Unknown;0.1051178976420471;-0.6666666666666666;-0.9983876722312204
Low;0.0561988760224795;0.4468085106382978;0.7989141017625508
Medium;0.244835103297934;0.2585034013605442;0.4983066423434452
Medium;0.5305493890122197;0.2346938775510204;0.2591835638558071
High;0.7325853482930341;0.0935960591133004;-0.1221522585235412
Unknown;0.3366732665346693;-0.3464052287581699;-0.4192074866212408
Control;0.2148757024859502;0.1955555555555555;-0.5007822829869286
High;0.0318393632127357;0.5306122448979592;0.801277241694259
Low;0.2185956280874382;0.3333333333333333;0.488934644228326
Unknown;0.0515589688206235;-0.2753623188405797;-0.959594950060275
Unknown;0.1376772464550709;0.3418367346938775;0.457147816932379
Unknown;0.8988220235595288;0.2482269503546099;0.0271512454056164
Unknown;0.4588308233835323;-0.3055555555555556;-0.3106722095892612
Unknown;0.4901501969960601;-0.1952941176470588;-0.2285084403264502
Unknown;0.2796344073118537;0.4769230769230769;0.518622172082975
Unknown;0.0166396672066558;0.624113475177305;0.6185229419290516
Unknown;0.7229055418891622;0.0211640211640211;0.2293442643086346
Unknown;0.2203955920881582;-0.2198581560283688;-0.5499604382375493
Low;0.3262334753304934;0.5643939393939394;-0.2392977338513455
Unknown;0.0004399912001759;0.8025974025974026;0.8105324941364094
Unknown;0.0249995000099998;0.5619047619047619;0.6329265790661743
Unknown;0.3598328033439331;0.2536231884057971;0.4126582026469231
Unknown;0.0467590648187036;0.4066666666666667;0.7575207838256052
Medium;0.0208395832083358;0.477124183006536;1.0621686655082387
Low;0.0588388232235355;0.5133333333333333;0.543326971445056
Unknown;0.7081858362832744;0.1231884057971014;0.216964518467445
Unknown;0.2315953680926381;0.2857142857142857;0.4719505717801774
Control;0.0190396192076158;-0.5555555555555556;-1.0891900959828758
Unknown;0.0138797224055518;0.5576036866359447;0.8842032100703814
Unknown;0.0447591048179036;0.3694029850746269;0.675563243707627
Unknown;0.8446631067378653;-0.1259259259259259;0.1336945048368849
Unknown;0.8108637827243456;-0.1111111111111111;-0.04274014605448
Control;0.2071158576828463;0.2083333333333333;-0.590523805856935
Unknown;0.2238755224895502;0.2159090909090909;0.4487817351481795
Unknown;0.243635127297454;0.2756410256410256;0.4911615776125174
Unknown;0.1765964680706385;0.04;-0.8952626582618813
Unknown;0.2768744625107497;-0.0921985815602836;-0.4887799270410795
Unknown;0.490030199396012;0.2533333333333333;0.3062577605151981
Control;0.2300353992920141;0.2875816993464052;-0.5156964514063337
Unknown;0.2757144857102858;-0.2243589743589743;-0.5195710054998016
Unknown;0.1296374072518549;0.363855421686747;0.2732082830150856
Control;0.0411191776164476;0.5555555555555556;0.4626581440947421
Unknown;0.0173996520069598;0.5204081632653061;0.9109962428419128
Unknown;0.6467870642587148;-0.0441558441558441;0.272183354068397
Unknown;0.8215835683286334;0.3181818181818182;0.1677415040089681
Unknown;0.0296794064118717;0.5106382978723404;0.878798048657132
High;0.3063138737225255;0.3233082706766917;0.4122540504723397
Unknown;0.5665886682266355;-0.3464052287581699;-0.0942213681639462
High;0.3149537009259814;0.2765957446808511;0.4356693223477839
Unknown;0.7914641707165857;-0.0709219858156028;0.1106644390925911
Medium;0.74382512349753;0.1180555555555555;0.1384746023645743
Medium;0.2105557888842223;-0.1224489795918367;-0.5196680664179918
Unknown;0.0758784824303513;-0.2916666666666667;-1.0695724683188277
Unknown;0.4565908681826363;0.2708333333333333;0.3344875204851743
Unknown;0.2170356592868142;0.0047619047619047;-0.5939229040064787
Low;0.9205015899682006;0.1111111111111111;0.1516976842813191
Unknown;0.5077498450030999;0.0992907801418439;-0.2591219619989784
Control;0.1041579168416631;0.3915343915343915;0.6289988957771704
Unknown;0.9235415291694166;0.1275510204081632;0.0202810895266052
Unknown;0.1109177816443671;0.3550724637681159;0.5350373338405412
Unknown;0.241035179296414;0.562962962962963;-0.5959998401519436
Unknown;0.252954940901182;0.3076923076923077;0.4772439332361471
Low;0.3962320753584928;0.2275641025641025;0.3221028805680709
Unknown;0.8536229275414492;-0.1703703703703703;0.0683109772639034
Medium;0.0274794504109917;0.5037593984962406;0.3841409019820965
Unknown;0.986820263594728;-0.0314465408805031;0.046554806605612
Unknown;0.1679166416671666;-0.1739130434782608;-0.7314687152696615
Unknown;0.2748745025099498;0.2681159420289855;0.448047826421944
Unknown;0.6933061338773224;0.0625;0.1878446049235448
Unknown;0.4779104417911641;-0.3985507246376811;-0.0231124509658444
Unknown;0.4174716505669886;-0.3809523809523809;-0.3065444644005071
Unknown;0.0517189656206875;0.5144927536231884;0.7320710454832906
Medium;0.5407091858162837;0.0321969696969696;-0.188088447196197
Control;0.0122797544049119;-0.1896103896103896;-1.515153583852377
Control;0.239035219295614;0.2592592592592592;0.4166859785562217
Unknown;3.999920001599968e-05;0.9166666666666666;1.811949376616209
Unknown;0.2065958680826383;-0.0466666666666666;-0.5887228170349647
Medium;0.0034399312013759;0.63718820861678;0.4641337918231433
Unknown;0.6434271314573708;0.1985815602836879;0.2086580654670173
Unknown;0.0101997960040799;0.6326530612244898;0.5079488027847878
Unknown;0.3073138537229255;0.1156462585034013;-0.5231947723416172
High;0.3109537809243815;0.4761904761904761;-0.3092751669764156
Unknown;0.1047979040419191;-0.2777777777777778;-0.8151337085858944
Unknown;0.1518369632607348;0.3263888888888889;0.4873065539431764
Unknown;0.0007999840003199;0.7040816326530612;1.041095129004529
Unknown;0.0770384592308153;-0.2789115646258503;-0.8829330620220719
Unknown;0.7101857962840743;-0.0691823899371069;0.2374542421758523
Unknown;0.0160796784064318;0.5925925925925926;0.630227537811426
Unknown;3.999920001599968e-05;0.9344262295081968;1.4383464618106383
Unknown;0.6339873202535949;0.0522875816993464;-0.1773826720538197
Unknown;0.1897562048759024;0.3155555555555555;0.5779609958681119
Unknown;0.0248395032099358;0.5359477124183006;0.4593341368729044
Unknown;0.3616727665446691;0.2444444444444444;0.4262156459143245
Unknown;0.9013819723605528;0.1521739130434782;-0.0237791601963217
High;0.0700385992280154;-0.2578616352201258;-1.087264021183189
Unknown;0.0093998120037599;-0.3990147783251231;-1.3407934013388814
Unknown;0.0002799944001119;0.8226950354609929;1.1215726595881188
High;0.2586348273034539;-0.4652777777777778;-0.5070287643617376
Unknown;0.7983840323193536;-0.0680272108843537;-0.0449104076127245
Unknown;0.0013999720005599;0.7193877551020408;0.657771580052235
Unknown;0.6338273234535309;0.1164021164021164;-0.1669355665267375
Unknown;0.1070778584428311;0.4684684684684684;0.4460314962613151
Unknown;0.4613107737845243;0.1698113207547169;0.3354139394175662
Unknown;0.4811103777924441;-0.2645502645502645;-0.2734877268605075
Unknown;0.25227495450091;-0.4755555555555555;-0.5702005336639056
Unknown;0.2111157776844463;0.1134751773049645;-1.1530395087223606
Unknown;0.4601907961840763;-0.1914893617021276;-0.2516041886239814
Control;0.1662366752664946;-0.0212765957446808;-1.1631465861880117
Unknown;0.6393872122557549;0.12;0.2973569126255681
Unknown;0.750344993100138;-0.0333333333333333;0.0200216589776724
Unknown;0.0039599208015839;-0.5333333333333333;-1.708808353905081
Unknown;0.630747385052299;-0.1;-0.1052602768044254
Unknown;0.2204755904881902;-0.6086956521739131;-0.6831047634641436
Unknown;0.8892222155556889;0.1016666666666666;0.0258733958512653
Unknown;0.0119197616047679;0.582010582010582;0.8204083895423818
Unknown;0.123637527249455;-0.3115942028985507;-0.7147360611791543
Low;0.0138397232055358;0.6258503401360545;0.9612246679451716
Unknown;0.0571188576228475;0.4818181818181818;0.5988183119930716
Unknown;0.999580008399832;-0.0576441102756892;0.0532221536845569
Unknown;0.0107197856042879;0.5324675324675324;0.7897016964687096
Unknown;0.748585028299434;-0.0115384615384615;-0.0516239023925319
Unknown;0.1502769944601108;-0.3475177304964539;-0.6840856389672554
Unknown;0.2027959440811183;0.4030612244897959;0.4724407890312049
High;0.5775484490310194;0.2244897959183673;0.224243089297331
Unknown;0.0408391832163356;-0.3866666666666666;-1.2285564049216442
Control;0.0007599848003039;0.7925925925925926;0.8082034105109819
Unknown;0.1833563328733425;0.237037037037037;0.5428999575618485
Low;0.0006399872002559;0.7869249394673123;0.9986021476889962
Unknown;0.0036399272014559;0.7422222222222222;0.6334018342342758
Unknown;0.5131897362052759;0.1514084507042253;0.2725415769252796
Unknown;0.0737585248295034;-0.4829931972789115;-0.8454562580718789
Unknown;0.1756764864702706;0.3475177304964539;0.4893659900698306
Unknown;0.5341893162136757;-0.099273607748184;-0.1112355272878375
Unknown;0.9727805443891122;0.0230414746543778;0.0678320687338555
Control;0.1465970680586388;-0.0317460317460317;-0.693399369096954
Unknown;0.0048799024019519;-0.5204081632653061;-1.3365543387301506
Unknown;0.2912341753164936;-0.0141843971631205;-0.4895897627517471
Unknown;0.1306373872522549;0.3688888888888889;0.651701560177575
Unknown;0.1851562968740625;0.2830188679245283;0.4093342318902406
Unknown;0.9053018939621208;0.1882086167800453;0.0832935895976243
Control;0.0035999280014399;0.627906976744186;0.9296666381243728
Unknown;0.6679466410671786;0.1333333333333333;0.2329607482339672
Unknown;0.0255194896102077;0.5617283950617284;0.7163951348134527
Low;0.5271094578108437;0.1259259259259259;0.2847095963101492
Unknown;0.0089198216035679;0.4941860465116279;0.6013409333439146
Unknown;0.1084378312433751;0.4133333333333333;0.5474462054068164
Unknown;0.0735585288294234;0.5;0.6016718103113221
Unknown;0.0161996760064798;0.5073891625615764;0.5182172974199959
Unknown;0.0270394592108157;0.5377777777777778;0.7034380768739215
Low;0.119757604847903;-0.0212765957446808;-1.0129214239180162
Unknown;0.5443491130177397;0.0849673202614379;0.2539382949016939
Unknown;0.3188336233275334;0.3431438127090301;0.2987729283844732
Unknown;0.0028399432011359;0.6607142857142857;0.6153352233694283
Unknown;0.1055178896422071;0.3647798742138364;0.6608207965718733
Low;0.7981440371192576;0.1560283687943262;0.1226400228784271
Unknown;0.0013999720005599;0.7377049180327869;0.5711844893029863
Unknown;0.9563808723825524;-0.0066666666666666;0.0110348229906594
Unknown;0.0017199656006879;0.6049382716049383;0.7724729703978231
Unknown;0.0318793624127517;0.5822222222222222;0.8827115902889686
Unknown;0.0037999240015199;0.6402116402116402;0.6936036639636165
Unknown;0.5365492690146197;0.0828282828282828;-0.1322859855537336
Unknown;0.3057538849223015;-0.3777777777777777;-0.5092501533174784
Control;0.0002799944001119;0.7530864197530864;1.145717295434596
Unknown;0.1526369472610547;-0.5064102564102564;-0.6539682562839294
Unknown;0.0508789824203515;0.5266666666666666;0.6787390141948958
Unknown;0.0453990920181596;0.4836601307189542;0.8284013758272651
Unknown;0.503189936201276;0.1768707482993197;0.310133223679541
Control;3.999920001599968e-05;-0.916256157635468;-2.2760117666700577
Unknown;0.0007599848003039;0.6721311475409836;0.9457831818111072
Unknown;0.6743865122697547;-0.1645569620253164;-0.1062418801722498
Unknown;0.7396652066958661;0.0340136054421768;-0.0550084678644976
Unknown;0.2833143337133257;0.2679738562091503;0.4101298566686976
Unknown;0.0656386872262554;0.412987012987013;0.686657937204032
Low;0.4000319993600128;0.4640522875816993;0.3716172417212144
Unknown;0.4323113537729245;0.2483660130718954;0.3498706361805914
Unknown;0.3613527729445411;0.2698412698412698;0.3713988183529712
Unknown;0.9621807563848724;-0.141025641025641;0.0992846085102658
Unknown;0.1388372232555348;0.3472222222222222;0.5114129829546993
Unknown;0.5253494930101398;-0.270440251572327;-0.2666989822137369
Unknown;0.0005599888002239;0.7052238805970149;0.594182770208427
Unknown;0.2978740425191496;0.4513888888888889;0.4444085677400822
Low;0.1494770104597908;-0.1564356435643564;-0.5014353379580454
Unknown;0.5381092378152437;0.4552238805970149;0.253247497355678
Unknown;0.0099598008039839;0.6226415094339622;0.6930116801253107
Unknown;0.246995060098798;0.4057971014492754;-0.4943419932412586
Low;0.743305133897322;0.0680272108843537;-0.0352961525807047
Unknown;0.1552768944621107;0.28;0.5716515084828818
Unknown;0.3603127937441251;0.2152777777777778;0.2520432270613965
Unknown;0.5574688506229876;0.0222222222222222;0.3276283695369301
Unknown;0.627587448251035;0.0175438596491228;0.2506031516147575
Unknown;0.0246395072098558;-0.6231884057971014;-1.2829090493587918
Unknown;0.1435171296574068;0.3955555555555555;0.4604406745510285
Unknown;0.0069198616027679;-0.4285714285714285;-1.187672021199566
Unknown;0.3911921761564769;-0.0638297872340425;-0.2258292382836446
Unknown;0.4739505209895802;-0.3925925925925926;-0.2567544017951519
Unknown;0.4047519049619008;0.2;0.375341107298928
Unknown;0.0965980680386392;0.6;0.4270184332709205
Unknown;0.0009999800003999;0.7430555555555556;0.9760962448923098
Unknown;0.0004399912001759;0.7948717948717948;0.8631868883208231
Unknown;0.0005999880002399;0.7484276729559748;1.3940094209161131
High;0.0004799904001919;0.7331081081081081;1.2844143530062042
Unknown;0.0755584888302234;0.427536231884058;0.5312192838263813
Unknown;0.4803103937921241;0.1798941798941798;0.3339633762649361
Unknown;0.0005199896002079;0.7222222222222222;1.189438069681241
Unknown;0.24427511449771;-0.2486772486772486;-0.504929064442812
Unknown;0.0001999960000799;0.8253968253968254;1.2220779845960172
Unknown;0.0953980920381592;-0.130718954248366;-0.8681180743849274
Unknown;0.2097158056838863;0.5850340136054422;0.5131552395125288
Unknown;0.0002799944001119;0.8461538461538461;0.725970666034715
Unknown;0.4298714025719485;0.3405797101449275;-0.3619056758706399
Unknown;0.3623127537449251;0.1304347826086956;-0.4042288715672831
Unknown;0.114677706445871;0.437037037037037;0.6631893452964264
Control;0.0471190576188476;-0.3775510204081632;-1.2184897088012516
Unknown;0.2189556208875822;-0.5144927536231884;-0.5682498627649897
Unknown;0.0051598968020639;-0.427536231884058;-1.6400158799081055
Unknown;0.9221815563688728;-0.0634146341463414;0.1370374680615648
Unknown;0.2568348633027339;-0.2777777777777778;-0.5105128542846159
Unknown;0.7742245155096898;0.3120567375886525;-0.0391033234072064
Unknown;0.0572788544229115;-0.26;-0.9950644858989878
Unknown;0.2140757184856302;0.2978723404255319;0.5339663988140698
Unknown;0.1408371832563348;0.3550724637681159;0.6214461943355073
Unknown;0.0498390032199356;-0.25;-1.212115436327369
Unknown;0.7836643267134658;-0.148051948051948;0.0662442699761306
Unknown;0.0058798824023519;-0.3675213675213675;-1.300512357294173
Unknown;0.123237535249295;0.0476190476190476;-0.8230546186429168
Unknown;0.3090338193236135;0.2391304347826087;0.4410374333280461
Unknown;0.6672266554668906;-0.228395061728395;-0.1589732991044659
Unknown;0.4869902601947961;-0.0876404494382022;-0.1799661411831433
Unknown;0.8421431571368573;0.036075036075036;0.1193152686250717
Unknown;0.5585088298234036;-0.0857142857142857;-0.2045513011122877
Unknown;0.6641467170656586;0.2679738562091503;0.2026851800419206
Low;0.3376732465350693;0.3120567375886525;0.3718865516756979
Control;0.3234735305293894;-0.0522875816993464;-0.4203081809049642
Unknown;0.1468370632587348;0.3541666666666667;0.5741861305450723
Unknown;0.4342313153736925;-0.2898550724637681;-0.3298857417145049
Unknown;0.0488390232195356;0.5157232704402516;0.6777119128291716
Unknown;0.0105997880042399;-0.5481481481481482;-1.4669694665182802
Unknown;0.9356212875742486;0.1527777777777778;0.114116578097438
Unknown;0.6135477290454191;0.0608695652173913;-0.2066584817298731
Unknown;0.2182756344873102;-0.1022222222222222;-0.6067704216440093
Unknown;0.0009199816003679;0.5980861244019139;0.5051989253011565
Unknown;0.6403071938561229;0.0619047619047619;0.2179563892194848
Unknown;0.375512489750205;0.427536231884058;0.3977989359525928
High;0.0029999400011999;0.7051282051282052;0.5512675698598174
Unknown;0.0197196056078878;-0.4592592592592592;-1.232373807586157
Unknown;0.7755044899102018;0.4652777777777778;0.2166194732396234
Unknown;0.0463990720185596;0.4357142857142857;0.8110274431854083
Low;0.9144217115657688;0.217391304347826;0.1709058663354108
Medium;0.0079598408031839;-0.2328042328042328;-1.5585548044025117
Unknown;0.0011199776004479;0.7891156462585034;0.998916259003236
Unknown;0.6110677786444271;-0.2318840579710145;-0.1822619547281351
Unknown;0.0201195976080478;0.0780141843971631;-1.5157416138903066
Unknown;0.2695946081078378;0.2857142857142857;0.3755471512296589
Medium;0.0685986280274394;0.358695652173913;0.6557203841771612
Unknown;3.999920001599968e-05;0.935897435897436;1.9414234564820676
Unknown;0.122997540049199;0.2847222222222222;0.5306465518991555
Unknown;0.0236795264094718;0.625;0.3586502667261807
Unknown;0.6892662146757065;-0.0148148148148148;0.2319358864914167
Unknown;0.5473090538189236;0.1633986928104575;0.2992342706889529
Unknown;0.5232295354092918;0.1590296495956873;0.2527348091385741
Control;0.1140377192456151;-0.391304347826087;-0.828566928059395
High;0.1698366032679346;0.296969696969697;-1.187879886008136
Unknown;0.0671586568268634;0.4098360655737705;0.363901699179536
Medium;0.0027999440011199;0.7513227513227513;1.2759654324827845
Unknown;0.5710685786284274;-0.25;-0.2260013032984672
Unknown;0.4085518289634207;0.0025974025974025;-0.3279153206818789
Unknown;0.0199996000079998;-0.1388888888888889;-1.8961655054754147
Unknown;0.0026399472010559;0.6280864197530864;0.7899832532933704
Unknown;0.0139597208055838;-0.6346153846153846;-1.1687631987348426
Unknown;0.4339513209735805;0.3857142857142857;0.2903867186435462
Low;3.999920001599968e-05;0.7638888888888888;1.2814084951845524
Low;0.5895482090358193;-0.3768115942028985;-0.0183648953652368
Medium;0.9365812683746324;0.3194805194805195;0.0638608811688529
Medium;0.4842703145937081;0.1914893617021276;0.3086789384669299
Unknown;0.1843563128737425;-0.4074074074074074;-0.6432686547443652
Unknown;0.0723585528289434;0.4577777777777778;0.7174228536144339
Unknown;0.990260194796104;-0.0133333333333333;0.0486285659854556
Unknown;0.0025999480010399;0.7516339869281046;0.7832503963619458
Unknown;0.2325553488930221;0.2653061224489796;0.502690171861108
Unknown;0.3792324153516929;-0.28;-0.3669831749981991
Control;0.6016679666406672;0.0833333333333333;0.2588671739835893
Low;0.7659846803063939;-0.099273607748184;-0.1022227335644997
Unknown;0.2335953280934381;-0.7588652482269503;-0.4040749354888119
Unknown;0.5940281194376112;-0.0765306122448979;-0.1504396310985805
High;0.3965920681586368;0.3333333333333333;-0.3375183491931068
Unknown;0.3419531609367812;-0.1711711711711711;-0.4252149813178431
High;0.3297134057318853;-0.1292517006802721;-0.31402664044416
Unknown;0.1117177656446871;0.3673469387755102;0.6006744747983203
Unknown;0.5435491290174197;-0.1985815602836879;-0.244516513495612
Unknown;0.0177996440071198;0.4776334776334776;0.5569601142924081
Low;0.2738745225095498;-0.2549019607843137;-0.5274013892363463
Unknown;0.0035199296014079;-0.7482993197278912;-1.732691005925406
Unknown;0.5689086218275634;0.1176470588235294;0.2191546249261007
Unknown;0.5726685466290674;0.0844444444444444;-0.2041821213705271
Unknown;0.0229595408091838;-0.4930555555555556;-1.235026946235642
Unknown;0.4725505489890202;0.0925925925925925;-0.3044607355183151
Control;0.4923901521969561;-0.0799031476997578;-0.2595967438365687
Unknown;0.7095058098838023;0.3125;0.1919527855484198
Unknown;0.0375992480150397;-0.2156862745098039;-1.3377563785048885
Unknown;0.0525989480210395;0.5102040816326531;0.4919906394666996
Unknown;0.0715985680286394;0.3531746031746032;0.4529690253361718
Unknown;0.1996360072798544;0.4;0.3399565760665536
Unknown;0.114477710445791;0.5909090909090909;0.5715945511286158
Control;0.2166356672866542;-0.6084656084656085;-0.5801948034073897
Unknown;0.0232395352092958;0.5238095238095238;0.7762637780350126
Unknown;0.1041579168416631;-0.4666666666666667;-1.091188648772306
Unknown;0.5993880122397552;-0.0408163265306122;0.268071625446044
Low;0.5514689706205876;-0.108695652173913;-0.2384225320034966
Medium;0.8504629907401852;0.2333333333333333;0.1032060041954781
Unknown;0.6346273074538509;0.1446540880503144;0.2423402351857022
Unknown;0.9603007939841204;0.2531328320802005;0.0849900495301685
Unknown;0.4102717945641087;0.1666666666666666;0.364821311406981
High;0.4046719065618687;0.3777777777777777;0.3271076355988477
Control;0.3319933601327973;-0.1388888888888889;-0.1371687347685488
Unknown;0.0468390632187356;0.5555555555555556;0.830506690947012
Unknown;0.6485470290594189;0.231060606060606;-0.1440565541022763
Unknown;0.2775944481110378;0.2019704433497537;0.317930570976037
Unknown;0.1898762024759504;-0.5555555555555556;-0.6648165950647879
Unknown;0.3592728145437091;-0.2330827067669172;-0.2577890329512969
Unknown;0.2283954320913581;0.3205128205128205;0.4656330316019229
Unknown;0.9700205995880082;0.04;0.0827440603796502
Unknown;0.5777084458310834;-0.1792207792207792;-0.2204954547712913
Unknown;0.2337953240935181;-0.1564625850340136;-0.5362030103998026
Unknown;0.0237595248095038;0.5679012345679012;0.6589254113871629
Unknown;0.0047599048019039;0.5902777777777778;0.9497635251606548
Unknown;0.741905161896762;-0.0739436619718309;0.1633875411110499
Control;0.8907421851562969;0.391025641025641;0.1073775185023794
Unknown;0.1592368152636947;0.4296296296296296;0.5935575382249932
Unknown;0.5230695386092278;0.0880503144654088;0.2928774020383508
Control;0.7138657226855463;0.0493506493506493;0.1860190488015243
Unknown;0.4159516809663807;-0.3333333333333333;-0.3595461347788418
Control;0.0048399032019359;0.6047619047619047;0.6833716237652456
Medium;0.5673886522269554;-0.3295454545454545;-0.1945615341987264
Unknown;0.1656366872662546;-0.0317460317460317;-0.6830078613573035
Unknown;0.2382752344953101;0.3782051282051282;0.4250260953929793
Unknown;0.0985980280394392;0.3380952380952381;0.4130110815121166
Unknown;0.1563968720625587;-0.0255102040816326;-0.881424587151348
Unknown;0.5575488490230195;0.1259259259259259;0.2846058333798034
Unknown;0.1565568688626227;-0.1098484848484848;-0.5731494670700547
Unknown;0.2123157536849263;0.2811059907834101;0.4885111383551629
Unknown;0.5393092138157237;0.1132075471698113;0.258991553591321
Unknown;0.0004799904001919;-0.5205811138014528;-2.192373127986749
Control;0.4005919881602368;0.1266666666666666;0.3624416734873087
Unknown;0.1433971320573588;-0.0488888888888888;-1.2041777740317765
Unknown;0.8518229635407292;0.0;-0.0045976899078862
Unknown;0.0020399592008159;0.7243589743589743;1.206410707872596
Low;0.368472630547389;-0.344;-0.5292293939393662
Unknown;0.0458790824183516;0.3710691823899371;0.7575455277601784
Unknown;0.0019199616007679;-0.3687943262411347;-2.0036264821229204
Unknown;0.4337113257734845;-0.0119047619047619;0.3010094074156048
Unknown;0.1957960840783184;0.2167487684729064;-0.865332655187137
Unknown;0.8985420291594168;0.2448979591836734;-0.0178930002337303
Unknown;0.2194356112877742;0.5419501133786848;0.4793680460017344
Unknown;0.3296334073318533;0.1;0.4093995889435819
Unknown;0.6798264034719306;0.1530612244897959;0.2783764796285543
Unknown;0.0267594648107037;-0.6088888888888889;-1.1801890744949213
Low;0.3257534849303014;-0.0023809523809523;-0.4116233634436224
Unknown;0.0001599968000639;0.9555555555555556;1.3076805658695163
Medium;0.0476390472190556;-0.4666666666666667;-1.4116316280514996
Unknown;0.0005599888002239;0.7307692307692307;0.8796137592315326
Low;0.873862522749545;-0.0367816091954023;0.0885737892149585
Unknown;0.0299594008119837;-0.574025974025974;-1.0456988988088598
Unknown;0.1404371912561748;0.2193877551020408;0.5575361102808225
Unknown;0.8001439971200576;-0.08;0.2310293695521502
Unknown;0.0006399872002559;0.6942355889724311;0.6568299610493042
Unknown;0.4217915641687166;0.1884057971014492;0.3524277950519374
Unknown;0.2285554288914221;-0.3955555555555555;-0.6396118332570221
Unknown;0.5161496770064599;-0.2622222222222222;-0.2930548769658136
Unknown;0.0066798664026719;0.5502645502645502;0.6748436489725008
Low;0.1123577528449431;-0.5022222222222222;-0.7951685947636222
Unknown;0.3897922041559168;-0.3191489361702128;-0.0938008482456711
Unknown;0.1523969520609587;0.0992907801418439;-0.7684467297112173
Unknown;0.0977580448391032;-0.3866666666666666;-0.8251807319708845
Unknown;0.3072338553228935;0.2160493827160493;0.3129964662480975
Unknown;0.0034799304013919;0.7278911564625851;1.1302372485704888
Control;0.1065578688426231;-0.1572327044025157;-0.8912321950286709
Unknown;0.1337573248535029;0.2230769230769231;0.4916381071064457
Unknown;0.5991480170396593;0.0222222222222222;0.2996442551315202
Medium;0.1368772624547509;0.391025641025641;0.5967006227411703
Unknown;0.2899142017159656;-0.2496194824961948;-0.3788257966636046
Unknown;0.2890742185156297;0.2266666666666666;0.4726300057973866
Medium;0.6146677066458671;-0.1699346405228758;-0.1648430469929429
Unknown;0.3894722105557889;-0.0666666666666666;-0.3396656166380155
Unknown;0.0037999240015199;0.673469387755102;0.8522164551684732
Unknown;0.113757724845503;0.291005291005291;0.5070502420454881
High;0.2141957160856782;0.3832199546485261;0.4857439934173695
Unknown;0.3198736025279494;0.1224489795918367;-0.363006920234504
Unknown;0.2822343553128937;0.3220338983050847;0.3575093543485172
Control;0.3345933081338373;0.3134920634920635;0.3379163762421102
Unknown;0.0001599968000639;-0.7884615384615384;-1.877276328505813
Unknown;0.1870362592748145;0.3006535947712418;0.5676826536634595
Unknown;0.0674786504269914;-0.3333333333333333;-0.8640777888462136
Unknown;0.0002399952000959;0.8133333333333334;1.1577282500799253
Unknown;0.0740785184296314;0.4733333333333333;0.7347533276108377
Unknown;0.0332393352132957;0.4285714285714285;0.7675089078765165
Unknown;0.0325593488130237;0.4973544973544973;0.6096758959655925
Unknown;0.6499070018599628;0.1428571428571428;0.2175801801329388
Unknown;0.6418671626567468;0.0141843971631205;0.2116510091815278
Unknown;0.243715125697486;-0.4488888888888889;-0.3780745872512776
Unknown;0.6041479170416592;-0.0694444444444444;0.302001159584336
Unknown;0.9416611667766644;-0.0709219858156028;0.0239381701896854
Unknown;0.1733165336693266;-0.1703703703703703;-0.6247214468546546
Unknown;0.6832263354732905;0.019047619047619;-0.1410732490937292
Unknown;0.5729085418291634;-0.1205673758865248;-0.0408807867571661
Unknown;0.249755004899902;0.0296296296296296;-0.6035304116409596
Unknown;0.3385532289354213;-0.1134751773049645;-0.4019675563706184
Unknown;0.0722785544289114;0.4145854145854146;0.554252269578056
Unknown;0.983580328393432;-0.2108843537414966;0.1271132657105566
Control;0.0037199256014879;0.7955555555555556;1.2767394040502646
Unknown;0.2325553488930221;-0.4042553191489361;-0.5853371639951159
Unknown;0.4521909561808764;-0.6;-0.2728533495478472
Control;0.4556708865822683;-0.2777777777777778;-0.2825023599336231
High;0.0283994320113597;0.5424836601307189;0.7545643990712082
Unknown;0.1431971360572788;-0.1854636591478696;-0.6612241704724208
Unknown;0.0009250693802035;0.9407407407407408;0.8995198499870708
Unknown;0.3064338713225735;-0.425531914893617;-0.4866454273918735
Unknown;0.1089978200435991;-0.3840579710144927;-0.8568242436643365
Unknown;0.1122377552448951;0.3660130718954248;0.5660106311940432
Unknown;0.3899122017559648;0.0972222222222222;0.3489610635449888
Unknown;0.0204395912081758;0.6088888888888889;0.7237235690452622
Unknown;0.505909881802364;-0.2767295597484276;-0.2224420670496798
Unknown;0.3311133777324453;-0.2056737588652482;-0.415094249197733
Unknown;0.3206040048145311;-0.2222222222222222;-0.5658501479795951
Control;0.0506389872202555;0.4150943396226415;0.6273125106635948
