Dosage;p-value;Cliff's Delta;Cohen's D
Low;0.0569188616227675;0.4023144996596324;0.5559036879912457
Medium;0.0385992280154396;-0.5833333333333334;-0.9965205673662156
Unknown;0.0015199696006079;-0.6855345911949685;-1.5604623453805522
Unknown;0.0572788544229115;0.5416666666666666;0.7647947499295475
Control;0.0802383952320953;0.3896713615023474;0.6078265666332187
Medium;0.0827983440331193;0.3833333333333333;0.7006734002586027
Medium;0.0006799864002719;0.8755760368663594;1.1145747289597068
Unknown;0.5508689826203476;0.3981481481481481;-0.1868355082254253
Control;0.0022799544009119;0.6820987654320988;1.0663970965042595
Control;0.0089198216035679;0.5812807881773399;0.819637251113358
Unknown;0.0064398712025759;0.556923076923077;0.886152548334549
High;0.0011599768004639;0.7884615384615384;1.2574556882587231
Unknown;0.2581948361032779;0.1580188679245283;0.3417733382227066
Low;0.489630207395852;-0.0044444444444444;0.3329319638934429
Unknown;0.0827983440331193;0.5617283950617284;0.6730633959698389
Unknown;0.0811583768324633;-0.46875;-0.7814482822665421
Unknown;0.7608647827043459;-0.2753623188405797;0.0629736688141706
Unknown;0.0893982120357592;0.4755555555555555;0.7570871597676188
Unknown;0.0683186336273274;0.3884711779448621;0.7385582318150833
Unknown;0.7048259034819304;0.0340136054421768;-0.1529541895821995
Unknown;0.0008799824003519;0.6507936507936508;1.5091330089527226
Unknown;0.0046399072018559;0.5071428571428571;0.9558778403973106
Low;3.999920001599968e-05;0.8625730994152047;1.6242782884999356
Control;0.0778784424311513;-0.2901234567901234;-0.8832039226015832
Unknown;0.0019199616007679;-0.75177304964539;-1.3874450608799842
Unknown;0.0307193856122877;-0.6340579710144928;-1.008847019600987
Unknown;0.6847863042739145;0.0592592592592592;0.1971303167445556
Unknown;0.5700685986280274;0.0577777777777777;0.2795643664089213
Unknown;0.5151096978060439;0.25;0.3191749857920545
Unknown;0.6638267234655307;-0.1481481481481481;-0.1046003837080265
Medium;0.0043199136017279;0.5362962962962963;0.971598335143895
Low;0.0520389592208155;0.4715909090909091;0.6961798564902597
Unknown;0.8960620787584248;0.0476190476190476;-0.0075612022067019
Unknown;0.0027199456010879;-0.5198412698412699;-1.1934237621463226
Unknown;0.0019599608007839;0.8163265306122449;1.0624316743887026
Unknown;0.0041599168016639;0.495049504950495;0.8582407419050532
Unknown;0.0002399952000959;0.6844993141289437;1.344954223151771
Control;0.0820383592328153;0.3171717171717171;0.5427756432526685
Control;0.0228395432091358;-0.5888888888888889;-1.219185928974826
Medium;0.2891142177156456;0.1328125;0.4058394200539815
Unknown;0.1366372672546549;0.4044444444444444;0.6997386071308936
Unknown;0.0103597928041439;0.4308943089430894;0.8016801635603831
Unknown;0.6101877962440752;-0.4133333333333333;-0.1916668443509931
Control;0.0207995840083198;0.5987654320987654;0.791715284448214
Unknown;0.7259854802903942;0.0754716981132075;0.1660500927123146
Unknown;0.1531969360612787;-0.6594202898550725;-0.7194222908797004
High;0.0276394472110557;0.5822222222222222;1.0796191527984542
Unknown;0.2949141017179656;-0.328042328042328;-0.4194182506588946
Control;0.3952720945581088;0.1403061224489795;0.3428791363143683
Control;3.999920001599968e-05;0.8701298701298701;1.7151638198514
High;0.7591048179036419;0.1041666666666666;0.1368352053848623
Unknown;0.0969580608387832;-0.4855072463768116;-0.752787303436268
Unknown;0.7442651146977061;0.0;0.2029896119511445
Unknown;0.7245455090898182;0.1020408163265306;-0.1206056844041891
Unknown;0.0203195936081278;0.3619047619047619;1.014751129884018
Unknown;0.0011999760004799;-0.8207792207792208;-1.286498723784107
Unknown;0.2153556928861422;0.1493055555555555;0.4477784783297402
Unknown;0.119997600047999;0.1229338842975206;0.4786625977879267
Unknown;0.0001999960000799;0.8055555555555556;1.9328920345406349
Unknown;0.6360672786544269;0.0847457627118644;0.1873028262934152
Unknown;0.0009199816003679;-0.7047619047619048;-1.2875880403361992
Unknown;0.0107997840043199;0.5059523809523809;0.8171774313710141
Unknown;0.0303993920121597;0.5933333333333334;0.8089648875294281
Control;0.3597528049439011;0.4647435897435897;0.4093780436747915
Unknown;0.0044799104017919;0.5372907153729072;0.9687206787842244
Control;0.1501569968600627;-0.5952380952380952;-0.6423097634603897
Unknown;0.5353892922141558;0.1446540880503144;0.2640097266202581
Medium;0.7988240235195296;-0.0130718954248366;0.1348162198630464
Unknown;0.1701565968680626;-0.4333333333333333;-0.5709301684496019
Unknown;0.0103597928041439;-0.7185185185185186;-1.270945278950122
Unknown;0.2711945761084778;-0.3605442176870748;-0.53022923261661
Unknown;0.2369152616947661;-0.1259259259259259;-0.5251358742835515
Unknown;0.0005999880002399;0.5304232804232805;0.7351416096807845
Low;0.0056398872022559;0.7028985507246377;0.7773068286151081
Unknown;0.8447431051378972;-0.0972222222222222;0.0808132207898846
Unknown;0.4344713105737885;-0.2638888888888889;-0.3380691271782023
Unknown;7.999840003199936e-05;0.5366639806607575;0.852656188838497
Unknown;0.4314713705725885;0.0266666666666666;-0.3355709314063691
Unknown;0.0089198216035679;0.6976744186046512;1.2407082571686303
Unknown;0.0009999800003999;-0.8260869565217391;-1.8131184572905903
Unknown;0.3031939361212776;-0.053030303030303;-0.4491579736052675
Unknown;0.5253094938101238;0.1914893617021276;0.2865418704557284
Unknown;0.0057198856022879;0.6182669789227166;0.9787273443375308
Unknown;0.2048759024819503;-0.3925925925925926;-0.5613973850790723
Control;0.0281194376112477;0.4092827004219409;0.7383283986163358
Unknown;0.0172396552068958;-0.5763546798029556;-1.1711496846378668
Unknown;0.0012799744005119;-0.7515723270440252;-1.5096052855082924
Unknown;0.0062398752024959;-0.5851851851851851;-1.2667525742864447
Unknown;0.0099998000039999;0.5;0.8372928956120318
Unknown;0.0010781438675176;0.8666666666666667;2.102706541064288
Unknown;0.6493470130597389;0.0912698412698412;0.173637899377381
Low;0.0307993840123197;0.4615384615384615;0.7685675657349452
Unknown;0.5448691026179476;0.3333333333333333;0.2841683056100635
Unknown;0.0004399912001759;0.782312925170068;1.3078646215915075
Unknown;0.0903181936361272;0.4583333333333333;0.7210005948102417
Unknown;0.2884742305153897;-0.4097222222222222;-0.4296968018757275
Control;0.0014399712005759;0.71875;1.2140525556379658
Unknown;0.1864362712745745;0.3866666666666666;0.6235108732848652
Unknown;7.999840003199936e-05;0.7638888888888888;1.3643003995654204
Unknown;0.1356372872542549;0.2841068917018284;0.5362257016572886
Unknown;0.1259174816503669;0.3439153439153439;0.6097637577492557
Unknown;0.3899522009559809;-0.0915032679738562;-0.3725820290449956
Unknown;0.0563988720225595;0.5092592592592593;0.677381687588055
Unknown;0.3475930481390372;-0.1173076923076923;-0.3543802034557974
Unknown;0.0002399952000959;0.6173913043478261;1.051525244598268
Unknown;3.999920001599968e-05;0.7253086419753086;1.5774231364957545
Unknown;0.0914781704365912;-0.4296296296296296;-0.7700746516051039
Unknown;0.9014219715605688;0.1088435374149659;-0.0989892861153045
Unknown;0.0376392472150556;0.5733333333333334;0.913217315939904
Low;3.999920001599968e-05;0.7843137254901961;1.2676805618295413
Unknown;0.0008399832003359;0.5795454545454546;0.9453123069495034
Unknown;0.0007199856002879;0.8347578347578347;1.207062270886325
Unknown;0.0097198056038879;0.7191283292978208;0.9493568196890516
Unknown;0.9726605467890642;-0.0031446540880503;0.0317690065874087
Unknown;0.7145857082858342;-0.1670886075949367;-0.1138484125701099
Unknown;0.0204795904081918;0.4358974358974359;1.3847780443282816
Low;0.0186796264074718;0.4861111111111111;0.761189422692047
Unknown;0.0233995320093598;0.3333333333333333;1.1365032340697865
Unknown;0.0009999800003999;-0.7925925925925926;-1.7649461232144517
Unknown;0.0006799864002719;-0.7925925925925926;-2.0044574605210976
Unknown;0.1031579368412631;0.1884615384615384;0.5606713039759985
Unknown;0.4729105417891642;-0.4389610389610389;-0.264717242502526
Unknown;0.3082738345233095;-0.1606382978723404;-0.3380009096308676
Unknown;0.6625067498650027;0.1022222222222222;0.219629258140825
Unknown;0.0111197776044479;0.5482456140350878;1.0162380944186529
Unknown;0.624827503449931;-0.2484848484848484;-0.2158300246458881
Unknown;0.2234355312893742;0.1333333333333333;0.5444790849820331
High;0.5588288234235316;-0.3333333333333333;-0.2573547293231303
Unknown;0.7166656666866663;0.108695652173913;-0.141614975003809
Unknown;0.0003599928001439;0.8597402597402597;0.993394132304866
Unknown;0.0234395312093758;0.4592592592592592;0.7818566408763973
Unknown;0.9030619387612248;-0.2083333333333333;0.1153987493784235
Unknown;0.2323553528929421;0.2977777777777777;0.563281897933529
Low;0.0995180096398072;0.5289855072463768;0.7481714090013705
Unknown;0.0576788464230715;0.4333333333333333;0.6509786689397171
Unknown;0.0003599928001439;0.7532467532467533;1.4160161694276734
Unknown;0.0743985120297594;-0.3974025974025974;-0.7742868993527172
Unknown;0.0291594168116637;-0.4927536231884058;-1.04393259197968
Unknown;0.6566668666626667;0.14;0.1970802435219213
Unknown;0.0300393992120157;-0.6;-1.0025778799362728
Control;0.2392752144957101;0.1851851851851851;0.4682511417785451
Control;0.114437711245775;0.5220125786163522;0.534402547275318
Unknown;0.0310393792124157;-0.673202614379085;-1.0699345880146551
Unknown;0.6831063378732425;0.12;0.2069013177271051
Unknown;0.6313873722525549;0.220125786163522;0.1514073856548065
Unknown;0.7184656306873862;-0.1604938271604938;-0.1687273367479947
Medium;0.2724745505089898;0.1506734006734006;0.3395699893260173
Unknown;0.1647967040659186;0.4539007092198581;0.6107442491971773
Unknown;0.1799564008719825;-0.0121527777777777;0.5192316014891185
Unknown;0.0944781104377912;-0.4888888888888889;-0.7504767720361101
Unknown;0.1853562928741425;0.3928571428571428;0.4910864617332117
Control;0.0248795024099518;0.5518207282913166;0.881380750113137
Unknown;0.7024659506809864;0.1635220125786163;0.1269454363464865
Unknown;0.0802383952320953;0.5408163265306123;0.8048132716660786
Unknown;0.0190396192076158;0.6133333333333333;1.1556554743275658
Unknown;0.7233055338893222;-0.1830065359477124;0.0597445623637642
Unknown;3.999920001599968e-05;0.8121878121878122;1.6216703897833704
Unknown;0.2808743825123497;-0.4206349206349206;-0.4855586413856146
Unknown;0.1714365712685746;0.0914239482200647;-0.437816893925983
Unknown;0.0001199976000479;0.9022222222222224;1.6149838161235863
Unknown;0.7642647147057059;-0.1012987012987013;-0.1104823340246452
Unknown;0.0812383752324953;-0.3594771241830065;-0.775451604468594
Unknown;0.1064778704425911;-0.3688888888888889;-0.8534202181577147
Low;0.0015599688006239;0.7152777777777778;1.354679806879299
Unknown;0.1134377312453751;-0.4640522875816993;-0.6968110905793995
Unknown;0.4131917361652767;0.0133333333333333;-0.355942226532778
Medium;0.0087198256034879;0.5522388059701493;0.8995150121392879
Unknown;0.6170676586468271;0.010204081632653;0.1226999128588312
Unknown;0.7844643107137858;-0.0757575757575757;0.1350639621807387
Unknown;0.0142397152056958;0.6133942161339422;0.9301294897085424
Unknown;0.0017999640007199;0.634090909090909;0.7978063474591811
Unknown;0.0082398352032959;-0.5377777777777778;-1.742199596567962
Unknown;0.6774264514709706;0.0;0.1747768200498348
Low;0.0036399272014559;0.7578692493946732;0.9699711925596942
Unknown;0.0070398592028159;0.5578231292517006;1.3009796421101727
Unknown;0.0440391192176156;-0.6133333333333333;-0.9529080643840676
Unknown;0.1598768024639507;-0.36;-0.6420069317841874
Unknown;0.5597888042239155;0.0705128205128205;0.2652032242183849
High;0.992060158796824;-0.1653846153846153;0.0279422525931209
Unknown;0.8251834963300734;0.0844444444444444;-0.0796369739344631
Unknown;0.1899162016759664;-0.3333333333333333;-0.6583565417540904
Low;0.0776784464310713;0.3714285714285714;0.7070461828498525
Unknown;0.9645007099858004;-0.0829268292682926;0.0505950706269241
Low;0.1623967520649587;0.2648401826484018;0.4714609086298765
High;0.3867122657546849;-0.2259259259259259;-0.2904402467805319
Unknown;0.3197936041279174;-0.2814814814814815;-0.4375513315315733
Control;0.0073998520029599;0.5928571428571429;0.8708607011853093
Unknown;0.2673546529069419;-0.0672210672210672;0.3218980664831971
Unknown;0.3189936201275974;-0.2108843537414966;-0.4327758177946711
Unknown;0.0017599648007039;0.6727272727272727;1.1004356066913406
Unknown;0.2736345273094538;-0.4844444444444444;-0.5045482992868003
Unknown;0.0017599648007039;-0.8074074074074075;-1.5978370320422306
Medium;0.0019199616007679;0.7777777777777778;1.3268167556967103
Unknown;0.0155996880062398;0.5037878787878788;0.8790217211322376
Medium;7.999840003199936e-05;0.8742138364779874;1.9300407720767496
Unknown;0.0094398112037759;0.8235294117647058;1.0896835927780315
Unknown;0.2317553648927021;0.3201058201058201;0.4841602790484503
Unknown;0.6722665546689066;0.0833333333333333;0.1843631340720002
Unknown;0.6073878522429551;0.1896103896103896;0.2004130442709206
Control;0.7126257474850503;-0.074074074074074;-0.1621746948999108
Unknown;0.3211135777284454;-0.2585034013605442;-0.3803553608945796
Unknown;0.1675566488670226;0.2866666666666667;0.5682336293877818
Unknown;0.0159596808063838;0.673469387755102;1.0281175708974952
Unknown;0.0361592768144637;0.5069444444444444;0.8259562691485175
Unknown;0.5486690266194676;-0.0072463768115942;-0.2565390397377665
Low;0.1428371432571348;-0.4492753623188406;-0.6707194120267871
Unknown;0.622147557048859;-0.0666666666666666;-0.2111880567561009
Unknown;0.4349913001739965;-0.2056737588652482;-0.3373443878987548
Unknown;0.0681986360272794;0.4440298507462686;0.6850340366117954
Unknown;0.1561568768624627;-0.2280701754385964;-0.6137847009069123
Low;7.999840003199936e-05;0.7307692307692307;1.181141161897093
Unknown;0.0011599768004639;0.5430232558139535;0.9887693275731078
Unknown;0.3623127537449251;0.2023809523809523;0.3733734441646973
Low;0.1080378392432151;0.4740740740740741;0.662617201916617
Unknown;0.1839563208735825;-0.4518518518518518;-0.5966547468811204
Control;3.999920001599968e-05;0.9090909090909092;2.1253677752453157
Unknown;0.0058798824023519;0.6509433962264151;1.1623786381559829
Unknown;0.8198636027279455;0.1057692307692307;0.0904141738605445
Unknown;0.2729945401091978;-0.4044444444444444;0.3783063089267972
Unknown;0.3934321313573728;-0.2345679012345679;-0.3633111190302468
Low;0.0014799704005919;0.645021645021645;1.191759249990188
Unknown;0.0120797584048319;0.6159420289855072;0.9510538274837868
Unknown;0.9585008299834004;-0.0444444444444444;0.0110447114400018
Unknown;0.0815983680326393;-0.3793103448275862;-0.7090763731198853
Unknown;0.0017199656006879;-0.6140350877192983;-1.4360775784262336
Control;0.0023199536009279;0.6439393939393939;0.904612142276839
Unknown;0.4788704225915481;0.3055555555555556;0.3241622756164577
Medium;0.3615927681446371;-0.3833333333333333;-0.4022983254634042
Unknown;0.8474230515389692;0.0266666666666666;0.1495201359726291
Unknown;0.3873122537549249;-0.3985507246376811;-0.3777572175554629
Unknown;0.2868742625147497;-0.2977777777777777;-0.5163949724795777
Medium;7.999840003199936e-05;0.7806122448979592;1.1276908166050024
Unknown;3.999920001599968e-05;0.6842377260981912;1.2589503243864717
Unknown;0.24127517449651;0.3733333333333333;0.4712603054068989
Unknown;0.9077018459630808;-0.0921985815602836;0.0494850569907859
Unknown;0.115317693646127;0.4726190476190476;0.5421575537315819
Control;0.0118797624047519;0.5098522167487685;0.7547425945215046
Unknown;0.3661526769464611;0.1259259259259259;0.3922486892017623
Control;3.999920001599968e-05;0.7795950155763239;1.22650246418342
Medium;0.0063598728025439;0.5528120713305898;0.9043322364373167
Unknown;0.7799044019119618;-0.1662921348314607;-0.0723431759706672
Unknown;0.6622267554648907;-0.0814393939393939;0.1407617412290447
Unknown;0.4141917161656767;-0.40234375;-0.2897665275959568
Unknown;0.0674786504269914;0.5066666666666667;0.7276132459258192
High;0.0001199976000479;0.8562091503267973;1.7977814408498864
Low;0.2799544009119817;0.1224489795918367;0.4352482828295842
Unknown;0.0001199976000479;0.8962962962962963;1.9484021072625404
Low;0.0027999440011199;0.7006802721088435;0.9035699237937675
Unknown;7.999840003199936e-05;-0.8263888888888888;-2.281955304988581
Unknown;7.999840003199936e-05;0.9545454545454546;1.6416171231175885
Unknown;0.4381112377752445;-0.0985221674876847;-0.3137528908968373
Unknown;0.9580208395832084;-0.1458333333333333;-0.02832490586262
High;0.3487930241395172;0.1777777777777777;0.4265256488121448
Unknown;0.4827103457930841;-0.2404494382022471;-0.2342721545131818
Unknown;0.743745125097498;-0.0266666666666666;-0.1231586016975321
Unknown;0.0748785024299514;0.4666666666666667;0.8485804533251322
Unknown;0.0097598048039039;0.5049226441631505;0.7722048638635107
Unknown;0.3925306192858375;0.3166666666666666;0.4782596780017695
Unknown;0.6144677106457871;0.1186440677966101;0.213265683441141
Unknown;0.9105417891642168;0.076036866359447;0.06780951401828
Unknown;0.3814323713525729;0.1489361702127659;0.3893963914140969
High;0.0004399912001759;0.861904761904762;1.4742561549048274
Unknown;0.0871582568348633;-0.5555555555555556;-0.7255157158676948
Medium;0.0016399672006559;0.6448412698412699;1.0413507685680463
Control;0.0078398432031359;0.7142857142857143;1.0161304720200706
Unknown;0.1070378592428151;-0.5106382978723404;-0.7580592647900442
Unknown;0.0132797344053118;-0.6370370370370371;-1.1367700161607734
Unknown;0.0859182816343673;0.3621794871794871;0.763416701735433
Unknown;0.9757804843903122;-0.0311111111111111;0.0396758576036012
Unknown;0.0035999280014399;0.6814814814814815;1.2577038513286125
Unknown;0.0301593968120637;-0.5229591836734694;-0.8711858369233855
Control;0.4694706105877882;0.0471841704718417;-0.2311408151032915
Unknown;0.2777144457110858;-0.2943262411347517;-0.4777020344546256
Unknown;0.2336353272934541;0.2977777777777777;0.569108108414869
Unknown;0.4439511209775804;-0.1768707482993197;-0.3283429189894111
Unknown;0.2319953600927981;-0.2941176470588235;-0.5220810236289481
Unknown;0.0481190376192476;0.41796875;0.7500451355447468
Medium;0.0035599288014239;0.6174242424242424;1.0677228452160974
Unknown;0.0016399672006559;0.4768518518518518;0.8537970484666737
Unknown;0.0120797584048319;0.5413533834586466;0.9362082271541668
Unknown;0.5388692226155477;0.2013888888888889;0.2665271566138695
Control;0.5145897082058359;0.2127659574468085;0.3058517112486661
Unknown;0.0420791584168316;0.5;0.9051634993882584
Unknown;0.0261194776104477;-0.5466666666666666;-1.0307055461854355
Unknown;0.0313593728125437;0.7924528301886793;1.1079375145759522
Unknown;0.0554788904221915;-0.5401234567901234;-0.8718690506153939
Unknown;0.9529809403811924;-0.1288888888888889;0.0536154011210776
Unknown;0.2115157696846063;-0.2164705882352941;-0.4204292534963689
Unknown;0.0011599768004639;-0.4991582491582491;-1.0679066992646769
Medium;0.0877982440351193;0.5193423597678917;0.5317979237169659
High;0.8229835403291934;-0.0408163265306122;0.1006876890209997
Unknown;0.0478790424191516;-0.5911111111111111;-0.9951801272414438
Unknown;0.0295994080118397;0.4166666666666667;0.8709463929720666
Unknown;0.0888782224355512;0.057471264367816;0.8496553603548755
Unknown;0.6795464090718185;-0.3383458646616541;-0.1804616381110231
Unknown;0.0287994240115197;0.3765432098765432;1.1672912086386371
Unknown;0.2377152456950861;-0.4444444444444444;-0.5191590441242165
Unknown;0.9703405931881364;-0.0204081632653061;-0.0135222462080055
Unknown;0.0270794584108317;-0.6347517730496454;-1.0720053579929507
Control;0.0057598848023039;0.4696428571428571;0.918714809638326
Unknown;0.0914381712365752;-0.5035460992907801;-0.7733058209111576
Unknown;0.0534789304213915;0.5352564102564102;0.9789106073474816
Medium;0.0053198936021279;0.6439393939393939;1.1190371291277803
Unknown;0.4529109417811643;-0.3333333333333333;0.2440825338046422
High;0.753264934701306;-0.1304347826086956;-0.1321022924486
Unknown;0.0003199936001279;-0.7283950617283951;-1.689019871372316
Unknown;0.0039199216015679;-0.7481481481481481;-1.759920518381646
Unknown;0.0520389592208155;-0.5786163522012578;-0.9218047635752132
Unknown;0.5210295794084119;0.3572607260726073;0.2003096895281357
Unknown;0.0444391112177756;0.5636363636363636;0.9837986085376688
Unknown;0.5941881162376752;-0.0638297872340425;-0.2129986969639321
Low;0.0615987680246395;0.5466666666666666;0.7787696358995637
Unknown;0.0101997960040799;-0.6370370370370371;-1.1557887021151108
Unknown;0.0512789744205115;0.4466666666666666;0.9238336245158804
Unknown;0.3238335233295334;-0.3055555555555556;-0.4341093028231742
Unknown;0.0685586288274234;0.3061224489795918;0.6802694330790402
Unknown;0.253754924901502;-0.2767295597484276;-0.4948524512570941
Unknown;0.1284774304513909;0.419753086419753;0.5992176762245084
Control;0.0148397032059358;0.5307692307692308;0.8968978368471643
Unknown;0.0639587208255834;-0.6622222222222223;-0.9108447775236216
Unknown;0.6802663946721066;-0.1330049261083744;-0.1465696675397908
Unknown;0.117477650446991;0.6284722222222222;0.7022869949776273
Unknown;0.0401191976160476;0.6133333333333333;0.9160986351493668
Unknown;0.0874782504349913;-0.4375;-0.8105260315930906
Unknown;0.0091598168036639;0.7155555555555555;1.0111172673015756
Medium;0.0030399392012159;0.7435897435897436;1.5800883403180064
Unknown;0.0017999640007199;-0.7743055555555556;-1.300557279527945
Low;0.9083818323633528;-0.1659451659451659;0.0544144533392197
Unknown;0.6332273354532909;0.0541871921182266;0.1944689899624202
Unknown;0.6809063818723625;-0.3365384615384615;-0.1576611092527934
Unknown;0.5869482610347793;0.2488479262672811;0.21731233772437
Unknown;0.623027539449211;-0.0625;-0.1849633421287341
Unknown;0.0535189296214075;0.562962962962963;0.8368399221862307
Unknown;0.4204315913681726;0.3155555555555555;0.3906674659200081
Unknown;0.5143097138057239;0.1428571428571428;0.2691117180725885
Unknown;0.632947341053179;-0.2074074074074074;-0.2228170384582915
Unknown;0.1083978320433591;-0.4964539007092198;-0.7434636733847513
Unknown;0.0004799904001919;-0.6666666666666666;-2.042922468507469
Unknown;0.4315513689726205;-0.1333333333333333;-0.366032111443346
Unknown;0.0073998520029599;0.5925925925925926;1.068219716482954
Unknown;0.0773984520309593;-0.4358974358974359;-0.7747511423928279
Unknown;0.1335173296534069;0.427734375;0.5668674075339152
Low;0.8009039819203616;0.3054187192118227;-0.0531778358837321
Unknown;0.0007599848003039;0.75;1.48074521459025
Unknown;0.0245195096098078;-0.64;-1.0725845306468071
Unknown;0.1905161896762064;-0.5111111111111111;-0.6481661589958799
Unknown;0.5852682946341073;-0.1047794117647058;-0.1891188760332045
Unknown;0.1306373872522549;0.4976958525345622;0.6470212673071796
Low;0.0221595568088638;-0.4592592592592592;-1.0967653444387395
Unknown;0.9419011619767604;-0.0044444444444444;-0.0033965017140985
Unknown;0.0002399952000959;0.8844444444444445;1.858646223366684
Unknown;0.0190396192076158;0.4965986394557823;1.0351395111046766
Unknown;0.0222395552088958;0.5246753246753246;0.9381054778252732
Unknown;0.0261194776104477;0.5289855072463768;0.8265679340574034
Unknown;3.999920001599968e-05;0.8074074074074075;1.4520207197071844
Unknown;0.0003599928001439;0.9111111111111112;2.154084923864769
Unknown;0.0841983160336793;-0.3768115942028985;-0.8189643236925879
Unknown;0.7201855962880742;0.0869565217391304;-0.1455595297689766
Control;0.0291594168116637;0.3797348484848485;0.7245058153352467
Unknown;0.0246395072098558;-0.6268115942028986;-1.1773240895094077
Unknown;3.999920001599968e-05;0.7205882352941176;1.5257542241156892
Unknown;0.0034399312013759;0.7333333333333333;1.3979221610047068
Unknown;0.0171996560068798;0.674074074074074;1.0601419243288426
Unknown;0.0050798984020319;0.7185185185185186;1.2442533986078543
Unknown;7.999840003199936e-05;0.9290780141843972;1.792119434151211
Unknown;0.8382352941176471;-0.053763440860215;-0.1176935281026346
Unknown;0.0239595208095838;-0.4652777777777778;-1.048945291988854
Unknown;0.4107117857642847;0.2827380952380952;0.3330131436385213
Medium;0.0001199976000479;0.8427672955974843;1.7196069519240242
Unknown;0.0293194136117277;0.4620689655172413;0.699329730584398
Unknown;0.2634347313053738;0.1989795918367347;0.4527447661035936
Unknown;0.0070798584028319;-0.6444444444444445;-1.3294682824150152
Unknown;0.7006259874802504;-0.1231884057971014;-0.1540250169097991
Unknown;0.0012799744005119;0.5682539682539682;1.038407411839128
Unknown;0.0552788944221115;-0.5277777777777778;-0.8969561691571243
Low;0.0025599488010239;0.631336405529954;1.177992832259214
Unknown;0.49695006099878;-0.2743055555555556;-0.3031856633104292
Unknown;0.2121557568848623;-0.1481481481481481;-0.5129823901821245
Unknown;0.1004779904401911;0.3775510204081632;0.6567912064699883
Unknown;0.0001199976000479;0.6442687747035574;1.1969589507946934
High;0.0923181536369272;0.5777777777777777;0.7919860754966846
Unknown;0.0694786104277914;-0.4822695035460992;-0.8404974920273954
Control;0.0408791824163516;0.238095238095238;0.7589709264863191
Unknown;0.5761884762304754;-0.1276595744680851;-0.2523081833931215
Medium;0.979020419591608;0.1358024691358024;0.0441387735124858
Unknown;0.3625927481450371;0.2169312169312169;0.3744009938481576
Unknown;0.4363636363636363;-0.4444444444444444;-0.65059568867038
Low;0.0014399712005759;0.7090909090909091;1.2017921216478784
Unknown;0.0249195016099678;0.5925925925925926;0.8316746484942724
Low;0.0014399712005759;0.6581632653061225;1.2226111243929263
Unknown;0.9036219275614488;-0.0326797385620915;-0.0247227882658442
Unknown;0.6578668426631468;0.0128205128205128;0.2065982711084212
Unknown;0.1275174496510069;0.5434782608695652;0.6625165685750946
Unknown;0.5127097458050839;-0.3546099290780142;-0.2950206082387844
Unknown;0.5173096538069238;-0.0141843971631205;0.287058863371516
Unknown;0.0088798224035519;0.5869565217391305;1.2545539611730891
Unknown;0.4638707225855483;0.1733333333333333;0.3656883313236312
Control;0.0164396712065758;-0.7345679012345679;-1.2084271607198156
Unknown;0.118157636847263;-0.4577777777777778;-0.7461662358026159
Unknown;0.9424611507769844;0.0211538461538461;0.0116326262525768
Unknown;0.6761864762704746;-0.1111111111111111;-0.1857998185343287
Control;0.0408791824163516;-0.1304347826086956;-1.0820080019428602
Unknown;0.1600367992640147;-0.1337868480725623;0.5525169322570205
Unknown;0.0339593208135837;0.3851851851851852;1.0390826578882957
Medium;0.1056778864422711;0.4056603773584906;0.702926657385929
Unknown;0.0195996080078398;-0.7189542483660131;-1.06721454165776
Low;0.0002399952000959;0.670995670995671;1.082751256423873
Unknown;0.0080398392032159;0.6041666666666666;1.2117289517212348
Control;0.0315193696126077;0.532051282051282;0.8033407030402746
Unknown;0.0012399752004959;0.485;1.2293857998847442
Unknown;0.3861522769544609;-0.2127659574468085;-0.3750291029935769
Unknown;0.0910381792364152;0.3976190476190476;0.6959383300193605
Medium;0.492870142597148;0.1925925925925926;0.312550790633059
High;0.0070398592028159;0.5925925925925926;1.0703477216267714
Unknown;0.3435531289374212;0.1597222222222222;0.4236000357189142
Control;0.4629507409851803;-0.2442307692307692;-0.2737959471703822
Unknown;0.8708225835483291;0.0382653061224489;0.0753633146926452
Unknown;0.0107997840043199;0.541871921182266;0.8350918707756186
Unknown;0.2660746785064298;0.2454545454545454;0.5335858418174204
Unknown;0.0186396272074558;-0.4094368340943683;-0.9590050571216936
Unknown;0.5429091418171637;0.1604938271604938;0.2656336556961345
Unknown;0.2299154016919661;0.3671875;0.4451306651683104
High;0.5670686586268274;-0.2345679012345679;-0.2360922703338032
Medium;0.7285054298914022;-0.2483660130718954;-0.1178300549373261
Unknown;0.9645407091858162;-0.0977777777777777;0.0574057430773749
Unknown;0.117797644047119;0.36;0.6555223840677923
Unknown;0.2286354272914541;0.3469387755102041;0.5162918188520935
Unknown;0.2641547169056619;0.3809523809523809;0.4446229223659114
Unknown;0.625707485850283;-0.0797101449275362;-0.1967028035971879
Unknown;0.0111997760044799;0.6666666666666666;1.0750209082123028
Unknown;0.8104637907241855;0.0679012345679012;0.122806702314337
High;0.0017999640007199;0.84;0.9092250607154144
Unknown;0.2933141337173257;-0.4466666666666666;-0.4293920723267437
Unknown;0.6109477810443791;-0.1347517730496454;-0.223140804297225
Unknown;0.0009199816003679;-0.8044444444444444;-1.7455241422695154
Unknown;0.6045879082418352;0.1949685534591195;-0.1859513990557345
Unknown;0.7557848843023139;0.0255102040816326;-0.1136007417721622
Unknown;0.7890242195156096;-0.1808510638297872;-0.1226583907449124
Unknown;0.0230395392092158;-0.662962962962963;-1.0130323420233307
Unknown;0.3500729985400292;0.12;0.4323927063829144
Control;0.0272794544109117;0.7393939393939394;1.0045236871278689
Unknown;0.1089178216435671;-0.391705069124424;-0.6598753771850399
Unknown;0.8469830603387932;-0.2176870748299319;-0.1019099180084542
Unknown;0.7164656706865863;0.1481481481481481;0.1776818540485331
Unknown;0.2779144417111657;0.1847826086956521;0.4763927902187358
Unknown;0.0439991200175996;0.5869565217391305;0.8043208084404713
Unknown;0.3940795559666975;-0.4444444444444444;-0.4759010578248454
Control;0.9457410851782964;-0.0289855072463768;0.0931012600528341
Low;0.2136357272854543;-0.4126984126984127;-0.5382365358541708
Unknown;0.0009199816003679;0.7101449275362319;1.0410757630253282
Medium;0.0461190776184476;0.4968553459119497;0.8189433069885116
Unknown;0.0769184616307673;0.3832039520112915;0.4659086009239739
Unknown;0.1929561408771824;0.0799031476997578;0.5360008675303107
Unknown;0.7246655066898662;-0.0555555555555555;-0.1451287303395009
Unknown;0.5479490410191796;-0.2592592592592592;-0.2415333182606594
Unknown;0.5585088298234036;0.3265306122448979;0.2963413937367573
Unknown;0.0297194056118877;-0.8044444444444444;-1.350286888323517
Unknown;0.0001199976000479;0.8725490196078431;1.08895929936725
Unknown;0.0654386912261754;-0.4576271186440678;-0.7798172221188525
Unknown;0.0395992080158396;0.4458128078817734;0.771176994904386
Unknown;0.9261014779704406;-0.0197044334975369;-0.0270301940926858
Unknown;0.5775884482310354;0.0886524822695035;0.254787288605473
Unknown;0.1571968560628787;-0.2781954887218045;-0.591180504640273
Unknown;3.999920001599968e-05;0.8843537414965986;1.6823441059488158
Unknown;0.1742765144697106;0.475177304964539;0.6294916979528863
Unknown;0.7391052178956421;0.1594202898550724;0.1631331388890999
Unknown;0.2791944161116778;-0.4148148148148148;-0.472046229595225
Unknown;3.999920001599968e-05;0.7358024691358025;1.4205730758258703
Unknown;3.999920001599968e-05;-0.6718954248366014;-1.8498990414071943
Unknown;0.751184976300474;0.1280788177339901;0.1630495382376197
Unknown;0.9945001099978;0.0;0.0050686427709076
Unknown;0.2045959080818383;0.5289855072463768;0.591616459689363
Unknown;0.7954240915181696;0.0133333333333333;0.1603024489161162
Unknown;0.0322393552128957;-0.5579710144927537;-0.9537024753138916
Unknown;0.0055598888022239;0.6006944444444444;1.4430787648079628
Unknown;0.0304393912121757;-0.4232804232804232;-0.9137278468615688
Unknown;0.123957520849583;-0.3290816326530612;-0.6391900849442629
Low;0.0039199216015679;0.6950354609929078;1.228755885861209
Medium;0.1901161976760464;0.3123486682808716;0.5281977386115071
Control;0.0094798104037919;0.4892857142857142;0.906389266899404
Unknown;0.3221535569288614;0.2971014492753623;0.4376331167221131
Unknown;0.1862762744745105;0.3333333333333333;0.6143803876049598
Unknown;0.0898382032359352;0.4231805929919137;0.6729153597930773
Unknown;0.7681046379072418;0.0306122448979591;-0.0973825052782013
Unknown;0.9310613787724246;-0.1527093596059113;0.013476856188778
Unknown;0.0071598568028639;0.5597189695550351;1.0459434366044138
Unknown;0.4121917561648767;-0.5277777777777778;0.2026281547306731
Unknown;0.0011999760004799;0.8222222222222222;1.4472575207650866
Unknown;0.9335813283734326;0.1632653061224489;0.0566048393931433
Unknown;0.0251194976100477;0.3952380952380952;0.8096742949703852
Unknown;0.0495990080198396;0.5739348370927319;0.8538931631962945
Unknown;0.1507969840603188;-0.4;-0.66207643191761
Unknown;0.2834343313133737;-0.4782608695652174;-0.4503644652287032
Control;3.999920001599968e-05;0.9166666666666666;1.749041648705252
Unknown;0.0626787464250715;-0.3688888888888889;-1.0055838636163046
Unknown;0.240835183296334;-0.3550724637681159;-0.5161181473682738
Unknown;0.5204295914081718;0.1173469387755102;0.2493289193827656
Unknown;0.1265974680506389;0.3984375;0.5880180000639978
Unknown;0.4027519449611008;0.201058201058201;0.3376972967579408
Unknown;0.0175996480070398;-0.59375;-1.189902467378807
Unknown;0.0186796264074718;-0.5555555555555556;-1.067517719147371
Low;0.0362792744145117;0.5;0.814207446971459
Unknown;0.0279194416111677;-0.5896103896103896;-0.9221879336445148
Medium;0.251514969700606;0.0133333333333333;-0.5205394744456433
Low;0.0068398632027359;0.5973856209150327;0.7930531194701474
Unknown;0.0202395952080958;0.5416666666666666;0.9218576784067392
Unknown;0.8300233995320093;-0.0208333333333333;0.0961492582108875
Unknown;0.9264214715705684;-0.0817610062893081;-0.0088518385850711
High;0.0007999840003199;0.6405228758169934;1.1777124626386914
Unknown;0.1423571528569428;-0.0044444444444444;0.9283174810032904
Medium;7.999840003199936e-05;0.7;1.3972927661592327
Medium;0.0044399112017759;0.6797385620915033;1.134078479428508
Unknown;0.9172216555668886;-0.3333333333333333;0.0345774599603191
Unknown;0.2231955360892782;0.1920454545454545;0.4108822620738011
Unknown;0.0226395472090558;0.4125;0.7292721164738079
High;0.0480790384192316;0.2814814814814815;0.9330978486353072
Control;0.2246355072898542;0.4485514485514486;0.3816008943687249
Unknown;0.0584388312233755;-0.2753623188405797;-0.9168783617343288
Unknown;0.0005999880002399;0.76;1.199986784153103
Unknown;0.0011199776004479;0.7787114845938375;1.0419333065002971
Unknown;3.999920001599968e-05;0.913279132791328;1.5652665669945596
Unknown;0.0051998960020799;-0.6768707482993197;-1.3125474956541374
Low;3.999920001599968e-05;0.88;1.7106664740422692
Unknown;0.616107677846443;-0.1631205673758865;-0.2323779102927082
Unknown;0.3175936481270374;-0.3688888888888889;-0.4726389591753328
Unknown;0.9656565656565655;-0.0232558139534883;-0.0652187767858252
Unknown;0.0084798304033919;-0.7955555555555556;-1.4697977900937873
Unknown;0.0107997840043199;0.5228758169934641;0.993423213192159
Unknown;0.1357972840543189;0.2521367521367521;0.4238391257919373
Medium;0.9024619507609848;0.0423280423280423;0.0652486693629931
Unknown;0.1812363752724945;0.2133333333333333;0.5371972713498622
Unknown;0.3188736225275494;0.3111111111111111;0.4822748902887813
Unknown;0.5783884322313554;0.1159420289855072;0.2404310446329345
Low;0.0063198736025279;0.4834710743801653;0.8444473144829395
Unknown;0.0002799944001119;0.7530266343825666;1.2399042247898775
Unknown;0.0031599368012639;-0.78;-1.6450455272524176
Unknown;0.0006399872002559;-0.7822222222222223;-1.9672761185586007
Unknown;0.0181196376072478;0.4926108374384236;0.8904972464687353
Unknown;0.9157016859662808;-0.1111111111111111;-0.0196246866168656
Unknown;0.0111997760044799;0.5768645357686454;0.8418738611555281
Unknown;0.372872542549149;0.2444444444444444;0.425435625492448
Unknown;0.1097978040439191;0.3623188405797101;0.6355891147498218
Unknown;0.0124397512049759;-0.5869565217391305;-1.384007942805661
Medium;0.0025199496010079;0.5918367346938775;1.0537577543762138
Unknown;0.0001999960000799;-0.7074829931972789;-1.815940423220199
Unknown;0.4371912561748765;-0.28;-0.3330229320317296
Unknown;0.2357552848943021;0.3049645390070922;0.553925231360158
Unknown;0.0318793624127517;-0.5222222222222223;-0.9319880674676364
Unknown;0.75862482750345;0.1258503401360544;0.156070092075494
Unknown;0.6622267554648907;-0.2345679012345679;-0.1804698460928085
Unknown;0.2268354632907341;-0.3550724637681159;-0.5356463489801099
Unknown;0.0507189856202875;0.6376811594202898;0.9567184225557188
Unknown;0.116837663246735;0.4134615384615384;0.6721598287223459
Unknown;0.0003199936001279;0.8113207547169812;1.890145266480358
Control;0.0339193216135677;0.6691729323308271;0.7327217431871258
Low;0.0005599888002239;0.6635802469135802;0.967005387491663
Unknown;0.1335573288534229;0.3856209150326797;0.6486475371345714
Unknown;0.6905061898762025;-0.0711805555555555;-0.1447237551057034
Unknown;0.7138257234855303;-0.072599531615925;0.1669640891575949
Unknown;0.0002799944001119;0.775;1.2457021511366402
High;0.0083998320033599;0.5772058823529411;0.973567701692534
Low;3.999920001599968e-05;-0.88;-2.5186509652169717
Unknown;0.0001999960000799;0.6692307692307692;1.2097322915792017
Unknown;0.3472330553388932;0.176056338028169;0.3473387931886559
Unknown;0.1706365872682546;0.0985221674876847;0.5193164752902164
Unknown;0.3005539889202216;0.3333333333333333;0.455240902775546
Unknown;0.0060798784024319;-0.6962962962962963;-1.0796923736584148
Unknown;0.6043079138417232;-0.1022222222222222;-0.2147748351580378
Unknown;0.3320333593328133;0.123076923076923;0.3678814372226185
Unknown;0.0011199776004479;-0.8085106382978723;-1.7150877864052076
Unknown;0.5078698426031479;-0.2266666666666666;-0.2785387687708738
Control;0.8375032499350012;0.1111111111111111;0.0932738967290909
Control;0.1565168696626067;0.4124293785310734;0.5812197795413596
Unknown;0.741345173096538;0.0192837465564738;-0.0978230617118435
Low;0.7209055818883622;0.0890151515151515;0.1390687864529931
Low;3.999920001599968e-05;0.7074829931972789;1.6601408944190814
Unknown;0.2640747185056299;-0.382716049382716;-0.4876479113096277
Unknown;0.0485590288194236;-0.6;-1.03107068751843
Unknown;0.752864942701146;-0.237037037037037;0.0707653400428111
Unknown;0.4734305313893722;-0.2048611111111111;-0.3098553577754671
Unknown;0.0092398152036959;-0.7610389610389611;-1.1454042656373762
Unknown;3.999920001599968e-05;0.795688847235239;1.3399404568118525
Unknown;0.0008799824003519;0.8044444444444444;1.7841710569900866
Unknown;0.990780184396312;0.2355555555555555;-0.0440524467660908
Unknown;0.5313493730125397;0.1511111111111111;0.3110807701953075
Unknown;0.0012399752004959;0.6258823529411764;1.1228735451515672
Unknown;0.0159196816063678;0.6444444444444445;1.3419937346402908
Unknown;0.0021199576008479;-0.6640625;-1.2793474920480203
Medium;0.0477590448191036;-0.5703703703703704;-0.8867000439488194
Unknown;0.2263154736905261;0.1244239631336405;0.4928621041467274
Unknown;0.0019599608007839;0.76;1.420170609510045
Unknown;3.999920001599968e-05;0.704;1.1042345427632851
High;0.0929981400371992;0.3656174334140435;0.5971291459146891
Medium;0.0045599088018239;0.8238993710691824;1.1626293360435311
Unknown;0.2143557128857423;0.3703703703703703;0.4991607868006737
Unknown;0.6060278794424111;0.1644444444444444;0.2627634402714272
Low;0.8195036099278015;0.1192307692307692;0.0995266573279847
Unknown;0.0562788744225115;0.5518518518518518;0.871744946755937
Unknown;0.1057978840423191;-0.5911111111111111;-0.8346285651811386
Unknown;0.0081998360032799;0.725;1.3711751254418547
Low;0.5539489210215796;0.0625;0.2774143820891226
Unknown;3.999920001599968e-05;0.877665544332211;1.1983319772382437
Unknown;0.756304873902522;0.0612648221343873;-0.0705789859141945
Unknown;0.0002799944001119;0.7561728395061729;1.5295141978070443
Unknown;0.2196356072878542;0.2154195011337868;0.4888128208651523
Unknown;0.0001199976000479;0.9230769230769232;1.347223125460411
Control;0.0709185816283674;0.4266666666666667;0.7087058269347999
Medium;0.0601187976240475;-0.4488888888888889;-0.959251955155626
Unknown;0.0031999360012799;0.573076923076923;1.0847146544081836
Control;0.6953060938781225;0.2181069958847736;0.1468306086247308
Unknown;0.8897022059558809;-0.0612244897959183;0.0846397359854504
Unknown;0.0061598768024639;0.6142857142857143;1.089707839553698
Unknown;0.0790784184316313;-0.5850340136054422;-0.9191840372135608
Unknown;0.0002399952000959;0.5679945054945055;1.0383463141851956
Unknown;0.5418691626167477;-0.3155555555555555;-0.2618443395019014
Control;0.0544789104217915;-0.4217687074829932;-1.1832287054389323
Unknown;0.0516389672206555;-0.3633333333333333;-0.9067139800372228
Unknown;0.0020399592008159;-0.6589861751152074;-1.30339388858562
Unknown;0.5542289154216916;0.3024691358024691;0.2573850656743559
Unknown;0.0167996640067198;0.5113636363636364;0.8359013312798498
Unknown;0.0565988680226395;0.5939849624060151;0.7140586126961982
Medium;0.0008399832003359;-0.7832512315270936;-1.701374966758917
Unknown;0.3819523609527809;-0.2777777777777778;-0.3795743349991912
Unknown;0.0049199016019679;-0.6359447004608295;-1.117271239624809
Unknown;0.2993140137197256;-0.0425531914893617;0.427719525378713
Unknown;0.5892282154356913;-0.1962962962962963;-0.2240803102497969
Unknown;0.6095878082438351;-0.1006944444444444;-0.1957546072585329
Unknown;0.248515029699406;0.4113475177304964;0.5024471948842767
Unknown;0.2015159696806064;0.2326530612244897;0.5380711627312922
Unknown;0.5132297354052919;-0.6632653061224489;-0.2517527619011401
Unknown;0.2892342153156937;-0.2;-0.4661693658581204
Control;7.999840003199936e-05;0.8930817610062893;1.3021616372908815
Unknown;0.244395112097758;-0.1773049645390071;-0.5216349301791144
Unknown;0.754344913101738;-0.1088888888888888;0.1164519677082099
Unknown;0.1075578488430231;-0.3546099290780142;-0.7436469098278621
Control;0.0059598808023839;0.6292517006802721;1.0418935500654345
Unknown;0.2818378045020043;-0.1515151515151515;-0.6742202908030928
Unknown;0.1711165776684466;0.3418803418803419;0.4771571769622379
High;0.0058798824023519;0.6444444444444445;1.1013997682839751
Control;0.0790784184316313;0.543859649122807;0.692397215118416
High;0.0860382792344153;0.2905982905982906;0.6012103270995565
Unknown;0.8933021339573208;-0.0072463768115942;-0.043799834628896
Low;0.7641447171056579;0.0125786163522012;0.1474771845714207
Unknown;0.8395832083358333;0.0652173913043478;0.1085732531243626
Unknown;0.2793544129117418;-0.6666666666666666;-0.5345958091137367
Unknown;3.999920001599968e-05;0.8316326530612245;1.6424033700957152
Unknown;0.8263034739305214;0.1025641025641025;-0.0199899238544938
Low;0.3498330033399332;0.297423887587822;0.3762059058711017
Unknown;0.6435071298574029;-0.2463768115942029;-0.212214686684414
Unknown;0.0645987080258394;-0.4600484261501211;-0.9043078833676628
Unknown;0.8580628387432251;-0.1870748299319728;-0.0426481889570564
Low;3.999920001599968e-05;0.7903525046382189;1.2860323462674703
Unknown;0.3237135257294854;-0.2088888888888889;-0.4715589797009936
Unknown;0.0005199896002079;0.5762237762237762;0.8831542837094396
Unknown;0.3927121457570848;0.2934472934472934;0.3100112803192891
High;0.0030799384012319;0.7518518518518519;1.373653673221993
Unknown;0.0450790984180316;-0.5815602836879432;-0.994762179942196
Unknown;0.1114777704445911;0.5277777777777778;0.6712537610234263
Unknown;0.6411071778564429;-0.2246376811594203;-0.1695975735061773
Unknown;0.3481530369392612;-0.3866666666666666;-0.4429896446104736
Unknown;0.0002399952000959;0.7579365079365079;1.3619467393012257
Unknown;0.0719585608287834;-0.4618055555555556;-0.8383605241927988
Unknown;0.3593928121437571;-0.1739130434782608;-0.3993353266147085
Control;0.0383992320153596;0.5;0.7331362221335903
Low;0.2341153176936461;0.2916666666666667;0.5194966763756187
Unknown;0.3124337513249735;0.0;-0.418004427629389
Medium;0.3639927201455971;0.3061224489795918;0.4077287791547365
Unknown;0.1442371152576948;0.2533333333333333;0.6099587334600659
Unknown;0.2067958640827183;0.375;0.4818646968708237
Unknown;0.0024399512009759;0.7925925925925926;1.5894876349184512
Unknown;0.5463090738185237;-0.2646370023419204;-0.2178385529827325
Unknown;0.0041999160016799;-0.7013888888888888;-1.4468183968669963
Unknown;0.1970360592788144;-0.3475177304964539;-0.5838482920453216
Medium;0.0012799744005119;-0.6209150326797386;-1.8467855047644
Unknown;0.0036399272014559;0.7037037037037037;1.307635471720671
Unknown;3.999920001599968e-05;0.8085808580858086;2.022989646577584
Low;0.0373592528149437;0.4557823129251701;0.7717967582546289
Unknown;0.2278754424911502;-0.4222222222222222;-0.5912250060868932
Unknown;3.999920001599968e-05;1.0;2.9497829144424697
Unknown;0.7091858162836743;0.0148148148148148;0.1810039341107379
High;0.2231955360892782;-0.46;-0.5511138963029226
Unknown;0.5297494050118997;-0.2291666666666666;-0.2753255914547977
Unknown;0.4859502809943801;-0.2013888888888889;-0.3034191410906017
Unknown;0.4357912841743165;-0.032051282051282;-0.329974556318698
Unknown;0.8312633747325053;0.0888888888888888;0.122720388484096
Unknown;0.5333093338133237;0.1025641025641025;0.2792150930813595
Unknown;3.999920001599968e-05;0.7621065375302664;1.1834156632555863
Unknown;0.49655006899862;0.4139344262295082;0.2786534720830642
Unknown;3.999920001599968e-05;0.92;1.898358890028204
Unknown;0.0942781144377112;0.3151927437641723;0.6505981456888754
Unknown;0.2276354472910541;0.2875816993464052;0.5258992471618567
Unknown;0.0149597008059838;0.4855072463768116;1.009674883674141
Unknown;0.0721985560288794;0.2977777777777777;1.0331130530847017
Unknown;0.0050398992020159;0.5542168674698795;0.8445184533353115
High;0.1309973800523989;0.2030075187969924;0.6086425633897337
Unknown;0.496110077798444;0.1351351351351351;0.3212924656934291
Unknown;0.1503569928601427;-0.3194805194805195;-0.6057222835870363
Control;0.119237615247695;0.2992957746478873;0.5671132908904701
Low;0.0025199496010079;0.8939393939393939;1.4128924492433268
Unknown;3.999920001599968e-05;-0.8545454545454545;-2.240592644746375
Unknown;0.0402791944161116;-0.4924242424242424;-0.8348296093934577
Unknown;0.4369512609747805;-0.226950354609929;-0.3433571381460079
Low;0.5807883842323154;0.1418439716312056;0.2742864085379953
Unknown;0.0901181976360472;0.5882352941176471;0.646078695165832
Unknown;0.1601167976640467;-0.3481481481481481;-0.6273883828863912
Medium;0.0824783504329913;-0.5488721804511278;-0.7716143529145957
Control;0.0083998320033599;0.6754385964912281;1.2085445315993255
Unknown;0.0269994600107997;-0.5625;-0.9445702395984946
Unknown;0.5960280794384112;0.1496598639455782;0.241453062751046
Unknown;0.8550628987420251;0.2459016393442623;0.110410819021297
Unknown;0.1728765424691506;0.3435374149659864;0.588313191643397
Unknown;0.2321553568928621;0.1794871794871795;0.4976789850881914
Unknown;0.0020799584008319;-0.7333333333333333;-1.2845864960455673
Unknown;0.240035199296014;0.3244444444444444;0.5029774472149511
Unknown;0.0007199856002879;-0.7391304347826086;-1.4519235360598672
Unknown;0.7971440571188576;0.4893617021276595;0.1314085249862853
Unknown;0.0001999960000799;-0.8333333333333334;-1.9507678789928813
Unknown;0.0020799584008319;0.6306818181818182;0.9368038900204696
Medium;0.0008799824003519;0.7391304347826086;1.254032410022388
Unknown;0.879582408351833;-0.1578313253012048;0.0357235611093549
Unknown;0.2184756304873902;-0.2883116883116883;-0.4831222208955404
Medium;3.999920001599968e-05;0.9131944444444444;1.3238671445761618
Unknown;0.0165596688066238;-0.5357142857142857;-0.9434257509869376
Unknown;0.0043199136017279;0.6925925925925925;1.0674921681647611
Unknown;0.0462390752184956;-0.4740740740740741;-0.9361145388885524
High;0.7649047019059618;0.1201814058956916;0.1376148115388106
High;0.0414391712165756;-0.457516339869281;-0.8957685182042433
Unknown;0.0379192416151676;0.5969387755102041;0.8067282158591468
Unknown;0.1937561248775024;0.5377358490566038;0.5348750662486152
Unknown;0.0520389592208155;0.6513317191283293;0.7102079679399267
Unknown;0.2302353952920941;-0.3185185185185185;-0.5248160946999386
Unknown;0.8169036619267614;-0.0816326530612244;-0.1148789079826301
High;0.0131597368052638;0.6347826086956522;1.0491891623256162
Unknown;0.5589888202235955;-0.1089743589743589;-0.2484278145319614
Low;0.2569948601027979;0.2177777777777777;0.5411515729038352
Unknown;0.0077998440031199;0.5357686453576864;0.9293993111086702
Unknown;0.0051198976020479;-0.6148148148148148;-1.4093938225661682
High;0.0093198136037279;0.5410447761194029;0.7495697692548595
Unknown;0.0600787984240315;-0.4379084967320261;-0.8797754280975819
Unknown;0.368872622547549;0.2233766233766233;0.3675277708627194
Unknown;0.5775884482310354;-0.2481203007518796;-0.2116076423048575
Unknown;0.4423511529769404;0.2160493827160493;0.3318309442556331
Unknown;0.5439491210175796;-0.32;-0.2523190655218514
Control;3.999920001599968e-05;0.9722222222222222;1.3495295627884312
Unknown;0.0880382392352153;-0.4795918367346938;-0.7216336648476341
Unknown;0.873622527549449;0.1868131868131868;0.0858446610279708
Unknown;0.9637407251854962;0.1043083900226757;0.0092307187533462
Unknown;0.2680346393072138;0.3669950738916256;0.4396771845154346
Unknown;0.0011199776004479;0.8296296296296296;1.596927727953732
Unknown;0.1981160376792464;0.4052287581699346;0.5362460190958737
Unknown;0.0304393912121757;0.4236111111111111;0.928192695238328
Unknown;0.875422491550169;0.0579710144927536;0.0727747674297548
Unknown;0.0168796624067518;0.5815602836879432;1.0312547712681688
Unknown;0.372952540949181;0.3469387755102041;0.3880781973595739
Unknown;0.0009999800003999;0.6080246913580247;0.9344979764582468
Unknown;0.3032339353212935;-0.2444444444444444;-0.4113947123494481
Unknown;0.7980240395192096;0.1126126126126126;0.115546664859061
Unknown;0.2995540089198216;-0.3955555555555555;-0.4830317133615601
Unknown;0.0261994760104797;0.4666666666666667;0.7632275669273801
Unknown;0.97890042199156;-0.1439393939393939;0.027032135641534
Unknown;0.0047599048019039;-0.6879432624113475;-1.322652549770467
Unknown;0.0097998040039199;-0.7377777777777778;-1.2550688453165424
Unknown;0.2849943001139977;-0.3466666666666667;-0.5058554910692188
Low;0.2137957240855182;0.2407407407407407;0.4739345404019567
Unknown;0.0574788504229915;0.6410256410256411;0.727804840670215
Unknown;0.0227195456090878;0.470679012345679;0.7778003788999829
Unknown;0.0476790464190716;0.5882352941176471;0.8025787804653663
Unknown;3.999920001599968e-05;0.896978021978022;1.5512987965695852
Unknown;0.0170796584068318;-0.6622222222222223;-1.2411161905132015
Unknown;0.239915201695966;-0.2673611111111111;-0.5247571267077739
Unknown;0.1488770224595508;0.4592592592592592;0.6001624421568017
Control;0.5395492090158197;-0.2717391304347826;-0.2876796562218762
Unknown;0.8607827843443131;0.0288461538461538;0.022862831480402
Unknown;0.4057918841623167;-0.3246753246753247;-0.3283353922693451
Low;0.6711065778684426;0.0354609929078014;0.1974228196253253
Unknown;0.4033119337613248;-0.04;0.3696774347248989
High;0.0431591368172636;0.3696145124716553;0.760161646212249
Unknown;0.0007199856002879;0.837037037037037;1.7604183605518926
Control;0.0366792664146717;0.4004683840749414;0.7907208504371278
Low;3.999920001599968e-05;0.91;1.4950701495547107
Unknown;0.9698606027879444;-0.2075471698113207;-0.0184494969111046
Control;0.5385092298154037;0.1714285714285714;0.2605824826261074
Control;0.0004799904001919;-0.6958689458689459;-1.1901545443316617
Unknown;0.1495570088598228;0.2733333333333333;0.5119762417168188
Unknown;0.0429191416171676;0.5802469135802469;0.6898594690910888
Unknown;0.3571528569428611;0.2192118226600985;0.3688660692357185
Unknown;0.117077658446831;-0.5955555555555555;-0.8251761879569208
Unknown;0.0549589008219835;0.5555555555555556;0.9003360113820672
Low;3.999920001599968e-05;0.83984375;1.3494099521302148
Unknown;0.1506769864602708;0.3066666666666666;0.6060126444879753
Unknown;0.0155196896062078;-0.7246376811594203;-1.2683101211086938
Unknown;0.0014399712005759;-0.7391304347826086;-1.6163310093768328
Unknown;0.0835983280334393;-0.3120567375886525;-0.8090446597706518
Unknown;0.0182796344073118;0.5873015873015873;0.9502053444239752
Unknown;0.2793144137117258;-0.3066666666666666;-0.46843501398646
Medium;0.4149117017659647;-0.2833333333333333;-0.2667171385265426
Control;0.2077158456830863;-0.5012987012987012;-0.5210976568798709
Unknown;0.0346793064138717;0.4055299539170507;0.8540742529278558
Control;0.0082798344033119;0.5533333333333333;1.1787302976649443
Low;0.0264394712105757;0.5168831168831168;0.7660525472281152
Unknown;0.0058398832023359;-0.691358024691358;-1.2484080123070014
Unknown;0.0278794424111517;-0.71875;-1.0856035514251416
Unknown;0.1605967880642387;0.3076923076923077;0.5844515046948452
Control;3.999920001599968e-05;0.9444444444444444;1.613403463123316
Unknown;0.0243195136097278;0.5251572327044025;1.0259313276775055
Unknown;0.5116697666046679;-0.1173469387755102;-0.2524572229546847
Control;0.6111877762444751;0.0814814814814814;0.249697212392185
Unknown;0.0003599928001439;-0.798828125;-1.521974511055712
Unknown;0.0607987840243195;0.2244897959183673;0.7196688926044021
Unknown;0.2951540969180616;-0.0933333333333333;-0.5105457712391211
Unknown;0.994140117197656;-0.0025062656641604;0.0298096548994042
Unknown;0.0114397712045759;0.4285714285714285;1.1779169726695191
Unknown;0.4277914441711166;0.2287581699346405;0.3485763645564901
Unknown;0.1304373912521749;0.4113475177304964;0.6505857352365709
Unknown;0.0078798424031519;0.4662756598240469;0.7752318116274823
Unknown;0.5736685266294674;0.14;0.257125718578666
Unknown;0.0425591488170236;-0.2095238095238095;-0.6584098267144484
Unknown;0.0834383312333753;-0.4081632653061224;-0.7667278260939602
Control;0.2954740905181896;0.25;0.4619194958144558
Unknown;0.7237055258894822;0.0222222222222222;0.177129028184871
Unknown;0.1630767384652307;0.2314901593252108;0.4447394296869328
Unknown;3.999920001599968e-05;0.9057971014492754;1.848195499659356
Unknown;0.0116797664046719;-0.6014492753623188;-1.123941560504332
Unknown;0.1298374032519349;0.3703703703703703;0.6281942071272659
Low;3.999920001599968e-05;0.8747680890538033;1.924603564781965
Unknown;0.0011999760004799;0.6360824742268041;0.9572710375220154
Unknown;0.5166696666066679;-0.1851851851851851;-0.2717573089178344
Unknown;0.0469590608187836;0.3805147058823529;0.7380165208710314
Unknown;0.3648327033459331;0.4117647058823529;0.3902782850217374
High;0.6773064538709226;-0.1904761904761904;-0.0966010581279288
Unknown;0.1615167696646067;-0.3472222222222222;-0.613427133709062
Unknown;0.5281494370112598;-0.1276595744680851;-0.278632001622174
Unknown;0.0404391912161756;-0.7037037037037037;-1.0050623391232312
Unknown;0.5061898762024759;0.1373239436619718;0.2549387037462508
Unknown;0.0265194696106077;-0.53125;-1.0171764845639757
Unknown;3.999920001599968e-05;-0.7019230769230769;-1.958903272684774
Unknown;0.9467410651786964;0.0111111111111111;0.0989174515198177
Unknown;0.2023559528809423;-0.3765432098765432;-0.5616165419455509
Unknown;0.1752364952700946;-0.4148148148148148;-0.5962463878572727
Unknown;0.1753564928701426;-0.4441558441558441;-0.5592979572160838
Medium;0.3464330713385732;0.1453201970443349;0.3796555534768027
Unknown;0.0820783584328313;0.4328358208955223;0.6570878448058388
Unknown;3.999920001599968e-05;0.7289719626168224;1.5980174583376097
Unknown;0.0891982160356792;-0.4855072463768116;-0.7584080812183559
Unknown;0.8285434291314173;-0.2692307692307692;-0.1115957219699908
High;0.0228795424091518;0.4421641791044776;0.7261435215195834
Low;0.2351152976940461;0.3288888888888889;0.5302188451323262
Unknown;0.8105437891242175;0.0426065162907268;0.0984963373212113
Control;0.0002399952000959;0.8580246913580247;1.243619905642057
Unknown;0.1372372552548949;-0.3623188405797101;-0.6636968003905971
Unknown;0.0080398392032159;-0.5319148936170213;-1.222875065979455
Unknown;0.3099938001239975;-0.1394557823129251;-0.4459430916213276
Unknown;0.0009999800003999;-0.7638888888888888;-1.4753318105866529
High;0.0055598888022239;0.7155555555555555;1.2461415374287892
Unknown;0.0025599488010239;-0.6975308641975309;-1.4228242389857189
Low;0.0009599808003839;0.753968253968254;1.1700048256715272
Unknown;0.1441571168576628;0.3469387755102041;0.6028308029008054
Unknown;0.6845863082738345;-0.0833333333333333;-0.0938353401426876
Low;3.999920001599968e-05;0.7782258064516129;1.2201443629805009
Medium;0.1343573128537429;0.3859649122807017;0.6224592297198807
Unknown;0.7938641227175457;-0.08;0.1114747835727234
Unknown;0.0856782864342713;0.360774818401937;0.6811642570325522
Unknown;0.1643567128657427;0.4210526315789473;0.7637615857692849
Unknown;0.0192396152076958;-0.0212765957446808;-1.266292049152297
Low;3.999920001599968e-05;0.84765625;1.6061354169331536
Unknown;0.5620287594248115;-0.3253968253968254;-0.2431575221884024
Unknown;0.0047599048019039;0.5223529411764706;0.9493596074289375
Unknown;0.0347193056138877;0.4733333333333333;0.7264480477307796
Unknown;0.2915141697166056;-0.3555555555555555;-0.4643738538507694
Control;0.7945441091178177;0.2666666666666666;0.1323614248940919
Medium;0.7441451170976581;-0.1240310077519379;0.1973611858917337
Control;0.0025999480010399;0.7484276729559748;1.0894574661360543
Unknown;0.0083198336033279;0.6180555555555556;1.0067886189817197
Unknown;0.4019119617607647;-0.3688888888888889;-0.3913570567645458
Unknown;0.0038399232015359;0.76;1.2553367064280196
Control;0.0131597368052638;0.568922305764411;0.978269626262933
Unknown;0.0051198976020479;-0.4874213836477987;-1.3217409816583927
Unknown;0.0557188856222875;-0.52;-1.011528027349642
Medium;0.3424331513369733;-0.4081632653061224;-0.4145991755683242
Unknown;0.979260414791704;0.1111111111111111;0.0053546083912449
Unknown;0.0726785464290714;0.5035460992907801;0.8999342351837457
High;0.5213895722085559;0.1266666666666666;0.292480660112322
Unknown;3.999920001599968e-05;0.9325396825396826;1.5879515798079518
Unknown;0.0763584728305434;-0.4603174603174603;-0.8000078683764968
Unknown;0.4545509089818204;0.1666666666666666;0.335287005676655
High;0.0563588728225435;0.5409356725146199;0.7239415697076733
Unknown;0.876662466750665;0.0566666666666666;0.0772458948475079
Unknown;0.1465970680586388;0.4119718309859155;0.5353711872890113
Unknown;0.0181596368072638;-0.2831168831168831;-1.0704456908899602
Medium;0.7184656306873862;0.0164705882352941;-0.1085076854335625
Unknown;0.8957020859582808;-0.0225563909774436;0.0786682389726836
Unknown;0.3405131897362052;0.3611111111111111;0.4147392902167796
Unknown;0.2035159296814063;-0.1700680272108843;-0.5770288439930985
High;0.0029599408011839;0.6491228070175439;1.063995775235446
Unknown;0.1106377872442551;0.4185463659147869;0.6721260715314438
Unknown;0.0271194576108477;0.405320813771518;0.7596360643878881
Unknown;0.0105997880042399;0.5928571428571429;0.9829557003074638
Unknown;0.0080398392032159;0.7392290249433107;1.173302255308673
Unknown;0.4764304713905722;-0.3095238095238095;-0.2847110072044073
Unknown;0.7080658386832264;-0.1156462585034013;-0.1565050589430882
High;0.0930381392372152;-0.4722222222222222;-0.7400647952656254
Unknown;3.999920001599968e-05;0.8112359550561797;1.5471121546041984
Unknown;0.4514709705805884;-0.4888888888888889;-0.3185270801197598
Low;0.0006399872002559;0.6928571428571428;1.1669387349047025
Unknown;0.0905581888362232;0.5376623376623376;0.7608676980597671
Medium;0.3295934081318373;-0.0376470588235294;-0.3284228686923663
Control;0.0001199976000479;0.7122507122507122;1.350595971733488
Low;0.0203595928081438;0.5733333333333334;0.9350167106438926
Unknown;0.2624347513049739;-0.3194444444444444;-0.5008949349404722
Unknown;3.999920001599968e-05;0.7754677754677755;1.4692541363361409
Unknown;0.0021199576008479;0.7222222222222222;1.389200514536631
Unknown;0.367272654546909;0.2307692307692307;0.4044436730915751
Control;0.8074238515229696;0.0590277777777777;0.1341279265653994
Unknown;0.0017199656006879;0.6956521739130435;1.306292994548291
Unknown;0.0463590728185436;0.4555555555555555;0.8192696333566966
Unknown;0.4021919561608768;0.1149425287356321;0.2815666114810192
Unknown;0.8451030979380413;-0.1231884057971014;-0.0835325696185444
Control;0.1605967880642387;0.5555555555555556;0.5818177271420126
Unknown;0.0266794664106717;0.3588588588588589;0.8110912333961444
Unknown;0.1471970560588788;0.4232558139534884;0.6491321355926978
Low;0.5743085138297234;-0.270440251572327;-0.2232703477042412
Control;0.7043859122817544;-0.3255269320843091;-0.1222968587034776
Unknown;0.2884742305153897;-0.2566666666666666;0.393582513614315
Unknown;0.0222395552088958;0.5316901408450704;0.8059075425467828
Medium;0.0266394672106557;-0.5070422535211268;-0.8634597340119506
Medium;0.2351152976940461;-0.2;-0.5764027097349125
Unknown;0.0376392472150556;0.3968253968253968;0.7034102461030904
Unknown;0.0001199976000479;0.7012987012987013;1.2745018106052526
Unknown;0.6764264714705706;0.0869565217391304;0.196686802564331
Unknown;0.0070798584028319;0.6180555555555556;1.2064403080207562
Unknown;0.6012679746405072;0.2898989898989899;0.1008381117451912
Unknown;0.1383572328553429;0.4236111111111111;0.7039771136441785
Unknown;0.0828783424331513;0.40625;0.7311600075630343
Unknown;0.0762784744305113;0.3695652173913043;0.6349919151711866
Unknown;0.3283134337313254;0.2350230414746544;0.394763195354754
Low;0.0002799944001119;0.8541666666666666;1.6460545158397886
Unknown;0.0214795704085918;0.425531914893617;0.8819139465640166
Control;0.4173516529669406;0.3933333333333333;0.3653250733763206
Unknown;0.0054398912021759;-0.6;-1.1551320080286922
High;0.0735585288294234;-0.5671641791044776;-0.7702959775684379
Unknown;0.9642607147857044;-0.2755102040816326;0.0544646387806119
Unknown;0.0522789544209115;-0.4814814814814814;-0.8102542095659687
Unknown;0.8528229435411292;-0.1038461538461538;-0.065182043320488
Unknown;0.1466370672586548;0.4305555555555556;0.63734899936459
Unknown;0.3015139697206055;-0.3888888888888889;-0.4594573773705362
Unknown;0.1972760544789104;-0.0864197530864197;-0.5963205463585302
Unknown;0.0043999120017599;0.6464285714285715;0.922775345306452
Unknown;0.0031199376012479;0.6904761904761905;1.3097821452599974
Unknown;0.0009599808003839;0.8366013071895425;1.5671053987206511
Unknown;0.0038799224015519;0.6797385620915033;1.1404267045543104
Unknown;0.1036379272414551;-0.3301282051282051;-0.7472965274784029
Unknown;0.4389512209755805;0.1089743589743589;0.351372820145001
Unknown;0.4704305913881722;-0.0136054421768707;-0.3008326844988951
Unknown;7.999840003199936e-05;0.8503401360544217;1.5891194342990778
Unknown;0.0475190496190076;-0.5032051282051282;-0.94287993578476
Unknown;3.999920001599968e-05;0.9432624113475178;2.060511112014196
Low;0.0027999440011199;0.7021276595744681;1.235460997777699
Unknown;0.0507589848203035;0.6111111111111112;0.8426196101550204
Unknown;0.4317913641727165;-0.2083333333333333;-0.3409965850092918
Unknown;0.6364272714545709;0.1777777777777777;0.2196232166119256
Unknown;0.0045599088018239;0.8222222222222222;1.4708848980550082
Unknown;0.0024399512009759;0.4980237154150198;0.9328890059700548
Control;0.4342713145737085;0.4389610389610389;-0.2209836465275199
Unknown;0.1752764944701106;0.4418604651162791;0.6018749507682383
Unknown;0.0009599808003839;-0.6464891041162227;-1.4601612506380737
Unknown;0.0947981040379192;0.3710691823899371;0.7242124366817365
Unknown;0.0848383032339353;0.1918238993710692;0.8014463606034284
Unknown;0.3624327513449731;-0.3533333333333333;-0.3997632099591797
Control;3.999920001599968e-05;0.8483606557377049;1.5318316331832784
Unknown;0.6555868882622348;0.2986111111111111;0.2441864734528544
Unknown;0.1412771744565108;0.2333333333333333;0.5199346720581421
Unknown;0.2164756704865902;0.3103448275862069;0.5065652868025449
Unknown;0.0124397512049759;-0.7232704402515723;-1.329841724585739
Low;3.999920001599968e-05;0.9506172839506172;1.6482976445301842
High;0.0238395232095358;0.4764492753623188;0.7424835941640395
Unknown;0.0040399192016159;0.6;0.926561229751196
Unknown;0.0436391272174556;0.4489795918367347;0.9048345818514492
Unknown;0.8916621667566649;-0.0625;-0.0505525695192087
Control;0.1935161296774064;0.3791208791208791;0.4946823275345766
Unknown;0.1711565768684626;0.2481203007518796;0.5341226831458316
Unknown;0.9765404691906162;0.0208333333333333;0.0135606921639244
Unknown;0.0041199176016479;0.6870748299319728;1.3338023025574566
Unknown;0.0004399912001759;0.4390243902439024;0.8480837607261416
Unknown;3.999920001599968e-05;0.8900226757369615;1.66650111781397
Unknown;0.9324613507729844;0.0767045454545454;0.0336952320251717
Control;0.2394752104957901;-0.0674698795180722;0.3892568342262011
Control;3.999920001599968e-05;0.9153846153846154;1.639853863034815
Unknown;7.999840003199936e-05;0.8341013824884793;1.692134435434996
Unknown;0.3869122617547649;0.12;-0.4018281471107056
Unknown;0.0011999760004799;0.7012987012987013;1.0896366595027107
Unknown;0.0497190056198876;0.6925925925925925;0.873031164545466
Unknown;0.0031199376012479;0.7727272727272727;1.0279508282651169
Low;0.7582248355032899;-0.2026143790849673;-0.0943916525594834
Low;0.245915081698366;0.4052287581699346;0.4407517577396965
Unknown;0.6642667146657066;-0.2585034013605442;-0.1651495993214528
Low;0.0710385792284154;0.419921875;0.6275224355449496
Unknown;0.0208395832083358;0.6666666666666666;0.9037019213266736
Unknown;0.0320393592128157;0.7375886524822695;0.9990534405670892
Unknown;0.3337933241335173;-0.2133333333333333;-0.4293266229623026
Unknown;0.0613987720245595;-0.4577777777777778;-0.8955134754423619
Unknown;0.3115537689246215;0.375;0.3740607771684963
Unknown;0.5695486090278195;-0.1259259259259259;-0.2416690466565391
Low;0.0265594688106237;0.4933333333333333;0.7842999215368804
Unknown;0.0013999720005599;0.6029629629629629;1.1001203321922872
Unknown;0.0123597528049439;-0.7246376811594203;-1.2759613115464614
Low;0.0929581408371832;0.5555555555555556;0.7621354280066651
Unknown;0.3941521169576608;-0.1822222222222222;-0.3934018893243249
Control;0.1061178776424471;0.1719512195121951;0.5154617161183838
Unknown;0.2817143657126857;0.2836879432624113;0.4794085903562655
Low;0.0060798784024319;0.6271186440677966;1.0108572573378465
Unknown;0.0479990400191996;-0.6355555555555555;-0.9034927790761492
Unknown;0.3554328913421731;0.2246376811594203;0.4000846956698639
Unknown;0.0016399672006559;-0.7422222222222222;-1.6963498152562693
Unknown;0.0166396672066558;0.4423963133640553;0.8392549432177616
Unknown;0.2558348833023339;-0.4094202898550724;-0.5017943586175663
Unknown;0.2916741665166696;-0.3481481481481481;-0.469025832176288
Unknown;0.0018799624007519;0.8148148148148148;1.315934965234184
Unknown;0.0833583328333433;0.5634920634920635;0.7976928196171587
Control;0.0002399952000959;0.7843137254901961;1.0453748194509458
Unknown;0.0331593368132637;0.5486111111111112;0.8500360920691415
Unknown;0.0513989720205595;0.4733333333333333;0.8359773903512768
Unknown;0.0413591728165436;0.4976958525345622;0.7621742860582441
Unknown;0.381592368152637;-0.1798941798941798;-0.3522796837436607
Unknown;0.6701065978680426;-0.1555555555555555;0.2027497187066583
Unknown;0.365952680946381;-0.3478260869565217;-0.3849763758069196
Medium;0.881782364352713;0.0133333333333333;0.078227073249714
Unknown;0.0367992640147197;-0.3018867924528302;-0.9302023872950702
Unknown;0.4525109497810043;0.1594202898550724;0.3303376513702849
Unknown;0.0914381712365752;0.3851851851851852;0.7568421384066734
Unknown;0.2647147057058859;-0.3442028985507246;-0.4938823038728336
Unknown;0.1808363832723345;-0.2314049586776859;-0.4358277143978026
Medium;0.7964240715185696;-0.1466666666666666;-0.1294561992911559
Unknown;0.1134377312453751;0.4236111111111111;0.7165457867435907
Control;0.1444371112577748;0.475177304964539;0.577083828762974
Unknown;0.2320353592928141;0.3653846153846153;0.5169688805298349
Unknown;0.0005199896002079;0.7753623188405797;1.8202267777394192
High;0.0011999760004799;0.7246376811594203;1.4433497604359522
Medium;0.245635087298254;0.1666666666666666;0.5046649210534014
Unknown;0.8539829203415932;-0.0784313725490196;0.1389378555975552
Unknown;0.2163556728865422;-0.3464052287581699;-0.5393092850196675
High;0.373832523349533;0.0144927536231884;-0.382273857293903
Unknown;0.0338793224135517;0.532051282051282;0.7353301374026281
Unknown;0.0913181736365272;-0.524822695035461;-0.7195602555645724
Unknown;0.0083998320033599;0.5782312925170068;0.8498300869798271
Unknown;0.0133597328053438;0.5972222222222222;1.2723955517175023
Unknown;0.0105997880042399;0.5;0.7811895235987617
Unknown;0.8491430171396572;-0.0347222222222222;-0.0775499680178377
Unknown;0.2381952360952781;-0.3454545454545454;-0.4844104957727991
Unknown;0.0037599248015039;-0.4706439393939394;-0.999648267726362
Unknown;0.2951940961180776;-0.1059907834101382;-0.4286345982403066
Unknown;0.1389972200555989;0.1278195488721804;0.7842969207551151
Unknown;0.0537989240215195;0.450354609929078;0.8487204446433205
Control;0.0200795984080318;0.5070921985815603;0.9341785779706094
Unknown;0.2768744625107497;0.1328125;0.4030006539314816
Unknown;0.0104397912041759;0.5357142857142857;1.1033115553374586
Unknown;0.0684786304273914;-0.4782608695652174;-0.7749468942518554
Unknown;0.0228395432091358;0.6177777777777778;1.0947513394927555
Unknown;0.0042399152016959;0.5946969696969697;0.994256696498676
Unknown;7.999840003199936e-05;-0.8115942028985508;-2.125427572778893
Unknown;0.0308793824123517;0.5652173913043478;0.6865648139360246
Medium;3.999920001599968e-05;0.8420569329660239;1.4070849698243948
Unknown;0.998780024399512;-0.0025062656641604;0.0003461915432294
Unknown;0.0237195256094878;0.4049295774647887;0.756461233401401
Unknown;0.3063538729225415;0.217391304347826;0.4516510523750062
Low;0.0145197096058078;-0.6962962962962963;-1.0115476154619618
Unknown;0.1803163936721265;0.2977207977207977;0.4599239117340134
Medium;0.0125597488050238;0.4342857142857143;0.9056029210221505
Unknown;0.0242795144097118;0.5047619047619047;0.7798415731690461
Unknown;0.0569988600227995;0.5157232704402516;0.7236062762637576
Unknown;0.0856382872342553;0.6379310344827587;0.7675618925637007
Unknown;0.0200395992080158;0.4902439024390244;0.7672291840553191
Unknown;0.5341493170136598;0.1217391304347826;0.3056914428934892
Control;0.3322733545329093;0.1856060606060606;0.3680671804830155
Control;0.9745805083898322;0.2074074074074074;0.0416694455263851
Unknown;0.5801483970320593;-0.0849673202614379;-0.2375521470279221
Unknown;0.0016799664006719;0.6054421768707483;0.968474301288143
Unknown;0.2563948721025579;-0.2129629629629629;-0.4826425654358946
Unknown;0.3857922841543169;-0.238095238095238;-0.459414775270702
Unknown;0.3021939561208775;0.3566666666666667;0.4521384541947569
Unknown;0.2049559008819823;0.435064935064935;0.5042109405282948
Medium;3.999920001599968e-05;0.7688888888888888;1.8175772436586215
Unknown;0.0005199896002079;-0.8233766233766234;-1.617716145496772
Control;0.0118397632047359;0.5285714285714286;1.015588597904969
Unknown;0.4875102497950041;-0.3081761006289308;-0.2905521191682816
Medium;7.999840003199936e-05;0.7797619047619048;0.9099253402844888
Unknown;0.0967980640387192;-0.5374149659863946;-0.8225298114203575
Unknown;0.240435191296174;-0.2654320987654321;-0.5165606328300628
Low;0.3243535129297414;0.1672240802675585;0.28892938786085
Unknown;0.0100397992040159;0.7916666666666666;1.2167703640211298
Medium;0.0001599968000639;0.762962962962963;1.3645009314578982
Unknown;0.6697066058678827;0.2103174603174603;0.1499804978360517
Unknown;0.2608347833043339;0.0933333333333333;0.3799809557219277
Unknown;0.0012799744005119;-0.4607237422771403;-1.1350342112139211
Unknown;3.999920001599968e-05;0.8592233009708737;1.1792499414803963
Control;0.5661886762264755;0.4097222222222222;-0.1661924580646946
Unknown;0.0122397552048959;-0.7511111111111111;-1.303540599208005
Unknown;0.0975580488390232;0.4790697674418605;0.7852237776430654
Unknown;0.1523969520609587;-0.4333333333333333;-0.6765622189881179
Unknown;0.994020119597608;0.0691358024691358;0.0123501528164237
Unknown;0.9641407171856564;-0.0204081632653061;-0.0075823335822444
Unknown;0.0086398272034559;-0.6977777777777778;-1.379337609008406
Unknown;0.0008399832003359;-0.78;-1.7383682123523625
Control;0.0011999760004799;0.7133333333333334;1.45853441565222
Unknown;3.999920001599968e-05;0.8796992481203008;1.915268578965056
Unknown;0.124757504849903;-0.2698412698412698;-0.5386882233693766
Unknown;0.0092798144037119;0.52;1.211131905552847
Unknown;0.3524729505409892;-0.3209876543209876;-0.4042132171543189
Low;0.9639407211855764;-0.0311111111111111;0.0821507409161732
Unknown;0.1002779944401111;0.4695652173913043;0.7844066082670555
Unknown;0.375952480950381;-0.0927318295739348;-0.3526526793569698
Unknown;0.2405951880962381;-0.4347826086956521;-0.5096153567287028
Unknown;0.7401051978960421;-0.0496453900709219;-0.1371467109692209
Unknown;0.2763144737105258;-0.3888888888888889;-0.4832165125663779
Unknown;0.0968380632387352;-0.1777777777777777;-0.7891984700519423
Unknown;0.9013819723605528;0.0035460992907801;0.0713018125300213
Unknown;0.1461170776584468;-0.4148148148148148;-0.6594004370423718
Unknown;3.999920001599968e-05;0.925925925925926;2.570966526506612
Unknown;0.5227095458090838;0.1231884057971014;0.2815009883894378
Unknown;0.0203195936081278;0.5971896955503513;0.6889880827899073
Unknown;0.6875862482750345;-0.2013888888888889;-0.1501815928166629
Unknown;0.5662686746265074;-0.3809523809523809;-0.2292833688802193
Unknown;0.5751884962300754;0.1446540880503144;0.2637137784301576
Unknown;0.9447811043779124;0.1276595744680851;-0.0663550645827916
Unknown;0.0899582008359832;-0.3015873015873015;-0.710078997998593
Unknown;0.628147437051259;-0.0597402597402597;-0.1914051799251091
Unknown;0.0615187696246075;-0.6444444444444445;-0.9630471223086988
Unknown;0.0001199976000479;0.7974025974025974;1.583578640011925
Unknown;0.3321133577328453;-0.0408163265306122;0.409479632304902
Unknown;0.0257594848103037;-0.7101449275362319;-1.043737724616736
Unknown;0.0229995400091998;-0.644927536231884;-1.2532105720679514
Medium;0.8551828963420731;0.1942307692307692;0.1028554305043389
Unknown;0.5071898562028759;-0.2553191489361702;-0.2701777002286222
Unknown;0.9706605867882644;-0.0628930817610062;0.0431079289114754
Medium;3.999920001599968e-05;0.7078272604588394;0.8109755964177066
Unknown;0.0013199736005279;-0.7124183006535948;-1.530987490508991
Unknown;0.5630687386252275;0.1258503401360544;0.2647147875156383
Unknown;0.0662386752264954;-0.6535947712418301;-0.9199779533490412
High;0.0371992560148797;0.5644444444444444;0.6740090424798983
Control;0.8981020379592408;0.0875;0.0681750235215497
Unknown;0.0135597288054238;-0.5786163522012578;-1.1627775751049785
Unknown;0.0048399032019359;-0.6764705882352942;-1.2975121806295693
Unknown;0.0001199976000479;0.8977777777777778;1.1904878082199626
Unknown;0.4692706145877082;-0.0485074626865671;0.2574928689912283
Unknown;0.4106717865642687;-0.1298701298701298;-0.3300833615446594
Unknown;0.0947581048379032;-0.3466666666666667;-0.7896364797504263
Control;3.999920001599968e-05;0.8409090909090909;1.1864219203754829
Unknown;0.0294794104117917;0.5407407407407407;1.0151795487772692
Unknown;0.4115117697646047;-0.1322751322751322;-0.3237374802936292
Unknown;0.1031979360412791;-0.4814814814814814;-0.7725733546915375
Unknown;0.0046799064018719;0.6879432624113475;1.1373464772390052
Unknown;0.8044639107217856;-0.1418439716312056;-0.1180430206614739
Unknown;0.0342393152136957;0.5133333333333333;0.930346829815346
Low;0.0563188736225275;-0.3645320197044335;-0.8675644560191003
Unknown;0.2235555288894222;0.4838709677419355;0.4914222215927709
Low;0.3317133657326853;0.2222222222222222;0.4278701124400456
Unknown;0.992660146797064;-0.0512820512820512;0.0012774059325465
Unknown;0.1100377992440151;0.4044444444444444;0.7167119130636368
Unknown;0.2179556408871822;-0.2965116279069767;-0.694987226467617
Control;0.0005999880002399;0.7592592592592593;0.880255240567694
Low;0.0084798304033919;0.7155555555555555;1.1332256483076568
Unknown;0.0944781104377912;0.463768115942029;0.6726982816075887
Control;0.0012799744005119;0.7777777777777778;1.0968579605818656
Unknown;0.0172796544069118;-0.3777777777777777;-0.906812136166078
Unknown;0.2942341153176936;0.3061224489795918;0.4547848472387388
Unknown;0.2865142697146057;-0.2243589743589743;-0.4663637863758187
Unknown;3.999920001599968e-05;0.6612149532710281;1.5304118405518443
Unknown;0.0170396592068158;-0.6972789115646258;-1.1273494348947182
Unknown;0.2679946401071978;-0.3383458646616541;-0.4486558034682928
Unknown;0.0080398392032159;0.7244444444444444;1.104393976700592
Low;0.2890342193156137;0.2291666666666666;0.467037251965193
Control;0.9513809723805524;-0.2176870748299319;0.0150732988337578
Unknown;0.6865462690746185;-0.06006006006006;-0.1276531463603795
Unknown;0.0014399712005759;0.7291666666666666;1.2791861253297054
Unknown;7.999840003199936e-05;0.8553459119496856;1.361157026181559
Unknown;0.0344393112137757;0.5729166666666666;0.7847828675620356
Unknown;0.0872782544349113;0.1805555555555555;1.0263069909717486
Unknown;0.0041599168016639;0.6811594202898551;0.8216193955892429
Low;0.8069038619227615;-0.0133333333333333;0.1312500096151656
Unknown;0.5230295394092118;-0.1938775510204081;-0.285371941813101
Control;0.1310373792524149;-0.5061728395061729;-0.7089774231580398
Unknown;0.1029179416411671;-0.6811594202898551;-0.8725854094577984
Low;0.0310393792124157;0.4199134199134199;0.762861059713567
Unknown;0.0020399592008159;0.5416666666666666;1.2073420566562507
Unknown;0.0352792944141117;-0.5377777777777778;-1.0408124560492338
Unknown;0.746145077098458;0.0952380952380952;0.1447623088321238
Unknown;0.5063098738025239;-0.1964285714285714;-0.2517822336782405
Unknown;0.0125597488050238;0.6382978723404256;0.9881593625504748
Medium;0.0027199456010879;0.7028985507246377;1.254368888793298
Unknown;0.0512789744205115;-0.4711779448621553;-0.8189315927500076
Unknown;0.0128797424051518;0.6797385620915033;0.8102034680402296
Unknown;0.6852662946741065;-0.2056737588652482;0.1662430938990895
Unknown;0.0034799304013919;0.6650246305418719;1.011791973829154
Low;0.0200395992080158;0.3880952380952381;0.7271046383138692
Unknown;0.25247495050099;0.2740740740740741;0.4982938192484047
Unknown;0.3506729865402692;0.2101123595505618;0.3147978313321374
Medium;3.999920001599968e-05;0.845925925925926;1.4999173930993548
Unknown;0.0005599888002239;0.7576530612244898;2.0002815403906187
Unknown;0.0004399912001759;0.6666666666666666;1.0694303695208167
Unknown;0.0066798664026719;-0.6794871794871795;-1.262340821758116
Unknown;7.999840003199936e-05;-0.8333333333333334;-1.755754095371703
Unknown;0.0015999680006399;-0.7533333333333333;-1.6908403016307525
Unknown;0.120757584848303;-0.5306122448979592;-0.7153696273464296
Control;0.121877562448751;0.2593023255813954;0.4989689238900004
Low;0.0020399592008159;0.5864135864135864;0.98034680870034
Unknown;0.624107517849643;-0.0238095238095238;0.2117452893656629
Unknown;0.8387032259354813;0.1217948717948717;0.1056619555915609
Unknown;0.985340293194136;-0.0354609929078014;0.0035441856743045
Unknown;0.369912601747965;-0.1914893617021276;-0.3919541106754786
Unknown;0.0039599208015839;-0.7435897435897436;-1.3924404858012822
Low;0.0110397792044159;0.7704081632653061;1.1773273383837353
Unknown;0.8684226315473691;0.0275689223057644;0.0751897544756759
Unknown;0.0022799544009119;-0.7422222222222222;-1.7474662683365123
Low;0.7648647027059459;-0.0888888888888888;-0.0777242772139656
Unknown;0.6026279474410512;0.2051948051948052;0.2274388611528014
Control;0.0172396552068958;0.5035460992907801;1.0347008629045724
Unknown;0.0759184816303674;0.3316326530612244;0.7563320626672292
Unknown;0.122637547249055;-0.1629629629629629;-0.7466275144537565
Medium;0.9714205715885682;0.0845588235294117;0.0261429020918778
Low;0.0042799144017119;0.6729559748427673;1.0343505855140418
Unknown;0.0487590248195036;-0.457516339869281;-0.8681172072656868
Unknown;0.0087598248035039;0.574468085106383;1.077321781833818
Unknown;0.0954380912381752;0.4488888888888889;0.7231621770244092
Unknown;0.7923441531169376;-0.16;0.1097004592246777
Unknown;0.0047199056018879;-0.6376811594202898;-1.0983527400285864
Control;0.0002399952000959;0.8364779874213837;1.0925251889602177
Unknown;0.0432391352172956;0.3773041474654378;0.5800778965485613
Low;0.0005999880002399;0.8012820512820513;1.194037034215172
Unknown;0.0519189616207675;-0.4513888888888889;-0.9500629193797234
Unknown;0.0240395192096158;0.3550724637681159;1.2242062759995624
Low;0.0001199976000479;0.557190635451505;1.1026381266118752
Unknown;0.0020399592008159;0.5241779497098646;0.8705844151740602
Unknown;0.9242215155696886;-0.1037037037037037;0.0321748036784129
Low;0.0008799824003519;0.7038961038961039;1.2078744143262945
Medium;0.0376792464150717;0.4673913043478261;0.8630961976545278
Unknown;0.0836383272334553;-0.0125786163522012;-0.8677438887719267
Unknown;0.0701585968280634;-0.5466666666666666;-0.924893363182794
Control;0.2313953720925581;0.2708333333333333;0.5288518963001799
Low;0.0018399632007359;0.7142857142857143;1.4840919369531242
Unknown;0.0013199736005279;0.6540880503144654;1.0240240567570968
Unknown;0.2381952360952781;0.5782312925170068;0.4911848991330693
Unknown;0.7124657506849863;0.0994897959183673;0.1639733225136017
Medium;0.0589588208235835;0.6419753086419753;0.9006734173591923
Control;0.0045199096018079;0.6326530612244898;0.9496856304307336
High;0.0265994680106397;0.4266929651545036;0.6555895801967215
Unknown;0.0388392232155356;0.394927536231884;0.7243292248439348
Unknown;0.9463410731785364;0.1164772727272727;-0.0102978125646452
Unknown;0.0540789184216315;-0.3298611111111111;-0.783850017312195
Unknown;0.9626607467850644;-0.425531914893617;-0.0569344810050681
Unknown;0.0254394912101757;-0.5555555555555556;-1.0029639269178157
Unknown;0.8991820163596728;0.0163265306122449;-0.0666409875762243
Control;0.0025599488010239;0.7278911564625851;1.116171244182142
Unknown;0.0078398432031359;-0.7155555555555555;-1.5122547705248193
Low;0.0413991720165596;0.3541666666666667;0.5984041269610826
Unknown;0.0001999960000799;0.6785714285714286;1.263281097999735
Unknown;0.2717945641087178;-0.4202898550724637;-0.4761627017441349
Low;0.9125817483650328;-0.1792207792207792;-0.0267343081551689
High;0.0325193496130077;-0.25;-1.0844312729991854
Unknown;0.0024399512009759;0.5350978135788262;0.8866742271432384
High;0.0028799424011519;0.7291666666666666;1.3587842182132204
Low;0.0005999880002399;0.7870370370370371;1.1076842694414464
Unknown;0.6059878802423951;0.0072463768115942;0.2276886583731733
Unknown;0.0157196856062878;0.5372907153729072;0.8914510725030018
Unknown;0.2249555008899822;0.2888888888888888;0.5351080725479932
Unknown;0.1532369352612947;0.3617021276595745;0.6157581190547423
Unknown;0.0023199536009279;0.4203125;0.7905533761026862
Unknown;0.0033999320013599;0.6604938271604939;1.001483094623919
Unknown;0.0068398632027359;0.6666666666666666;0.8288504915729928
Unknown;0.0017599648007039;0.7189542483660131;1.2762271924146364
Unknown;0.0035199296014079;0.686698717948718;0.7613578983426087
Unknown;0.3074738505229895;-0.3185185185185185;-0.4415011545750376
Unknown;0.984060318793624;0.0952380952380952;-0.0029205550155581
Unknown;0.0896382072358552;-0.6;-0.8921989221372487
Low;0.1524369512609747;-0.4285714285714285;-0.654653920712577
Unknown;0.5642687146257075;0.2101449275362318;0.3093292422781293
Unknown;0.2281154376912461;-0.16;-0.6271063489446842
Unknown;0.0129597408051838;0.52734375;0.9244257297352096
Unknown;0.4851102977940441;-0.1354166666666666;-0.3080167609500098
Unknown;0.1546769064618707;0.3909090909090909;0.6730501053325056
Unknown;0.0578388432231355;0.1347517730496454;1.017047222459839
Unknown;0.0001599968000639;-0.6370370370370371;-2.550213182713403
Unknown;0.2924741505169896;0.3555555555555555;0.5127998167465948
Unknown;0.6984660306793864;-0.0933333333333333;-0.1619539093819897
Unknown;0.1547969040619187;-0.2777777777777778;-0.5200884680586232
Control;0.2173156536869262;-0.0306122448979591;-0.560822314995721
Unknown;0.3522329553408931;-0.2397094430992736;-0.3684664095089993
Control;0.9063818723625529;0.1141552511415525;0.0472689254374423
Unknown;0.0622387552248955;0.1666666666666666;0.6780127257447005
High;0.0011999760004799;0.5734265734265734;0.8863744913953705
Unknown;0.1405971880562389;-0.5022222222222222;-0.7825501845756992
Medium;0.0136397272054558;0.5345622119815668;0.9042133557400654
Unknown;0.0438391232175356;0.2689393939393939;0.8622145831797949
Unknown;0.0447191056178876;0.316006600660066;0.5554659980086136
Unknown;0.1303973920521589;-0.2301587301587301;-0.6615873046606806
Control;0.0063998720025599;-0.5447530864197531;-0.9708487716696772
Medium;0.0045199096018079;0.625;1.0699434379628674
Unknown;0.49235015299694;-0.3120567375886525;-0.2819025307903688
Unknown;0.0236795264094718;-0.7;-1.116201490204367
Unknown;0.0363192736145277;-0.41796875;-0.8219438167383132
Unknown;0.5311493770124598;0.1985815602836879;0.2746506406629307
Unknown;0.632827343453131;0.1418439716312056;0.2037173877228215
Unknown;0.0035199296014079;0.6041666666666666;0.7496765303065227
Unknown;0.0292794144117117;0.434640522875817;0.925750716935871
Unknown;0.1612367752644947;0.4046511627906977;0.6314093844829723
Unknown;0.0031999360012799;0.5865384615384616;1.044933339216138
Unknown;0.1799964000719985;0.1592592592592592;0.4697039219340506
Unknown;0.2626747465050699;-0.1884057971014492;-0.4935516650728515
Unknown;0.2185556288874222;-0.3866666666666666;-0.6075237175924266
Unknown;0.5027499450010999;0.1785714285714285;0.2689133973328091
Unknown;0.1299974000519989;-0.2708333333333333;-0.6878385351261237
Unknown;0.4412311753764925;0.2687074829931973;0.3398313171886886
Unknown;0.0313993720125597;0.3993055555555556;1.0393647447204857
Unknown;0.0003599928001439;0.782608695652174;1.3335004556267485
Low;3.999920001599968e-05;0.7848484848484848;1.5262656406739643
Unknown;0.0006399872002559;0.7142857142857143;0.9181133843585658
Unknown;0.0347993040139197;-0.576530612244898;-0.937991086125156
Unknown;0.1514769704605907;0.4962962962962963;0.6767012199086713
Unknown;0.6080278394432111;0.189516129032258;0.1964447898206483
Unknown;0.0524789504209915;0.4629629629629629;0.8552349986704427
Unknown;0.0014799704005919;0.7741935483870968;1.1176739308827126
Unknown;0.0077598448031039;0.7333333333333333;0.8304881689834755
Unknown;0.6874262514749705;0.1111111111111111;0.1461153167501717
Low;0.7335853282934341;0.0266666666666666;-0.1689216380019013
Unknown;0.8264634707305853;-0.0888888888888888;-0.1009201308432388
Unknown;0.4360712785744285;0.012531328320802;0.3110371628354393
Unknown;7.999840003199936e-05;0.7297297297297297;0.9525788190098624
Unknown;0.9732605347893042;0.0133333333333333;0.0437696440465552
Unknown;0.6628267434651307;0.1739130434782608;0.1908985264649892
Unknown;0.1699166016679666;-0.5111111111111111;-0.6990933787814931
Unknown;0.0012399752004959;0.75;1.2890060466411415
Unknown;0.4084318313633727;-0.0725;-0.2536415885229388
Unknown;0.1374372512549749;0.1407407407407407;0.6709048298091892
High;0.0232395352092958;0.4819277108433735;0.6931537190366831
Unknown;0.6941861162776745;0.0222222222222222;-0.1240793330846597
Unknown;0.3432731345373092;0.2736077481840194;0.38506509159786
Unknown;0.0025999480010399;0.7301587301587301;1.1756790533768662
Unknown;0.126277474450511;0.3849878934624697;0.5899180352849598
Low;0.0638787224255515;0.3825757575757575;0.7089924600716999
Medium;0.7787444251114978;-0.0448717948717948;-0.090937684993591
Unknown;0.8898622027559449;0.0133333333333333;0.0766966193909838
Unknown;0.0685986280274394;0.3634085213032581;0.7112115131496232
Unknown;0.3101537969240615;-0.3298701298701298;-0.4113404144614651
Unknown;0.0331993360132797;0.4861111111111111;0.9322466300385854
Unknown;0.0575188496230075;-0.4475308641975308;-0.6979173933613649
Control;0.5543489130217396;0.1171171171171171;0.2190310450812819
Unknown;0.5297894042119158;0.0816326530612244;0.2603737065429681
Control;0.0001599968000639;0.8827160493827161;1.6982307717216596
Unknown;0.0045154007418158;-0.5686274509803921;-2.3193675837861347
Unknown;0.6976260474790504;0.1277777777777777;0.1479514508422809
Unknown;0.2031159376812463;0.3875968992248062;0.5509462878883162
Unknown;0.0181196376072478;0.6020408163265306;0.9786645601042004
Unknown;0.0095998080038399;0.5381944444444444;0.8815621438951775
Unknown;0.5422291554168917;-0.2244897959183673;-0.256582548536417
Unknown;0.0767184656306873;0.7832512315270936;0.8562405601945796
Unknown;0.8804623907521849;0.0612244897959183;0.0768866294954243
Medium;0.8093438131237375;0.3395883777239709;0.0761703103019667
Unknown;0.0013999720005599;0.7037037037037037;1.3830061737886703
Low;0.9801003979920402;-0.0436507936507936;0.0313557612361121
Unknown;0.0027599448011039;0.6224489795918368;1.2710165313735735
Unknown;0.8472230555388892;-0.2789855072463768;-0.0361239218486136
Unknown;0.9521809563808724;-0.1777777777777777;0.0037085934261543
Low;0.8387432251354973;-0.2733333333333333;-0.0538700760414753
High;0.0004399912001759;0.6604477611940298;1.1192963895919137
Unknown;0.4230715385692286;-0.1949685534591195;-0.3590485104355387
Unknown;0.130532212885154;-0.5555555555555556;-0.964338815986044
Unknown;0.1883162336753265;-0.3671875;-0.5065175970131557
Unknown;0.991340173196536;-0.0755555555555555;0.0611570639047779
Unknown;0.3851122977540449;0.2549019607843137;0.359216291763013
Medium;0.0339993200135997;0.6224489795918368;0.9548955633274347
Unknown;0.3305933881322374;0.4355555555555555;0.4625377902001777
Unknown;0.7220255594888102;-0.25;-0.1086546276721565
Unknown;0.7822643547129058;-0.122077922077922;-0.1012494098515633
Low;0.373552528949421;0.2881944444444444;0.3745166488350775
Unknown;0.0006799864002719;0.6237037037037036;1.023220667711977
Medium;0.0009199816003679;0.475;0.8445556548445917
Unknown;0.7214255714885702;-0.2148148148148148;0.1770056424343582
Medium;0.0599588008239835;0.408695652173913;0.8644925494523482
Unknown;0.0299594008119837;0.574468085106383;0.827205736490233
Unknown;0.0472390552188956;-0.5072463768115942;-0.8741799848844887
Unknown;0.0031999360012799;-0.4858585858585859;-0.976962823136791
Unknown;0.2639147217055659;0.3383458646616541;0.4298971260541123
Unknown;0.115237695246095;0.3226950354609929;0.6756077291819088
Unknown;0.0329593408131837;0.3825757575757575;0.8428724215051151
Unknown;0.4512309753804924;0.0814814814814814;0.3209464836860319
Unknown;0.0399592008159836;-0.3971631205673759;-1.0910263715551425
Unknown;3.999920001599968e-05;1.0;1.8178275625335556
Unknown;0.1626367472650547;-0.4755555555555555;-0.6869344718517085
Unknown;0.0429191416171676;-0.4933333333333333;-1.1009740010883171
Unknown;0.0906781864362712;-0.4592592592592592;-0.71892972663669
Unknown;0.6361072778544429;0.0780312124849939;0.1348136055421915
Unknown;0.0916781664366712;-0.5466666666666666;-0.8220808007405821
Unknown;0.7667446651066979;0.0144927536231884;-0.1065445834252632
Unknown;0.1816763664726705;0.412987012987013;0.5717759720422456
Unknown;0.98530029399412;-0.3333333333333333;-0.0816667308050157
Unknown;7.999840003199936e-05;0.9142857142857144;1.3504207599002374
Unknown;0.3060738785224295;-0.1785714285714285;-0.4212885554221984
Medium;0.1568768624627507;0.4313725490196078;0.5798376605828413
Unknown;0.0718785624287514;-0.5102040816326531;-0.8371988435591825
Unknown;0.4724305513889722;0.2545454545454545;0.2321070006921655
Low;0.0003999920001599;0.7543859649122807;1.590600897982834
Unknown;0.625947481050379;0.0814814814814814;0.2085929664026777
Medium;0.2548749025019499;0.1583333333333333;0.4034082613632357
Unknown;0.832779623477298;0.2926829268292683;0.1145015621231289
Unknown;3.999920001599968e-05;0.9375;1.7286227364550693
Unknown;0.1876362472750544;-0.3333333333333333;-0.5791482098306316
Unknown;3.999920001599968e-05;0.9347826086956522;2.258355585950192
Low;0.0031599368012639;0.6728110599078341;1.1573022227780283
Unknown;0.0027999440011199;0.5783132530120482;1.045587028140654
Unknown;0.2353552928941421;-0.3401360544217687;0.4625785031262546
Unknown;0.0401191976160476;-0.6666666666666666;-1.0742548373403429
Unknown;0.0073198536029279;0.1388888888888889;1.340694724352451
Unknown;0.4702705945881082;0.2533333333333333;0.3197487670114824
Unknown;0.8883022339553209;-0.2056737588652482;-0.0784003279279104
Unknown;0.0001599968000639;0.6181818181818182;1.1943745646324204
Unknown;0.0680386392272154;0.6938775510204082;0.9382896002509374
Unknown;0.6014679706405872;0.2222222222222222;0.1372043515305957
Unknown;0.0017599648007039;0.6879432624113475;1.636056873467754
Control;0.0159196816063678;0.5289855072463768;1.0162749514592668
Control;7.999840003199936e-05;0.8214285714285714;1.3366558537861974
Medium;0.5146697066058679;0.2191358024691358;0.2977809208957598
Unknown;0.5691086178276434;-0.0625;-0.2286939919950925
Unknown;0.0755984880302394;0.5111111111111111;0.8500229856664563
Unknown;0.997020059598808;-0.0037037037037037;-0.0124789031450181
Control;0.0049199016019679;0.64;1.1777898437856245
Control;0.0121597568048639;0.4789915966386555;0.9234931071072048
Low;0.8003439931201376;0.0208333333333333;0.1360278340168579
Unknown;0.3207135857282854;-0.0567375886524822;-0.4301568369061515
Unknown;0.0499590008199836;-0.6266666666666667;-0.9912526967983348
Unknown;0.7321853562928742;-0.1679197994987468;-0.1220842914788069
Unknown;0.2156356872862542;-0.1904761904761904;-0.5499906855876114
Unknown;0.9411011779764404;-0.0311688311688311;0.0129866244889162
Unknown;0.0275594488110237;-0.6209150326797386;-1.0320431352645183
Unknown;0.0580388392232155;0.8311111111111111;1.0340584994462607
Unknown;0.8195036099278015;0.2327044025157232;0.1149112949982549
Unknown;0.0039999200015999;0.673202614379085;1.10760449250618
Unknown;0.0511589768204635;0.5481481481481482;0.7682188998588922
Unknown;0.125077498450031;-0.4038461538461538;-0.6874444894924194
Unknown;0.7842643147137057;-0.2083333333333333;-0.1227433771176032
Unknown;0.9716605667886642;-0.1089743589743589;-0.0088763086880865
Unknown;0.0001199976000479;-0.9266666666666666;-2.253901180264917
Unknown;7.999840003199936e-05;0.875;2.229615693105083
Unknown;0.0267994640107197;-0.5703703703703704;-0.9386488806279636
Control;0.9772604547909042;-0.1623931623931624;0.067287171812346
Unknown;0.1385972280554389;-0.2777777777777778;-0.563720129278447
Unknown;0.0603587928241435;-0.4202898550724637;-0.8623185292997692
Control;0.6003879922401552;0.1194805194805194;-0.1693469863032353
Unknown;0.0100397992040159;0.6594202898550725;1.2517195088493298
Unknown;0.4535109297814044;0.1666666666666666;0.332099610096132
Low;0.0300393992120157;-0.4387755102040816;-0.9493459392724416
Unknown;0.0588388232235355;0.5238095238095238;0.837645904446567
Unknown;0.0002799944001119;-0.7193877551020408;-1.3992938511328508
Unknown;0.0004399912001759;0.95703125;1.4334467956183743
Low;0.0117197656046879;0.4379310344827586;0.7942769696011087
Control;0.0004399912001759;0.7708333333333334;1.500188658212763
Unknown;0.6691466170676587;-0.1014492753623188;-0.191349994997993
Control;0.9689006219875602;-0.0435835351089588;0.0224067324972018
Unknown;0.0013599728005439;-0.7866666666666666;-1.770024102477027
Unknown;0.0819583608327833;0.3764044943820224;0.5685295490379088
Unknown;0.0143197136057278;-0.4848484848484848;-0.9799806632842636
Medium;0.2944741105177896;0.0283687943262411;-0.5763425732114916
Unknown;0.0956380872382552;0.5116279069767442;0.7680049464704259
Unknown;0.0502789944201116;0.2777777777777778;0.7770203486076264
Medium;0.1538769224615507;0.2777777777777778;0.5397501947899164
Unknown;0.0095998080038399;0.5833333333333334;1.1716225854479263
Low;0.979260414791704;0.0555555555555555;0.016430684175834
Unknown;0.8387032259354813;-0.1418439716312056;0.1075029256811075
Unknown;0.0067598648027039;-0.5204081632653061;-1.218801578013435
Unknown;0.1586768264634707;0.3765432098765432;0.617919235007839
Unknown;3.999920001599968e-05;0.8835978835978836;1.2361040523787803
Unknown;0.0002399952000959;-0.8;-1.6420881209522284
Unknown;0.4801103977920442;0.1159420289855072;-0.3006811432245854
Unknown;0.0035599288014239;0.6518518518518519;1.110770293945366
High;0.0001599968000639;0.8068181818181818;1.487813913629251
Unknown;0.4362312753744925;-0.3333333333333333;-0.3270154627868144
Unknown;0.0063198736025279;-0.7066666666666667;-1.6452308106071292
Unknown;0.0940381192376152;-0.4202898550724637;-0.8089415317089456
Unknown;0.1625967480650387;-0.4;-0.6977068157493983
Unknown;0.0022799544009119;0.6764705882352942;1.1182406828740314
Unknown;0.1404371912561748;-0.4844444444444444;-0.7028586030428192
Unknown;0.0004399912001759;-0.8442028985507246;-1.9684771228247195
Unknown;0.0608787824243515;0.362962962962963;0.6382902749086131
Unknown;0.0151196976060478;-0.42;-1.2774011031774988
Unknown;0.0006399872002559;0.7330210772833724;1.3944084320942889
Unknown;0.0868782624347513;0.3470319634703196;0.6156319724156976
Unknown;0.0009599808003839;0.6785714285714286;0.9019184925225174
Unknown;0.0080398392032159;0.5422222222222223;1.1688592554341393
High;0.118957620847583;0.3623188405797101;0.6312344020576304
Unknown;0.3933121337573249;-0.1851851851851851;-0.3764148173346227
Low;0.2726745465090698;-0.2218309859154929;-0.4170717129023672
Unknown;0.2130757384852303;0.3515625;0.4723882861571781
Control;0.7290254194916101;0.0099206349206349;0.0974598402491288
Unknown;0.0858782824343513;0.336734693877551;0.6459591441901631
Unknown;3.999920001599968e-05;-0.9591836734693876;-2.5650127164514096
Unknown;0.0869182616347673;-0.2755102040816326;-0.9624278437982402
Unknown;0.3663926721465571;0.175314465408805;0.2795509711091542
Unknown;0.0332793344133117;0.5168831168831168;0.8889737430029105
Unknown;0.8409831803363933;0.0296296296296296;0.1033304421305646
High;0.0943981120377592;0.4700460829493088;0.5911478716591361
Unknown;0.243715125697486;0.5377777777777778;0.5569260365356831
Unknown;0.5467090658186836;0.0;0.2924178581311503
Unknown;0.8089838203235935;0.0620689655172413;0.0879213898177264
Unknown;0.1688766224675506;0.4680851063829787;0.5875905001358254
Unknown;0.3546729065418691;-0.0476190476190476;-0.3947553828251853
Unknown;0.245235095298094;-0.3858024691358024;-0.5168715382730975
Medium;0.4026719465610688;0.0440251572327044;0.3683973781762155
Unknown;0.0589188216235675;0.51;0.6308113361395485
Unknown;0.0088398232035359;0.5994897959183674;0.8326727699477121
Unknown;0.0001199976000479;0.75390625;1.50086873724221
Low;0.873102537949241;0.0659722222222222;0.0874816471993258
Unknown;0.7122257554848903;-0.0075187969924812;-0.1364253760096522
Unknown;0.2363152736945261;-0.3422222222222222;-0.575114835029388
Unknown;0.0101197976040479;0.5424836601307189;0.9878749159449822
Unknown;0.4147517049659007;-0.0763888888888889;0.3279610530633967
Unknown;0.0721985560288794;-0.52;-0.8252176128412019
Unknown;0.1775564488710226;0.3688888888888889;0.6440810324356034
High;0.0340793184136317;0.5925925925925926;0.8769510986804679
Unknown;0.0814383712325753;0.532051282051282;0.7390977211184621
Unknown;0.4221515569688606;0.1670702179176755;0.3272110124814178
Unknown;0.0660786784264314;-0.4397163120567376;-0.8179221025333984
Unknown;0.9232615347693046;-0.0684523809523809;0.0934177004827784
Unknown;0.1798364032719345;0.4782608695652174;0.5822919543030346
Unknown;0.1570368592628147;0.4045138888888889;0.4972435325306725
Unknown;0.0064398712025759;-0.8055555555555556;-1.3576611814141657
Unknown;0.7977840443191136;0.1597222222222222;0.1177379678740151
Unknown;0.0076398472030559;-0.6950354609929078;-1.4208963563670014
Unknown;0.0030399392012159;0.7866666666666666;1.296325356215371
Unknown;0.4484710305793884;0.2342342342342342;0.2764911448681318
Low;0.0098798024039519;0.4820936639118457;0.770035119910225
Unknown;0.2343153136937261;-0.3851851851851852;-0.5237975723093461
Unknown;0.4329113417731645;0.2391304347826087;0.3532644895760716
Unknown;0.0683986320273594;-0.4492753623188406;-0.7900257780416998
Unknown;0.123957520849583;0.3703703703703703;0.6742287236064716
Unknown;0.0075598488030239;-0.6923076923076923;-1.251913722534973
Unknown;0.6161876762464751;0.1283292978208232;0.1954485305215314
Unknown;0.1872762544749105;0.365079365079365;0.5187182971680243
Unknown;0.0016399672006559;-0.7872340425531915;-1.5756947406561614
Unknown;0.3368332633347333;0.1840277777777778;0.3609827186421975
Control;0.1275174496510069;0.4175824175824176;0.528291191740302
Unknown;0.5703085938281235;-0.1418439716312056;-0.2447310760628686
Unknown;0.0231995360092798;-0.5918367346938775;-1.0415841628317888
Unknown;3.999920001599968e-05;0.8631578947368421;1.6879058344193123
Unknown;0.1329573408531829;0.3596059113300492;0.6154691085192432
Unknown;0.0015599688006239;-0.7371794871794872;-1.58308931111717
Unknown;0.1562768744625107;0.2088888888888889;0.6979298598018526
Unknown;0.8912221755564889;-0.0925925925925925;-0.0667793675666078
Unknown;0.0293994120117597;-0.5141843971631206;-0.99632291896169
Unknown;0.5186296274074519;-0.1705069124423963;-0.255630320401916
Unknown;0.8043039139217215;0.0462962962962962;0.1217374547516203
Control;0.0170796584068318;0.5189393939393939;1.0731705056629024
Unknown;0.7426251474970501;-0.2977777777777777;-0.1205128543126146
Unknown;0.0004399912001759;0.6820987654320988;1.2622058575797828
Unknown;0.0942781144377112;0.3555555555555555;0.7217636524228461
Unknown;0.0494790104197916;0.3464052287581699;0.9289208869651802
Unknown;0.0043199136017279;-0.6226415094339622;-1.330051317354251
Low;0.4804303913921721;0.1555555555555555;0.3358066409984305
Unknown;0.0002399952000959;-0.8466666666666667;-2.2174329865166955
Unknown;0.0204795904081918;0.1333333333333333;1.2289307960584124
High;0.0491990160196796;0.5466666666666666;0.6954184371728449
Control;0.0147997040059198;0.603448275862069;0.7378791719732527
Unknown;0.0015199696006079;-0.6666666666666666;-1.619176898172728
Unknown;0.3517529649407012;-0.2211538461538461;-0.3990513762968146
Low;7.999840003199936e-05;0.8742138364779874;1.4194377119469208
Unknown;0.0566388672226555;-0.5507246376811594;-0.9297491885171896
Unknown;0.0018399632007359;-0.6823899371069182;-1.5245397933468892
Unknown;0.0099198016039679;0.6277777777777778;0.8698629478541323
Control;0.0855982880342393;0.44;0.8098786775592899
Unknown;0.2990740185196296;0.1929824561403508;0.4178950480432328
Unknown;0.8481830363392732;0.0888888888888888;0.0985923730131039
Unknown;0.0011599768004639;-0.903846153846154;-1.6567602653293196
Unknown;0.3849123017539649;0.1857142857142857;0.3117863024079156
Unknown;0.0665986680266394;0.5851851851851851;0.837133434073605
Unknown;0.4591908161836763;-0.2019704433497537;-0.2960120461314355
Unknown;0.0001599968000639;0.7155555555555555;1.285965691159424
Medium;0.0153996920061598;-0.6737588652482269;-1.056062047393718
Low;0.0879982400351993;-0.5984848484848485;-0.8050750707177101
Unknown;0.0527189456210875;-0.5377777777777778;-0.9406178096816444
Unknown;0.0054798904021919;-0.762962962962963;-1.5240725305317242
Unknown;0.0477990440191196;-0.5111111111111111;-0.8637238830333159
Unknown;0.7216655666886662;0.2588235294117647;0.1888114312968871
Medium;0.0027999440011199;-0.5882352941176471;-1.8170235774007368
Unknown;0.1717965640687186;-0.522248243559719;-0.5770225837832824
Unknown;0.1806363872722545;-0.5777777777777777;-0.6978681762076412
Low;0.2989940201195976;-0.3866666666666666;-0.5063494597444363
Control;3.999920001599968e-05;0.6931216931216931;1.096801684349253
Unknown;0.2317553648927021;0.2836879432624113;0.5031919870114355
Unknown;0.9344213115737684;0.2431077694235588;0.0619285339448534
Unknown;0.1929161416771664;-0.2753623188405797;-0.5823821110787327
Unknown;0.0358392832143357;-0.5283018867924528;-0.9236439314825236
Unknown;0.0017999640007199;0.6319444444444444;0.9996670352624212
Control;0.5997880042399152;-0.0576923076923076;-0.196338228250691
Low;0.0003199936001279;0.8740740740740741;1.1085750999093662
Control;0.0029999400011999;0.5942307692307692;0.7611667437367564
Unknown;0.1412771744565108;-0.28125;-0.6396527898882993
Unknown;0.254434911301774;-0.4755555555555555;-0.540634095625597
Low;0.0208795824083518;0.4331065759637188;0.8915701723981379
Unknown;0.365712685746285;-0.1137566137566137;-0.3665366821025019
Unknown;0.6441871162576749;-0.3666666666666666;-0.1854693299902167
Medium;0.4041919161616767;0.2509469696969697;0.2672131467677304
Control;7.999840003199936e-05;0.873015873015873;1.3085047143145063
Unknown;0.0163196736065278;0.4965986394557823;1.0425539777644317
Unknown;0.2961540769184616;-0.3865248226950354;-0.456849829553228
Unknown;3.999920001599968e-05;0.7649253731343284;1.3272353618512476
Unknown;0.3005539889202216;-0.2753623188405797;-0.4565723256740636
Unknown;0.373072538549229;-0.2075471698113207;-0.3731698770547385
Unknown;0.2865942681146377;0.2327044025157232;0.4614898965791367
Control;0.0450790984180316;0.4014778325123153;0.7627757105602043
Unknown;0.0042399152016959;0.7101449275362319;0.972044453798455
Unknown;0.3293134137317253;0.1555555555555555;0.4656566620011644
Unknown;0.0091198176036479;-0.5486111111111112;-1.257066713082828
Unknown;0.0673186536269274;0.3113636363636363;0.5624146691283689
Unknown;0.7959840803183936;-0.1303258145363408;-0.0886398492265261
Unknown;0.0031599368012639;-0.6623376623376623;-1.2340467259057897
Unknown;0.0636787264254715;0.2935064935064935;0.8224298951891399
Unknown;0.0538789224215515;-0.5133333333333333;-0.8207754698222515
Unknown;0.0827983440331193;-0.3876811594202898;-0.6778802141253302
Unknown;0.0313193736125277;0.333984375;0.7657410564833572
Control;0.0610787784244315;0.5067385444743935;0.767655944918471
Unknown;0.0127997440051198;-0.5531914893617021;-1.144526278237937
Unknown;0.9391812163756724;0.1733333333333333;0.093413034502232
Unknown;0.9265014699706006;0.1944444444444444;0.0874536095590284
Unknown;0.0031199376012479;0.6791979949874687;1.0699691254318986
Unknown;0.245635087298254;0.3469387755102041;0.464919618119326
Unknown;0.4115917681646367;-0.1376811594202898;-0.357528636551277
Low;0.1718365632687346;0.2320675105485232;0.4725952817535679
Unknown;0.0086398272034559;-0.6259259259259259;-1.2682493147356666
Unknown;0.0032799344013119;0.6794871794871795;1.736100435510879
Medium;0.0429191416171676;-0.5032679738562091;-0.8855434033141396
Low;0.2887942241155177;0.2955974842767295;0.4602804370194585
Unknown;0.985180296394072;-0.0352941176470588;0.0334374428804663
Control;7.999840003199936e-05;0.7638888888888888;1.1910542597877969
Unknown;0.8253834923301534;-0.1884057971014492;-0.0902935108596151
Control;0.0030799384012319;0.5963718820861678;0.8653089066609723
Unknown;0.3578728425431491;0.4152823920265781;0.3808199615921998
Medium;0.0039199216015679;-0.6691729323308271;-1.2753124421941675
Unknown;0.0001999960000799;-0.9111111111111112;-2.1295544411999168
Unknown;0.0020399592008159;0.75;1.3007337545757434
Unknown;0.9103817923641528;0.1458333333333333;0.0758694430803451
Unknown;0.0011199776004479;-0.7481481481481481;-1.463774713641775
Unknown;0.4574308513829723;0.1474358974358974;0.3272023399626454
Control;0.2565948681026379;-0.2746615087040619;-0.3631727102167375
Low;0.0143597128057438;0.6049382716049383;1.0232225366564078
Unknown;0.1539969200615987;0.3484848484848485;0.637639291149774
Unknown;0.9048219035619288;0.0340136054421768;0.056485378548799
Control;0.0006399872002559;0.7098765432098766;1.2384111478265094
Unknown;0.1035979280414391;-0.5111111111111111;-0.8349316346848275
Unknown;0.9061418771624568;-0.0529100529100529;-0.0362506900636407
Unknown;0.0001199976000479;-0.8844444444444445;-1.6688586888465995
Control;0.0128397432051358;0.5761904761904761;0.8899014187842703
Unknown;0.9681806363872724;0.0703703703703703;0.0012044772379514
Control;0.0060398792024159;0.4878706199460916;1.0507458553101632
Unknown;0.0040399192016159;-0.5947712418300654;-1.5519691379921556
Unknown;0.0001999960000799;0.7654320987654321;0.8343535614168363
Unknown;0.0043999120017599;-0.7268170426065163;-1.2686539986615444
Unknown;0.0681586368272634;0.3741496598639456;0.6531906223152922
Unknown;3.999920001599968e-05;0.7622950819672131;1.0911670479625797
Unknown;0.2876342473150537;0.4270833333333333;0.4680021252210012
Unknown;0.0125997480050399;-0.5833333333333334;-1.1730882119245556
Unknown;0.0001199976000479;0.8321428571428572;1.533763999753179
Unknown;0.0816383672326553;0.6159420289855072;0.7530989394687476
Unknown;0.0003599928001439;-0.8111380145278451;-1.641866415920785
Medium;3.999920001599968e-05;0.7474747474747475;1.2357811025798895
Unknown;0.6540669186616268;-0.0902777777777777;-0.1807224138214485
Unknown;0.0829183416331673;-0.3571428571428571;-0.709214098861667
High;0.3590328193436131;-0.2971014492753623;-0.4017391945526181
Control;0.0003599928001439;0.7346938775510204;1.2983634333724756
High;0.0079598408031839;0.5390625;0.8699135570729468
Unknown;0.5070698586028279;0.0793650793650793;0.2716927233742915
Unknown;0.0023199536009279;0.7006802721088435;0.9653543642573048
Unknown;0.2123557528849423;0.3163265306122449;0.4824547980919837
Unknown;0.4335513289734205;0.1244239631336405;0.3166339678025255
Control;3.999920001599968e-05;0.9346153846153846;1.2434191158272612
Unknown;0.0003199936001279;-0.8214285714285714;-1.728122799804513
Unknown;0.2860342793144137;-0.173469387755102;-0.4304386812677227
Unknown;0.0692386152276954;0.5533088235294118;0.797412806051653
Unknown;3.999920001599968e-05;0.9063231850117096;1.7901983368758896
Unknown;0.9181016379672406;-0.0222222222222222;0.0068260986743333
Unknown;0.1130377392452151;0.2040816326530612;0.7445115939323764
Unknown;0.0877982440351193;-0.5822222222222222;-0.959406103675781
Low;0.6495870082598348;0.0962962962962963;0.2222215640405564
Unknown;0.1629567408651827;0.5512820512820513;0.6167705706898763
Unknown;0.0487990240195196;0.4805194805194805;0.8329195280990608
Unknown;0.116877662446751;0.3382352941176471;0.5874196678543157
Unknown;0.7607447851042979;0.0204081632653061;0.146465181097704
Unknown;0.0006399872002559;0.7924528301886793;1.8201675972262583
Unknown;0.0050398992020159;0.7278911564625851;1.026343325344624
Unknown;0.0001199976000479;0.7807692307692308;1.2252545089191638
Low;0.124677506449871;0.1866197183098591;0.5803540438251354
Unknown;0.0039199216015679;0.7182539682539683;1.2206641449737778
Unknown;0.25167496650067;0.2083333333333333;0.4932699973563201
Unknown;0.3886722265554689;0.4930555555555556;0.3866468904300493
Unknown;0.7211455770884583;0.1733333333333333;0.1790779716460064
Unknown;0.0263994720105597;0.4795918367346938;0.9239828418041522
Unknown;0.0392392152156956;-0.5319148936170213;-1.0161494187292337
Unknown;0.0636387272254555;0.4871794871794871;0.8083416863053318
Unknown;0.0352792944141117;0.4824355971896955;0.8422919269075078
Unknown;0.0001999960000799;0.7138888888888889;1.4260698032347725
Unknown;0.2095158096838063;-0.4515306122448979;-0.5031419139534742
Unknown;0.1427571448571028;0.2333333333333333;0.4919813692669162
Unknown;0.0296394072118557;0.5460992907801419;0.9897608960497456
Unknown;0.3035139297214055;0.3734335839598997;0.4175829065171165
High;0.0019199616007679;0.5295815295815296;1.074679348643884
Unknown;0.127357452850943;-0.3244444444444444;-0.7152802549359805
Unknown;0.0854382912341753;0.5399515738498789;0.6703346412996308
Control;0.994820103597928;-0.0805194805194805;0.0654792801206266
Unknown;0.2193956120877582;0.3962264150943396;0.5189885567707472
Unknown;0.2911141777164456;0.2595238095238095;0.3516063197491908
Unknown;0.0001999960000799;0.8144654088050315;1.668165292992618
Unknown;0.1014779704405911;-0.6843971631205674;-0.7762454671955403
Unknown;0.0038399232015359;-0.6888888888888889;-1.483710433616007
Unknown;3.999920001599968e-05;0.8802083333333334;1.3599356692047746
Unknown;0.1105977880442391;0.3227513227513227;0.6325612932249332
Unknown;0.0095998080038399;0.4586466165413533;1.2423947333916496
Low;0.0127597448051038;0.4561403508771929;0.8956981764363293
Unknown;0.0478390432191356;-0.48;-1.0012358635078342
Unknown;0.0716785664286714;-0.3714285714285714;-0.7491314081483662
Unknown;0.0024399512009759;0.6338028169014085;0.951272705349439
Unknown;0.241355172896542;0.2142857142857142;0.4774434314090208
Unknown;0.0011599768004639;-0.7901234567901234;-1.6923149572132334
Unknown;0.0003199936001279;0.8503401360544217;1.673618689948088
Unknown;0.0004399912001759;0.7692307692307693;0.8147605717248124
Unknown;0.1931561368772624;-0.3703703703703703;-0.6397604018470419
Low;0.3481530369392612;0.2115384615384615;0.4066433765301758
Unknown;0.0507989840203195;0.4468085106382978;0.7897805177307916
Unknown;0.0102397952040959;0.4228395061728395;0.940254174903484
Control;0.0039199216015679;0.44;1.1592418343199085
Unknown;0.4901501969960601;0.0;0.2834069638757681
Control;0.0323193536129277;0.4016172506738544;0.8819487607695602
Control;0.0522789544209115;0.36;0.7771011335266315
Unknown;0.256434871302574;0.2814814814814815;0.4893388600652016
Unknown;0.0356792864142717;-0.6066666666666667;-0.9161239360296763
Unknown;0.6630667386652267;0.0;0.2039666577588031
Control;0.1554368912621747;-0.1739130434782608;-0.792642320535929
Unknown;0.0904781904361912;0.5459183673469388;0.7497563758888887
Unknown;0.0370392592148157;0.463768115942029;1.0176057936926006
Unknown;0.3187536249275015;-0.2361111111111111;-0.4426116698775205
Medium;0.0007599848003039;0.7943262411347518;2.116058489868364
Unknown;0.6858262834743305;-0.0436005625879043;-0.135799352358356
Unknown;0.6844663106737865;0.0815602836879432;0.183136997649626
Unknown;0.0331593368132637;-0.3361702127659574;-1.151653931088918
Unknown;0.752904941901162;0.1728395061728395;0.1504117988107632
Unknown;0.7927841443171136;-0.3514492753623188;-0.1035553410110696
Unknown;0.0138397232055358;0.4311111111111111;1.0590600441474398
Control;0.0070398592028159;0.6159250585480094;0.7879910027990384
Unknown;0.6513069738605228;-0.2833333333333333;-0.1990731680564582
Unknown;0.0035199296014079;-0.6888888888888889;-1.520618403087987
Control;0.0700785984280314;-0.2717391304347826;-0.7842404631670847
Low;0.0048399032019359;0.5222222222222223;0.9224939604131168
Low;0.1375972480550389;0.4625850340136054;0.674217476383332
Low;0.0055198896022079;0.513671875;0.9800453278587394
Unknown;0.0005599888002239;0.8666666666666667;1.7268382840705527
Unknown;0.0101197976040479;0.5347222222222222;1.2447284155930085
Unknown;0.1739965200695986;0.4037037037037037;0.6008805677399788
Unknown;3.999920001599968e-05;0.8470149253731343;1.9562034896525635
High;0.8565828683426332;-0.1231884057971014;-0.0645998956888116
Unknown;3.999920001599968e-05;0.7941176470588235;1.4944561632935731
Unknown;0.5825883482330353;-0.3660130718954248;-0.1988829706273819
Control;0.1029579408411831;0.4407407407407407;0.6868087179334452
Low;0.4265914681706366;-0.3024691358024691;-0.3246183493859692
Unknown;0.4275114497710046;0.0;0.311488686233087
Unknown;0.2667546649067018;-0.1923076923076923;-0.4963120768857101
Unknown;0.1427571448571028;-0.2083333333333333;-0.5674132617533465
Unknown;0.6830263394732106;-0.0138888888888888;-0.1505884746056101
Unknown;0.7143057138857223;0.3993710691823899;0.1898222455427354
Unknown;0.7049459010819784;0.0698529411764705;0.1284441679304217
Unknown;0.0004799904001919;-0.8266666666666667;-2.0591650289754417
Unknown;0.0511589768204635;0.693359375;0.805735733229058
Medium;0.0003199936001279;0.8219780219780219;1.4723436347663554
Unknown;0.8255834883302334;0.4488888888888889;0.0602198609789756
Unknown;0.4625907481850363;0.1736111111111111;0.3391016966999778
Unknown;0.1543169136617267;-0.52;-0.6138116393248169
Unknown;0.8120637587248255;-0.0709219858156028;-0.0842858609358988
Unknown;0.1503569928601427;-0.345679012345679;-0.6412750041125006
Control;0.124677506449871;0.4104477611940298;0.5701225793501713
Unknown;0.6367872642547149;-0.2533333333333333;-0.2270744055306484
Unknown;0.1969960600787984;0.0496323529411764;0.4533460291205147
Unknown;0.632387352252955;0.1428571428571428;0.2020554818848554
Unknown;0.5919081618367633;0.041860465116279;0.2771891803183222
Unknown;0.0011599768004639;0.76;0.989039901669298
Unknown;0.0031599368012639;0.7063291139240506;1.0237454561194947
Control;0.6504669906601868;-0.1058201058201058;-0.1816225705907605
Unknown;0.0516389672206555;-0.4976958525345622;-0.7902263531688076
Unknown;3.999920001599968e-05;0.7765151515151515;1.352235148083591
Low;0.0035599288014239;0.7021276595744681;1.0991983383794404
Unknown;0.8300233995320093;-0.1376811594202898;-0.0862656339235269
Unknown;0.0048799024019519;-0.6013071895424836;-1.176391077570933
Unknown;0.2183556328873422;0.238095238095238;0.4833875747455718
Unknown;0.0106397872042559;0.5017921146953405;0.9157581198321588
Unknown;0.0374792504149917;0.8518518518518519;1.0050362783579525
Unknown;0.8339033219335613;-0.0754716981132075;-0.0753688500020972
Unknown;0.883262334753305;-0.3260869565217391;0.0147298534442634
Low;0.0747985040299194;0.6234567901234568;0.7216929470978517
Unknown;0.7787844243115137;-0.3111111111111111;-0.1114406467493706
Unknown;0.8427431451370972;-0.0056818181818181;0.0467806214113503
Control;0.117237655246895;0.3571428571428571;0.5525719766170066
Unknown;0.3816723665526689;-0.1872146118721461;-0.3046612574405805
Low;0.6436271274574509;0.5555555555555556;0.2386174861974796
Unknown;0.0007999840003199;-0.7712418300653595;-1.6559209823977918
Unknown;0.2901541969160617;0.2180451127819548;0.4276644092127535
Unknown;0.2191156176876462;0.3851851851851852;0.5417458785274336
Unknown;0.4581508369832603;0.0373134328358208;0.2705198911242049
Unknown;0.370592588148237;-0.3061224489795918;-0.385051248100872
Unknown;0.0394792104157916;-0.7866666666666666;-1.01892851389918
Unknown;0.752384952300954;-0.1555555555555555;-0.133852733562052
Unknown;0.4317113657726845;-0.1733333333333333;-0.3357609700609289
Medium;0.0001599968000639;0.8050314465408805;1.7222763777744985
Medium;0.0918381632367352;0.6177777777777778;0.6973569158483107
Unknown;0.0005999880002399;0.8786764705882353;1.1669382506727246
Unknown;0.3628727425451491;-0.1018518518518518;-0.3975183463967026
Unknown;0.0101997960040799;-0.5460992907801419;-1.3285139105093977
Unknown;0.8149837003259934;-0.2444444444444444;-0.1357574036717902
Low;0.1409971800563988;-0.1631205673758865;-1.060851808972516
Unknown;0.0140797184056318;-0.5777777777777777;-1.196699758510033
Unknown;0.3010339793204136;0.0655270655270655;0.3634955753361861
Unknown;0.0114797704045919;-0.5026455026455027;-1.127153750930633
Unknown;0.1834363312733745;0.5866666666666667;0.550037316637548
Control;0.0003999920001599;0.6977777777777778;1.2910818427625117
Unknown;0.8206235875282495;-0.1266666666666666;-0.0666138318954604
Unknown;0.0119597608047839;0.5396825396825397;0.8623024280032306
Unknown;0.0980780384392312;0.330188679245283;0.6965604732851499
Unknown;0.0895982080358392;0.4493506493506493;0.6613154961939068
Unknown;0.0511989760204795;0.605072463768116;0.7585303524642273
Low;0.9167416651666966;-0.125;-0.0045145517437909
Unknown;0.8860222795544089;0.12;0.1008165891179473
Unknown;0.8813823723525529;-0.0577777777777777;-0.062169406610345
Unknown;0.9115817683646328;-0.1418439716312056;-0.0689992784191779
Control;0.0322793544129117;0.5075757575757576;0.7154012972759041
Unknown;0.8311433771324573;-0.109090909090909;-0.076380451758457
Unknown;0.75042499150017;0.0;-0.1262652908852343
Control;0.0003999920001599;0.8163265306122449;1.4063559915108337
Unknown;0.0005599888002239;-0.7638888888888888;-1.8782153756713629
Medium;0.366512669746605;-0.319047619047619;-0.3556351250138645
Control;0.0482790344193116;0.6576923076923077;0.6745321475052123
Unknown;0.8243835123297534;-0.181159420289855;-0.0657676455760888
Medium;0.2279954400911981;0.4017857142857143;0.4538935700870017
Low;0.0151196976060478;0.4935897435897436;0.9015100512432036
Unknown;0.0020399592008159;0.7272727272727273;0.972319162726828
Unknown;0.2542749145017099;-0.3079710144927536;-0.5181129657462782
Unknown;0.7889842203155937;0.02;-0.0718344598647078
Unknown;0.2819143617127657;-0.2884615384615384;-0.4710987929419308
High;0.1095578088438231;0.4855072463768116;0.7059331654904938
Unknown;0.2538749225015499;-0.0488888888888888;0.523976657089973
Unknown;0.0001599968000639;0.6904761904761905;1.3559027206389151
High;0.635347293054139;-0.1836734693877551;-0.2091781523271239
Medium;0.0056798864022719;0.6900726392251816;1.0902237820210068
Unknown;0.993380132397352;-0.0222222222222222;0.0052904847353787
Unknown;0.4743105137897242;-0.2888888888888888;-0.2465577769817534
Low;0.2023959520809583;0.2233333333333333;0.5569516113020125
Unknown;0.0223195536089278;0.5128805620608899;0.8309531397727589
Unknown;0.873982520349593;-0.0850340136054421;0.0869693774362535
Unknown;0.0007999840003199;-0.4570957095709571;-1.1133979201266586
Unknown;0.0045599088018239;0.6892230576441103;0.9735428931714454
Control;0.8560228795424092;0.0354609929078014;-0.0226347977168043
Unknown;0.0334393312133757;-0.3361823361823361;-0.7649116794898636
High;0.0459190816183676;0.4149659863945578;0.8241772635915193
Unknown;0.6367872642547149;-0.1037037037037037;-0.1917201202528607
Unknown;0.629307413851723;0.2324561403508772;0.2178886021215404
Unknown;0.8600627987440251;-0.0787878787878787;-0.0676152512997816
Unknown;0.4577908441831163;-0.28;-0.3559698758880866
Unknown;0.0263194736105277;-0.3714285714285714;-1.1279474490167685
Unknown;0.0169596608067838;-0.6066666666666667;-1.0115811573397384
Unknown;0.1751564968700626;0.3156028368794326;0.6150110877006704
Unknown;0.0071598568028639;0.5014285714285714;0.8880725674574512
Unknown;0.1477970440591188;-0.3333333333333333;-0.6985430389462135
Unknown;0.117517649647007;-0.5185185185185185;-0.759139224993548
Unknown;0.4665906681866362;0.0561224489795918;0.3167074693830931
Unknown;0.0038399232015359;0.6258503401360545;1.1089490770058357
Unknown;0.7465450690986181;0.0925925925925925;0.1531436974695183
Unknown;0.0640387192256154;-0.4705882352941176;-0.8501608005098328
Unknown;0.1686366272674546;0.3819444444444444;0.5266724904851666
Low;0.7041459170816584;0.0251572327044025;0.2229362721908285
Unknown;0.0075198496030079;0.6865079365079365;0.7877543082662969
Medium;0.0010799784004319;-0.6088888888888889;-1.9874938886581333
Unknown;0.0112397752044959;0.625;1.1122274055970258
Unknown;0.2771144577108458;0.279874213836478;0.4765135563040797
Medium;0.0673186536269274;0.7962962962962963;0.9778312391851398
Control;0.0067998640027199;0.6555555555555556;1.113753357229229
Unknown;0.0345593088138237;0.7735849056603774;1.0180181797370305
Unknown;0.0015999680006399;-0.6066666666666667;-1.695810990741463
Unknown;3.999920001599968e-05;0.6464285714285715;0.9930646520718004
Unknown;0.0012399752004959;0.6779220779220779;1.2475511622779247
Unknown;0.0333993320133597;0.6311688311688312;0.8156226194128676
Control;0.0062398752024959;0.5175644028103045;1.05686329243887
Unknown;0.4712305753884922;0.0476190476190476;-0.2855920987979894
Unknown;0.2151156976860462;-0.3057644110275689;-0.5089694388690531
Unknown;0.8207035859282814;0.0454545454545454;-0.0758798504764817
Unknown;0.0171996560068798;-0.5652173913043478;-1.0694180973509462
Unknown;0.3149937001259975;-0.2179487179487179;-0.4412782271999847
Low;0.630907381852363;-0.0188679245283018;0.2525946321352623
Unknown;0.0155996880062398;-0.5777777777777777;-1.262371353450358
Medium;0.0897982040359192;-0.391304347826087;-0.7289288026240325
Unknown;0.6581068378632428;-0.2888888888888888;0.1756242973968672
Control;0.1077178456430871;0.1379310344827586;0.740786346921854
Unknown;0.0554388912221755;0.5296296296296297;0.777341038526551
Unknown;0.0007999840003199;-0.8166666666666667;-1.3815090796273044
Unknown;0.7301453970920582;0.1496598639455782;0.1537255753733234
Medium;0.1072778544429111;0.3112244897959184;0.5880178220329372
Unknown;0.0394792104157916;0.4455128205128205;0.8683696135846268
Low;0.7668246635067298;-0.3269230769230769;-0.1072551681039682
Unknown;0.3040739185216295;-0.4104938271604938;-0.4526313227080814
Unknown;0.1860974274767378;0.42;0.7260078393931294
Unknown;0.499270014599708;-0.1602564102564102;0.2507752248699543
Control;0.0955980880382392;0.2312925170068027;0.7576704731711131
Unknown;0.9392212155756884;-0.0969827586206896;-0.0280433448095286
Unknown;0.2946341073178536;0.2571428571428571;0.3475892788235785
High;0.0607987840243195;0.2838345864661654;0.5284891576050808
Unknown;0.5921081578368432;-0.0272108843537414;-0.2264782746540617
Low;3.999920001599968e-05;0.8433048433048433;1.6296884792887196
Unknown;0.0691186176276474;-0.4233766233766233;-0.7449495070361529
Unknown;0.0123997520049599;-0.52;-1.3163996849464652
Unknown;0.0237595248095038;-0.5098039215686274;-1.123945242756362
Unknown;0.0411191776164476;-0.562962962962963;-1.0901578703518708
Unknown;0.2343953120937581;-0.358974358974359;-0.5223827134899627
Unknown;0.0223195536089278;-0.6502463054187192;-1.0547615562125452
Unknown;7.999840003199936e-05;0.8888888888888888;2.2308215355095107
Unknown;0.0153196936061278;-0.7414965986394558;-1.1566839601580237
Unknown;0.371632567348653;0.1914893617021276;0.4004892998833232
Unknown;3.999920001599968e-05;0.9477124183006536;1.7498078002695197
Unknown;0.2721145577088458;-0.2222222222222222;-0.4839729103672762
Unknown;0.0233995320093598;0.3986928104575163;1.055545742471852
Unknown;0.0753984920301594;0.4705882352941176;0.7296780183467948
Unknown;0.1771964560708785;0.3055555555555556;0.576883351654983
Unknown;0.0051998960020799;0.7636363636363637;1.0198005084887594
Control;0.4616707665846683;0.1418439716312056;-0.283643372954695
Low;0.0965180696386072;0.4855072463768116;0.7007492307015706
Unknown;0.4699906001879962;0.0725623582766439;0.297869452314812
Unknown;0.0757184856302874;0.3363970588235294;0.6134443923505667
Unknown;3.999920001599968e-05;0.8345588235294118;1.755685434756079
Unknown;0.2097158056838863;0.1944444444444444;0.4912696034836581
High;0.0743185136297274;0.4047619047619047;0.7282660751108601
Unknown;0.4095118097638047;-0.362962962962963;-0.3610086551973164
Unknown;0.2143557128857423;0.04;0.6176149983239745
Low;0.2181156376872462;0.2170542635658914;0.5342896679053759
Control;0.0238395232095358;0.518796992481203;0.8821462908417419
Control;0.3263534729305414;-0.1714677640603566;-0.3486725959349693
Medium;0.0553988920221595;0.3934837092731829;0.7209748081126544
Unknown;0.0001199976000479;0.9111111111111112;1.6114842956337478
Control;0.0137597248055038;0.54421768707483;1.0447384993588078
Unknown;0.4382312353752925;0.1851851851851851;0.3388090777193101
Unknown;0.0088398232035359;-0.5407407407407407;-1.124486966873942
Unknown;0.0001599968000639;0.6285434995112414;0.98030479018333
Unknown;0.4045519089618207;0.2156862745098039;0.34623825609194
Medium;0.0001199976000479;0.8450363196125908;1.4693485425712411
Unknown;0.0435991280174396;-0.3839285714285714;-0.8871316419437814
Unknown;0.0691186176276474;-0.6013071895424836;-0.894535991871974
Control;0.0001199976000479;0.8622448979591837;1.618082486269958
Unknown;0.1606367872642547;0.2573099415204678;0.4865855270053382
Low;0.0051998960020799;0.61;0.9485827062496084
Unknown;0.9063418731625368;0.1009852216748768;0.0160439324012838
Unknown;0.0629370629370629;0.7333333333333333;1.2389295326016223
Unknown;0.7111857762844743;0.0482625482625482;0.1111408858478355
Unknown;0.0255994880102397;0.4691358024691358;0.9850449457019552
Control;0.0087198256034879;0.5723270440251572;1.2118273254590084
Control;0.9688206235875284;0.0451388888888888;0.0095047921591663
Unknown;0.3285134297314053;0.3452380952380952;0.3526045448268979
Unknown;0.8213035739285214;0.0424836601307189;0.0824740450785407
Control;0.7800243995120097;-0.0238095238095238;0.1241845000322499
Unknown;0.6727465450690986;-0.0330578512396694;-0.1294888689971354
Unknown;0.0016799664006719;0.5442857142857143;1.0151980415688726
Unknown;0.491470170596588;0.1987179487179487;0.3163752230331273
Medium;0.1023179536409271;-0.5177304964539007;-0.7327330609614757
Unknown;0.0948781024379512;0.4183673469387755;0.6432667055005669
Unknown;0.0046399072018559;-0.7959183673469388;-1.374177082975084
Unknown;0.1869562608747825;0.3916256157635468;0.5380540673172122
Unknown;0.8994620107597848;-0.0296296296296296;0.0672696000825313
Unknown;0.0005199896002079;-0.8043478260869565;-2.059903000596965
Unknown;0.1679566408671826;-0.4311111111111111;-0.6728627422518989
Unknown;0.0001599968000639;0.7237237237237237;1.0839797499677883
Unknown;0.0072398552028959;0.7253521126760564;1.1224467303219232
Unknown;0.7687446251074979;0.3469387755102041;0.1180320055143661
Control;3.999920001599968e-05;0.8308823529411765;1.359465807721384
Unknown;0.0196396072078558;0.6518518518518519;0.9711813044583152
Unknown;0.7610647787044259;0.2148148148148148;0.1506174568194682
Unknown;0.0938781224375512;0.4933333333333333;0.7641306989220948
High;0.5434691306173877;0.1636363636363636;0.2626084065536008
Unknown;3.999920001599968e-05;0.875;1.90871549518958
Medium;0.0011599768004639;0.5481927710843374;1.003262334857986
Unknown;0.0267194656106877;0.6289156626506024;0.7641993725607975
Unknown;0.0005599888002239;-0.7551020408163265;-1.7169979171365817
Unknown;0.0024799504009919;0.5814307458143074;0.964376745481052
Unknown;0.3513529729405412;0.4081632653061224;0.4177629493993975
Control;7.999840003199936e-05;0.8641975308641975;1.3407998072982168
Unknown;0.0045599088018239;0.6355555555555555;1.199133144533386
Unknown;0.1321973560528789;0.52;0.6879927468538279
Unknown;0.1902361952760944;0.2765957446808511;0.5742702915846724
Unknown;0.0089198216035679;0.8703703703703703;1.0271904834281789
Unknown;0.0003199936001279;0.717037037037037;1.4079576145663693
Unknown;0.3600327993440131;0.52;0.378796127564556
Unknown;0.0559988800223995;-0.52;-0.949079342467781
Control;0.0003199936001279;0.6635802469135802;1.0746545692267353
Low;0.0001199976000479;0.6852272727272727;1.0268189902824716
Unknown;0.1939161216775664;-0.2530864197530864;-0.5889934716686811
Unknown;0.0195196096078078;0.6143790849673203;1.168371885258648
Unknown;0.1064778704425911;-0.4042553191489361;-0.701954403847232
Unknown;0.7897842043159137;-0.0995059985885674;-0.0685238685882
Unknown;0.0060798784024319;-0.6857638888888888;-0.9912135004293564
Unknown;0.9495810083798324;0.3856209150326797;0.0250457238215526
Unknown;0.7360252794944101;-0.0496453900709219;-0.1301929153675225
Control;0.0106797864042719;0.5098039215686274;1.3130414167094917
Unknown;0.0181596368072638;0.6190476190476191;0.9161788894146952
High;0.0451590968180636;-0.5751633986928104;-0.9369934741918816
Unknown;0.3841123177536449;-0.1961538461538461;-0.3270806418336291
High;0.0088398232035359;0.6613756613756614;0.9517165622423828
Unknown;0.0354792904141917;-0.5512820512820513;-0.9560938105087424
Control;3.999920001599968e-05;0.7717171717171717;1.4976944312895362
Low;0.1605967880642387;-0.4893617021276595;-0.6429736856309834
Unknown;3.999920001599968e-05;0.8910256410256411;1.7682613212376697
Unknown;0.0289994200115997;0.5;0.8444962274181783
Unknown;0.9695006099878004;0.0592592592592592;-0.0163291623362032
Unknown;0.0439991200175996;-0.4740740740740741;-0.8943102281070427
Unknown;0.0001999960000799;0.84;1.3627541991045031
Control;0.0967180656386872;0.3862433862433862;0.6049437300715972
Unknown;0.1779164416711665;-0.2641509433962264;-0.601485802167416
Unknown;0.119837603247935;0.4019370460048426;0.6331525509405528
Unknown;0.1003579928401432;-0.6;-0.728384613742011
Unknown;0.0023599528009439;0.5503421309872922;0.8028288310418937
Unknown;0.8970220595588089;-0.2;0.1204924339165799
Unknown;0.1754364912701746;-0.3541666666666667;-0.6228493897373923
Unknown;0.3133937321253575;-0.2375;-0.5357675544666765
Low;0.4671906561868763;0.1285714285714285;0.3020202638658965
Unknown;0.0009199816003679;0.7959183673469388;1.1654126322913525
Unknown;0.0174796504069918;0.5181159420289855;1.0661145902621587
Unknown;0.8148637027259454;-0.25;-0.0332462397563967
Unknown;0.0074798504029919;0.5509893455098934;0.937403051527984
Unknown;0.0002799944001119;0.8300653594771242;1.5597964588100994
Medium;0.8545829083418331;-0.1037037037037037;-0.05730516664583
Unknown;0.0370792584148317;-0.4782608695652174;-1.0343900151880157
Unknown;0.3287534249315014;0.2152777777777778;0.4237515395631905
Unknown;0.5587488250234995;0.1666666666666666;0.2541149481345303
Unknown;0.9641407171856564;-0.0285714285714285;-0.0018966963256924
Control;0.6460270794584109;0.0846560846560846;0.1952203958742915
High;3.999920001599968e-05;0.9733333333333334;1.82463243666506
Unknown;0.0182796344073118;0.5674603174603174;0.9254829715599372
Unknown;0.9733005339893204;-0.0835579514824797;0.0029051214439436
Unknown;0.0002399952000959;0.8260869565217391;1.965767439504746
Unknown;0.7862242755144897;0.0098039215686274;0.0011972931327463
Unknown;0.0547589048219035;0.4052287581699346;0.812387693525235
Low;0.0030399392012159;-0.5897435897435898;-1.7069269987151297
Unknown;0.1113977720445591;0.4217687074829932;0.6789605218051278
Medium;0.0228395432091358;0.4973544973544973;0.923507093170255
Unknown;0.0045599088018239;0.8579545454545454;1.256063040682365
Unknown;0.5973480530389392;-0.0264550264550264;0.2055840795442231
Unknown;0.0021999560008799;0.7608695652173914;1.1116309051081106
Unknown;0.8272234555308894;-0.2296296296296296;0.0830386977499633
Unknown;3.999920001599968e-05;0.9423347398030942;1.4267611560918694
Unknown;0.3253934921301574;-0.2555555555555555;-0.4327988707600867
Control;7.999840003199936e-05;0.7912912912912913;1.058030200725025
Unknown;0.1119977600447991;0.297423887587822;0.5419674698788906
Low;3.999920001599968e-05;0.909297052154195;1.8408047364601603
Unknown;0.1067178656426871;0.2978723404255319;0.6879260782218394
Unknown;0.7354252914941701;0.0780141843971631;0.1498764115049544
Unknown;0.0180796384072318;-0.6376811594202898;-1.1340783491469777
Medium;0.8392232155356892;0.0398550724637681;0.1257019237048454
Unknown;0.0765984680306393;-0.4320987654320987;-0.7791101175260379
Unknown;0.7847043059138817;-0.1822222222222222;-0.1168185423455944
Unknown;0.1969160616787664;-0.2695035460992908;0.5522035740113381
Unknown;0.3379932401351972;-0.3129251700680272;-0.4180835329689022
Unknown;0.4085518289634207;-0.0555555555555555;0.3389940719889537
Control;0.3497930041399172;0.1785714285714285;0.3472563002837083
Unknown;0.747185056298874;-0.1194968553459119;-0.1224696509147537
Low;0.0154396912061758;0.5377777777777778;1.2560012081031848
Unknown;0.0198796024079518;0.5705128205128205;1.0391231055394758
Unknown;0.0210395792084158;-0.6284722222222222;-1.0759320956246166
Unknown;0.1;0.0;-1.9740625131246337
Unknown;0.1817563648727025;-0.15;-0.4572445768584082
Unknown;0.0615987680246395;0.4305555555555556;0.7911274331044368
Unknown;0.0187596248075038;0.64;1.0105037105982884
Unknown;0.0178796424071518;-0.7222222222222222;-1.1403594437232878
Unknown;0.2004359912801744;-0.3075060532687651;-0.5223409471933187
Unknown;0.0031199376012479;0.5359408033826638;0.8212218587908932
Unknown;0.2117647058823529;-0.5102040816326531;-0.9792760813818716
Unknown;0.0929981400371992;0.3951612903225806;0.620463073164427
Unknown;0.2051158976820463;-0.3592592592592593;-0.58399424353228
Unknown;0.0421991560168796;0.3896103896103896;0.7785102019661382
Unknown;0.5943081138377232;0.1418439716312056;0.2489919105694681
Unknown;0.0249995000099998;0.4888888888888889;0.9322429041347244
Unknown;0.982820343593128;-0.0281030444964871;-0.011532339241345
Unknown;7.999840003199936e-05;-0.8111111111111111;-2.580334257249956
Unknown;3.999920001599968e-05;0.9064039408866996;2.3069504060044554
Unknown;0.2346353072938541;-0.3787878787878788;-0.5337960435556882
Unknown;0.0011199776004479;-0.7898550724637681;-1.796939461142368
Unknown;0.1358372832543349;0.3809523809523809;0.6563572026208385
Unknown;0.2971140577188456;0.2251815980629539;0.4246329858501697
Low;0.7737445251094978;-0.2653061224489796;-0.0796702855276731
Unknown;0.1339973200535989;0.2673611111111111;0.9860969371417247
Unknown;0.0165196696066078;-0.6074074074074074;-1.1061136422983515
Unknown;0.0003199936001279;0.8368794326241135;1.6170329890597366
Unknown;0.0387992240155196;0.4294871794871794;0.932558153053988
Unknown;0.0258794824103517;-0.5277777777777778;-1.0204655017008593
Medium;0.0014799704005919;0.6619047619047619;1.1062359102868198
Unknown;0.2225155496890062;0.3461538461538461;0.5241635218335392
Medium;0.0005599888002239;0.6877637130801688;1.1613991266387595
Unknown;0.0030399392012159;-0.6157635467980296;-1.246218387046133
Unknown;0.0016799664006719;-0.6312056737588653;-1.7798780086767307
Unknown;0.0068398632027359;-0.5703703703703704;-1.3419438532337864
Unknown;0.0079198416031679;-0.6358024691358025;-1.04062563037393
Unknown;0.0063198736025279;0.5388235294117647;0.8858206360366869
Low;0.4329513409731805;0.1619047619047619;0.3195570013672586
Unknown;0.0445191096178076;0.3715277777777778;0.828901818904373
Unknown;0.1067578648427031;0.4074074074074074;0.6411391701309698
Unknown;0.0957980840383192;0.3788819875776397;0.6729823392621344
Unknown;3.999920001599968e-05;0.718475073313783;1.5731170811723234
Unknown;0.0012399752004959;0.7482993197278912;1.686528114310048
Unknown;0.0012399752004959;0.6610169491525424;1.1714655718054712
Unknown;0.0006799864002719;0.762962962962963;1.3012116646270293
High;0.0034799304013919;0.5775034293552812;0.9185468505217904
Unknown;0.0620387592248155;0.3701149425287356;0.6265019187910462
Control;0.1107977840443191;0.48;0.6366147722781302
Unknown;0.0117997640047199;-0.56640625;-1.009620987650043
Low;3.999920001599968e-05;0.851685393258427;1.6204295093660586
Control;0.0043599128017439;0.5347222222222222;1.0362473630382705
Unknown;0.1405971880562389;0.2246376811594203;0.6732056115854241
Low;0.2993540129197416;0.275;0.3674420458385709
Unknown;0.0892782144357112;0.3074074074074074;0.888144345295175
Unknown;0.0587988240235195;0.5531914893617021;0.8242208097173032
Unknown;0.6288674226515469;0.1234567901234567;0.2170690649793527
Unknown;0.1600767984640307;0.1521739130434782;0.5141234301847333
Control;0.0019599608007839;0.5927710843373494;1.0130536749677557
Unknown;0.0038399232015359;0.7275641025641025;1.1924755351414056
Unknown;0.0586388272234555;0.3209876543209876;0.7758623712093421
Unknown;0.7703445931081379;0.0232558139534883;0.1320489789212136
Unknown;3.999920001599968e-05;-0.9185185185185184;-1.5288927112468056
Unknown;0.1779164416711665;0.3263888888888889;0.5596788787691018
Unknown;0.3591128177436451;-0.3333333333333333;-0.3999844315675687
Unknown;0.1670366592668146;-0.1292517006802721;0.5797306339661766
Unknown;0.6976660466790664;-0.0978835978835978;-0.1382265032070477
Unknown;0.625907481850363;-0.2586206896551724;-0.1905710112421398
Low;0.49515009699806;0.1377777777777777;0.3405538724790583
Unknown;0.4095118097638047;0.2607709750566893;0.3334189269298854
Low;0.0078398432031359;-0.6533333333333333;-1.2505322653085218
Medium;0.4177516449671006;0.2604166666666667;0.3544775237259264
Unknown;0.1073178536429271;0.1956521739130435;0.8107048673179773
High;0.6659466810663787;0.1775362318840579;0.215882690370768
Unknown;0.0001999960000799;0.7973856209150327;1.518408180671945
Unknown;0.0875982480350393;0.3867469879518072;0.5566859418891157
Unknown;0.0389992200155996;0.4421768707482993;0.7102378399786666
Unknown;0.0860782784344313;0.4102564102564102;0.7378601497963961
Low;0.0076798464030719;0.4968253968253968;0.7009772224601661
Unknown;0.0048799024019519;-0.6866666666666666;-1.2778204736097376
Unknown;0.2127957440851183;-0.3061224489795918;-0.5097531186525798
Unknown;0.1661966760664786;0.3492063492063492;0.5719089356274887
Unknown;0.0051598968020639;0.6470588235294118;1.3301604320031937
Unknown;0.0289994200115997;-0.6266666666666667;-0.9974016530777312
Unknown;0.0084398312033759;0.644927536231884;1.0864260622125772
Unknown;0.4255914881702366;-0.3076923076923077;-0.35712691322954
Unknown;0.0504389912201755;0.5471698113207547;0.8886858625165526
Unknown;0.4291514169716606;0.4829931972789115;0.2659588831558118
Control;0.0007999840003199;0.7142857142857143;1.0285376630900067
Unknown;0.6454270914581708;0.1159420289855072;-0.1780966601393836
Unknown;0.6723465530689386;0.1352201257861635;0.1939197399616196
Unknown;0.9697006059878802;0.022875816993464;0.052911970976817
Unknown;0.0699986000279994;0.425531914893617;0.795204553730055
Unknown;0.5646287074258515;-0.0958333333333333;-0.2556900439959141
Unknown;0.0040799184016319;0.6638888888888889;1.0429965536923618
Low;0.0043999120017599;0.6346153846153846;0.8984810445833833
Unknown;0.0006799864002719;0.7547169811320755;1.018558729582789
Unknown;0.7788644227115458;-0.0261194029850746;-0.0807774931903897
Unknown;3.999920001599968e-05;0.8162878787878788;1.5198296481487683
Unknown;0.0035199296014079;0.7095588235294118;1.163212381524623
Unknown;0.0021199576008479;0.7391304347826086;1.3940086026131904
Unknown;0.0037199256014879;0.8930817610062893;1.3656784939995574
Control;0.0010799784004319;0.8;1.0885292542243696
Medium;0.0002799944001119;0.7602339181286549;1.182221854329611
Unknown;0.6402271954560909;0.2481203007518796;0.2252391391418605
Control;3.999920001599968e-05;0.9215686274509804;1.159149910272485
Unknown;0.0027999440011199;0.6691176470588235;1.0038407057012426
Unknown;0.50254994900102;-0.04;0.3245245995217649
Unknown;0.2140357192856143;-0.2536231884057971;-0.5614104831029233
Unknown;0.0021599568008639;-0.8296296296296296;-1.7435546411911564
Control;0.1126377472450551;-0.4074074074074074;-0.5967239618504014
Low;0.2322353552928941;0.2426303854875283;0.4615208105372838
Unknown;7.999840003199936e-05;0.772093023255814;1.0955572357530972
High;0.2672746545069098;0.336734693877551;0.4874761210181316
Control;0.0343993120137597;0.4852216748768473;0.7951500485092015
Unknown;0.7009859802803944;0.1894736842105263;0.191393192011741
Unknown;0.0001599968000639;0.7378472222222222;1.1656941587180585
Unknown;0.4809903801923961;0.1578947368421052;0.2865994886537067
Unknown;0.0005199896002079;0.6979166666666666;1.267986415570961
Unknown;0.124037519249615;0.4468085106382978;0.6407580303982685
Low;0.4763504729905402;0.0261437908496732;-0.2950393459448307
Unknown;0.2837943241135177;0.2418300653594771;0.4688892097840192
Unknown;0.7274254514909702;-0.0705128205128205;-0.1463277129082577
Low;0.3335933281334373;-0.2869565217391304;-0.4556352089306988
Unknown;0.0262394752104957;0.5714285714285714;0.9562679614264736
Unknown;0.7279454410911782;0.175;0.1376823785572103
Unknown;0.5644287114257714;-0.0755555555555555;-0.2542021305851613
Unknown;0.0900781984360312;-0.4117647058823529;-0.7540523971735364
Unknown;0.0001599968000639;-0.8478260869565217;-1.7476911057551023
Unknown;0.4459910801783964;0.2222222222222222;0.3325702817583497
High;0.7353452930941381;0.1217948717948717;0.1728220667172988
Unknown;0.117717645647087;-0.4149659863945578;-0.6965148698385712
Unknown;0.1265974680506389;0.2525252525252525;0.4404489766247401
Unknown;0.0297994040119197;0.4545454545454545;0.7103911958888898
High;0.0056398872022559;0.5663265306122449;1.0637524455738394
Unknown;0.1013179736405271;0.3314285714285714;0.7001976430269226
Unknown;0.0005199896002079;0.7057902973395931;1.245843732370303
Unknown;0.4832303353932921;-0.2057692307692307;-0.2590614011790482
Unknown;0.624867502649947;-0.2740740740740741;-0.2254628833956903
Unknown;0.630507389852203;-0.0555555555555555;-0.2110426275800002
Unknown;0.8906621867562649;0.03;-0.0490927154489004
Unknown;0.0246795064098718;-0.6739130434782609;-1.0968772858573388
Unknown;0.0011999760004799;0.7572463768115942;0.9177275074404602
Unknown;0.0003199936001279;0.8087557603686636;1.2891853343758908
Unknown;0.0081598368032639;-0.7333333333333333;-1.2828936257792771
Unknown;0.0029199416011679;0.6995073891625616;0.8275871317592219
Unknown;0.5369492610147797;0.1555555555555555;0.3116188611420561
Low;0.0017199656006879;0.6091954022988506;1.0305273287862506
Unknown;0.1402771944561108;-0.1805555555555555;-0.6876490534590192
Unknown;0.0668386632267354;0.2333333333333333;0.8151952647446491
Unknown;0.0189596208075838;0.3978494623655914;0.6698218269230741
Unknown;0.3369932601347973;-0.28;-0.4557639647666807
Unknown;0.0365592688146237;-0.5228758169934641;-1.0754358511302626
Unknown;0.4481510369792604;0.2044334975369458;0.3032729948233089
Unknown;0.0274394512109757;0.53125;0.8263485313600536
Unknown;0.0108797824043519;0.7665441176470589;0.9737826755120154
Unknown;0.0265594688106237;0.4166666666666667;0.8477496965339731
High;0.1989160216795664;0.3627450980392157;0.561888615239432
Unknown;0.503869922601548;0.2430555555555555;0.3016497209183487
Unknown;0.9046619067618648;-0.2926829268292683;-0.0133346453514672
Unknown;0.751304973900522;0.0577777777777777;0.1503449169957649
Unknown;0.0046399072018559;0.7922077922077922;1.1575859898824663
Unknown;0.0617187656246875;0.4068181818181818;0.5911331599744454
Unknown;0.1360372792544149;-0.4311111111111111;-0.715462673110561
Control;0.8974620507589848;0.0368663594470046;0.0606838052632629
Low;0.0314793704125917;0.4538461538461538;0.6886884191452287
Unknown;0.0287194256114877;-0.5555555555555556;-1.0313455408709404
Unknown;0.0278394432111357;0.5520833333333334;0.8775556271528345
Unknown;0.5764284714305714;0.123076923076923;0.2102939492968772
Unknown;0.6777864442711146;-0.362962962962963;0.1201961377466445
Unknown;0.1383572328553429;-0.3151927437641723;-0.6196499583501912
Unknown;0.0070798584028319;0.6884057971014492;1.205060586611852
Unknown;0.0017999640007199;-0.7194805194805195;-1.4173329501594132
Control;0.0575188496230075;0.4110275689223057;0.6327187433853818
Control;0.6558668826623467;0.1142857142857142;0.2240792488527688
Unknown;0.0144797104057918;-0.6711111111111111;-1.2022730874762184
Control;0.0017999640007199;0.638961038961039;1.0304410633339554
Unknown;0.0014799704005919;0.8205128205128205;2.163532424444057
Unknown;0.0085198296034079;0.702576112412178;1.0600766655240856
Unknown;0.0857182856342873;-0.4438775510204081;-0.6970223702414737
Unknown;3.999920001599968e-05;0.9348370927318296;2.266722924696392
Unknown;0.2849143017139657;0.1998001998001998;0.3270320631207652
Medium;0.5509889802203956;0.1936619718309859;0.2308701983122774
Low;0.8931021379572408;-0.0571428571428571;-0.0169830279332952
Unknown;0.5872682546349073;0.2506265664160401;0.1906749192398894
Unknown;0.0314393712125757;-0.4761904761904761;-1.0208556796205002
Control;0.1918361632767344;-0.2893081761006289;-0.5772229570652251
Medium;0.3503929921401572;0.3955555555555555;0.3773254854353223
Unknown;3.999920001599968e-05;0.8533333333333334;1.811651096670588
Control;0.7946641067178657;0.6379310344827587;-0.0263775707454127
Unknown;0.0028399432011359;-0.8133333333333334;-1.5417166707210657
Unknown;0.0557988840223195;-0.4;-0.6471020380438037
Unknown;0.994420111597768;-0.0511363636363636;-0.0068335187450363
Unknown;0.24087518249635;-0.1324675324675324;0.5057170685097729
Unknown;0.4821503569928601;-0.2733333333333333;-0.310365206742482
Unknown;0.0608787824243515;0.2777777777777778;1.0074042447346765
Medium;0.4001119977600448;0.2177419354838709;0.3260495623510583
Unknown;0.1507969840603188;-0.0096153846153846;0.987428188439168
Unknown;0.0391592168156636;-0.52;-1.1350534205404648
Unknown;0.0017199656006879;-0.6028368794326241;-1.6956344791296771
Unknown;0.8030639387212256;-0.164021164021164;-0.1001949707867323
Unknown;0.4381512369752605;-0.2810457516339869;-0.3375325106956438
Low;0.0003999920001599;0.740909090909091;1.1934766473699114
Unknown;0.0945581088378232;-0.3123486682808716;-0.7711896430059867
Unknown;0.7679846403071938;0.0620915032679738;0.0539112985609906
Unknown;0.0016399672006559;0.7578692493946732;1.3361026567031558
Unknown;0.0410791784164316;0.5582010582010583;0.9371311498197612
Unknown;0.8217035659286814;0.032051282051282;0.1066826106616611
Unknown;0.0449991000179996;-0.5362318840579711;-0.9855295748340054
Unknown;0.0005999880002399;0.8416666666666667;1.836594386745866
Unknown;0.0529189416211675;0.3917647058823529;0.6242519689973337
Unknown;0.0001599968000639;0.837037037037037;1.4777080681192216
High;0.9297414051718964;-0.1384615384615384;0.0286187296035072
Unknown;0.0091998160036799;0.6170212765957447;1.1748716260339935
High;0.2127157456850863;-0.2679738562091503;-0.5899112005942215
Unknown;0.0005199896002079;-0.7666666666666667;-1.958801669113087
Control;7.999840003199936e-05;0.803030303030303;1.3220600707941728
Low;0.0098798024039519;-0.3174603174603174;-1.2648151155749674
Unknown;0.2914741705165897;0.2777777777777778;0.4631602719278375
Unknown;0.0287594248115037;-0.625;-1.0580948104096015
Unknown;0.4729105417891642;0.0833333333333333;0.2835851429482194
Medium;0.0010799784004319;0.7333333333333333;0.8345973223595711
Unknown;0.8596628067438651;-0.1451612903225806;-0.0818315350772202
Control;0.0007999840003199;0.6159554730983302;0.9939364056381652
Unknown;0.3298734025319493;0.32;0.4171942931139116
Unknown;0.2165556688866222;0.0972222222222222;0.5535585649454232
Unknown;0.0293994120117597;0.4328703703703703;0.7737988673319389
Unknown;0.9467810643787123;-0.050314465408805;0.0434997869254255
Unknown;7.999840003199936e-05;-0.7168949771689498;-1.792090978507762
Unknown;0.0012399752004959;-0.746031746031746;-1.56251981876056
Unknown;7.999840003199936e-05;0.5648148148148148;1.0363354631696085
Unknown;3.999920001599968e-05;0.771875;1.6015487530856067
Control;0.0002799944001119;0.7428571428571429;1.5652396606954877
Unknown;0.370552588948221;-0.2345679012345679;-0.3904060461712316
Unknown;0.243595128097438;-0.0177777777777777;0.5341844954357932
Unknown;0.1646367072658547;0.3484848484848485;0.6054342814045798
Unknown;0.0199596008079838;0.5205811138014528;0.8857108580009783
Control;0.8445431091378173;0.0507246376811594;0.1061944958683534
Unknown;0.7257054858902822;-0.1205673758865248;0.1624849237335019
Unknown;3.999920001599968e-05;1.0;2.187057902389461
Unknown;0.1789964200715985;0.3333333333333333;0.5764705843133908
High;0.0034399312013759;0.667447306791569;1.088844414531683
Unknown;0.75382492350153;-0.1428571428571428;-0.0973055634984963
Unknown;0.0985994397759103;0.1515151515151515;1.0518571446254088
Control;3.999920001599968e-05;0.9330143540669856;2.3727700002619967
Unknown;0.1413171736565268;0.3555555555555555;0.6486477078407547
Low;0.3487130257394852;0.2592592592592592;0.3951029402444033
Medium;0.6574268514629708;-0.065079365079365;-0.1219588259797707
Unknown;0.0025199496010079;-0.7536231884057971;-1.5044726457614004
Unknown;0.2191156176876462;0.3265306122448979;0.4877080389272076
Unknown;0.0565588688226235;0.3693181818181818;0.6705801690832063
Unknown;0.3172336553268934;0.3866666666666666;0.4827003522861242
Unknown;3.999920001599968e-05;0.8947368421052632;1.1965454272023226
Unknown;0.1374372512549749;-0.2961038961038961;-0.6147298804784099
Low;0.0070398592028159;0.6666666666666666;1.2684212617570167
Unknown;0.5506289874202516;0.1393280632411067;0.1914353798214783
Unknown;0.1068778624427511;0.319047619047619;0.6558383128049724
Low;0.0004399912001759;0.8300653594771242;1.2037132908796364
Unknown;0.0420791584168316;-0.52;-1.0738412338720744
Unknown;0.0605987880242395;0.3662337662337662;0.7706442415005075
Unknown;0.1277974440511189;0.2555555555555555;0.6597310633662986
Unknown;0.0038799224015519;-0.7511111111111111;-1.4920030093874048
Low;3.999920001599968e-05;0.8465909090909091;1.3824060449938682
Unknown;0.2038359232815343;-0.2666666666666666;-0.5696123233615098
Unknown;0.8104237915241695;0.2411347517730496;-0.0782232210018274
Unknown;0.3131537369252615;-0.3422222222222222;-0.4517967450223744
Unknown;0.0071598568028639;-0.6296296296296297;-1.288298884691334
Unknown;0.0030799384012319;0.6333333333333333;1.6160705729634666
Unknown;0.7195856082878342;-0.2977777777777777;-0.1452002461765248
Unknown;3.999920001599968e-05;0.9137466307277629;1.375355012252545
Unknown;0.0457590848183036;0.558641975308642;0.7893319575502545
Unknown;0.0102797944041119;-0.6143790849673203;-1.2574193612844209
Unknown;0.629067418651627;0.3914893617021276;0.2316945290288375
Unknown;0.1675966480670386;-0.3955555555555555;-0.673882590679668
Unknown;0.7075058498830024;0.0259740259740259;0.149762554361355
Unknown;0.0041999160016799;-0.5897435897435898;-1.4206826186913784
Unknown;0.0097598048039039;-0.3900709219858156;-1.368060284676593
Unknown;0.4514709705805884;-0.2222222222222222;-0.3185124120632865
Unknown;0.0141997160056798;0.5370370370370371;1.005771748186357
Unknown;0.4213115737685246;-0.015625;0.3196447717322295
Unknown;0.0144797104057918;0.5;0.901916843713272
Unknown;0.4223515529689406;-0.1186440677966101;0.2808916330409252
Unknown;0.0981180376392472;-0.5362318840579711;-0.7354166801539915
Unknown;0.6413471730565389;0.2639225181598063;0.2081611272631707
Unknown;0.2492000752870318;0.4;0.6479974599079258
Unknown;0.1619967600647987;0.396551724137931;0.5487903790942557
Unknown;0.0193596128077438;0.5561224489795918;0.9076340731697404
Unknown;3.999920001599968e-05;0.9154285714285716;1.7830368720032177
Unknown;0.490190196196076;-0.0147783251231527;0.275604353803449
Unknown;0.1303173936521269;-0.4047619047619047;-0.6615595380122361
Unknown;0.0091998160036799;-0.6296296296296297;-1.0073899418902128
Unknown;0.0219595608087838;0.4414814814814815;0.8028329054119405
Unknown;0.9363012739745206;-0.0243055555555555;0.0458499438284119
Unknown;0.0611987760244795;0.3656174334140435;0.7331491200947585
Medium;0.0013599728005439;0.7311827956989247;1.2801283590592194
Unknown;0.0021199576008479;0.6851851851851852;1.3759128588605598
Unknown;0.2184356312873742;-0.3333333333333333;-0.5500321488987987
Unknown;0.1939161216775664;0.391025641025641;0.5644430337711215
Unknown;0.114877702445951;0.4871794871794871;0.5627926111916207
Low;0.3260734785304294;0.2318840579710145;0.4186382230607124
Unknown;0.0003599928001439;0.7772397094430993;1.3967933015022342
Unknown;0.7750644987100258;0.0124610591900311;0.0908490811057953
Unknown;0.0038799224015519;-0.6666666666666666;-1.3375848604118925
Unknown;0.0593588128237435;-0.4509803921568627;-0.8774848814011155
Unknown;0.0067198656026879;0.5427350427350427;0.8683847838998492
Control;0.2813543729125417;0.0486111111111111;0.5095602029552706
Unknown;0.0751184976300474;0.5510204081632653;0.9076098626275112
Unknown;0.114877702445951;0.3472222222222222;0.5439094217603958
Unknown;0.2769944601107977;0.0992907801418439;0.4665115684164095
Unknown;0.3449931001379972;0.1172839506172839;-0.4123357136598371
Unknown;7.999840003199936e-05;0.7325581395348837;1.401133456196161
Control;0.3662726745465091;0.3233333333333333;0.3931860915285726
Unknown;0.8997020059598808;0.037037037037037;0.066665346843157
Unknown;0.7643847123057539;0.228395061728395;0.1013755001616269
Unknown;3.999920001599968e-05;-0.9202898550724636;-1.9346386863243807
Unknown;0.2036359272814543;0.3066666666666666;0.5476256583497744
Unknown;0.116477670446591;-0.4181818181818181;-0.730242840030663
Unknown;0.7428651426971461;-0.064039408866995;-0.1301892916478063
Unknown;0.3049939001219975;0.1666666666666666;0.4348686210356086
Unknown;0.1725165496690066;-0.3181818181818182;-0.6206693818329974
Unknown;0.0295994080118397;-0.3734335839598997;-0.9322024479545508
Unknown;0.4319913601727965;0.1272727272727272;0.3949299878449325
Control;0.8108637827243456;0.1836734693877551;0.1210475266950832
Unknown;0.123077538449231;0.3725490196078431;0.6673891714647819
Low;0.0101597968040639;0.5275735294117647;0.7961181065496695
Unknown;0.7753044939101218;-0.0138888888888888;-0.1445224819596935
Unknown;0.0615187696246075;-0.5408805031446541;-0.8422713064410561
Unknown;0.7371852562948741;0.1376811594202898;0.1677749579842966
Unknown;0.9235415291694166;-0.3407407407407407;0.0629424484921004
Unknown;0.49695006099878;-0.4397163120567376;-0.2945904323983704
Control;0.8444631107377852;0.3769230769230769;0.1228325703222058
Control;0.1949161016779664;0.3333333333333333;0.538995679577235
Control;0.0057198856022879;0.7142857142857143;1.2368030546500828
Unknown;0.0013999720005599;-0.6234567901234568;-1.483774343426621
Unknown;0.1977160456790864;-0.3188405797101449;-0.5796536391424945
Unknown;0.0183196336073278;0.4838709677419355;0.8331346502309078
Unknown;0.4600307993840123;0.1014492753623188;0.3190023310060867
Unknown;0.6337873242535149;-0.0753968253968253;-0.2097860228003445
High;0.1663566728665426;0.4037037037037037;0.6043170603528545
Unknown;3.999920001599968e-05;0.703125;1.7998585463113106
Unknown;0.0851982960340793;0.4659863945578231;0.7857659719913435
Unknown;0.3463930721385572;0.5069444444444444;0.4077824696046248
Unknown;0.0098398032039359;-0.6312056737588653;-1.12991357725698
Unknown;3.999920001599968e-05;0.7961165048543689;1.3283631124617252
Unknown;0.2226755464890702;-0.1141975308641975;0.5269590743652947
Unknown;0.1408371832563348;-0.2481481481481481;-0.6811067254883489
Unknown;0.5911081778364433;-0.0705128205128205;-0.2286282352237184
Unknown;0.1369172616547669;-0.2037037037037037;-0.6849372505856557
Unknown;0.1019179616407671;0.5022222222222222;0.6002670312813148
Unknown;0.0052398952020959;-0.8222222222222222;-1.045902169478207
Unknown;3.999920001599968e-05;0.9012345679012346;1.3069428934033758
Unknown;0.3207135857282854;0.2908496732026144;0.3841358310125402
Unknown;0.0541189176216475;-0.3576388888888889;-0.7107052859887123
Unknown;0.8257834843303133;-0.4311111111111111;-0.1420030341679025
Unknown;3.999920001599968e-05;0.929945054945055;1.7888485159737118
Medium;0.0119997600047999;0.5783582089552238;0.9098781410361134
Control;0.0007199856002879;0.8296296296296296;1.6597391057878736
Medium;0.7922641547169057;0.1168831168831168;0.0816547164579234
Unknown;0.3018739625207496;-0.2452830188679245;-0.4360788142593129
Unknown;0.1522769544609107;-0.3133333333333333;-0.631854452290359
Unknown;0.0552788944221115;-0.6622222222222223;-1.0149760924749236
High;0.7361852762944741;-0.2355555555555555;-0.1675399553871329
Unknown;0.0012799744005119;0.75177304964539;1.5441123684794138
Low;0.0042799144017119;0.6622222222222223;1.3977378984135946
Unknown;0.0093598128037439;-0.6266666666666667;-1.2302868339587962
Unknown;0.0501589968200636;-0.5270935960591133;-0.8462185449306132
Unknown;0.0963180736385272;-0.4;-0.7751909734813547
Unknown;0.5553088938221236;-0.0044444444444444;0.1885097032142125
Unknown;0.5966280674386513;0.1507936507936507;0.2766334325219785
Unknown;0.0715585688286234;0.4133333333333333;0.6854039803129829
Unknown;0.4218315633687326;-0.25;-0.3472937140398194
Unknown;0.0013999720005599;-0.6956521739130435;-1.7067687610473736
Unknown;0.0085198296034079;0.6574074074074074;0.729632733461823
Control;0.4918301633967321;-0.0121065375302663;-0.2697961146380719
Unknown;0.0121997560048799;0.5972222222222222;1.0326581143732256
Unknown;0.0439591208175836;0.6764705882352942;0.6898810639628097
Unknown;0.7167056658866823;0.0666666666666666;0.1644468179511937
Unknown;0.1318373632527349;0.3;0.6496534509411153
High;0.0836383272334553;-0.3230994152046784;-0.6512221202430016
Unknown;0.6621067578648427;-0.1097560975609756;-0.1780653849932363
Unknown;0.0717185656286874;-0.3439153439153439;-0.7717261658685002
Unknown;0.0086398272034559;-0.5782312925170068;-1.157817145789338
Unknown;3.999920001599968e-05;-0.9777777777777776;-2.75522764944565
Unknown;0.0756784864302713;-0.5359477124183006;-0.7919832281920961
Unknown;0.7080658386832264;0.1428571428571428;0.1699519577914247
Unknown;0.4853502929941401;-0.1022222222222222;-0.3145140462116506
High;0.9369412611747764;-0.0952380952380952;0.0237231036541987
Unknown;0.0249995000099998;-0.6702898550724637;-1.0671098556424603
Unknown;0.0961180776384472;0.4577777777777778;0.7751756753136645
Medium;0.0191196176076478;-0.5576923076923077;-0.9582613619657024
Control;0.0151596968060638;0.6533957845433255;0.9297667634386526
Unknown;0.4697906041879162;0.2152777777777778;0.3171176414058205
Low;0.0515989680206395;0.7407407407407407;0.9548321885255672
Unknown;0.0455190896182076;0.3492063492063492;1.0201153804878564
Control;0.0001199976000479;0.8666666666666667;1.5011200202759334
Unknown;0.3267134657306854;-0.2592592592592592;-0.4271321354544073
Unknown;0.3825123497530049;-0.0784313725490196;-0.3684743856648205
High;0.2844343113137737;0.1619047619047619;0.4299514502637919
Unknown;3.999920001599968e-05;0.8968253968253969;2.032256035523737
Unknown;0.5809483810323793;0.1543209876543209;-0.2261909216492248
Unknown;0.0061198776024479;0.6370370370370371;1.292198560288882
Unknown;0.0001199976000479;-0.7210884353741497;-2.6442944802207737
Unknown;0.6996660066798664;-0.2448979591836734;-0.1589941955708808
Unknown;0.0966380672386552;-0.4782608695652174;-0.7704748190787737
Unknown;0.988340233195336;0.0441558441558441;0.0120900695821033
Unknown;0.1273174536509269;-0.2056737588652482;-0.7212598353322918
Unknown;0.115917681646367;0.3559322033898305;0.6147095212142114
Unknown;0.0306793864122717;-0.6103896103896104;-1.002011738066007
Unknown;0.0079598408031839;0.6126126126126126;1.1651802958018416
Unknown;0.0029999400011999;0.625;1.0513816485287246
Unknown;0.3686726265474691;-0.1843971631205673;-0.3906915478960702
Unknown;0.4569508609827803;-0.2246376811594203;-0.3177529714742562
Medium;0.0001599968000639;0.7703081232492998;1.6457400379374163
Unknown;0.9115417691646168;-0.1134751773049645;-0.0585806817895138
Unknown;0.4355912881742365;0.1633064516129032;0.2962466681827277
Unknown;0.0149997000059998;-0.7430555555555556;-0.8794539520783474
Unknown;0.6619467610647787;-0.206060606060606;-0.129852890399292
Unknown;0.0102397952040959;0.6172839506172839;0.974816798308187
Unknown;0.3242735145297094;0.1688311688311688;0.346397828019603
Medium;0.0075198496030079;0.6538461538461539;0.970388168079755
Unknown;0.3013939721205576;0.5111111111111111;0.4023013847790253
Unknown;0.3910321793564129;0.4012345679012346;0.3859904688775695
Unknown;3.999920001599968e-05;0.7121212121212122;1.1274127764001036
Medium;0.9716205675886482;0.1822222222222222;0.0133865122491431
Low;0.7026659466810664;-0.0612244897959183;-0.1351296022736562
Unknown;0.0105197896042079;0.7291666666666666;1.1230248861422187
Unknown;0.1507169856602868;0.3733333333333333;0.584051993290728
Unknown;0.0002799944001119;-0.8148148148148148;-1.8981398821023112
Unknown;0.0065198696026079;0.4846153846153846;0.9474899179478264
Unknown;0.4399912001759964;0.2615384615384615;0.2336484710789488
Medium;0.6893062138757224;-0.0457516339869281;-0.1713858022716839
Unknown;0.0378792424151517;-0.2083333333333333;-0.9482155447461488
Unknown;0.0822783544329113;0.4285714285714285;0.6992952325274843
Unknown;7.999840003199936e-05;0.8097014925373134;1.1671239254992507
Unknown;0.4813503729925401;0.1658163265306122;0.3027755904686037
Unknown;0.2119157616847663;-0.2483660130718954;-0.5485905211669443
Unknown;0.9233415331693366;0.1568181818181818;0.0476127440273071
Unknown;0.0574388512229755;-0.4933333333333333;-0.9407514495217004
Unknown;0.873782524349513;-0.0211267605633802;-0.0449199966517521
Unknown;0.1062378752424951;-0.4057971014492754;-0.7177459923902672
Unknown;0.3335933281334373;0.2148148148148148;0.4381731144036409
Unknown;0.0212395752084958;-0.3985507246376811;-1.1955881403339248
Unknown;0.2193956120877582;0.2466666666666666;0.5301830429077028
Unknown;0.6110277794444111;-0.115079365079365;-0.1858619200805011
Control;0.0114797704045919;0.3888888888888889;0.7030239023817619
Control;0.7906641867162657;-0.1025641025641025;-0.082974185810113
High;0.4385912281754365;0.2098765432098765;0.3448836432641569
Unknown;0.6697466050678986;0.1016949152542373;0.199049196978429
Unknown;0.0066798664026719;0.4636963696369637;0.7615321198848537
Unknown;0.0693986120277594;-0.5111111111111111;-0.9035623345273665
Unknown;0.0037999240015199;-0.74;-1.3403256718142935
Unknown;0.9477810443791124;0.04;-0.0151965808601427
Unknown;0.0429191416171676;0.2454545454545454;0.8192220171298533
Control;3.999920001599968e-05;0.8435672514619883;1.7916152706082982
Unknown;0.0359192816143677;0.5333333333333333;0.9064064043161482
Unknown;0.0495190096198076;-0.3634146341463414;-0.7272340262154142
Unknown;0.1063178736425271;0.2672811059907834;0.6345252698473973
Unknown;0.6302273954520909;0.0638297872340425;0.1713391885610874
Unknown;0.0089998200035999;0.6166666666666667;1.3083768122715556
Low;0.0402791944161116;0.4358974358974359;0.7149233099582453
Unknown;0.1046379072418551;0.3688888888888889;0.7560868914128754
Unknown;0.4001919961600768;-0.1938775510204081;-0.3256787138938654
Control;0.3818723625527489;0.2352941176470588;0.3733375311166865
Unknown;0.0032799344013119;0.4825174825174825;1.0268544941655364
Unknown;0.6018279634407312;-0.2847222222222222;-0.2019341410905701
Unknown;0.9257014859702806;-0.0110294117647058;-0.0348177604063539
Medium;0.1920761584768304;0.3005698005698006;0.4564551364693164
Unknown;0.2179556408871822;0.2962962962962963;0.533427268409583
Unknown;0.0019999600007999;0.5977777777777777;1.0554355322345386
Unknown;0.0131997360052798;0.4466666666666666;1.0427591437166135
Unknown;0.0856382872342553;0.3114754098360656;0.6774618285351353
Unknown;0.0102397952040959;0.614406779661017;0.9950633229607402
Unknown;0.0064798704025919;0.4591049382716049;0.7916586086496025
High;0.0002799944001119;0.8141025641025641;1.3703697327684132
Unknown;0.0278394432111357;-0.8641975308641975;-1.084258398015365
Unknown;0.0021999560008799;-0.7569444444444444;-1.504977473811574
Unknown;0.8711825763484731;-0.0507246376811594;-0.0164541162520462
Unknown;0.50214995700086;-0.3197278911564626;-0.2854352794908143
Unknown;0.0421191576168476;-0.5641025641025641;-0.943751831494306
Low;0.0152796944061118;0.4081027667984189;0.6356021784309729
Control;0.1591968160636787;-0.3678571428571429;-0.5619341677858708
Unknown;0.0013999720005599;-0.851063829787234;-1.8147357005665363
Unknown;0.0007599848003039;-0.7898550724637681;-1.660164371707619
Unknown;0.876022479550409;-0.0547619047619047;-0.0574473704716953
Unknown;0.1623167536649267;0.3262411347517731;0.6125734659904569
Unknown;0.7632647347053059;0.1477272727272727;0.1194043888061788
Unknown;0.1476370472590548;-0.4351851851851852;-0.6751571651315852
Unknown;0.6034679306413872;0.2291666666666666;0.2310367207752252
Unknown;0.118797624047519;0.4429223744292237;0.5446589327323913
Unknown;0.4667106657866842;-0.1904761904761904;-0.2425094883978281
Control;3.999920001599968e-05;1.0;1.6861501011076196
Unknown;0.369352612947741;0.1866666666666666;0.413778818013392
Unknown;0.0047599048019039;0.6962962962962963;1.152424888269031
Unknown;0.1087978240435191;-0.362962962962963;-0.5859131196205906
Unknown;0.1359972800543989;0.3911111111111111;0.6467826388298307
Unknown;0.2616747665046699;0.1527093596059113;0.4398457969151566
Control;0.2816343673126537;-0.3333333333333333;-0.4738778476221066
Medium;0.0576388472230555;0.5471698113207547;0.8277090376822067
Unknown;0.0017999640007199;0.7610062893081762;1.121872482243837
Unknown;0.0217595648087038;-0.5555555555555556;-1.1260216096644138
Unknown;0.1947161056778864;-0.4027777777777778;-0.5778054639018463
Unknown;0.0047999040019199;-0.599290780141844;-1.509226203339456
Unknown;0.372592548149037;0.3;0.3741616715414932
Unknown;0.0867982640347193;0.5138888888888888;0.7930007198589457
Unknown;0.9218215635687286;-0.0030864197530864;-0.0303331667572285
Unknown;0.4821465428276574;0.15625;0.3951461368127646
Unknown;0.0011199776004479;0.7049180327868853;1.472079908179986
Unknown;0.2868342633147337;-0.1346153846153846;0.4328928368758242
Unknown;0.0223995520089598;0.5032679738562091;0.8908752502582483
Unknown;0.5515089698206036;0.0567375886524822;0.2498076231086642
Unknown;0.0019199616007679;-0.6296296296296297;-1.476247737103665
Unknown;0.874542509149817;-0.0844444444444444;-0.0495038231482715
Unknown;0.374472510549789;0.3768115942028985;0.3968942803387818
Unknown;0.9138617227655448;0.1545667447306791;-0.0376358555776947
Low;0.0063198736025279;0.60062893081761;1.125882536384494
Unknown;0.5295894082118358;-0.2978723404255319;-0.2485099281595336
Unknown;0.4507109857802844;-0.3259259259259259;-0.3299140724639807
Control;0.0219195616087678;0.4477611940298507;0.84401706370256
Unknown;0.5237495250094998;-0.0285714285714285;-0.2516349610848957
Low;0.3096338073238535;-0.238095238095238;-0.4475599714644055
Unknown;0.3037539249215015;0.1923076923076923;0.4489693887344086
Unknown;0.9536209275814485;-0.3680555555555556;-0.0184760708966633
Unknown;0.3463930721385572;-0.1822222222222222;-0.4476089134526646
Unknown;0.8909421811563769;0.0196078431372549;0.0619947880930653
Unknown;0.0415991680166396;-0.524822695035461;-0.9401752714010304
Unknown;0.0029599408011839;-0.6470588235294118;-1.646018296823584
Unknown;0.0215995680086398;0.5867346938775511;0.8773411895766661
Unknown;3.999920001599968e-05;0.7875816993464052;1.3209469648017127
Unknown;0.6665866682666347;-0.3688888888888889;-0.1494429099821697
Control;0.9266614667706646;-0.0319148936170212;0.0514016999825294
Unknown;0.1388372232555348;0.4044444444444444;0.7063382994677372
Unknown;0.115357692846143;-0.5138888888888888;-0.7468374950333726
Unknown;0.0041599168016639;0.5526315789473685;0.9292120313006326
Unknown;0.5415891682166357;0.0992907801418439;0.284017244951787
Unknown;0.3438731225375492;-0.3377777777777778;-0.4505362417506164
Control;0.0131997360052798;0.5434782608695652;0.9361323762158048
Unknown;0.0740785184296314;0.2925170068027211;0.8588485852494829
Unknown;0.0058398832023359;-0.6074074074074074;-1.5574027645759636
High;3.999920001599968e-05;0.8525641025641025;1.2869768236792667
Unknown;0.6727065458690826;0.1879432624113475;0.1886579130680349
Unknown;0.5076698466030679;-0.25177304964539;-0.2878876495062844
Unknown;0.0906781864362712;0.3571428571428571;0.6605538351447963
Unknown;0.0740385192296154;-0.6057692307692307;-0.8632116588772802
Low;3.999920001599968e-05;0.7839080459770115;1.3884031008056943
Unknown;0.4579508409831803;-0.2346938775510204;-0.3171933614828888
Unknown;0.5798684026319474;-0.0518518518518518;-0.2322612104097505
Low;0.1440771184576308;0.3433583959899749;0.5808402685440048
Unknown;0.2623547529049419;-0.21;-0.4892843269960485
Unknown;0.1011179776404471;0.3197278911564626;0.510127323666626
Control;0.0185196296074078;0.4846153846153846;0.8132179158288221
Unknown;0.0599588008239835;0.7547169811320755;0.930382256058326
Unknown;3.999920001599968e-05;-0.9420289855072465;-1.5859641578173274
Unknown;0.1762364752704946;-0.1929824561403508;-0.5568265998022596
Unknown;0.6515469690606188;-0.0687830687830687;-0.1748686676625783
Unknown;0.9080218395632088;0.2058823529411764;-0.0162139509525507
Unknown;0.2593548129037419;0.3703703703703703;0.4960382609494054
Unknown;0.0864782704345913;0.2569444444444444;0.8296200682290389
Control;0.5843083138337233;0.5481481481481482;0.247429468612467
Unknown;0.75782484350313;-0.1376811594202898;0.1224288261847576
Unknown;0.126357472850543;-0.2971014492753623;-0.670599990201179
Unknown;0.2245955080898382;-0.4488888888888889;-0.5822143207098763
Medium;0.2265554688906222;0.3029556650246305;0.4803984705056054
Unknown;0.0167996640067198;0.5866666666666667;0.9967544459211832
Unknown;0.0539989200215995;0.4528301886792453;0.7250581392828562
Unknown;0.1628767424651507;-0.1153846153846153;-0.6149969099113484
Unknown;0.0012399752004959;0.6796536796536796;0.9397606874396106
Unknown;0.0002399952000959;0.8466666666666667;1.538491417815212
High;0.2773144537109258;0.0333333333333333;0.4704841994875611
Unknown;0.9292614147717044;0.0;-0.0308692103221625
Unknown;0.0001199976000479;0.7676767676767676;1.5874655245889768
Unknown;0.7988640227195456;0.0100250626566416;0.1315677854642914
Unknown;0.1067978640427191;0.2320261437908496;0.6514084901721064
Unknown;0.0091998160036799;-0.68;-1.391035198596861
Unknown;3.999920001599968e-05;0.9130434782608696;1.8640090169062835
Unknown;0.1715965680686386;-0.4888888888888889;-0.6794313620732637
Unknown;0.2059558808823823;-0.44;-0.5499962158354774
Unknown;0.0085198296034079;0.4901477832512315;0.7923679706048672
Unknown;0.0090798184036319;-0.5138888888888888;-1.2154865585335166
Unknown;0.376632467350653;0.0488888888888888;0.3991040701609133
Medium;0.7005459890802184;-0.0776942355889724;-0.1616737528228634
Unknown;0.6747465050698986;0.0643939393939393;0.1613460244466571
Unknown;0.9001819963600728;-0.4074074074074074;-0.0705742645223472
Unknown;0.4238315233695326;-0.2826086956521739;-0.351802234765315
Unknown;0.7376652466950661;0.0512820512820512;0.1546926370588603
Unknown;0.1317973640527189;0.5688311688311688;0.5815882709707431
Unknown;0.0094398112037759;0.6;1.3107375820284215
High;0.9285014299714006;-0.0333333333333333;-0.0309295899649445
Unknown;0.0481190376192476;0.5615942028985508;0.8594593514384256
Unknown;0.5892682146357073;0.0887681159420289;0.2247448749796363
Unknown;7.999840003199936e-05;0.7855477855477856;1.3619351447508
Control;0.0103197936041279;0.8176100628930818;1.1177138875936825
Unknown;3.999920001599968e-05;0.9064039408866996;1.8375002750716332
Unknown;0.0153996920061598;-0.6159420289855072;-1.141326926224972
Unknown;0.2239155216895662;0.3111111111111111;0.5272321913418947
Control;0.0038799224015519;0.5390070921985816;1.3108881849178735
Unknown;0.0639987200255994;0.3623188405797101;0.8546990537924922
Unknown;7.999840003199936e-05;0.7103448275862069;1.3298563534619574
Unknown;0.6417871642567149;0.1024590163934426;0.1808081506531314
Unknown;0.4110717785644287;-0.3925925925925926;-0.3580905590962963
Unknown;0.8179036419271615;0.1836734693877551;0.1040566100935897
Unknown;0.1407171856562868;0.3142857142857143;0.5762401846728368
Unknown;0.0016399672006559;0.6290697674418605;1.0832512354805317
Medium;0.1997160056798864;0.0784313725490196;0.5229875179418869
Unknown;0.0029999400011999;0.7222222222222222;1.1687467140518162
Unknown;0.0024399512009759;-0.6222222222222222;-1.4825637854429174
Control;0.0153196936061278;0.5436507936507936;0.8549448499876817
Medium;0.0249595008099838;0.6148148148148148;0.7568591354345501
Unknown;0.0034799304013919;0.7042606516290727;1.4837346727247065
Unknown;0.0001199976000479;0.7536764705882353;1.410687389858256
Control;0.0957980840383192;0.6807228915662651;0.491748836469831
Unknown;7.999840003199936e-05;0.7125803489439853;1.077229572546887
Low;0.3216735665286694;-0.3456221198156682;-0.3999394081423997
Unknown;0.1685566288674226;-0.3317757009345794;-0.4247525574601856
Unknown;0.122077558448831;-0.52;-0.7449789868216797
Unknown;0.366912661746765;0.2469135802469135;0.3903244667802249
Unknown;0.0047999040019199;0.8562091503267973;1.491071391782224
High;7.999840003199936e-05;0.9319727891156464;1.6553913136540408
Unknown;0.1725165496690066;0.6928104575163399;0.521425609141616
High;0.0021199576008479;0.7692307692307693;1.3961774599992196
Unknown;0.4544709105817883;0.28;0.3441129533287745
Unknown;0.0290394192116157;0.3472222222222222;0.6273486504834873
Unknown;0.2149557008859823;-0.1911111111111111;-0.625938973312473
Unknown;0.0132797344053118;-0.6099290780141844;-1.1113550302121626
Unknown;0.4390712185756285;0.2170212765957447;0.3869759332949306
Unknown;0.120677586448271;0.4577777777777778;0.7378981651180426
Unknown;0.0721185576288474;-0.2672955974842767;-0.950583604023428
Unknown;0.0891582168356632;0.5535714285714286;0.6444265977503204
Unknown;0.7329453410931781;0.1798941798941798;0.1435039582535263
Unknown;0.7431051378972421;-0.0486111111111111;-0.1258804988667567
Unknown;0.1475170496590068;-0.2167487684729064;-0.6028304359918278
Low;0.0013599728005439;0.6938405797101449;1.1326875963306575
Unknown;0.241355172896542;0.3472222222222222;0.5069804133785055
Unknown;0.1058378832423351;0.1792207792207792;0.6925562190849444
Medium;0.0241195176096478;0.4183673469387755;0.7987619703440909
Low;0.7929841403171937;0.0;0.1346942376240128
Unknown;0.4423911521769564;-0.1773049645390071;-0.3273663945042463
High;0.3562328753424931;-0.2933333333333333;-0.4036706624038909
Control;0.0085198296034079;0.5740740740740741;0.8641976484703792
Unknown;0.0151196976060478;-0.6041666666666666;-1.1806430542100828
Low;0.867142657146857;-0.0814814814814814;-0.0571186527310296
Unknown;0.2251154976900462;0.3297101449275362;0.5293926921518365
Unknown;0.0118529269472665;-0.8169934640522876;-1.506556750853546
Control;0.5538689226215475;-0.2444444444444444;-0.2188035730383216
Unknown;0.6957060858782824;0.0817610062893081;0.1743311324620856
Unknown;0.0005599888002239;-0.7971014492753623;-1.8405678964660157
Unknown;0.0302793944121117;-0.5802469135802469;-0.9939121068569288
Unknown;0.0049999000019999;0.5873015873015873;0.9917827450929888
Unknown;0.0503589928201436;0.4489795918367347;0.8161253098068043
Unknown;0.0001199976000479;0.8275862068965517;1.5549111984439508
Unknown;0.8491830163396732;-0.0104166666666666;0.0923318227002385
Unknown;0.8969020619587609;0.1212686567164179;-0.0057167839150353
Low;0.1577568448631027;0.2880562060889929;0.5202656387088789
Medium;0.1329173416531669;0.228395061728395;0.5092353422244705
Unknown;0.0563988720225595;-0.4933333333333333;-0.9408362363567092
Unknown;0.3040339193216135;0.2222222222222222;0.4486236212846823
Unknown;0.1429171416571668;0.3333333333333333;0.5820106354733051
Low;0.0101597968040639;0.7307692307692307;0.8690292951829189
Unknown;0.3883122337553249;-0.2898550724637681;-0.3398064988245582
Unknown;0.0163196736065278;0.6111111111111112;1.0707747841705098
Medium;0.1618767624647507;0.3355555555555555;0.4619176166327595
Unknown;7.999840003199936e-05;0.8768472906403941;1.2983587679805926
Unknown;0.9671406571868564;-0.1675;-0.0273802212098016
Low;0.0337993240135197;0.4557823129251701;0.7577713791107786
Low;0.3330733385332293;0.1293759512937595;0.3387965910759701
Unknown;0.0866382672346553;-0.3475177304964539;-0.8121255147525135
Unknown;0.0051198976020479;0.5925925925925926;1.155112268888628
Unknown;0.0676386472270554;-0.6;-0.9934135354373566
Unknown;0.3875522489550209;0.1134751773049645;0.3883740719788555
Control;0.0009199816003679;0.6415441176470589;1.1592852174971178
Unknown;0.0831183376332473;0.4222222222222222;0.7298475837681107
Unknown;0.1881562368752625;0.3972222222222222;0.4310041885882942
Unknown;0.5925481490370192;-0.0061728395061728;-0.1693643839916451
Unknown;0.0010799784004319;0.7777777777777778;1.4706660027506444
Unknown;0.0209195816083678;-0.1394621638524077;-0.7444228792623548
Low;0.0075598488030239;0.6014492753623188;1.1536054650729306
Unknown;0.1532769344613107;-0.4311111111111111;-0.7104830051138326
Unknown;0.120237595248095;0.3814102564102564;0.6598490831740119
Unknown;0.0109997800043999;0.5105820105820106;0.7384908567944929
Unknown;0.0003199936001279;0.6741573033707865;1.026347850063904
Low;0.0021599568008639;0.6782106782106783;1.0462755239392725
Unknown;3.999920001599968e-05;0.7459546925566343;1.2767556308269317
Unknown;0.9127817443651128;0.003731343283582;0.0538708254552855
Control;0.508389832203356;0.1594202898550724;-0.2353287338437703
Unknown;0.8939021219575608;-0.0928571428571428;0.0830927680998262
Unknown;0.0002399952000959;0.8;1.4099937066497688
Unknown;0.2340753184936301;0.0873015873015873;-0.4742485281374706
Unknown;0.5314693706125877;-0.4559748427672956;-0.2505016192719746
Low;0.0015599688006239;0.6029411764705882;1.134694763405039
Unknown;0.0894782104357912;0.4141791044776119;0.6074308961310807
Control;0.0899982000359992;0.3836477987421384;0.7239978636105464
Unknown;0.3319533609327813;-0.2883116883116883;-0.3911843264779841
Unknown;0.4737905241895162;-0.2012578616352201;-0.3110819424716787
Unknown;0.7298654026919461;-0.0755555555555555;0.1218955831626747
Control;0.0065598688026239;0.6989795918367347;1.037665925046053
Unknown;0.0038799224015519;0.5802469135802469;1.1505156533610748
High;0.0752784944301113;0.4591836734693877;0.706842478164181
Unknown;0.0611187776244475;0.4649350649350649;0.7884240517742375
Unknown;0.0910781784364312;-0.3492063492063492;-0.7130944195010895
Unknown;0.6408671826563469;0.0061728395061728;0.1756060639614553
Unknown;0.0232395352092958;0.5592592592592592;1.0081931482363695
Unknown;3.999920001599968e-05;0.9017857142857144;1.7285321523233306
Control;0.0048799024019519;0.75;0.9634328459800358
Unknown;0.0009199816003679;0.7672955974842768;1.4492289290659035
Low;0.371712565748685;0.2397959183673469;0.3565027995090233
Unknown;7.999840003199936e-05;0.8201058201058201;1.2660137110522651
Unknown;0.0710785784284314;-0.6666666666666666;-0.9356887382171236
Unknown;0.0064798704025919;0.4357142857142857;0.908844341677698
Unknown;0.0139997200055998;0.4238095238095238;0.809847369377093
Unknown;0.1002779944401111;0.3153409090909091;0.5160094485444797
Unknown;0.1867162656746865;-0.3707482993197279;-0.5845781194806828
Unknown;0.3208735825283494;0.2493946731234866;0.4001415933310507
Unknown;0.0020799584008319;0.8580246913580247;1.296461663450985
High;0.0475190496190076;0.5476190476190477;0.8291189143213581
Unknown;0.4054318913621728;0.1636029411764706;0.3165265829326939
Unknown;0.1532369352612947;0.1388888888888889;-0.6255853538444447
Unknown;0.0776784464310713;-0.6666666666666666;-0.886516228573761
Unknown;0.0261994760104797;-0.5288888888888889;-1.0250612102794574
Unknown;0.0170796584068318;-0.5851851851851851;-1.108465191798648
Unknown;3.999920001599968e-05;-0.7868480725623582;-1.901571850543504
Unknown;0.0043599128017439;-0.6736111111111112;-1.2621124233572063
Unknown;0.2137957240855182;-0.3270440251572327;-0.552562576819279
Unknown;0.370952580948381;-0.625;-0.5221404333126298
Low;0.9545009099818004;0.0805194805194805;-0.0004256066447888
Unknown;0.0219195616087678;0.615234375;0.8959516238588285
Low;0.0031999360012799;0.6995073891625616;1.007043773340249
Medium;0.3023939521209576;0.3623188405797101;0.45555399333776
Unknown;0.9624207515849684;0.3157894736842105;0.0700074569498687
Control;0.0011999760004799;0.6761363636363636;0.9896300916125672
Unknown;0.0107197856042879;-0.5534591194968553;-1.200908363398825
High;0.376632467350653;0.1376811594202898;0.3946907769327701
Unknown;0.2355152896942061;-0.2160493827160493;-0.5204670475922402
Unknown;0.7630247395052099;-0.3081761006289308;-0.1375088990731859
Unknown;0.2239555208895822;0.2993197278911564;0.5205637434562318
Unknown;0.0369192616147677;0.5;0.6961090676486319
Unknown;0.1563168736625267;-0.3605442176870748;-0.6446151818202441
Unknown;0.9189816203675928;0.0942028985507246;-0.052809041157922
Unknown;0.0342393152136957;-0.5217391304347826;-0.9154735595813752
Unknown;0.0095198096038079;0.7281746031746031;0.8175591285602342
Medium;0.0768384632307353;0.3732718894009216;0.6472112644114842
Control;0.3930321393572129;-0.4948979591836734;-0.3390342149546798
Unknown;0.5964680706385872;0.0958333333333333;0.185782326989037
High;0.24047519049619;0.226950354609929;0.5121494113418141
Unknown;0.0194396112077758;-0.5900735294117647;-0.8600306641972727
Unknown;0.0174396512069758;-0.6814814814814815;-1.1508612229908437
Unknown;0.4655906881862363;0.2;0.2782564551102266
Unknown;0.1711565768684626;0.3594771241830065;0.5931569267850914
Unknown;0.8446631067378653;0.0044444444444444;-0.0609003182967781
Unknown;7.999840003199936e-05;0.8814814814814815;1.3163951627805048
Unknown;0.8875022499550009;-0.1560283687943262;0.0543876539645331
Unknown;0.0142797144057118;0.5344202898550725;0.9060754381878454
Unknown;0.0555188896222075;-0.5035460992907801;-0.8716097327639909
High;0.501989960200796;0.2033333333333333;0.2330763769714927
Unknown;0.0484790304193916;0.3708791208791209;0.5650026721031961
Unknown;0.1060378792424151;0.588;0.8040473604739983
Unknown;0.2189556208875822;0.5205811138014528;0.5020383231637149
Control;0.0001599968000639;0.7288732394366197;1.08160754623302
Low;0.0245995080098398;0.4884615384615384;0.8084485673109542
Medium;0.6174276514469711;0.0314769975786924;0.1746707467876316
Unknown;0.3695652173913043;-0.1818181818181818;-0.6586554348872664
High;0.0603587928241435;0.5943877551020408;0.6963150466189642
Unknown;0.8405431891362173;0.0066666666666666;0.1150426340474244
Unknown;0.0137197256054878;-0.5555555555555556;-1.1392923715341814
Control;0.0022799544009119;0.8040816326530612;1.641474175626945
Unknown;0.1634767304653906;-0.5022222222222222;-0.6991947932253499
Medium;0.0001999960000799;0.8666666666666667;1.6163519127124024
Unknown;0.7827043459130817;0.0823529411764705;0.1141871412848052
Low;0.0009199816003679;0.6946640316205533;0.9708708673229252
Unknown;0.368232635347293;-0.4488888888888889;-0.4316795648696799
Unknown;0.0487190256194876;-0.6594202898550725;-0.9360203158846008
Control;0.4115517689646207;-0.4814814814814814;-0.3207864476037242
Unknown;0.0035999280014399;-0.5686274509803921;-1.473715436055407
Unknown;0.0124397512049759;-0.52;-1.2722965210146908
Unknown;0.0964780704385912;0.7246376811594203;0.7953420192940124
Unknown;0.0001999960000799;-0.6981132075471698;-2.0134874370404927
Unknown;0.0006799864002719;0.6587301587301587;1.7888203001940783
Unknown;0.0332393352132957;-0.5106382978723404;-0.980816119085284
Unknown;0.0648787024259514;-0.5185185185185185;-0.8455029175945747
Unknown;0.1708765824683506;0.4577777777777778;0.6396284630665104
Unknown;0.0668386632267354;0.3829787234042553;0.7831727613365724
Unknown;0.0020799584008319;-0.6224489795918368;-1.3904378122155412
Unknown;0.1343573128537429;-0.4444444444444444;-0.7258836087655529
High;3.999920001599968e-05;0.8446115288220551;1.429126472508926
Unknown;0.0090398192036159;-0.5608465608465608;-1.1348869185996449
Unknown;0.0699586008279834;-0.4516129032258064;-0.7527305994596329
Unknown;0.0370792584148317;0.5602836879432624;0.8143033871805971
Unknown;0.0898782024359512;-0.3723404255319149;-0.7648571041051728
Unknown;0.7619447611047779;0.1486486486486486;0.1546690836696886
Unknown;3.999920001599968e-05;0.9852216748768472;1.1280403396877143
Control;0.3937921241575168;0.2814814814814815;0.3761324901911951
Control;0.1887562248755024;-0.3666666666666666;-0.541819895474374
Unknown;0.0132397352052958;-0.5390070921985816;-1.2409698372355802
Control;0.0156796864062718;0.4888888888888889;1.0590244251138992
Unknown;0.123037539249215;0.2975734355044699;0.526098686075102
Unknown;0.0074398512029759;-0.7777777777777778;-1.4230701920914737
Unknown;0.0001199976000479;0.8217054263565892;2.2517250877198087
Unknown;0.0302793944121117;0.5866666666666667;0.94045797525912
Unknown;0.3353132937341253;0.1979949874686716;0.392462619726435
Control;0.0014399712005759;0.5336700336700336;0.8491182728014615
Unknown;0.5939881202375953;0.0929487179487179;0.2108851719559736
Unknown;0.366512669746605;0.1774193548387097;0.3308483328606498
Unknown;0.1077978440431191;-0.1257861635220125;-0.9051356146008172
Unknown;0.6087478250434991;-0.0652173913043478;-0.2100772872506285
Unknown;0.5636287274254514;0.12;0.2787120988977011
Unknown;0.5701885962280754;-0.0208333333333333;-0.2598485292949946
Medium;3.999920001599968e-05;0.84992784992785;1.716389797428337
Low;0.0001999960000799;0.8571428571428571;1.155365562043593
Low;0.1286374272514549;0.4166666666666667;0.6649101602652401
Unknown;0.5963080738385232;-0.1688311688311688;-0.2177848525942398
Unknown;0.0461190776184476;0.6044444444444445;0.901105237794888
Unknown;0.8370632587348253;0.1296296296296296;-0.0668764207521781
Unknown;0.1828763424731505;0.4938271604938271;0.5761254639978433
Control;0.1915161696766064;0.2993827160493827;0.5687466773061675
Unknown;0.0026399472010559;0.6340852130325815;1.19956494716303
Unknown;0.1287574248515029;-0.51;-0.6829148847966694
Unknown;0.6535469290614188;0.1632653061224489;0.2353264183046168
Control;3.999920001599968e-05;0.7858823529411765;1.3092939970626534
Unknown;0.5137897242055159;-0.0416666666666666;-0.2432817579102544
Unknown;0.2789944201115977;-0.28;-0.4542101614601814
Unknown;0.3311533769324613;-0.0588235294117647;0.3478787790345999
Unknown;0.0045199096018079;0.6159250585480094;1.0512875545406162
Control;0.9187016259674806;-0.057471264367816;-0.0223852878118543
Unknown;0.0156796864062718;0.4354545454545454;0.6767064584590443
Unknown;0.0158730158730158;0.9230769230769232;2.3928268782052533
Unknown;7.999840003199936e-05;0.7569444444444444;2.013274499843132
Unknown;0.0870382592348153;-0.3010204081632653;-0.6755017520022242
Unknown;0.115837683246335;0.1533333333333333;0.8395344375293444
Unknown;0.8334233315333693;-0.0577777777777777;0.0816666454244372
Low;0.0021599568008639;0.7549019607843137;1.3105720833963437
Unknown;3.999920001599968e-05;-0.7716049382716049;-1.7067626272917835
Unknown;0.0027999440011199;0.6369047619047619;1.1203426383955946
Unknown;0.6645867082658347;-0.1851851851851851;-0.1928085579824513
Unknown;0.1644767104657906;-0.425531914893617;-0.5912042075923978
Unknown;7.999840003199936e-05;0.8945578231292517;1.3847433011594268
Low;0.4734705305893882;0.5266666666666666;0.3320759926287455
Unknown;0.3812323753524929;0.2397094430992736;0.346552190449877
Unknown;0.0208795824083518;0.6546511627906977;0.8790582655009912
High;0.0005999880002399;0.782312925170068;1.4269259323416716
Unknown;0.7100657986840263;-0.4333333333333333;-0.1757883594320245
Unknown;0.0660786784264314;-0.52;-0.9147358371787364
Unknown;0.0104397912041759;0.6597222222222222;1.0589417719074714
Unknown;0.2894342113157737;0.126865671641791;0.3916103873819576
High;0.0007999840003199;0.54178145087236;1.0685770674864434
Unknown;0.493230135397292;0.0986394557823129;0.2743675132069005
Unknown;0.1356372872542549;-0.3986928104575163;-0.6640415121275318
Unknown;0.0096398072038559;0.455988455988456;0.8417379595943426
Low;0.0078398432031359;-0.6654929577464789;-1.1051993059936616
Unknown;0.0033199336013279;0.7246376811594203;1.6461625953916863
Unknown;0.8637827243455131;0.0296296296296296;0.0900786136178267
Unknown;0.4349913001739965;-0.2777777777777778;-0.3377707948879828
Unknown;0.0049599008019839;0.5012531328320802;1.2531288545925765
Unknown;0.0690786184276314;-0.5705128205128205;-0.6918383570503389
Control;3.999920001599968e-05;0.7454545454545455;1.4325324532152803
Unknown;0.0003999920001599;0.8169934640522876;1.7583577349077262
Unknown;0.2765144697106058;0.5288888888888889;0.4508684460790118
Unknown;0.0015199696006079;-0.6666666666666666;-1.4987944684625365
Medium;0.0001199976000479;0.8666666666666667;1.4338179037974823
Control;3.999920001599968e-05;0.9682539682539684;2.0761521848929823
Unknown;0.7101457970840583;0.0074074074074074;-0.1527537934569789
Medium;0.246715065698686;-0.4423076923076923;-0.5163794541402128
Unknown;0.0415191696166076;0.53125;0.7292379361661396
Unknown;0.6783064338713226;0.0248538011695906;0.1336535686998417
Unknown;0.8276234475310493;0.173076923076923;0.055575371585749
Unknown;0.0018399632007359;-0.4936461388074291;-1.0860826333380562
Medium;0.0319993600127997;0.5111111111111111;0.734698156539624
Control;0.0170396592068158;0.4159159159159159;0.7598206491423422
Unknown;0.5851082978340433;-0.2847222222222222;-0.2250413023795006
Unknown;0.0166796664066718;-0.4893617021276595;-1.24320035924923
Unknown;0.0814383712325753;0.3877551020408163;0.6885584665152842
Low;0.0415991680166396;-0.3616352201257861;-1.2109261135544231
Unknown;0.0709985800283994;0.3528528528528528;0.6574603828557678
Unknown;0.0436791264174716;0.5155555555555555;0.7102692733688721
Unknown;0.0325193496130077;0.4844444444444444;1.2328637020753623
Unknown;0.0135997280054398;-0.6111111111111112;-1.3922384316042735
Unknown;0.1128377432451351;-0.4755555555555555;-0.7837357132558438
Unknown;0.0605187896242075;-0.5192307692307693;-0.8415037958130777
Unknown;0.0810383792324153;-0.4705882352941176;-0.7611666727719903
Unknown;0.5233495330093398;0.1560283687943262;0.2944493640032736
Unknown;3.999920001599968e-05;0.9210526315789472;1.3070235550987657
Unknown;0.5550288994220116;0.3717948717948718;0.2095838555478435
High;0.5465490690186197;-0.0326086956521739;-0.2529361480263205
Medium;0.489110217795644;0.125;0.3051366826707239
Unknown;0.6505069898602028;-0.0866666666666666;-0.1771821752597991
Control;0.2646747065058699;0.4933333333333333;0.4886822702597542
Unknown;0.0004399912001759;0.79;0.8563763490707655
Unknown;0.0002399952000959;0.6735092864125122;1.1473134477664986
Low;0.9206615867682646;-0.0426065162907268;0.0707572804666472
Unknown;0.0449191016179676;-0.5531914893617021;-0.8928589114571395
Unknown;0.0954780904381912;-0.1944444444444444;-0.7182377522772464
Unknown;0.753464930701386;-0.0676691729323308;0.0850927031529153
Unknown;0.8406231875362493;0.0507246376811594;0.0991279771817421
Unknown;0.7349053018939621;-0.1629629629629629;-0.1580981012032645
Unknown;3.999920001599968e-05;0.6682692307692307;1.235230276157476
Unknown;0.0011599768004639;0.8571428571428571;1.3571493754478396
Unknown;0.0286394272114557;-0.5822222222222222;-1.0585002084837436
Unknown;0.986980260394792;-0.0389610389610389;-0.034579697335826
Unknown;0.0149597008059838;-0.5652173913043478;-1.1922268362667967
Unknown;0.0015999680006399;0.7222222222222222;1.2662355883078185
Unknown;0.7273054538909222;0.0472222222222222;-0.1097058481286301
Unknown;0.0237995240095198;-0.6266666666666667;-1.0053089215541222
Low;0.0019599608007839;0.6912442396313364;1.1931284477575863
Medium;0.0161196776064478;0.5069124423963134;0.8215304775639901
Unknown;0.0143997120057598;0.5673076923076923;1.007332905049754
Unknown;0.0020399592008159;0.7446808510638298;1.0895048841056372
Unknown;0.0053198936021279;0.4862637362637362;0.8013484082212139
Unknown;0.4107117857642847;0.2947845804988662;0.3445575884270744
Control;0.8392632147357053;0.4423076923076923;-0.0261926686040013
Medium;0.1103577928441431;0.3423076923076923;0.6002757137897526
Control;0.9773404531909362;-0.0595238095238095;0.0087127588301149
Unknown;0.4267514649707006;0.32;0.3808190560688424
Unknown;0.2388752224955501;0.25;0.4977302310849769
Unknown;0.9649407011859764;0.1527777777777778;0.0532527912944514
Unknown;0.0025999480010399;0.6557971014492754;0.9332430894359536
Unknown;0.7308253834923302;-0.1631205673758865;-0.1385122222683244
Unknown;0.7901441971160577;0.0780141843971631;0.115877042610527
Unknown;3.999920001599968e-05;0.8707482993197279;1.786717508635457
Control;0.0095998080038399;0.75;1.002979726346552
Unknown;0.1579568408631827;0.3169934640522875;0.6256025945650777
Unknown;0.0017599648007039;-0.7091836734693877;-1.4768132614631475
Unknown;0.0001599968000639;-0.8226950354609929;-1.4936659116625783
Unknown;0.620227595448091;-0.0072463768115942;0.2114858015198393
Medium;0.3945521089578208;0.0261437908496732;0.343024205490045
Unknown;0.2027959440811183;0.320754716981132;0.5563166033039023
Unknown;0.0010399792004159;-0.8044444444444444;-1.66448571481108
Unknown;0.251394972100558;0.2384615384615384;0.4346158457070037
Unknown;0.7633447331053379;-0.036231884057971;-0.1245810467565716
Medium;0.0239595208095838;0.369047619047619;0.8001840061927034
Unknown;3.999920001599968e-05;0.7425;1.7730232740877174
Unknown;0.5310293794124118;0.1136363636363636;0.2812179029066942
Unknown;0.0004399912001759;0.782608695652174;1.5341259965074796
Medium;0.0001199976000479;0.7536231884057971;1.3506556154869758
Unknown;0.0008399832003359;0.5864197530864198;1.2341231103187391
Unknown;0.4028319433611327;0.1961259079903147;0.3409971993026756
Unknown;0.0005999880002399;0.8541666666666666;1.4842086694566985
Unknown;0.0012799744005119;0.6581632653061225;1.4357366570281085
Unknown;3.999920001599968e-05;0.9523809523809524;2.033509450732269
Control;0.3276734465310694;0.144578313253012;0.3242680746147511
Medium;0.0001199976000479;0.875;1.5325988647862272
Unknown;0.2044359112817743;-0.282051282051282;-0.5600907065093294
High;0.0035599288014239;0.6405529953917051;1.213661023326666
Unknown;0.1409571808563828;-0.4266666666666667;-0.764103901913793
Unknown;0.0446391072178556;0.5370370370370371;0.648648032941173
Unknown;0.0670386592268154;0.438423645320197;0.7240656770854303
Unknown;0.0006399872002559;-0.782312925170068;-1.8832510290665117
Unknown;0.1802763944721105;0.2056737588652482;0.4882654760614224
Unknown;0.0214395712085758;-0.6296296296296297;-1.136729842648236
Unknown;0.8213435731285375;0.1422222222222222;0.1319897427035741
Unknown;0.8114237715245695;-0.0108695652173913;-0.0754728488188631
Low;0.0907181856362872;-0.2100694444444444;-0.7143302507172786
Unknown;0.6566668666626667;0.0653753026634382;0.1909561682802318
Unknown;0.0851182976340473;0.4518518518518518;0.7142873192367497
Unknown;0.2028359432811343;-0.28;-0.6077449770184533
Unknown;0.8567828643427131;-0.3688888888888889;-0.1042242768585273
Unknown;0.0808383832323353;0.4035087719298245;0.5748484984512798
Unknown;0.1069578608427831;-0.36;-0.8390133509429997
Unknown;0.5217495650086998;-0.1241830065359477;-0.271763224416691
Unknown;0.7595048099038019;-0.2026143790849673;-0.0836306802674
Unknown;0.7081458370832583;-0.3174603174603174;-0.115607026468362
Control;0.367032659346813;-0.0518518518518518;-0.4013458017036042
Unknown;0.1071978560428791;-0.4113475177304964;-0.7198680281310286
Unknown;0.869982600347993;-0.108695652173913;-0.0794800204230137
Unknown;0.9727405451890964;0.1584415584415584;0.0309216813856214
Unknown;0.0127997440051198;0.6258503401360545;0.9986389989656834
Low;0.0001199976000479;0.7904761904761904;1.4726719315683707
High;0.0025999480010399;0.6909722222222222;1.3831673690207655
Unknown;0.0643587128257434;0.5;0.6499875359584176
Unknown;0.7796244075118498;0.5797101449275363;0.2023531974379708
Unknown;0.2130757384852303;-0.3071895424836601;-0.5683876323358539
High;0.4241115177696446;0.0488888888888888;0.3879691299410058
Unknown;0.0227195456090878;-0.4866666666666667;-1.06155161735561
Unknown;0.1020779584408311;0.4912280701754385;0.7589717549314902
Unknown;0.0003599928001439;0.7846153846153846;1.1938787214087363
Unknown;3.999920001599968e-05;0.9477611940298508;1.66592963513725
Unknown;0.8323033539329213;-0.0222222222222222;0.0363667581831375
Unknown;0.2992740145197096;-0.3365384615384615;-0.4683142219148237
Low;0.0238795224095518;-0.7925925925925926;-1.1492026292031872
Unknown;0.0473590528189436;0.38671875;0.7249442595827919
Unknown;0.4437511249775004;-0.2291666666666666;-0.3258025880873564
Unknown;0.3127537449251015;0.3576388888888889;0.4213853092818164
Unknown;0.8176636467270655;0.0625;0.113782569901182
Unknown;0.0012399752004959;-0.7448979591836735;-1.884758663392633
Unknown;0.0263994720105597;-0.7210144927536232;-1.1278835351875145
Unknown;0.6689066218675627;-0.1288888888888889;-0.2176353620093333
Medium;0.8873422531549369;-0.1231884057971014;-0.0444804559901589
Unknown;0.3103137937241255;0.282051282051282;0.4433546791650329
Unknown;0.8602627947441052;0.0033333333333333;0.0889265364021069
Unknown;0.1104777904441911;0.3514739229024943;0.6530410150783736
Medium;0.0920381592368152;0.4084084084084084;0.6038589982528721
Unknown;0.7085858282834343;0.0709219858156028;0.1784614351446072
Unknown;0.0169196616067678;-0.5666666666666667;-1.250799834800409
Unknown;0.4883502329953401;0.1304347826086956;0.315314488372438
Low;0.0847183056338873;0.5;0.6388348782152738
Unknown;0.0996780064398712;0.4603174603174603;0.8363858828468602
Unknown;0.6153476930461391;0.0060728744939271;-0.1411761116724562
Unknown;0.8633827323453531;0.0117096018735363;-0.0474425680842752
Unknown;0.4123117537649247;-0.1284722222222222;-0.3460635638280817
Unknown;0.0761584768304634;-0.5155555555555555;-0.9971364257351336
Unknown;0.0053198936021279;-0.6166666666666667;-1.2854027091593383
Unknown;0.6487070258594828;0.1509433962264151;0.2207979120709585
Unknown;0.0341993160136797;-0.48;-1.0245078807630992
Control;0.0046799064018719;0.6691729323308271;1.0526591420860725
High;0.8647427051458971;-0.0849673202614379;-0.0715486246713807
High;0.0009999800003999;0.6288888888888889;1.0239908029653535
Control;0.0188796224075518;0.5495495495495496;0.7809151047203937
Unknown;0.0011599768004639;0.6507352941176471;1.0381476327519563
Medium;0.1786364272714545;0.5308641975308642;0.5873180542253582
Unknown;0.0009199816003679;0.8652482269503546;1.9301090674624977
Unknown;0.1575568488630227;0.270440251572327;0.5614776843970136
Unknown;0.2940741185176296;0.2745098039215686;0.4541115882045025
High;0.2084758304833903;0.0266666666666666;0.5454841719260173
Unknown;0.8578628427431452;0.019047619047619;0.0707592957711816
Unknown;0.0016399672006559;-0.5674603174603174;-1.4990484921717888
High;0.2159156816863662;0.3133333333333333;0.5343323745361486
Unknown;0.0068798624027519;-0.7;-1.3083773676138273
Unknown;0.0830783384332313;-0.4679487179487179;-0.8055735152639529
Unknown;0.4843503129937401;-0.1115384615384615;0.2945384745239848
Unknown;0.0493190136197276;0.4551282051282051;0.8325473268091741
High;0.24827503449931;0.3090909090909091;0.5620578173905775
Unknown;0.0039199216015679;-0.5845070422535211;-1.1458224864880748
Unknown;0.0121197576048479;0.5333333333333333;1.3136181051244291
Unknown;0.492870142597148;-0.282051282051282;-0.2900137338433569
Medium;0.0084798304033919;0.548828125;0.8727320617831408
Unknown;0.3044739105217895;-0.3156028368794326;-0.4509450593500205
Unknown;0.0089998200035999;0.5769230769230769;1.1290452220604117
Control;0.8272634547309053;-0.0850340136054421;0.1226851658978367
Unknown;0.8519429611407772;-0.4666666666666667;-0.056612290973824
Low;0.0003999920001599;0.6725352112676056;1.2203107890718856
Low;0.0003999920001599;0.6468797564687976;1.04903755719865
Unknown;0.1599968000639987;0.4666666666666667;0.6126333492388073
High;0.2073958520829583;0.2993197278911564;0.5553886840994733
Unknown;0.3421531569368612;0.0476190476190476;0.4016398321470111
Unknown;0.0249195016099678;-0.5228758169934641;-1.1121094114380794
High;0.0006399872002559;0.6742770167427702;0.9919237143985344
Unknown;0.8023039539209216;0.1822222222222222;0.1540504356259847
Unknown;0.5781884362312754;-0.2875816993464052;-0.2118869346378381
Unknown;0.0328393432131357;-0.4216417910447761;-0.8291236968515979
Unknown;0.1110377792444151;0.1071428571428571;0.7395640835535969
Unknown;0.4334313313733725;-0.1887755102040816;-0.3135325979165746
Unknown;7.999840003199936e-05;0.762962962962963;1.4152646589960962
Unknown;0.0340393192136157;0.5185185185185185;0.7863442332253864
Unknown;0.3954320913581728;0.189695550351288;0.342642162848453
Unknown;0.0107197856042879;0.4490106544901065;0.8760795039805969
Unknown;0.0033999320013599;-0.4488888888888889;-1.987237400789916
Medium;0.0501589968200636;0.4333333333333333;0.7786260992024869
Unknown;0.7906641867162657;-0.037037037037037;0.1161464582592786
Unknown;0.1543569128617427;0.5098039215686274;0.6009943224390664
Low;0.8562228755424891;0.0883116883116883;-0.0359202612832566
Unknown;0.871662566748665;0.1020408163265306;-0.0496653949696876
Unknown;0.0296794064118717;-0.5308641975308642;-1.1006584404136883
Unknown;0.3381140598531902;0.2894736842105263;0.5362509378222852
Unknown;0.0720385592288154;-0.4962962962962963;-0.8473806858166227
Unknown;0.1633967320653586;0.1944444444444444;0.6060959388590073
Unknown;0.7219055618887622;0.0851063829787234;0.1869579307736908
High;0.0080398392032159;-0.7058823529411765;-1.2296559165930838
Unknown;0.0090398192036159;0.6370370370370371;1.086395061787867
Control;0.4511909761804764;-0.0987654320987654;-0.2692210905654015
Unknown;0.0198396032079358;-0.7414965986394558;-1.1139810145508575
Unknown;0.1081578368432631;0.4609929078014184;0.7318657815754634
Unknown;3.999920001599968e-05;0.9414634146341464;2.2182874995069595
Unknown;0.0288794224115517;-0.5270935960591133;-0.8868007579365011
Control;0.0001199976000479;0.8611111111111112;1.96502558866666
Unknown;0.0013199736005279;0.6728395061728395;0.820502391055993
Unknown;0.0045999080018399;-0.392156862745098;-1.4278475310102183
Unknown;0.987820243595128;0.0904761904761904;0.0396152340330636
Unknown;0.1000379992400152;0.4404761904761904;0.6397346432331117
Unknown;0.0141597168056638;-0.6088888888888889;-1.0232143582198805
Control;0.0445991080178396;0.3398692810457516;0.8888093449143823
Unknown;0.0020799584008319;0.6802721088435374;1.0587741982162358
Medium;0.0913981720365592;0.2982456140350877;0.677241431148594
Unknown;0.5966680666386672;0.1527777777777778;0.2374082952643658
Unknown;0.6307073858522829;-0.1358024691358024;-0.1539085827759611
Unknown;0.8039439211215775;-0.0138888888888888;-0.0070659732213553
Unknown;0.0394792104157916;-0.5857142857142857;-0.8611786171473644
Unknown;0.3048339033219335;-0.3537414965986394;-0.444704323555806
Medium;0.0008399832003359;0.6977611940298507;0.9192712379117568
Unknown;0.7021459570808584;-0.1153846153846153;-0.1473595711389708
High;0.0167996640067198;0.4609929078014184;0.7893189626825615
Unknown;7.999840003199936e-05;0.8646616541353384;1.589162629711283
Unknown;0.0005599888002239;-0.7481481481481481;-1.571896793419905
Unknown;0.9695006099878004;0.1521739130434782;-0.0151530154840656
Unknown;0.246715065698686;0.3191489361702128;0.5141507450324914
High;0.1762364752704946;-0.3277074542897327;-0.4919085512822018
Medium;0.0829983400331993;-0.2533333333333333;-1.0793180934598925
Low;3.999920001599968e-05;0.8313817330210773;1.6724064953142213
Unknown;0.0192796144077118;0.4492753623188406;1.084069132288394
Unknown;0.0002399952000959;0.6077922077922078;1.8882240176669676
Medium;0.0010799784004319;-0.6444444444444445;-1.962920198883231
High;0.0413191736165276;0.4592592592592592;0.9246298205380116
Unknown;0.0937981240375192;0.7320261437908496;0.8905506468896185
Medium;0.0189196216075678;-0.6533333333333333;-1.2152127644400237
Unknown;0.1030779384412311;-0.5072463768115942;-0.7493505836652734
Unknown;0.0241195176096478;0.4391534391534391;0.8234469407405485
Medium;7.999840003199936e-05;0.9094076655052264;1.6512207285612417
Unknown;0.7141457170856583;-0.1987179487179487;-0.1280243165347404
Unknown;0.3630327393452131;0.1777777777777777;0.4422913026721171
Unknown;0.1513569728605427;0.3452380952380952;0.5301271376879848
Unknown;7.999840003199936e-05;0.8173076923076923;1.4062429288597842
Unknown;0.0398792024159516;0.5047619047619047;0.6538562373482061
Unknown;0.1715565688686226;-0.4488888888888889;-0.6596303803140594
High;0.1289974200515989;0.2;0.7136382693134927
Unknown;0.0005999880002399;0.6785714285714286;1.3335959521478655
Unknown;0.0062798744025119;0.5653846153846154;1.0442578275610013
Unknown;0.0866782664346713;0.5555555555555556;0.8488145507047999
Unknown;0.5707885842283155;0.1288888888888889;0.2422037888741015
Control;0.3401531969360613;0.2765957446808511;0.3821628092716541
Control;0.0958780824383512;0.3666666666666666;0.7065849598640476
Unknown;0.0157996840063198;0.5369458128078818;0.873834900539399
Unknown;0.1692366152676946;0.3214285714285714;0.5572337572626578
Unknown;0.0134797304053918;0.5691609977324263;0.7670505616363246
Control;0.3884322313553729;0.3877551020408163;0.3571004329869673
Unknown;0.0492790144197116;-0.4686716791979949;-0.8415200991425574
Unknown;0.4547109057818844;-0.1773049645390071;-0.3287659873500918
Unknown;0.0461990760184796;-0.5314465408805031;-0.8879346067981294
Unknown;0.7195056098878022;-0.037037037037037;0.1382087586636964
Unknown;0.1575968480630387;-0.5288888888888889;-0.69859864279948
Unknown;0.1075578488430231;0.3506172839506173;0.5301545215470452
Unknown;0.5615487690246195;-0.174025974025974;-0.2226008102810369
Unknown;0.0887182256354872;0.43;0.5276326907380255
Unknown;0.0104797904041919;-0.6858974358974359;-1.218661649300324
Unknown;0.5197496050078998;0.2340425531914893;0.2952965871614762
Unknown;0.8424231515369692;0.0567375886524822;0.0870689710043364
Low;3.999920001599968e-05;0.7435897435897436;1.3124221563922145
Unknown;0.0543989120217595;-0.4513888888888889;-0.8698482738597857
Unknown;0.2734745305093898;-0.1476997578692493;-0.4192245685944806
Unknown;0.8510629787404252;-0.0075187969924812;0.1073168775879046
Unknown;0.0111197776044479;0.59375;1.1032958552632923
Unknown;0.9697806043879122;-0.12;0.0239820980070285
Unknown;3.999920001599968e-05;0.8436781609195402;1.7170795014224012
Low;0.0608787824243515;0.439453125;0.6451708012382501
Control;0.0128397432051358;0.5873015873015873;0.8849166085730663
Unknown;0.3391932161356772;-0.181159420289855;-0.4232270116681942
Unknown;0.0345593088138237;-0.5294117647058824;-0.95582641136168
Unknown;0.0053998920021599;0.5698529411764706;0.979853952944824
Unknown;0.242515149697006;0.1767676767676767;0.3575281206251046
Medium;0.0017199656006879;0.5915588835942818;0.7926732804717043
Unknown;0.0463990720185596;0.4603174603174603;0.5842042378394976
Unknown;0.4064318713625727;-0.3024691358024691;0.2838824044497536
Unknown;0.0923181536369272;-0.5617283950617284;-0.7931680402325583
Unknown;0.121477570448591;-0.3653846153846153;-0.7064237306841029
Medium;0.1416771664566708;-0.6;-0.7439675043007861
Unknown;0.0038799224015519;0.710691823899371;1.036175425034818
Unknown;3.999920001599968e-05;0.8758169934640523;1.7963081157860237
Unknown;0.2649947001059979;0.1851851851851851;0.4835254248514846
Unknown;0.0149197016059678;-0.5490196078431373;-1.2479900932620838
Control;0.2609547809043819;0.2941176470588235;-0.5083573274307471
Unknown;0.0207995840083198;0.6099290780141844;0.9399386765494444
Unknown;0.0102397952040959;0.7192307692307692;1.1014345827564436
Unknown;0.0032399352012959;0.5160919540229885;0.9212364150985964
Unknown;0.6953860922781544;0.0817073170731707;0.1396606570706852
Medium;0.2067158656826863;0.3472222222222222;0.5235277342733287
Control;7.999840003199936e-05;0.9366666666666666;1.3984779691202571
Unknown;0.3542729145417091;0.132716049382716;0.3985037457050212
Unknown;0.0001599968000639;0.8814814814814815;1.660383863321632
Unknown;0.2207155856882862;0.3090909090909091;0.4796312983931025
Unknown;0.0060398792024159;-0.5962962962962963;-1.2665868184384432
High;3.999920001599968e-05;0.7391304347826086;1.1586790067499773
Unknown;0.0330793384132317;0.3514739229024943;0.8630227442247063
Unknown;0.0753184936301274;0.3777777777777777;0.7589965807327214
Unknown;0.2138357232855343;0.2962962962962963;0.4779579490349996
Unknown;0.5347493050138997;-0.1085271317829457;0.3037363175989116
Low;0.4340713185736285;0.24;0.3421671478551955
Low;0.0045999080018399;0.6317073170731707;0.9184998216012816
Unknown;0.0017199656006879;0.847926267281106;1.3658608611556935
Unknown;0.97570048599028;-0.0481481481481481;0.0502883257618248
Unknown;0.8553028939421211;-0.0044444444444444;-0.0699797029581822
Unknown;0.3171936561268774;0.2633333333333333;0.4239234322552694
Unknown;0.0078798424031519;-0.8311111111111111;-1.5800492325159254
Unknown;0.251634967300654;0.1833333333333333;0.5032986106156705
Control;3.999920001599968e-05;0.8012345679012346;1.0007375249648949
Unknown;0.579895788102475;-0.4202898550724637;-0.2998342502821427
Unknown;0.1477570448591028;-0.3511111111111111;-0.7181699726359597
Unknown;0.1046379072418551;0.3142857142857143;0.6420406367749754
Unknown;0.9094618107637849;-0.0952380952380952;-0.0404684544532021
High;0.1954360912781744;0.1935483870967742;0.5060945912478753
Medium;0.9537409251814964;-0.0259740259740259;-0.010691217453989
Low;0.0153196936061278;0.5714285714285714;0.9463006762904332
Unknown;0.0394792104157916;0.3555555555555555;1.1093552293407838
Unknown;0.0826383472330553;0.5034013605442177;0.7426116947844196
Unknown;0.8008239835203296;-0.1319444444444444;-0.1042353760504984
Unknown;0.99790004199916;0.0046082949308755;0.013334888568787
High;0.0140397192056158;0.6054421768707483;0.8866639278357004
High;0.115757684846303;0.3985507246376811;0.6492439883202451
Unknown;0.4889502209955801;-0.0980392156862745;-0.2876109451811257
Unknown;0.0027999440011199;0.6814814814814815;1.327498854334515
Unknown;0.0151196976060478;0.4905882352941176;0.7696579625669865
Unknown;0.2610347793044139;-0.4311111111111111;-0.5326932385240658
Unknown;0.0046399072018559;0.7433333333333333;1.100007724371498
Unknown;0.0685186296274074;-0.291044776119403;-0.7093096039377232
Unknown;0.1633567328653427;0.2608024691358024;0.4923231110716017
Low;0.0656386872262554;0.3333333333333333;0.6300221215595402
High;0.0396392072158556;0.4532019704433497;0.6808090252288208
Unknown;0.0066398672026559;0.5964285714285714;0.9053359955276414
Unknown;0.2246755064898702;-0.1632653061224489;-0.4981877817576216
Unknown;0.3923921521569569;-0.1650602409638554;-0.2911815694011255
Unknown;0.0659186816263674;0.36;0.7764004662991733
Unknown;0.0281594368112637;0.5308641975308642;0.831642187960137
Unknown;0.3031139377212455;-0.4488888888888889;-0.4927962837201321
Unknown;0.0655586888262234;0.54421768707483;0.7981284967552708
Unknown;0.2379952400951981;0.5138888888888888;0.4941339102153677
Unknown;0.2355152896942061;0.3263888888888889;0.514664878301817
Unknown;0.0001199976000479;0.8673469387755102;1.6969240269116717
Unknown;0.0015999680006399;0.7246376811594203;1.2178112135898231
Unknown;0.0145597088058238;0.5213483146067416;0.7890298015553552
Unknown;0.4866702665946681;-0.1466666666666666;-0.3216793941088384
Unknown;0.5698286034279314;0.25177304964539;0.259564744121833
Unknown;0.8361832763344733;0.09375;0.0925088292626552
Unknown;0.0089598208035839;0.6296296296296297;0.9405108509025824
Unknown;0.0105197896042079;-0.5886524822695035;-1.161291172607094
Unknown;0.3440331193376132;-0.2564102564102564;-0.4042755612176243
Unknown;0.114277714445711;-0.324074074074074;-0.6677807433411664
Unknown;0.0155196896062078;0.5409356725146199;0.8330157070181026
Unknown;0.1552368952620947;0.3673469387755102;0.5962255191042006
Unknown;0.8609427811443772;0.0844444444444444;0.011529629194768
Unknown;0.4693506129877402;-0.0709219858156028;-0.3075002533732907
Unknown;0.3953920921581568;-0.2482269503546099;-0.3345015320600224
Medium;0.0682786344273114;0.2266666666666666;1.1465074987999024
Unknown;0.1699566008679826;-0.64;-0.7105134331196985
Unknown;0.3871122577548449;-0.1147540983606557;-0.3456802410674002
Unknown;0.6011479770404592;0.2444444444444444;0.2603239528037684
Control;0.0008799824003519;0.6857142857142857;1.216051057085492
Low;0.0281594368112637;0.5254237288135594;0.7633260753982555
Medium;0.0043199136017279;0.6737588652482269;1.1595520113345508
Unknown;0.0249995000099998;0.4046639231824417;0.7530316488511771
Unknown;0.4019519609607808;0.2959183673469387;0.3486361092484765
Low;0.497790044199116;0.1205673758865248;0.3038744254678058
Unknown;0.0501989960200796;0.3908045977011494;0.8314356312263197
Unknown;0.0163596728065438;0.5;0.9837944790297368
Unknown;0.6001479970400592;0.0844444444444444;0.2760442025278182
Unknown;0.8631427371452571;-0.1527777777777778;0.0770526883567201
Unknown;0.370592588148237;0.0961538461538461;0.3434020174292887
Unknown;0.2565548689026219;-0.1275510204081632;-0.4693108714314326
Unknown;0.0123597528049439;0.4285714285714285;1.1331088903152673
Unknown;0.2901941961160776;-0.4166666666666667;-0.4744787182098222
Medium;0.0470390592188156;0.4307692307692308;0.6488699777582011
Low;0.0057598848023039;0.6099773242630385;1.1334490789963274
Unknown;0.0126397472050558;0.5178571428571429;0.9139856083650556
Unknown;0.0023199536009279;-0.7283950617283951;-1.2763340640760772
Unknown;0.3529929401411972;0.0709876543209876;0.4106097555931169
Unknown;0.3395132097358053;-0.3197278911564626;-0.4153887022445682
Unknown;0.8341433171336573;-0.0423076923076923;-0.071424674723605
Unknown;0.367992640147197;-0.2888888888888888;-0.4147550596937304
Unknown;0.3119937601247975;-0.5396825396825397;-0.3985535595188137
Unknown;0.5347893042139157;0.1466666666666666;-0.2560293308270204
Unknown;0.0089198216035679;0.7333333333333333;1.2983070563131474
Unknown;0.9702205955880884;0.0617283950617283;-0.0007751995584158
Unknown;0.0141197176056478;-0.5343915343915344;-0.9909413941622172
Unknown;0.4359912801743965;0.25;0.4407705523572056
Unknown;0.3279134417311654;-0.0408163265306122;0.3975397970663246
Unknown;0.0001199976000479;0.8333333333333334;1.1725836655898618
Unknown;0.1761164776704465;0.3723404255319149;0.5351176626829037
Unknown;0.0217995640087198;-0.7377777777777778;-1.3611325746920817
Unknown;0.1497970040599188;-0.2327044025157232;-0.6423265945382208
Unknown;0.122437551248975;0.3404255319148936;0.7405372473903684
Unknown;0.1027179456410871;-0.3962264150943396;-0.7256036108307328
Unknown;0.0355992880142397;0.5098039215686274;0.8742422216186233
Control;0.0086798264034719;0.5584795321637427;1.1230713126220055
Unknown;0.1025579488410231;0.4201388888888889;0.6939235717417814
Medium;3.999920001599968e-05;0.691764705882353;1.0438686925214724
High;7.999840003199936e-05;0.873015873015873;1.7147788231803842
Unknown;0.2993140137197256;-0.2026143790849673;-0.4577499449904308
Unknown;0.1765964680706385;0.1462585034013605;0.5876288002150127
Unknown;0.8273034539309214;-0.0942028985507246;-0.0981586820932625
Unknown;0.0247195056098878;-0.4887218045112781;-0.94012485377811
Unknown;0.0015199696006079;-0.7435897435897436;-1.654043294599944
Unknown;0.4596708065838683;0.1925925925925926;0.3349926232465518
Unknown;0.0398792024159516;0.4693877551020408;0.8236550508884777
Unknown;0.8337433251334974;0.0214285714285714;0.0802650485029657
Low;0.0091598168036639;0.6527777777777778;1.134894472359249
Unknown;0.7745445091098178;-0.0095238095238095;-0.1009383950260051
Unknown;0.0020399592008159;0.6691729323308271;1.1479716208953488
Unknown;0.0015599688006239;0.5375494071146245;0.9660205413977292
Unknown;0.1546769064618707;0.3333333333333333;0.6090578714722296
Unknown;0.8701425971480571;0.0069444444444444;-0.1063121837660226
Low;0.0019999600007999;0.673469387755102;1.0759630057925864
Medium;0.0553188936221275;0.3157894736842105;0.6502974821954802
Unknown;0.1936361272774544;0.3197278911564626;0.5303471225961863
Unknown;7.999840003199936e-05;0.75;1.4062469180761534
Low;0.0058398832023359;0.5653846153846154;1.101174055802902
Unknown;0.1754364912701746;-0.4625850340136054;-0.5560537777535893
Unknown;0.0157196856062878;-0.6;-1.4267443897708738
Low;0.121957560848783;0.2194092827004219;0.5228941488255721
Unknown;0.0002399952000959;0.8930817610062893;1.799606755119516
Unknown;0.1792364152716945;0.3383458646616541;0.5572428189650499
Unknown;0.5503489930201396;-0.0493827160493827;-0.2506584757100335
Unknown;0.0554388912221755;0.3971631205673759;0.8234718448923515
Unknown;3.999920001599968e-05;-0.9787234042553192;-3.105768248833864
Unknown;0.0358792824143517;0.5111111111111111;1.0358887363257785
Unknown;3.999920001599968e-05;0.8633720930232558;1.2246611430704797
Unknown;0.0057198856022879;-0.7160493827160493;-1.393573031365398
Unknown;0.1111577768444631;-0.2814814814814815;-0.7488122836447311
Unknown;0.0326393472130557;0.4601449275362319;0.7548057661611297
Unknown;0.6007479850402992;-0.1428571428571428;-0.1720353213048402
Unknown;0.4722705545889082;0.2469135802469135;0.3151546513853365
Unknown;0.7105057898842023;-0.0439024390243902;0.2460563086279772
Unknown;0.0452790944181116;-0.4975369458128079;-0.8018950455696925
Control;0.0070398592028159;0.5833333333333334;1.1248729277673215
Unknown;0.0005199896002079;0.7058823529411765;1.1031871942504832
Unknown;0.4914301713965721;0.25;0.3416481005218629
Unknown;0.0213195736085278;0.4965986394557823;1.2769032236142972
Unknown;0.9657406851862964;-0.2179487179487179;0.0029725333760064
Control;0.1768364632707345;-0.3182674199623352;-0.4918581807016401
Unknown;0.3503529929401412;-0.2555555555555555;-0.409580880070223
Unknown;0.0377192456150877;-0.2923976608187134;-1.1152690438120865
Unknown;0.0081198376032479;-0.7555555555555555;-1.243202741038395
Unknown;0.0771584568308633;-0.5192307692307693;-0.7966779037471057
Unknown;0.9573122529644268;0.3095238095238095;0.0693902457563496
Unknown;0.0818383632327353;0.4113475177304964;0.7478071943437833
Low;0.0117197656046879;0.6014492753623188;0.9588543274078996
High;0.0017599648007039;0.7291666666666666;1.3819936408111144
Unknown;0.0109997800043999;0.5741239892183289;0.8025119471847686
Control;0.0142397152056958;0.8066666666666666;1.1404604769693665
Unknown;0.6493470130597389;-0.238095238095238;-0.1770960435424751
Unknown;0.118637627247455;0.3824884792626728;0.62017395767727
Unknown;0.9571808563828724;0.0030864197530864;-0.0789655569976675
Low;0.0216395672086558;-0.2424242424242424;-1.19392792372876
Unknown;0.1511169776604468;0.5434782608695652;0.5875482353913616
Unknown;0.983220335593288;0.0;0.0317563824153108
Unknown;0.4855102897942041;-0.1884057971014492;-0.3074966566873749
Unknown;0.1505969880602388;0.4397163120567376;0.589099210344747
High;0.0684386312273754;0.4222222222222222;0.7854555233458657
Unknown;0.985540289194216;-0.0106382978723404;0.0033530982697507
Control;0.0279594408111837;0.6382978723404256;0.7768755463017457
Unknown;0.4315513689726205;-0.12;-0.3391090033230151
Unknown;0.991820163596728;0.0883116883116883;0.035612494660174
Unknown;0.1735565288694226;-0.3985507246376811;-0.5716705497292669
Unknown;0.7335853282934341;0.1538461538461538;0.1599956624467842
Unknown;0.0029199416011679;-0.6836734693877551;-1.0492293368740695
Unknown;0.3483130337393252;0.0150375939849624;0.3676929054300292
Unknown;0.7771444571108578;-0.032051282051282;-0.1230981632643646
Unknown;0.1080778384432311;0.3017241379310345;0.4895953044860361
Unknown;0.0028399432011359;-0.7478260869565218;-1.8944772750658976
Unknown;0.4536709265814683;0.2542372881355932;0.2949786126288225
Control;0.1501169976600468;-0.1818181818181818;-0.4667514165203835
Unknown;0.0191196176076478;0.4876543209876543;0.92351678449156
Unknown;0.3070738585228295;0.1777777777777777;0.440227747944715
Control;0.6925061498770024;-0.1268939393939394;-0.1023191622616495
Unknown;0.6042279154416912;-0.1933333333333333;-0.2223009265488666
Unknown;0.8179836403271935;-0.0962962962962963;-0.0995204118539977
Low;0.0238395232095358;-0.6163522012578616;-1.039046789972806
Unknown;3.999920001599968e-05;0.9135802469135802;1.913704159496848
Unknown;0.4440711185776284;-0.2355555555555555;-0.3588492189861495
Unknown;0.6917861642767145;-0.0625;-0.1725415786109435
Unknown;0.3023139537209255;-0.2444444444444444;-0.4968854475805239
Unknown;0.4792704145917081;-0.2888888888888888;-0.3364650999265396
Unknown;0.1453570928581428;0.3125;0.5223501610776592
Unknown;0.2234355312893742;0.3012820512820512;0.5345812222054609
High;0.2360752784944301;0.2083333333333333;0.5163833471191656
Unknown;0.4799504009919801;0.2045454545454545;0.3111494565536735
Unknown;0.2626747465050699;-0.2355555555555555;-0.5427017640319848
Unknown;0.7745445091098178;0.0555555555555555;0.1078238274229506
Unknown;0.751504969900602;-0.0306122448979591;-0.1283786945150987
Unknown;0.0115597688046239;0.6444444444444445;0.957147994764424
Unknown;0.0466390672186556;-0.1037037037037037;-0.9815421341254136
Unknown;0.0223995520089598;-0.04;1.3095975261660842
Unknown;0.1715565688686226;0.2673611111111111;0.5870090656914809
Unknown;0.3129537409251815;-0.3407407407407407;-0.4404084257853599
Unknown;0.4717505649887002;-0.102791014295439;-0.2130334492126718
Low;0.0653586928261434;0.509090909090909;0.7494550242790377
Unknown;0.2401951960960781;-0.2814814814814815;-0.5167863847520572
Unknown;0.0672386552268954;0.5609756097560976;0.89318323934989
Unknown;0.1284374312513749;0.3511111111111111;0.718603655297394
Unknown;0.2883942321153577;-0.2733333333333333;-0.4693314927724032
Unknown;0.3764724705505889;0.2101449275362318;0.3858645761390915
Unknown;0.7793844123117538;-0.0335820895522388;-0.1027506916511463
Unknown;0.0010799784004319;0.7044025157232704;1.3390292014330902
Unknown;0.0403591928161436;0.2712418300653594;0.9817885052476486
Unknown;0.3257134857302854;0.4153846153846154;0.3668291374702956
Unknown;0.0103997920041599;0.6071428571428571;1.02113004320453
Control;0.122397552048959;0.3866666666666666;0.4785985703946748
Unknown;0.2786344273114537;-0.2666666666666666;-0.4864513848293829
Unknown;0.1315973680526389;-0.3948412698412698;-0.5988994937691202
Unknown;0.495630087398252;0.144927536231884;0.3013138859759802
Medium;3.999920001599968e-05;0.7794117647058824;1.2329585040724504
Unknown;0.0005999880002399;0.8;1.4365353418302234
Unknown;0.5911881762364752;0.1911111111111111;0.2707152903908565
Unknown;0.5725485490290194;0.0612244897959183;0.2024331404961328
Unknown;0.0003599928001439;-0.837037037037037;-1.7096732580806966
Control;0.2079558408831823;0.3049645390070922;0.5123556849023498
Unknown;0.0312793744125117;-0.3688888888888889;-1.2699664109129478
Unknown;0.0983580328393432;-0.4251700680272108;-0.7484427081455318
Unknown;0.8764189886480909;0.2619047619047619;-0.0552855104799418
Unknown;0.620907581848363;0.0496453900709219;0.225091494857638
Unknown;0.3465930681386372;0.1673699015471167;0.3336818101526723
Unknown;0.3876722465550689;-0.1333333333333333;-0.3664421756075409
Low;0.4461510769784604;0.2851851851851852;-0.2879865128735344
Unknown;0.4886302273954521;0.1089743589743589;0.3117482366682264
Unknown;0.0051598968020639;-0.6797385620915033;-1.3858853962892146
Unknown;0.1779564408711825;0.4392344497607655;0.4214499719741151
Unknown;0.1038779224415511;-0.4782608695652174;-0.7529952383988442
Unknown;0.0003999920001599;-0.7189542483660131;-1.8391751347946743
Unknown;0.4442311153776924;0.111214953271028;0.2580885977846147
Low;0.0514389712205755;-0.2727272727272727;-0.9017990177609598
Unknown;0.1494370112597748;0.391705069124424;0.5475472298902945
Unknown;0.5105497890042199;0.1285714285714285;0.2730818042190845
Unknown;0.0420391592168156;-0.4666666666666667;-0.9570679807794896
Unknown;0.0226795464090718;0.6326530612244898;1.0180635032709835
Unknown;0.5816283674326513;0.0952380952380952;0.3086159831760162
Unknown;0.0085198296034079;-0.4506172839506173;-1.3448350571659504
Control;0.2069158616827663;0.2389937106918239;0.524971904162427
Unknown;0.630547389052219;0.2553191489361702;0.2168232579664875
Unknown;0.0041199176016479;-0.76;-1.4816706975733456
High;0.0504789904201916;0.3611111111111111;0.655800436681769
Control;0.0075187969924812;0.9454545454545454;1.625825861780937
Unknown;0.2989140217195656;-0.2846270928462709;-0.3700040513566893
Unknown;0.0770384592308153;0.4090909090909091;0.7957842209478446
Unknown;0.115117697646047;0.3125;0.6465398014707655
Unknown;3.999920001599968e-05;0.7078651685393258;1.4868785381077536
Unknown;0.5801083978320434;0.1602409638554217;0.1750429921000202
Control;0.1497570048599028;0.2849002849002849;0.5097718054124044
Unknown;0.0812783744325113;-0.4066666666666667;-0.694116550020398
Unknown;0.0002799944001119;0.5642857142857143;1.377518094356898
Unknown;0.498430031399372;0.3244444444444444;0.3432298449352978
Unknown;0.0541189176216475;0.618421052631579;0.9384181973549376
Unknown;0.8892222155556889;0.0727272727272727;-0.0564089446249039
Unknown;3.999920001599968e-05;0.9636363636363636;1.836263617899295
Unknown;0.3023139537209255;0.2448979591836734;0.4139251782169316
Unknown;0.0010799784004319;0.7687074829931972;1.3704634112508756
Control;0.3832723345533089;0.4609929078014184;0.3861391066110953
Unknown;3.999920001599968e-05;0.9305555555555556;1.7082640493031862
Low;0.0043999120017599;0.6051948051948052;1.263710290453087
Unknown;0.0781584368312633;-0.4326241134751773;-0.7647254202611384
Unknown;0.0201995960080798;-0.6180555555555556;-1.0496602110209674
Unknown;0.0009199816003679;-0.7801418439716312;-1.582355645568596
Unknown;3.999920001599968e-05;0.7716049382716049;1.6871443408443216
High;0.5868682626347473;-0.1074074074074074;-0.2403930070796632
Unknown;0.1988760224795504;0.2074074074074074;0.572834633755786
Unknown;0.0007199856002879;0.4114427860696517;0.8728933598602604
Unknown;0.0749585008299834;0.3642857142857142;0.6721856611678058
Unknown;0.9527409451810964;0.1972789115646258;0.0066203037318926
Unknown;0.1875162496750065;0.2861635220125786;0.5754151265053137
Unknown;0.0001199976000479;-0.8472222222222222;-2.1151289246012475
Unknown;0.0005599888002239;0.69921875;0.866095843746103
Unknown;0.5737885242295154;0.1991869918699187;0.2818488523165182
High;0.0979180416391672;0.38;0.7044615066402082
Unknown;0.3337933241335173;0.1987179487179487;0.4172383676551917
Unknown;0.0111597768044639;-0.6441558441558441;-1.026394504710846
Unknown;0.2767944641107178;-0.3251231527093596;-0.43447688726433
High;0.0033599328013439;0.7465277777777778;1.1033093058746155
Unknown;0.0041599168016639;-0.6928104575163399;-1.276098198597882
Unknown;0.0078398432031359;-0.6028368794326241;-1.2340762582906164
Low;0.9039819203615928;-0.0185185185185185;-0.0461717588111722
Control;0.0004399912001759;0.6984126984126984;1.3880535900089532
Unknown;0.0117197656046879;0.5544794188861986;0.9957249252411235
Unknown;0.8877422451550969;0.1358024691358024;0.0512026081090601
Unknown;0.0006799864002719;0.7354497354497355;1.1952389436665307
Unknown;0.8980220395592088;-0.0784313725490196;-0.0450642540217996
Unknown;0.0017599648007039;0.6649305555555556;1.003335071717793
Unknown;0.1492770144597108;0.2850877192982456;0.6550105055820189
Unknown;0.0463590728185436;-0.6020408163265306;-0.8253261721447817
Unknown;0.0815983680326393;0.34;0.8113532726062467
Unknown;0.0115997680046399;0.387719298245614;0.6544770876288616
Unknown;0.0392792144157116;-0.4281481481481481;-0.6401230507378538
Unknown;0.0628787424251515;0.5204081632653061;0.73479367106773
Unknown;0.0065198696026079;-0.7694235588972431;-1.2543374175071054
Unknown;0.2325953480930381;-0.3925925925925926;-0.4628736199827291
Unknown;0.3044739105217895;-0.3518518518518518;-0.4556953130528932
Unknown;0.7224255514889703;0.1066666666666666;0.1631542516539817
Unknown;0.0057998840023199;0.6651053864168618;0.9555737110904308
Unknown;0.0001199976000479;0.6446135831381733;1.0235175668644865
Unknown;0.0030399392012159;-0.7777777777777778;-1.2670295904731128
Unknown;0.0822383552328953;0.4414414414414414;0.6806722330057545
Unknown;0.8990220195596088;-0.3142857142857143;-0.0607626100099511
Unknown;0.9203415931681368;-0.0915032679738562;-0.029915490763217
Unknown;0.0064398712025759;-0.5343915343915344;-1.2594994392454095
Unknown;0.1412771744565108;0.3475177304964539;0.6582025687784734
Unknown;0.0483990320193596;-0.5986394557823129;-0.9572760393020052
Unknown;0.0220395592088158;0.4733333333333333;1.0161784902445192
Medium;0.0341593168136637;0.4146666666666667;0.6643284601733451
Unknown;0.119317613647727;0.4387755102040816;0.6407482527713083
Unknown;0.0178796424071518;-0.5378787878787878;-0.9649271387790476
Unknown;0.761584768304634;-0.0797101449275362;-0.1136197389862778
Unknown;0.1821163576728465;-0.320754716981132;-0.5946726989132421
Unknown;0.3400331993360133;-0.0866666666666666;-0.4171610141425428
Unknown;0.0803183936321273;0.5181818181818182;0.7529813589564007
Unknown;0.0462390752184956;0.532051282051282;0.8429752984697468
High;0.0160796784064318;0.4516129032258064;0.8547931692071623
Unknown;0.0016399672006559;0.5333333333333333;1.1271801234896497
Unknown;3.999920001599968e-05;0.8529980657640233;1.947636569809196
Unknown;0.0021199576008479;0.6666666666666666;1.5252565719474909
Unknown;0.0046799064018719;0.6598639455782312;1.118418788046449
Unknown;0.0497990040199196;-0.3712121212121212;-0.7535520152009104
Unknown;3.999920001599968e-05;0.8979591836734694;1.9927820626525192
Unknown;0.9138617227655448;0.0025510204081632;0.0380956341249566
Unknown;0.0063598728025439;0.6177777777777778;1.3190803812116434
Low;0.0107597848043039;0.640625;0.7416505563940846
Unknown;0.0305993880122397;0.5238095238095238;0.812184906028717
Unknown;0.0055998880022399;0.5238095238095238;0.8103478162920988
Unknown;0.0137997240055198;-0.660377358490566;-1.2749956628100252
Unknown;3.999920001599968e-05;0.9135802469135802;2.357168990402911
Unknown;0.7752644947101058;0.0476190476190476;0.1256979547140338
Unknown;0.0002799944001119;0.7530864197530864;1.372654979820989
Medium;0.0001199976000479;0.8177339901477833;1.314968237108344
Unknown;0.4143117137657247;0.0148148148148148;0.3479075337366425
Low;0.0001199976000479;0.7881773399014779;1.54073243190437
Unknown;0.0632787344253115;0.3981264637002342;0.7115855400209756
Unknown;0.0583988320233595;-0.4740740740740741;-0.8864110245021954
Unknown;0.3135137297254055;0.2916666666666667;0.4405491638656411
Unknown;0.0173196536069278;0.4705882352941176;0.9408483200146868
Unknown;0.5482690346193076;0.1050724637681159;0.2282114221189052
Unknown;0.0331993360132797;-0.5138888888888888;-1.0221082590858024
Unknown;0.1454770904581908;-0.4513888888888889;-0.6438214324409428
Unknown;0.6722665546689066;-0.1458333333333333;-0.1834742137880712
High;0.7799044019119618;0.1376811594202898;0.1326681411481153
Unknown;0.0039999200015999;-0.7266666666666667;-1.4953701101996597
Unknown;0.117677646447071;0.4202898550724637;0.6812146632295668
Unknown;0.4913101737965241;0.0521541950113378;0.2915949142777572
Unknown;0.0997980040399192;-0.6814814814814815;-0.8311592921263059
Unknown;0.0075598488030239;0.5511111111111111;1.2944362312656537
Control;0.0507189856202875;0.6252927400468384;0.7400466198983685
High;0.1863162736745265;-0.2941176470588235;-0.4456246107269132
Unknown;0.0010799784004319;0.5416666666666666;1.105647502035246
Unknown;0.9353812923741524;-0.0222222222222222;0.036291246258717
Unknown;3.999920001599968e-05;0.8694029850746269;2.2274939075526894
Unknown;0.0691986160276794;0.3972602739726027;0.6030361109780064
Unknown;0.0710385792284154;-0.5081967213114754;-0.7800004403638281
Unknown;3.999920001599968e-05;0.8364197530864198;1.8362041108731095
Unknown;0.0059998800023999;-0.6074074074074074;-1.3384276876554446
High;0.1951560968780624;-0.270440251572327;-0.5514199477582613
Unknown;0.0741185176296474;0.4444444444444444;0.5802011080699473
Unknown;0.253794924101518;-0.3063063063063063;-0.52132213891299
Unknown;0.9539009219815604;0.1954022988505747;-0.0139848689246099
Unknown;0.5441091178176436;-0.2978723404255319;-0.2592937503088776
Medium;3.999920001599968e-05;0.8733333333333333;2.159142209141168
Unknown;0.5117897642047159;0.2088888888888889;0.3312897413290921
Unknown;0.2883142337153257;0.1914893617021276;0.4666396740411857
Unknown;0.4188316233675326;0.2355072463768115;0.3481818993977912
High;0.0768784624307513;0.3506493506493506;0.6847489016364356
Unknown;0.1387172256554869;-0.4222222222222222;-0.7518703815366062
Unknown;0.248395032099358;0.2411347517730496;0.5015437402505204
Control;0.0048399032019359;0.6327160493827161;0.8822471373172202
Unknown;0.0540389192216155;-0.5144927536231884;-0.8630746813841854
Medium;0.0247195056098878;0.4522058823529412;0.7504586631774712
Unknown;0.123517529649407;-0.4217687074829932;-0.6933452765457571
Unknown;3.999920001599968e-05;0.9047619047619048;1.657898070213251
Unknown;0.0015599688006239;-0.6453900709219859;-0.9102002415914604
Low;0.0020799584008319;0.588613406795225;0.8385627245544329
Low;0.3543129137417252;0.228395061728395;0.4038784116506561
Unknown;0.9030219395612088;0.0496453900709219;0.0598117157104546
Unknown;0.5378692426151477;-0.0925925925925925;-0.2692023816610332
Unknown;0.0216395672086558;-0.6444444444444445;-1.193659890069403
High;0.4301913961720766;-0.2681704260651629;-0.3143390054687727
Unknown;0.1115577688446231;-0.4666666666666667;-0.7728199925230408
Unknown;0.1899562008759824;-0.2291666666666666;-0.536593931323247
Unknown;0.1903161936761264;-0.3129251700680272;-0.5942121100805529
Unknown;0.0003999920001599;-0.7581699346405228;-1.7887722317935
Unknown;0.5767884642307154;0.04;0.2886481422751312
Unknown;0.737785244295114;0.2101449275362318;0.126426341007664
Unknown;0.0363192736145277;0.4891304347826087;0.8957961465732797
Unknown;0.0083998320033599;-0.7551020408163265;-1.4042265633777014
Unknown;0.4883902321953561;0.3115942028985507;0.2939650072803901
Unknown;0.0607587848243035;0.4;0.8406384960928089
Unknown;0.0618787624247515;-0.5555555555555556;-0.8590739302501168
High;0.4564308713825723;-0.1444444444444444;-0.3170367515051615
Medium;0.2261954760904782;0.2533333333333333;0.5732295117565447
Unknown;0.9428211435771284;-0.2753623188405797;-0.0057927375381069
Unknown;0.0535989280214395;-0.3202614379084967;-0.9612937807252244
Low;0.0487990240195196;0.4629629629629629;0.8193856907213947
Unknown;0.0051598968020639;-0.4085213032581453;-1.5020606828660057
High;0.0297994040119197;0.4707602339181286;0.5439004376067872
Unknown;0.0001599968000639;0.8633333333333333;1.2090499032028752
Unknown;0.2635547289054218;-0.2282282282282282;-0.4014420031393533
Unknown;0.745145097098058;-0.2074829931972789;-0.1120904567752026
Unknown;0.992260154796904;-0.0897435897435897;-0.004783076038535
Unknown;0.0001999960000799;0.723170731707317;1.1701980754430474
Unknown;0.0030399392012159;-0.6099290780141844;-1.4873388188983627
Unknown;0.1084378312433751;0.3097014925373134;0.5403825927809144
Unknown;0.1910361792764144;-0.5034013605442177;-0.581732396235641
Unknown;0.2838343233135337;-0.3;-0.4643922897000564
High;0.0313593728125437;0.5066666666666667;0.8343451783508169
Unknown;0.0002799944001119;0.5698550724637681;0.867398585975663
Unknown;0.2709945801083978;0.5451388888888888;0.4187987974029927
Unknown;0.0086398272034559;-0.532608695652174;-1.361078668356513
Unknown;0.2590348193036139;-0.2888888888888888;-0.5464386155980128
Unknown;0.0251194976100477;0.446031746031746;0.689493830927829
Medium;0.0071998560028799;0.6226415094339622;1.0597239458351395
Unknown;0.1769564608707826;-0.18359375;-0.5172289399321469
Unknown;0.0153196936061278;0.5850340136054422;0.7707369788534392
Unknown;0.1036779264414711;0.4148148148148148;0.5681367501074069
Unknown;0.3209535809283814;0.0739795918367346;0.3831781656917375
Unknown;0.4374312513749725;0.2011111111111111;0.2658361784613003
Unknown;0.6927861442771145;-0.0185185185185185;-0.1691035671279656
Medium;0.0406791864162716;0.5660377358490566;0.8677050743664534
Unknown;0.0294794104117917;-0.5072463768115942;-1.0170118180423502
Unknown;0.3342733145337093;-0.4488888888888889;-0.432048968412932
Unknown;0.0167996640067198;0.7098765432098766;1.034586876371648
Unknown;0.0035199296014079;0.6453900709219859;1.006995020018668
Unknown;0.5348693026139477;0.2337662337662337;0.2700499559456997
Unknown;0.0088798224035519;-0.5925925925925926;-1.0146291629036208
Unknown;0.0110797784044319;0.5486111111111112;0.9556297575737234
Unknown;0.0077598448031039;0.5064935064935064;0.8804597013329423
Control;0.6159476810463791;0.4393939393939394;0.201163128360229
High;0.0029199416011679;0.6657681940700808;1.230068563164875
Unknown;0.0013999720005599;0.7301587301587301;1.012919808038799
Unknown;0.2040359192816143;-0.0208333333333333;-0.5119369798999409
Unknown;0.1849563008739825;-0.375886524822695;-0.6048479339594208
Unknown;0.8315433691326174;0.1830065359477124;-0.072465471554384
Control;0.0813183736325273;0.3733333333333333;0.7588578075728348
Unknown;0.8980620387592249;0.3133640552995391;0.0160884554607025
Low;0.3418731625367492;0.1437908496732026;0.4141037343655998
Medium;0.0442391152176956;0.5347222222222222;0.7459653747975008
High;0.1562368752624947;0.5615942028985508;0.7192510584688008
Unknown;0.0585188296234075;0.3673469387755102;1.1822893106778332
Unknown;3.999920001599968e-05;0.8621378621378621;1.988149906362391
Unknown;0.6028279434411312;0.2266666666666666;0.2623381960893982
Unknown;0.1733965320693586;0.3356009070294785;0.5056026741934515
Unknown;0.0001199976000479;0.7725694444444444;1.0255540724618586
High;0.2182356352872942;0.358974358974359;0.5434067049070699
Unknown;0.1043579128417431;-0.4397163120567376;-0.6924498820546268
Unknown;0.8966620667586648;-0.1025641025641025;0.0571539021108291
Unknown;0.2757144857102858;0.3478260869565217;0.59134960595251
Unknown;0.0071198576028479;0.7;1.1472817794159864
Control;0.0239995200095998;0.4850498338870432;0.5973893558363916
Unknown;0.0332393352132957;-0.6802721088435374;-1.1426790943453708
Unknown;0.9428211435771284;0.0392156862745098;0.0569546532855654
Medium;0.9278614427711446;-0.4134615384615384;0.0527312942241705
Unknown;0.0148797024059518;0.4340277777777778;1.0694981441400555
Unknown;0.5959880802383952;-0.1244444444444444;-0.2601976512920398
Unknown;0.113397732045359;-0.1851851851851851;-0.5385424129381807
Low;0.0011999760004799;0.5738636363636364;1.0367346473586116
Low;0.2013559728805423;-0.1530612244897959;-0.5446906808116992
Unknown;0.5487090258194837;-0.1909722222222222;-0.2039804983860113
Unknown;0.6918661626767465;-0.0188679245283018;-0.1690378210044069
Unknown;0.0043999120017599;0.5633333333333334;1.6343111693171095
Unknown;0.6552668946621067;0.0046511627906976;0.2473587124044703
Unknown;0.0571588568228635;-0.6258503401360545;-0.947826550649844
Low;7.999840003199936e-05;0.8787878787878788;1.3288509000311566
Unknown;0.0005999880002399;0.5977011494252874;1.2984909878182884
Unknown;0.4670306593868122;0.0283687943262411;0.3689821094241893
Unknown;0.6548269034619307;-0.1836734693877551;-0.210832754572264
Unknown;0.0952780944381112;0.3333333333333333;0.738975265916903
Unknown;0.5423091538169237;-0.0052910052910052;0.2417995591857777
Unknown;0.1851962960740785;-0.375;-0.5736762192236732
Unknown;0.0005599888002239;0.6955503512880562;1.054450817517146
Unknown;0.0006799864002719;0.6808510638297872;1.2051525781067185
Control;0.4422711545769084;-0.3952380952380952;-0.2857106936714045
Medium;0.0001599968000639;0.7637362637362637;1.911457251076292
Unknown;0.0342793144137117;0.4188861985472155;0.8379140971023127
Medium;0.0093998120037599;0.609375;1.0342292766432664
Unknown;0.3940321193576128;0.25875;0.2861900487385829
Control;0.0791984160316793;-0.4343434343434343;-0.6342863443580993
Unknown;0.0021999560008799;0.5926829268292683;0.8822383378777939
Unknown;0.0006399872002559;0.6078971533516988;1.0427997981976838
Unknown;0.2606347873042539;-0.4965277777777778;-0.4689130915520093
Unknown;0.2839143217135657;0.0349650349650349;0.3445955476368453
Unknown;0.1827563448731025;0.4449648711943794;0.5297455059062858
Unknown;0.5951080978380432;-0.4565217391304347;-0.2277464471675341
Unknown;0.5904681906361873;0.2327044025157232;0.2589652823608304
Medium;3.999920001599968e-05;0.7944664031620553;1.4888229803904751
Unknown;0.0461990760184796;0.4125;0.6556142327955343
Medium;7.999840003199936e-05;0.8709677419354839;1.6614715405948548
Unknown;7.999840003199936e-05;0.8697183098591549;1.5373796160083082
Unknown;0.3213935721285574;-0.2666666666666666;-0.4355268119906682
Unknown;0.0305593888122237;0.5138888888888888;0.9075101137827264
Unknown;0.2196756064878702;0.0866666666666666;0.5374024993878784
Unknown;0.8335433291334173;0.0488888888888888;0.0634436588388047
Unknown;0.9137017259654808;0.0471698113207547;0.0351847431100231
Unknown;0.5601087978240435;-0.1597222222222222;-0.2509440738373585
Unknown;0.8069438611227775;0.0702179176755447;0.0969730550795037
Unknown;0.4397112057758844;0.074074074074074;-0.3186193442488316
Unknown;0.751304973900522;0.0691056910569105;0.1623319556698644
Unknown;0.0418391632167356;-0.5688311688311688;-0.8321170866635756
Unknown;0.9030619387612248;-0.1074074074074074;-0.039179134417599
Unknown;0.3413931721365573;0.3680555555555556;0.362259634391055
Unknown;0.0082798344033119;0.6458333333333334;1.1167896701347968
Unknown;0.3383132337353253;0.3888888888888889;0.4242368617884709
High;0.0266794664106717;0.5769230769230769;0.9759907985277608
Unknown;0.4710705785884282;0.189033189033189;0.2634676186414793
Unknown;0.7004659906801864;0.0068027210884353;-0.1651723207027566
Unknown;0.0001599968000639;0.8503401360544217;1.6879170863951056
Unknown;0.0587988240235195;-0.4565217391304347;-0.8524319902882724
Control;0.5475490490190196;-0.2084309133489461;-0.2308737624807912
Control;0.113397732045359;0.1224489795918367;0.6196857013224847
Unknown;0.1637967240655186;0.2;0.5232382465191617
Unknown;0.0099598008039839;0.7189695550351288;1.0740587451183996
Unknown;0.0693986120277594;-0.5833333333333334;-0.8030246526469158
Unknown;0.117517649647007;-0.4102564102564102;-0.7229654389305162
Unknown;0.3120448179271708;0.2929292929292929;0.683465188841108
Unknown;0.3270734585308293;-0.3984962406015037;-0.3882518507996656
Unknown;0.1764764704705906;0.3481481481481481;0.5624963885062579
Unknown;0.0151596968060638;-0.5911111111111111;-1.350961810148256
Unknown;0.0080398392032159;0.5957446808510638;1.1925150868184566
Unknown;0.0055198896022079;0.6862745098039216;1.0745941925179956
Unknown;0.0620787584248315;-0.4166666666666667;-0.9090337912111828
Unknown;0.2055158896822063;0.3260869565217391;0.5630013944083496
Unknown;0.2297154056918861;-0.3333333333333333;-0.4994489752337037
Unknown;0.8923421531569369;0.0;0.050750746857421
Control;0.0203995920081598;0.5681818181818182;1.0185348223253017
Low;0.2229155416891662;-0.3724489795918367;-0.4968120586125092
Low;0.0013199736005279;0.5725;0.8956981257043034
Unknown;0.0019599608007839;0.8078817733990148;1.3706480650431552
Unknown;0.8863822723545529;0.0851851851851851;0.0666785366418997
Unknown;0.0855982880342393;-0.452991452991453;-0.786963253244987
Unknown;0.0511189776204475;-0.3971631205673759;-0.8329799801168348
Unknown;0.0102397952040959;0.6162790697674418;1.172343493453362
Unknown;0.5848283034339313;0.1851851851851851;0.2485391058008059
Unknown;0.0149997000059998;-0.624113475177305;-1.0554979824689688
Unknown;0.3205935881282374;0.137844611528822;0.4161928687175862
Unknown;0.3937921241575168;-0.3777777777777777;-0.4058583645203296
Unknown;0.0862382752344953;0.34375;0.6246082803884774
Unknown;0.4528309433811324;-0.144927536231884;-0.3229110577197553
Unknown;0.0087598248035039;0.5502645502645502;0.9428435939194292
Unknown;0.0046399072018559;0.6111111111111112;1.168388848867714
Unknown;0.4537509249815004;0.3155555555555555;0.3523716046564433
Medium;0.0569988600227995;-0.3115942028985507;-1.0353377781696456
Control;0.0009599808003839;0.7028985507246377;1.4658905275436394
Unknown;0.0230795384092318;0.2971014492753623;1.17717600818965
Unknown;0.0115197696046079;0.6296296296296297;0.9892725946298512
Unknown;0.1109577808443831;0.4609929078014184;0.6986111646141068
Unknown;0.1617167656646867;-0.361038961038961;-0.5748046775817748
Unknown;0.0364792704145917;-0.5797101449275363;-0.9139413265522268
Unknown;0.6188276234475311;0.2670454545454545;0.1772665174116222
Unknown;0.7319453610927782;0.1485714285714285;0.1514520324444506
Unknown;0.0015199696006079;0.5852272727272727;1.087165416358024
Unknown;0.9353412931741364;0.0049261083743842;0.0439241061157436
Unknown;0.0070798584028319;0.506265664160401;0.9250894168382108
Unknown;0.0064798704025919;-0.4933333333333333;-1.834744870832263
Unknown;0.8305433891322174;-0.4818840579710144;-0.1478299796768747
Unknown;0.0002799944001119;0.575139146567718;1.2042985101540549
Low;0.0003599928001439;0.7063492063492064;0.9718061355216128
Unknown;0.0003199936001279;0.7564102564102564;1.661369182594757
Medium;0.1439571208575828;0.4198717948717949;0.4853835151585554
Unknown;0.0146397072058558;0.5769230769230769;0.922271284144209
Unknown;0.0996780064398712;0.2512315270935961;0.7747056663454738
Unknown;0.0449591008179836;0.4078762306610408;0.6696373508030824
Unknown;0.0138797224055518;0.6163522012578616;1.0003723501710504
Control;3.999920001599968e-05;0.9411764705882352;1.477347404226224
Unknown;0.6055078898422032;0.0222222222222222;0.1362623505805286
Unknown;0.0007199856002879;0.9057971014492754;1.8695266552128773
High;0.0126397472050558;0.5925925925925926;0.8974196150641929
Unknown;0.2153156936861262;0.392156862745098;0.4986030332129575
Low;0.9651806963860724;-0.108695652173913;0.069476339497137
Unknown;0.8359032819343614;0.0398550724637681;0.0859879306793687
Unknown;0.3344733105337893;0.1555555555555555;0.4668599090326235
Control;0.0039999200015999;0.5952380952380952;1.0999151247927408
Unknown;0.8274234515309694;0.0943396226415094;0.0997099459575236
Low;0.246355072898542;0.0419753086419753;0.3786238674036145
Unknown;0.0209595808083838;-0.6099290780141844;-1.1160062646209272
Control;0.0126797464050718;0.6195652173913043;0.9074926476926242
Unknown;0.0893582128357432;0.3379310344827586;0.5764458507345829
Unknown;0.1551568968620627;0.2971014492753623;0.5984219560847021
Unknown;0.9586208275834484;-0.0222222222222222;-0.034927873906913
Unknown;0.2301553968920621;0.2310344827586206;0.3943759727531316
Unknown;0.1735965280694386;-0.3686274509803922;-0.6037540262873962
Medium;0.0348393032139357;0.3928571428571428;0.6180773107553154
Unknown;0.1378372432551348;0.425531914893617;0.669037328779138
Unknown;0.0392792144157116;0.572265625;0.8108379056621561
High;0.0125197496050079;0.5031645569620253;0.966205339972156
Unknown;0.5269094618107638;0.1911111111111111;0.3187187755966541
Unknown;0.0886382272354553;0.3099415204678362;0.5926033804374071
Unknown;0.0225995480090398;-0.5362318840579711;-1.00004123715604
Unknown;0.2320753584928301;0.3688888888888889;0.5676589214670656
Unknown;0.122157556848863;0.4285714285714285;0.6079700044571189
Unknown;0.0507589848203035;0.4757462686567164;0.6305618847012741
Unknown;0.123157536849263;0.474025974025974;0.6212366122602696
Unknown;0.1128777424451511;-0.4131944444444444;-0.7588796410106831
Unknown;0.4027519449611008;-0.3958333333333333;-0.3556202660779149
Unknown;0.0038799224015519;0.6463700234192038;1.120408879939616
Unknown;0.1265174696506069;0.3888888888888889;0.6877642863116404
Control;0.0609987800243995;0.4666666666666667;0.800022709679871
Unknown;0.0576788464230715;-0.6355555555555555;-0.9362886911383592
Unknown;0.976620467590648;0.0142857142857142;-0.0100412862932496
Unknown;0.0031999360012799;-0.7916666666666666;-1.6028531837835482
Unknown;0.9025019499610007;0.0915841584158415;0.0512198952813874
Unknown;0.2849943001139977;0.2777777777777778;0.4595130135512668
Unknown;0.8105837883242335;0.075;0.0890123108749921
Unknown;0.0810783784324313;-0.375886524822695;-0.7869149254245315
Unknown;0.380792384152317;-0.2932330827067669;-0.337112135222011
Control;0.6556668866622668;-0.06;-0.1131337228948374
Control;0.987940241195176;-0.0217391304347826;0.0024897482583207
Unknown;0.8279034419311614;0.0831168831168831;0.10641614793534
Unknown;0.1703565928681426;0.3135464231354642;0.4852109518014127
Unknown;0.3315933681326373;-0.3402777777777778;-0.4298704531625234
Unknown;0.0599988000239995;0.431338028169014;0.6209817583374146
Unknown;0.2881142377152457;-0.3911007025761124;-0.4291192007749251
Unknown;0.0121597568048639;0.64;0.9566812333821464
Unknown;0.7939841203175937;-0.1464285714285714;0.1009905991796877
Unknown;0.0133197336053278;-0.5644444444444444;-1.3107689709943686
Control;0.25107497850043;0.2805555555555555;0.4914293209037204
Unknown;0.9643007139857204;-0.238095238095238;0.0003793814024602
Unknown;0.0027599448011039;0.8666666666666667;1.0844347184111047
Unknown;3.999920001599968e-05;0.8472906403940886;1.7823824057488091
Unknown;3.999920001599968e-05;-0.8866995073891626;-2.331230710759259
Unknown;3.999920001599968e-05;0.9685534591194968;2.143348604798489
Unknown;0.0006799864002719;-0.7028985507246377;-1.706791920094884
Unknown;0.0905981880362392;-0.4592592592592592;-0.7498439575266796
Unknown;0.5923081538369233;0.0680272108843537;0.2225221035907053
Unknown;0.7015859682806344;0.0628571428571428;0.195528722613279
Unknown;0.3867922641547169;0.1777777777777777;0.3936684139167336
Control;0.0009599808003839;0.7891156462585034;1.385323436153439
Unknown;0.9007019859602808;-0.34;-0.0889930564295554
Unknown;0.0070398592028159;0.4857142857142857;0.9602360991977074
Unknown;3.999920001599968e-05;0.8813559322033898;1.9172594967471384
Unknown;0.6860262794744105;0.0925925925925925;0.1927682138855356
Unknown;7.999840003199936e-05;0.8382978723404255;1.1013662493900642
Unknown;0.8013039739205216;-0.0128205128205128;0.1156562217850799
Unknown;0.4183516329673407;-0.2571428571428571;-0.3176538324901434
Unknown;0.0014399712005759;-0.7188940092165899;-1.323121758940608
Unknown;0.1660766784664306;-0.3306878306878307;-0.5694736279729474
Unknown;0.4242315153696926;0.1805555555555555;0.3584888405241127
Unknown;0.6929061418771625;0.0814814814814814;0.1795205749244394
Unknown;0.0199596008079838;0.436144578313253;0.750684088939195
Unknown;0.1777964440711185;-0.4518518518518518;-0.6558457805560662
Unknown;0.0029599408011839;0.6852300242130751;1.2264405133779137
Low;0.0027599448011039;0.6163522012578616;1.2793417585723506
Control;0.1569168616627667;-0.2415584415584415;-0.7253755644133899
Unknown;0.0293994120117597;-0.4618055555555556;-0.9627582627582818
Unknown;0.6051878962420751;0.0641025641025641;0.2636723958862829
Medium;0.0009599808003839;0.5257586450247;0.9745820368645272
Unknown;0.989780204395912;0.0033003300330033;-0.0014565297947987
Unknown;0.5539489210215796;0.0612244897959183;-0.2385576270378137
Low;0.0130797384052318;0.5555555555555556;0.8449975270261685
Unknown;0.0319993600127997;0.4898989898989899;0.6553195559310844
Unknown;0.0849183016339673;-0.4680851063829787;-0.7504460776316398
Unknown;0.0001599968000639;0.92;1.4924460148719714
Unknown;0.0874782504349913;0.3684210526315789;0.6129240013261377
Unknown;0.5994280114397712;-0.1882716049382716;-0.2402939504067949
Unknown;0.5836283274334513;-0.0189393939393939;0.276010056427086
Unknown;0.3598728025439491;0.2561728395061728;0.3162814448812429
Control;0.245595088098238;-0.365079365079365;-0.4816335533067939
Unknown;0.0421191576168476;-0.504;-1.0587303993227828
Control;0.0001599968000639;0.626991565135895;1.2104822788646306
Control;0.495030099398012;0.2256944444444444;0.3163919439096482
Unknown;0.0381992360152796;-0.6312056737588653;-1.0244721663145324
Unknown;0.1637967240655186;-0.3324675324675324;-0.5705263944755707
Control;0.0005999880002399;0.7142857142857143;1.4004861026529172
Unknown;0.0201195976080478;0.5815602836879432;0.8397290131712114
Unknown;0.4597508049839003;0.2426303854875283;0.305908414049114
Unknown;0.4559908801823963;-0.1063829787234042;-0.3222181182489687
Unknown;0.3395532089358213;-0.2084309133489461;-0.3804986864590296
Unknown;0.0027599448011039;0.673469387755102;1.487145559186212
Low;0.0865182696346073;0.48;0.6566946310398057
Unknown;0.6939061218775624;-0.0476190476190476;-0.1978289421387328
Unknown;0.2012359752804944;0.8695652173913043;0.7033344728835088
Unknown;0.3507929841403172;0.2556390977443609;0.3793782373759599
Unknown;0.0230395392092158;-0.5333333333333333;-1.2590968778500802
Control;0.0212395752084958;0.6209150326797386;0.8922977372791222
Unknown;0.0056798864022719;-0.6518518518518519;-1.3738209392791445
Unknown;0.1945961080778384;-0.191358024691358;-0.563018768564786
Low;0.0006799864002719;0.7353629976580797;1.0870060788494231
Unknown;0.5375092498150037;0.413953488372093;0.3316883004059309
Unknown;0.3960720785584288;-0.1147540983606557;-0.3359901806581929
Unknown;0.6769064618707625;-0.2333333333333333;-0.157811034767543
Unknown;0.9761804763904722;0.1014492753623188;0.0001102842628565
Unknown;7.999840003199936e-05;0.9135802469135802;1.6549067131891655
Control;0.0323193536129277;-0.6666666666666666;-1.3944838311570134
Unknown;7.999840003199936e-05;-0.9251700680272108;-3.0008704579508048
Unknown;0.2582348353032939;-0.0518518518518518;0.5060498845207668
Control;0.8938221235575289;0.0292792792792792;0.059039903554244
Unknown;0.5689086218275634;-0.241025641025641;-0.2615844971882768
Unknown;0.2178756424871502;0.2679738562091503;0.5699541957087397
Unknown;0.0002399952000959;0.73046875;1.2049130056844832
Unknown;0.1278774424511509;-0.52;-0.7838727257302819
Unknown;0.0015599688006239;0.6825396825396826;1.0292154751866864
Low;0.0971580568388632;0.2539682539682539;0.6011951932500982
Unknown;3.999920001599968e-05;0.8198198198198198;1.6668535936720426
Unknown;0.0250794984100318;-0.5306122448979592;-1.110942795572831
Unknown;0.0099198016039679;0.7169811320754716;1.2624744687884852
Unknown;0.3365932681346373;0.1597222222222222;0.4297215378632815
Control;0.2079558408831823;0.2127659574468085;0.5444642780339786
Low;0.7833043339133218;0.1088435374149659;0.1325181518763044
Unknown;0.4182316353672926;-0.1533333333333333;-0.3440685444731218
Unknown;0.4161916761664767;0.1111111111111111;0.3519023289886104
Unknown;0.5882682346353073;0.1428571428571428;0.2611839231644382
Unknown;0.0014399712005759;-0.8133333333333334;-1.7214869400608626
Unknown;0.0197596048079038;0.5012106537530266;0.8712444048629694
Unknown;0.2942741145177096;-0.5111111111111111;-0.4636889724454673
Unknown;3.999920001599968e-05;0.7194570135746606;1.2416566878850073
Medium;0.6289874202515949;0.0424242424242424;-0.1752356219407789
Unknown;0.3936321273574528;0.1454545454545454;0.3551478476449338
Unknown;0.8535429291414172;-0.0977443609022556;0.0644902813753442
Unknown;0.3153536929261414;-0.0809523809523809;-0.4119113305095316
Unknown;0.2813143737125257;-0.2075471698113207;-0.4744381663668489
Unknown;0.3329533409331813;0.2357142857142857;0.3558480423183621
Unknown;0.0536789264214715;0.3333333333333333;1.149659426109467
Unknown;0.0071598568028639;0.6851851851851852;1.1421854282539723
Control;0.1061978760424791;0.5303030303030303;0.5583959535392687
Unknown;0.0040399192016159;-0.7256944444444444;-1.413622140874079
Unknown;0.0207195856082878;0.5333333333333333;0.928566262976354
Unknown;0.2043959120817583;0.0577777777777777;0.6078669225496837
Unknown;0.5841883162336753;0.2951388888888889;0.2283083496675501
Unknown;0.6086678266434671;0.1666666666666666;0.2559884759763959
High;0.0138797224055518;0.5105633802816901;0.9347638509508044
Unknown;0.0374792504149917;-0.34;-1.0368510242269848
Low;0.0995580088398232;-0.0299539170506912;-0.7255915715322568
Unknown;0.0826383472330553;0.477124183006536;0.750527878595374
Unknown;0.6763064738705226;-0.0270061728395061;0.1464713628825957
Unknown;0.0324793504129917;-0.4901960784313725;-1.0912688925418204
Control;0.0165996680066398;0.5416666666666666;0.8947887710503032
Unknown;0.1863962720745585;-0.4591194968553459;-0.60314425684373
Unknown;0.0058798824023519;0.8222222222222222;1.6345977601943875
Unknown;0.3150336993260135;-0.1388888888888889;-0.4428749756968965
Control;0.0023599528009439;0.6798029556650246;0.9954751167778986
Low;0.0008399832003359;0.6984126984126984;1.1739864444851724
Unknown;0.0783984320313593;-0.2222222222222222;-0.8252219609330687
Unknown;0.0009199816003679;0.84;1.5550676352519632
Unknown;0.0657986840263194;0.2219512195121951;0.5718631731043717
High;0.0272394552108957;0.5703703703703704;0.7602789080842275
Unknown;0.0199996000079998;-0.3993055555555556;-1.0106471323570327
Medium;0.0070398592028159;0.4948979591836734;0.9145453272798012
Unknown;0.0557988840223195;0.3402777777777778;0.9458345546148156
Control;0.0189596208075838;0.5851063829787234;0.8539471492911975
Unknown;0.6962260754784905;0.1791044776119403;0.1438531689435508
Unknown;0.7735045299094018;-0.1658986175115207;-0.0816621870209925
Unknown;0.0330393392132157;0.5077355836849508;0.8210827187103823
Unknown;0.3044339113217735;0.2176470588235294;0.3457291447357852
Unknown;0.0044399112017759;0.6182336182336182;0.9715288428929536
Unknown;0.0168396632067358;0.6258503401360545;1.0087213030325906
Control;0.0001199976000479;0.7083333333333334;1.1006894591757417
Unknown;0.0002399952000959;0.8163265306122449;1.1262053072628386
Control;7.999840003199936e-05;0.8722222222222222;1.5226064775782775
Unknown;0.9458210835783284;-0.1602564102564102;0.0403646281843552
Unknown;0.0046399072018559;-0.8148148148148148;-1.4028455283316967
Unknown;0.495470090598188;-0.2463768115942029;-0.2944055011859419
Unknown;0.0211195776084478;-0.6370370370370371;-1.0801976380492078
Unknown;0.6683066338673227;-0.0212765957446808;0.184314527184761
Unknown;0.0211995760084798;-0.6622222222222223;-1.1277537739336143
Unknown;0.5614287714245715;-0.173469387755102;-0.2486299418009818
Unknown;0.0607987840243195;0.4492753623188406;0.7563701806989143
Unknown;0.0009599808003839;-0.6791979949874687;-1.387861940003499
Unknown;0.6168676626467471;0.2318840579710145;0.253389990630334
Unknown;0.3579128417431651;-0.2836879432624113;-0.3961481122788192
Unknown;0.1689566208675826;-0.2755555555555555;-0.6782909429749595
Unknown;0.5296294074118517;0.2321428571428571;0.242850224905652
Unknown;0.0346793064138717;0.5555555555555556;1.0403148142022642
Unknown;0.0015199696006079;-0.7044025157232704;-1.624590702465463
Unknown;0.0003999920001599;0.7540983606557377;1.1415431069300936
Unknown;0.1282774344513109;0.1380145278450363;0.6127457857072618
Unknown;0.372312553748925;-0.2813186813186813;-0.2962704141489507
Unknown;0.0675586488270234;0.6201550387596899;0.8611518509595458
Medium;0.0203195936081278;0.4414414414414414;0.7729908788143715
Unknown;0.0056398872022559;0.6493055555555556;1.0241795546238488
Unknown;0.1736365272694546;0.3143382352941176;0.4925462941333519
Unknown;0.0350392992140157;-0.3028169014084507;-0.8912939874349982
Unknown;0.9063418731625368;-0.0068027210884353;-0.0378418631466045
Control;0.7999440011199777;0.0;-0.0327288675560628
Unknown;0.8811423771524569;0.2107728337236534;0.0499354319048379
Unknown;0.0002399952000959;0.8260869565217391;1.6037748003486354
Unknown;0.879622407551849;-0.1033333333333333;0.0973785397742207
Unknown;0.116037679246415;0.3;0.6079515687936952
Unknown;0.0041199176016479;0.6268115942028986;1.2625811723514024
Unknown;0.6272674546509069;-0.2482269503546099;-0.1880400012495715
Unknown;0.8164236715265695;0.0798611111111111;0.0990354486927123
Unknown;0.5823083538329233;0.0518518518518518;0.2659051752134321
Control;0.0383992320153596;0.5185185185185185;0.7688447864192237
Unknown;0.6545869082618347;-0.1555555555555555;-0.1802378914954563
Unknown;0.4300313993720125;0.1989795918367347;-0.2988730580600634
Control;0.0001999960000799;0.7732426303854876;1.027125695878264
Unknown;0.7763444731105378;-0.3476190476190476;-0.0761236302635488
Unknown;0.0009599808003839;0.6146341463414634;1.0568877643113237
Unknown;0.0396792064158716;-0.5703703703703704;-0.9448761996366046
Unknown;0.6351472970540589;0.1407407407407407;0.2188794287367007
Unknown;0.8121437571248575;-0.3511111111111111;0.1161581963817823
Unknown;0.1602367952640947;-0.3461538461538461;-0.6342790311815453
Unknown;0.0071198576028479;0.5155555555555555;0.9794275524151692
Unknown;0.0595588088238235;-0.5181818181818182;-0.988365425656658
Unknown;0.6403871922561549;0.1257995735607676;0.196111002117823
Unknown;0.997980040399192;0.0051020408163265;-0.0031638171235581
Unknown;0.3442731145377092;0.2276422764227642;0.42074769394871
Unknown;0.49695006099878;0.1423076923076923;0.265722260943196
Unknown;0.0472390552188956;0.4130434782608695;0.7690842041291472
Unknown;0.4415511689766204;-0.3259259259259259;-0.3315911193525081
Unknown;0.1379172416551669;0.04;0.7463925594596578
Unknown;0.1076778464430711;0.4320987654320987;0.6594807929595738
Unknown;3.999920001599968e-05;0.8923076923076924;1.9848596593612668
Unknown;0.0024399512009759;0.7160714285714286;1.3949605521735975
Unknown;0.1799164016719665;-0.3866666666666666;-0.6508446119893986
Unknown;0.0001199976000479;0.8044444444444444;1.3221857623496969
Unknown;0.4667506649867002;0.2114832535885167;0.2340897931270886
Unknown;0.0004799904001919;0.7555555555555555;1.0021948729861558
Unknown;0.0092798144037119;0.5523809523809524;0.9239481880117192
Control;0.363552728945421;0.2608695652173913;-0.336979374863844
Medium;0.0616787664246715;0.3674418604651163;0.6481504857180681
Unknown;0.1461570768584628;-0.4057971014492754;-0.6429464873728662
Unknown;0.115157696846063;0.2925170068027211;0.6984860221478008
Medium;0.0332393352132957;0.5686274509803921;0.8368459631609426
Unknown;0.8982220355592888;0.0518518518518518;0.0628073374142778
Control;0.1366772664546709;-0.4833333333333333;-0.7381944913612681
Unknown;0.0002399952000959;0.8015873015873016;0.9589367257608864
Unknown;0.0053998920021599;-0.7155555555555555;-1.2034133104737956
Control;0.1787564248715025;-0.3112244897959184;-0.5509871049284738
Unknown;0.6500269994600107;-0.1985815602836879;-0.16200668868365
Unknown;0.2181556368872622;0.2026143790849673;0.5342992596429987
Unknown;0.0112797744045119;0.5576923076923077;1.0459946543489511
Unknown;0.6720665586688266;-0.2619047619047619;-0.1737339819802336
Unknown;0.0022399552008959;0.8137254901960784;1.6323939102833491
Unknown;0.0003599928001439;0.7735849056603774;1.4929296527716998
High;0.245235095298094;-0.2943262411347517;-0.5120049454822688
Unknown;0.0050398992020159;0.8833333333333333;1.466109959366489
Unknown;0.5215095698086039;-0.1594202898550724;-0.261084271703655
Unknown;0.5438691226175476;-0.2517006802721088;-0.2568659813776027
Unknown;0.0251194976100477;0.5585585585585585;0.8675096592433589
High;0.0465190696186076;0.5032679738562091;0.8589104356120357
Control;0.0001999960000799;0.9133333333333332;1.4960517898399406
Unknown;0.3480730385392292;-0.3333333333333333;-0.3897237738868839
Unknown;0.0707985840283194;-0.524822695035461;-0.8378424618542488
Medium;0.4823903521929561;0.06265664160401;0.2930725116064648
Unknown;0.6475870482590348;0.4294871794871794;0.2230950683003204
Medium;0.0671586568268634;-0.1614457831325301;-0.6537526400723912
Unknown;0.0235995280094398;-0.6088888888888889;-1.171478278481615
Unknown;0.3004339913201736;-0.4248366013071895;-0.4596203006929749
Unknown;0.0039199216015679;-0.5564705882352942;-0.9828632945031444
Unknown;0.4375912481750365;0.1886792452830188;0.3281274917810714
High;0.0055198896022079;-0.6909722222222222;-1.0017181654022738
Control;0.2655946881062379;0.1152073732718894;0.4459115915603953
Unknown;3.999920001599968e-05;-0.8958333333333334;-3.8060849565308175
Unknown;0.9743405131897362;0.0244444444444444;-0.0249010275123979
Unknown;0.0010799784004319;-0.8333333333333334;-1.6423294654772949
Unknown;0.748705025899482;-0.0638297872340425;-0.1279745982366193
Unknown;0.4033119337613248;-0.4113475177304964;0.27671110827271
Unknown;0.3973920521589568;-0.1333333333333333;-0.3690748451778452
Unknown;0.0213595728085438;0.3932806324110672;0.7249287374730708
Low;0.7368252634947301;0.2639225181598063;0.1359218223605796
Unknown;0.4813903721925561;0.1543209876543209;0.239029894179109
Unknown;0.0095598088038239;0.5839598997493735;0.8314275593958904
Unknown;0.7303053938921221;-0.0784313725490196;-0.1364067169691433
Unknown;0.1523969520609587;-0.3684210526315789;-0.5273993641705168
Unknown;0.7003859922801544;0.1394557823129251;0.1812468599004494
Unknown;0.122277554448911;0.3733333333333333;0.6667188244987333
Unknown;0.0314793704125917;-0.5266666666666666;-1.0169624694582238
Low;0.8985420291594168;-0.0884353741496598;-0.0352895587473394
Unknown;0.0762384752304953;-0.4888888888888889;-0.783972231830117
Control;0.0051598968020639;0.60546875;0.969689376328759
Unknown;0.0636787264254715;0.304;0.5743846838852124
Unknown;0.0676786464270714;0.1433333333333333;0.7921542492036094
Unknown;0.0003999920001599;0.7391304347826086;1.145420977253866
Unknown;0.8075038499230015;0.1304347826086956;0.1152581890750008
Unknown;0.0297994040119197;0.4228855721393035;0.7885123267897818
Unknown;0.1798364032719345;-0.4705882352941176;-0.594630404188669
Unknown;0.0047599048019039;-0.6319444444444444;-1.4479016291156368
Unknown;0.1131977360452791;0.425531914893617;0.6912732099546041
Unknown;0.1002779944401111;0.2959183673469387;0.5805559298443459
High;0.4695106097878042;0.1428571428571428;0.3154845298650272
Control;0.0101597968040639;0.6180555555555556;1.0713332318020858
Unknown;0.997540049199016;-0.06;0.0065845702846906
Unknown;0.6719465610687786;-0.3541666666666667;-0.2053202566847138
Unknown;0.24247515049699;0.0857142857142857;0.4607501936493761
Unknown;0.0365192696146077;0.4356060606060606;0.7774372132391194
Control;0.6133077338453231;0.2444444444444444;-0.1725714604731929
Unknown;0.0190796184076318;0.5688311688311688;0.9238976228316712
Control;0.0020399592008159;-0.6355555555555555;-1.0987590700040109
Medium;0.0206395872082558;0.2534722222222222;1.1178598964419932
Control;0.8911821763564729;-0.0018939393939393;-0.0485917111619252
Unknown;0.0067198656026879;0.648910411622276;1.040587256150532
Low;0.0543855840208423;0.6666666666666666;0.952453222397373
Unknown;0.6185876282474351;0.12;0.2343857744078119
Unknown;0.0919981600367992;0.2695035460992908;0.8317462042287108
High;0.0123597528049439;0.5333333333333333;0.9308070911145256
Unknown;0.0643587128257434;0.425531914893617;0.9085415033598152
Control;3.999920001599968e-05;0.94;1.6913678890116963
Unknown;0.0160796784064318;0.6923076923076923;0.9535629906140052
Unknown;0.0253194936101277;-0.7318840579710145;-1.151886052921194
Medium;0.6597868042639147;-0.4847020933977455;-0.1345241909318204
Unknown;0.0656386872262554;-0.4693877551020408;-0.8297975905026583
Unknown;0.2749145017099658;-0.2681159420289855;-0.4482071893925682
Unknown;0.0757584848303034;0.5507246376811594;0.7508361598412547
High;0.0702785944281114;0.3333333333333333;0.6334953177018023
Unknown;0.4793504129917401;0.2777777777777778;0.2744355131620387
Medium;0.120197596048079;0.0466666666666666;0.6514514583718835
Control;0.0368792624147517;0.4271604938271605;0.6704805248784871
Low;0.3322333553328933;0.1002132196162046;0.3931867736260824
Unknown;0.5252694946101077;-0.2;-0.2621164397070488
Unknown;0.1005979880402392;0.32;0.6825240312290384
Unknown;0.0584388312233755;0.3125;0.7639241543188963
Unknown;3.999920001599968e-05;0.8319672131147541;1.743961650916539
Medium;0.0735585288294234;0.5243342516069789;0.5328791561221776
Unknown;0.0369192616147677;-0.4166666666666667;-1.0044897396593335
Unknown;0.0199996000079998;-0.5555555555555556;-1.1905813056244992
Unknown;0.0623587528249435;0.5;0.7623104070047835
Unknown;0.114757704845903;-0.3082706766917293;-0.6582917598714567
Unknown;0.3146337073258535;0.1053864168618267;0.4048077816234799
Unknown;0.0236395272094558;-0.5531914893617021;-1.1973907075344044
Unknown;0.2817543649127017;-0.2083333333333333;-0.4815765426700375
Unknown;0.3539529209415811;-0.2753623188405797;-0.4060563384487185
Unknown;0.1609567808643827;-0.5416666666666666;-0.6344634238119492
Unknown;0.0250394992100158;-0.3968253968253968;-0.95594126267553
Unknown;0.0016799664006719;0.5693296602387512;0.993344773042355
Unknown;0.6517869642607148;0.0915032679738562;0.208525494058097
Unknown;0.2291954160916781;-0.3333333333333333;-0.5289127036647403
Unknown;0.0154396912061758;0.6111111111111112;0.8819056363077079
Low;3.999920001599968e-05;0.8846153846153846;1.0302253613106542
Unknown;0.0010399792004159;-0.8115942028985508;-1.7559770163877615
Unknown;0.0282394352112957;0.5128805620608899;0.8882471427130423
Unknown;0.2682746345073099;-0.1045454545454545;-0.3768430821947987
Unknown;0.0003199936001279;0.7253086419753086;0.9438368689334928
Unknown;0.2294354112917741;0.4814814814814814;0.5096908213898252
Unknown;0.0006399872002559;0.7553191489361702;1.613122252980462
Unknown;0.2905541889162217;-0.1594202898550724;-0.473163180967154
Unknown;7.999840003199936e-05;0.8194444444444444;1.5449029905301503
Control;0.0947181056378872;0.4406779661016949;0.7200452557927064
Unknown;0.1583568328633427;0.2578849721706864;0.4740387676954954
Unknown;0.2383552328953421;-0.2013888888888889;-0.548432022969672
Low;0.3329133417331653;0.1303258145363408;0.3913206957228001
Unknown;0.0006799864002719;0.779874213836478;1.284078415511012
Control;0.252714945701086;0.4071428571428571;0.4561763414458105
High;0.1724765504689906;0.2463768115942029;0.593133191429489
Unknown;0.4300713985720286;0.2312925170068027;0.3496545987257256
Unknown;0.0114797704045919;0.6950354609929078;1.146650073562692
Low;0.243515129697406;-0.2482758620689655;-0.3974233290589481
Unknown;0.1404371912561748;-0.5185185185185185;-0.6392865447727932
Medium;0.0703185936281274;0.4077922077922078;0.6927646166302645
Low;0.7169056618867623;-0.1333333333333333;-0.1562750828166419
Unknown;3.999920001599968e-05;0.842741935483871;1.0499203083032689
Unknown;0.3915521689566208;0.238562091503268;0.3719815257224858
Medium;0.0049599008019839;0.4771084337349398;0.7888964776150712
Unknown;0.0008399832003359;0.6887755102040817;1.4250844745821127
Unknown;0.0001599968000639;-0.8740740740740741;-1.3240931913643896
Medium;0.0047999040019199;0.4904761904761904;0.8223202995501666
Unknown;0.2978740425191496;0.2340425531914893;0.4216083479890397
Unknown;0.0891582168356632;0.4077922077922078;0.6022541623924197
Unknown;0.1617567648647027;0.3478260869565217;0.6034504522923518
Unknown;0.0429991400171996;0.3254716981132075;0.5769661618604235
Medium;0.0409191816163676;0.3447293447293447;0.653888890330671
Unknown;0.1550368992620147;-0.4043583535108959;-0.6096350794283804
Unknown;0.0116397672046559;0.5947712418300654;0.9614454540040388
Unknown;0.4445911081778364;0.2977777777777777;0.3642471955717632
Unknown;0.74682506349873;-0.0625;-0.2152596888888308
Unknown;0.124437511249775;-0.2;-0.802993727536868
Unknown;0.0738385232295354;0.4740740740740741;0.7241453744679774
Unknown;0.0406791864162716;0.4289732770745429;0.7005415033512878
Unknown;0.1395972080558389;0.2891791044776119;0.5495021885386017
Unknown;0.1909161816763664;-0.3082706766917293;-0.5469810647685562
Unknown;0.0443991120177596;0.4740740740740741;1.0275537178699812
Unknown;0.0738785224295514;0.54;0.7509223245256428
Unknown;0.4171916561668766;0.1231884057971014;0.3514055414948271
Unknown;0.4012319753604927;-0.3777777777777777;-0.4053364873310671
Unknown;0.6225875482490351;-0.1847014925373134;-0.1693907702694768
Unknown;0.0874782504349913;0.2924901185770751;0.5084650211873325
Unknown;0.0063998720025599;0.7269503546099291;1.3614055383820534
Unknown;0.2013159736805264;0.0606060606060606;0.4504566052348907
Unknown;0.0612387752244955;-0.4276729559748428;-0.8503701513168826
High;0.7811043779124418;-0.1496598639455782;0.1603288565343888
Unknown;0.3066338673226535;0.1949685534591195;0.4358795204941725
Unknown;0.7906241875162496;-0.1904761904761904;-0.1486814118142446
Unknown;0.1396372072558548;0.5065359477124183;0.5531662365172817
Unknown;0.1183284457478005;-0.3448275862068966;-0.9104682798753412
Low;3.999920001599968e-05;0.93734335839599;2.0257354551028723
Unknown;0.2886742265154697;-0.3851851851851852;-0.4607249440905752
Control;0.3505929881402372;0.0443349753694581;0.3560490073672439
Unknown;0.0089198216035679;-0.7672955974842768;-1.337014251704901
Unknown;0.0019599608007839;0.7446808510638298;1.319472040849981
Unknown;0.8030239395212095;-0.0133333333333333;-0.1081157131688052
Unknown;0.0025199496010079;0.428030303030303;1.261661123498434
Low;0.0077598448031039;0.639344262295082;0.97555997140713
Unknown;0.0015199696006079;0.7866666666666666;1.437298819695756
Unknown;0.3765924681506369;0.0280898876404494;0.3052045255225803
Unknown;0.3250734985300294;0.1945812807881773;0.3841455553725955
Unknown;0.0039199216015679;-0.6592592592592592;-1.5843752486978346
Unknown;0.0098798024039519;0.549636803874092;1.0045001017698316
Unknown;0.998260034799304;-0.0471014492753623;0.0092506339722215
Unknown;0.0524389512209755;0.4191279887482419;0.6795425119504669
Unknown;0.8586228275434491;-0.1288888888888889;-0.0732861033659684
Unknown;0.7708645827083458;0.1564625850340136;0.1308354115204505
Unknown;0.0044399112017759;-0.7037037037037037;-1.3212117312716751
Unknown;0.1759164816703665;-0.2678571428571428;-0.5731393576216741
High;0.0500389992200156;0.4693877551020408;0.8531671217265472
Unknown;0.1395972080558389;-0.4044444444444444;-0.7318186367785084
Unknown;7.999840003199936e-05;0.6518151815181518;1.390517739651262
Unknown;0.0029199416011679;-0.7925925925925926;-1.4196383768913818
Unknown;0.489110217795644;-0.2539682539682539;-0.2637861422329531
Unknown;0.3853922921541569;0.1489361702127659;0.3599105043689085
Unknown;0.8341433171336573;0.0173611111111111;0.1012058619732589
Unknown;0.0668386632267354;-0.5288888888888889;-0.8891965563564744
Unknown;0.0513989720205595;0.54;0.8039030856687106
Unknown;0.9137017259654808;-0.0933333333333333;-0.028873205127378
Unknown;0.0003999920001599;0.7973856209150327;1.40780923479125
Unknown;0.1433571328573428;0.3106060606060606;0.6447423196423148
Unknown;0.2893142137157257;-0.36;-0.5122564288544342
Unknown;0.6055078898422032;-0.0566037735849056;-0.1588977534745589
Low;0.0134797304053918;0.4337899543378995;0.8507194408641638
Unknown;0.9505809883802324;-0.0697674418604651;0.0266012496353335
Unknown;0.0192396152076958;0.3866666666666666;0.9203996738968844
Unknown;0.0663186736265274;-0.4384057971014493;-0.8554926485567809
Unknown;0.0001199976000479;-0.9215686274509804;-2.157212472874785
Unknown;0.75382492350153;-0.0415584415584415;-0.1428436745506947
Control;3.999920001599968e-05;0.8933333333333333;2.212099126240384
Unknown;0.1048779024419511;-0.397887323943662;-0.6231008064487611
Unknown;0.377632447351053;-0.4;-0.4009286147310741
Unknown;0.3273134537309254;-0.1607142857142857;-0.3717620658297251
Unknown;0.0273594528109437;-0.562962962962963;-1.0869653579798533
Unknown;0.0471990560188796;0.6975308641975309;0.7255844507704243
Unknown;0.1684210526315789;0.6111111111111112;1.1227404575369635
Unknown;0.8442631147377052;-0.1805555555555555;-0.0823162717806833
Unknown;0.8627827443451132;0.0502645502645502;0.0742979710683787
High;0.0013199736005279;0.7586206896551724;1.3799196519999812
Unknown;0.2655946881062379;0.2121212121212121;0.3932456467576705
Medium;0.0008399832003359;-0.6266666666666667;-1.9594088283064488
Control;0.3025139497210056;-0.1047619047619047;-0.4278349718307792
Unknown;0.6047079058418832;-0.1597222222222222;-0.2037217094594325
Unknown;0.0320793584128317;-0.39453125;-0.8548666081984939
Unknown;0.376632467350653;0.3265306122448979;0.3601177603178621
Unknown;0.0378792424151517;0.4011194029850746;0.9296881501457326
Unknown;0.9368612627747444;-0.0211640211640211;-0.0252975761112674
Unknown;0.0453990920181596;0.432967032967033;0.7231908276268807
Unknown;0.1666366672666546;0.4604651162790698;0.6506192821390004
Unknown;0.506029879402412;0.0138888888888888;-0.2697666496611336
Unknown;0.0008799824003519;-0.7866666666666666;-1.87745938780993
Unknown;0.3025139497210056;-0.3555555555555555;-0.4557021195357235
Unknown;0.9162616747665048;0.2695035460992908;-0.0065887704438308
Unknown;0.7355852882942341;-0.0140515222482435;0.1859405832277773
Unknown;0.2235555288894222;-0.4488888888888889;-0.5901953040799752
Unknown;0.4744305113897722;0.16;0.3221786909396152
Medium;0.119197616047679;0.3010204081632653;0.6079406694860613
Low;0.7611047779044419;-0.1063829787234042;-0.1108810099709596
Low;0.0001199976000479;0.8333333333333334;1.4275561095982852
Unknown;0.0463190736185276;0.4753246753246753;0.7165209838864124
Unknown;0.1899562008759824;0.2836879432624113;0.5647288187216433
Unknown;0.3141537169256614;0.2391304347826087;0.4458753295296309
Low;0.0162796744065118;0.5686274509803921;0.9669085078838996
Unknown;0.3305133897322053;-0.362962962962963;-0.4248385064674576
Unknown;0.0418391632167356;0.3439153439153439;0.5571987989899625
Unknown;3.999920001599968e-05;0.8680351906158358;1.7990019562606352
Unknown;0.0025999480010399;0.6326530612244898;1.5171312425527643
High;0.0576388472230555;0.3793103448275862;0.6237068821076681
Unknown;0.0001599968000639;0.7189542483660131;1.933704846485669
Unknown;0.1957960840783184;0.3617021276595745;0.5753625401524431
Unknown;0.367152656946861;-0.5185185185185185;-0.3909358762298048
Unknown;0.0389992200155996;0.4340277777777778;0.758279705796746
Unknown;0.5279094418111637;-0.226950354609929;-0.2671601821797569
Unknown;0.1338773224535509;-0.1938943894389438;-0.4831563458563788
Unknown;0.0001199976000479;0.6705882352941176;1.1139034756129584
Unknown;0.0839983200335993;0.2222222222222222;0.751262128597777
Unknown;0.24927501449971;-0.3511111111111111;-0.5586276268290948
Unknown;0.1911161776764464;0.2463768115942029;0.4830419310900634
Unknown;0.0751184976300474;-0.3945578231292517;-0.8676073076452715
Unknown;0.0004799904001919;0.7712418300653595;1.3601803948113114
Unknown;0.1484770304593908;-0.2995391705069124;-0.5935317520319315
Unknown;0.7834643307133857;-0.1304347826086956;-0.1242925173312321
Unknown;0.5974680506389872;0.0797101449275362;0.245536537698835
Unknown;0.0196396072078558;0.5047619047619047;0.8491292232379954
High;0.1683966320673586;-0.0933333333333333;-0.877048257302803
Unknown;3.999920001599968e-05;0.7407407407407407;1.6839757019175865
Unknown;0.0042399152016959;0.5;1.6453067485144537
Unknown;0.0177596448071038;-0.5362318840579711;-1.0943227939373723
Control;0.0045999080018399;0.6851063829787234;1.0395980987135258
High;0.5180696386072279;0.0766666666666666;0.2873690810615672
Unknown;0.0032399352012959;0.7222222222222222;1.3143119243920631
Unknown;0.9381812363752724;-0.0755555555555555;-0.0684588590551337
Unknown;0.0294394112117757;-0.5426356589147286;-1.045483220317956
Unknown;0.0032399352012959;-0.8755555555555555;-1.8988978281751856
Unknown;0.0003999920001599;0.8775510204081632;0.8097503434238709
Unknown;0.0779984400311993;-0.4355555555555555;-0.8958504183966314
Unknown;0.8425431491370172;-0.0034013605442176;0.0826514576830159
Unknown;0.2335553288934221;-0.4266666666666667;-0.5171644579582862
Unknown;0.3524329513409732;0.2264150943396226;0.4059214601536787
Unknown;0.1980760384792304;0.1768707482993197;0.5587242707042812
Unknown;3.999920001599968e-05;0.914179104477612;1.908371583723209
Unknown;0.0029999400011999;-0.6985815602836879;-1.4342822114382194
High;0.6660266794664107;-0.1043478260869565;-0.1455049313274223
Unknown;0.0015999680006399;0.6372093023255814;0.880592259333425
Unknown;0.9730605387892242;-0.1259259259259259;-0.0025376694873326
Unknown;0.126637467250655;-0.3809523809523809;-0.5939288163787347
Low;0.6817863642727146;-0.1975308641975308;-0.1478286032152636
High;0.4222715545689086;0.2;0.3577316159130141
Unknown;0.0017199656006879;0.7358490566037735;1.061643482812338
Low;0.0754784904301913;-0.4721549636803874;-0.8034255446736753
Low;0.0009199816003679;0.6160919540229886;1.1094728553697917
Unknown;0.5473490530189397;0.0588235294117647;0.2717664020062495
Unknown;0.0078398432031359;-0.7148148148148148;-1.2508883572777576
Control;0.0009599808003839;0.6547619047619048;1.053951485389489
Unknown;0.374792504149917;0.1629629629629629;0.3984614729337964
Unknown;0.0849583008339833;-0.5407407407407407;-0.7938763043693703
Medium;0.5853882922341553;-0.0705128205128205;0.2635037780394466
Unknown;0.9343813123737524;0.0208333333333333;-0.0169328704254879
Unknown;0.3187536249275015;-0.477124183006536;-0.4331299275196117
Unknown;0.0673586528269434;0.4019230769230769;0.6664280702413319
Unknown;0.121997560048799;0.2254098360655737;0.5729959168303094
Unknown;0.0345993080138397;0.5661375661375662;0.8515963629925916
Control;0.3159936801263974;0.2857142857142857;0.4156346657511119
Unknown;0.8528629427411452;-0.0133333333333333;0.1115375329739648
Unknown;0.0475190496190076;-0.3407407407407407;-1.013830274650406
Unknown;0.0492390152196956;-0.4577777777777778;-1.086417951062864
Unknown;0.98530029399412;-0.1985815602836879;0.1140735959791361
Unknown;0.0018399632007359;-0.680952380952381;-1.5469764623034097
Unknown;0.0379992400151997;0.3541666666666667;0.9921425035213808
Control;0.3865922681546369;-0.2105263157894736;-0.3451526335591697
Unknown;0.0024399512009759;0.6805555555555556;1.376150052266233
Unknown;0.512069758604828;-0.1666666666666666;-0.2955223415882711
Medium;0.0089998200035999;0.37409200968523;0.6874800061731524
Unknown;0.0003999920001599;-0.8695652173913043;-1.9941817855297803
Unknown;0.372552548949021;0.148051948051948;0.3599803695518326
Medium;0.0001999960000799;0.726027397260274;1.2695229221968172
Unknown;0.8229035419291614;-0.0416666666666666;-0.0739831905696965
Medium;0.0117197656046879;0.5577557755775577;0.7543904401469869
Unknown;0.0449191016179676;-0.4182389937106918;-0.932854795234106
Unknown;0.874782504349913;0.0204081632653061;-0.051804739525789
Unknown;0.4196316073678526;0.1014492753623188;0.3743764302594916
Unknown;0.368352632947341;0.0133333333333333;0.4067972055496373
Unknown;0.1797964040719185;0.2766666666666666;0.569096660871201
Unknown;0.0500389992200156;0.4769585253456221;0.7593170390351816
Unknown;0.7288254234915301;0.1148148148148148;0.1624525706072571
Medium;0.1602767944641107;-0.3002699055330634;-0.4237357597810562
Unknown;0.1385172296554069;0.1904761904761904;0.5764787898493886
Unknown;0.3395532089358213;0.6230661040787623;0.3317021944833495
Unknown;0.9749805003899922;-0.1394557823129251;0.0298330935573286
Unknown;0.6173076538469231;0.0434782608695652;-0.1935810211083771
Unknown;0.1414771704565908;-0.4577777777777778;-0.7404265241338477
Control;0.0811183776324473;0.3137254901960784;0.6857802427816643
Unknown;0.2821943561128777;-0.43;-0.4730675479096587
High;0.0020799584008319;0.7735849056603774;1.1747429836484264
Unknown;0.5328693426131478;0.2028985507246377;0.2826800540183849
Unknown;0.4265514689706206;-0.1380281690140845;-0.2574554289559829
Unknown;0.0473190536189276;0.2925170068027211;0.8837756822391946
Unknown;3.999920001599968e-05;0.8709677419354839;1.8135740124150388
Unknown;0.3357932841343173;0.3302469135802469;0.4274574041715465
Unknown;0.113397732045359;0.4691358024691358;0.6752833285980632
Unknown;0.0043999120017599;0.69;1.2183224134184074
Unknown;3.999920001599968e-05;0.9026063100137174;1.7651588318881812
Low;0.1012379752404951;0.4;0.6957383541766261
Unknown;0.0001999960000799;0.819047619047619;1.1928076163499788
Unknown;0.5076698466030679;-0.2028985507246377;-0.2848140654543993
Unknown;0.0083998320033599;-0.6304347826086957;-1.2645354349169606
Unknown;0.0624387512249755;-0.4844444444444444;-0.9873677425381856
Unknown;0.5799884002319954;0.1147540983606557;0.2373150812991893
Unknown;0.980260394792104;0.06;0.0414624504614748
High;3.999920001599968e-05;-0.9591836734693876;-3.152681572350918
Unknown;0.5786284274314514;0.4095238095238095;0.2386225263875448
Unknown;0.0098398032039359;0.4204545454545454;1.072786016706432
Unknown;0.0832783344333113;-0.3639705882352941;-0.6463459768491235
Unknown;0.0803983920321593;-0.4930555555555556;-0.9270029626563988
Low;0.0023199536009279;0.6835164835164835;1.0080164338266675
Unknown;0.0495190096198076;0.3506493506493506;0.8313663059474633
Unknown;0.2177556448871022;-0.1733333333333333;-0.5270674005848213
Unknown;0.0002399952000959;0.7845433255269321;1.4477263261342157
Unknown;0.497510049799004;0.2118055555555555;0.304216550441807
Unknown;0.2372752544949101;-0.2666666666666666;-0.5214846449310564
Unknown;0.3240735185296294;0.1428571428571428;0.3969486638663283
High;0.0680786384272314;-0.4488888888888889;-0.8803185412137295
Unknown;0.8123037539249215;-0.1543209876543209;-0.0853565788306095
Unknown;0.0737185256294874;0.3432835820895522;0.6636612814714428
Unknown;0.5759484810303794;0.1048780487804878;0.1918882830056788
Medium;3.999920001599968e-05;0.9673202614379084;2.71565083089954
Control;0.0412391752164956;0.4743589743589743;0.850894614847394
Unknown;0.0008799824003519;0.875886524822695;1.6193218989568308
Unknown;0.250394992100158;-0.2333333333333333;-0.5772703319910876
Unknown;0.379352412951741;-0.2971014492753623;-0.3764944821897528
Unknown;0.2791544169116617;-0.4311111111111111;-0.5112833807722107
Low;0.8219435611287774;-0.0414746543778801;0.1099592351661178
Unknown;0.0842383152336953;-0.5259259259259259;-0.7919815934186389
Unknown;0.0028799424011519;0.546875;1.038414356850902
Unknown;0.0213195736085278;0.674074074074074;1.0880683400781108
Unknown;0.0013599728005439;0.6666666666666666;1.504882029779702
Unknown;0.0117997640047199;0.5217391304347826;1.190018433712554
Unknown;0.0557188856222875;0.2804232804232804;0.7551227241367647
Unknown;0.0001599968000639;0.6977611940298507;1.6620113862392178
Unknown;0.0277594448111037;0.5228758169934641;0.8898098593311968
Unknown;0.0005199896002079;0.8962962962962963;1.4370039057703958
Unknown;0.1389572208555828;-0.4477124183006536;-0.685877474760538
Unknown;0.3059938801223975;-0.4347826086956521;-0.4334543988931395
Unknown;0.0003199936001279;0.7513227513227513;1.1873920413653771
Low;0.5137497250054999;0.1547619047619047;0.2929345855802557
Unknown;0.1739165216695666;-0.3819444444444444;-0.621601077098262
Unknown;0.6703865922681547;0.3478260869565217;0.162597773232937
Unknown;0.3317533649327013;-0.2311111111111111;-0.4632269256525703
Unknown;0.0424391512169756;0.4649122807017544;0.6774796133006251
Unknown;0.1593568128637427;0.3148148148148148;0.6324661815554135
Unknown;0.2200755984880302;-0.4822695035460992;-0.5759271523192951
Unknown;0.7329053418931621;0.1785714285714285;0.1755467585156678
High;0.2954340913181736;0.2515723270440251;0.4506639696148803
Unknown;0.2247155056898862;-0.0457516339869281;-0.5546396208643817
Unknown;0.5547889042219155;0.1555555555555555;0.2473499468658505
Unknown;0.249515009699806;-0.3263888888888889;-0.5045326479462906
Unknown;0.0228395432091358;-0.4805194805194805;-1.1764936830811914
Unknown;0.3138337233255335;0.2058823529411764;0.4378456727672343
Unknown;0.0221995560088798;-0.5238095238095238;-1.0325657269924935
Medium;0.6082278354432912;-0.0732558139534883;0.1926996722495136
Unknown;0.2970740585188296;-0.3037037037037037;-0.4609606113378376
Unknown;0.0024399512009759;-0.6798029556650246;-1.1027321655302358
Unknown;0.0413191736165276;0.3615384615384615;0.7876929734220313
Unknown;0.0049599008019839;0.7307692307692307;1.305618355018297
Unknown;0.5900681986360273;0.0783410138248847;0.2412523983006616
Unknown;0.0532389352212955;0.3448275862068966;0.8759611253112515
Control;0.880742385152297;0.1503267973856209;-0.0368206921645817
Unknown;0.4006719865602688;-0.2103896103896103;-0.3458875354964354
Unknown;0.0911181776364472;-0.5069444444444444;-0.7648664114573448
Unknown;7.999840003199936e-05;0.8476190476190476;1.5977037920115382
Unknown;0.0001599968000639;0.7718253968253969;1.3589866384845963
Unknown;0.5809483810323793;-0.2056737588652482;-0.2323152792304298
Low;0.0278794424111517;0.4685534591194968;0.7145970691781391
Unknown;0.2013559728805423;-0.2515723270440251;-0.5695188010866177
Control;0.8187036259274815;-0.1047619047619047;0.0791991097607632
Control;0.0075198496030079;0.3870967741935484;1.2879598783176478
Low;0.0001199976000479;0.8466947960618847;1.3772216636918315
Low;0.0485990280194396;0.3917910447761194;0.6972022716853292
Unknown;0.2819943601127977;-0.36;-0.4728756337612873
Unknown;0.0011199776004479;-0.5581395348837209;-1.2831834769433044
Unknown;0.3811523769524609;-0.1836734693877551;-0.3554593900017449
Unknown;0.2056358872822543;0.4025157232704403;0.5486238616926709
Control;0.2045959080818383;0.2391304347826087;0.5119495510040263
Unknown;0.1315973680526389;-0.4074074074074074;-0.6412497470989471
Unknown;0.0205195896082078;-0.5833333333333334;-1.056673233350908
Unknown;0.0133197336053278;0.4444444444444444;0.9832611202138002
Control;0.0017199656006879;0.6838905775075987;1.040844911450827
Unknown;0.5379492410151797;-0.2254901960784313;-0.2324107887848409
Low;0.0252794944101117;0.5158730158730159;0.7599929819101346
Unknown;0.1883962320753585;0.2346938775510204;0.4917530458282097
Unknown;0.0421991560168796;0.6226415094339622;0.7828301219370369
Unknown;0.9295814083718326;0.1477832512315271;-0.0117291937846335
Control;3.999920001599968e-05;0.9466666666666668;1.5768425725882125
Unknown;0.0003199936001279;0.8074074074074075;1.1914712910717615
Low;0.0098798024039519;0.5172413793103449;1.0649957143881772
Unknown;0.1747965040699186;0.3698979591836734;0.5460675079367447
Unknown;0.2122357552848943;0.2605177993527508;0.3800373614872312
Unknown;0.0555188896222075;-0.365079365079365;-0.7973028351432198
Unknown;0.0212395752084958;-0.625;-1.0892547259494878
Control;0.0180396392072158;0.5961538461538461;0.8130528354337496
Unknown;0.0137197256054878;-0.6363636363636364;-1.0898610644548723
Medium;0.0017199656006879;0.6571428571428571;1.2164611819297286
Unknown;0.0062398752024959;-0.7777777777777778;-1.533179023438113
Unknown;0.0001999960000799;0.5841584158415841;1.164094512875501
Unknown;0.4535509289814203;0.32;0.4021604815831889
Unknown;0.8394632107357853;0.0423280423280423;0.0846920852270385
Unknown;0.0301993960120797;0.5902777777777778;0.8984825956180427
Control;0.8639427211455771;0.1041666666666666;-0.0500799501480598
Unknown;0.1549169016619667;0.3;0.5260311799854887
Unknown;0.0101597968040639;0.457089552238806;1.0023766435389083
Unknown;0.5893882122357553;-0.1756756756756756;-0.2414844207101854
Control;0.0142397152056958;0.6730769230769231;1.0271532880781886
Medium;0.2526349473010539;0.284313725490196;0.351416433311166
Unknown;0.4213115737685246;-0.3112244897959184;-0.3037993380131835
Medium;0.2117557648847023;-0.1791044776119403;-0.484527938606506
Low;0.6550268994620108;-0.0880503144654088;-0.1750561325081518
Unknown;0.9509809803803924;-0.181159420289855;-0.0106507376922483
Unknown;0.0337193256134877;0.5905797101449275;0.9048369119127168
Unknown;0.0004399912001759;0.6363636363636364;1.1937024569551344
Medium;0.1843963120737585;0.2866666666666667;0.5792282965758335
Unknown;0.1681166376672466;-0.2779220779220779;-0.5659229425732809
Unknown;0.0307993840123197;-0.6444444444444445;-1.063136301323716
Unknown;0.7992240155196896;0.1823899371069182;0.1157131095351338
Unknown;0.0005199896002079;-0.7301587301587301;-1.4415002378654698
Low;0.0002799944001119;0.8080357142857143;1.1600488551606536
Low;0.0294394112117757;0.5166666666666667;0.9008826456052332
High;0.3381132377352453;0.2795698924731182;0.4442078536229551
Unknown;0.6954260914781705;-0.0068027210884353;-0.1467892652038615
Unknown;0.0120797584048319;-0.8222222222222222;-1.3076103158554042
Unknown;0.0071998560028799;0.5481481481481482;1.3533201574844995
Unknown;0.0008399832003359;0.7047619047619048;1.2403865188256922
Unknown;7.999840003199936e-05;0.7818181818181819;1.501435373705337
Unknown;0.0196396072078558;0.3793650793650793;0.6641913824327279
Unknown;0.0783584328313433;-0.4609929078014184;-0.8479381348472227
Low;0.0003999920001599;0.6866197183098591;1.1854707175478651
Unknown;0.3250334993300134;0.1940298507462686;0.3725162077013013
Medium;3.999920001599968e-05;0.954045954045954;2.0778540520320066
Unknown;0.4791504169916601;0.1224489795918367;0.3083640169569143
Unknown;0.3640727185456291;0.3452380952380952;0.4145168510302543
Unknown;0.240995180096398;0.1502463054187192;0.4805121766269287
Unknown;0.8989420211595768;0.0222222222222222;-0.0751073029564358
Unknown;0.3325133497330053;0.3544973544973545;0.397023651189952
Unknown;0.6371072578548429;0.1041666666666666;0.2131797148801944
Unknown;0.9010219795604087;-0.2127659574468085;-0.0270251564719077
Unknown;0.495110097798044;-0.164021164021164;-0.2575693503246083
Unknown;0.0063998720025599;0.6598639455782312;1.2038578176073398
Unknown;0.7203855922881542;-0.2666666666666666;-0.1402192077759426
Unknown;0.0051198976020479;-0.6088888888888889;-1.5422661176849828
Unknown;0.1969160616787664;-0.320754716981132;-0.5335053060411236
Unknown;0.0085998280034399;0.6190476190476191;0.8467769786317055
Control;0.0205595888082238;0.475;0.8226766652972802
Unknown;0.491630167396652;0.2407407407407407;0.3095079222205798
Control;0.4181516369672606;0.0628930817610062;0.369944089728008
Unknown;0.0206395872082558;0.5590277777777778;0.8060912414050441
Unknown;0.0383192336153276;0.3034482758620689;0.7164931826749741
Unknown;0.7616647667046659;-0.0441558441558441;-0.1309268830688044
Unknown;0.1854362912741745;0.3404255319148936;0.592679071856787
Medium;0.0272794544109117;0.5255102040816326;0.6890414810652112
Unknown;0.0682386352272954;-0.5347222222222222;-0.8185283311968252
Control;0.0223195536089278;0.455026455026455;0.7886438845226359
Unknown;0.0918381632367352;0.4122807017543859;0.736653984649984
Unknown;0.2051958960820783;0.3433333333333333;0.512813716536761
Unknown;0.0014399712005759;0.6961451247165533;1.26396974662911
Low;0.8613427731445371;-0.2888888888888888;-0.003964956422141
Unknown;0.0420791584168316;-0.4636591478696741;-0.8116010635946387
Unknown;0.5840283194336113;-0.0492610837438423;-0.2079856313381011
Control;0.0059998800023999;0.6879432624113475;1.0122040805233088
Low;0.0299594008119837;0.5060532687651331;0.8329211671381531
Low;3.999920001599968e-05;0.819047619047619;1.3136770571903205
Unknown;0.979340413191736;0.1037549407114624;-0.0353239191256901
Low;0.7928641427171457;0.1645569620253164;0.1008383471223957
Unknown;0.0019999600007999;0.6909090909090909;1.2265606890129763
Unknown;0.8351032979340414;-0.1466666666666666;0.0860318398546713
Unknown;0.6111477770444591;0.2258064516129032;0.2461701034521987
Control;3.999920001599968e-05;0.7302697302697303;1.2098094875591217
Unknown;0.2856742865142697;-0.24;-0.4702690812850143
Unknown;0.7541049179016419;0.0852713178294573;0.1411796085435757
Control;0.0751184976300474;0.41015625;0.6622266259441394
Unknown;0.0229995400091998;0.4969135802469135;0.9036121932002976
Unknown;0.1875562488750225;0.4420289855072464;0.5519572578110687
Low;0.5471090578188437;0.2624113475177305;0.2404558528990212
Unknown;0.0430791384172316;0.5170068027210885;0.8257952282011473
Unknown;0.6679866402671947;0.0666666666666666;-0.1406669708966762
Unknown;0.0498790024199516;0.3857142857142857;0.6593925580299802
Unknown;0.0122397552048959;0.5569007263922519;1.0200942073860746
Unknown;0.0811583768324633;-0.4861111111111111;-0.8320445684505269
Unknown;0.1561968760624787;-0.3076923076923077;-0.5956368076538517
Medium;0.1708765824683506;0.3244444444444444;0.6507118986671191
Unknown;0.9205815883682328;-0.1111111111111111;0.0494750518881925
Unknown;0.0203195936081278;-0.6177777777777778;-1.2413434739349676
Unknown;0.1368372632547349;0.1774193548387097;0.5591367742677164
Unknown;0.8657826843463131;-0.2179487179487179;-0.0443484244287903
Unknown;0.0166796664066718;0.5815602836879432;1.0159445426246307
Control;0.0005599888002239;0.6757246376811594;1.3088709136481014
Unknown;0.0777184456310873;0.3866666666666666;0.7257961994296654
Unknown;0.626307473850523;-0.1466666666666666;-0.2334298552524303
High;0.0272394552108957;0.5012531328320802;0.8610446274104209
Unknown;0.0254394912101757;0.7037037037037037;1.0020271513394334
Control;0.0029999400011999;0.6521739130434783;1.2339771512713298
Unknown;0.7110657786844263;0.0185185185185185;0.1772324097893901
Unknown;0.0572388552228955;0.335;0.6266470413722746
Unknown;0.7272654546909062;-0.26;-0.1139536578503636
Unknown;0.7708645827083458;0.1670702179176755;0.1532842271092253
Unknown;0.2300753984920301;0.2046204620462046;0.3674467111069178
Unknown;0.0239595208095838;-0.3609022556390977;-1.0485026557559105
Control;0.0018799624007519;0.725925925925926;1.156890416328229
Unknown;0.0019199616007679;0.6505376344086021;1.019427409565926
Unknown;0.1836363272734545;0.4545454545454545;0.4935311766679349
Unknown;0.0228395432091358;0.4784580498866213;0.7918426654977833
Control;0.0001199976000479;0.7833333333333333;1.023501950894476
Unknown;0.0427991440171196;0.4753246753246753;0.781152253066518
Unknown;0.1745965080698386;0.4149659863945578;0.5604102602285425
Unknown;0.2385152296954061;0.2482269503546099;0.5190186663527419
Medium;0.746865062698746;-0.0915032679738562;-0.1245599179101932
Unknown;0.7783844323113538;-0.0492610837438423;-0.1071235828047164
Unknown;0.630507389852203;0.3054187192118227;0.1811456304614043
Unknown;0.8191036179276414;-0.1995073891625615;-0.0760027769368411
High;0.1339173216535669;0.2789115646258503;0.6459571202695907
Unknown;0.4249915001699966;0.0755555555555555;0.2816617664302953
Unknown;0.8995420091598169;0.0628930817610062;-0.042534429712532
Unknown;0.0979180416391672;-0.4285714285714285;-0.694605917417058
Unknown;0.0095598088038239;-0.4334975369458128;-1.3167183320125415
Unknown;0.8597428051438971;-0.0816326530612244;0.1135664868381276
Unknown;0.2619547609047819;0.2893081761006289;0.4841098337174477
Control;0.0954780904381912;0.3634085213032581;0.6025763388087794
Unknown;0.0661586768264634;0.4476190476190476;0.7907590147290898
Unknown;0.5677086458270835;-0.3687943262411347;-0.2595357754050477
Unknown;0.2720745585088298;0.3623188405797101;0.4843052483238769
Unknown;0.4029519409611807;-0.048076923076923;-0.3628549091283031
Unknown;0.3831923361532769;0.4577777777777778;0.3606813156057197
Unknown;0.3606327873442531;0.1174418604651162;0.3175799865651401
Unknown;0.0040399192016159;0.7163120567375887;1.3009015068118182
Unknown;0.0721185576288474;0.360655737704918;0.7215528743277466
Unknown;0.0776384472310553;0.5738498789346247;0.7999455612113594
Unknown;0.1591968160636787;-0.4518518518518518;-0.6487995337823262
Unknown;0.1416371672566548;-0.4052287581699346;-0.6771023510979247
Unknown;0.3831523369532609;-0.4044444444444444;-0.409865569990247
High;0.2833143337133257;-0.2246376811594203;-0.4688559589004908
Unknown;0.0008399832003359;0.7358490566037735;1.4269507583099283
Unknown;0.9084218315633688;-0.1927083333333333;-0.0262776891331884
Unknown;0.6721065578688427;0.0750605326876513;0.1536198245893394
Control;0.4576708465830683;0.5714285714285714;0.3312215722145173
Unknown;0.0548789024219515;-0.524822695035461;-0.8930376696796597
Unknown;0.0001599968000639;0.6285516285516286;0.9268653746065671
Unknown;0.0005599888002239;0.7131782945736435;1.6683109217750711
Unknown;7.999840003199936e-05;0.8441558441558441;1.795996007341231
Unknown;0.244835103297934;-0.2765957446808511;-0.5210561582241751
Unknown;0.0002399952000959;0.7791666666666667;1.476419524736556
Low;0.0007999840003199;0.7046004842615012;1.1717750968556722
Unknown;0.7843843123137537;0.0529953917050691;-0.1695927781473626
Low;0.0171596568068638;0.6507936507936508;1.119977755898192
Unknown;0.498230035399292;-0.3049645390070922;0.212166672287594
Unknown;7.999840003199936e-05;0.8380952380952381;1.601795544813265
Unknown;0.1385972280554389;-0.1376811594202898;-0.6704906805612543
Unknown;0.6660666786664267;-0.2179487179487179;-0.1685077024350554
Unknown;0.0876382472350553;0.437037037037037;0.7246513657016257
Low;0.0066398672026559;0.6284722222222222;1.0801130001999786
Unknown;0.2842343153136937;-0.2681159420289855;-0.4690908332203105
Low;0.0778384432311353;0.3972222222222222;0.6009209021392121
Unknown;0.0972780544389112;-0.4814814814814814;-0.7298618702607748
Unknown;0.0347593048139037;-0.5289855072463768;-0.933346337880824
Low;0.739505209895802;-0.2307692307692307;-0.089919166385462
Unknown;0.0028399432011359;0.6882716049382716;1.1726353262179168
Control;0.0001199976000479;0.7198879551820728;1.5370748108046035
Unknown;7.999840003199936e-05;0.8246268656716418;1.649954386471
Unknown;0.4860302793944121;0.0736842105263157;0.2335922252605931
Control;0.1735965280694386;0.3809523809523809;0.5684585707868164
Unknown;0.1302773944521109;-0.3840579710144927;-0.6752013887500627
Unknown;0.7611847763044739;0.3503401360544217;-0.0701827626982866
Unknown;0.2907141857162856;0.0861678004535147;0.4175554187758296
Unknown;0.0628387432251355;-0.4740740740740741;-0.9076607265911784
Control;0.1537969240615187;-0.3466666666666667;-0.6352403705592435
Unknown;0.0873982520349593;0.4652777777777778;0.8221568203353696
Unknown;0.0003199936001279;0.8648648648648649;1.090997031888664
Unknown;0.1901161976760464;0.3333333333333333;0.543845914506904
Unknown;0.6430271394572109;-0.0486111111111111;-0.2309708239703867
Unknown;0.0971180576388472;-0.4542483660130719;-0.8165683073319971
Unknown;0.0011999760004799;0.6896551724137931;1.4199093453214946
Unknown;0.120077598448031;0.4755555555555555;0.800961398650338
Unknown;0.8160636787264255;-0.01;0.1183221831928956
Unknown;0.490830183396332;-0.2814814814814815;-0.2814871571824137
Unknown;0.7219455610887783;-0.0212765957446808;0.1820472460276196
Unknown;0.1838763224735505;0.3389830508474576;0.5443706904423014
Unknown;0.5327093458130837;0.0264550264550264;0.2716612595863826
Unknown;0.4467910641787164;0.0526315789473684;0.348521697942317
Low;0.5896103896103896;0.2982456140350877;-0.2531174247090695
Low;0.0619187616247675;0.3075060532687651;0.6892841068294445
Unknown;0.0014399712005759;0.6872427983539094;1.1015696129377923
Unknown;0.0016799664006719;0.6997578692493946;1.3106596250287446
Control;0.0186796264074718;0.4363636363636363;1.0482754589256305
Control;0.0590388192236155;0.4721549636803874;0.8659378511947884
Unknown;0.8070238595228095;0.0653753026634382;0.1083593490224052
Low;0.0003999920001599;0.7028985507246377;1.16627662976597
Unknown;0.0005599888002239;0.7361111111111112;1.195927947839581
High;0.0003999920001599;0.812987012987013;1.2630464126386256
Unknown;0.1489970200595988;0.2418300653594771;0.6613573103935996
Unknown;0.0237995240095198;-0.6163522012578616;-1.0637804680697045
Unknown;0.5159896802063959;0.025390625;0.260098086258763
Unknown;0.0223595528089438;0.5597189695550351;0.9744341035261704
Unknown;0.0001199976000479;0.8368055555555556;1.885866022709484
Unknown;0.503109937801244;0.1701388888888889;0.2967495283443525
Unknown;0.4981684981684982;-0.32;-0.3734552068200251
Unknown;0.0579988400231995;0.6142857142857143;0.7497733441742391
Unknown;0.0385992280154396;-0.5576923076923077;-0.9794737230330562
Unknown;0.7007859842803144;-0.2058111380145278;0.1572718445367932
Unknown;0.0031199376012479;-0.6419753086419753;-1.3024860621702377
Unknown;0.8836623267534649;0.216589861751152;0.0827476326827344
Medium;0.1800763984720305;-0.3066666666666666;-0.6429153958582995
Unknown;0.8188236235275295;-0.0070921985815602;0.1315596927312598
High;0.0195596088078238;0.5138888888888888;0.8165727229386605
Unknown;0.0458790824183516;0.2526636225266362;0.6821409723902363
Unknown;3.999920001599968e-05;0.9228395061728396;1.6061625710324725
Unknown;0.0006799864002719;0.6146272855133614;1.1110834317341307
Unknown;0.2883142337153257;-0.2575757575757575;-0.5877916061395976
Unknown;0.9249015019699606;-0.1565217391304348;-0.0281135881696984
Unknown;0.0105197896042079;0.5961538461538461;1.365284960778271
Unknown;0.6045879082418352;-0.0413105413105413;0.2028926207155593
Unknown;0.0427991440171196;-0.6159420289855072;-1.0000946205268944
Unknown;0.0002399952000959;-0.7767295597484277;-1.1037282361220906
Unknown;0.0727185456290874;-0.5911111111111111;-0.9161540318109522
Unknown;0.0037599248015039;0.5736961451247166;1.1436449290297248
Unknown;0.4310713785724285;0.3541666666666667;0.3140792854791072
Unknown;0.0305193896122077;0.5818181818181818;1.0695236047214645
Unknown;0.8915421691566169;0.0638297872340425;0.058288095287879
Control;0.0301993960120797;-0.5764411027568922;-0.9589987896753204
Unknown;0.0361592768144637;-0.4384057971014493;-0.8148377369810079
Unknown;3.999920001599968e-05;0.9135802469135802;1.8396790647114056
Unknown;0.0445591088178236;0.4192592592592593;0.6714034969657858
Unknown;0.4201115977680446;-0.2028985507246377;-0.3662386597347027
Unknown;0.5667086658266834;-0.0496453900709219;-0.2259132611598223
Unknown;0.0105997880042399;-0.5408163265306123;-1.124822335980436
Control;0.0001599968000639;0.8194444444444444;1.0570064061402051
Unknown;0.124677506449871;-0.4085213032581453;-0.6463564050170151
Unknown;0.8578228435431291;0.125;0.0737048395221741
Unknown;0.5952380952380952;0.3333333333333333;0.409195487480624
Unknown;0.5419491610167797;-0.3407407407407407;-0.2596476939011733
Unknown;0.3577928441431171;0.1195652173913043;0.4090529382652008
Unknown;0.1881562368752625;-0.3066666666666666;-0.6469759584345645
Unknown;0.0410791784164316;0.4686716791979949;0.7661775002789086
Unknown;0.1051578968420631;0.2118226600985221;0.8950312646533832
Unknown;0.0446391072178556;0.4807692307692308;0.8182924716376165
Unknown;0.2371952560948781;-0.3647798742138364;-0.5088233895360647
Unknown;0.1809163816723665;-0.4027777777777778;-0.6244130948637433
Unknown;0.4520309593808124;-0.4444444444444444;-0.3077081866694126
Unknown;0.2159156816863662;-0.3155555555555555;-0.6095962359279422
High;0.8562228755424891;-0.0065359477124183;0.0991100930300763
Unknown;0.0183196336073278;0.5641025641025641;0.818740372063832
Unknown;0.0143197136057278;0.3404255319148936;1.2794279822033197
Unknown;0.0060798784024319;0.5617283950617284;0.9608860109545956
Unknown;3.999920001599968e-05;0.7291666666666666;1.3368005964810303
Unknown;0.1639567208655827;0.3966666666666666;0.4991318199245488
Control;0.2367952640947181;0.2233766233766233;0.3812888927424886
Control;3.999920001599968e-05;0.8738095238095238;1.5751625995191485
Low;0.243755124897502;-0.2533333333333333;-0.5739363343409274
Unknown;0.5530289394212116;0.2066666666666666;0.2441845134599333
Unknown;0.5924281514369713;0.2133333333333333;0.2496556609045629
Unknown;0.0027199456010879;0.6137566137566137;1.4488714068179158
Unknown;0.5821083578328433;0.1484375;0.2086694276983304
Unknown;0.0803983920321593;0.303030303030303;0.5381602688558629
Unknown;0.4221515569688606;-0.2592592592592592;-0.356512972949707
Unknown;0.0459590808183836;0.3393939393939394;0.612697376650448
Unknown;0.1865562688746225;-0.3081761006289308;-0.5942557353788477
Unknown;0.6629067418651627;-0.2765957446808511;-0.1800989354847675
Control;0.0545189096218075;0.6477987421383647;0.8460360716399477
Unknown;0.0002399952000959;-0.669921875;-1.7207263174096783
Unknown;0.2851942961140777;-0.1875;-0.403455925066291
Unknown;0.6912661746765064;0.2287581699346405;0.1965566412570505
Unknown;0.0009599808003839;0.6666666666666666;1.2540092644659278
Unknown;0.0071198576028479;0.5176056338028169;1.0431272407471388
Unknown;0.1403971920561589;-0.2177777777777777;-0.7161330529077867
Unknown;0.8925821483570329;-0.0192307692307692;0.0703039796546216
Unknown;0.8978220435591289;0.0440251572327044;0.0805293145872729
Unknown;0.0419591608167836;0.5222222222222223;0.7183521440474037
Control;0.123437531249375;-0.4721549636803874;-0.6697438191560494
Medium;0.0305993880122397;0.4038461538461538;0.9722352440128084
High;0.5649087018259635;0.1518518518518518;0.2558757994541579
Unknown;0.0203195936081278;0.4446428571428571;0.826899203959264
Unknown;0.6291074178516429;0.0070921985815602;-0.1767767996211605
Unknown;0.0075998480030399;0.7244444444444444;1.255404929719916
Unknown;0.1052378952420951;-0.3766233766233766;-0.6586542918501554
Unknown;0.0177596448071038;0.5344202898550725;0.8301658523501201
Unknown;0.997420051598968;-0.0416666666666666;0.0115266386457872
Unknown;3.999920001599968e-05;0.7242757242757243;1.104564191513025
Medium;7.999840003199936e-05;0.8892857142857142;1.3853818845663517
Unknown;0.2124357512849743;-0.1895424836601307;-0.5557103484713946
Unknown;0.3543129137417252;0.2992957746478873;0.3466830128363772
Unknown;0.2603147937041259;0.1644444444444444;0.5266314423924034
Low;0.9143817123657528;-0.1132075471698113;0.0892023950135337
High;0.0188796224075518;0.4855072463768116;1.1389336386181173
Unknown;0.0034799304013919;0.689795918367347;1.225228066145018
Low;0.0299994000119997;0.4826388888888889;0.7598027008081809
Unknown;0.0055598888022239;0.9532467532467532;1.319223155111238
Unknown;0.0887182256354872;0.3012820512820512;0.7136098435057865
Unknown;0.5839083218335633;0.1602564102564102;0.2540397104157477
Unknown;0.0538389232215355;0.5111111111111111;0.8677380076849278
Unknown;0.0001999960000799;0.8592592592592593;1.6991333010258134
Unknown;0.1431971360572788;-0.4320987654320987;-0.6456760404901157
Unknown;0.0034399312013759;-0.6666666666666666;-1.389866600219446
Unknown;0.3845123097538049;-0.2169312169312169;-0.3510211101715659
Unknown;0.0083598328033439;-0.6444444444444445;-1.3329361677112994
Unknown;0.0239995200095998;0.445;0.7410777279424088
Unknown;0.2655946881062379;-0.4311111111111111;-0.518698014926117
Low;0.0197596048079038;0.4897959183673469;0.9260211977228312
Unknown;0.4334713305733885;0.1912798874824191;0.2706600124786196
Unknown;0.864502709945801;0.0034722222222222;0.0892663794123295
Unknown;0.1793564128717425;-0.3703703703703703;-0.6056946167861618
Unknown;0.0441591168176636;0.4257703081232493;0.7519740192964385
Unknown;0.2337553248935021;0.265993265993266;0.4251133615349563
Unknown;0.0007599848003039;-0.7925925925925926;-1.5344907519760609
Low;0.3915521689566208;0.0960187353629976;0.3534856411999864
Unknown;0.0198796024079518;-0.6622222222222223;-1.158518156252587
Unknown;0.0057598848023039;0.6233333333333333;1.1619096794060375
Unknown;0.1645967080658386;-0.5070921985815603;-0.644082720366342
Unknown;0.4232315353692926;0.2127659574468085;0.3550804192536682
Unknown;0.0073598528029439;0.4962962962962963;0.7932767732445709
Unknown;3.999920001599968e-05;0.8649350649350649;1.5169322341154552
Control;0.0135597288054238;0.6444444444444445;1.0251861785332788
Unknown;0.8009439811203776;-0.0068027210884353;-0.0877492794698316
Unknown;0.0953580928381432;-0.1746987951807229;-0.5812091348884784
Low;7.999840003199936e-05;0.8731884057971014;2.069634101569415
Unknown;0.1595968080638387;0.2368421052631578;0.4911522737681171
Unknown;0.1903561928761424;0.3560606060606061;0.5850301162980955
Unknown;0.3448331033379332;-0.125;-0.4090148670707889
High;0.0007999840003199;0.7672955974842768;1.2893067064281294
Unknown;3.999920001599968e-05;0.94140625;1.6574361204959744
Unknown;0.0909181816363672;-0.4927536231884058;-0.7971053711135766
Unknown;0.5506289874202516;-0.2244897959183673;-0.218793669817448
Unknown;0.0002799944001119;-0.8913043478260869;-1.859337014932668
High;0.1705165896682066;0.3244444444444444;0.4796291060051152
Unknown;0.1681966360672786;-0.4518518518518518;-0.6378654617947529
Unknown;0.0004399912001759;0.7339901477832512;1.3218612634777982
Unknown;0.0063598728025439;0.5157384987893463;1.2095691850084702
Unknown;0.0104397912041759;-0.624113475177305;-1.1511397689250833
Unknown;0.241115177696446;0.3214285714285714;0.4624780599202036
Unknown;0.5080298394032119;-0.1736111111111111;-0.2692577853875632
Unknown;0.0527989440211195;0.56;0.7563351495410858
Control;0.5293894122117557;0.3957845433255269;0.2692657768894732
Unknown;3.999920001599968e-05;0.9404019404019404;2.117319376408632
Unknown;0.6810263794724105;-0.0833333333333333;-0.1799041612197296
Unknown;0.0185596288074238;0.5132275132275133;0.9389921004096412
Unknown;0.0216395672086558;-0.6133333333333333;-1.042797320578515
Unknown;0.9286614267714646;0.0072463768115942;0.0744680099756761
Unknown;0.0001199976000479;0.8059299191374663;1.7090322556730717
Unknown;0.619067618647627;-0.0246913580246913;-0.2157011808997362
Low;0.249915001699966;0.2352941176470588;0.4612657724122185
Unknown;0.5416291674166517;0.109090909090909;0.2963287391629461
Unknown;0.0004799904001919;-0.8533333333333334;-1.836609306179701
Unknown;0.255634887302254;-0.3398692810457516;-0.502234991315252
Unknown;0.0907581848363032;0.7098765432098766;0.7833316400206908
Unknown;0.0069198616027679;-0.7375886524822695;-1.2632829834324435
Unknown;0.4867502649947001;0.1376811594202898;0.3088644862714888
High;0.0086798264034719;0.5690072639225182;1.0715250405899237
Unknown;0.4541909161816763;-0.0666666666666666;-0.2411210001908676
Control;0.7696246075078499;0.4294871794871794;0.1648444990877566
Unknown;0.5198696026079478;-0.2695035460992908;-0.2637956747282562
Unknown;0.0007199856002879;0.7907801418439716;1.1204769815606668
Unknown;0.7569448611027779;0.0426065162907268;0.1323897960969528
Unknown;0.1053578928421431;0.3583959899749373;0.6151034969119247
Unknown;0.4806703865922681;0.2888888888888888;0.3542632121613278
Unknown;0.1953560928781424;-0.4042553191489361;-0.6006461039023427
Unknown;0.0331593368132637;0.3673469387755102;1.0012282742895895
Unknown;0.8579828403431932;0.3170731707317073;0.1084669633435258
High;0.0030399392012159;0.6403940886699507;1.1535435913111345
Unknown;0.2815943681126377;-0.0136054421768707;0.4407875956537729
High;0.241555168896622;-0.3546099290780142;-0.5204287034173857
Unknown;0.0572388552228955;0.2839506172839506;0.669645418752717
Unknown;0.0063998720025599;0.6727272727272727;0.878968137411177
Control;0.1127177456450871;0.3012820512820512;0.6495013707456525
Unknown;0.0066398672026559;-0.6977777777777778;-1.3378743971461602
Unknown;0.5918681626367472;0.0571428571428571;-0.2033458944719618
Unknown;0.9034219315613689;0.1377551020408163;0.0423363516127703
Unknown;0.5889882202355953;-0.2361111111111111;-0.2343070990983391
Unknown;0.0088398232035359;0.3562091503267974;1.079837360166252
Unknown;0.0205595888082238;0.5767195767195767;0.9908980040362996
Unknown;0.4273914521709566;-0.1788617886178861;-0.3546825642979619
Unknown;0.0032399352012959;0.459552495697074;0.8569079750605767
Unknown;0.2880742385152297;0.2;0.5033901097337932
High;0.0039999200015999;0.564327485380117;0.9058444735010251
Control;0.2744745105097898;0.2716049382716049;0.4741329994280213
Unknown;0.2563148737025259;0.3709273182957393;0.4564206495476079
Unknown;0.115797684046319;0.4102564102564102;0.6730368517314445
Low;0.0429591408171836;0.2482269503546099;0.6748898356119298
Unknown;0.2975540489190216;0.2266666666666666;0.4961384704509101
Unknown;0.116877662446751;-0.5666666666666667;-0.7275246464831238
Unknown;0.8179036419271615;-0.0065359477124183;0.1027822065567932
Unknown;0.119757604847903;0.0333333333333333;0.8359080746396711
Unknown;3.999920001599968e-05;0.7764060356652949;1.324887112109176
Control;0.0003999920001599;0.6349206349206349;0.9721503847912992
Unknown;3.999920001599968e-05;0.7119628339140535;1.2460525696461966
Low;0.24007519849603;0.3227272727272727;0.3855551093703145
Unknown;0.0012799744005119;0.6173469387755102;1.5054390538601494
Unknown;0.250114997700046;0.2765957446808511;0.4977385607068868
Unknown;0.3615127697446051;-0.3829787234042553;-0.3939200591390228
Low;0.0003999920001599;0.7377049180327869;0.9932126187321108
Unknown;0.0145997080058398;0.6190476190476191;0.8848919695783867
Unknown;0.0064398712025759;-0.674074074074074;-1.2749869813229011
Unknown;0.3389932201355973;-0.2307692307692307;-0.419956182993598
Unknown;0.0033199336013279;-0.5;-1.2422819579889546
Unknown;3.999920001599968e-05;-0.9361702127659576;-2.374091953558757
Low;0.3537529249415012;0.2246376811594203;0.4103040007455095
Unknown;0.7095058098838023;0.0103703703703703;0.1539128768018443
Unknown;0.0082798344033119;-0.4712643678160919;-0.9564528183332848
Unknown;0.8929421411571768;-0.0755555555555555;-0.0161222844864102
Unknown;0.6933861322773545;0.1173469387755102;0.133067108450334
Unknown;0.3971520569588608;0.1646090534979424;0.2884645642749102
Unknown;3.999920001599968e-05;0.9607843137254902;1.9005021508000044
Unknown;0.0095998080038399;0.6551724137931034;0.9558117251604936
Control;0.0033999320013599;0.7628205128205128;1.1563809222361594
Unknown;0.0701185976280474;-0.3492063492063492;-0.7671451733164253
Unknown;0.0002399952000959;-0.7052154195011338;-1.6719111569559273
Unknown;0.0507189856202875;0.5723270440251572;0.7713915691672725
Unknown;0.2855142897142057;-0.3511111111111111;-0.5055859482401284
Unknown;0.113997720045599;0.4230769230769231;0.6866391113695548
Unknown;0.0009199816003679;0.6984126984126984;1.3086640176167197
Unknown;0.0006399872002559;0.7397959183673469;1.6653933540735166
Unknown;0.0017999640007199;0.5969387755102041;1.3721687614449896
Unknown;0.0179996400071998;0.595679012345679;0.949471284305222
Control;0.0006799864002719;0.6507936507936508;1.174184895309688
Unknown;0.0025599488010239;-0.7333333333333333;-1.4997679770586891
Unknown;0.991780164396712;-0.0462962962962962;0.0277662613645005
Unknown;0.0291994160116797;0.4839302112029385;0.6802406193426602
Unknown;0.0004399912001759;0.7681159420289855;1.7009149113397186
Unknown;0.0464390712185756;-0.5822222222222222;-0.886530349586513
Unknown;0.0049999000019999;-0.837037037037037;-1.5774490165024706
Unknown;0.9093818123637528;-0.0243055555555555;-0.0787801859058533
Medium;0.4280714385712286;0.0709219858156028;0.3456827155397381
Medium;0.0371592568148637;0.5128205128205128;0.7556663194197815
Unknown;0.0137597248055038;0.5123456790123457;1.0559649691740551
Control;0.5192296154076919;-0.1437908496732026;-0.2399713810186554
Control;3.999920001599968e-05;0.9685534591194968;1.5647105537460175
Unknown;0.0887182256354872;0.3125;0.5705870994844556
Unknown;0.0137597248055038;0.5024437927663734;0.7355078956509115
Medium;0.0159196816063678;0.4847775175644028;0.9403516950685674
Unknown;0.0063198736025279;0.5792207792207792;1.1517944752823206
Unknown;0.0034799304013919;0.5414634146341464;0.8282683314638599
Unknown;0.0847583048339033;0.32;0.838069978428224
Unknown;0.8492230155396892;-0.1066666666666666;-0.073181888125754
Unknown;0.869302613947721;0.1214285714285714;-0.029351780566864
Control;0.1499970000599988;0.2807881773399014;0.5639285243905344
Unknown;0.0003999920001599;-0.822463768115942;-1.960020087261418
Unknown;0.0237595248095038;0.4528985507246377;0.8409106520658792
Unknown;0.7176256474870503;0.2179487179487179;0.1797468665617937
Unknown;0.0117597648047039;0.5520833333333334;1.440022707232827
Unknown;0.6789464210715785;-0.0025974025974025;0.193868356573236
Unknown;0.3249135017299654;0.24;0.4306330552006571
Unknown;0.1509569808603827;0.5850340136054422;0.6607547693615091
Unknown;0.8851422971540569;-0.0158730158730158;0.0667681070057772
Unknown;0.2658102766798419;0.365079365079365;0.705625033826036
Control;0.0271594568108637;0.4739803094233474;0.8116301707108899
Unknown;0.5577888442231156;0.0304878048780487;0.219986495676076
Unknown;0.0057998840023199;0.8148148148148148;1.146089767209624
Unknown;0.0565188696226075;-0.5288888888888889;-1.0683104535675576
Unknown;0.3923921521569569;0.0317164179104477;-0.3170391245638138
Unknown;0.0162396752064958;-0.6956521739130435;-1.2442173175842168
Unknown;0.0065198696026079;-0.5733333333333334;-1.561534004394486
Unknown;0.1060778784424311;0.5673758865248227;0.7190558409669475
Unknown;0.2786744265114698;0.2484276729559748;0.4721501163892022
Unknown;0.246915061698766;0.3085106382978723;0.443897378202111
Unknown;0.0006799864002719;-0.8174603174603174;-1.6546854011668266
Unknown;0.1393572128557428;-0.44;-0.7236263468340627
Unknown;0.8432631347373053;0.1636363636363636;0.1066405768834243
Low;0.4713505729885402;0.2152777777777778;0.3032225359284751
Unknown;0.2531949361012779;0.2466666666666666;0.4999825303241048
High;7.999840003199936e-05;0.8910256410256411;1.5417847137252958
Unknown;0.6272674546509069;0.0962962962962963;0.2512591141847042
Unknown;0.0560388792224155;0.4814814814814814;0.8222465537999218
Unknown;0.248435031299374;-0.3514492753623188;-0.5127020408945191
High;0.116517669646607;0.4012345679012346;0.6690849879035248
Unknown;0.0685586288274234;-0.4379084967320261;-0.8559680799099082
Unknown;0.4323113537729245;0.2067901234567901;0.3441473530997204
Unknown;0.9801003979920402;0.0567375886524822;0.0317085852001783
Medium;0.3979520409591808;-0.2711111111111111;0.3278894926723201
Unknown;0.999580008399832;0.0389610389610389;0.0400929296177053
Unknown;0.0601987960240795;0.680952380952381;0.7021307317412249
Unknown;0.6275074498510029;0.0865384615384615;0.1912432250912059
Unknown;3.999920001599968e-05;0.9115384615384616;1.774792060061582
Unknown;0.0235195296094078;0.6918238993710691;1.093219114416211
High;0.1584768304633907;0.3386243386243386;0.5792111423090682
Unknown;0.0554388912221755;0.4411764705882353;0.8295721558680804
Unknown;0.2379952400951981;-0.2771739130434782;-0.4496559908401649
Unknown;0.239915201695966;-0.2371794871794871;-0.5003160179605496
Unknown;0.0077998440031199;0.6602564102564102;1.1380539151304927
Control;0.1913961720765584;0.3532467532467532;0.5305644594840072
Unknown;0.0001599968000639;0.7614457831325301;1.2902301454065987
Unknown;0.0253194936101277;-0.7296296296296296;-1.215972279353869
High;0.4233915321693566;0.2518518518518518;0.3259959168786748
Unknown;0.5761484770304593;-0.1851851851851851;-0.2367298574808335
Unknown;0.0018799624007519;0.6613756613756614;1.072720552585502
Unknown;3.999920001599968e-05;0.7662650602409639;1.2661995368672874
Unknown;0.6666666666666666;0.5;0.4954098083773982
Unknown;0.0145597088058238;-0.4466666666666666;-1.1366571782879131
Unknown;0.0039199216015679;0.5058027079303675;0.8051318025335948
Unknown;0.625667486650267;0.1666666666666666;0.2080270244110472
Unknown;0.8968620627587448;0.0666666666666666;0.0670341917735059
Medium;3.999920001599968e-05;0.8875878220140515;1.994385198175193
Unknown;3.999920001599968e-05;0.7532679738562091;1.2524123328979513
Medium;0.0114397712045759;0.5711111111111111;0.8674304954279646
Unknown;0.0070798584028319;0.5918367346938775;0.904601238326147
Unknown;0.1598768024639507;-0.0136054421768707;-0.6817242971889153
Unknown;0.0185196296074078;0.3797752808988764;0.8924517536345988
Unknown;0.0001199976000479;0.875968992248062;1.7544367259733138
Unknown;0.7089858202835944;-0.0942367601246105;-0.1103069953569886
Unknown;0.9284214315713686;-0.2088888888888889;-0.0382063431105518
Unknown;0.365392692146157;0.2067901234567901;0.3223159790831286
Unknown;0.0099198016039679;-0.5396825396825397;-1.171992845869151
Unknown;0.5578288434231315;-0.1911111111111111;-0.2695088114782332
Unknown;0.0306793864122717;-0.473922902494331;-0.9322950983326488
Unknown;0.0367992640147197;0.4844444444444444;0.9976465462902062
Unknown;0.0807983840323193;0.3492063492063492;0.7422755562374669
Unknown;0.0534389312213755;0.458128078817734;0.739509378239255
High;0.0003599928001439;0.8010204081632653;1.530153368799089
Low;0.0626787464250715;-0.5889724310776943;-0.8158451307004245
Unknown;0.2368752624947501;-0.1736111111111111;-0.5338900323056838
Control;0.0041999160016799;0.6774193548387096;0.9781371963395814
Unknown;0.0017599648007039;-0.7536231884057971;-1.5113338721232568
Unknown;0.3377532449351013;0.0349650349650349;0.3103087540513919
Unknown;0.2300018821757952;-0.3;-0.7053529836166897
Unknown;0.9157816843663128;0.0718954248366013;-0.028244793957062
Unknown;0.9428611427771444;-0.0110294117647058;0.0229979685411337
Medium;0.9443811123777524;-0.0233196159122085;0.0327468827306931
Unknown;0.5541489170216596;0.0072639225181598;0.2508754362518152
Unknown;0.5955480890382192;-0.0798611111111111;-0.2174877736435352
Unknown;0.9995256916996048;0.0476190476190476;-0.0730795578931665
Unknown;0.2179956400871982;0.345679012345679;0.5238724521153757
Unknown;0.0403591928161436;0.4532019704433497;0.8217791964264322
Unknown;0.0004799904001919;0.7506493506493507;1.16629855366812
High;0.0199596008079838;0.4753246753246753;0.8684756996430173
Unknown;0.7323053538929222;0.0408163265306122;0.1663725425400049
Control;0.2197156056878862;-0.1933333333333333;-0.6435022761362218
High;0.0893582128357432;0.4668367346938775;0.7188613832437496
Unknown;0.4071118577628447;-0.41;-0.3517274747095919
Low;0.2850742985140297;0.351063829787234;0.4535352272861001
Medium;0.999820003599928;-0.0442176870748299;0.0464204802320994
Medium;0.0282394352112957;0.4642857142857143;0.8007653095470616
High;0.0820383592328153;0.4679802955665024;0.724248456610774
Unknown;0.985540289194216;-0.088235294117647;-0.0004780397444037
Control;0.0125197496050079;0.5466666666666666;0.859848787780893
High;0.9625007499850003;0.0034013605442176;0.0026207817160206
Low;0.0017599648007039;0.6143790849673203;1.3122542841985578
Unknown;0.2617147657046859;-0.2826086956521739;-0.499553493164343
Unknown;0.5457090858182836;-0.1428571428571428;-0.2265917846334551
Unknown;0.1043179136417271;-0.3617021276595745;-0.7797457756879743
Unknown;0.3313933721325574;-0.2638888888888889;-0.4209363772516563
Unknown;0.0095998080038399;0.46;0.7965509507895576
Unknown;0.2591148177036459;0.2615384615384615;0.5494514903254898
Unknown;0.4019519609607808;-0.2553191489361702;-0.33744393789048
Unknown;0.8881022379552409;0.0476190476190476;0.0684573801107669
Unknown;0.3436731265374692;-0.2198581560283688;-0.4222000858681444
Low;0.0001199976000479;0.7424242424242424;1.406205214182068
Unknown;3.999920001599968e-05;0.7714285714285715;1.4968848249530586
Unknown;0.0047199056018879;0.6761904761904762;1.4819293172770749
Unknown;0.0116397672046559;0.6159420289855072;0.98833734638655
Unknown;0.1392772144557109;0.3133333333333333;0.655388139847855
Medium;0.0447191056178876;0.3856209150326797;0.8778882898760391
Low;3.999920001599968e-05;0.89;1.8977183749727584
Unknown;0.3997120057598848;-0.1666666666666666;-0.3616239127211505
Unknown;0.369552608947821;0.1666666666666666;0.3464283654932024
Control;0.0055598888022239;0.6;1.3056080393777183
Unknown;0.0109597808043839;0.6497695852534562;1.0090503980886096
Unknown;0.0101597968040639;0.4253731343283582;0.7407470955790476
Unknown;0.7645047099058019;0.1259259259259259;0.1516108010117269
Unknown;0.6478270434591308;0.2444444444444444;0.2416951428066255
Control;0.0833183336333273;0.3097826086956521;0.6419180115110302
Unknown;0.1114377712445751;0.4696969696969697;0.5959121018215405
Unknown;0.4859902801943961;-0.2435897435897435;-0.3155478115808577
Unknown;0.3245135097298054;-0.0577777777777777;-0.4722773364991237
Unknown;0.0817583648327033;0.4113475177304964;0.7502032710638367
Unknown;0.5990280194396113;-0.0066666666666666;-0.2339928994948244
Control;0.0004799904001919;0.8104575163398693;1.3302247077877034
Unknown;0.499590008199836;0.282051282051282;0.300709073314515
Unknown;0.7045059098818024;-0.2012048192771084;-0.1264514845171988
Control;0.0598388032239355;0.7111111111111111;0.7622688817365905
Unknown;0.4813503729925401;0.1377551020408163;0.2835065389115073
Unknown;0.8241835163296735;-0.3038961038961039;-0.0356471949203475
Unknown;0.7077858442831143;-0.1439393939393939;-0.1392895149681212
Unknown;0.0916381672366552;-0.3829787234042553;-0.7423133250371928
High;0.1328373432531349;0.4135338345864661;0.5343937305054459
Unknown;0.0192796144077118;-0.7124183006535948;-1.1674770600926228
High;0.8504229915401692;-0.1063829787234042;-0.0502092742399315
Unknown;0.0796384072318553;0.5035460992907801;0.754972180399881
Medium;0.2726345473090538;0.3125;0.4858547530588618
Medium;0.3175936481270374;0.2091836734693877;0.4019158271741771
Unknown;0.0682786344273114;0.0069444444444444;0.8729305933308386
Unknown;0.0435191296174076;0.4375;0.9283852701710932
Unknown;0.0387192256154876;0.4833333333333333;0.8095679901865283
Low;0.0181996360072798;0.8044444444444444;1.135073244783277
Unknown;0.9534609307813844;-0.0283687943262411;-0.0281784624274552
Control;0.0003199936001279;0.7619047619047619;1.4040525155273196
Unknown;0.2869542609147817;-0.2780612244897959;-0.4291968361158846
Unknown;0.4801503969920601;-0.2826086956521739;-0.309653599396445
Unknown;0.3220335593288134;0.1888888888888888;-0.2733692868581359
Unknown;0.119797604047919;-0.3076923076923077;-0.6939935212051054
Low;0.2342353152936941;0.4455128205128205;0.437882424345389
Unknown;0.3026339473210536;-0.1185185185185185;-0.4521765924569167
Medium;0.0006399872002559;0.7142857142857143;0.9858796112096856
Unknown;0.1290774184516309;0.2515723270440251;0.6443378639423749
Unknown;0.0303193936121277;0.5362318840579711;1.0442240721999074
Unknown;0.0853982920341593;0.4057971014492754;0.7841217153707732
Unknown;0.0003999920001599;0.7326388888888888;1.021328994787653
Unknown;0.2563948721025579;-0.572463768115942;-0.4486168467358173
Unknown;0.9501009979800404;0.0428571428571428;-0.0052909086461822
Unknown;0.6082278354432912;-0.1304347826086956;-0.238573410070731
Medium;0.0001199976000479;0.7679924242424242;1.3721031389220038
Control;0.0364392712145757;0.5168831168831168;0.8539549998182449
Control;0.5973880522389552;-0.0802469135802469;0.2709687580085506
Unknown;0.3923921521569569;0.1944444444444444;0.3836660271616561
Unknown;0.8090638187236255;-0.02;0.1244007488172738
Medium;0.0063198736025279;0.6848072562358276;0.8031186972513216
Unknown;0.7725445491090178;-0.0141843971631205;-0.1288691458195731
Unknown;0.0016399672006559;0.7040816326530612;1.03851576249191
Unknown;0.0398792024159516;0.6122448979591837;0.8683353940564467
High;0.6855862882742345;-0.0272108843537414;-0.1714534247890585
Unknown;0.9101017979640408;0.0347222222222222;0.051705146341274
Unknown;0.1713165736685266;0.3472222222222222;0.5897512725922437
Unknown;0.0077598448031039;-0.2295918367346938;-1.3630034619984976
Unknown;0.125277494450111;0.1700680272108843;0.7064919321903644
Unknown;0.5127097458050839;-0.0377358490566037;0.3076678870292491
Unknown;0.0482390352192956;0.5802469135802469;0.8152615317138324
Unknown;0.0062798744025119;0.6487119437939111;0.9717825741687494
Unknown;0.7976240475190496;0.0261437908496732;-0.0902110229346939
Unknown;0.2514349713005739;0.3688888888888889;0.5329024811095026
Unknown;0.7905041899162016;0.0915032679738562;0.0909727240310862
Unknown;0.0275994480110397;0.6977777777777778;1.1166266559762126
Unknown;0.3427931441371172;0.2753623188405797;0.4176057909202976
High;0.0309593808123837;0.5534591194968553;0.8593551032117966
Unknown;0.1826363472730545;-0.3448275862068966;-0.5539538132295578
Unknown;0.0053598928021439;0.6950354609929078;1.3214989249278943
High;0.4464310713785724;0.1909722222222222;0.3395778537026663
Unknown;0.9771404571908562;0.0;0.0186987405874196
Unknown;0.0636387272254555;0.1377551020408163;0.7672670282938286
Unknown;0.2577548449031019;0.0185185185185185;0.4589997830618444
Unknown;0.0003999920001599;0.8288288288288288;1.3445144854612827
Unknown;0.0059998800023999;0.7578616352201258;0.8991020597670834
Unknown;0.9378212435751284;-0.0105820105820105;-0.0154835038277922
Unknown;0.3402731945361092;0.2355555555555555;0.448743290334001
Unknown;0.2183156336873262;-0.3829787234042553;-0.5486269261334175
Unknown;0.7811043779124418;-0.0921985815602836;-0.1243534177813094
Control;0.0258394832103357;0.4326241134751773;0.7676471261032458
Unknown;0.2360752784944301;-0.2888888888888888;-0.5389917022835942
Unknown;0.1297974040519189;0.4285714285714285;0.582297743841137
Unknown;0.370712585748285;-0.2333333333333333;-0.3952084092706179
Unknown;0.368392632147357;-0.1766666666666666;-0.3939542859334529
Unknown;0.0015199696006079;-0.717391304347826;-1.5029051838446403
Unknown;0.0004399912001759;0.6066666666666667;1.0440817455771303
Unknown;0.0055998880022399;0.6402116402116402;1.1499249404228504
Unknown;0.0016399672006559;-0.6231884057971014;-1.7087603618493632
Low;0.1547169056618867;0.3741496598639456;0.6329887374864724
Unknown;0.0154796904061918;0.6454545454545455;1.077304475585349
Unknown;0.0817983640327193;-0.5388471177944862;-0.6969775142876631
Unknown;0.0043999120017599;0.6796536796536796;1.2048289265385388
Unknown;0.9330213395732084;-0.073076923076923;0.0526353692775055
Unknown;0.0250394992100158;-0.574468085106383;-1.05877949540609
Unknown;0.2007159856802864;-0.4030612244897959;-0.5130489064688758
High;0.0273194536109277;-0.2295918367346938;-0.9660277806759348
Unknown;0.0297194056118877;-0.6266666666666667;-1.2110763442297263
Control;0.0015999680006399;0.7185185185185186;1.1635789582399647
Unknown;0.0559988800223995;-0.5259259259259259;-0.901931557168029
Low;0.2247555048899022;0.171912832929782;0.4905588932145065
Unknown;0.2821543569128617;-0.4933333333333333;-0.5185574504241018
Unknown;0.0037199256014879;0.6056338028169014;0.9889197119568994
Unknown;0.0007199856002879;0.7346938775510204;1.4377131329993915
Unknown;7.999840003199936e-05;0.8936170212765957;1.4678791194400906
Unknown;0.2191556168876622;0.4188861985472155;0.4976088224121348
Unknown;0.0144797104057918;0.4792626728110599;0.9264681640028783
Control;0.0384392312153756;-0.3809523809523809;-0.948682165434366
Unknown;0.0010799784004319;-0.6836734693877551;-1.375182145827676
Unknown;0.0109597808043839;-0.4326241134751773;-1.2721351610562783
Unknown;0.118677626447471;-0.4755555555555555;-0.7940706792952378
Unknown;0.0001599968000639;0.8364779874213837;1.2534075521986014
Unknown;0.3172336553268934;0.310657596371882;0.4040146780018107
Control;0.626427471450571;-0.2403100775193798;-0.1836855432403061
Unknown;0.0001599968000639;-0.9185185185185184;-2.3561355233709027
Unknown;0.0310793784124317;0.5308641975308642;0.7546495027255408
Low;0.978340433191336;-0.0962962962962963;0.0276482544300231
Unknown;0.0009199816003679;0.5406976744186046;0.8913914571309696
Unknown;0.2686346273074538;-0.4233333333333333;-0.4876567150528852
Unknown;0.1992360152796944;-0.3875;-0.6158612516781967
Unknown;0.0004799904001919;0.7931034482758621;1.473410928930757
Unknown;0.9617407651846964;0.1733333333333333;0.0070951117159985
Low;0.0727585448291034;0.5673758865248227;0.7017888917511231
Unknown;0.374832503349933;-0.2124183006535947;-0.388872434772373
Unknown;0.0875982480350393;0.3130434782608696;0.468219420092208
Unknown;0.0001199976000479;0.7285714285714285;1.4731299214963465
Unknown;0.0497190056198876;0.6289308176100629;0.7857710854675333
Low;0.9136617267654646;-0.0709219858156028;0.0825146058460763
Unknown;0.0002799944001119;0.7142857142857143;1.3116747718111914
Unknown;0.989860202795944;0.2;0.0145105685509268
Unknown;0.0246395072098558;0.3481481481481481;0.6407040375311978
Unknown;0.2291554168916621;0.28;0.5677056206494813
Unknown;0.0243995120097598;0.4814814814814814;0.927746989904698
Unknown;0.3211935761284774;0.1333333333333333;0.3210446746136372
Unknown;0.1577168456630867;-0.3911111111111111;-0.7498732898322281
Control;7.999840003199936e-05;0.7885802469135802;1.234589779208154
Unknown;0.1587568248635027;-0.5128205128205128;-0.6536416708889722
Unknown;0.8717425651486971;-0.0366666666666666;-0.0682428133645028
Unknown;0.996460070798584;0.0490196078431372;-0.0415783320451396
Unknown;0.2031959360812783;0.3061224489795918;0.5372704014440091
Control;0.0803183936321273;0.4532019704433497;0.7106200082829822
Unknown;0.0136797264054718;0.5550351288056206;0.9671154661787577
Unknown;0.4501509969800604;0.1336146272855133;0.2721457601964948
Unknown;0.9799804003919922;-0.2789115646258503;-0.0499723049479708
Unknown;0.0240795184096318;0.4901960784313725;0.8540076029594659
Unknown;0.1907961840763185;0.1324675324675324;0.494862608128097
Low;0.0299594008119837;0.5751633986928104;0.8505911810216912
Unknown;0.1121177576448471;0.4444444444444444;0.6524465739960669
Unknown;0.4763904721905562;0.1904761904761904;0.2961982399653002
Unknown;0.0022799544009119;-0.6346153846153846;-1.51060188135291
Unknown;0.4875502489950201;-0.1666666666666666;-0.2707774734544378
Unknown;0.753704925901482;0.0534591194968553;0.1499060025783762
Unknown;0.0425191496170076;0.3507462686567164;0.6589718446439534
Unknown;3.999920001599968e-05;0.9166666666666666;1.6123538317683228
Low;0.6915061698766025;0.0168316831683168;0.1474076096321728
Unknown;3.999920001599968e-05;0.8395522388059702;1.7177488155616525
Unknown;0.0051598968020639;0.6918238993710691;1.044343184167963
Unknown;0.1313573728525429;-0.5072463768115942;-0.6705820925587411
Low;0.5312293754124917;0.2040816326530612;0.302011044562612
Unknown;0.0580388392232155;-0.5022222222222222;-0.9721239659186924
Unknown;0.0852782944341113;-0.1527777777777778;-0.879864988355106
Unknown;0.0563988720225595;-0.6;-1.0088410871001583
Unknown;0.1008779824403511;0.3984962406015037;0.6244653789291288
Unknown;0.9036619267614648;-0.427536231884058;-0.075726845144145
Unknown;0.0729985400291994;-0.5111111111111111;-0.8691211937568559
Unknown;3.999920001599968e-05;-0.8357142857142857;-2.086761113522835
Unknown;0.3291134177316454;0.1985815602836879;0.4317081217098193
Unknown;0.0831583368332633;-0.5703703703703704;-0.8663345605817017
Unknown;0.4715105697886042;-0.2592592592592592;-0.3079224862307506
Unknown;0.488990220195596;0.5555555555555556;0.2376450016359464
Unknown;0.0377592448151037;0.46875;0.7894239298018813
Unknown;0.1042379152416951;0.4038461538461538;0.6736321887414166
Unknown;0.0051198976020479;0.610062893081761;1.172691149465978
High;0.0002399952000959;0.7398648648648649;1.3154869796264748
Unknown;0.0115997680046399;0.5579710144927537;0.7020824150691596
Unknown;0.1925161496770064;0.1031746031746031;0.5564506162374419
Unknown;0.2656346873062539;0.0694444444444444;0.4650983777824424
Unknown;0.0032799344013119;0.6349206349206349;1.0624707077956848
Unknown;0.0028399432011359;0.6613756613756614;1.1382417739074215
Unknown;0.0828383432331353;-0.3888888888888889;-0.7793239330874372
Unknown;0.2588348233035339;-0.4693877551020408;-0.5142270831635752
Unknown;0.4247515049699006;0.3525641025641026;0.3367418769171839
Unknown;0.0586388272234555;0.4492753623188406;0.786031581407697
Unknown;0.0015599688006239;0.7065217391304348;1.278064415614259
Unknown;0.25067498650027;-0.2222222222222222;-0.5122658704533435
Control;0.0781184376312473;-0.2346938775510204;-0.7273799133100648
Unknown;0.0039199216015679;-0.644927536231884;-1.2759486756759566
Unknown;0.24507509849803;0.3188405797101449;0.5177960720364654
Unknown;0.0024799504009919;0.8634146341463415;1.5440049503537563
Unknown;0.1429971400571988;0.3055555555555556;0.6507000314187076
Unknown;0.0390792184156316;0.4281914893617021;0.6373936664165706
Unknown;0.5633487330253395;0.1766666666666666;0.2539141711676091
Unknown;0.876302473950521;-0.0212765957446808;0.0708007620433622
Unknown;0.9565808683826325;-0.0507246376811594;-0.0122473420065659
Unknown;0.0149597008059838;-0.5069444444444444;-1.1824350859720367
Unknown;0.8881822363552729;0.0155844155844155;0.0443662414274366
Unknown;0.4697106057878842;-0.1495726495726495;-0.2581124452253574
Unknown;0.1016779664406711;-0.4217687074829932;-0.7344115018953487
Unknown;0.2817543649127017;0.391304347826087;0.4739762466968243
Unknown;0.0049599008019839;-0.5987654320987654;-1.3747098801684374
Unknown;0.0315993680126397;0.3449438202247191;0.6802261796160862
Unknown;0.3931521369572608;0.238095238095238;0.3076082224207982
Unknown;0.0539589208215835;0.387012987012987;0.9652030254797546
Unknown;0.8300633987320254;0.0718954248366013;0.103127350144185
Low;0.9453010939781205;0.0319148936170212;0.0435925652858984
Control;0.6039079218415632;-0.3006535947712418;-0.1392596635977405
Unknown;0.1789164216715665;0.4513888888888889;0.5591443381585258
Unknown;0.4145117097658047;-0.2789855072463768;-0.3531266950551427
Unknown;0.0002399952000959;0.8616352201257862;1.6368360802176771
Unknown;0.0405591888162236;0.4;0.9030836753651944
Unknown;0.2053558928821423;-0.2777777777777778;-0.5845261255753094
Unknown;0.5365892682146357;-0.2347826086956521;-0.2903470517073338
Unknown;0.2307553848923021;0.4577777777777778;0.5751811251645017
Unknown;7.999840003199936e-05;0.6810207336523126;1.306770496105752
Unknown;0.7805043899122017;-0.1285714285714285;-0.1094839683258626
Unknown;0.0295994080118397;0.4420289855072464;0.943254166461152
High;0.4364712705745885;0.0064102564102564;0.3555982428003567
Unknown;0.0982380352392952;-0.4592592592592592;-0.7817626640208495
Unknown;0.0128797424051518;0.7916666666666666;1.4899195394761071
Unknown;0.0109997800043999;0.5714285714285714;0.8135605341673803
Low;0.119597608047839;0.4347826086956521;0.680026542052723
Medium;0.0220795584088318;-0.4470899470899471;-0.9423524336690536
Unknown;0.0001199976000479;0.9047619047619048;2.0159722594496072
Unknown;0.0290394192116157;-0.6195652173913043;-1.020746110565876
Unknown;0.2923941521169577;0.2730496453900709;0.4651007321059995
Unknown;0.0001199976000479;0.7857142857142857;1.309084903334073
Medium;0.4341513169736605;0.1630434782608695;0.300111584262564
Unknown;0.0001199976000479;0.9166666666666666;2.34354064587831
Unknown;0.0670786584268314;0.6354166666666666;0.7654891155727883
Unknown;0.0001199976000479;0.8611111111111112;1.0261979614633456
Unknown;0.0839183216335673;0.2;0.9242229710003804
Unknown;0.6029879402411952;-0.2483660130718954;-0.2178608193613321
Unknown;0.0760784784304313;0.4716981132075472;0.5890500746726636
Control;0.0070798584028319;0.6608695652173913;1.3177926537074371
High;0.0807983840323193;0.6424242424242425;0.7540193220134205
Unknown;0.0123197536049279;0.7845433255269321;0.940730785687048
Medium;0.0013599728005439;0.6084656084656085;1.2242346606491716
Unknown;0.0505589888202235;-0.4679487179487179;-0.8939219981369658
Unknown;0.0244395112097758;-0.4337662337662337;-0.9933777934045988
Unknown;0.0443191136177276;-0.0763888888888889;-1.0505165211718095
Unknown;0.0005599888002239;0.7669753086419753;1.065936593570212
Unknown;0.0003999920001599;-0.8012820512820513;-1.8801203222149807
Unknown;0.0075598488030239;0.7333333333333333;1.193684824618226
Low;0.5400291994160117;0.0262345679012345;0.2254715752367909
Low;0.6823463530729386;-0.2789855072463768;0.2426255588558651
Medium;0.0079598408031839;0.625974025974026;1.0072379726477894
Medium;0.0003999920001599;0.7588652482269503;1.5179064186101152
Unknown;0.0597588048239035;-0.5703703703703704;-0.8990135770326584
Unknown;0.0047199056018879;-0.7511111111111111;-1.782081656357917
Unknown;0.0171596568068638;-0.5733333333333334;-1.1853032798966567
Unknown;0.0005999880002399;0.7973856209150327;1.5985200388201308
Unknown;0.0002799944001119;0.8231292517006803;1.4513308737502244
Unknown;0.0655186896262074;-0.4666666666666667;-0.8245702226672537
Control;0.49855002899942;0.3611111111111111;0.333595218038846
Low;7.999840003199936e-05;0.8692493946731235;1.2250451552785475
Unknown;0.0637187256254874;-0.524822695035461;-0.8520860840050739
Unknown;0.0213195736085278;-0.5178571428571429;-1.0011868622318416
High;0.2667146657066859;0.2530864197530864;0.4780891613564781
Unknown;0.9186616267674648;0.036036036036036;0.0448454427875212
High;0.6283074338513229;-0.0136054421768707;-0.1870099828345707
Unknown;0.3278734425311493;0.1683673469387755;-0.3717121780219148
Unknown;0.0843183136337273;-0.4822695035460992;-0.7962521080117246
Unknown;0.0810383792324153;0.341991341991342;0.5573908053179001
Low;0.2627547449051019;0.2287581699346405;0.4854050556259379
Unknown;0.0010799784004319;-0.5034013605442177;-1.940784153595487
Unknown;0.7131857362852743;-0.1372549019607843;-0.1238921062888636
Unknown;0.3982320353592928;0.1822222222222222;0.3937428067631555
Unknown;0.9286614267714646;0.0;0.0539516548000427
Unknown;0.3252334953300934;0.25;0.440376621422065
Control;0.875582488350233;0.4818401937046004;-0.0052342849913887
Unknown;0.0026399472010559;0.5763888888888888;1.440069697472033
Unknown;0.0007199856002879;-0.8169934640522876;-1.6843633624583758
Unknown;0.1043579128417431;-0.6122448979591837;-0.7667251440213566
Unknown;0.1498370032599348;0.3055555555555556;0.531878866222574
Unknown;0.0002399952000959;0.7023255813953488;1.0804923103762076
Unknown;0.4515909681806364;0.2454545454545454;0.3636035512684161
Control;0.0791984160316793;-0.5396825396825397;-0.7901218052991128
Unknown;0.0006399872002559;0.6984126984126984;1.2976538323264486
Unknown;0.7443851122977541;-0.1377777777777777;-0.1364202676535983
Unknown;0.2346753064938701;0.2789115646258503;0.5077474664140244
Low;0.8284634307313854;0.0036231884057971;-0.0665303737926601
Medium;0.0683586328273434;0.3333333333333333;0.7608051377740164
Unknown;0.2285154296914061;0.4308176100628931;0.5455599444283492
Unknown;0.0039199216015679;0.6090225563909775;1.016360850281344
Unknown;0.120517589648207;-0.3933333333333333;-0.7241750373277376
High;0.4487110257794844;0.0133333333333333;0.3811686155545333
Control;0.0347593048139037;0.5895061728395061;0.7318762449867872
Unknown;0.0553188936221275;-0.5733333333333334;-0.8251336999997283
Unknown;0.2819943601127977;0.1553030303030303;0.4052778774070149
Unknown;0.0286394272114557;-0.5221674876847291;-0.9638049764960728
Unknown;0.0010399792004159;-0.7777777777777778;-1.4678804285116211
Unknown;0.868062638747225;0.0601503759398496;0.0866070007551267
Unknown;0.7257454850902982;0.157051282051282;0.1731473249210127
Unknown;0.1708365832683346;-0.4222222222222222;-0.6851832917886731
Unknown;0.0006799864002719;-0.6467532467532467;-1.6775376646460625
Unknown;0.0003999920001599;-0.8027210884353742;-1.8186488841425084
Unknown;0.5117497650046999;0.191358024691358;0.299669265995278
Unknown;0.0800383992320153;0.5763888888888888;0.8278730595087131
Unknown;0.9724605507889842;-0.0316901408450704;0.030718048870711
Control;0.4053918921621567;0.1987179487179487;0.3685217122140967
Unknown;0.0001599968000639;0.8814814814814815;1.5041678116876556
Unknown;0.0799984000319993;-0.490566037735849;-0.8014969783093924
Control;0.1046379072418551;0.335064935064935;0.6282460814745726
Unknown;0.0391192176156476;0.391025641025641;0.9053717761226208
Control;0.0040399192016159;0.5880952380952381;0.9083629911823928
Medium;0.6571068578628427;-0.2954545454545454;-0.1526562437505512
Unknown;0.0057998840023199;-0.5714285714285714;-1.273493648205997
Unknown;0.9461010779784405;0.0192307692307692;0.0673287957864939
Unknown;0.1627567448651027;0.369047619047619;0.51041325319443
Unknown;0.1432771344573108;0.3061224489795918;0.5955968606866896
Unknown;0.2157956840863182;-0.4444444444444444;-0.5624040302982919
Unknown;0.0291594168116637;0.5303030303030303;0.7641320110420798
Unknown;0.4484710305793884;-0.1981566820276497;-0.300071781995318
Unknown;0.0830783384332313;0.4932614555256064;0.6367595800286262
Unknown;0.0056798864022719;0.6319612590799032;1.1324651547795297
Control;0.5968680626387473;-0.2133333333333333;-0.2168086645839168
Unknown;0.0140397192056158;-0.7955555555555556;-1.4294718331450924
Unknown;0.0065198696026079;-0.572463768115942;-1.335419807908271
Unknown;7.999840003199936e-05;0.903846153846154;1.7942867420820865
Low;0.5513489730205395;-0.368;-0.2358187507217227
Unknown;0.0001599968000639;-0.6289308176100629;-2.277863851114296
Unknown;0.9783004339913202;-0.0921985815602836;0.0030825344966691
Unknown;0.1068778624427511;0.2539682539682539;0.6124250346549035
Unknown;0.3312333753324933;-0.0541871921182266;-0.3942890293821337
Unknown;0.0610387792244155;-0.4625850340136054;-0.824225025261499
Unknown;0.0654386912261754;0.4875283446712018;0.7217357063866691
Unknown;0.3203535929281414;-0.28;-0.4279931258934155
Unknown;0.0631987360252794;0.3622448979591837;0.5962668955642215
Unknown;0.0161596768064638;-0.6622222222222223;-1.286040757569246
Low;0.0219995600087998;0.305952380952381;0.7701392601804008
Unknown;0.0005599888002239;0.9111111111111112;1.7250853812308014
Medium;0.5855482890342193;0.2111111111111111;-0.2454866160542353
Unknown;0.0210795784084318;0.8333333333333334;1.1768391800367397
Low;0.7680646387072259;-0.0137931034482758;0.0961128201648917
Unknown;0.0002399952000959;-0.7922077922077922;-1.6019451117310246
Unknown;0.9839803203935922;0.0127551020408163;0.0102914946786123
Unknown;0.0003599928001439;-0.8866666666666667;-1.7503245535531873
Unknown;0.1911961760764784;0.200501253132832;0.5016398411621835
Unknown;0.0041599168016639;0.644927536231884;1.1841560525092505
Unknown;0.1079578408431831;0.3733333333333333;0.7524630181008235
Unknown;0.6475870482590348;-0.2355555555555555;-0.1910339162759203
Unknown;0.0002399952000959;0.7513227513227513;1.4001278540846716
Low;0.0984780304393912;-0.5644444444444444;-0.8626051377105656
Unknown;0.0355192896142077;-0.4964539007092198;-1.0020312793513144
Unknown;0.0933581328373432;0.5673758865248227;0.7750626606006364
Unknown;0.0664386712265754;-0.4666666666666667;-0.8987598910374122
Unknown;0.8349833003339934;-0.0061728395061728;0.0992703917935145
Unknown;0.0006799864002719;0.8027210884353742;1.538335767311264
Control;0.0107597848043039;0.5534591194968553;1.292515185776735
Unknown;0.1651166976660466;0.2211538461538461;0.5243589117577847
Unknown;0.3188336233275334;-0.3066666666666666;-0.4490949075029338
Medium;0.0110797784044319;0.7948717948717948;1.0498649539858451
Unknown;0.1824363512729745;-0.3972602739726027;-0.4926735628224719
Unknown;0.0415591688166236;-0.5377777777777778;-0.990939499482382
Medium;0.0012399752004959;0.7516339869281046;1.229074477012173
Unknown;0.1493170136597268;0.2952380952380952;0.569320621122336
Unknown;0.0025599488010239;0.7074829931972789;1.2391589100229172
Unknown;0.0451990960180796;-0.4497354497354497;-0.8335999867040398
High;0.1346373072538549;0.2698412698412698;0.6008888681327063
Unknown;0.1463170736585268;-0.1428571428571428;-0.6216197082607022
Unknown;0.0995980080398392;0.4915254237288136;0.6502923004814166
Control;0.3176736465270695;0.369047619047619;0.3782334775309306
Unknown;0.0007999840003199;-0.8461538461538461;-1.5795864039408267
Unknown;0.5670686586268274;0.1732026143790849;0.2262918494152587
Unknown;0.0325593488130237;-0.4818840579710144;-1.0471612746325527
Unknown;0.5806283874322513;0.21;0.2449054612508889
Unknown;0.2093558128837423;0.2533333333333333;0.557591040248897
Unknown;0.0012399752004959;0.6780045351473923;1.0988527510532151
Unknown;0.8513829723405532;0.1772486772486772;-0.0962278306927875
Unknown;7.999840003199936e-05;0.7653061224489796;1.186037795665905
Unknown;0.8379832403351933;0.0070921985815602;0.1031005425984446
Unknown;0.0941581168376632;0.5377777777777778;0.615872540999181
Unknown;0.1385172296554069;-0.4513888888888889;-0.6877991770704877
Unknown;0.256034879302414;-0.3404255319148936;-0.5046742706033256
Unknown;0.1644767104657906;-0.3851851851851852;-0.6168140532867715
Unknown;0.0990380192396152;0.4142857142857143;0.6997124833920002
Unknown;0.5496290074198517;0.1099290780141844;0.2662921721202576
Unknown;0.7753044939101218;-0.1037037037037037;-0.1185791963788274
Unknown;0.4562708745825083;-0.2765957446808511;-0.3399271478544029
Unknown;0.0737585248295034;0.3496503496503496;0.5785105823435734
Unknown;0.0890782184356312;0.3401360544217687;0.8004335388133229
Control;0.0176796464070718;0.6266666666666667;0.951080853183037
Unknown;0.0118797624047519;-0.723404255319149;-1.2239223046732637
Unknown;0.0229195416091678;-0.7888888888888889;-1.5540334098246722
Control;0.0329993400131997;0.3680555555555556;0.8933486228075824
High;0.9736605267894642;0.1045751633986928;0.0104020639771969
Unknown;0.5921081578368432;0.0200501253132832;0.2127613592506577
Unknown;0.0003469010175763;0.9703703703703704;2.38752195988407
Unknown;0.0163996720065598;-0.6879432624113475;-1.1957268510350194
Unknown;0.1414771704565908;0.5434782608695652;0.7027010796415241
Unknown;0.2819943601127977;-0.326797385620915;-0.4315342083350834
Unknown;0.0024399512009759;-0.8472222222222222;-1.6076883334615546
Unknown;0.0010399792004159;0.8222222222222222;1.463255271678523
Unknown;0.5324293514129718;-0.1069182389937107;-0.2600280003921192
Unknown;0.3621127577448451;0.202127659574468;0.4072488376981316
Unknown;0.4466571834992888;0.0555555555555555;0.5374745857102543
Control;0.0040399192016159;0.7704402515723271;0.9927560132843618
